05/06/2026 22:04:02 - INFO - __main__ -   ########## Repeat:0 ##########
05/06/2026 22:04:02 - INFO - utils.trainer -   ***** Running training *****
05/06/2026 22:04:02 - INFO - utils.trainer -     Num examples = 30
05/06/2026 22:04:02 - INFO - utils.trainer -     Num Epochs = 200
05/06/2026 22:04:02 - INFO - utils.trainer -     Total train batch size = 16
05/06/2026 22:04:02 - INFO - utils.trainer -     warmup steps = 400
05/06/2026 22:04:02 - INFO - utils.trainer -     Total optimization steps = 6000
05/06/2026 22:04:02 - INFO - utils.trainer -     Save steps = 200
05/06/2026 22:04:02 - INFO - root -   Parameters [normal] length [53]
05/06/2026 22:04:03 - INFO - utils.trainer -   ***** Running evaluation on test0 dataset *****
05/06/2026 22:04:04 - INFO - utils.trainer -   AUC: 0.77363
05/06/2026 22:04:04 - INFO - utils.trainer -   Accuracy: 0.48718
05/06/2026 22:04:04 - INFO - utils.trainer -   Precision: 0.00000
05/06/2026 22:04:04 - INFO - utils.trainer -   Recall: 0.00000
05/06/2026 22:04:04 - INFO - utils.trainer -   F_score: 0.00000
05/06/2026 22:04:04 - INFO - utils.trainer -   Specificity: 1.00000
05/06/2026 22:04:04 - INFO - utils.trainer -   Sensitivity: 0.00000
05/06/2026 22:04:04 - INFO - utils.trainer -   Loss: 1.92977
05/06/2026 22:04:04 - INFO - utils.trainer -    Train loss: 0.47090, Test loss: 1.92977,Epoch time = 1.451s
05/06/2026 22:04:04 - INFO - utils.trainer -   Saving model checkpoint to output_dir/CEEDNet
05/06/2026 22:04:05 - INFO - utils.trainer -   ***** Running evaluation on test0 dataset *****
05/06/2026 22:04:06 - INFO - utils.trainer -   AUC: 0.81982
05/06/2026 22:04:06 - INFO - utils.trainer -   Accuracy: 0.48718
05/06/2026 22:04:06 - INFO - utils.trainer -   Precision: 0.00000
05/06/2026 22:04:06 - INFO - utils.trainer -   Recall: 0.00000
05/06/2026 22:04:06 - INFO - utils.trainer -   F_score: 0.00000
05/06/2026 22:04:06 - INFO - utils.trainer -   Specificity: 1.00000
05/06/2026 22:04:06 - INFO - utils.trainer -   Sensitivity: 0.00000
05/06/2026 22:04:06 - INFO - utils.trainer -   Loss: 1.14214
05/06/2026 22:04:06 - INFO - utils.trainer -    Train loss: 0.19634, Test loss: 1.14214,Epoch time = 1.097s
05/06/2026 22:04:06 - INFO - utils.trainer -   Saving model checkpoint to output_dir/CEEDNet
05/06/2026 22:04:07 - INFO - utils.trainer -   ***** Running evaluation on test0 dataset *****
05/06/2026 22:04:07 - INFO - utils.trainer -   AUC: 0.94683
05/06/2026 22:04:07 - INFO - utils.trainer -   Accuracy: 0.50183
05/06/2026 22:04:07 - INFO - utils.trainer -   Precision: 1.00000
05/06/2026 22:04:07 - INFO - utils.trainer -   Recall: 0.02857
05/06/2026 22:04:07 - INFO - utils.trainer -   F_score: 0.05556
05/06/2026 22:04:07 - INFO - utils.trainer -   Specificity: 1.00000
05/06/2026 22:04:07 - INFO - utils.trainer -   Sensitivity: 0.02857
05/06/2026 22:04:07 - INFO - utils.trainer -   Loss: 0.68597
05/06/2026 22:04:07 - INFO - utils.trainer -    Train loss: 0.18807, Test loss: 0.68597,Epoch time = 0.997s
05/06/2026 22:04:08 - INFO - utils.trainer -   Saving model checkpoint to output_dir/CEEDNet
05/06/2026 22:04:09 - INFO - utils.trainer -   ***** Running evaluation on test0 dataset *****
05/06/2026 22:04:09 - INFO - utils.trainer -   AUC: 1.00000
05/06/2026 22:04:09 - INFO - utils.trainer -   Accuracy: 0.96703
05/06/2026 22:04:09 - INFO - utils.trainer -   Precision: 0.93960
05/06/2026 22:04:09 - INFO - utils.trainer -   Recall: 1.00000
05/06/2026 22:04:09 - INFO - utils.trainer -   F_score: 0.96886
05/06/2026 22:04:09 - INFO - utils.trainer -   Specificity: 0.93233
05/06/2026 22:04:09 - INFO - utils.trainer -   Sensitivity: 1.00000
05/06/2026 22:04:09 - INFO - utils.trainer -   Loss: 0.08633
05/06/2026 22:04:09 - INFO - utils.trainer -    Train loss: 0.24396, Test loss: 0.08633,Epoch time = 1.136s
05/06/2026 22:04:10 - INFO - utils.trainer -   Saving model checkpoint to output_dir/CEEDNet
05/06/2026 22:04:11 - INFO - utils.trainer -   ***** Running evaluation on test0 dataset *****
05/06/2026 22:04:11 - INFO - utils.trainer -   AUC: 0.98206
05/06/2026 22:04:11 - INFO - utils.trainer -   Accuracy: 0.92674
05/06/2026 22:04:11 - INFO - utils.trainer -   Precision: 0.87500
05/06/2026 22:04:11 - INFO - utils.trainer -   Recall: 1.00000
05/06/2026 22:04:11 - INFO - utils.trainer -   F_score: 0.93333
05/06/2026 22:04:11 - INFO - utils.trainer -   Specificity: 0.84962
05/06/2026 22:04:11 - INFO - utils.trainer -   Sensitivity: 1.00000
05/06/2026 22:04:11 - INFO - utils.trainer -   Loss: 0.23964
05/06/2026 22:04:11 - INFO - utils.trainer -    Train loss: 0.10703, Test loss: 0.23964,Epoch time = 1.146s
05/06/2026 22:04:12 - INFO - utils.trainer -   ***** Running evaluation on test0 dataset *****
05/06/2026 22:04:13 - INFO - utils.trainer -   AUC: 1.00000
05/06/2026 22:04:13 - INFO - utils.trainer -   Accuracy: 0.99267
05/06/2026 22:04:13 - INFO - utils.trainer -   Precision: 0.98592
05/06/2026 22:04:13 - INFO - utils.trainer -   Recall: 1.00000
05/06/2026 22:04:13 - INFO - utils.trainer -   F_score: 0.99291
05/06/2026 22:04:13 - INFO - utils.trainer -   Specificity: 0.98496
05/06/2026 22:04:13 - INFO - utils.trainer -   Sensitivity: 1.00000
05/06/2026 22:04:13 - INFO - utils.trainer -   Loss: 0.04113
05/06/2026 22:04:13 - INFO - utils.trainer -    Train loss: 0.05680, Test loss: 0.04113,Epoch time = 0.982s
05/06/2026 22:04:13 - INFO - utils.trainer -   Saving model checkpoint to output_dir/CEEDNet
05/06/2026 22:04:14 - INFO - utils.trainer -   ***** Running evaluation on test0 dataset *****
05/06/2026 22:04:15 - INFO - utils.trainer -   AUC: 0.99597
05/06/2026 22:04:15 - INFO - utils.trainer -   Accuracy: 0.94505
05/06/2026 22:04:15 - INFO - utils.trainer -   Precision: 0.99213
05/06/2026 22:04:15 - INFO - utils.trainer -   Recall: 0.90000
05/06/2026 22:04:15 - INFO - utils.trainer -   F_score: 0.94382
05/06/2026 22:04:15 - INFO - utils.trainer -   Specificity: 0.99248
05/06/2026 22:04:15 - INFO - utils.trainer -   Sensitivity: 0.90000
05/06/2026 22:04:15 - INFO - utils.trainer -   Loss: 0.16487
05/06/2026 22:04:15 - INFO - utils.trainer -    Train loss: 0.09018, Test loss: 0.16487,Epoch time = 1.342s
05/06/2026 22:04:16 - INFO - utils.trainer -   ***** Running evaluation on test0 dataset *****
05/06/2026 22:04:17 - INFO - utils.trainer -   AUC: 0.99850
05/06/2026 22:04:17 - INFO - utils.trainer -   Accuracy: 0.90476
05/06/2026 22:04:17 - INFO - utils.trainer -   Precision: 1.00000
05/06/2026 22:04:17 - INFO - utils.trainer -   Recall: 0.81429
05/06/2026 22:04:17 - INFO - utils.trainer -   F_score: 0.89764
05/06/2026 22:04:17 - INFO - utils.trainer -   Specificity: 1.00000
05/06/2026 22:04:17 - INFO - utils.trainer -   Sensitivity: 0.81429
05/06/2026 22:04:17 - INFO - utils.trainer -   Loss: 0.18475
05/06/2026 22:04:17 - INFO - utils.trainer -    Train loss: 0.03274, Test loss: 0.18475,Epoch time = 1.057s
05/06/2026 22:04:18 - INFO - utils.trainer -   ***** Running evaluation on test0 dataset *****
05/06/2026 22:04:19 - INFO - utils.trainer -   AUC: 1.00000
05/06/2026 22:04:19 - INFO - utils.trainer -   Accuracy: 1.00000
05/06/2026 22:04:19 - INFO - utils.trainer -   Precision: 1.00000
05/06/2026 22:04:19 - INFO - utils.trainer -   Recall: 1.00000
05/06/2026 22:04:19 - INFO - utils.trainer -   F_score: 1.00000
05/06/2026 22:04:19 - INFO - utils.trainer -   Specificity: 1.00000
05/06/2026 22:04:19 - INFO - utils.trainer -   Sensitivity: 1.00000
05/06/2026 22:04:19 - INFO - utils.trainer -   Loss: 0.08238
05/06/2026 22:04:19 - INFO - utils.trainer -    Train loss: 0.05501, Test loss: 0.08238,Epoch time = 1.154s
05/06/2026 22:04:19 - INFO - utils.trainer -   Saving model checkpoint to output_dir/CEEDNet
05/06/2026 22:04:20 - INFO - utils.trainer -   ***** Running evaluation on test0 dataset *****
05/06/2026 22:04:20 - INFO - utils.trainer -   AUC: 0.99968
05/06/2026 22:04:20 - INFO - utils.trainer -   Accuracy: 0.48718
05/06/2026 22:04:20 - INFO - utils.trainer -   Precision: 0.00000
05/06/2026 22:04:20 - INFO - utils.trainer -   Recall: 0.00000
05/06/2026 22:04:20 - INFO - utils.trainer -   F_score: 0.00000
05/06/2026 22:04:20 - INFO - utils.trainer -   Specificity: 1.00000
05/06/2026 22:04:20 - INFO - utils.trainer -   Sensitivity: 0.00000
05/06/2026 22:04:20 - INFO - utils.trainer -   Loss: 0.48520
05/06/2026 22:04:20 - INFO - utils.trainer -    Train loss: 0.03565, Test loss: 0.48520,Epoch time = 1.097s
05/06/2026 22:04:22 - INFO - utils.trainer -   ***** Running evaluation on test0 dataset *****
05/06/2026 22:04:22 - INFO - utils.trainer -   AUC: 0.81195
05/06/2026 22:04:22 - INFO - utils.trainer -   Accuracy: 0.79487
05/06/2026 22:04:22 - INFO - utils.trainer -   Precision: 0.82812
05/06/2026 22:04:22 - INFO - utils.trainer -   Recall: 0.75714
05/06/2026 22:04:22 - INFO - utils.trainer -   F_score: 0.79104
05/06/2026 22:04:22 - INFO - utils.trainer -   Specificity: 0.83459
05/06/2026 22:04:22 - INFO - utils.trainer -   Sensitivity: 0.75714
05/06/2026 22:04:22 - INFO - utils.trainer -   Loss: 0.92440
05/06/2026 22:04:22 - INFO - utils.trainer -    Train loss: 0.11451, Test loss: 0.92440,Epoch time = 1.112s
05/06/2026 22:04:23 - INFO - utils.trainer -   ***** Running evaluation on test0 dataset *****
05/06/2026 22:04:24 - INFO - utils.trainer -   AUC: 0.98308
05/06/2026 22:04:24 - INFO - utils.trainer -   Accuracy: 0.88278
05/06/2026 22:04:24 - INFO - utils.trainer -   Precision: 0.95763
05/06/2026 22:04:24 - INFO - utils.trainer -   Recall: 0.80714
05/06/2026 22:04:24 - INFO - utils.trainer -   F_score: 0.87597
05/06/2026 22:04:24 - INFO - utils.trainer -   Specificity: 0.96241
05/06/2026 22:04:24 - INFO - utils.trainer -   Sensitivity: 0.80714
05/06/2026 22:04:24 - INFO - utils.trainer -   Loss: 0.16682
05/06/2026 22:04:24 - INFO - utils.trainer -    Train loss: 0.07953, Test loss: 0.16682,Epoch time = 1.111s
05/06/2026 22:04:25 - INFO - utils.trainer -   ***** Running evaluation on test0 dataset *****
05/06/2026 22:04:26 - INFO - utils.trainer -   AUC: 0.99721
05/06/2026 22:04:26 - INFO - utils.trainer -   Accuracy: 0.86081
05/06/2026 22:04:26 - INFO - utils.trainer -   Precision: 1.00000
05/06/2026 22:04:26 - INFO - utils.trainer -   Recall: 0.72857
05/06/2026 22:04:26 - INFO - utils.trainer -   F_score: 0.84298
05/06/2026 22:04:26 - INFO - utils.trainer -   Specificity: 1.00000
05/06/2026 22:04:26 - INFO - utils.trainer -   Sensitivity: 0.72857
05/06/2026 22:04:26 - INFO - utils.trainer -   Loss: 0.33906
05/06/2026 22:04:26 - INFO - utils.trainer -    Train loss: 0.03887, Test loss: 0.33906,Epoch time = 0.998s
05/06/2026 22:04:27 - INFO - utils.trainer -   ***** Running evaluation on test0 dataset *****
05/06/2026 22:04:28 - INFO - utils.trainer -   AUC: 0.89973
05/06/2026 22:04:28 - INFO - utils.trainer -   Accuracy: 0.48718
05/06/2026 22:04:28 - INFO - utils.trainer -   Precision: 0.00000
05/06/2026 22:04:28 - INFO - utils.trainer -   Recall: 0.00000
05/06/2026 22:04:28 - INFO - utils.trainer -   F_score: 0.00000
05/06/2026 22:04:28 - INFO - utils.trainer -   Specificity: 1.00000
05/06/2026 22:04:28 - INFO - utils.trainer -   Sensitivity: 0.00000
05/06/2026 22:04:28 - INFO - utils.trainer -   Loss: 0.54765
05/06/2026 22:04:28 - INFO - utils.trainer -    Train loss: 0.04326, Test loss: 0.54765,Epoch time = 1.253s
05/06/2026 22:04:29 - INFO - utils.trainer -   ***** Running evaluation on test0 dataset *****
05/06/2026 22:04:30 - INFO - utils.trainer -   AUC: 0.98792
05/06/2026 22:04:30 - INFO - utils.trainer -   Accuracy: 0.48718
05/06/2026 22:04:30 - INFO - utils.trainer -   Precision: 0.00000
05/06/2026 22:04:30 - INFO - utils.trainer -   Recall: 0.00000
05/06/2026 22:04:30 - INFO - utils.trainer -   F_score: 0.00000
05/06/2026 22:04:30 - INFO - utils.trainer -   Specificity: 1.00000
05/06/2026 22:04:30 - INFO - utils.trainer -   Sensitivity: 0.00000
05/06/2026 22:04:30 - INFO - utils.trainer -   Loss: 0.59500
05/06/2026 22:04:30 - INFO - utils.trainer -    Train loss: 0.03178, Test loss: 0.59500,Epoch time = 1.085s
05/06/2026 22:04:31 - INFO - utils.trainer -   ***** Running evaluation on test0 dataset *****
05/06/2026 22:04:32 - INFO - utils.trainer -   AUC: 0.99033
05/06/2026 22:04:32 - INFO - utils.trainer -   Accuracy: 0.96337
05/06/2026 22:04:32 - INFO - utils.trainer -   Precision: 0.93333
05/06/2026 22:04:32 - INFO - utils.trainer -   Recall: 1.00000
05/06/2026 22:04:32 - INFO - utils.trainer -   F_score: 0.96552
05/06/2026 22:04:32 - INFO - utils.trainer -   Specificity: 0.92481
05/06/2026 22:04:32 - INFO - utils.trainer -   Sensitivity: 1.00000
05/06/2026 22:04:32 - INFO - utils.trainer -   Loss: 0.14732
05/06/2026 22:04:32 - INFO - utils.trainer -    Train loss: 0.03303, Test loss: 0.14732,Epoch time = 1.222s
05/06/2026 22:04:33 - INFO - utils.trainer -   ***** Running evaluation on test0 dataset *****
05/06/2026 22:04:33 - INFO - utils.trainer -   AUC: 0.99055
05/06/2026 22:04:33 - INFO - utils.trainer -   Accuracy: 0.89377
05/06/2026 22:04:33 - INFO - utils.trainer -   Precision: 1.00000
05/06/2026 22:04:33 - INFO - utils.trainer -   Recall: 0.79286
05/06/2026 22:04:33 - INFO - utils.trainer -   F_score: 0.88446
05/06/2026 22:04:33 - INFO - utils.trainer -   Specificity: 1.00000
05/06/2026 22:04:33 - INFO - utils.trainer -   Sensitivity: 0.79286
05/06/2026 22:04:33 - INFO - utils.trainer -   Loss: 0.23760
05/06/2026 22:04:33 - INFO - utils.trainer -    Train loss: 0.02944, Test loss: 0.23760,Epoch time = 1.063s
05/06/2026 22:04:35 - INFO - utils.trainer -   ***** Running evaluation on test0 dataset *****
05/06/2026 22:04:35 - INFO - utils.trainer -   AUC: 0.81799
05/06/2026 22:04:35 - INFO - utils.trainer -   Accuracy: 0.79487
05/06/2026 22:04:35 - INFO - utils.trainer -   Precision: 0.77632
05/06/2026 22:04:35 - INFO - utils.trainer -   Recall: 0.84286
05/06/2026 22:04:35 - INFO - utils.trainer -   F_score: 0.80822
05/06/2026 22:04:35 - INFO - utils.trainer -   Specificity: 0.74436
05/06/2026 22:04:35 - INFO - utils.trainer -   Sensitivity: 0.84286
05/06/2026 22:04:35 - INFO - utils.trainer -   Loss: 1.20231
05/06/2026 22:04:35 - INFO - utils.trainer -    Train loss: 0.09478, Test loss: 1.20231,Epoch time = 1.151s
05/06/2026 22:04:37 - INFO - utils.trainer -   ***** Running evaluation on test0 dataset *****
05/06/2026 22:04:37 - INFO - utils.trainer -   AUC: 0.98163
05/06/2026 22:04:37 - INFO - utils.trainer -   Accuracy: 0.86813
05/06/2026 22:04:37 - INFO - utils.trainer -   Precision: 0.97273
05/06/2026 22:04:37 - INFO - utils.trainer -   Recall: 0.76429
05/06/2026 22:04:37 - INFO - utils.trainer -   F_score: 0.85600
05/06/2026 22:04:37 - INFO - utils.trainer -   Specificity: 0.97744
05/06/2026 22:04:37 - INFO - utils.trainer -   Sensitivity: 0.76429
05/06/2026 22:04:37 - INFO - utils.trainer -   Loss: 0.28530
05/06/2026 22:04:37 - INFO - utils.trainer -    Train loss: 0.03942, Test loss: 0.28530,Epoch time = 1.142s
05/06/2026 22:04:39 - INFO - utils.trainer -   ***** Running evaluation on test0 dataset *****
05/06/2026 22:04:39 - INFO - utils.trainer -   AUC: 0.99823
05/06/2026 22:04:39 - INFO - utils.trainer -   Accuracy: 0.48718
05/06/2026 22:04:39 - INFO - utils.trainer -   Precision: 0.00000
05/06/2026 22:04:39 - INFO - utils.trainer -   Recall: 0.00000
05/06/2026 22:04:39 - INFO - utils.trainer -   F_score: 0.00000
05/06/2026 22:04:39 - INFO - utils.trainer -   Specificity: 1.00000
05/06/2026 22:04:39 - INFO - utils.trainer -   Sensitivity: 0.00000
05/06/2026 22:04:39 - INFO - utils.trainer -   Loss: 0.78019
05/06/2026 22:04:39 - INFO - utils.trainer -    Train loss: 0.01291, Test loss: 0.78019,Epoch time = 1.113s
05/06/2026 22:04:41 - INFO - utils.trainer -   ***** Running evaluation on test0 dataset *****
05/06/2026 22:04:42 - INFO - utils.trainer -   AUC: 0.95140
05/06/2026 22:04:42 - INFO - utils.trainer -   Accuracy: 0.85714
05/06/2026 22:04:42 - INFO - utils.trainer -   Precision: 0.86331
05/06/2026 22:04:42 - INFO - utils.trainer -   Recall: 0.85714
05/06/2026 22:04:42 - INFO - utils.trainer -   F_score: 0.86022
05/06/2026 22:04:42 - INFO - utils.trainer -   Specificity: 0.85714
05/06/2026 22:04:42 - INFO - utils.trainer -   Sensitivity: 0.85714
05/06/2026 22:04:42 - INFO - utils.trainer -   Loss: 0.53196
05/06/2026 22:04:42 - INFO - utils.trainer -    Train loss: 0.01777, Test loss: 0.53196,Epoch time = 1.347s
05/06/2026 22:04:43 - INFO - utils.trainer -   ***** Running evaluation on test0 dataset *****
05/06/2026 22:04:44 - INFO - utils.trainer -   AUC: 0.92975
05/06/2026 22:04:44 - INFO - utils.trainer -   Accuracy: 0.86813
05/06/2026 22:04:44 - INFO - utils.trainer -   Precision: 1.00000
05/06/2026 22:04:44 - INFO - utils.trainer -   Recall: 0.74286
05/06/2026 22:04:44 - INFO - utils.trainer -   F_score: 0.85246
05/06/2026 22:04:44 - INFO - utils.trainer -   Specificity: 1.00000
05/06/2026 22:04:44 - INFO - utils.trainer -   Sensitivity: 0.74286
05/06/2026 22:04:44 - INFO - utils.trainer -   Loss: 0.68886
05/06/2026 22:04:44 - INFO - utils.trainer -    Train loss: 0.07930, Test loss: 0.68886,Epoch time = 1.245s
05/06/2026 22:04:45 - INFO - utils.trainer -   ***** Running evaluation on test0 dataset *****
05/06/2026 22:04:46 - INFO - utils.trainer -   AUC: 0.97863
05/06/2026 22:04:46 - INFO - utils.trainer -   Accuracy: 0.84982
05/06/2026 22:04:46 - INFO - utils.trainer -   Precision: 0.93043
05/06/2026 22:04:46 - INFO - utils.trainer -   Recall: 0.76429
05/06/2026 22:04:46 - INFO - utils.trainer -   F_score: 0.83922
05/06/2026 22:04:46 - INFO - utils.trainer -   Specificity: 0.93985
05/06/2026 22:04:46 - INFO - utils.trainer -   Sensitivity: 0.76429
05/06/2026 22:04:46 - INFO - utils.trainer -   Loss: 0.25931
05/06/2026 22:04:46 - INFO - utils.trainer -    Train loss: 0.03794, Test loss: 0.25931,Epoch time = 1.334s
05/06/2026 22:04:47 - INFO - utils.trainer -   ***** Running evaluation on test0 dataset *****
05/06/2026 22:04:48 - INFO - utils.trainer -   AUC: 0.98534
05/06/2026 22:04:48 - INFO - utils.trainer -   Accuracy: 0.87179
05/06/2026 22:04:48 - INFO - utils.trainer -   Precision: 0.99065
05/06/2026 22:04:48 - INFO - utils.trainer -   Recall: 0.75714
05/06/2026 22:04:48 - INFO - utils.trainer -   F_score: 0.85830
05/06/2026 22:04:48 - INFO - utils.trainer -   Specificity: 0.99248
05/06/2026 22:04:48 - INFO - utils.trainer -   Sensitivity: 0.75714
05/06/2026 22:04:48 - INFO - utils.trainer -   Loss: 0.28841
05/06/2026 22:04:48 - INFO - utils.trainer -    Train loss: 0.05048, Test loss: 0.28841,Epoch time = 1.322s
05/06/2026 22:04:49 - INFO - utils.trainer -   ***** Running evaluation on test0 dataset *****
05/06/2026 22:04:50 - INFO - utils.trainer -   AUC: 0.99952
05/06/2026 22:04:50 - INFO - utils.trainer -   Accuracy: 0.87546
05/06/2026 22:04:50 - INFO - utils.trainer -   Precision: 1.00000
05/06/2026 22:04:50 - INFO - utils.trainer -   Recall: 0.75714
05/06/2026 22:04:50 - INFO - utils.trainer -   F_score: 0.86179
05/06/2026 22:04:50 - INFO - utils.trainer -   Specificity: 1.00000
05/06/2026 22:04:50 - INFO - utils.trainer -   Sensitivity: 0.75714
05/06/2026 22:04:50 - INFO - utils.trainer -   Loss: 0.29882
05/06/2026 22:04:50 - INFO - utils.trainer -    Train loss: 0.03787, Test loss: 0.29882,Epoch time = 1.370s
05/06/2026 22:04:52 - INFO - utils.trainer -   ***** Running evaluation on test0 dataset *****
05/06/2026 22:04:53 - INFO - utils.trainer -   AUC: 1.00000
05/06/2026 22:04:53 - INFO - utils.trainer -   Accuracy: 0.88645
05/06/2026 22:04:53 - INFO - utils.trainer -   Precision: 1.00000
05/06/2026 22:04:53 - INFO - utils.trainer -   Recall: 0.77857
05/06/2026 22:04:53 - INFO - utils.trainer -   F_score: 0.87550
05/06/2026 22:04:53 - INFO - utils.trainer -   Specificity: 1.00000
05/06/2026 22:04:53 - INFO - utils.trainer -   Sensitivity: 0.77857
05/06/2026 22:04:53 - INFO - utils.trainer -   Loss: 0.22900
05/06/2026 22:04:53 - INFO - utils.trainer -    Train loss: 0.01759, Test loss: 0.22900,Epoch time = 1.430s
05/06/2026 22:04:54 - INFO - utils.trainer -   ***** Running evaluation on test0 dataset *****
05/06/2026 22:04:55 - INFO - utils.trainer -   AUC: 0.97033
05/06/2026 22:04:55 - INFO - utils.trainer -   Accuracy: 0.88278
05/06/2026 22:04:55 - INFO - utils.trainer -   Precision: 0.89706
05/06/2026 22:04:55 - INFO - utils.trainer -   Recall: 0.87143
05/06/2026 22:04:55 - INFO - utils.trainer -   F_score: 0.88406
05/06/2026 22:04:55 - INFO - utils.trainer -   Specificity: 0.89474
05/06/2026 22:04:55 - INFO - utils.trainer -   Sensitivity: 0.87143
05/06/2026 22:04:55 - INFO - utils.trainer -   Loss: 0.36703
05/06/2026 22:04:55 - INFO - utils.trainer -    Train loss: 0.03417, Test loss: 0.36703,Epoch time = 1.525s
05/06/2026 22:04:56 - INFO - utils.trainer -   ***** Running evaluation on test0 dataset *****
05/06/2026 22:04:57 - INFO - utils.trainer -   AUC: 0.99382
05/06/2026 22:04:57 - INFO - utils.trainer -   Accuracy: 0.92674
05/06/2026 22:04:57 - INFO - utils.trainer -   Precision: 0.98387
05/06/2026 22:04:57 - INFO - utils.trainer -   Recall: 0.87143
05/06/2026 22:04:57 - INFO - utils.trainer -   F_score: 0.92424
05/06/2026 22:04:57 - INFO - utils.trainer -   Specificity: 0.98496
05/06/2026 22:04:57 - INFO - utils.trainer -   Sensitivity: 0.87143
05/06/2026 22:04:57 - INFO - utils.trainer -   Loss: 0.14317
05/06/2026 22:04:57 - INFO - utils.trainer -    Train loss: 0.01621, Test loss: 0.14317,Epoch time = 1.170s
05/06/2026 22:04:58 - INFO - utils.trainer -   ***** Running evaluation on test0 dataset *****
05/06/2026 22:04:59 - INFO - utils.trainer -   AUC: 0.99957
05/06/2026 22:04:59 - INFO - utils.trainer -   Accuracy: 0.88278
05/06/2026 22:04:59 - INFO - utils.trainer -   Precision: 1.00000
05/06/2026 22:04:59 - INFO - utils.trainer -   Recall: 0.77143
05/06/2026 22:04:59 - INFO - utils.trainer -   F_score: 0.87097
05/06/2026 22:04:59 - INFO - utils.trainer -   Specificity: 1.00000
05/06/2026 22:04:59 - INFO - utils.trainer -   Sensitivity: 0.77143
05/06/2026 22:04:59 - INFO - utils.trainer -   Loss: 0.24084
05/06/2026 22:04:59 - INFO - utils.trainer -    Train loss: 0.05619, Test loss: 0.24084,Epoch time = 1.224s
05/06/2026 22:05:00 - INFO - utils.trainer -   ***** Running evaluation on test0 dataset *****
05/06/2026 22:05:01 - INFO - utils.trainer -   AUC: 0.99436
05/06/2026 22:05:01 - INFO - utils.trainer -   Accuracy: 0.92308
05/06/2026 22:05:01 - INFO - utils.trainer -   Precision: 0.97600
05/06/2026 22:05:01 - INFO - utils.trainer -   Recall: 0.87143
05/06/2026 22:05:01 - INFO - utils.trainer -   F_score: 0.92075
05/06/2026 22:05:01 - INFO - utils.trainer -   Specificity: 0.97744
05/06/2026 22:05:01 - INFO - utils.trainer -   Sensitivity: 0.87143
05/06/2026 22:05:01 - INFO - utils.trainer -   Loss: 0.13123
05/06/2026 22:05:01 - INFO - utils.trainer -    Train loss: 0.00883, Test loss: 0.13123,Epoch time = 1.190s
05/06/2026 22:05:02 - INFO - utils.trainer -   ***** Running evaluation on test0 dataset *****
05/06/2026 22:05:03 - INFO - utils.trainer -   AUC: 0.99377
05/06/2026 22:05:03 - INFO - utils.trainer -   Accuracy: 0.93040
05/06/2026 22:05:03 - INFO - utils.trainer -   Precision: 0.98400
05/06/2026 22:05:03 - INFO - utils.trainer -   Recall: 0.87857
05/06/2026 22:05:03 - INFO - utils.trainer -   F_score: 0.92830
05/06/2026 22:05:03 - INFO - utils.trainer -   Specificity: 0.98496
05/06/2026 22:05:03 - INFO - utils.trainer -   Sensitivity: 0.87857
05/06/2026 22:05:03 - INFO - utils.trainer -   Loss: 0.12130
05/06/2026 22:05:03 - INFO - utils.trainer -    Train loss: 0.01802, Test loss: 0.12130,Epoch time = 1.589s
05/06/2026 22:05:05 - INFO - utils.trainer -   ***** Running evaluation on test0 dataset *****
05/06/2026 22:05:05 - INFO - utils.trainer -   AUC: 1.00000
05/06/2026 22:05:05 - INFO - utils.trainer -   Accuracy: 0.94872
05/06/2026 22:05:05 - INFO - utils.trainer -   Precision: 1.00000
05/06/2026 22:05:05 - INFO - utils.trainer -   Recall: 0.90000
05/06/2026 22:05:05 - INFO - utils.trainer -   F_score: 0.94737
05/06/2026 22:05:05 - INFO - utils.trainer -   Specificity: 1.00000
05/06/2026 22:05:05 - INFO - utils.trainer -   Sensitivity: 0.90000
05/06/2026 22:05:05 - INFO - utils.trainer -   Loss: 0.05445
05/06/2026 22:05:05 - INFO - utils.trainer -    Train loss: 0.03144, Test loss: 0.05445,Epoch time = 1.366s
05/06/2026 22:05:07 - INFO - utils.trainer -   ***** Running evaluation on test0 dataset *****
05/06/2026 22:05:07 - INFO - utils.trainer -   AUC: 1.00000
05/06/2026 22:05:07 - INFO - utils.trainer -   Accuracy: 1.00000
05/06/2026 22:05:07 - INFO - utils.trainer -   Precision: 1.00000
05/06/2026 22:05:07 - INFO - utils.trainer -   Recall: 1.00000
05/06/2026 22:05:07 - INFO - utils.trainer -   F_score: 1.00000
05/06/2026 22:05:07 - INFO - utils.trainer -   Specificity: 1.00000
05/06/2026 22:05:07 - INFO - utils.trainer -   Sensitivity: 1.00000
05/06/2026 22:05:07 - INFO - utils.trainer -   Loss: 0.07424
05/06/2026 22:05:07 - INFO - utils.trainer -    Train loss: 0.01488, Test loss: 0.07424,Epoch time = 1.338s
05/06/2026 22:05:08 - INFO - utils.trainer -   Saving model checkpoint to output_dir/CEEDNet
05/06/2026 22:05:09 - INFO - utils.trainer -   ***** Running evaluation on test0 dataset *****
05/06/2026 22:05:10 - INFO - utils.trainer -   AUC: 0.99409
05/06/2026 22:05:10 - INFO - utils.trainer -   Accuracy: 0.91941
05/06/2026 22:05:10 - INFO - utils.trainer -   Precision: 1.00000
05/06/2026 22:05:10 - INFO - utils.trainer -   Recall: 0.84286
05/06/2026 22:05:10 - INFO - utils.trainer -   F_score: 0.91473
05/06/2026 22:05:10 - INFO - utils.trainer -   Specificity: 1.00000
05/06/2026 22:05:10 - INFO - utils.trainer -   Sensitivity: 0.84286
05/06/2026 22:05:10 - INFO - utils.trainer -   Loss: 0.42861
05/06/2026 22:05:10 - INFO - utils.trainer -    Train loss: 0.02524, Test loss: 0.42861,Epoch time = 1.216s
05/06/2026 22:05:11 - INFO - utils.trainer -   ***** Running evaluation on test0 dataset *****
05/06/2026 22:05:12 - INFO - utils.trainer -   AUC: 0.99560
05/06/2026 22:05:12 - INFO - utils.trainer -   Accuracy: 0.93407
05/06/2026 22:05:12 - INFO - utils.trainer -   Precision: 1.00000
05/06/2026 22:05:12 - INFO - utils.trainer -   Recall: 0.87143
05/06/2026 22:05:12 - INFO - utils.trainer -   F_score: 0.93130
05/06/2026 22:05:12 - INFO - utils.trainer -   Specificity: 1.00000
05/06/2026 22:05:12 - INFO - utils.trainer -   Sensitivity: 0.87143
05/06/2026 22:05:12 - INFO - utils.trainer -   Loss: 0.16158
05/06/2026 22:05:12 - INFO - utils.trainer -    Train loss: 0.02116, Test loss: 0.16158,Epoch time = 1.372s
05/06/2026 22:05:13 - INFO - utils.trainer -   ***** Running evaluation on test0 dataset *****
05/06/2026 22:05:14 - INFO - utils.trainer -   AUC: 0.99882
05/06/2026 22:05:14 - INFO - utils.trainer -   Accuracy: 0.90842
05/06/2026 22:05:14 - INFO - utils.trainer -   Precision: 1.00000
05/06/2026 22:05:14 - INFO - utils.trainer -   Recall: 0.82143
05/06/2026 22:05:14 - INFO - utils.trainer -   F_score: 0.90196
05/06/2026 22:05:14 - INFO - utils.trainer -   Specificity: 1.00000
05/06/2026 22:05:14 - INFO - utils.trainer -   Sensitivity: 0.82143
05/06/2026 22:05:14 - INFO - utils.trainer -   Loss: 0.23276
05/06/2026 22:05:14 - INFO - utils.trainer -    Train loss: 0.00345, Test loss: 0.23276,Epoch time = 1.199s
05/06/2026 22:05:15 - INFO - utils.trainer -   ***** Running evaluation on test0 dataset *****
05/06/2026 22:05:16 - INFO - utils.trainer -   AUC: 0.99817
05/06/2026 22:05:16 - INFO - utils.trainer -   Accuracy: 0.91941
05/06/2026 22:05:16 - INFO - utils.trainer -   Precision: 1.00000
05/06/2026 22:05:16 - INFO - utils.trainer -   Recall: 0.84286
05/06/2026 22:05:16 - INFO - utils.trainer -   F_score: 0.91473
05/06/2026 22:05:16 - INFO - utils.trainer -   Specificity: 1.00000
05/06/2026 22:05:16 - INFO - utils.trainer -   Sensitivity: 0.84286
05/06/2026 22:05:16 - INFO - utils.trainer -   Loss: 0.19217
05/06/2026 22:05:16 - INFO - utils.trainer -    Train loss: 0.00145, Test loss: 0.19217,Epoch time = 1.217s
05/06/2026 22:05:17 - INFO - utils.trainer -   ***** Running evaluation on test0 dataset *****
05/06/2026 22:05:18 - INFO - utils.trainer -   AUC: 0.99318
05/06/2026 22:05:18 - INFO - utils.trainer -   Accuracy: 0.94139
05/06/2026 22:05:18 - INFO - utils.trainer -   Precision: 0.96970
05/06/2026 22:05:18 - INFO - utils.trainer -   Recall: 0.91429
05/06/2026 22:05:18 - INFO - utils.trainer -   F_score: 0.94118
05/06/2026 22:05:18 - INFO - utils.trainer -   Specificity: 0.96992
05/06/2026 22:05:18 - INFO - utils.trainer -   Sensitivity: 0.91429
05/06/2026 22:05:18 - INFO - utils.trainer -   Loss: 0.13510
05/06/2026 22:05:18 - INFO - utils.trainer -    Train loss: 0.01207, Test loss: 0.13510,Epoch time = 1.248s
05/06/2026 22:05:19 - INFO - utils.trainer -   ***** Running evaluation on test0 dataset *****
05/06/2026 22:05:20 - INFO - utils.trainer -   AUC: 1.00000
05/06/2026 22:05:20 - INFO - utils.trainer -   Accuracy: 0.99634
05/06/2026 22:05:20 - INFO - utils.trainer -   Precision: 0.99291
05/06/2026 22:05:20 - INFO - utils.trainer -   Recall: 1.00000
05/06/2026 22:05:20 - INFO - utils.trainer -   F_score: 0.99644
05/06/2026 22:05:20 - INFO - utils.trainer -   Specificity: 0.99248
05/06/2026 22:05:20 - INFO - utils.trainer -   Sensitivity: 1.00000
05/06/2026 22:05:20 - INFO - utils.trainer -   Loss: 0.03993
05/06/2026 22:05:20 - INFO - utils.trainer -    Train loss: 0.01315, Test loss: 0.03993,Epoch time = 1.259s
05/06/2026 22:05:21 - INFO - utils.trainer -   ***** Running evaluation on test0 dataset *****
05/06/2026 22:05:22 - INFO - utils.trainer -   AUC: 1.00000
05/06/2026 22:05:22 - INFO - utils.trainer -   Accuracy: 0.48718
05/06/2026 22:05:22 - INFO - utils.trainer -   Precision: 0.00000
05/06/2026 22:05:22 - INFO - utils.trainer -   Recall: 0.00000
05/06/2026 22:05:22 - INFO - utils.trainer -   F_score: 0.00000
05/06/2026 22:05:22 - INFO - utils.trainer -   Specificity: 1.00000
05/06/2026 22:05:22 - INFO - utils.trainer -   Sensitivity: 0.00000
05/06/2026 22:05:22 - INFO - utils.trainer -   Loss: 0.48659
05/06/2026 22:05:22 - INFO - utils.trainer -    Train loss: 0.00547, Test loss: 0.48659,Epoch time = 1.270s
05/06/2026 22:05:23 - INFO - utils.trainer -   ***** Running evaluation on test0 dataset *****
05/06/2026 22:05:24 - INFO - utils.trainer -   AUC: 1.00000
05/06/2026 22:05:24 - INFO - utils.trainer -   Accuracy: 0.98901
05/06/2026 22:05:24 - INFO - utils.trainer -   Precision: 0.97902
05/06/2026 22:05:24 - INFO - utils.trainer -   Recall: 1.00000
05/06/2026 22:05:24 - INFO - utils.trainer -   F_score: 0.98940
05/06/2026 22:05:24 - INFO - utils.trainer -   Specificity: 0.97744
05/06/2026 22:05:24 - INFO - utils.trainer -   Sensitivity: 1.00000
05/06/2026 22:05:24 - INFO - utils.trainer -   Loss: 0.05195
05/06/2026 22:05:24 - INFO - utils.trainer -    Train loss: 0.00751, Test loss: 0.05195,Epoch time = 1.092s
05/06/2026 22:05:25 - INFO - utils.trainer -   ***** Running evaluation on test0 dataset *****
05/06/2026 22:05:26 - INFO - utils.trainer -   AUC: 1.00000
05/06/2026 22:05:26 - INFO - utils.trainer -   Accuracy: 0.98901
05/06/2026 22:05:26 - INFO - utils.trainer -   Precision: 1.00000
05/06/2026 22:05:26 - INFO - utils.trainer -   Recall: 0.97857
05/06/2026 22:05:26 - INFO - utils.trainer -   F_score: 0.98917
05/06/2026 22:05:26 - INFO - utils.trainer -   Specificity: 1.00000
05/06/2026 22:05:26 - INFO - utils.trainer -   Sensitivity: 0.97857
05/06/2026 22:05:26 - INFO - utils.trainer -   Loss: 0.04119
05/06/2026 22:05:26 - INFO - utils.trainer -    Train loss: 0.01247, Test loss: 0.04119,Epoch time = 1.315s
05/06/2026 22:05:27 - INFO - utils.trainer -   ***** Running evaluation on test0 dataset *****
05/06/2026 22:05:28 - INFO - utils.trainer -   AUC: 0.98201
05/06/2026 22:05:28 - INFO - utils.trainer -   Accuracy: 0.90110
05/06/2026 22:05:28 - INFO - utils.trainer -   Precision: 0.95200
05/06/2026 22:05:28 - INFO - utils.trainer -   Recall: 0.85000
05/06/2026 22:05:28 - INFO - utils.trainer -   F_score: 0.89811
05/06/2026 22:05:28 - INFO - utils.trainer -   Specificity: 0.95489
05/06/2026 22:05:28 - INFO - utils.trainer -   Sensitivity: 0.85000
05/06/2026 22:05:28 - INFO - utils.trainer -   Loss: 0.21000
05/06/2026 22:05:28 - INFO - utils.trainer -    Train loss: 0.01554, Test loss: 0.21000,Epoch time = 1.381s
05/06/2026 22:05:29 - INFO - utils.trainer -   ***** Running evaluation on test0 dataset *****
05/06/2026 22:05:30 - INFO - utils.trainer -   AUC: 0.99501
05/06/2026 22:05:30 - INFO - utils.trainer -   Accuracy: 0.94872
05/06/2026 22:05:30 - INFO - utils.trainer -   Precision: 0.95652
05/06/2026 22:05:30 - INFO - utils.trainer -   Recall: 0.94286
05/06/2026 22:05:30 - INFO - utils.trainer -   F_score: 0.94964
05/06/2026 22:05:30 - INFO - utils.trainer -   Specificity: 0.95489
05/06/2026 22:05:30 - INFO - utils.trainer -   Sensitivity: 0.94286
05/06/2026 22:05:30 - INFO - utils.trainer -   Loss: 0.12922
05/06/2026 22:05:30 - INFO - utils.trainer -    Train loss: 0.00782, Test loss: 0.12922,Epoch time = 1.228s
05/06/2026 22:05:32 - INFO - utils.trainer -   ***** Running evaluation on test0 dataset *****
05/06/2026 22:05:33 - INFO - utils.trainer -   AUC: 0.99409
05/06/2026 22:05:33 - INFO - utils.trainer -   Accuracy: 0.93040
05/06/2026 22:05:33 - INFO - utils.trainer -   Precision: 0.99187
05/06/2026 22:05:33 - INFO - utils.trainer -   Recall: 0.87143
05/06/2026 22:05:33 - INFO - utils.trainer -   F_score: 0.92776
05/06/2026 22:05:33 - INFO - utils.trainer -   Specificity: 0.99248
05/06/2026 22:05:33 - INFO - utils.trainer -   Sensitivity: 0.87143
05/06/2026 22:05:33 - INFO - utils.trainer -   Loss: 0.17156
05/06/2026 22:05:33 - INFO - utils.trainer -    Train loss: 0.00274, Test loss: 0.17156,Epoch time = 1.338s
05/06/2026 22:05:34 - INFO - utils.trainer -   ***** Running evaluation on test0 dataset *****
05/06/2026 22:05:35 - INFO - utils.trainer -   AUC: 0.98126
05/06/2026 22:05:35 - INFO - utils.trainer -   Accuracy: 0.91941
05/06/2026 22:05:35 - INFO - utils.trainer -   Precision: 0.92754
05/06/2026 22:05:35 - INFO - utils.trainer -   Recall: 0.91429
05/06/2026 22:05:35 - INFO - utils.trainer -   F_score: 0.92086
05/06/2026 22:05:35 - INFO - utils.trainer -   Specificity: 0.92481
05/06/2026 22:05:35 - INFO - utils.trainer -   Sensitivity: 0.91429
05/06/2026 22:05:35 - INFO - utils.trainer -   Loss: 0.22698
05/06/2026 22:05:35 - INFO - utils.trainer -    Train loss: 0.01271, Test loss: 0.22698,Epoch time = 1.218s
05/06/2026 22:05:36 - INFO - utils.trainer -   ***** Running evaluation on test0 dataset *****
05/06/2026 22:05:37 - INFO - utils.trainer -   AUC: 0.99033
05/06/2026 22:05:37 - INFO - utils.trainer -   Accuracy: 0.87546
05/06/2026 22:05:37 - INFO - utils.trainer -   Precision: 1.00000
05/06/2026 22:05:37 - INFO - utils.trainer -   Recall: 0.75714
05/06/2026 22:05:37 - INFO - utils.trainer -   F_score: 0.86179
05/06/2026 22:05:37 - INFO - utils.trainer -   Specificity: 1.00000
05/06/2026 22:05:37 - INFO - utils.trainer -   Sensitivity: 0.75714
05/06/2026 22:05:37 - INFO - utils.trainer -   Loss: 0.42609
05/06/2026 22:05:37 - INFO - utils.trainer -    Train loss: 0.04773, Test loss: 0.42609,Epoch time = 1.198s
05/06/2026 22:05:38 - INFO - utils.trainer -   ***** Running evaluation on test0 dataset *****
05/06/2026 22:05:39 - INFO - utils.trainer -   AUC: 0.99039
05/06/2026 22:05:39 - INFO - utils.trainer -   Accuracy: 0.91941
05/06/2026 22:05:39 - INFO - utils.trainer -   Precision: 0.96825
05/06/2026 22:05:39 - INFO - utils.trainer -   Recall: 0.87143
05/06/2026 22:05:39 - INFO - utils.trainer -   F_score: 0.91729
05/06/2026 22:05:39 - INFO - utils.trainer -   Specificity: 0.96992
05/06/2026 22:05:39 - INFO - utils.trainer -   Sensitivity: 0.87143
05/06/2026 22:05:39 - INFO - utils.trainer -   Loss: 0.14350
05/06/2026 22:05:39 - INFO - utils.trainer -    Train loss: 0.00306, Test loss: 0.14350,Epoch time = 1.236s
05/06/2026 22:05:40 - INFO - utils.trainer -   ***** Running evaluation on test0 dataset *****
05/06/2026 22:05:41 - INFO - utils.trainer -   AUC: 0.91493
05/06/2026 22:05:41 - INFO - utils.trainer -   Accuracy: 0.84615
05/06/2026 22:05:41 - INFO - utils.trainer -   Precision: 0.87692
05/06/2026 22:05:41 - INFO - utils.trainer -   Recall: 0.81429
05/06/2026 22:05:41 - INFO - utils.trainer -   F_score: 0.84444
05/06/2026 22:05:41 - INFO - utils.trainer -   Specificity: 0.87970
05/06/2026 22:05:41 - INFO - utils.trainer -   Sensitivity: 0.81429
05/06/2026 22:05:41 - INFO - utils.trainer -   Loss: 0.67616
05/06/2026 22:05:41 - INFO - utils.trainer -    Train loss: 0.00549, Test loss: 0.67616,Epoch time = 1.189s
05/06/2026 22:05:42 - INFO - utils.trainer -   ***** Running evaluation on test0 dataset *****
05/06/2026 22:05:43 - INFO - utils.trainer -   AUC: 0.99608
05/06/2026 22:05:43 - INFO - utils.trainer -   Accuracy: 0.95238
05/06/2026 22:05:43 - INFO - utils.trainer -   Precision: 0.96350
05/06/2026 22:05:43 - INFO - utils.trainer -   Recall: 0.94286
05/06/2026 22:05:43 - INFO - utils.trainer -   F_score: 0.95307
05/06/2026 22:05:43 - INFO - utils.trainer -   Specificity: 0.96241
05/06/2026 22:05:43 - INFO - utils.trainer -   Sensitivity: 0.94286
05/06/2026 22:05:43 - INFO - utils.trainer -   Loss: 0.12172
05/06/2026 22:05:43 - INFO - utils.trainer -    Train loss: 0.01933, Test loss: 0.12172,Epoch time = 1.326s
05/06/2026 22:05:44 - INFO - utils.trainer -   ***** Running evaluation on test0 dataset *****
05/06/2026 22:05:45 - INFO - utils.trainer -   AUC: 0.99484
05/06/2026 22:05:45 - INFO - utils.trainer -   Accuracy: 0.92308
05/06/2026 22:05:45 - INFO - utils.trainer -   Precision: 1.00000
05/06/2026 22:05:45 - INFO - utils.trainer -   Recall: 0.85000
05/06/2026 22:05:45 - INFO - utils.trainer -   F_score: 0.91892
05/06/2026 22:05:45 - INFO - utils.trainer -   Specificity: 1.00000
05/06/2026 22:05:45 - INFO - utils.trainer -   Sensitivity: 0.85000
05/06/2026 22:05:45 - INFO - utils.trainer -   Loss: 0.13508
05/06/2026 22:05:45 - INFO - utils.trainer -    Train loss: 0.00175, Test loss: 0.13508,Epoch time = 1.553s
05/06/2026 22:05:47 - INFO - utils.trainer -   ***** Running evaluation on test0 dataset *****
05/06/2026 22:05:48 - INFO - utils.trainer -   AUC: 0.99447
05/06/2026 22:05:48 - INFO - utils.trainer -   Accuracy: 0.92308
05/06/2026 22:05:48 - INFO - utils.trainer -   Precision: 1.00000
05/06/2026 22:05:48 - INFO - utils.trainer -   Recall: 0.85000
05/06/2026 22:05:48 - INFO - utils.trainer -   F_score: 0.91892
05/06/2026 22:05:48 - INFO - utils.trainer -   Specificity: 1.00000
05/06/2026 22:05:48 - INFO - utils.trainer -   Sensitivity: 0.85000
05/06/2026 22:05:48 - INFO - utils.trainer -   Loss: 0.16116
05/06/2026 22:05:48 - INFO - utils.trainer -    Train loss: 0.00097, Test loss: 0.16116,Epoch time = 1.515s
05/06/2026 22:05:49 - INFO - utils.trainer -   ***** Running evaluation on test0 dataset *****
05/06/2026 22:05:50 - INFO - utils.trainer -   AUC: 0.99291
05/06/2026 22:05:50 - INFO - utils.trainer -   Accuracy: 0.91941
05/06/2026 22:05:50 - INFO - utils.trainer -   Precision: 1.00000
05/06/2026 22:05:50 - INFO - utils.trainer -   Recall: 0.84286
05/06/2026 22:05:50 - INFO - utils.trainer -   F_score: 0.91473
05/06/2026 22:05:50 - INFO - utils.trainer -   Specificity: 1.00000
05/06/2026 22:05:50 - INFO - utils.trainer -   Sensitivity: 0.84286
05/06/2026 22:05:50 - INFO - utils.trainer -   Loss: 0.19720
05/06/2026 22:05:50 - INFO - utils.trainer -    Train loss: 0.00111, Test loss: 0.19720,Epoch time = 1.298s
05/06/2026 22:05:51 - INFO - utils.trainer -   ***** Running evaluation on test0 dataset *****
05/06/2026 22:05:52 - INFO - utils.trainer -   AUC: 0.97750
05/06/2026 22:05:52 - INFO - utils.trainer -   Accuracy: 0.87912
05/06/2026 22:05:52 - INFO - utils.trainer -   Precision: 0.91473
05/06/2026 22:05:52 - INFO - utils.trainer -   Recall: 0.84286
05/06/2026 22:05:52 - INFO - utils.trainer -   F_score: 0.87732
05/06/2026 22:05:52 - INFO - utils.trainer -   Specificity: 0.91729
05/06/2026 22:05:52 - INFO - utils.trainer -   Sensitivity: 0.84286
05/06/2026 22:05:52 - INFO - utils.trainer -   Loss: 0.34715
05/06/2026 22:05:52 - INFO - utils.trainer -    Train loss: 0.09798, Test loss: 0.34715,Epoch time = 1.207s
05/06/2026 22:05:54 - INFO - utils.trainer -   ***** Running evaluation on test0 dataset *****
05/06/2026 22:05:55 - INFO - utils.trainer -   AUC: 0.98099
05/06/2026 22:05:55 - INFO - utils.trainer -   Accuracy: 0.87546
05/06/2026 22:05:55 - INFO - utils.trainer -   Precision: 0.99074
05/06/2026 22:05:55 - INFO - utils.trainer -   Recall: 0.76429
05/06/2026 22:05:55 - INFO - utils.trainer -   F_score: 0.86290
05/06/2026 22:05:55 - INFO - utils.trainer -   Specificity: 0.99248
05/06/2026 22:05:55 - INFO - utils.trainer -   Sensitivity: 0.76429
05/06/2026 22:05:55 - INFO - utils.trainer -   Loss: 0.38081
05/06/2026 22:05:55 - INFO - utils.trainer -    Train loss: 0.01129, Test loss: 0.38081,Epoch time = 1.998s
05/06/2026 22:05:56 - INFO - utils.trainer -   ***** Running evaluation on test0 dataset *****
05/06/2026 22:05:57 - INFO - utils.trainer -   AUC: 0.98663
05/06/2026 22:05:57 - INFO - utils.trainer -   Accuracy: 0.87912
05/06/2026 22:05:57 - INFO - utils.trainer -   Precision: 1.00000
05/06/2026 22:05:57 - INFO - utils.trainer -   Recall: 0.76429
05/06/2026 22:05:57 - INFO - utils.trainer -   F_score: 0.86640
05/06/2026 22:05:57 - INFO - utils.trainer -   Specificity: 1.00000
05/06/2026 22:05:57 - INFO - utils.trainer -   Sensitivity: 0.76429
05/06/2026 22:05:57 - INFO - utils.trainer -   Loss: 0.38101
05/06/2026 22:05:57 - INFO - utils.trainer -    Train loss: 0.00661, Test loss: 0.38101,Epoch time = 1.603s
05/06/2026 22:05:59 - INFO - utils.trainer -   ***** Running evaluation on test0 dataset *****
05/06/2026 22:06:00 - INFO - utils.trainer -   AUC: 0.98921
05/06/2026 22:06:00 - INFO - utils.trainer -   Accuracy: 0.88645
05/06/2026 22:06:00 - INFO - utils.trainer -   Precision: 1.00000
05/06/2026 22:06:00 - INFO - utils.trainer -   Recall: 0.77857
05/06/2026 22:06:00 - INFO - utils.trainer -   F_score: 0.87550
05/06/2026 22:06:00 - INFO - utils.trainer -   Specificity: 1.00000
05/06/2026 22:06:00 - INFO - utils.trainer -   Sensitivity: 0.77857
05/06/2026 22:06:00 - INFO - utils.trainer -   Loss: 0.36696
05/06/2026 22:06:00 - INFO - utils.trainer -    Train loss: 0.00149, Test loss: 0.36696,Epoch time = 1.965s
05/06/2026 22:06:02 - INFO - utils.trainer -   ***** Running evaluation on test0 dataset *****
05/06/2026 22:06:03 - INFO - utils.trainer -   AUC: 0.99855
05/06/2026 22:06:03 - INFO - utils.trainer -   Accuracy: 0.48718
05/06/2026 22:06:03 - INFO - utils.trainer -   Precision: 0.00000
05/06/2026 22:06:03 - INFO - utils.trainer -   Recall: 0.00000
05/06/2026 22:06:03 - INFO - utils.trainer -   F_score: 0.00000
05/06/2026 22:06:03 - INFO - utils.trainer -   Specificity: 1.00000
05/06/2026 22:06:03 - INFO - utils.trainer -   Sensitivity: 0.00000
05/06/2026 22:06:03 - INFO - utils.trainer -   Loss: 0.50465
05/06/2026 22:06:03 - INFO - utils.trainer -    Train loss: 0.02862, Test loss: 0.50465,Epoch time = 1.701s
05/06/2026 22:06:05 - INFO - utils.trainer -   ***** Running evaluation on test0 dataset *****
05/06/2026 22:06:06 - INFO - utils.trainer -   AUC: 0.98539
05/06/2026 22:06:06 - INFO - utils.trainer -   Accuracy: 0.90842
05/06/2026 22:06:06 - INFO - utils.trainer -   Precision: 0.97521
05/06/2026 22:06:06 - INFO - utils.trainer -   Recall: 0.84286
05/06/2026 22:06:06 - INFO - utils.trainer -   F_score: 0.90421
05/06/2026 22:06:06 - INFO - utils.trainer -   Specificity: 0.97744
05/06/2026 22:06:06 - INFO - utils.trainer -   Sensitivity: 0.84286
05/06/2026 22:06:06 - INFO - utils.trainer -   Loss: 0.18179
05/06/2026 22:06:06 - INFO - utils.trainer -    Train loss: 0.00426, Test loss: 0.18179,Epoch time = 1.461s
05/06/2026 22:06:07 - INFO - utils.trainer -   ***** Running evaluation on test0 dataset *****
05/06/2026 22:06:08 - INFO - utils.trainer -   AUC: 0.99479
05/06/2026 22:06:08 - INFO - utils.trainer -   Accuracy: 0.93407
05/06/2026 22:06:08 - INFO - utils.trainer -   Precision: 1.00000
05/06/2026 22:06:08 - INFO - utils.trainer -   Recall: 0.87143
05/06/2026 22:06:08 - INFO - utils.trainer -   F_score: 0.93130
05/06/2026 22:06:08 - INFO - utils.trainer -   Specificity: 1.00000
05/06/2026 22:06:08 - INFO - utils.trainer -   Sensitivity: 0.87143
05/06/2026 22:06:08 - INFO - utils.trainer -   Loss: 0.12507
05/06/2026 22:06:08 - INFO - utils.trainer -    Train loss: 0.00858, Test loss: 0.12507,Epoch time = 1.293s
05/06/2026 22:06:10 - INFO - utils.trainer -   ***** Running evaluation on test0 dataset *****
05/06/2026 22:06:11 - INFO - utils.trainer -   AUC: 0.99017
05/06/2026 22:06:11 - INFO - utils.trainer -   Accuracy: 0.93407
05/06/2026 22:06:11 - INFO - utils.trainer -   Precision: 1.00000
05/06/2026 22:06:11 - INFO - utils.trainer -   Recall: 0.87143
05/06/2026 22:06:11 - INFO - utils.trainer -   F_score: 0.93130
05/06/2026 22:06:11 - INFO - utils.trainer -   Specificity: 1.00000
05/06/2026 22:06:11 - INFO - utils.trainer -   Sensitivity: 0.87143
05/06/2026 22:06:11 - INFO - utils.trainer -   Loss: 0.17108
05/06/2026 22:06:11 - INFO - utils.trainer -    Train loss: 0.00267, Test loss: 0.17108,Epoch time = 1.787s
05/06/2026 22:06:13 - INFO - utils.trainer -   ***** Running evaluation on test0 dataset *****
05/06/2026 22:06:14 - INFO - utils.trainer -   AUC: 1.00000
05/06/2026 22:06:14 - INFO - utils.trainer -   Accuracy: 1.00000
05/06/2026 22:06:14 - INFO - utils.trainer -   Precision: 1.00000
05/06/2026 22:06:14 - INFO - utils.trainer -   Recall: 1.00000
05/06/2026 22:06:14 - INFO - utils.trainer -   F_score: 1.00000
05/06/2026 22:06:14 - INFO - utils.trainer -   Specificity: 1.00000
05/06/2026 22:06:14 - INFO - utils.trainer -   Sensitivity: 1.00000
05/06/2026 22:06:14 - INFO - utils.trainer -   Loss: 0.01225
05/06/2026 22:06:14 - INFO - utils.trainer -    Train loss: 0.01976, Test loss: 0.01225,Epoch time = 2.155s
05/06/2026 22:06:15 - INFO - utils.trainer -   Saving model checkpoint to output_dir/CEEDNet
05/06/2026 22:06:17 - INFO - utils.trainer -   ***** Running evaluation on test0 dataset *****
05/06/2026 22:06:17 - INFO - utils.trainer -   AUC: 0.97154
05/06/2026 22:06:17 - INFO - utils.trainer -   Accuracy: 0.88278
05/06/2026 22:06:17 - INFO - utils.trainer -   Precision: 0.89130
05/06/2026 22:06:17 - INFO - utils.trainer -   Recall: 0.87857
05/06/2026 22:06:17 - INFO - utils.trainer -   F_score: 0.88489
05/06/2026 22:06:17 - INFO - utils.trainer -   Specificity: 0.88722
05/06/2026 22:06:17 - INFO - utils.trainer -   Sensitivity: 0.87857
05/06/2026 22:06:17 - INFO - utils.trainer -   Loss: 0.52088
05/06/2026 22:06:17 - INFO - utils.trainer -    Train loss: 0.02007, Test loss: 0.52088,Epoch time = 1.965s
05/06/2026 22:06:19 - INFO - utils.trainer -   ***** Running evaluation on test0 dataset *****
05/06/2026 22:06:20 - INFO - utils.trainer -   AUC: 0.96697
05/06/2026 22:06:20 - INFO - utils.trainer -   Accuracy: 0.89744
05/06/2026 22:06:20 - INFO - utils.trainer -   Precision: 0.98276
05/06/2026 22:06:20 - INFO - utils.trainer -   Recall: 0.81429
05/06/2026 22:06:20 - INFO - utils.trainer -   F_score: 0.89062
05/06/2026 22:06:20 - INFO - utils.trainer -   Specificity: 0.98496
05/06/2026 22:06:20 - INFO - utils.trainer -   Sensitivity: 0.81429
05/06/2026 22:06:20 - INFO - utils.trainer -   Loss: 0.46304
05/06/2026 22:06:20 - INFO - utils.trainer -    Train loss: 0.00262, Test loss: 0.46304,Epoch time = 1.791s
05/06/2026 22:06:22 - INFO - utils.trainer -   ***** Running evaluation on test0 dataset *****
05/06/2026 22:06:23 - INFO - utils.trainer -   AUC: 1.00000
05/06/2026 22:06:23 - INFO - utils.trainer -   Accuracy: 0.52015
05/06/2026 22:06:23 - INFO - utils.trainer -   Precision: 1.00000
05/06/2026 22:06:23 - INFO - utils.trainer -   Recall: 0.06429
05/06/2026 22:06:23 - INFO - utils.trainer -   F_score: 0.12081
05/06/2026 22:06:23 - INFO - utils.trainer -   Specificity: 1.00000
05/06/2026 22:06:23 - INFO - utils.trainer -   Sensitivity: 0.06429
05/06/2026 22:06:23 - INFO - utils.trainer -   Loss: 0.50764
05/06/2026 22:06:23 - INFO - utils.trainer -    Train loss: 0.00697, Test loss: 0.50764,Epoch time = 1.348s
05/06/2026 22:06:25 - INFO - utils.trainer -   ***** Running evaluation on test0 dataset *****
05/06/2026 22:06:26 - INFO - utils.trainer -   AUC: 0.99740
05/06/2026 22:06:26 - INFO - utils.trainer -   Accuracy: 0.97436
05/06/2026 22:06:26 - INFO - utils.trainer -   Precision: 0.95238
05/06/2026 22:06:26 - INFO - utils.trainer -   Recall: 1.00000
05/06/2026 22:06:26 - INFO - utils.trainer -   F_score: 0.97561
05/06/2026 22:06:26 - INFO - utils.trainer -   Specificity: 0.94737
05/06/2026 22:06:26 - INFO - utils.trainer -   Sensitivity: 1.00000
05/06/2026 22:06:26 - INFO - utils.trainer -   Loss: 0.08427
05/06/2026 22:06:26 - INFO - utils.trainer -    Train loss: 0.07352, Test loss: 0.08427,Epoch time = 1.573s
05/06/2026 22:06:27 - INFO - utils.trainer -   ***** Running evaluation on test0 dataset *****
05/06/2026 22:06:28 - INFO - utils.trainer -   AUC: 1.00000
05/06/2026 22:06:28 - INFO - utils.trainer -   Accuracy: 0.98535
05/06/2026 22:06:28 - INFO - utils.trainer -   Precision: 0.97222
05/06/2026 22:06:28 - INFO - utils.trainer -   Recall: 1.00000
05/06/2026 22:06:28 - INFO - utils.trainer -   F_score: 0.98592
05/06/2026 22:06:28 - INFO - utils.trainer -   Specificity: 0.96992
05/06/2026 22:06:28 - INFO - utils.trainer -   Sensitivity: 1.00000
05/06/2026 22:06:28 - INFO - utils.trainer -   Loss: 0.05560
05/06/2026 22:06:28 - INFO - utils.trainer -    Train loss: 0.02522, Test loss: 0.05560,Epoch time = 1.702s
05/06/2026 22:06:30 - INFO - utils.trainer -   ***** Running evaluation on test0 dataset *****
05/06/2026 22:06:31 - INFO - utils.trainer -   AUC: 0.99871
05/06/2026 22:06:31 - INFO - utils.trainer -   Accuracy: 0.94872
05/06/2026 22:06:31 - INFO - utils.trainer -   Precision: 1.00000
05/06/2026 22:06:31 - INFO - utils.trainer -   Recall: 0.90000
05/06/2026 22:06:31 - INFO - utils.trainer -   F_score: 0.94737
05/06/2026 22:06:31 - INFO - utils.trainer -   Specificity: 1.00000
05/06/2026 22:06:31 - INFO - utils.trainer -   Sensitivity: 0.90000
05/06/2026 22:06:31 - INFO - utils.trainer -   Loss: 0.11085
05/06/2026 22:06:31 - INFO - utils.trainer -    Train loss: 0.00652, Test loss: 0.11085,Epoch time = 1.847s
05/06/2026 22:06:33 - INFO - utils.trainer -   ***** Running evaluation on test0 dataset *****
05/06/2026 22:06:34 - INFO - utils.trainer -   AUC: 0.98716
05/06/2026 22:06:34 - INFO - utils.trainer -   Accuracy: 0.91941
05/06/2026 22:06:34 - INFO - utils.trainer -   Precision: 0.98361
05/06/2026 22:06:34 - INFO - utils.trainer -   Recall: 0.85714
05/06/2026 22:06:34 - INFO - utils.trainer -   F_score: 0.91603
05/06/2026 22:06:34 - INFO - utils.trainer -   Specificity: 0.98496
05/06/2026 22:06:34 - INFO - utils.trainer -   Sensitivity: 0.85714
05/06/2026 22:06:34 - INFO - utils.trainer -   Loss: 0.24019
05/06/2026 22:06:34 - INFO - utils.trainer -    Train loss: 0.00130, Test loss: 0.24019,Epoch time = 1.564s
05/06/2026 22:06:35 - INFO - utils.trainer -   ***** Running evaluation on test0 dataset *****
05/06/2026 22:06:37 - INFO - utils.trainer -   AUC: 0.99329
05/06/2026 22:06:37 - INFO - utils.trainer -   Accuracy: 0.93407
05/06/2026 22:06:37 - INFO - utils.trainer -   Precision: 0.97656
05/06/2026 22:06:37 - INFO - utils.trainer -   Recall: 0.89286
05/06/2026 22:06:37 - INFO - utils.trainer -   F_score: 0.93284
05/06/2026 22:06:37 - INFO - utils.trainer -   Specificity: 0.97744
05/06/2026 22:06:37 - INFO - utils.trainer -   Sensitivity: 0.89286
05/06/2026 22:06:37 - INFO - utils.trainer -   Loss: 0.12733
05/06/2026 22:06:37 - INFO - utils.trainer -    Train loss: 0.00207, Test loss: 0.12733,Epoch time = 1.632s
05/06/2026 22:06:39 - INFO - utils.trainer -   ***** Running evaluation on test0 dataset *****
05/06/2026 22:06:40 - INFO - utils.trainer -   AUC: 0.99957
05/06/2026 22:06:40 - INFO - utils.trainer -   Accuracy: 0.97802
05/06/2026 22:06:40 - INFO - utils.trainer -   Precision: 1.00000
05/06/2026 22:06:40 - INFO - utils.trainer -   Recall: 0.95714
05/06/2026 22:06:40 - INFO - utils.trainer -   F_score: 0.97810
05/06/2026 22:06:40 - INFO - utils.trainer -   Specificity: 1.00000
05/06/2026 22:06:40 - INFO - utils.trainer -   Sensitivity: 0.95714
05/06/2026 22:06:40 - INFO - utils.trainer -   Loss: 0.05839
05/06/2026 22:06:40 - INFO - utils.trainer -    Train loss: 0.00215, Test loss: 0.05839,Epoch time = 2.020s
05/06/2026 22:06:42 - INFO - utils.trainer -   ***** Running evaluation on test0 dataset *****
05/06/2026 22:06:43 - INFO - utils.trainer -   AUC: 1.00000
05/06/2026 22:06:43 - INFO - utils.trainer -   Accuracy: 0.48718
05/06/2026 22:06:43 - INFO - utils.trainer -   Precision: 0.00000
05/06/2026 22:06:43 - INFO - utils.trainer -   Recall: 0.00000
05/06/2026 22:06:43 - INFO - utils.trainer -   F_score: 0.00000
05/06/2026 22:06:43 - INFO - utils.trainer -   Specificity: 1.00000
05/06/2026 22:06:43 - INFO - utils.trainer -   Sensitivity: 0.00000
05/06/2026 22:06:43 - INFO - utils.trainer -   Loss: 0.76530
05/06/2026 22:06:43 - INFO - utils.trainer -    Train loss: 0.01797, Test loss: 0.76530,Epoch time = 1.595s
05/06/2026 22:06:45 - INFO - utils.trainer -   ***** Running evaluation on test0 dataset *****
05/06/2026 22:06:46 - INFO - utils.trainer -   AUC: 0.99068
05/06/2026 22:06:46 - INFO - utils.trainer -   Accuracy: 0.93773
05/06/2026 22:06:46 - INFO - utils.trainer -   Precision: 0.89172
05/06/2026 22:06:46 - INFO - utils.trainer -   Recall: 1.00000
05/06/2026 22:06:46 - INFO - utils.trainer -   F_score: 0.94276
05/06/2026 22:06:46 - INFO - utils.trainer -   Specificity: 0.87218
05/06/2026 22:06:46 - INFO - utils.trainer -   Sensitivity: 1.00000
05/06/2026 22:06:46 - INFO - utils.trainer -   Loss: 0.55725
05/06/2026 22:06:46 - INFO - utils.trainer -    Train loss: 0.14049, Test loss: 0.55725,Epoch time = 1.600s
05/06/2026 22:06:48 - INFO - utils.trainer -   ***** Running evaluation on test0 dataset *****
05/06/2026 22:06:50 - INFO - utils.trainer -   AUC: 0.95634
05/06/2026 22:06:50 - INFO - utils.trainer -   Accuracy: 0.90842
05/06/2026 22:06:50 - INFO - utils.trainer -   Precision: 0.96748
05/06/2026 22:06:50 - INFO - utils.trainer -   Recall: 0.85000
05/06/2026 22:06:50 - INFO - utils.trainer -   F_score: 0.90494
05/06/2026 22:06:50 - INFO - utils.trainer -   Specificity: 0.96992
05/06/2026 22:06:50 - INFO - utils.trainer -   Sensitivity: 0.85000
05/06/2026 22:06:50 - INFO - utils.trainer -   Loss: 0.25978
05/06/2026 22:06:50 - INFO - utils.trainer -    Train loss: 0.04330, Test loss: 0.25978,Epoch time = 1.807s
05/06/2026 22:06:51 - INFO - utils.trainer -   ***** Running evaluation on test0 dataset *****
05/06/2026 22:06:53 - INFO - utils.trainer -   AUC: 0.98727
05/06/2026 22:06:53 - INFO - utils.trainer -   Accuracy: 0.93040
05/06/2026 22:06:53 - INFO - utils.trainer -   Precision: 1.00000
05/06/2026 22:06:53 - INFO - utils.trainer -   Recall: 0.86429
05/06/2026 22:06:53 - INFO - utils.trainer -   F_score: 0.92720
05/06/2026 22:06:53 - INFO - utils.trainer -   Specificity: 1.00000
05/06/2026 22:06:53 - INFO - utils.trainer -   Sensitivity: 0.86429
05/06/2026 22:06:53 - INFO - utils.trainer -   Loss: 0.18875
05/06/2026 22:06:53 - INFO - utils.trainer -    Train loss: 0.04238, Test loss: 0.18875,Epoch time = 1.886s
05/06/2026 22:06:55 - INFO - utils.trainer -   ***** Running evaluation on test0 dataset *****
05/06/2026 22:06:56 - INFO - utils.trainer -   AUC: 0.97143
05/06/2026 22:06:56 - INFO - utils.trainer -   Accuracy: 0.91941
05/06/2026 22:06:56 - INFO - utils.trainer -   Precision: 0.93382
05/06/2026 22:06:56 - INFO - utils.trainer -   Recall: 0.90714
05/06/2026 22:06:56 - INFO - utils.trainer -   F_score: 0.92029
05/06/2026 22:06:56 - INFO - utils.trainer -   Specificity: 0.93233
05/06/2026 22:06:56 - INFO - utils.trainer -   Sensitivity: 0.90714
05/06/2026 22:06:56 - INFO - utils.trainer -   Loss: 0.25527
05/06/2026 22:06:56 - INFO - utils.trainer -    Train loss: 0.01335, Test loss: 0.25527,Epoch time = 1.815s
05/06/2026 22:06:58 - INFO - utils.trainer -   ***** Running evaluation on test0 dataset *****
05/06/2026 22:07:00 - INFO - utils.trainer -   AUC: 0.88281
05/06/2026 22:07:00 - INFO - utils.trainer -   Accuracy: 0.86813
05/06/2026 22:07:00 - INFO - utils.trainer -   Precision: 0.98148
05/06/2026 22:07:00 - INFO - utils.trainer -   Recall: 0.75714
05/06/2026 22:07:00 - INFO - utils.trainer -   F_score: 0.85484
05/06/2026 22:07:00 - INFO - utils.trainer -   Specificity: 0.98496
05/06/2026 22:07:00 - INFO - utils.trainer -   Sensitivity: 0.75714
05/06/2026 22:07:00 - INFO - utils.trainer -   Loss: 0.52949
05/06/2026 22:07:00 - INFO - utils.trainer -    Train loss: 0.01767, Test loss: 0.52949,Epoch time = 2.434s
05/06/2026 22:07:02 - INFO - utils.trainer -   ***** Running evaluation on test0 dataset *****
05/06/2026 22:07:03 - INFO - utils.trainer -   AUC: 0.96762
05/06/2026 22:07:03 - INFO - utils.trainer -   Accuracy: 0.88278
05/06/2026 22:07:03 - INFO - utils.trainer -   Precision: 0.91538
05/06/2026 22:07:03 - INFO - utils.trainer -   Recall: 0.85000
05/06/2026 22:07:03 - INFO - utils.trainer -   F_score: 0.88148
05/06/2026 22:07:03 - INFO - utils.trainer -   Specificity: 0.91729
05/06/2026 22:07:03 - INFO - utils.trainer -   Sensitivity: 0.85000
05/06/2026 22:07:03 - INFO - utils.trainer -   Loss: 0.30256
05/06/2026 22:07:03 - INFO - utils.trainer -    Train loss: 0.04457, Test loss: 0.30256,Epoch time = 2.024s
05/06/2026 22:07:05 - INFO - utils.trainer -   ***** Running evaluation on test0 dataset *****
05/06/2026 22:07:06 - INFO - utils.trainer -   AUC: 0.92390
05/06/2026 22:07:06 - INFO - utils.trainer -   Accuracy: 0.92308
05/06/2026 22:07:06 - INFO - utils.trainer -   Precision: 0.97600
05/06/2026 22:07:06 - INFO - utils.trainer -   Recall: 0.87143
05/06/2026 22:07:06 - INFO - utils.trainer -   F_score: 0.92075
05/06/2026 22:07:06 - INFO - utils.trainer -   Specificity: 0.97744
05/06/2026 22:07:06 - INFO - utils.trainer -   Sensitivity: 0.87143
05/06/2026 22:07:06 - INFO - utils.trainer -   Loss: 0.23891
05/06/2026 22:07:06 - INFO - utils.trainer -    Train loss: 0.01567, Test loss: 0.23891,Epoch time = 2.128s
05/06/2026 22:07:08 - INFO - utils.trainer -   ***** Running evaluation on test0 dataset *****
05/06/2026 22:07:09 - INFO - utils.trainer -   AUC: 0.88593
05/06/2026 22:07:09 - INFO - utils.trainer -   Accuracy: 0.89011
05/06/2026 22:07:09 - INFO - utils.trainer -   Precision: 1.00000
05/06/2026 22:07:09 - INFO - utils.trainer -   Recall: 0.78571
05/06/2026 22:07:09 - INFO - utils.trainer -   F_score: 0.88000
05/06/2026 22:07:09 - INFO - utils.trainer -   Specificity: 1.00000
05/06/2026 22:07:09 - INFO - utils.trainer -   Sensitivity: 0.78571
05/06/2026 22:07:09 - INFO - utils.trainer -   Loss: 0.57724
05/06/2026 22:07:09 - INFO - utils.trainer -    Train loss: 0.00776, Test loss: 0.57724,Epoch time = 1.824s
05/06/2026 22:07:11 - INFO - utils.trainer -   ***** Running evaluation on test0 dataset *****
05/06/2026 22:07:13 - INFO - utils.trainer -   AUC: 1.00000
05/06/2026 22:07:13 - INFO - utils.trainer -   Accuracy: 1.00000
05/06/2026 22:07:13 - INFO - utils.trainer -   Precision: 1.00000
05/06/2026 22:07:13 - INFO - utils.trainer -   Recall: 1.00000
05/06/2026 22:07:13 - INFO - utils.trainer -   F_score: 1.00000
05/06/2026 22:07:13 - INFO - utils.trainer -   Specificity: 1.00000
05/06/2026 22:07:13 - INFO - utils.trainer -   Sensitivity: 1.00000
05/06/2026 22:07:13 - INFO - utils.trainer -   Loss: 0.06050
05/06/2026 22:07:13 - INFO - utils.trainer -    Train loss: 0.03166, Test loss: 0.06050,Epoch time = 2.111s
05/06/2026 22:07:13 - INFO - utils.trainer -   Saving model checkpoint to output_dir/CEEDNet
05/06/2026 22:07:15 - INFO - utils.trainer -   ***** Running evaluation on test0 dataset *****
05/06/2026 22:07:16 - INFO - utils.trainer -   AUC: 1.00000
05/06/2026 22:07:16 - INFO - utils.trainer -   Accuracy: 0.97802
05/06/2026 22:07:16 - INFO - utils.trainer -   Precision: 0.95890
05/06/2026 22:07:16 - INFO - utils.trainer -   Recall: 1.00000
05/06/2026 22:07:16 - INFO - utils.trainer -   F_score: 0.97902
05/06/2026 22:07:16 - INFO - utils.trainer -   Specificity: 0.95489
05/06/2026 22:07:16 - INFO - utils.trainer -   Sensitivity: 1.00000
05/06/2026 22:07:16 - INFO - utils.trainer -   Loss: 0.07484
05/06/2026 22:07:16 - INFO - utils.trainer -    Train loss: 0.04693, Test loss: 0.07484,Epoch time = 2.205s
05/06/2026 22:07:18 - INFO - utils.trainer -   ***** Running evaluation on test0 dataset *****
05/06/2026 22:07:20 - INFO - utils.trainer -   AUC: 0.98480
05/06/2026 22:07:20 - INFO - utils.trainer -   Accuracy: 0.94505
05/06/2026 22:07:20 - INFO - utils.trainer -   Precision: 1.00000
05/06/2026 22:07:20 - INFO - utils.trainer -   Recall: 0.89286
05/06/2026 22:07:20 - INFO - utils.trainer -   F_score: 0.94340
05/06/2026 22:07:20 - INFO - utils.trainer -   Specificity: 1.00000
05/06/2026 22:07:20 - INFO - utils.trainer -   Sensitivity: 0.89286
05/06/2026 22:07:20 - INFO - utils.trainer -   Loss: 0.14917
05/06/2026 22:07:20 - INFO - utils.trainer -    Train loss: 0.01480, Test loss: 0.14917,Epoch time = 2.166s
05/06/2026 22:07:21 - INFO - utils.trainer -   ***** Running evaluation on test0 dataset *****
05/06/2026 22:07:23 - INFO - utils.trainer -   AUC: 0.99361
05/06/2026 22:07:23 - INFO - utils.trainer -   Accuracy: 0.94139
05/06/2026 22:07:23 - INFO - utils.trainer -   Precision: 1.00000
05/06/2026 22:07:23 - INFO - utils.trainer -   Recall: 0.88571
05/06/2026 22:07:23 - INFO - utils.trainer -   F_score: 0.93939
05/06/2026 22:07:23 - INFO - utils.trainer -   Specificity: 1.00000
05/06/2026 22:07:23 - INFO - utils.trainer -   Sensitivity: 0.88571
05/06/2026 22:07:23 - INFO - utils.trainer -   Loss: 0.12582
05/06/2026 22:07:23 - INFO - utils.trainer -    Train loss: 0.00366, Test loss: 0.12582,Epoch time = 1.810s
05/06/2026 22:07:25 - INFO - utils.trainer -   ***** Running evaluation on test0 dataset *****
05/06/2026 22:07:26 - INFO - utils.trainer -   AUC: 0.99479
05/06/2026 22:07:26 - INFO - utils.trainer -   Accuracy: 0.93773
05/06/2026 22:07:26 - INFO - utils.trainer -   Precision: 1.00000
05/06/2026 22:07:26 - INFO - utils.trainer -   Recall: 0.87857
05/06/2026 22:07:26 - INFO - utils.trainer -   F_score: 0.93536
05/06/2026 22:07:26 - INFO - utils.trainer -   Specificity: 1.00000
05/06/2026 22:07:26 - INFO - utils.trainer -   Sensitivity: 0.87857
05/06/2026 22:07:26 - INFO - utils.trainer -   Loss: 0.13319
05/06/2026 22:07:26 - INFO - utils.trainer -    Train loss: 0.00177, Test loss: 0.13319,Epoch time = 1.976s
05/06/2026 22:07:28 - INFO - utils.trainer -   ***** Running evaluation on test0 dataset *****
05/06/2026 22:07:30 - INFO - utils.trainer -   AUC: 0.99672
05/06/2026 22:07:30 - INFO - utils.trainer -   Accuracy: 0.94139
05/06/2026 22:07:30 - INFO - utils.trainer -   Precision: 1.00000
05/06/2026 22:07:30 - INFO - utils.trainer -   Recall: 0.88571
05/06/2026 22:07:30 - INFO - utils.trainer -   F_score: 0.93939
05/06/2026 22:07:30 - INFO - utils.trainer -   Specificity: 1.00000
05/06/2026 22:07:30 - INFO - utils.trainer -   Sensitivity: 0.88571
05/06/2026 22:07:30 - INFO - utils.trainer -   Loss: 0.13613
05/06/2026 22:07:30 - INFO - utils.trainer -    Train loss: 0.00203, Test loss: 0.13613,Epoch time = 2.124s
05/06/2026 22:07:32 - INFO - utils.trainer -   ***** Running evaluation on test0 dataset *****
05/06/2026 22:07:33 - INFO - utils.trainer -   AUC: 0.99012
05/06/2026 22:07:33 - INFO - utils.trainer -   Accuracy: 0.93407
05/06/2026 22:07:33 - INFO - utils.trainer -   Precision: 0.97656
05/06/2026 22:07:33 - INFO - utils.trainer -   Recall: 0.89286
05/06/2026 22:07:33 - INFO - utils.trainer -   F_score: 0.93284
05/06/2026 22:07:33 - INFO - utils.trainer -   Specificity: 0.97744
05/06/2026 22:07:33 - INFO - utils.trainer -   Sensitivity: 0.89286
05/06/2026 22:07:33 - INFO - utils.trainer -   Loss: 0.13029
05/06/2026 22:07:33 - INFO - utils.trainer -    Train loss: 0.00917, Test loss: 0.13029,Epoch time = 2.107s
05/06/2026 22:07:35 - INFO - utils.trainer -   ***** Running evaluation on test0 dataset *****
05/06/2026 22:07:36 - INFO - utils.trainer -   AUC: 0.98673
05/06/2026 22:07:36 - INFO - utils.trainer -   Accuracy: 0.93773
05/06/2026 22:07:36 - INFO - utils.trainer -   Precision: 1.00000
05/06/2026 22:07:36 - INFO - utils.trainer -   Recall: 0.87857
05/06/2026 22:07:36 - INFO - utils.trainer -   F_score: 0.93536
05/06/2026 22:07:36 - INFO - utils.trainer -   Specificity: 1.00000
05/06/2026 22:07:36 - INFO - utils.trainer -   Sensitivity: 0.87857
05/06/2026 22:07:36 - INFO - utils.trainer -   Loss: 0.15115
05/06/2026 22:07:36 - INFO - utils.trainer -    Train loss: 0.00170, Test loss: 0.15115,Epoch time = 2.451s
05/06/2026 22:07:39 - INFO - utils.trainer -   ***** Running evaluation on test0 dataset *****
05/06/2026 22:07:40 - INFO - utils.trainer -   AUC: 0.99356
05/06/2026 22:07:40 - INFO - utils.trainer -   Accuracy: 0.93040
05/06/2026 22:07:40 - INFO - utils.trainer -   Precision: 1.00000
05/06/2026 22:07:40 - INFO - utils.trainer -   Recall: 0.86429
05/06/2026 22:07:40 - INFO - utils.trainer -   F_score: 0.92720
05/06/2026 22:07:40 - INFO - utils.trainer -   Specificity: 1.00000
05/06/2026 22:07:40 - INFO - utils.trainer -   Sensitivity: 0.86429
05/06/2026 22:07:40 - INFO - utils.trainer -   Loss: 0.15394
05/06/2026 22:07:40 - INFO - utils.trainer -    Train loss: 0.00135, Test loss: 0.15394,Epoch time = 2.401s
05/06/2026 22:07:42 - INFO - utils.trainer -   ***** Running evaluation on test0 dataset *****
05/06/2026 22:07:44 - INFO - utils.trainer -   AUC: 0.99452
05/06/2026 22:07:44 - INFO - utils.trainer -   Accuracy: 0.96337
05/06/2026 22:07:44 - INFO - utils.trainer -   Precision: 1.00000
05/06/2026 22:07:44 - INFO - utils.trainer -   Recall: 0.92857
05/06/2026 22:07:44 - INFO - utils.trainer -   F_score: 0.96296
05/06/2026 22:07:44 - INFO - utils.trainer -   Specificity: 1.00000
05/06/2026 22:07:44 - INFO - utils.trainer -   Sensitivity: 0.92857
05/06/2026 22:07:44 - INFO - utils.trainer -   Loss: 0.09672
05/06/2026 22:07:44 - INFO - utils.trainer -    Train loss: 0.00213, Test loss: 0.09672,Epoch time = 2.141s
05/06/2026 22:07:46 - INFO - utils.trainer -   ***** Running evaluation on test0 dataset *****
05/06/2026 22:07:47 - INFO - utils.trainer -   AUC: 1.00000
05/06/2026 22:07:47 - INFO - utils.trainer -   Accuracy: 1.00000
05/06/2026 22:07:47 - INFO - utils.trainer -   Precision: 1.00000
05/06/2026 22:07:47 - INFO - utils.trainer -   Recall: 1.00000
05/06/2026 22:07:47 - INFO - utils.trainer -   F_score: 1.00000
05/06/2026 22:07:47 - INFO - utils.trainer -   Specificity: 1.00000
05/06/2026 22:07:47 - INFO - utils.trainer -   Sensitivity: 1.00000
05/06/2026 22:07:47 - INFO - utils.trainer -   Loss: 0.03047
05/06/2026 22:07:47 - INFO - utils.trainer -    Train loss: 0.01120, Test loss: 0.03047,Epoch time = 1.810s
05/06/2026 22:07:47 - INFO - utils.trainer -   Saving model checkpoint to output_dir/CEEDNet
05/06/2026 22:07:49 - INFO - utils.trainer -   ***** Running evaluation on test0 dataset *****
05/06/2026 22:07:51 - INFO - utils.trainer -   AUC: 0.99356
05/06/2026 22:07:51 - INFO - utils.trainer -   Accuracy: 0.96703
05/06/2026 22:07:51 - INFO - utils.trainer -   Precision: 1.00000
05/06/2026 22:07:51 - INFO - utils.trainer -   Recall: 0.93571
05/06/2026 22:07:51 - INFO - utils.trainer -   F_score: 0.96679
05/06/2026 22:07:51 - INFO - utils.trainer -   Specificity: 1.00000
05/06/2026 22:07:51 - INFO - utils.trainer -   Sensitivity: 0.93571
05/06/2026 22:07:51 - INFO - utils.trainer -   Loss: 0.09460
05/06/2026 22:07:51 - INFO - utils.trainer -    Train loss: 0.00119, Test loss: 0.09460,Epoch time = 1.925s
05/06/2026 22:07:53 - INFO - utils.trainer -   ***** Running evaluation on test0 dataset *****
05/06/2026 22:07:54 - INFO - utils.trainer -   AUC: 0.99339
05/06/2026 22:07:54 - INFO - utils.trainer -   Accuracy: 0.94872
05/06/2026 22:07:54 - INFO - utils.trainer -   Precision: 0.99219
05/06/2026 22:07:54 - INFO - utils.trainer -   Recall: 0.90714
05/06/2026 22:07:54 - INFO - utils.trainer -   F_score: 0.94776
05/06/2026 22:07:54 - INFO - utils.trainer -   Specificity: 0.99248
05/06/2026 22:07:54 - INFO - utils.trainer -   Sensitivity: 0.90714
05/06/2026 22:07:54 - INFO - utils.trainer -   Loss: 0.12605
05/06/2026 22:07:54 - INFO - utils.trainer -    Train loss: 0.00802, Test loss: 0.12605,Epoch time = 2.373s
05/06/2026 22:07:56 - INFO - utils.trainer -   ***** Running evaluation on test0 dataset *****
05/06/2026 22:07:58 - INFO - utils.trainer -   AUC: 0.99350
05/06/2026 22:07:58 - INFO - utils.trainer -   Accuracy: 0.97436
05/06/2026 22:07:58 - INFO - utils.trainer -   Precision: 0.99259
05/06/2026 22:07:58 - INFO - utils.trainer -   Recall: 0.95714
05/06/2026 22:07:58 - INFO - utils.trainer -   F_score: 0.97455
05/06/2026 22:07:58 - INFO - utils.trainer -   Specificity: 0.99248
05/06/2026 22:07:58 - INFO - utils.trainer -   Sensitivity: 0.95714
05/06/2026 22:07:58 - INFO - utils.trainer -   Loss: 0.10567
05/06/2026 22:07:58 - INFO - utils.trainer -    Train loss: 0.00660, Test loss: 0.10567,Epoch time = 2.383s
05/06/2026 22:08:00 - INFO - utils.trainer -   ***** Running evaluation on test0 dataset *****
05/06/2026 22:08:02 - INFO - utils.trainer -   AUC: 1.00000
05/06/2026 22:08:02 - INFO - utils.trainer -   Accuracy: 0.99267
05/06/2026 22:08:02 - INFO - utils.trainer -   Precision: 1.00000
05/06/2026 22:08:02 - INFO - utils.trainer -   Recall: 0.98571
05/06/2026 22:08:02 - INFO - utils.trainer -   F_score: 0.99281
05/06/2026 22:08:02 - INFO - utils.trainer -   Specificity: 1.00000
05/06/2026 22:08:02 - INFO - utils.trainer -   Sensitivity: 0.98571
05/06/2026 22:08:02 - INFO - utils.trainer -   Loss: 0.02327
05/06/2026 22:08:02 - INFO - utils.trainer -    Train loss: 0.00705, Test loss: 0.02327,Epoch time = 2.101s
05/06/2026 22:08:04 - INFO - utils.trainer -   ***** Running evaluation on test0 dataset *****
05/06/2026 22:08:05 - INFO - utils.trainer -   AUC: 1.00000
05/06/2026 22:08:05 - INFO - utils.trainer -   Accuracy: 0.99634
05/06/2026 22:08:05 - INFO - utils.trainer -   Precision: 0.99291
05/06/2026 22:08:05 - INFO - utils.trainer -   Recall: 1.00000
05/06/2026 22:08:05 - INFO - utils.trainer -   F_score: 0.99644
05/06/2026 22:08:05 - INFO - utils.trainer -   Specificity: 0.99248
05/06/2026 22:08:05 - INFO - utils.trainer -   Sensitivity: 1.00000
05/06/2026 22:08:05 - INFO - utils.trainer -   Loss: 0.01507
05/06/2026 22:08:05 - INFO - utils.trainer -    Train loss: 0.00714, Test loss: 0.01507,Epoch time = 2.115s
05/06/2026 22:08:07 - INFO - utils.trainer -   ***** Running evaluation on test0 dataset *****
05/06/2026 22:08:08 - INFO - utils.trainer -   AUC: 1.00000
05/06/2026 22:08:08 - INFO - utils.trainer -   Accuracy: 0.99267
05/06/2026 22:08:08 - INFO - utils.trainer -   Precision: 0.98592
05/06/2026 22:08:08 - INFO - utils.trainer -   Recall: 1.00000
05/06/2026 22:08:08 - INFO - utils.trainer -   F_score: 0.99291
05/06/2026 22:08:08 - INFO - utils.trainer -   Specificity: 0.98496
05/06/2026 22:08:08 - INFO - utils.trainer -   Sensitivity: 1.00000
05/06/2026 22:08:08 - INFO - utils.trainer -   Loss: 0.04465
05/06/2026 22:08:08 - INFO - utils.trainer -    Train loss: 0.00525, Test loss: 0.04465,Epoch time = 2.497s
05/06/2026 22:08:11 - INFO - utils.trainer -   ***** Running evaluation on test0 dataset *****
05/06/2026 22:08:12 - INFO - utils.trainer -   AUC: 1.00000
05/06/2026 22:08:12 - INFO - utils.trainer -   Accuracy: 0.98901
05/06/2026 22:08:12 - INFO - utils.trainer -   Precision: 0.97902
05/06/2026 22:08:12 - INFO - utils.trainer -   Recall: 1.00000
05/06/2026 22:08:12 - INFO - utils.trainer -   F_score: 0.98940
05/06/2026 22:08:12 - INFO - utils.trainer -   Specificity: 0.97744
05/06/2026 22:08:12 - INFO - utils.trainer -   Sensitivity: 1.00000
05/06/2026 22:08:12 - INFO - utils.trainer -   Loss: 0.05353
05/06/2026 22:08:12 - INFO - utils.trainer -    Train loss: 0.00189, Test loss: 0.05353,Epoch time = 2.136s
05/06/2026 22:08:14 - INFO - utils.trainer -   ***** Running evaluation on test0 dataset *****
05/06/2026 22:08:15 - INFO - utils.trainer -   AUC: 1.00000
05/06/2026 22:08:15 - INFO - utils.trainer -   Accuracy: 0.98168
05/06/2026 22:08:15 - INFO - utils.trainer -   Precision: 0.96552
05/06/2026 22:08:15 - INFO - utils.trainer -   Recall: 1.00000
05/06/2026 22:08:15 - INFO - utils.trainer -   F_score: 0.98246
05/06/2026 22:08:15 - INFO - utils.trainer -   Specificity: 0.96241
05/06/2026 22:08:15 - INFO - utils.trainer -   Sensitivity: 1.00000
05/06/2026 22:08:15 - INFO - utils.trainer -   Loss: 0.07999
05/06/2026 22:08:15 - INFO - utils.trainer -    Train loss: 0.03649, Test loss: 0.07999,Epoch time = 1.787s
05/06/2026 22:08:17 - INFO - utils.trainer -   ***** Running evaluation on test0 dataset *****
05/06/2026 22:08:18 - INFO - utils.trainer -   AUC: 0.97793
05/06/2026 22:08:18 - INFO - utils.trainer -   Accuracy: 0.90110
05/06/2026 22:08:18 - INFO - utils.trainer -   Precision: 0.93130
05/06/2026 22:08:18 - INFO - utils.trainer -   Recall: 0.87143
05/06/2026 22:08:18 - INFO - utils.trainer -   F_score: 0.90037
05/06/2026 22:08:18 - INFO - utils.trainer -   Specificity: 0.93233
05/06/2026 22:08:18 - INFO - utils.trainer -   Sensitivity: 0.87143
05/06/2026 22:08:18 - INFO - utils.trainer -   Loss: 0.47810
05/06/2026 22:08:18 - INFO - utils.trainer -    Train loss: 0.02240, Test loss: 0.47810,Epoch time = 2.030s
05/06/2026 22:08:21 - INFO - utils.trainer -   ***** Running evaluation on test0 dataset *****
05/06/2026 22:08:22 - INFO - utils.trainer -   AUC: 0.98969
05/06/2026 22:08:22 - INFO - utils.trainer -   Accuracy: 0.95604
05/06/2026 22:08:22 - INFO - utils.trainer -   Precision: 0.93243
05/06/2026 22:08:22 - INFO - utils.trainer -   Recall: 0.98571
05/06/2026 22:08:22 - INFO - utils.trainer -   F_score: 0.95833
05/06/2026 22:08:22 - INFO - utils.trainer -   Specificity: 0.92481
05/06/2026 22:08:22 - INFO - utils.trainer -   Sensitivity: 0.98571
05/06/2026 22:08:22 - INFO - utils.trainer -   Loss: 0.27347
05/06/2026 22:08:22 - INFO - utils.trainer -    Train loss: 0.00833, Test loss: 0.27347,Epoch time = 2.421s
05/06/2026 22:08:24 - INFO - utils.trainer -   ***** Running evaluation on test0 dataset *****
05/06/2026 22:08:25 - INFO - utils.trainer -   AUC: 0.99839
05/06/2026 22:08:25 - INFO - utils.trainer -   Accuracy: 0.98535
05/06/2026 22:08:25 - INFO - utils.trainer -   Precision: 0.97887
05/06/2026 22:08:25 - INFO - utils.trainer -   Recall: 0.99286
05/06/2026 22:08:25 - INFO - utils.trainer -   F_score: 0.98582
05/06/2026 22:08:25 - INFO - utils.trainer -   Specificity: 0.97744
05/06/2026 22:08:25 - INFO - utils.trainer -   Sensitivity: 0.99286
05/06/2026 22:08:25 - INFO - utils.trainer -   Loss: 0.06209
05/06/2026 22:08:25 - INFO - utils.trainer -    Train loss: 0.00187, Test loss: 0.06209,Epoch time = 1.989s
05/06/2026 22:08:28 - INFO - utils.trainer -   ***** Running evaluation on test0 dataset *****
05/06/2026 22:08:29 - INFO - utils.trainer -   AUC: 0.99995
05/06/2026 22:08:29 - INFO - utils.trainer -   Accuracy: 0.98901
05/06/2026 22:08:29 - INFO - utils.trainer -   Precision: 0.97902
05/06/2026 22:08:29 - INFO - utils.trainer -   Recall: 1.00000
05/06/2026 22:08:29 - INFO - utils.trainer -   F_score: 0.98940
05/06/2026 22:08:29 - INFO - utils.trainer -   Specificity: 0.97744
05/06/2026 22:08:29 - INFO - utils.trainer -   Sensitivity: 1.00000
05/06/2026 22:08:29 - INFO - utils.trainer -   Loss: 0.05656
05/06/2026 22:08:29 - INFO - utils.trainer -    Train loss: 0.00542, Test loss: 0.05656,Epoch time = 2.197s
05/06/2026 22:08:31 - INFO - utils.trainer -   ***** Running evaluation on test0 dataset *****
05/06/2026 22:08:33 - INFO - utils.trainer -   AUC: 0.99968
05/06/2026 22:08:33 - INFO - utils.trainer -   Accuracy: 0.98535
05/06/2026 22:08:33 - INFO - utils.trainer -   Precision: 0.97222
05/06/2026 22:08:33 - INFO - utils.trainer -   Recall: 1.00000
05/06/2026 22:08:33 - INFO - utils.trainer -   F_score: 0.98592
05/06/2026 22:08:33 - INFO - utils.trainer -   Specificity: 0.96992
05/06/2026 22:08:33 - INFO - utils.trainer -   Sensitivity: 1.00000
05/06/2026 22:08:33 - INFO - utils.trainer -   Loss: 0.05106
05/06/2026 22:08:33 - INFO - utils.trainer -    Train loss: 0.00134, Test loss: 0.05106,Epoch time = 1.943s
05/06/2026 22:08:35 - INFO - utils.trainer -   ***** Running evaluation on test0 dataset *****
05/06/2026 22:08:36 - INFO - utils.trainer -   AUC: 0.99962
05/06/2026 22:08:36 - INFO - utils.trainer -   Accuracy: 0.98168
05/06/2026 22:08:36 - INFO - utils.trainer -   Precision: 0.96552
05/06/2026 22:08:36 - INFO - utils.trainer -   Recall: 1.00000
05/06/2026 22:08:36 - INFO - utils.trainer -   F_score: 0.98246
05/06/2026 22:08:36 - INFO - utils.trainer -   Specificity: 0.96241
05/06/2026 22:08:36 - INFO - utils.trainer -   Sensitivity: 1.00000
05/06/2026 22:08:36 - INFO - utils.trainer -   Loss: 0.06992
05/06/2026 22:08:36 - INFO - utils.trainer -    Train loss: 0.00087, Test loss: 0.06992,Epoch time = 2.184s
05/06/2026 22:08:38 - INFO - utils.trainer -   ***** Running evaluation on test0 dataset *****
05/06/2026 22:08:40 - INFO - utils.trainer -   AUC: 0.99962
05/06/2026 22:08:40 - INFO - utils.trainer -   Accuracy: 0.98168
05/06/2026 22:08:40 - INFO - utils.trainer -   Precision: 0.96552
05/06/2026 22:08:40 - INFO - utils.trainer -   Recall: 1.00000
05/06/2026 22:08:40 - INFO - utils.trainer -   F_score: 0.98246
05/06/2026 22:08:40 - INFO - utils.trainer -   Specificity: 0.96241
05/06/2026 22:08:40 - INFO - utils.trainer -   Sensitivity: 1.00000
05/06/2026 22:08:40 - INFO - utils.trainer -   Loss: 0.06785
05/06/2026 22:08:40 - INFO - utils.trainer -    Train loss: 0.00063, Test loss: 0.06785,Epoch time = 2.621s
05/06/2026 22:08:42 - INFO - utils.trainer -   ***** Running evaluation on test0 dataset *****
05/06/2026 22:08:44 - INFO - utils.trainer -   AUC: 0.99753
05/06/2026 22:08:44 - INFO - utils.trainer -   Accuracy: 0.96703
05/06/2026 22:08:44 - INFO - utils.trainer -   Precision: 0.97810
05/06/2026 22:08:44 - INFO - utils.trainer -   Recall: 0.95714
05/06/2026 22:08:44 - INFO - utils.trainer -   F_score: 0.96751
05/06/2026 22:08:44 - INFO - utils.trainer -   Specificity: 0.97744
05/06/2026 22:08:44 - INFO - utils.trainer -   Sensitivity: 0.95714
05/06/2026 22:08:44 - INFO - utils.trainer -   Loss: 0.07577
05/06/2026 22:08:44 - INFO - utils.trainer -    Train loss: 0.00105, Test loss: 0.07577,Epoch time = 2.500s
05/06/2026 22:08:45 - INFO - utils.trainer -   ***** Running evaluation on test0 dataset *****
05/06/2026 22:08:47 - INFO - utils.trainer -   AUC: 0.99807
05/06/2026 22:08:47 - INFO - utils.trainer -   Accuracy: 0.97070
05/06/2026 22:08:47 - INFO - utils.trainer -   Precision: 0.94595
05/06/2026 22:08:47 - INFO - utils.trainer -   Recall: 1.00000
05/06/2026 22:08:47 - INFO - utils.trainer -   F_score: 0.97222
05/06/2026 22:08:47 - INFO - utils.trainer -   Specificity: 0.93985
05/06/2026 22:08:47 - INFO - utils.trainer -   Sensitivity: 1.00000
05/06/2026 22:08:47 - INFO - utils.trainer -   Loss: 0.09005
05/06/2026 22:08:47 - INFO - utils.trainer -    Train loss: 0.00069, Test loss: 0.09005,Epoch time = 1.858s
05/06/2026 22:08:50 - INFO - utils.trainer -   ***** Running evaluation on test0 dataset *****
05/06/2026 22:08:51 - INFO - utils.trainer -   AUC: 0.99667
05/06/2026 22:08:51 - INFO - utils.trainer -   Accuracy: 0.97070
05/06/2026 22:08:51 - INFO - utils.trainer -   Precision: 0.96479
05/06/2026 22:08:51 - INFO - utils.trainer -   Recall: 0.97857
05/06/2026 22:08:51 - INFO - utils.trainer -   F_score: 0.97163
05/06/2026 22:08:51 - INFO - utils.trainer -   Specificity: 0.96241
05/06/2026 22:08:51 - INFO - utils.trainer -   Sensitivity: 0.97857
05/06/2026 22:08:51 - INFO - utils.trainer -   Loss: 0.09778
05/06/2026 22:08:51 - INFO - utils.trainer -    Train loss: 0.00086, Test loss: 0.09778,Epoch time = 2.230s
05/06/2026 22:08:54 - INFO - utils.trainer -   ***** Running evaluation on test0 dataset *****
05/06/2026 22:08:55 - INFO - utils.trainer -   AUC: 0.99323
05/06/2026 22:08:55 - INFO - utils.trainer -   Accuracy: 0.92674
05/06/2026 22:08:55 - INFO - utils.trainer -   Precision: 0.98387
05/06/2026 22:08:55 - INFO - utils.trainer -   Recall: 0.87143
05/06/2026 22:08:55 - INFO - utils.trainer -   F_score: 0.92424
05/06/2026 22:08:55 - INFO - utils.trainer -   Specificity: 0.98496
05/06/2026 22:08:55 - INFO - utils.trainer -   Sensitivity: 0.87143
05/06/2026 22:08:55 - INFO - utils.trainer -   Loss: 0.19292
05/06/2026 22:08:55 - INFO - utils.trainer -    Train loss: 0.00094, Test loss: 0.19292,Epoch time = 2.808s
05/06/2026 22:08:58 - INFO - utils.trainer -   ***** Running evaluation on test0 dataset *****
05/06/2026 22:08:59 - INFO - utils.trainer -   AUC: 0.98609
05/06/2026 22:08:59 - INFO - utils.trainer -   Accuracy: 0.93407
05/06/2026 22:08:59 - INFO - utils.trainer -   Precision: 0.93571
05/06/2026 22:08:59 - INFO - utils.trainer -   Recall: 0.93571
05/06/2026 22:08:59 - INFO - utils.trainer -   F_score: 0.93571
05/06/2026 22:08:59 - INFO - utils.trainer -   Specificity: 0.93233
05/06/2026 22:08:59 - INFO - utils.trainer -   Sensitivity: 0.93571
05/06/2026 22:08:59 - INFO - utils.trainer -   Loss: 0.16352
05/06/2026 22:08:59 - INFO - utils.trainer -    Train loss: 0.01117, Test loss: 0.16352,Epoch time = 2.574s
05/06/2026 22:09:02 - INFO - utils.trainer -   ***** Running evaluation on test0 dataset *****
05/06/2026 22:09:03 - INFO - utils.trainer -   AUC: 0.99678
05/06/2026 22:09:03 - INFO - utils.trainer -   Accuracy: 0.95971
05/06/2026 22:09:03 - INFO - utils.trainer -   Precision: 0.98496
05/06/2026 22:09:03 - INFO - utils.trainer -   Recall: 0.93571
05/06/2026 22:09:03 - INFO - utils.trainer -   F_score: 0.95971
05/06/2026 22:09:03 - INFO - utils.trainer -   Specificity: 0.98496
05/06/2026 22:09:03 - INFO - utils.trainer -   Sensitivity: 0.93571
05/06/2026 22:09:03 - INFO - utils.trainer -   Loss: 0.09250
05/06/2026 22:09:03 - INFO - utils.trainer -    Train loss: 0.00130, Test loss: 0.09250,Epoch time = 2.184s
05/06/2026 22:09:05 - INFO - utils.trainer -   ***** Running evaluation on test0 dataset *****
05/06/2026 22:09:07 - INFO - utils.trainer -   AUC: 0.99592
05/06/2026 22:09:07 - INFO - utils.trainer -   Accuracy: 0.94505
05/06/2026 22:09:07 - INFO - utils.trainer -   Precision: 1.00000
05/06/2026 22:09:07 - INFO - utils.trainer -   Recall: 0.89286
05/06/2026 22:09:07 - INFO - utils.trainer -   F_score: 0.94340
05/06/2026 22:09:07 - INFO - utils.trainer -   Specificity: 1.00000
05/06/2026 22:09:07 - INFO - utils.trainer -   Sensitivity: 0.89286
05/06/2026 22:09:07 - INFO - utils.trainer -   Loss: 0.13198
05/06/2026 22:09:07 - INFO - utils.trainer -    Train loss: 0.00069, Test loss: 0.13198,Epoch time = 2.062s
05/06/2026 22:09:09 - INFO - utils.trainer -   ***** Running evaluation on test0 dataset *****
05/06/2026 22:09:10 - INFO - utils.trainer -   AUC: 0.99624
05/06/2026 22:09:10 - INFO - utils.trainer -   Accuracy: 0.94505
05/06/2026 22:09:10 - INFO - utils.trainer -   Precision: 1.00000
05/06/2026 22:09:10 - INFO - utils.trainer -   Recall: 0.89286
05/06/2026 22:09:10 - INFO - utils.trainer -   F_score: 0.94340
05/06/2026 22:09:10 - INFO - utils.trainer -   Specificity: 1.00000
05/06/2026 22:09:10 - INFO - utils.trainer -   Sensitivity: 0.89286
05/06/2026 22:09:10 - INFO - utils.trainer -   Loss: 0.13653
05/06/2026 22:09:10 - INFO - utils.trainer -    Train loss: 0.00060, Test loss: 0.13653,Epoch time = 1.824s
05/06/2026 22:09:12 - INFO - utils.trainer -   ***** Running evaluation on test0 dataset *****
05/06/2026 22:09:13 - INFO - utils.trainer -   AUC: 0.99699
05/06/2026 22:09:13 - INFO - utils.trainer -   Accuracy: 0.93040
05/06/2026 22:09:13 - INFO - utils.trainer -   Precision: 1.00000
05/06/2026 22:09:13 - INFO - utils.trainer -   Recall: 0.86429
05/06/2026 22:09:13 - INFO - utils.trainer -   F_score: 0.92720
05/06/2026 22:09:13 - INFO - utils.trainer -   Specificity: 1.00000
05/06/2026 22:09:13 - INFO - utils.trainer -   Sensitivity: 0.86429
05/06/2026 22:09:13 - INFO - utils.trainer -   Loss: 0.14185
05/06/2026 22:09:13 - INFO - utils.trainer -    Train loss: 0.00056, Test loss: 0.14185,Epoch time = 2.008s
05/06/2026 22:09:16 - INFO - utils.trainer -   ***** Running evaluation on test0 dataset *****
05/06/2026 22:09:17 - INFO - utils.trainer -   AUC: 0.99731
05/06/2026 22:09:17 - INFO - utils.trainer -   Accuracy: 0.93040
05/06/2026 22:09:17 - INFO - utils.trainer -   Precision: 1.00000
05/06/2026 22:09:17 - INFO - utils.trainer -   Recall: 0.86429
05/06/2026 22:09:17 - INFO - utils.trainer -   F_score: 0.92720
05/06/2026 22:09:17 - INFO - utils.trainer -   Specificity: 1.00000
05/06/2026 22:09:17 - INFO - utils.trainer -   Sensitivity: 0.86429
05/06/2026 22:09:17 - INFO - utils.trainer -   Loss: 0.15444
05/06/2026 22:09:17 - INFO - utils.trainer -    Train loss: 0.00061, Test loss: 0.15444,Epoch time = 2.339s
05/06/2026 22:09:19 - INFO - utils.trainer -   ***** Running evaluation on test0 dataset *****
05/06/2026 22:09:20 - INFO - utils.trainer -   AUC: 0.97229
05/06/2026 22:09:20 - INFO - utils.trainer -   Accuracy: 0.89377
05/06/2026 22:09:20 - INFO - utils.trainer -   Precision: 0.97436
05/06/2026 22:09:20 - INFO - utils.trainer -   Recall: 0.81429
05/06/2026 22:09:20 - INFO - utils.trainer -   F_score: 0.88716
05/06/2026 22:09:20 - INFO - utils.trainer -   Specificity: 0.97744
05/06/2026 22:09:20 - INFO - utils.trainer -   Sensitivity: 0.81429
05/06/2026 22:09:20 - INFO - utils.trainer -   Loss: 0.28741
05/06/2026 22:09:20 - INFO - utils.trainer -    Train loss: 0.00297, Test loss: 0.28741,Epoch time = 2.154s
05/06/2026 22:09:22 - INFO - utils.trainer -   ***** Running evaluation on test0 dataset *****
05/06/2026 22:09:23 - INFO - utils.trainer -   AUC: 0.92889
05/06/2026 22:09:23 - INFO - utils.trainer -   Accuracy: 0.87546
05/06/2026 22:09:23 - INFO - utils.trainer -   Precision: 1.00000
05/06/2026 22:09:23 - INFO - utils.trainer -   Recall: 0.75714
05/06/2026 22:09:23 - INFO - utils.trainer -   F_score: 0.86179
05/06/2026 22:09:23 - INFO - utils.trainer -   Specificity: 1.00000
05/06/2026 22:09:23 - INFO - utils.trainer -   Sensitivity: 0.75714
05/06/2026 22:09:23 - INFO - utils.trainer -   Loss: 1.08744
05/06/2026 22:09:23 - INFO - utils.trainer -    Train loss: 0.08752, Test loss: 1.08744,Epoch time = 1.798s
05/06/2026 22:09:26 - INFO - utils.trainer -   ***** Running evaluation on test0 dataset *****
05/06/2026 22:09:27 - INFO - utils.trainer -   AUC: 0.96617
05/06/2026 22:09:27 - INFO - utils.trainer -   Accuracy: 0.89011
05/06/2026 22:09:27 - INFO - utils.trainer -   Precision: 1.00000
05/06/2026 22:09:27 - INFO - utils.trainer -   Recall: 0.78571
05/06/2026 22:09:27 - INFO - utils.trainer -   F_score: 0.88000
05/06/2026 22:09:27 - INFO - utils.trainer -   Specificity: 1.00000
05/06/2026 22:09:27 - INFO - utils.trainer -   Sensitivity: 0.78571
05/06/2026 22:09:27 - INFO - utils.trainer -   Loss: 0.33366
05/06/2026 22:09:27 - INFO - utils.trainer -    Train loss: 0.00239, Test loss: 0.33366,Epoch time = 2.474s
05/06/2026 22:09:30 - INFO - utils.trainer -   ***** Running evaluation on test0 dataset *****
05/06/2026 22:09:31 - INFO - utils.trainer -   AUC: 1.00000
05/06/2026 22:09:31 - INFO - utils.trainer -   Accuracy: 0.99634
05/06/2026 22:09:31 - INFO - utils.trainer -   Precision: 0.99291
05/06/2026 22:09:31 - INFO - utils.trainer -   Recall: 1.00000
05/06/2026 22:09:31 - INFO - utils.trainer -   F_score: 0.99644
05/06/2026 22:09:31 - INFO - utils.trainer -   Specificity: 0.99248
05/06/2026 22:09:31 - INFO - utils.trainer -   Sensitivity: 1.00000
05/06/2026 22:09:31 - INFO - utils.trainer -   Loss: 0.02731
05/06/2026 22:09:31 - INFO - utils.trainer -    Train loss: 0.00364, Test loss: 0.02731,Epoch time = 2.472s
05/06/2026 22:09:33 - INFO - utils.trainer -   ***** Running evaluation on test0 dataset *****
05/06/2026 22:09:34 - INFO - utils.trainer -   AUC: 1.00000
05/06/2026 22:09:34 - INFO - utils.trainer -   Accuracy: 1.00000
05/06/2026 22:09:34 - INFO - utils.trainer -   Precision: 1.00000
05/06/2026 22:09:34 - INFO - utils.trainer -   Recall: 1.00000
05/06/2026 22:09:34 - INFO - utils.trainer -   F_score: 1.00000
05/06/2026 22:09:34 - INFO - utils.trainer -   Specificity: 1.00000
05/06/2026 22:09:34 - INFO - utils.trainer -   Sensitivity: 1.00000
05/06/2026 22:09:34 - INFO - utils.trainer -   Loss: 0.02017
05/06/2026 22:09:34 - INFO - utils.trainer -    Train loss: 0.00145, Test loss: 0.02017,Epoch time = 2.444s
05/06/2026 22:09:34 - INFO - utils.trainer -   Saving model checkpoint to output_dir/CEEDNet
05/06/2026 22:09:36 - INFO - utils.trainer -   ***** Running evaluation on test0 dataset *****
05/06/2026 22:09:38 - INFO - utils.trainer -   AUC: 1.00000
05/06/2026 22:09:38 - INFO - utils.trainer -   Accuracy: 0.99634
05/06/2026 22:09:38 - INFO - utils.trainer -   Precision: 0.99291
05/06/2026 22:09:38 - INFO - utils.trainer -   Recall: 1.00000
05/06/2026 22:09:38 - INFO - utils.trainer -   F_score: 0.99644
05/06/2026 22:09:38 - INFO - utils.trainer -   Specificity: 0.99248
05/06/2026 22:09:38 - INFO - utils.trainer -   Sensitivity: 1.00000
05/06/2026 22:09:38 - INFO - utils.trainer -   Loss: 0.02173
05/06/2026 22:09:38 - INFO - utils.trainer -    Train loss: 0.00131, Test loss: 0.02173,Epoch time = 2.051s
05/06/2026 22:09:40 - INFO - utils.trainer -   ***** Running evaluation on test0 dataset *****
05/06/2026 22:09:42 - INFO - utils.trainer -   AUC: 0.99409
05/06/2026 22:09:42 - INFO - utils.trainer -   Accuracy: 0.96337
05/06/2026 22:09:42 - INFO - utils.trainer -   Precision: 1.00000
05/06/2026 22:09:42 - INFO - utils.trainer -   Recall: 0.92857
05/06/2026 22:09:42 - INFO - utils.trainer -   F_score: 0.96296
05/06/2026 22:09:42 - INFO - utils.trainer -   Specificity: 1.00000
05/06/2026 22:09:42 - INFO - utils.trainer -   Sensitivity: 0.92857
05/06/2026 22:09:42 - INFO - utils.trainer -   Loss: 0.09672
05/06/2026 22:09:42 - INFO - utils.trainer -    Train loss: 0.00105, Test loss: 0.09672,Epoch time = 2.582s
05/06/2026 22:09:44 - INFO - utils.trainer -   ***** Running evaluation on test0 dataset *****
05/06/2026 22:09:45 - INFO - utils.trainer -   AUC: 0.99227
05/06/2026 22:09:45 - INFO - utils.trainer -   Accuracy: 0.95604
05/06/2026 22:09:45 - INFO - utils.trainer -   Precision: 1.00000
05/06/2026 22:09:45 - INFO - utils.trainer -   Recall: 0.91429
05/06/2026 22:09:45 - INFO - utils.trainer -   F_score: 0.95522
05/06/2026 22:09:45 - INFO - utils.trainer -   Specificity: 1.00000
05/06/2026 22:09:45 - INFO - utils.trainer -   Sensitivity: 0.91429
05/06/2026 22:09:45 - INFO - utils.trainer -   Loss: 0.12346
05/06/2026 22:09:45 - INFO - utils.trainer -    Train loss: 0.00088, Test loss: 0.12346,Epoch time = 2.275s
05/06/2026 22:09:47 - INFO - utils.trainer -   ***** Running evaluation on test0 dataset *****
05/06/2026 22:09:49 - INFO - utils.trainer -   AUC: 0.99431
05/06/2026 22:09:49 - INFO - utils.trainer -   Accuracy: 0.96337
05/06/2026 22:09:49 - INFO - utils.trainer -   Precision: 1.00000
05/06/2026 22:09:49 - INFO - utils.trainer -   Recall: 0.92857
05/06/2026 22:09:49 - INFO - utils.trainer -   F_score: 0.96296
05/06/2026 22:09:49 - INFO - utils.trainer -   Specificity: 1.00000
05/06/2026 22:09:49 - INFO - utils.trainer -   Sensitivity: 0.92857
05/06/2026 22:09:49 - INFO - utils.trainer -   Loss: 0.10100
05/06/2026 22:09:49 - INFO - utils.trainer -    Train loss: 0.00071, Test loss: 0.10100,Epoch time = 2.412s
05/06/2026 22:09:51 - INFO - utils.trainer -   ***** Running evaluation on test0 dataset *****
05/06/2026 22:09:52 - INFO - utils.trainer -   AUC: 0.99699
05/06/2026 22:09:52 - INFO - utils.trainer -   Accuracy: 0.97070
05/06/2026 22:09:52 - INFO - utils.trainer -   Precision: 1.00000
05/06/2026 22:09:52 - INFO - utils.trainer -   Recall: 0.94286
05/06/2026 22:09:52 - INFO - utils.trainer -   F_score: 0.97059
05/06/2026 22:09:52 - INFO - utils.trainer -   Specificity: 1.00000
05/06/2026 22:09:52 - INFO - utils.trainer -   Sensitivity: 0.94286
05/06/2026 22:09:52 - INFO - utils.trainer -   Loss: 0.07784
05/06/2026 22:09:52 - INFO - utils.trainer -    Train loss: 0.00075, Test loss: 0.07784,Epoch time = 1.995s
05/06/2026 22:09:55 - INFO - utils.trainer -   ***** Running evaluation on test0 dataset *****
05/06/2026 22:09:56 - INFO - utils.trainer -   AUC: 0.99651
05/06/2026 22:09:56 - INFO - utils.trainer -   Accuracy: 0.96337
05/06/2026 22:09:56 - INFO - utils.trainer -   Precision: 1.00000
05/06/2026 22:09:56 - INFO - utils.trainer -   Recall: 0.92857
05/06/2026 22:09:56 - INFO - utils.trainer -   F_score: 0.96296
05/06/2026 22:09:56 - INFO - utils.trainer -   Specificity: 1.00000
05/06/2026 22:09:56 - INFO - utils.trainer -   Sensitivity: 0.92857
05/06/2026 22:09:56 - INFO - utils.trainer -   Loss: 0.08745
05/06/2026 22:09:56 - INFO - utils.trainer -    Train loss: 0.00124, Test loss: 0.08745,Epoch time = 2.221s
05/06/2026 22:09:58 - INFO - utils.trainer -   ***** Running evaluation on test0 dataset *****
05/06/2026 22:10:00 - INFO - utils.trainer -   AUC: 0.99903
05/06/2026 22:10:00 - INFO - utils.trainer -   Accuracy: 0.98168
05/06/2026 22:10:00 - INFO - utils.trainer -   Precision: 0.99270
05/06/2026 22:10:00 - INFO - utils.trainer -   Recall: 0.97143
05/06/2026 22:10:00 - INFO - utils.trainer -   F_score: 0.98195
05/06/2026 22:10:00 - INFO - utils.trainer -   Specificity: 0.99248
05/06/2026 22:10:00 - INFO - utils.trainer -   Sensitivity: 0.97143
05/06/2026 22:10:00 - INFO - utils.trainer -   Loss: 0.04282
05/06/2026 22:10:00 - INFO - utils.trainer -    Train loss: 0.00079, Test loss: 0.04282,Epoch time = 2.161s
05/06/2026 22:10:02 - INFO - utils.trainer -   ***** Running evaluation on test0 dataset *****
05/06/2026 22:10:04 - INFO - utils.trainer -   AUC: 0.99785
05/06/2026 22:10:04 - INFO - utils.trainer -   Accuracy: 0.97436
05/06/2026 22:10:04 - INFO - utils.trainer -   Precision: 1.00000
05/06/2026 22:10:04 - INFO - utils.trainer -   Recall: 0.95000
05/06/2026 22:10:04 - INFO - utils.trainer -   F_score: 0.97436
05/06/2026 22:10:04 - INFO - utils.trainer -   Specificity: 1.00000
05/06/2026 22:10:04 - INFO - utils.trainer -   Sensitivity: 0.95000
05/06/2026 22:10:04 - INFO - utils.trainer -   Loss: 0.07156
05/06/2026 22:10:04 - INFO - utils.trainer -    Train loss: 0.00200, Test loss: 0.07156,Epoch time = 2.502s
05/06/2026 22:10:06 - INFO - utils.trainer -   ***** Running evaluation on test0 dataset *****
05/06/2026 22:10:07 - INFO - utils.trainer -   AUC: 0.99828
05/06/2026 22:10:07 - INFO - utils.trainer -   Accuracy: 0.97436
05/06/2026 22:10:07 - INFO - utils.trainer -   Precision: 1.00000
05/06/2026 22:10:07 - INFO - utils.trainer -   Recall: 0.95000
05/06/2026 22:10:07 - INFO - utils.trainer -   F_score: 0.97436
05/06/2026 22:10:07 - INFO - utils.trainer -   Specificity: 1.00000
05/06/2026 22:10:07 - INFO - utils.trainer -   Sensitivity: 0.95000
05/06/2026 22:10:07 - INFO - utils.trainer -   Loss: 0.06740
05/06/2026 22:10:07 - INFO - utils.trainer -    Train loss: 0.00076, Test loss: 0.06740,Epoch time = 2.135s
05/06/2026 22:10:09 - INFO - utils.trainer -   ***** Running evaluation on test0 dataset *****
05/06/2026 22:10:11 - INFO - utils.trainer -   AUC: 1.00000
05/06/2026 22:10:11 - INFO - utils.trainer -   Accuracy: 0.99634
05/06/2026 22:10:11 - INFO - utils.trainer -   Precision: 0.99291
05/06/2026 22:10:11 - INFO - utils.trainer -   Recall: 1.00000
05/06/2026 22:10:11 - INFO - utils.trainer -   F_score: 0.99644
05/06/2026 22:10:11 - INFO - utils.trainer -   Specificity: 0.99248
05/06/2026 22:10:11 - INFO - utils.trainer -   Sensitivity: 1.00000
05/06/2026 22:10:11 - INFO - utils.trainer -   Loss: 0.02967
05/06/2026 22:10:11 - INFO - utils.trainer -    Train loss: 0.00682, Test loss: 0.02967,Epoch time = 2.072s
05/06/2026 22:10:13 - INFO - utils.trainer -   ***** Running evaluation on test0 dataset *****
05/06/2026 22:10:14 - INFO - utils.trainer -   AUC: 1.00000
05/06/2026 22:10:14 - INFO - utils.trainer -   Accuracy: 0.99634
05/06/2026 22:10:14 - INFO - utils.trainer -   Precision: 0.99291
05/06/2026 22:10:14 - INFO - utils.trainer -   Recall: 1.00000
05/06/2026 22:10:14 - INFO - utils.trainer -   F_score: 0.99644
05/06/2026 22:10:14 - INFO - utils.trainer -   Specificity: 0.99248
05/06/2026 22:10:14 - INFO - utils.trainer -   Sensitivity: 1.00000
05/06/2026 22:10:14 - INFO - utils.trainer -   Loss: 0.03416
05/06/2026 22:10:14 - INFO - utils.trainer -    Train loss: 0.00105, Test loss: 0.03416,Epoch time = 2.163s
05/06/2026 22:10:16 - INFO - utils.trainer -   ***** Running evaluation on test0 dataset *****
05/06/2026 22:10:17 - INFO - utils.trainer -   AUC: 1.00000
05/06/2026 22:10:17 - INFO - utils.trainer -   Accuracy: 0.98168
05/06/2026 22:10:17 - INFO - utils.trainer -   Precision: 0.96552
05/06/2026 22:10:17 - INFO - utils.trainer -   Recall: 1.00000
05/06/2026 22:10:17 - INFO - utils.trainer -   F_score: 0.98246
05/06/2026 22:10:17 - INFO - utils.trainer -   Specificity: 0.96241
05/06/2026 22:10:17 - INFO - utils.trainer -   Sensitivity: 1.00000
05/06/2026 22:10:17 - INFO - utils.trainer -   Loss: 0.05944
05/06/2026 22:10:17 - INFO - utils.trainer -    Train loss: 0.00095, Test loss: 0.05944,Epoch time = 2.103s
05/06/2026 22:10:20 - INFO - utils.trainer -   ***** Running evaluation on test0 dataset *****
05/06/2026 22:10:21 - INFO - utils.trainer -   AUC: 1.00000
05/06/2026 22:10:21 - INFO - utils.trainer -   Accuracy: 0.99634
05/06/2026 22:10:21 - INFO - utils.trainer -   Precision: 0.99291
05/06/2026 22:10:21 - INFO - utils.trainer -   Recall: 1.00000
05/06/2026 22:10:21 - INFO - utils.trainer -   F_score: 0.99644
05/06/2026 22:10:21 - INFO - utils.trainer -   Specificity: 0.99248
05/06/2026 22:10:21 - INFO - utils.trainer -   Sensitivity: 1.00000
05/06/2026 22:10:21 - INFO - utils.trainer -   Loss: 0.02352
05/06/2026 22:10:21 - INFO - utils.trainer -    Train loss: 0.00100, Test loss: 0.02352,Epoch time = 2.535s
05/06/2026 22:10:24 - INFO - utils.trainer -   ***** Running evaluation on test0 dataset *****
05/06/2026 22:10:25 - INFO - utils.trainer -   AUC: 1.00000
05/06/2026 22:10:25 - INFO - utils.trainer -   Accuracy: 1.00000
05/06/2026 22:10:25 - INFO - utils.trainer -   Precision: 1.00000
05/06/2026 22:10:25 - INFO - utils.trainer -   Recall: 1.00000
05/06/2026 22:10:25 - INFO - utils.trainer -   F_score: 1.00000
05/06/2026 22:10:25 - INFO - utils.trainer -   Specificity: 1.00000
05/06/2026 22:10:25 - INFO - utils.trainer -   Sensitivity: 1.00000
05/06/2026 22:10:25 - INFO - utils.trainer -   Loss: 0.03221
05/06/2026 22:10:25 - INFO - utils.trainer -    Train loss: 0.01088, Test loss: 0.03221,Epoch time = 2.604s
05/06/2026 22:10:25 - INFO - utils.trainer -   Saving model checkpoint to output_dir/CEEDNet
05/06/2026 22:10:28 - INFO - utils.trainer -   ***** Running evaluation on test0 dataset *****
05/06/2026 22:10:29 - INFO - utils.trainer -   AUC: 1.00000
05/06/2026 22:10:29 - INFO - utils.trainer -   Accuracy: 1.00000
05/06/2026 22:10:29 - INFO - utils.trainer -   Precision: 1.00000
05/06/2026 22:10:29 - INFO - utils.trainer -   Recall: 1.00000
05/06/2026 22:10:29 - INFO - utils.trainer -   F_score: 1.00000
05/06/2026 22:10:29 - INFO - utils.trainer -   Specificity: 1.00000
05/06/2026 22:10:29 - INFO - utils.trainer -   Sensitivity: 1.00000
05/06/2026 22:10:29 - INFO - utils.trainer -   Loss: 0.01038
05/06/2026 22:10:29 - INFO - utils.trainer -    Train loss: 0.00108, Test loss: 0.01038,Epoch time = 2.618s
05/06/2026 22:10:29 - INFO - utils.trainer -   Saving model checkpoint to output_dir/CEEDNet
05/06/2026 22:10:31 - INFO - utils.trainer -   ***** Running evaluation on test0 dataset *****
05/06/2026 22:10:33 - INFO - utils.trainer -   AUC: 1.00000
05/06/2026 22:10:33 - INFO - utils.trainer -   Accuracy: 1.00000
05/06/2026 22:10:33 - INFO - utils.trainer -   Precision: 1.00000
05/06/2026 22:10:33 - INFO - utils.trainer -   Recall: 1.00000
05/06/2026 22:10:33 - INFO - utils.trainer -   F_score: 1.00000
05/06/2026 22:10:33 - INFO - utils.trainer -   Specificity: 1.00000
05/06/2026 22:10:33 - INFO - utils.trainer -   Sensitivity: 1.00000
05/06/2026 22:10:33 - INFO - utils.trainer -   Loss: 0.01416
05/06/2026 22:10:33 - INFO - utils.trainer -    Train loss: 0.00226, Test loss: 0.01416,Epoch time = 1.954s
05/06/2026 22:10:33 - INFO - utils.trainer -   Saving model checkpoint to output_dir/CEEDNet
05/06/2026 22:10:35 - INFO - utils.trainer -   ***** Running evaluation on test0 dataset *****
05/06/2026 22:10:37 - INFO - utils.trainer -   AUC: 0.99930
05/06/2026 22:10:37 - INFO - utils.trainer -   Accuracy: 0.96337
05/06/2026 22:10:37 - INFO - utils.trainer -   Precision: 0.93333
05/06/2026 22:10:37 - INFO - utils.trainer -   Recall: 1.00000
05/06/2026 22:10:37 - INFO - utils.trainer -   F_score: 0.96552
05/06/2026 22:10:37 - INFO - utils.trainer -   Specificity: 0.92481
05/06/2026 22:10:37 - INFO - utils.trainer -   Sensitivity: 1.00000
05/06/2026 22:10:37 - INFO - utils.trainer -   Loss: 0.09719
05/06/2026 22:10:37 - INFO - utils.trainer -    Train loss: 0.00052, Test loss: 0.09719,Epoch time = 2.289s
05/06/2026 22:10:39 - INFO - utils.trainer -   ***** Running evaluation on test0 dataset *****
05/06/2026 22:10:41 - INFO - utils.trainer -   AUC: 0.92457
05/06/2026 22:10:41 - INFO - utils.trainer -   Accuracy: 0.87546
05/06/2026 22:10:41 - INFO - utils.trainer -   Precision: 0.89552
05/06/2026 22:10:41 - INFO - utils.trainer -   Recall: 0.85714
05/06/2026 22:10:41 - INFO - utils.trainer -   F_score: 0.87591
05/06/2026 22:10:41 - INFO - utils.trainer -   Specificity: 0.89474
05/06/2026 22:10:41 - INFO - utils.trainer -   Sensitivity: 0.85714
05/06/2026 22:10:41 - INFO - utils.trainer -   Loss: 0.74946
05/06/2026 22:10:41 - INFO - utils.trainer -    Train loss: 0.00586, Test loss: 0.74946,Epoch time = 2.271s
05/06/2026 22:10:43 - INFO - utils.trainer -   ***** Running evaluation on test0 dataset *****
05/06/2026 22:10:44 - INFO - utils.trainer -   AUC: 0.96568
05/06/2026 22:10:44 - INFO - utils.trainer -   Accuracy: 0.87912
05/06/2026 22:10:44 - INFO - utils.trainer -   Precision: 1.00000
05/06/2026 22:10:44 - INFO - utils.trainer -   Recall: 0.76429
05/06/2026 22:10:44 - INFO - utils.trainer -   F_score: 0.86640
05/06/2026 22:10:44 - INFO - utils.trainer -   Specificity: 1.00000
05/06/2026 22:10:44 - INFO - utils.trainer -   Sensitivity: 0.76429
05/06/2026 22:10:44 - INFO - utils.trainer -   Loss: 1.36047
05/06/2026 22:10:44 - INFO - utils.trainer -    Train loss: 0.02463, Test loss: 1.36047,Epoch time = 2.085s
05/06/2026 22:10:46 - INFO - utils.trainer -   ***** Running evaluation on test0 dataset *****
05/06/2026 22:10:47 - INFO - utils.trainer -   AUC: 0.99581
05/06/2026 22:10:47 - INFO - utils.trainer -   Accuracy: 0.97070
05/06/2026 22:10:47 - INFO - utils.trainer -   Precision: 0.99254
05/06/2026 22:10:47 - INFO - utils.trainer -   Recall: 0.95000
05/06/2026 22:10:47 - INFO - utils.trainer -   F_score: 0.97080
05/06/2026 22:10:47 - INFO - utils.trainer -   Specificity: 0.99248
05/06/2026 22:10:47 - INFO - utils.trainer -   Sensitivity: 0.95000
05/06/2026 22:10:47 - INFO - utils.trainer -   Loss: 0.08068
05/06/2026 22:10:47 - INFO - utils.trainer -    Train loss: 0.00216, Test loss: 0.08068,Epoch time = 1.960s
05/06/2026 22:10:50 - INFO - utils.trainer -   ***** Running evaluation on test0 dataset *****
05/06/2026 22:10:51 - INFO - utils.trainer -   AUC: 0.99876
05/06/2026 22:10:51 - INFO - utils.trainer -   Accuracy: 0.97802
05/06/2026 22:10:51 - INFO - utils.trainer -   Precision: 0.99265
05/06/2026 22:10:51 - INFO - utils.trainer -   Recall: 0.96429
05/06/2026 22:10:51 - INFO - utils.trainer -   F_score: 0.97826
05/06/2026 22:10:51 - INFO - utils.trainer -   Specificity: 0.99248
05/06/2026 22:10:51 - INFO - utils.trainer -   Sensitivity: 0.96429
05/06/2026 22:10:51 - INFO - utils.trainer -   Loss: 0.05297
05/06/2026 22:10:51 - INFO - utils.trainer -    Train loss: 0.00150, Test loss: 0.05297,Epoch time = 2.456s
05/06/2026 22:10:54 - INFO - utils.trainer -   ***** Running evaluation on test0 dataset *****
05/06/2026 22:10:55 - INFO - utils.trainer -   AUC: 0.99538
05/06/2026 22:10:55 - INFO - utils.trainer -   Accuracy: 0.97436
05/06/2026 22:10:55 - INFO - utils.trainer -   Precision: 1.00000
05/06/2026 22:10:55 - INFO - utils.trainer -   Recall: 0.95000
05/06/2026 22:10:55 - INFO - utils.trainer -   F_score: 0.97436
05/06/2026 22:10:55 - INFO - utils.trainer -   Specificity: 1.00000
05/06/2026 22:10:55 - INFO - utils.trainer -   Sensitivity: 0.95000
05/06/2026 22:10:55 - INFO - utils.trainer -   Loss: 0.06959
05/06/2026 22:10:55 - INFO - utils.trainer -    Train loss: 0.00343, Test loss: 0.06959,Epoch time = 2.477s
05/06/2026 22:10:57 - INFO - utils.trainer -   ***** Running evaluation on test0 dataset *****
05/06/2026 22:10:58 - INFO - utils.trainer -   AUC: 0.98561
05/06/2026 22:10:58 - INFO - utils.trainer -   Accuracy: 0.95238
05/06/2026 22:10:58 - INFO - utils.trainer -   Precision: 1.00000
05/06/2026 22:10:58 - INFO - utils.trainer -   Recall: 0.90714
05/06/2026 22:10:58 - INFO - utils.trainer -   F_score: 0.95131
05/06/2026 22:10:58 - INFO - utils.trainer -   Specificity: 1.00000
05/06/2026 22:10:58 - INFO - utils.trainer -   Sensitivity: 0.90714
05/06/2026 22:10:58 - INFO - utils.trainer -   Loss: 0.12900
05/06/2026 22:10:58 - INFO - utils.trainer -    Train loss: 0.00114, Test loss: 0.12900,Epoch time = 1.792s
05/06/2026 22:11:01 - INFO - utils.trainer -   ***** Running evaluation on test0 dataset *****
05/06/2026 22:11:02 - INFO - utils.trainer -   AUC: 0.99694
05/06/2026 22:11:02 - INFO - utils.trainer -   Accuracy: 0.97436
05/06/2026 22:11:02 - INFO - utils.trainer -   Precision: 0.99259
05/06/2026 22:11:02 - INFO - utils.trainer -   Recall: 0.95714
05/06/2026 22:11:02 - INFO - utils.trainer -   F_score: 0.97455
05/06/2026 22:11:02 - INFO - utils.trainer -   Specificity: 0.99248
05/06/2026 22:11:02 - INFO - utils.trainer -   Sensitivity: 0.95714
05/06/2026 22:11:02 - INFO - utils.trainer -   Loss: 0.05764
05/06/2026 22:11:02 - INFO - utils.trainer -    Train loss: 0.00085, Test loss: 0.05764,Epoch time = 2.335s
05/06/2026 22:11:05 - INFO - utils.trainer -   ***** Running evaluation on test0 dataset *****
05/06/2026 22:11:06 - INFO - utils.trainer -   AUC: 0.99135
05/06/2026 22:11:06 - INFO - utils.trainer -   Accuracy: 0.96703
05/06/2026 22:11:06 - INFO - utils.trainer -   Precision: 1.00000
05/06/2026 22:11:06 - INFO - utils.trainer -   Recall: 0.93571
05/06/2026 22:11:06 - INFO - utils.trainer -   F_score: 0.96679
05/06/2026 22:11:06 - INFO - utils.trainer -   Specificity: 1.00000
05/06/2026 22:11:06 - INFO - utils.trainer -   Sensitivity: 0.93571
05/06/2026 22:11:06 - INFO - utils.trainer -   Loss: 0.09971
05/06/2026 22:11:06 - INFO - utils.trainer -    Train loss: 0.00081, Test loss: 0.09971,Epoch time = 2.501s
05/06/2026 22:11:08 - INFO - utils.trainer -   ***** Running evaluation on test0 dataset *****
05/06/2026 22:11:10 - INFO - utils.trainer -   AUC: 0.99350
05/06/2026 22:11:10 - INFO - utils.trainer -   Accuracy: 0.96703
05/06/2026 22:11:10 - INFO - utils.trainer -   Precision: 1.00000
05/06/2026 22:11:10 - INFO - utils.trainer -   Recall: 0.93571
05/06/2026 22:11:10 - INFO - utils.trainer -   F_score: 0.96679
05/06/2026 22:11:10 - INFO - utils.trainer -   Specificity: 1.00000
05/06/2026 22:11:10 - INFO - utils.trainer -   Sensitivity: 0.93571
05/06/2026 22:11:10 - INFO - utils.trainer -   Loss: 0.10535
05/06/2026 22:11:10 - INFO - utils.trainer -    Train loss: 0.00072, Test loss: 0.10535,Epoch time = 2.484s
05/06/2026 22:11:12 - INFO - utils.trainer -   ***** Running evaluation on test0 dataset *****
05/06/2026 22:11:13 - INFO - utils.trainer -   AUC: 0.99565
05/06/2026 22:11:13 - INFO - utils.trainer -   Accuracy: 0.96703
05/06/2026 22:11:13 - INFO - utils.trainer -   Precision: 1.00000
05/06/2026 22:11:13 - INFO - utils.trainer -   Recall: 0.93571
05/06/2026 22:11:13 - INFO - utils.trainer -   F_score: 0.96679
05/06/2026 22:11:13 - INFO - utils.trainer -   Specificity: 1.00000
05/06/2026 22:11:13 - INFO - utils.trainer -   Sensitivity: 0.93571
05/06/2026 22:11:13 - INFO - utils.trainer -   Loss: 0.08617
05/06/2026 22:11:13 - INFO - utils.trainer -    Train loss: 0.00057, Test loss: 0.08617,Epoch time = 2.118s
05/06/2026 22:11:16 - INFO - utils.trainer -   ***** Running evaluation on test0 dataset *****
05/06/2026 22:11:17 - INFO - utils.trainer -   AUC: 0.99780
05/06/2026 22:11:17 - INFO - utils.trainer -   Accuracy: 0.97436
05/06/2026 22:11:17 - INFO - utils.trainer -   Precision: 1.00000
05/06/2026 22:11:17 - INFO - utils.trainer -   Recall: 0.95000
05/06/2026 22:11:17 - INFO - utils.trainer -   F_score: 0.97436
05/06/2026 22:11:17 - INFO - utils.trainer -   Specificity: 1.00000
05/06/2026 22:11:17 - INFO - utils.trainer -   Sensitivity: 0.95000
05/06/2026 22:11:17 - INFO - utils.trainer -   Loss: 0.05962
05/06/2026 22:11:17 - INFO - utils.trainer -    Train loss: 0.00065, Test loss: 0.05962,Epoch time = 2.623s
05/06/2026 22:11:19 - INFO - utils.trainer -   ***** Running evaluation on test0 dataset *****
05/06/2026 22:11:21 - INFO - utils.trainer -   AUC: 0.99651
05/06/2026 22:11:21 - INFO - utils.trainer -   Accuracy: 0.96703
05/06/2026 22:11:21 - INFO - utils.trainer -   Precision: 1.00000
05/06/2026 22:11:21 - INFO - utils.trainer -   Recall: 0.93571
05/06/2026 22:11:21 - INFO - utils.trainer -   F_score: 0.96679
05/06/2026 22:11:21 - INFO - utils.trainer -   Specificity: 1.00000
05/06/2026 22:11:21 - INFO - utils.trainer -   Sensitivity: 0.93571
05/06/2026 22:11:21 - INFO - utils.trainer -   Loss: 0.08307
05/06/2026 22:11:21 - INFO - utils.trainer -    Train loss: 0.00083, Test loss: 0.08307,Epoch time = 1.985s
05/06/2026 22:11:23 - INFO - utils.trainer -   ***** Running evaluation on test0 dataset *****
05/06/2026 22:11:24 - INFO - utils.trainer -   AUC: 0.99484
05/06/2026 22:11:24 - INFO - utils.trainer -   Accuracy: 0.95604
05/06/2026 22:11:24 - INFO - utils.trainer -   Precision: 1.00000
05/06/2026 22:11:24 - INFO - utils.trainer -   Recall: 0.91429
05/06/2026 22:11:24 - INFO - utils.trainer -   F_score: 0.95522
05/06/2026 22:11:24 - INFO - utils.trainer -   Specificity: 1.00000
05/06/2026 22:11:24 - INFO - utils.trainer -   Sensitivity: 0.91429
05/06/2026 22:11:24 - INFO - utils.trainer -   Loss: 0.11570
05/06/2026 22:11:24 - INFO - utils.trainer -    Train loss: 0.00051, Test loss: 0.11570,Epoch time = 2.334s
05/06/2026 22:11:27 - INFO - utils.trainer -   ***** Running evaluation on test0 dataset *****
05/06/2026 22:11:28 - INFO - utils.trainer -   AUC: 0.99764
05/06/2026 22:11:28 - INFO - utils.trainer -   Accuracy: 0.97070
05/06/2026 22:11:28 - INFO - utils.trainer -   Precision: 1.00000
05/06/2026 22:11:28 - INFO - utils.trainer -   Recall: 0.94286
05/06/2026 22:11:28 - INFO - utils.trainer -   F_score: 0.97059
05/06/2026 22:11:28 - INFO - utils.trainer -   Specificity: 1.00000
05/06/2026 22:11:28 - INFO - utils.trainer -   Sensitivity: 0.94286
05/06/2026 22:11:28 - INFO - utils.trainer -   Loss: 0.06933
05/06/2026 22:11:28 - INFO - utils.trainer -    Train loss: 0.00050, Test loss: 0.06933,Epoch time = 2.504s
05/06/2026 22:11:31 - INFO - utils.trainer -   ***** Running evaluation on test0 dataset *****
05/06/2026 22:11:32 - INFO - utils.trainer -   AUC: 0.99533
05/06/2026 22:11:32 - INFO - utils.trainer -   Accuracy: 0.96337
05/06/2026 22:11:32 - INFO - utils.trainer -   Precision: 1.00000
05/06/2026 22:11:32 - INFO - utils.trainer -   Recall: 0.92857
05/06/2026 22:11:32 - INFO - utils.trainer -   F_score: 0.96296
05/06/2026 22:11:32 - INFO - utils.trainer -   Specificity: 1.00000
05/06/2026 22:11:32 - INFO - utils.trainer -   Sensitivity: 0.92857
05/06/2026 22:11:32 - INFO - utils.trainer -   Loss: 0.10725
05/06/2026 22:11:32 - INFO - utils.trainer -    Train loss: 0.00057, Test loss: 0.10725,Epoch time = 2.548s
05/06/2026 22:11:34 - INFO - utils.trainer -   ***** Running evaluation on test0 dataset *****
05/06/2026 22:11:36 - INFO - utils.trainer -   AUC: 0.99742
05/06/2026 22:11:36 - INFO - utils.trainer -   Accuracy: 0.96703
05/06/2026 22:11:36 - INFO - utils.trainer -   Precision: 0.99248
05/06/2026 22:11:36 - INFO - utils.trainer -   Recall: 0.94286
05/06/2026 22:11:36 - INFO - utils.trainer -   F_score: 0.96703
05/06/2026 22:11:36 - INFO - utils.trainer -   Specificity: 0.99248
05/06/2026 22:11:36 - INFO - utils.trainer -   Sensitivity: 0.94286
05/06/2026 22:11:36 - INFO - utils.trainer -   Loss: 0.07125
05/06/2026 22:11:36 - INFO - utils.trainer -    Train loss: 0.00066, Test loss: 0.07125,Epoch time = 2.481s
05/06/2026 22:11:38 - INFO - utils.trainer -   ***** Running evaluation on test0 dataset *****
05/06/2026 22:11:40 - INFO - utils.trainer -   AUC: 0.99377
05/06/2026 22:11:40 - INFO - utils.trainer -   Accuracy: 0.95238
05/06/2026 22:11:40 - INFO - utils.trainer -   Precision: 1.00000
05/06/2026 22:11:40 - INFO - utils.trainer -   Recall: 0.90714
05/06/2026 22:11:40 - INFO - utils.trainer -   F_score: 0.95131
05/06/2026 22:11:40 - INFO - utils.trainer -   Specificity: 1.00000
05/06/2026 22:11:40 - INFO - utils.trainer -   Sensitivity: 0.90714
05/06/2026 22:11:40 - INFO - utils.trainer -   Loss: 0.13962
05/06/2026 22:11:40 - INFO - utils.trainer -    Train loss: 0.00063, Test loss: 0.13962,Epoch time = 2.495s
05/06/2026 22:11:41 - INFO - utils.trainer -   ***** Running evaluation on test0 dataset *****
05/06/2026 22:11:43 - INFO - utils.trainer -   AUC: 0.99597
05/06/2026 22:11:43 - INFO - utils.trainer -   Accuracy: 0.95971
05/06/2026 22:11:43 - INFO - utils.trainer -   Precision: 1.00000
05/06/2026 22:11:43 - INFO - utils.trainer -   Recall: 0.92143
05/06/2026 22:11:43 - INFO - utils.trainer -   F_score: 0.95911
05/06/2026 22:11:43 - INFO - utils.trainer -   Specificity: 1.00000
05/06/2026 22:11:43 - INFO - utils.trainer -   Sensitivity: 0.92143
05/06/2026 22:11:43 - INFO - utils.trainer -   Loss: 0.11304
05/06/2026 22:11:43 - INFO - utils.trainer -    Train loss: 0.00043, Test loss: 0.11304,Epoch time = 1.786s
05/06/2026 22:11:45 - INFO - utils.trainer -   ***** Running evaluation on test0 dataset *****
05/06/2026 22:11:47 - INFO - utils.trainer -   AUC: 0.99592
05/06/2026 22:11:47 - INFO - utils.trainer -   Accuracy: 0.95604
05/06/2026 22:11:47 - INFO - utils.trainer -   Precision: 1.00000
05/06/2026 22:11:47 - INFO - utils.trainer -   Recall: 0.91429
05/06/2026 22:11:47 - INFO - utils.trainer -   F_score: 0.95522
05/06/2026 22:11:47 - INFO - utils.trainer -   Specificity: 1.00000
05/06/2026 22:11:47 - INFO - utils.trainer -   Sensitivity: 0.91429
05/06/2026 22:11:47 - INFO - utils.trainer -   Loss: 0.11353
05/06/2026 22:11:47 - INFO - utils.trainer -    Train loss: 0.00046, Test loss: 0.11353,Epoch time = 1.866s
05/06/2026 22:11:49 - INFO - utils.trainer -   ***** Running evaluation on test0 dataset *****
05/06/2026 22:11:50 - INFO - utils.trainer -   AUC: 0.99731
05/06/2026 22:11:50 - INFO - utils.trainer -   Accuracy: 0.97070
05/06/2026 22:11:50 - INFO - utils.trainer -   Precision: 1.00000
05/06/2026 22:11:50 - INFO - utils.trainer -   Recall: 0.94286
05/06/2026 22:11:50 - INFO - utils.trainer -   F_score: 0.97059
05/06/2026 22:11:50 - INFO - utils.trainer -   Specificity: 1.00000
05/06/2026 22:11:50 - INFO - utils.trainer -   Sensitivity: 0.94286
05/06/2026 22:11:50 - INFO - utils.trainer -   Loss: 0.07793
05/06/2026 22:11:50 - INFO - utils.trainer -    Train loss: 0.00056, Test loss: 0.07793,Epoch time = 2.301s
05/06/2026 22:11:52 - INFO - utils.trainer -   ***** Running evaluation on test0 dataset *****
05/06/2026 22:11:54 - INFO - utils.trainer -   AUC: 0.99592
05/06/2026 22:11:54 - INFO - utils.trainer -   Accuracy: 0.95971
05/06/2026 22:11:54 - INFO - utils.trainer -   Precision: 1.00000
05/06/2026 22:11:54 - INFO - utils.trainer -   Recall: 0.92143
05/06/2026 22:11:54 - INFO - utils.trainer -   F_score: 0.95911
05/06/2026 22:11:54 - INFO - utils.trainer -   Specificity: 1.00000
05/06/2026 22:11:54 - INFO - utils.trainer -   Sensitivity: 0.92143
05/06/2026 22:11:54 - INFO - utils.trainer -   Loss: 0.11180
05/06/2026 22:11:54 - INFO - utils.trainer -    Train loss: 0.00052, Test loss: 0.11180,Epoch time = 2.248s
05/06/2026 22:11:56 - INFO - utils.trainer -   ***** Running evaluation on test0 dataset *****
05/06/2026 22:11:57 - INFO - utils.trainer -   AUC: 0.99721
05/06/2026 22:11:57 - INFO - utils.trainer -   Accuracy: 0.96703
05/06/2026 22:11:57 - INFO - utils.trainer -   Precision: 1.00000
05/06/2026 22:11:57 - INFO - utils.trainer -   Recall: 0.93571
05/06/2026 22:11:57 - INFO - utils.trainer -   F_score: 0.96679
05/06/2026 22:11:57 - INFO - utils.trainer -   Specificity: 1.00000
05/06/2026 22:11:57 - INFO - utils.trainer -   Sensitivity: 0.93571
05/06/2026 22:11:57 - INFO - utils.trainer -   Loss: 0.09232
05/06/2026 22:11:57 - INFO - utils.trainer -    Train loss: 0.00044, Test loss: 0.09232,Epoch time = 1.998s
05/06/2026 22:11:59 - INFO - utils.trainer -   ***** Running evaluation on test0 dataset *****
05/06/2026 22:12:01 - INFO - utils.trainer -   AUC: 0.99694
05/06/2026 22:12:01 - INFO - utils.trainer -   Accuracy: 0.96703
05/06/2026 22:12:01 - INFO - utils.trainer -   Precision: 1.00000
05/06/2026 22:12:01 - INFO - utils.trainer -   Recall: 0.93571
05/06/2026 22:12:01 - INFO - utils.trainer -   F_score: 0.96679
05/06/2026 22:12:01 - INFO - utils.trainer -   Specificity: 1.00000
05/06/2026 22:12:01 - INFO - utils.trainer -   Sensitivity: 0.93571
05/06/2026 22:12:01 - INFO - utils.trainer -   Loss: 0.10128
05/06/2026 22:12:01 - INFO - utils.trainer -    Train loss: 0.00036, Test loss: 0.10128,Epoch time = 2.069s
05/06/2026 22:12:03 - INFO - utils.trainer -   ***** Running evaluation on test0 dataset *****
05/06/2026 22:12:04 - INFO - utils.trainer -   AUC: 0.99689
05/06/2026 22:12:04 - INFO - utils.trainer -   Accuracy: 0.96703
05/06/2026 22:12:04 - INFO - utils.trainer -   Precision: 1.00000
05/06/2026 22:12:04 - INFO - utils.trainer -   Recall: 0.93571
05/06/2026 22:12:04 - INFO - utils.trainer -   F_score: 0.96679
05/06/2026 22:12:04 - INFO - utils.trainer -   Specificity: 1.00000
05/06/2026 22:12:04 - INFO - utils.trainer -   Sensitivity: 0.93571
05/06/2026 22:12:04 - INFO - utils.trainer -   Loss: 0.10886
05/06/2026 22:12:04 - INFO - utils.trainer -    Train loss: 0.00045, Test loss: 0.10886,Epoch time = 2.117s
05/06/2026 22:12:07 - INFO - utils.trainer -   ***** Running evaluation on test0 dataset *****
05/06/2026 22:12:08 - INFO - utils.trainer -   AUC: 0.96923
05/06/2026 22:12:08 - INFO - utils.trainer -   Accuracy: 0.93040
05/06/2026 22:12:08 - INFO - utils.trainer -   Precision: 1.00000
05/06/2026 22:12:08 - INFO - utils.trainer -   Recall: 0.86429
05/06/2026 22:12:08 - INFO - utils.trainer -   F_score: 0.92720
05/06/2026 22:12:08 - INFO - utils.trainer -   Specificity: 1.00000
05/06/2026 22:12:08 - INFO - utils.trainer -   Sensitivity: 0.86429
05/06/2026 22:12:08 - INFO - utils.trainer -   Loss: 0.22077
05/06/2026 22:12:08 - INFO - utils.trainer -    Train loss: 0.02142, Test loss: 0.22077,Epoch time = 2.784s
05/06/2026 22:12:10 - INFO - utils.trainer -   ***** Running evaluation on test0 dataset *****
05/06/2026 22:12:12 - INFO - utils.trainer -   AUC: 0.99597
05/06/2026 22:12:12 - INFO - utils.trainer -   Accuracy: 0.93040
05/06/2026 22:12:12 - INFO - utils.trainer -   Precision: 1.00000
05/06/2026 22:12:12 - INFO - utils.trainer -   Recall: 0.86429
05/06/2026 22:12:12 - INFO - utils.trainer -   F_score: 0.92720
05/06/2026 22:12:12 - INFO - utils.trainer -   Specificity: 1.00000
05/06/2026 22:12:12 - INFO - utils.trainer -   Sensitivity: 0.86429
05/06/2026 22:12:12 - INFO - utils.trainer -   Loss: 0.18759
05/06/2026 22:12:12 - INFO - utils.trainer -    Train loss: 0.00634, Test loss: 0.18759,Epoch time = 2.303s
05/06/2026 22:12:14 - INFO - utils.trainer -   ***** Running evaluation on test0 dataset *****
05/06/2026 22:12:15 - INFO - utils.trainer -   AUC: 0.99259
05/06/2026 22:12:15 - INFO - utils.trainer -   Accuracy: 0.93040
05/06/2026 22:12:15 - INFO - utils.trainer -   Precision: 0.98400
05/06/2026 22:12:15 - INFO - utils.trainer -   Recall: 0.87857
05/06/2026 22:12:15 - INFO - utils.trainer -   F_score: 0.92830
05/06/2026 22:12:15 - INFO - utils.trainer -   Specificity: 0.98496
05/06/2026 22:12:15 - INFO - utils.trainer -   Sensitivity: 0.87857
05/06/2026 22:12:15 - INFO - utils.trainer -   Loss: 0.14135
05/06/2026 22:12:15 - INFO - utils.trainer -    Train loss: 0.00084, Test loss: 0.14135,Epoch time = 2.132s
05/06/2026 22:12:17 - INFO - utils.trainer -   ***** Running evaluation on test0 dataset *****
05/06/2026 22:12:20 - INFO - utils.trainer -   AUC: 0.99828
05/06/2026 22:12:20 - INFO - utils.trainer -   Accuracy: 0.95238
05/06/2026 22:12:20 - INFO - utils.trainer -   Precision: 1.00000
05/06/2026 22:12:20 - INFO - utils.trainer -   Recall: 0.90714
05/06/2026 22:12:20 - INFO - utils.trainer -   F_score: 0.95131
05/06/2026 22:12:20 - INFO - utils.trainer -   Specificity: 1.00000
05/06/2026 22:12:20 - INFO - utils.trainer -   Sensitivity: 0.90714
05/06/2026 22:12:20 - INFO - utils.trainer -   Loss: 0.09734
05/06/2026 22:12:20 - INFO - utils.trainer -    Train loss: 0.01392, Test loss: 0.09734,Epoch time = 1.964s
05/06/2026 22:12:21 - INFO - utils.trainer -   ***** Running evaluation on test0 dataset *****
05/06/2026 22:12:23 - INFO - utils.trainer -   AUC: 0.99903
05/06/2026 22:12:23 - INFO - utils.trainer -   Accuracy: 0.95238
05/06/2026 22:12:23 - INFO - utils.trainer -   Precision: 1.00000
05/06/2026 22:12:23 - INFO - utils.trainer -   Recall: 0.90714
05/06/2026 22:12:23 - INFO - utils.trainer -   F_score: 0.95131
05/06/2026 22:12:23 - INFO - utils.trainer -   Specificity: 1.00000
05/06/2026 22:12:23 - INFO - utils.trainer -   Sensitivity: 0.90714
05/06/2026 22:12:23 - INFO - utils.trainer -   Loss: 0.09261
05/06/2026 22:12:23 - INFO - utils.trainer -    Train loss: 0.00072, Test loss: 0.09261,Epoch time = 1.911s
05/06/2026 22:12:25 - INFO - utils.trainer -   ***** Running evaluation on test0 dataset *****
05/06/2026 22:12:26 - INFO - utils.trainer -   AUC: 0.99979
05/06/2026 22:12:26 - INFO - utils.trainer -   Accuracy: 0.99267
05/06/2026 22:12:26 - INFO - utils.trainer -   Precision: 0.99286
05/06/2026 22:12:26 - INFO - utils.trainer -   Recall: 0.99286
05/06/2026 22:12:26 - INFO - utils.trainer -   F_score: 0.99286
05/06/2026 22:12:26 - INFO - utils.trainer -   Specificity: 0.99248
05/06/2026 22:12:26 - INFO - utils.trainer -   Sensitivity: 0.99286
05/06/2026 22:12:26 - INFO - utils.trainer -   Loss: 0.02357
05/06/2026 22:12:26 - INFO - utils.trainer -    Train loss: 0.00414, Test loss: 0.02357,Epoch time = 2.293s
05/06/2026 22:12:29 - INFO - utils.trainer -   ***** Running evaluation on test0 dataset *****
05/06/2026 22:12:30 - INFO - utils.trainer -   AUC: 0.99952
05/06/2026 22:12:30 - INFO - utils.trainer -   Accuracy: 0.97436
05/06/2026 22:12:30 - INFO - utils.trainer -   Precision: 0.99259
05/06/2026 22:12:30 - INFO - utils.trainer -   Recall: 0.95714
05/06/2026 22:12:30 - INFO - utils.trainer -   F_score: 0.97455
05/06/2026 22:12:30 - INFO - utils.trainer -   Specificity: 0.99248
05/06/2026 22:12:30 - INFO - utils.trainer -   Sensitivity: 0.95714
05/06/2026 22:12:30 - INFO - utils.trainer -   Loss: 0.04344
05/06/2026 22:12:30 - INFO - utils.trainer -    Train loss: 0.00041, Test loss: 0.04344,Epoch time = 2.543s
05/06/2026 22:12:33 - INFO - utils.trainer -   ***** Running evaluation on test0 dataset *****
05/06/2026 22:12:34 - INFO - utils.trainer -   AUC: 0.99968
05/06/2026 22:12:34 - INFO - utils.trainer -   Accuracy: 0.99267
05/06/2026 22:12:34 - INFO - utils.trainer -   Precision: 0.99286
05/06/2026 22:12:34 - INFO - utils.trainer -   Recall: 0.99286
05/06/2026 22:12:34 - INFO - utils.trainer -   F_score: 0.99286
05/06/2026 22:12:34 - INFO - utils.trainer -   Specificity: 0.99248
05/06/2026 22:12:34 - INFO - utils.trainer -   Sensitivity: 0.99286
05/06/2026 22:12:34 - INFO - utils.trainer -   Loss: 0.02981
05/06/2026 22:12:34 - INFO - utils.trainer -    Train loss: 0.00048, Test loss: 0.02981,Epoch time = 2.224s
05/06/2026 22:12:37 - INFO - utils.trainer -   ***** Running evaluation on test0 dataset *****
05/06/2026 22:12:38 - INFO - utils.trainer -   AUC: 0.99823
05/06/2026 22:12:38 - INFO - utils.trainer -   Accuracy: 0.96337
05/06/2026 22:12:38 - INFO - utils.trainer -   Precision: 1.00000
05/06/2026 22:12:38 - INFO - utils.trainer -   Recall: 0.92857
05/06/2026 22:12:38 - INFO - utils.trainer -   F_score: 0.96296
05/06/2026 22:12:38 - INFO - utils.trainer -   Specificity: 1.00000
05/06/2026 22:12:38 - INFO - utils.trainer -   Sensitivity: 0.92857
05/06/2026 22:12:38 - INFO - utils.trainer -   Loss: 0.07385
05/06/2026 22:12:38 - INFO - utils.trainer -    Train loss: 0.00060, Test loss: 0.07385,Epoch time = 2.496s
05/06/2026 22:12:40 - INFO - utils.trainer -   ***** Running evaluation on test0 dataset *****
05/06/2026 22:12:41 - INFO - utils.trainer -   AUC: 0.99941
05/06/2026 22:12:41 - INFO - utils.trainer -   Accuracy: 0.97070
05/06/2026 22:12:41 - INFO - utils.trainer -   Precision: 0.99254
05/06/2026 22:12:41 - INFO - utils.trainer -   Recall: 0.95000
05/06/2026 22:12:41 - INFO - utils.trainer -   F_score: 0.97080
05/06/2026 22:12:41 - INFO - utils.trainer -   Specificity: 0.99248
05/06/2026 22:12:41 - INFO - utils.trainer -   Sensitivity: 0.95000
05/06/2026 22:12:41 - INFO - utils.trainer -   Loss: 0.04717
05/06/2026 22:12:41 - INFO - utils.trainer -    Train loss: 0.00117, Test loss: 0.04717,Epoch time = 1.691s
05/06/2026 22:12:43 - INFO - utils.trainer -   ***** Running evaluation on test0 dataset *****
05/06/2026 22:12:45 - INFO - utils.trainer -   AUC: 0.99979
05/06/2026 22:12:45 - INFO - utils.trainer -   Accuracy: 0.99267
05/06/2026 22:12:45 - INFO - utils.trainer -   Precision: 0.99286
05/06/2026 22:12:45 - INFO - utils.trainer -   Recall: 0.99286
05/06/2026 22:12:45 - INFO - utils.trainer -   F_score: 0.99286
05/06/2026 22:12:45 - INFO - utils.trainer -   Specificity: 0.99248
05/06/2026 22:12:45 - INFO - utils.trainer -   Sensitivity: 0.99286
05/06/2026 22:12:45 - INFO - utils.trainer -   Loss: 0.02096
05/06/2026 22:12:45 - INFO - utils.trainer -    Train loss: 0.00040, Test loss: 0.02096,Epoch time = 2.081s
05/06/2026 22:12:47 - INFO - utils.trainer -   ***** Running evaluation on test0 dataset *****
05/06/2026 22:12:49 - INFO - utils.trainer -   AUC: 0.99952
05/06/2026 22:12:49 - INFO - utils.trainer -   Accuracy: 0.97436
05/06/2026 22:12:49 - INFO - utils.trainer -   Precision: 0.99259
05/06/2026 22:12:49 - INFO - utils.trainer -   Recall: 0.95714
05/06/2026 22:12:49 - INFO - utils.trainer -   F_score: 0.97455
05/06/2026 22:12:49 - INFO - utils.trainer -   Specificity: 0.99248
05/06/2026 22:12:49 - INFO - utils.trainer -   Sensitivity: 0.95714
05/06/2026 22:12:49 - INFO - utils.trainer -   Loss: 0.04297
05/06/2026 22:12:49 - INFO - utils.trainer -    Train loss: 0.00054, Test loss: 0.04297,Epoch time = 2.584s
05/06/2026 22:12:51 - INFO - utils.trainer -   ***** Running evaluation on test0 dataset *****
05/06/2026 22:12:53 - INFO - utils.trainer -   AUC: 0.99979
05/06/2026 22:12:53 - INFO - utils.trainer -   Accuracy: 0.99267
05/06/2026 22:12:53 - INFO - utils.trainer -   Precision: 0.99286
05/06/2026 22:12:53 - INFO - utils.trainer -   Recall: 0.99286
05/06/2026 22:12:53 - INFO - utils.trainer -   F_score: 0.99286
05/06/2026 22:12:53 - INFO - utils.trainer -   Specificity: 0.99248
05/06/2026 22:12:53 - INFO - utils.trainer -   Sensitivity: 0.99286
05/06/2026 22:12:53 - INFO - utils.trainer -   Loss: 0.02333
05/06/2026 22:12:53 - INFO - utils.trainer -    Train loss: 0.00039, Test loss: 0.02333,Epoch time = 2.362s
05/06/2026 22:12:54 - INFO - utils.trainer -   ***** Running evaluation on test0 dataset *****
05/06/2026 22:12:56 - INFO - utils.trainer -   AUC: 0.99968
05/06/2026 22:12:56 - INFO - utils.trainer -   Accuracy: 0.98168
05/06/2026 22:12:56 - INFO - utils.trainer -   Precision: 0.99270
05/06/2026 22:12:56 - INFO - utils.trainer -   Recall: 0.97143
05/06/2026 22:12:56 - INFO - utils.trainer -   F_score: 0.98195
05/06/2026 22:12:56 - INFO - utils.trainer -   Specificity: 0.99248
05/06/2026 22:12:56 - INFO - utils.trainer -   Sensitivity: 0.97143
05/06/2026 22:12:56 - INFO - utils.trainer -   Loss: 0.03050
05/06/2026 22:12:56 - INFO - utils.trainer -    Train loss: 0.00051, Test loss: 0.03050,Epoch time = 1.810s
05/06/2026 22:12:58 - INFO - utils.trainer -   ***** Running evaluation on test0 dataset *****
05/06/2026 22:13:00 - INFO - utils.trainer -   AUC: 0.99119
05/06/2026 22:13:00 - INFO - utils.trainer -   Accuracy: 0.92674
05/06/2026 22:13:00 - INFO - utils.trainer -   Precision: 0.99180
05/06/2026 22:13:00 - INFO - utils.trainer -   Recall: 0.86429
05/06/2026 22:13:00 - INFO - utils.trainer -   F_score: 0.92366
05/06/2026 22:13:00 - INFO - utils.trainer -   Specificity: 0.99248
05/06/2026 22:13:00 - INFO - utils.trainer -   Sensitivity: 0.86429
05/06/2026 22:13:00 - INFO - utils.trainer -   Loss: 0.16019
05/06/2026 22:13:00 - INFO - utils.trainer -    Train loss: 0.00988, Test loss: 0.16019,Epoch time = 2.124s
05/06/2026 22:13:02 - INFO - utils.trainer -   ***** Running evaluation on test0 dataset *****
05/06/2026 22:13:03 - INFO - utils.trainer -   AUC: 0.98695
05/06/2026 22:13:03 - INFO - utils.trainer -   Accuracy: 0.92674
05/06/2026 22:13:03 - INFO - utils.trainer -   Precision: 0.99180
05/06/2026 22:13:03 - INFO - utils.trainer -   Recall: 0.86429
05/06/2026 22:13:03 - INFO - utils.trainer -   F_score: 0.92366
05/06/2026 22:13:03 - INFO - utils.trainer -   Specificity: 0.99248
05/06/2026 22:13:03 - INFO - utils.trainer -   Sensitivity: 0.86429
05/06/2026 22:13:03 - INFO - utils.trainer -   Loss: 0.17693
05/06/2026 22:13:03 - INFO - utils.trainer -    Train loss: 0.00070, Test loss: 0.17693,Epoch time = 2.115s
05/06/2026 22:13:06 - INFO - utils.trainer -   ***** Running evaluation on test0 dataset *****
05/06/2026 22:13:07 - INFO - utils.trainer -   AUC: 0.98464
05/06/2026 22:13:07 - INFO - utils.trainer -   Accuracy: 0.93040
05/06/2026 22:13:07 - INFO - utils.trainer -   Precision: 0.99187
05/06/2026 22:13:07 - INFO - utils.trainer -   Recall: 0.87143
05/06/2026 22:13:07 - INFO - utils.trainer -   F_score: 0.92776
05/06/2026 22:13:07 - INFO - utils.trainer -   Specificity: 0.99248
05/06/2026 22:13:07 - INFO - utils.trainer -   Sensitivity: 0.87143
05/06/2026 22:13:07 - INFO - utils.trainer -   Loss: 0.18093
05/06/2026 22:13:07 - INFO - utils.trainer -    Train loss: 0.00092, Test loss: 0.18093,Epoch time = 2.274s
05/06/2026 22:13:09 - INFO - utils.trainer -   ***** Running evaluation on test0 dataset *****
05/06/2026 22:13:11 - INFO - utils.trainer -   AUC: 0.98781
05/06/2026 22:13:11 - INFO - utils.trainer -   Accuracy: 0.92674
05/06/2026 22:13:11 - INFO - utils.trainer -   Precision: 0.99180
05/06/2026 22:13:11 - INFO - utils.trainer -   Recall: 0.86429
05/06/2026 22:13:11 - INFO - utils.trainer -   F_score: 0.92366
05/06/2026 22:13:11 - INFO - utils.trainer -   Specificity: 0.99248
05/06/2026 22:13:11 - INFO - utils.trainer -   Sensitivity: 0.86429
05/06/2026 22:13:11 - INFO - utils.trainer -   Loss: 0.19185
05/06/2026 22:13:11 - INFO - utils.trainer -    Train loss: 0.01127, Test loss: 0.19185,Epoch time = 2.120s
05/06/2026 22:13:12 - INFO - utils.trainer -   ***** Running evaluation on test0 dataset *****
05/06/2026 22:13:14 - INFO - utils.trainer -   AUC: 0.98904
05/06/2026 22:13:14 - INFO - utils.trainer -   Accuracy: 0.93040
05/06/2026 22:13:14 - INFO - utils.trainer -   Precision: 0.99187
05/06/2026 22:13:14 - INFO - utils.trainer -   Recall: 0.87143
05/06/2026 22:13:14 - INFO - utils.trainer -   F_score: 0.92776
05/06/2026 22:13:14 - INFO - utils.trainer -   Specificity: 0.99248
05/06/2026 22:13:14 - INFO - utils.trainer -   Sensitivity: 0.87143
05/06/2026 22:13:14 - INFO - utils.trainer -   Loss: 0.16026
05/06/2026 22:13:14 - INFO - utils.trainer -    Train loss: 0.00099, Test loss: 0.16026,Epoch time = 1.761s
05/06/2026 22:13:16 - INFO - utils.trainer -   ***** Running evaluation on test0 dataset *****
05/06/2026 22:13:17 - INFO - utils.trainer -   AUC: 0.99135
05/06/2026 22:13:17 - INFO - utils.trainer -   Accuracy: 0.92674
05/06/2026 22:13:17 - INFO - utils.trainer -   Precision: 0.99180
05/06/2026 22:13:17 - INFO - utils.trainer -   Recall: 0.86429
05/06/2026 22:13:17 - INFO - utils.trainer -   F_score: 0.92366
05/06/2026 22:13:17 - INFO - utils.trainer -   Specificity: 0.99248
05/06/2026 22:13:17 - INFO - utils.trainer -   Sensitivity: 0.86429
05/06/2026 22:13:17 - INFO - utils.trainer -   Loss: 0.15547
05/06/2026 22:13:17 - INFO - utils.trainer -    Train loss: 0.00070, Test loss: 0.15547,Epoch time = 2.419s
05/06/2026 22:13:20 - INFO - utils.trainer -   ***** Running evaluation on test0 dataset *****
05/06/2026 22:13:21 - INFO - utils.trainer -   AUC: 0.99012
05/06/2026 22:13:21 - INFO - utils.trainer -   Accuracy: 0.92674
05/06/2026 22:13:21 - INFO - utils.trainer -   Precision: 0.99180
05/06/2026 22:13:21 - INFO - utils.trainer -   Recall: 0.86429
05/06/2026 22:13:21 - INFO - utils.trainer -   F_score: 0.92366
05/06/2026 22:13:21 - INFO - utils.trainer -   Specificity: 0.99248
05/06/2026 22:13:21 - INFO - utils.trainer -   Sensitivity: 0.86429
05/06/2026 22:13:21 - INFO - utils.trainer -   Loss: 0.16597
05/06/2026 22:13:21 - INFO - utils.trainer -    Train loss: 0.00052, Test loss: 0.16597,Epoch time = 2.328s
05/06/2026 22:13:23 - INFO - utils.trainer -   ***** Running evaluation on test0 dataset *****
05/06/2026 22:13:24 - INFO - utils.trainer -   AUC: 0.98990
05/06/2026 22:13:24 - INFO - utils.trainer -   Accuracy: 0.92674
05/06/2026 22:13:24 - INFO - utils.trainer -   Precision: 0.99180
05/06/2026 22:13:24 - INFO - utils.trainer -   Recall: 0.86429
05/06/2026 22:13:24 - INFO - utils.trainer -   F_score: 0.92366
05/06/2026 22:13:24 - INFO - utils.trainer -   Specificity: 0.99248
05/06/2026 22:13:24 - INFO - utils.trainer -   Sensitivity: 0.86429
05/06/2026 22:13:24 - INFO - utils.trainer -   Loss: 0.15972
05/06/2026 22:13:24 - INFO - utils.trainer -    Train loss: 0.00071, Test loss: 0.15972,Epoch time = 1.954s
05/06/2026 22:13:26 - INFO - utils.trainer -   ***** Running evaluation on test0 dataset *****
05/06/2026 22:13:27 - INFO - utils.trainer -   AUC: 0.98963
05/06/2026 22:13:27 - INFO - utils.trainer -   Accuracy: 0.92674
05/06/2026 22:13:27 - INFO - utils.trainer -   Precision: 0.99180
05/06/2026 22:13:27 - INFO - utils.trainer -   Recall: 0.86429
05/06/2026 22:13:27 - INFO - utils.trainer -   F_score: 0.92366
05/06/2026 22:13:27 - INFO - utils.trainer -   Specificity: 0.99248
05/06/2026 22:13:27 - INFO - utils.trainer -   Sensitivity: 0.86429
05/06/2026 22:13:27 - INFO - utils.trainer -   Loss: 0.16631
05/06/2026 22:13:27 - INFO - utils.trainer -    Train loss: 0.00070, Test loss: 0.16631,Epoch time = 2.227s
05/06/2026 22:13:30 - INFO - utils.trainer -   ***** Running evaluation on test0 dataset *****
05/06/2026 22:13:31 - INFO - utils.trainer -   AUC: 0.98840
05/06/2026 22:13:31 - INFO - utils.trainer -   Accuracy: 0.92674
05/06/2026 22:13:31 - INFO - utils.trainer -   Precision: 0.98387
05/06/2026 22:13:31 - INFO - utils.trainer -   Recall: 0.87143
05/06/2026 22:13:31 - INFO - utils.trainer -   F_score: 0.92424
05/06/2026 22:13:31 - INFO - utils.trainer -   Specificity: 0.98496
05/06/2026 22:13:31 - INFO - utils.trainer -   Sensitivity: 0.87143
05/06/2026 22:13:31 - INFO - utils.trainer -   Loss: 0.16424
05/06/2026 22:13:31 - INFO - utils.trainer -    Train loss: 0.00065, Test loss: 0.16424,Epoch time = 2.701s
05/06/2026 22:13:33 - INFO - utils.trainer -   ***** Running evaluation on test0 dataset *****
05/06/2026 22:13:35 - INFO - utils.trainer -   AUC: 0.99270
05/06/2026 22:13:35 - INFO - utils.trainer -   Accuracy: 0.93407
05/06/2026 22:13:35 - INFO - utils.trainer -   Precision: 0.99194
05/06/2026 22:13:35 - INFO - utils.trainer -   Recall: 0.87857
05/06/2026 22:13:35 - INFO - utils.trainer -   F_score: 0.93182
05/06/2026 22:13:35 - INFO - utils.trainer -   Specificity: 0.99248
05/06/2026 22:13:35 - INFO - utils.trainer -   Sensitivity: 0.87857
05/06/2026 22:13:35 - INFO - utils.trainer -   Loss: 0.14538
05/06/2026 22:13:35 - INFO - utils.trainer -    Train loss: 0.00801, Test loss: 0.14538,Epoch time = 2.258s
05/06/2026 22:13:37 - INFO - utils.trainer -   ***** Running evaluation on test0 dataset *****
05/06/2026 22:13:38 - INFO - utils.trainer -   AUC: 0.99098
05/06/2026 22:13:38 - INFO - utils.trainer -   Accuracy: 0.92674
05/06/2026 22:13:38 - INFO - utils.trainer -   Precision: 0.99180
05/06/2026 22:13:38 - INFO - utils.trainer -   Recall: 0.86429
05/06/2026 22:13:38 - INFO - utils.trainer -   F_score: 0.92366
05/06/2026 22:13:38 - INFO - utils.trainer -   Specificity: 0.99248
05/06/2026 22:13:38 - INFO - utils.trainer -   Sensitivity: 0.86429
05/06/2026 22:13:38 - INFO - utils.trainer -   Loss: 0.15357
05/06/2026 22:13:38 - INFO - utils.trainer -    Train loss: 0.00049, Test loss: 0.15357,Epoch time = 2.385s
05/06/2026 22:13:40 - INFO - utils.trainer -   ***** Running evaluation on test0 dataset *****
05/06/2026 22:13:42 - INFO - utils.trainer -   AUC: 0.99275
05/06/2026 22:13:42 - INFO - utils.trainer -   Accuracy: 0.93407
05/06/2026 22:13:42 - INFO - utils.trainer -   Precision: 0.99194
05/06/2026 22:13:42 - INFO - utils.trainer -   Recall: 0.87857
05/06/2026 22:13:42 - INFO - utils.trainer -   F_score: 0.93182
05/06/2026 22:13:42 - INFO - utils.trainer -   Specificity: 0.99248
05/06/2026 22:13:42 - INFO - utils.trainer -   Sensitivity: 0.87857
05/06/2026 22:13:42 - INFO - utils.trainer -   Loss: 0.14001
05/06/2026 22:13:42 - INFO - utils.trainer -    Train loss: 0.00240, Test loss: 0.14001,Epoch time = 2.113s
05/06/2026 22:13:44 - INFO - utils.trainer -   ***** Running evaluation on test0 dataset *****
05/06/2026 22:13:46 - INFO - utils.trainer -   AUC: 0.99345
05/06/2026 22:13:46 - INFO - utils.trainer -   Accuracy: 0.93407
05/06/2026 22:13:46 - INFO - utils.trainer -   Precision: 0.99194
05/06/2026 22:13:46 - INFO - utils.trainer -   Recall: 0.87857
05/06/2026 22:13:46 - INFO - utils.trainer -   F_score: 0.93182
05/06/2026 22:13:46 - INFO - utils.trainer -   Specificity: 0.99248
05/06/2026 22:13:46 - INFO - utils.trainer -   Sensitivity: 0.87857
05/06/2026 22:13:46 - INFO - utils.trainer -   Loss: 0.14153
05/06/2026 22:13:46 - INFO - utils.trainer -    Train loss: 0.00056, Test loss: 0.14153,Epoch time = 2.227s
05/06/2026 22:13:48 - INFO - utils.trainer -   ***** Running evaluation on test0 dataset *****
05/06/2026 22:13:49 - INFO - utils.trainer -   AUC: 0.99184
05/06/2026 22:13:49 - INFO - utils.trainer -   Accuracy: 0.93040
05/06/2026 22:13:49 - INFO - utils.trainer -   Precision: 0.99187
05/06/2026 22:13:49 - INFO - utils.trainer -   Recall: 0.87143
05/06/2026 22:13:49 - INFO - utils.trainer -   F_score: 0.92776
05/06/2026 22:13:49 - INFO - utils.trainer -   Specificity: 0.99248
05/06/2026 22:13:49 - INFO - utils.trainer -   Sensitivity: 0.87143
05/06/2026 22:13:49 - INFO - utils.trainer -   Loss: 0.15236
05/06/2026 22:13:49 - INFO - utils.trainer -    Train loss: 0.00099, Test loss: 0.15236,Epoch time = 2.367s
05/06/2026 22:13:51 - INFO - utils.trainer -   ***** Running evaluation on test0 dataset *****
05/06/2026 22:13:53 - INFO - utils.trainer -   AUC: 0.99173
05/06/2026 22:13:53 - INFO - utils.trainer -   Accuracy: 0.93040
05/06/2026 22:13:53 - INFO - utils.trainer -   Precision: 0.99187
05/06/2026 22:13:53 - INFO - utils.trainer -   Recall: 0.87143
05/06/2026 22:13:53 - INFO - utils.trainer -   F_score: 0.92776
05/06/2026 22:13:53 - INFO - utils.trainer -   Specificity: 0.99248
05/06/2026 22:13:53 - INFO - utils.trainer -   Sensitivity: 0.87143
05/06/2026 22:13:53 - INFO - utils.trainer -   Loss: 0.15814
05/06/2026 22:13:53 - INFO - utils.trainer -    Train loss: 0.00068, Test loss: 0.15814,Epoch time = 2.419s
05/06/2026 22:13:55 - INFO - utils.trainer -   ***** Running evaluation on test0 dataset *****
05/06/2026 22:13:56 - INFO - utils.trainer -   AUC: 0.99270
05/06/2026 22:13:56 - INFO - utils.trainer -   Accuracy: 0.93407
05/06/2026 22:13:56 - INFO - utils.trainer -   Precision: 0.99194
05/06/2026 22:13:56 - INFO - utils.trainer -   Recall: 0.87857
05/06/2026 22:13:56 - INFO - utils.trainer -   F_score: 0.93182
05/06/2026 22:13:56 - INFO - utils.trainer -   Specificity: 0.99248
05/06/2026 22:13:56 - INFO - utils.trainer -   Sensitivity: 0.87857
05/06/2026 22:13:56 - INFO - utils.trainer -   Loss: 0.14879
05/06/2026 22:13:56 - INFO - utils.trainer -    Train loss: 0.00053, Test loss: 0.14879,Epoch time = 1.989s
05/06/2026 22:13:58 - INFO - utils.trainer -   ***** Running evaluation on test0 dataset *****
05/06/2026 22:14:00 - INFO - utils.trainer -   AUC: 0.99259
05/06/2026 22:14:00 - INFO - utils.trainer -   Accuracy: 0.93407
05/06/2026 22:14:00 - INFO - utils.trainer -   Precision: 0.99194
05/06/2026 22:14:00 - INFO - utils.trainer -   Recall: 0.87857
05/06/2026 22:14:00 - INFO - utils.trainer -   F_score: 0.93182
05/06/2026 22:14:00 - INFO - utils.trainer -   Specificity: 0.99248
05/06/2026 22:14:00 - INFO - utils.trainer -   Sensitivity: 0.87857
05/06/2026 22:14:00 - INFO - utils.trainer -   Loss: 0.15003
05/06/2026 22:14:00 - INFO - utils.trainer -    Train loss: 0.00055, Test loss: 0.15003,Epoch time = 2.194s
05/06/2026 22:14:02 - INFO - utils.trainer -   ***** Running evaluation on test0 dataset *****
05/06/2026 22:14:04 - INFO - utils.trainer -   AUC: 0.99211
05/06/2026 22:14:04 - INFO - utils.trainer -   Accuracy: 0.93407
05/06/2026 22:14:04 - INFO - utils.trainer -   Precision: 0.99194
05/06/2026 22:14:04 - INFO - utils.trainer -   Recall: 0.87857
05/06/2026 22:14:04 - INFO - utils.trainer -   F_score: 0.93182
05/06/2026 22:14:04 - INFO - utils.trainer -   Specificity: 0.99248
05/06/2026 22:14:04 - INFO - utils.trainer -   Sensitivity: 0.87857
05/06/2026 22:14:04 - INFO - utils.trainer -   Loss: 0.15274
05/06/2026 22:14:04 - INFO - utils.trainer -    Train loss: 0.00082, Test loss: 0.15274,Epoch time = 2.504s
05/06/2026 22:14:06 - INFO - utils.trainer -   ***** Running evaluation on test0 dataset *****
05/06/2026 22:14:08 - INFO - utils.trainer -   AUC: 0.99227
05/06/2026 22:14:08 - INFO - utils.trainer -   Accuracy: 0.93407
05/06/2026 22:14:08 - INFO - utils.trainer -   Precision: 0.99194
05/06/2026 22:14:08 - INFO - utils.trainer -   Recall: 0.87857
05/06/2026 22:14:08 - INFO - utils.trainer -   F_score: 0.93182
05/06/2026 22:14:08 - INFO - utils.trainer -   Specificity: 0.99248
05/06/2026 22:14:08 - INFO - utils.trainer -   Sensitivity: 0.87857
05/06/2026 22:14:08 - INFO - utils.trainer -   Loss: 0.15075
05/06/2026 22:14:08 - INFO - utils.trainer -    Train loss: 0.00043, Test loss: 0.15075,Epoch time = 2.294s
05/06/2026 22:14:09 - INFO - utils.trainer -   ***** Running evaluation on test0 dataset *****
05/06/2026 22:14:11 - INFO - utils.trainer -   AUC: 0.99221
05/06/2026 22:14:11 - INFO - utils.trainer -   Accuracy: 0.93040
05/06/2026 22:14:11 - INFO - utils.trainer -   Precision: 0.99187
05/06/2026 22:14:11 - INFO - utils.trainer -   Recall: 0.87143
05/06/2026 22:14:11 - INFO - utils.trainer -   F_score: 0.92776
05/06/2026 22:14:11 - INFO - utils.trainer -   Specificity: 0.99248
05/06/2026 22:14:11 - INFO - utils.trainer -   Sensitivity: 0.87143
05/06/2026 22:14:11 - INFO - utils.trainer -   Loss: 0.15036
05/06/2026 22:14:11 - INFO - utils.trainer -    Train loss: 0.00068, Test loss: 0.15036,Epoch time = 1.855s
05/06/2026 22:14:13 - INFO - utils.trainer -   ***** Running evaluation on test0 dataset *****
05/06/2026 22:14:15 - INFO - utils.trainer -   AUC: 0.99216
05/06/2026 22:14:15 - INFO - utils.trainer -   Accuracy: 0.93040
05/06/2026 22:14:15 - INFO - utils.trainer -   Precision: 0.99187
05/06/2026 22:14:15 - INFO - utils.trainer -   Recall: 0.87143
05/06/2026 22:14:15 - INFO - utils.trainer -   F_score: 0.92776
05/06/2026 22:14:15 - INFO - utils.trainer -   Specificity: 0.99248
05/06/2026 22:14:15 - INFO - utils.trainer -   Sensitivity: 0.87143
05/06/2026 22:14:15 - INFO - utils.trainer -   Loss: 0.15825
05/06/2026 22:14:15 - INFO - utils.trainer -    Train loss: 0.00365, Test loss: 0.15825,Epoch time = 2.291s
05/06/2026 22:14:17 - INFO - utils.trainer -   ***** Running evaluation on test0 dataset *****
05/06/2026 22:14:19 - INFO - utils.trainer -   AUC: 0.99302
05/06/2026 22:14:19 - INFO - utils.trainer -   Accuracy: 0.93407
05/06/2026 22:14:19 - INFO - utils.trainer -   Precision: 0.99194
05/06/2026 22:14:19 - INFO - utils.trainer -   Recall: 0.87857
05/06/2026 22:14:19 - INFO - utils.trainer -   F_score: 0.93182
05/06/2026 22:14:19 - INFO - utils.trainer -   Specificity: 0.99248
05/06/2026 22:14:19 - INFO - utils.trainer -   Sensitivity: 0.87857
05/06/2026 22:14:19 - INFO - utils.trainer -   Loss: 0.14790
05/06/2026 22:14:19 - INFO - utils.trainer -    Train loss: 0.00083, Test loss: 0.14790,Epoch time = 2.419s
05/06/2026 22:14:21 - INFO - utils.trainer -   ***** Running evaluation on test0 dataset *****
05/06/2026 22:14:22 - INFO - utils.trainer -   AUC: 0.99436
05/06/2026 22:14:22 - INFO - utils.trainer -   Accuracy: 0.93407
05/06/2026 22:14:22 - INFO - utils.trainer -   Precision: 0.99194
05/06/2026 22:14:22 - INFO - utils.trainer -   Recall: 0.87857
05/06/2026 22:14:22 - INFO - utils.trainer -   F_score: 0.93182
05/06/2026 22:14:22 - INFO - utils.trainer -   Specificity: 0.99248
05/06/2026 22:14:22 - INFO - utils.trainer -   Sensitivity: 0.87857
05/06/2026 22:14:22 - INFO - utils.trainer -   Loss: 0.13579
05/06/2026 22:14:22 - INFO - utils.trainer -    Train loss: 0.00041, Test loss: 0.13579,Epoch time = 2.158s
05/06/2026 22:14:26 - INFO - __main__ -   ########## Repeat:1 ##########
05/06/2026 22:14:26 - INFO - utils.trainer -   ***** Running training *****
05/06/2026 22:14:26 - INFO - utils.trainer -     Num examples = 31
05/06/2026 22:14:26 - INFO - utils.trainer -     Num Epochs = 200
05/06/2026 22:14:26 - INFO - utils.trainer -     Total train batch size = 16
05/06/2026 22:14:26 - INFO - utils.trainer -     warmup steps = 400
05/06/2026 22:14:26 - INFO - utils.trainer -     Total optimization steps = 6200
05/06/2026 22:14:26 - INFO - utils.trainer -     Save steps = 200
05/06/2026 22:14:26 - INFO - root -   Parameters [normal] length [53]
05/06/2026 22:14:28 - INFO - utils.trainer -   ***** Running evaluation on test1 dataset *****
05/06/2026 22:14:30 - INFO - utils.trainer -   AUC: 0.99180
05/06/2026 22:14:30 - INFO - utils.trainer -   Accuracy: 0.52239
05/06/2026 22:14:30 - INFO - utils.trainer -   Precision: 0.52239
05/06/2026 22:14:30 - INFO - utils.trainer -   Recall: 1.00000
05/06/2026 22:14:30 - INFO - utils.trainer -   F_score: 0.68627
05/06/2026 22:14:30 - INFO - utils.trainer -   Specificity: 0.00000
05/06/2026 22:14:30 - INFO - utils.trainer -   Sensitivity: 1.00000
05/06/2026 22:14:30 - INFO - utils.trainer -   Loss: 0.68773
05/06/2026 22:14:30 - INFO - utils.trainer -    Train loss: 0.37094, Test loss: 0.68773,Epoch time = 2.474s
05/06/2026 22:14:30 - INFO - utils.trainer -   Saving model checkpoint to output_dir/CEEDNet
05/06/2026 22:14:31 - INFO - utils.trainer -   ***** Running evaluation on test1 dataset *****
05/06/2026 22:14:33 - INFO - utils.trainer -   AUC: 0.99911
05/06/2026 22:14:33 - INFO - utils.trainer -   Accuracy: 0.47761
05/06/2026 22:14:33 - INFO - utils.trainer -   Precision: 0.00000
05/06/2026 22:14:33 - INFO - utils.trainer -   Recall: 0.00000
05/06/2026 22:14:33 - INFO - utils.trainer -   F_score: 0.00000
05/06/2026 22:14:33 - INFO - utils.trainer -   Specificity: 1.00000
05/06/2026 22:14:33 - INFO - utils.trainer -   Sensitivity: 0.00000
05/06/2026 22:14:33 - INFO - utils.trainer -   Loss: 0.69964
05/06/2026 22:14:33 - INFO - utils.trainer -    Train loss: 0.20606, Test loss: 0.69964,Epoch time = 1.603s
05/06/2026 22:14:35 - INFO - utils.trainer -   ***** Running evaluation on test1 dataset *****
05/06/2026 22:14:36 - INFO - utils.trainer -   AUC: 0.93382
05/06/2026 22:14:36 - INFO - utils.trainer -   Accuracy: 0.55224
05/06/2026 22:14:36 - INFO - utils.trainer -   Precision: 0.95455
05/06/2026 22:14:36 - INFO - utils.trainer -   Recall: 0.15000
05/06/2026 22:14:36 - INFO - utils.trainer -   F_score: 0.25926
05/06/2026 22:14:36 - INFO - utils.trainer -   Specificity: 0.99219
05/06/2026 22:14:36 - INFO - utils.trainer -   Sensitivity: 0.15000
05/06/2026 22:14:36 - INFO - utils.trainer -   Loss: 0.64256
05/06/2026 22:14:36 - INFO - utils.trainer -    Train loss: 0.10255, Test loss: 0.64256,Epoch time = 2.165s
05/06/2026 22:14:36 - INFO - utils.trainer -   Saving model checkpoint to output_dir/CEEDNet
05/06/2026 22:14:39 - INFO - utils.trainer -   ***** Running evaluation on test1 dataset *****
05/06/2026 22:14:40 - INFO - utils.trainer -   AUC: 0.99888
05/06/2026 22:14:40 - INFO - utils.trainer -   Accuracy: 0.98134
05/06/2026 22:14:40 - INFO - utils.trainer -   Precision: 0.99270
05/06/2026 22:14:40 - INFO - utils.trainer -   Recall: 0.97143
05/06/2026 22:14:40 - INFO - utils.trainer -   F_score: 0.98195
05/06/2026 22:14:40 - INFO - utils.trainer -   Specificity: 0.99219
05/06/2026 22:14:40 - INFO - utils.trainer -   Sensitivity: 0.97143
05/06/2026 22:14:40 - INFO - utils.trainer -   Loss: 0.09622
05/06/2026 22:14:40 - INFO - utils.trainer -    Train loss: 0.10421, Test loss: 0.09622,Epoch time = 2.470s
05/06/2026 22:14:40 - INFO - utils.trainer -   Saving model checkpoint to output_dir/CEEDNet
05/06/2026 22:14:42 - INFO - utils.trainer -   ***** Running evaluation on test1 dataset *****
05/06/2026 22:14:44 - INFO - utils.trainer -   AUC: 0.99275
05/06/2026 22:14:44 - INFO - utils.trainer -   Accuracy: 0.92910
05/06/2026 22:14:44 - INFO - utils.trainer -   Precision: 0.99187
05/06/2026 22:14:44 - INFO - utils.trainer -   Recall: 0.87143
05/06/2026 22:14:44 - INFO - utils.trainer -   F_score: 0.92776
05/06/2026 22:14:44 - INFO - utils.trainer -   Specificity: 0.99219
05/06/2026 22:14:44 - INFO - utils.trainer -   Sensitivity: 0.87143
05/06/2026 22:14:44 - INFO - utils.trainer -   Loss: 0.36618
05/06/2026 22:14:44 - INFO - utils.trainer -    Train loss: 0.06838, Test loss: 0.36618,Epoch time = 2.474s
05/06/2026 22:14:46 - INFO - utils.trainer -   ***** Running evaluation on test1 dataset *****
05/06/2026 22:14:48 - INFO - utils.trainer -   AUC: 0.99280
05/06/2026 22:14:48 - INFO - utils.trainer -   Accuracy: 0.92164
05/06/2026 22:14:48 - INFO - utils.trainer -   Precision: 0.99174
05/06/2026 22:14:48 - INFO - utils.trainer -   Recall: 0.85714
05/06/2026 22:14:48 - INFO - utils.trainer -   F_score: 0.91954
05/06/2026 22:14:48 - INFO - utils.trainer -   Specificity: 0.99219
05/06/2026 22:14:48 - INFO - utils.trainer -   Sensitivity: 0.85714
05/06/2026 22:14:48 - INFO - utils.trainer -   Loss: 0.18673
05/06/2026 22:14:48 - INFO - utils.trainer -    Train loss: 0.02634, Test loss: 0.18673,Epoch time = 2.394s
05/06/2026 22:14:50 - INFO - utils.trainer -   ***** Running evaluation on test1 dataset *****
05/06/2026 22:14:52 - INFO - utils.trainer -   AUC: 0.99777
05/06/2026 22:14:52 - INFO - utils.trainer -   Accuracy: 0.98881
05/06/2026 22:14:52 - INFO - utils.trainer -   Precision: 0.99281
05/06/2026 22:14:52 - INFO - utils.trainer -   Recall: 0.98571
05/06/2026 22:14:52 - INFO - utils.trainer -   F_score: 0.98925
05/06/2026 22:14:52 - INFO - utils.trainer -   Specificity: 0.99219
05/06/2026 22:14:52 - INFO - utils.trainer -   Sensitivity: 0.98571
05/06/2026 22:14:52 - INFO - utils.trainer -   Loss: 0.09085
05/06/2026 22:14:52 - INFO - utils.trainer -    Train loss: 0.10194, Test loss: 0.09085,Epoch time = 2.219s
05/06/2026 22:14:52 - INFO - utils.trainer -   Saving model checkpoint to output_dir/CEEDNet
05/06/2026 22:14:54 - INFO - utils.trainer -   ***** Running evaluation on test1 dataset *****
05/06/2026 22:14:55 - INFO - utils.trainer -   AUC: 0.99950
05/06/2026 22:14:55 - INFO - utils.trainer -   Accuracy: 0.99627
05/06/2026 22:14:55 - INFO - utils.trainer -   Precision: 0.99291
05/06/2026 22:14:55 - INFO - utils.trainer -   Recall: 1.00000
05/06/2026 22:14:55 - INFO - utils.trainer -   F_score: 0.99644
05/06/2026 22:14:55 - INFO - utils.trainer -   Specificity: 0.99219
05/06/2026 22:14:55 - INFO - utils.trainer -   Sensitivity: 1.00000
05/06/2026 22:14:55 - INFO - utils.trainer -   Loss: 0.02723
05/06/2026 22:14:55 - INFO - utils.trainer -    Train loss: 0.07672, Test loss: 0.02723,Epoch time = 2.229s
05/06/2026 22:14:55 - INFO - utils.trainer -   Saving model checkpoint to output_dir/CEEDNet
05/06/2026 22:14:57 - INFO - utils.trainer -   ***** Running evaluation on test1 dataset *****
05/06/2026 22:14:59 - INFO - utils.trainer -   AUC: 0.98934
05/06/2026 22:14:59 - INFO - utils.trainer -   Accuracy: 0.68284
05/06/2026 22:14:59 - INFO - utils.trainer -   Precision: 1.00000
05/06/2026 22:14:59 - INFO - utils.trainer -   Recall: 0.39286
05/06/2026 22:14:59 - INFO - utils.trainer -   F_score: 0.56410
05/06/2026 22:14:59 - INFO - utils.trainer -   Specificity: 1.00000
05/06/2026 22:14:59 - INFO - utils.trainer -   Sensitivity: 0.39286
05/06/2026 22:14:59 - INFO - utils.trainer -   Loss: 0.54618
05/06/2026 22:14:59 - INFO - utils.trainer -    Train loss: 0.04108, Test loss: 0.54618,Epoch time = 2.017s
05/06/2026 22:15:01 - INFO - utils.trainer -   ***** Running evaluation on test1 dataset *****
05/06/2026 22:15:02 - INFO - utils.trainer -   AUC: 0.99576
05/06/2026 22:15:02 - INFO - utils.trainer -   Accuracy: 0.89552
05/06/2026 22:15:02 - INFO - utils.trainer -   Precision: 0.99123
05/06/2026 22:15:02 - INFO - utils.trainer -   Recall: 0.80714
05/06/2026 22:15:02 - INFO - utils.trainer -   F_score: 0.88976
05/06/2026 22:15:02 - INFO - utils.trainer -   Specificity: 0.99219
05/06/2026 22:15:02 - INFO - utils.trainer -   Sensitivity: 0.80714
05/06/2026 22:15:02 - INFO - utils.trainer -   Loss: 0.29481
05/06/2026 22:15:02 - INFO - utils.trainer -    Train loss: 0.07453, Test loss: 0.29481,Epoch time = 2.487s
05/06/2026 22:15:05 - INFO - utils.trainer -   ***** Running evaluation on test1 dataset *****
05/06/2026 22:15:06 - INFO - utils.trainer -   AUC: 0.99989
05/06/2026 22:15:06 - INFO - utils.trainer -   Accuracy: 0.95896
05/06/2026 22:15:06 - INFO - utils.trainer -   Precision: 1.00000
05/06/2026 22:15:06 - INFO - utils.trainer -   Recall: 0.92143
05/06/2026 22:15:06 - INFO - utils.trainer -   F_score: 0.95911
05/06/2026 22:15:06 - INFO - utils.trainer -   Specificity: 1.00000
05/06/2026 22:15:06 - INFO - utils.trainer -   Sensitivity: 0.92143
05/06/2026 22:15:06 - INFO - utils.trainer -   Loss: 0.20254
05/06/2026 22:15:06 - INFO - utils.trainer -    Train loss: 0.01129, Test loss: 0.20254,Epoch time = 2.665s
05/06/2026 22:15:08 - INFO - utils.trainer -   ***** Running evaluation on test1 dataset *****
05/06/2026 22:15:10 - INFO - utils.trainer -   AUC: 1.00000
05/06/2026 22:15:10 - INFO - utils.trainer -   Accuracy: 0.98881
05/06/2026 22:15:10 - INFO - utils.trainer -   Precision: 1.00000
05/06/2026 22:15:10 - INFO - utils.trainer -   Recall: 0.97857
05/06/2026 22:15:10 - INFO - utils.trainer -   F_score: 0.98917
05/06/2026 22:15:10 - INFO - utils.trainer -   Specificity: 1.00000
05/06/2026 22:15:10 - INFO - utils.trainer -   Sensitivity: 0.97857
05/06/2026 22:15:10 - INFO - utils.trainer -   Loss: 0.10696
05/06/2026 22:15:10 - INFO - utils.trainer -    Train loss: 0.03788, Test loss: 0.10696,Epoch time = 2.150s
05/06/2026 22:15:12 - INFO - utils.trainer -   ***** Running evaluation on test1 dataset *****
05/06/2026 22:15:14 - INFO - utils.trainer -   AUC: 1.00000
05/06/2026 22:15:14 - INFO - utils.trainer -   Accuracy: 0.99254
05/06/2026 22:15:14 - INFO - utils.trainer -   Precision: 1.00000
05/06/2026 22:15:14 - INFO - utils.trainer -   Recall: 0.98571
05/06/2026 22:15:14 - INFO - utils.trainer -   F_score: 0.99281
05/06/2026 22:15:14 - INFO - utils.trainer -   Specificity: 1.00000
05/06/2026 22:15:14 - INFO - utils.trainer -   Sensitivity: 0.98571
05/06/2026 22:15:14 - INFO - utils.trainer -   Loss: 0.07569
05/06/2026 22:15:14 - INFO - utils.trainer -    Train loss: 0.04212, Test loss: 0.07569,Epoch time = 2.096s
05/06/2026 22:15:16 - INFO - utils.trainer -   ***** Running evaluation on test1 dataset *****
05/06/2026 22:15:18 - INFO - utils.trainer -   AUC: 0.99983
05/06/2026 22:15:18 - INFO - utils.trainer -   Accuracy: 0.98881
05/06/2026 22:15:18 - INFO - utils.trainer -   Precision: 1.00000
05/06/2026 22:15:18 - INFO - utils.trainer -   Recall: 0.97857
05/06/2026 22:15:18 - INFO - utils.trainer -   F_score: 0.98917
05/06/2026 22:15:18 - INFO - utils.trainer -   Specificity: 1.00000
05/06/2026 22:15:18 - INFO - utils.trainer -   Sensitivity: 0.97857
05/06/2026 22:15:18 - INFO - utils.trainer -   Loss: 0.09497
05/06/2026 22:15:18 - INFO - utils.trainer -    Train loss: 0.03493, Test loss: 0.09497,Epoch time = 2.242s
05/06/2026 22:15:20 - INFO - utils.trainer -   ***** Running evaluation on test1 dataset *****
05/06/2026 22:15:21 - INFO - utils.trainer -   AUC: 1.00000
05/06/2026 22:15:21 - INFO - utils.trainer -   Accuracy: 0.98507
05/06/2026 22:15:21 - INFO - utils.trainer -   Precision: 1.00000
05/06/2026 22:15:21 - INFO - utils.trainer -   Recall: 0.97143
05/06/2026 22:15:21 - INFO - utils.trainer -   F_score: 0.98551
05/06/2026 22:15:21 - INFO - utils.trainer -   Specificity: 1.00000
05/06/2026 22:15:21 - INFO - utils.trainer -   Sensitivity: 0.97143
05/06/2026 22:15:21 - INFO - utils.trainer -   Loss: 0.19369
05/06/2026 22:15:21 - INFO - utils.trainer -    Train loss: 0.02137, Test loss: 0.19369,Epoch time = 2.321s
05/06/2026 22:15:24 - INFO - utils.trainer -   ***** Running evaluation on test1 dataset *****
05/06/2026 22:15:25 - INFO - utils.trainer -   AUC: 1.00000
05/06/2026 22:15:25 - INFO - utils.trainer -   Accuracy: 0.97761
05/06/2026 22:15:25 - INFO - utils.trainer -   Precision: 1.00000
05/06/2026 22:15:25 - INFO - utils.trainer -   Recall: 0.95714
05/06/2026 22:15:25 - INFO - utils.trainer -   F_score: 0.97810
05/06/2026 22:15:25 - INFO - utils.trainer -   Specificity: 1.00000
05/06/2026 22:15:25 - INFO - utils.trainer -   Sensitivity: 0.95714
05/06/2026 22:15:25 - INFO - utils.trainer -   Loss: 0.12002
05/06/2026 22:15:25 - INFO - utils.trainer -    Train loss: 0.00595, Test loss: 0.12002,Epoch time = 2.396s
05/06/2026 22:15:28 - INFO - utils.trainer -   ***** Running evaluation on test1 dataset *****
05/06/2026 22:15:29 - INFO - utils.trainer -   AUC: 0.99916
05/06/2026 22:15:29 - INFO - utils.trainer -   Accuracy: 0.94776
05/06/2026 22:15:29 - INFO - utils.trainer -   Precision: 1.00000
05/06/2026 22:15:29 - INFO - utils.trainer -   Recall: 0.90000
05/06/2026 22:15:29 - INFO - utils.trainer -   F_score: 0.94737
05/06/2026 22:15:29 - INFO - utils.trainer -   Specificity: 1.00000
05/06/2026 22:15:29 - INFO - utils.trainer -   Sensitivity: 0.90000
05/06/2026 22:15:29 - INFO - utils.trainer -   Loss: 0.12983
05/06/2026 22:15:29 - INFO - utils.trainer -    Train loss: 0.04954, Test loss: 0.12983,Epoch time = 2.618s
05/06/2026 22:15:31 - INFO - utils.trainer -   ***** Running evaluation on test1 dataset *****
05/06/2026 22:15:33 - INFO - utils.trainer -   AUC: 0.99994
05/06/2026 22:15:33 - INFO - utils.trainer -   Accuracy: 0.99627
05/06/2026 22:15:33 - INFO - utils.trainer -   Precision: 0.99291
05/06/2026 22:15:33 - INFO - utils.trainer -   Recall: 1.00000
05/06/2026 22:15:33 - INFO - utils.trainer -   F_score: 0.99644
05/06/2026 22:15:33 - INFO - utils.trainer -   Specificity: 0.99219
05/06/2026 22:15:33 - INFO - utils.trainer -   Sensitivity: 1.00000
05/06/2026 22:15:33 - INFO - utils.trainer -   Loss: 0.06622
05/06/2026 22:15:33 - INFO - utils.trainer -    Train loss: 0.02691, Test loss: 0.06622,Epoch time = 2.386s
05/06/2026 22:15:33 - INFO - utils.trainer -   Saving model checkpoint to output_dir/CEEDNet
05/06/2026 22:15:35 - INFO - utils.trainer -   ***** Running evaluation on test1 dataset *****
05/06/2026 22:15:36 - INFO - utils.trainer -   AUC: 1.00000
05/06/2026 22:15:36 - INFO - utils.trainer -   Accuracy: 0.98507
05/06/2026 22:15:36 - INFO - utils.trainer -   Precision: 1.00000
05/06/2026 22:15:36 - INFO - utils.trainer -   Recall: 0.97143
05/06/2026 22:15:36 - INFO - utils.trainer -   F_score: 0.98551
05/06/2026 22:15:36 - INFO - utils.trainer -   Specificity: 1.00000
05/06/2026 22:15:36 - INFO - utils.trainer -   Sensitivity: 0.97143
05/06/2026 22:15:36 - INFO - utils.trainer -   Loss: 0.07483
05/06/2026 22:15:36 - INFO - utils.trainer -    Train loss: 0.00919, Test loss: 0.07483,Epoch time = 2.205s
05/06/2026 22:15:39 - INFO - utils.trainer -   ***** Running evaluation on test1 dataset *****
05/06/2026 22:15:40 - INFO - utils.trainer -   AUC: 0.91629
05/06/2026 22:15:40 - INFO - utils.trainer -   Accuracy: 0.64179
05/06/2026 22:15:40 - INFO - utils.trainer -   Precision: 1.00000
05/06/2026 22:15:40 - INFO - utils.trainer -   Recall: 0.31429
05/06/2026 22:15:40 - INFO - utils.trainer -   F_score: 0.47826
05/06/2026 22:15:40 - INFO - utils.trainer -   Specificity: 1.00000
05/06/2026 22:15:40 - INFO - utils.trainer -   Sensitivity: 0.31429
05/06/2026 22:15:40 - INFO - utils.trainer -   Loss: 0.72984
05/06/2026 22:15:40 - INFO - utils.trainer -    Train loss: 0.04462, Test loss: 0.72984,Epoch time = 2.571s
05/06/2026 22:15:43 - INFO - utils.trainer -   ***** Running evaluation on test1 dataset *****
05/06/2026 22:15:44 - INFO - utils.trainer -   AUC: 1.00000
05/06/2026 22:15:44 - INFO - utils.trainer -   Accuracy: 0.98134
05/06/2026 22:15:44 - INFO - utils.trainer -   Precision: 1.00000
05/06/2026 22:15:44 - INFO - utils.trainer -   Recall: 0.96429
05/06/2026 22:15:44 - INFO - utils.trainer -   F_score: 0.98182
05/06/2026 22:15:44 - INFO - utils.trainer -   Specificity: 1.00000
05/06/2026 22:15:44 - INFO - utils.trainer -   Sensitivity: 0.96429
05/06/2026 22:15:44 - INFO - utils.trainer -   Loss: 0.07355
05/06/2026 22:15:44 - INFO - utils.trainer -    Train loss: 0.01415, Test loss: 0.07355,Epoch time = 2.654s
05/06/2026 22:15:46 - INFO - utils.trainer -   ***** Running evaluation on test1 dataset *****
05/06/2026 22:15:48 - INFO - utils.trainer -   AUC: 0.99877
05/06/2026 22:15:48 - INFO - utils.trainer -   Accuracy: 0.91418
05/06/2026 22:15:48 - INFO - utils.trainer -   Precision: 1.00000
05/06/2026 22:15:48 - INFO - utils.trainer -   Recall: 0.83571
05/06/2026 22:15:48 - INFO - utils.trainer -   F_score: 0.91051
05/06/2026 22:15:48 - INFO - utils.trainer -   Specificity: 1.00000
05/06/2026 22:15:48 - INFO - utils.trainer -   Sensitivity: 0.83571
05/06/2026 22:15:48 - INFO - utils.trainer -   Loss: 0.18452
05/06/2026 22:15:48 - INFO - utils.trainer -    Train loss: 0.04148, Test loss: 0.18452,Epoch time = 2.403s
05/06/2026 22:15:50 - INFO - utils.trainer -   ***** Running evaluation on test1 dataset *****
05/06/2026 22:15:52 - INFO - utils.trainer -   AUC: 0.99626
05/06/2026 22:15:52 - INFO - utils.trainer -   Accuracy: 0.91791
05/06/2026 22:15:52 - INFO - utils.trainer -   Precision: 0.99167
05/06/2026 22:15:52 - INFO - utils.trainer -   Recall: 0.85000
05/06/2026 22:15:52 - INFO - utils.trainer -   F_score: 0.91538
05/06/2026 22:15:52 - INFO - utils.trainer -   Specificity: 0.99219
05/06/2026 22:15:52 - INFO - utils.trainer -   Sensitivity: 0.85000
05/06/2026 22:15:52 - INFO - utils.trainer -   Loss: 0.17336
05/06/2026 22:15:52 - INFO - utils.trainer -    Train loss: 0.02219, Test loss: 0.17336,Epoch time = 2.234s
05/06/2026 22:15:54 - INFO - utils.trainer -   ***** Running evaluation on test1 dataset *****
05/06/2026 22:15:55 - INFO - utils.trainer -   AUC: 0.99955
05/06/2026 22:15:55 - INFO - utils.trainer -   Accuracy: 0.87313
05/06/2026 22:15:55 - INFO - utils.trainer -   Precision: 1.00000
05/06/2026 22:15:55 - INFO - utils.trainer -   Recall: 0.75714
05/06/2026 22:15:55 - INFO - utils.trainer -   F_score: 0.86179
05/06/2026 22:15:55 - INFO - utils.trainer -   Specificity: 1.00000
05/06/2026 22:15:55 - INFO - utils.trainer -   Sensitivity: 0.75714
05/06/2026 22:15:55 - INFO - utils.trainer -   Loss: 0.33188
05/06/2026 22:15:55 - INFO - utils.trainer -    Train loss: 0.02254, Test loss: 0.33188,Epoch time = 2.096s
05/06/2026 22:15:57 - INFO - utils.trainer -   ***** Running evaluation on test1 dataset *****
05/06/2026 22:15:59 - INFO - utils.trainer -   AUC: 1.00000
05/06/2026 22:15:59 - INFO - utils.trainer -   Accuracy: 0.98507
05/06/2026 22:15:59 - INFO - utils.trainer -   Precision: 1.00000
05/06/2026 22:15:59 - INFO - utils.trainer -   Recall: 0.97143
05/06/2026 22:15:59 - INFO - utils.trainer -   F_score: 0.98551
05/06/2026 22:15:59 - INFO - utils.trainer -   Specificity: 1.00000
05/06/2026 22:15:59 - INFO - utils.trainer -   Sensitivity: 0.97143
05/06/2026 22:15:59 - INFO - utils.trainer -   Loss: 0.12646
05/06/2026 22:15:59 - INFO - utils.trainer -    Train loss: 0.03554, Test loss: 0.12646,Epoch time = 2.103s
05/06/2026 22:16:01 - INFO - utils.trainer -   ***** Running evaluation on test1 dataset *****
05/06/2026 22:16:02 - INFO - utils.trainer -   AUC: 0.99972
05/06/2026 22:16:02 - INFO - utils.trainer -   Accuracy: 0.95522
05/06/2026 22:16:02 - INFO - utils.trainer -   Precision: 1.00000
05/06/2026 22:16:02 - INFO - utils.trainer -   Recall: 0.91429
05/06/2026 22:16:02 - INFO - utils.trainer -   F_score: 0.95522
05/06/2026 22:16:02 - INFO - utils.trainer -   Specificity: 1.00000
05/06/2026 22:16:02 - INFO - utils.trainer -   Sensitivity: 0.91429
05/06/2026 22:16:02 - INFO - utils.trainer -   Loss: 0.13932
05/06/2026 22:16:02 - INFO - utils.trainer -    Train loss: 0.00636, Test loss: 0.13932,Epoch time = 2.077s
05/06/2026 22:16:04 - INFO - utils.trainer -   ***** Running evaluation on test1 dataset *****
05/06/2026 22:16:05 - INFO - utils.trainer -   AUC: 1.00000
05/06/2026 22:16:05 - INFO - utils.trainer -   Accuracy: 0.90299
05/06/2026 22:16:05 - INFO - utils.trainer -   Precision: 1.00000
05/06/2026 22:16:05 - INFO - utils.trainer -   Recall: 0.81429
05/06/2026 22:16:05 - INFO - utils.trainer -   F_score: 0.89764
05/06/2026 22:16:05 - INFO - utils.trainer -   Specificity: 1.00000
05/06/2026 22:16:05 - INFO - utils.trainer -   Sensitivity: 0.81429
05/06/2026 22:16:05 - INFO - utils.trainer -   Loss: 0.22840
05/06/2026 22:16:05 - INFO - utils.trainer -    Train loss: 0.03576, Test loss: 0.22840,Epoch time = 2.349s
05/06/2026 22:16:07 - INFO - utils.trainer -   ***** Running evaluation on test1 dataset *****
05/06/2026 22:16:09 - INFO - utils.trainer -   AUC: 0.99967
05/06/2026 22:16:09 - INFO - utils.trainer -   Accuracy: 0.90672
05/06/2026 22:16:09 - INFO - utils.trainer -   Precision: 1.00000
05/06/2026 22:16:09 - INFO - utils.trainer -   Recall: 0.82143
05/06/2026 22:16:09 - INFO - utils.trainer -   F_score: 0.90196
05/06/2026 22:16:09 - INFO - utils.trainer -   Specificity: 1.00000
05/06/2026 22:16:09 - INFO - utils.trainer -   Sensitivity: 0.82143
05/06/2026 22:16:09 - INFO - utils.trainer -   Loss: 0.25335
05/06/2026 22:16:09 - INFO - utils.trainer -    Train loss: 0.00696, Test loss: 0.25335,Epoch time = 1.785s
05/06/2026 22:16:11 - INFO - utils.trainer -   ***** Running evaluation on test1 dataset *****
05/06/2026 22:16:12 - INFO - utils.trainer -   AUC: 0.99643
05/06/2026 22:16:12 - INFO - utils.trainer -   Accuracy: 0.98881
05/06/2026 22:16:12 - INFO - utils.trainer -   Precision: 0.99281
05/06/2026 22:16:12 - INFO - utils.trainer -   Recall: 0.98571
05/06/2026 22:16:12 - INFO - utils.trainer -   F_score: 0.98925
05/06/2026 22:16:12 - INFO - utils.trainer -   Specificity: 0.99219
05/06/2026 22:16:12 - INFO - utils.trainer -   Sensitivity: 0.98571
05/06/2026 22:16:12 - INFO - utils.trainer -   Loss: 0.04523
05/06/2026 22:16:12 - INFO - utils.trainer -    Train loss: 0.02194, Test loss: 0.04523,Epoch time = 1.843s
05/06/2026 22:16:14 - INFO - utils.trainer -   ***** Running evaluation on test1 dataset *****
05/06/2026 22:16:15 - INFO - utils.trainer -   AUC: 0.99905
05/06/2026 22:16:15 - INFO - utils.trainer -   Accuracy: 0.99627
05/06/2026 22:16:15 - INFO - utils.trainer -   Precision: 0.99291
05/06/2026 22:16:15 - INFO - utils.trainer -   Recall: 1.00000
05/06/2026 22:16:15 - INFO - utils.trainer -   F_score: 0.99644
05/06/2026 22:16:15 - INFO - utils.trainer -   Specificity: 0.99219
05/06/2026 22:16:15 - INFO - utils.trainer -   Sensitivity: 1.00000
05/06/2026 22:16:15 - INFO - utils.trainer -   Loss: 0.04693
05/06/2026 22:16:15 - INFO - utils.trainer -    Train loss: 0.04040, Test loss: 0.04693,Epoch time = 2.551s
05/06/2026 22:16:15 - INFO - utils.trainer -   Saving model checkpoint to output_dir/CEEDNet
05/06/2026 22:16:17 - INFO - utils.trainer -   ***** Running evaluation on test1 dataset *****
05/06/2026 22:16:19 - INFO - utils.trainer -   AUC: 1.00000
05/06/2026 22:16:19 - INFO - utils.trainer -   Accuracy: 0.97761
05/06/2026 22:16:19 - INFO - utils.trainer -   Precision: 1.00000
05/06/2026 22:16:19 - INFO - utils.trainer -   Recall: 0.95714
05/06/2026 22:16:19 - INFO - utils.trainer -   F_score: 0.97810
05/06/2026 22:16:19 - INFO - utils.trainer -   Specificity: 1.00000
05/06/2026 22:16:19 - INFO - utils.trainer -   Sensitivity: 0.95714
05/06/2026 22:16:19 - INFO - utils.trainer -   Loss: 0.12305
05/06/2026 22:16:19 - INFO - utils.trainer -    Train loss: 0.00688, Test loss: 0.12305,Epoch time = 1.940s
05/06/2026 22:16:21 - INFO - utils.trainer -   ***** Running evaluation on test1 dataset *****
05/06/2026 22:16:22 - INFO - utils.trainer -   AUC: 1.00000
05/06/2026 22:16:22 - INFO - utils.trainer -   Accuracy: 1.00000
05/06/2026 22:16:22 - INFO - utils.trainer -   Precision: 1.00000
05/06/2026 22:16:22 - INFO - utils.trainer -   Recall: 1.00000
05/06/2026 22:16:22 - INFO - utils.trainer -   F_score: 1.00000
05/06/2026 22:16:22 - INFO - utils.trainer -   Specificity: 1.00000
05/06/2026 22:16:22 - INFO - utils.trainer -   Sensitivity: 1.00000
05/06/2026 22:16:22 - INFO - utils.trainer -   Loss: 0.04663
05/06/2026 22:16:22 - INFO - utils.trainer -    Train loss: 0.00223, Test loss: 0.04663,Epoch time = 1.837s
05/06/2026 22:16:22 - INFO - utils.trainer -   Saving model checkpoint to output_dir/CEEDNet
05/06/2026 22:16:24 - INFO - utils.trainer -   ***** Running evaluation on test1 dataset *****
05/06/2026 22:16:25 - INFO - utils.trainer -   AUC: 1.00000
05/06/2026 22:16:25 - INFO - utils.trainer -   Accuracy: 0.99254
05/06/2026 22:16:25 - INFO - utils.trainer -   Precision: 1.00000
05/06/2026 22:16:25 - INFO - utils.trainer -   Recall: 0.98571
05/06/2026 22:16:25 - INFO - utils.trainer -   F_score: 0.99281
05/06/2026 22:16:25 - INFO - utils.trainer -   Specificity: 1.00000
05/06/2026 22:16:25 - INFO - utils.trainer -   Sensitivity: 0.98571
05/06/2026 22:16:25 - INFO - utils.trainer -   Loss: 0.05675
05/06/2026 22:16:25 - INFO - utils.trainer -    Train loss: 0.00131, Test loss: 0.05675,Epoch time = 2.500s
05/06/2026 22:16:28 - INFO - utils.trainer -   ***** Running evaluation on test1 dataset *****
05/06/2026 22:16:29 - INFO - utils.trainer -   AUC: 1.00000
05/06/2026 22:16:29 - INFO - utils.trainer -   Accuracy: 0.99627
05/06/2026 22:16:29 - INFO - utils.trainer -   Precision: 1.00000
05/06/2026 22:16:29 - INFO - utils.trainer -   Recall: 0.99286
05/06/2026 22:16:29 - INFO - utils.trainer -   F_score: 0.99642
05/06/2026 22:16:29 - INFO - utils.trainer -   Specificity: 1.00000
05/06/2026 22:16:29 - INFO - utils.trainer -   Sensitivity: 0.99286
05/06/2026 22:16:29 - INFO - utils.trainer -   Loss: 0.04198
05/06/2026 22:16:29 - INFO - utils.trainer -    Train loss: 0.00171, Test loss: 0.04198,Epoch time = 2.235s
05/06/2026 22:16:31 - INFO - utils.trainer -   ***** Running evaluation on test1 dataset *****
05/06/2026 22:16:32 - INFO - utils.trainer -   AUC: 1.00000
05/06/2026 22:16:32 - INFO - utils.trainer -   Accuracy: 0.99627
05/06/2026 22:16:32 - INFO - utils.trainer -   Precision: 0.99291
05/06/2026 22:16:32 - INFO - utils.trainer -   Recall: 1.00000
05/06/2026 22:16:32 - INFO - utils.trainer -   F_score: 0.99644
05/06/2026 22:16:32 - INFO - utils.trainer -   Specificity: 0.99219
05/06/2026 22:16:32 - INFO - utils.trainer -   Sensitivity: 1.00000
05/06/2026 22:16:32 - INFO - utils.trainer -   Loss: 0.05047
05/06/2026 22:16:32 - INFO - utils.trainer -    Train loss: 0.00332, Test loss: 0.05047,Epoch time = 1.889s
05/06/2026 22:16:35 - INFO - utils.trainer -   ***** Running evaluation on test1 dataset *****
05/06/2026 22:16:36 - INFO - utils.trainer -   AUC: 1.00000
05/06/2026 22:16:36 - INFO - utils.trainer -   Accuracy: 0.93657
05/06/2026 22:16:36 - INFO - utils.trainer -   Precision: 1.00000
05/06/2026 22:16:36 - INFO - utils.trainer -   Recall: 0.87857
05/06/2026 22:16:36 - INFO - utils.trainer -   F_score: 0.93536
05/06/2026 22:16:36 - INFO - utils.trainer -   Specificity: 1.00000
05/06/2026 22:16:36 - INFO - utils.trainer -   Sensitivity: 0.87857
05/06/2026 22:16:36 - INFO - utils.trainer -   Loss: 0.10621
05/06/2026 22:16:36 - INFO - utils.trainer -    Train loss: 0.03855, Test loss: 0.10621,Epoch time = 2.707s
05/06/2026 22:16:39 - INFO - utils.trainer -   ***** Running evaluation on test1 dataset *****
05/06/2026 22:16:40 - INFO - utils.trainer -   AUC: 1.00000
05/06/2026 22:16:40 - INFO - utils.trainer -   Accuracy: 0.99254
05/06/2026 22:16:40 - INFO - utils.trainer -   Precision: 1.00000
05/06/2026 22:16:40 - INFO - utils.trainer -   Recall: 0.98571
05/06/2026 22:16:40 - INFO - utils.trainer -   F_score: 0.99281
05/06/2026 22:16:40 - INFO - utils.trainer -   Specificity: 1.00000
05/06/2026 22:16:40 - INFO - utils.trainer -   Sensitivity: 0.98571
05/06/2026 22:16:40 - INFO - utils.trainer -   Loss: 0.14709
05/06/2026 22:16:40 - INFO - utils.trainer -    Train loss: 0.03952, Test loss: 0.14709,Epoch time = 2.597s
05/06/2026 22:16:42 - INFO - utils.trainer -   ***** Running evaluation on test1 dataset *****
05/06/2026 22:16:44 - INFO - utils.trainer -   AUC: 0.99983
05/06/2026 22:16:44 - INFO - utils.trainer -   Accuracy: 0.98881
05/06/2026 22:16:44 - INFO - utils.trainer -   Precision: 1.00000
05/06/2026 22:16:44 - INFO - utils.trainer -   Recall: 0.97857
05/06/2026 22:16:44 - INFO - utils.trainer -   F_score: 0.98917
05/06/2026 22:16:44 - INFO - utils.trainer -   Specificity: 1.00000
05/06/2026 22:16:44 - INFO - utils.trainer -   Sensitivity: 0.97857
05/06/2026 22:16:44 - INFO - utils.trainer -   Loss: 0.03556
05/06/2026 22:16:44 - INFO - utils.trainer -    Train loss: 0.02610, Test loss: 0.03556,Epoch time = 2.297s
05/06/2026 22:16:46 - INFO - utils.trainer -   ***** Running evaluation on test1 dataset *****
05/06/2026 22:16:47 - INFO - utils.trainer -   AUC: 1.00000
05/06/2026 22:16:47 - INFO - utils.trainer -   Accuracy: 0.98881
05/06/2026 22:16:47 - INFO - utils.trainer -   Precision: 1.00000
05/06/2026 22:16:47 - INFO - utils.trainer -   Recall: 0.97857
05/06/2026 22:16:47 - INFO - utils.trainer -   F_score: 0.98917
05/06/2026 22:16:47 - INFO - utils.trainer -   Specificity: 1.00000
05/06/2026 22:16:47 - INFO - utils.trainer -   Sensitivity: 0.97857
05/06/2026 22:16:47 - INFO - utils.trainer -   Loss: 0.07284
05/06/2026 22:16:47 - INFO - utils.trainer -    Train loss: 0.02000, Test loss: 0.07284,Epoch time = 2.188s
05/06/2026 22:16:50 - INFO - utils.trainer -   ***** Running evaluation on test1 dataset *****
05/06/2026 22:16:51 - INFO - utils.trainer -   AUC: 1.00000
05/06/2026 22:16:51 - INFO - utils.trainer -   Accuracy: 0.96642
05/06/2026 22:16:51 - INFO - utils.trainer -   Precision: 1.00000
05/06/2026 22:16:51 - INFO - utils.trainer -   Recall: 0.93571
05/06/2026 22:16:51 - INFO - utils.trainer -   F_score: 0.96679
05/06/2026 22:16:51 - INFO - utils.trainer -   Specificity: 1.00000
05/06/2026 22:16:51 - INFO - utils.trainer -   Sensitivity: 0.93571
05/06/2026 22:16:51 - INFO - utils.trainer -   Loss: 0.14881
05/06/2026 22:16:51 - INFO - utils.trainer -    Train loss: 0.00291, Test loss: 0.14881,Epoch time = 2.403s
05/06/2026 22:16:53 - INFO - utils.trainer -   ***** Running evaluation on test1 dataset *****
05/06/2026 22:16:55 - INFO - utils.trainer -   AUC: 1.00000
05/06/2026 22:16:55 - INFO - utils.trainer -   Accuracy: 0.91791
05/06/2026 22:16:55 - INFO - utils.trainer -   Precision: 1.00000
05/06/2026 22:16:55 - INFO - utils.trainer -   Recall: 0.84286
05/06/2026 22:16:55 - INFO - utils.trainer -   F_score: 0.91473
05/06/2026 22:16:55 - INFO - utils.trainer -   Specificity: 1.00000
05/06/2026 22:16:55 - INFO - utils.trainer -   Sensitivity: 0.84286
05/06/2026 22:16:55 - INFO - utils.trainer -   Loss: 0.19217
05/06/2026 22:16:55 - INFO - utils.trainer -    Train loss: 0.02593, Test loss: 0.19217,Epoch time = 1.939s
05/06/2026 22:16:57 - INFO - utils.trainer -   ***** Running evaluation on test1 dataset *****
05/06/2026 22:16:59 - INFO - utils.trainer -   AUC: 0.99526
05/06/2026 22:16:59 - INFO - utils.trainer -   Accuracy: 0.97761
05/06/2026 22:16:59 - INFO - utils.trainer -   Precision: 0.99265
05/06/2026 22:16:59 - INFO - utils.trainer -   Recall: 0.96429
05/06/2026 22:16:59 - INFO - utils.trainer -   F_score: 0.97826
05/06/2026 22:16:59 - INFO - utils.trainer -   Specificity: 0.99219
05/06/2026 22:16:59 - INFO - utils.trainer -   Sensitivity: 0.96429
05/06/2026 22:16:59 - INFO - utils.trainer -   Loss: 0.08981
05/06/2026 22:16:59 - INFO - utils.trainer -    Train loss: 0.02401, Test loss: 0.08981,Epoch time = 2.307s
05/06/2026 22:17:01 - INFO - utils.trainer -   ***** Running evaluation on test1 dataset *****
05/06/2026 22:17:02 - INFO - utils.trainer -   AUC: 0.99565
05/06/2026 22:17:02 - INFO - utils.trainer -   Accuracy: 0.92910
05/06/2026 22:17:02 - INFO - utils.trainer -   Precision: 1.00000
05/06/2026 22:17:02 - INFO - utils.trainer -   Recall: 0.86429
05/06/2026 22:17:02 - INFO - utils.trainer -   F_score: 0.92720
05/06/2026 22:17:02 - INFO - utils.trainer -   Specificity: 1.00000
05/06/2026 22:17:02 - INFO - utils.trainer -   Sensitivity: 0.86429
05/06/2026 22:17:02 - INFO - utils.trainer -   Loss: 0.55699
05/06/2026 22:17:02 - INFO - utils.trainer -    Train loss: 0.08397, Test loss: 0.55699,Epoch time = 2.304s
05/06/2026 22:17:04 - INFO - utils.trainer -   ***** Running evaluation on test1 dataset *****
05/06/2026 22:17:06 - INFO - utils.trainer -   AUC: 1.00000
05/06/2026 22:17:06 - INFO - utils.trainer -   Accuracy: 1.00000
05/06/2026 22:17:06 - INFO - utils.trainer -   Precision: 1.00000
05/06/2026 22:17:06 - INFO - utils.trainer -   Recall: 1.00000
05/06/2026 22:17:06 - INFO - utils.trainer -   F_score: 1.00000
05/06/2026 22:17:06 - INFO - utils.trainer -   Specificity: 1.00000
05/06/2026 22:17:06 - INFO - utils.trainer -   Sensitivity: 1.00000
05/06/2026 22:17:06 - INFO - utils.trainer -   Loss: 0.06038
05/06/2026 22:17:06 - INFO - utils.trainer -    Train loss: 0.01625, Test loss: 0.06038,Epoch time = 1.957s
05/06/2026 22:17:06 - INFO - utils.trainer -   Saving model checkpoint to output_dir/CEEDNet
05/06/2026 22:17:08 - INFO - utils.trainer -   ***** Running evaluation on test1 dataset *****
05/06/2026 22:17:09 - INFO - utils.trainer -   AUC: 0.99682
05/06/2026 22:17:09 - INFO - utils.trainer -   Accuracy: 0.98134
05/06/2026 22:17:09 - INFO - utils.trainer -   Precision: 0.97872
05/06/2026 22:17:09 - INFO - utils.trainer -   Recall: 0.98571
05/06/2026 22:17:09 - INFO - utils.trainer -   F_score: 0.98221
05/06/2026 22:17:09 - INFO - utils.trainer -   Specificity: 0.97656
05/06/2026 22:17:09 - INFO - utils.trainer -   Sensitivity: 0.98571
05/06/2026 22:17:09 - INFO - utils.trainer -   Loss: 0.11338
05/06/2026 22:17:09 - INFO - utils.trainer -    Train loss: 0.04204, Test loss: 0.11338,Epoch time = 1.885s
05/06/2026 22:17:11 - INFO - utils.trainer -   ***** Running evaluation on test1 dataset *****
05/06/2026 22:17:12 - INFO - utils.trainer -   AUC: 0.99989
05/06/2026 22:17:12 - INFO - utils.trainer -   Accuracy: 0.98134
05/06/2026 22:17:12 - INFO - utils.trainer -   Precision: 0.96552
05/06/2026 22:17:12 - INFO - utils.trainer -   Recall: 1.00000
05/06/2026 22:17:12 - INFO - utils.trainer -   F_score: 0.98246
05/06/2026 22:17:12 - INFO - utils.trainer -   Specificity: 0.96094
05/06/2026 22:17:12 - INFO - utils.trainer -   Sensitivity: 1.00000
05/06/2026 22:17:12 - INFO - utils.trainer -   Loss: 0.08815
05/06/2026 22:17:12 - INFO - utils.trainer -    Train loss: 0.02623, Test loss: 0.08815,Epoch time = 2.333s
05/06/2026 22:17:15 - INFO - utils.trainer -   ***** Running evaluation on test1 dataset *****
05/06/2026 22:17:16 - INFO - utils.trainer -   AUC: 0.99900
05/06/2026 22:17:16 - INFO - utils.trainer -   Accuracy: 0.91791
05/06/2026 22:17:16 - INFO - utils.trainer -   Precision: 1.00000
05/06/2026 22:17:16 - INFO - utils.trainer -   Recall: 0.84286
05/06/2026 22:17:16 - INFO - utils.trainer -   F_score: 0.91473
05/06/2026 22:17:16 - INFO - utils.trainer -   Specificity: 1.00000
05/06/2026 22:17:16 - INFO - utils.trainer -   Sensitivity: 0.84286
05/06/2026 22:17:16 - INFO - utils.trainer -   Loss: 0.20263
05/06/2026 22:17:16 - INFO - utils.trainer -    Train loss: 0.01891, Test loss: 0.20263,Epoch time = 2.247s
05/06/2026 22:17:18 - INFO - utils.trainer -   ***** Running evaluation on test1 dataset *****
05/06/2026 22:17:20 - INFO - utils.trainer -   AUC: 1.00000
05/06/2026 22:17:20 - INFO - utils.trainer -   Accuracy: 1.00000
05/06/2026 22:17:20 - INFO - utils.trainer -   Precision: 1.00000
05/06/2026 22:17:20 - INFO - utils.trainer -   Recall: 1.00000
05/06/2026 22:17:20 - INFO - utils.trainer -   F_score: 1.00000
05/06/2026 22:17:20 - INFO - utils.trainer -   Specificity: 1.00000
05/06/2026 22:17:20 - INFO - utils.trainer -   Sensitivity: 1.00000
05/06/2026 22:17:20 - INFO - utils.trainer -   Loss: 0.02256
05/06/2026 22:17:20 - INFO - utils.trainer -    Train loss: 0.03210, Test loss: 0.02256,Epoch time = 2.267s
05/06/2026 22:17:20 - INFO - utils.trainer -   Saving model checkpoint to output_dir/CEEDNet
05/06/2026 22:17:22 - INFO - utils.trainer -   ***** Running evaluation on test1 dataset *****
05/06/2026 22:17:24 - INFO - utils.trainer -   AUC: 1.00000
05/06/2026 22:17:24 - INFO - utils.trainer -   Accuracy: 0.91418
05/06/2026 22:17:24 - INFO - utils.trainer -   Precision: 1.00000
05/06/2026 22:17:24 - INFO - utils.trainer -   Recall: 0.83571
05/06/2026 22:17:24 - INFO - utils.trainer -   F_score: 0.91051
05/06/2026 22:17:24 - INFO - utils.trainer -   Specificity: 1.00000
05/06/2026 22:17:24 - INFO - utils.trainer -   Sensitivity: 0.83571
05/06/2026 22:17:24 - INFO - utils.trainer -   Loss: 0.12044
05/06/2026 22:17:24 - INFO - utils.trainer -    Train loss: 0.10496, Test loss: 0.12044,Epoch time = 2.112s
05/06/2026 22:17:26 - INFO - utils.trainer -   ***** Running evaluation on test1 dataset *****
05/06/2026 22:17:27 - INFO - utils.trainer -   AUC: 1.00000
05/06/2026 22:17:27 - INFO - utils.trainer -   Accuracy: 1.00000
05/06/2026 22:17:27 - INFO - utils.trainer -   Precision: 1.00000
05/06/2026 22:17:27 - INFO - utils.trainer -   Recall: 1.00000
05/06/2026 22:17:27 - INFO - utils.trainer -   F_score: 1.00000
05/06/2026 22:17:27 - INFO - utils.trainer -   Specificity: 1.00000
05/06/2026 22:17:27 - INFO - utils.trainer -   Sensitivity: 1.00000
05/06/2026 22:17:27 - INFO - utils.trainer -   Loss: 0.04076
05/06/2026 22:17:27 - INFO - utils.trainer -    Train loss: 0.03723, Test loss: 0.04076,Epoch time = 1.927s
05/06/2026 22:17:28 - INFO - utils.trainer -   Saving model checkpoint to output_dir/CEEDNet
05/06/2026 22:17:30 - INFO - utils.trainer -   ***** Running evaluation on test1 dataset *****
05/06/2026 22:17:31 - INFO - utils.trainer -   AUC: 1.00000
05/06/2026 22:17:31 - INFO - utils.trainer -   Accuracy: 0.95896
05/06/2026 22:17:31 - INFO - utils.trainer -   Precision: 1.00000
05/06/2026 22:17:31 - INFO - utils.trainer -   Recall: 0.92143
05/06/2026 22:17:31 - INFO - utils.trainer -   F_score: 0.95911
05/06/2026 22:17:31 - INFO - utils.trainer -   Specificity: 1.00000
05/06/2026 22:17:31 - INFO - utils.trainer -   Sensitivity: 0.92143
05/06/2026 22:17:31 - INFO - utils.trainer -   Loss: 0.10590
05/06/2026 22:17:31 - INFO - utils.trainer -    Train loss: 0.01428, Test loss: 0.10590,Epoch time = 2.313s
05/06/2026 22:17:34 - INFO - utils.trainer -   ***** Running evaluation on test1 dataset *****
05/06/2026 22:17:35 - INFO - utils.trainer -   AUC: 1.00000
05/06/2026 22:17:35 - INFO - utils.trainer -   Accuracy: 0.88806
05/06/2026 22:17:35 - INFO - utils.trainer -   Precision: 1.00000
05/06/2026 22:17:35 - INFO - utils.trainer -   Recall: 0.78571
05/06/2026 22:17:35 - INFO - utils.trainer -   F_score: 0.88000
05/06/2026 22:17:35 - INFO - utils.trainer -   Specificity: 1.00000
05/06/2026 22:17:35 - INFO - utils.trainer -   Sensitivity: 0.78571
05/06/2026 22:17:35 - INFO - utils.trainer -   Loss: 0.18097
05/06/2026 22:17:35 - INFO - utils.trainer -    Train loss: 0.02549, Test loss: 0.18097,Epoch time = 2.418s
05/06/2026 22:17:36 - INFO - utils.trainer -   ***** Running evaluation on test1 dataset *****
05/06/2026 22:17:38 - INFO - utils.trainer -   AUC: 1.00000
05/06/2026 22:17:38 - INFO - utils.trainer -   Accuracy: 1.00000
05/06/2026 22:17:38 - INFO - utils.trainer -   Precision: 1.00000
05/06/2026 22:17:38 - INFO - utils.trainer -   Recall: 1.00000
05/06/2026 22:17:38 - INFO - utils.trainer -   F_score: 1.00000
05/06/2026 22:17:38 - INFO - utils.trainer -   Specificity: 1.00000
05/06/2026 22:17:38 - INFO - utils.trainer -   Sensitivity: 1.00000
05/06/2026 22:17:38 - INFO - utils.trainer -   Loss: 0.09075
05/06/2026 22:17:38 - INFO - utils.trainer -    Train loss: 0.03288, Test loss: 0.09075,Epoch time = 1.507s
05/06/2026 22:17:38 - INFO - utils.trainer -   Saving model checkpoint to output_dir/CEEDNet
05/06/2026 22:17:40 - INFO - utils.trainer -   ***** Running evaluation on test1 dataset *****
05/06/2026 22:17:41 - INFO - utils.trainer -   AUC: 1.00000
05/06/2026 22:17:41 - INFO - utils.trainer -   Accuracy: 0.99254
05/06/2026 22:17:41 - INFO - utils.trainer -   Precision: 1.00000
05/06/2026 22:17:41 - INFO - utils.trainer -   Recall: 0.98571
05/06/2026 22:17:41 - INFO - utils.trainer -   F_score: 0.99281
05/06/2026 22:17:41 - INFO - utils.trainer -   Specificity: 1.00000
05/06/2026 22:17:41 - INFO - utils.trainer -   Sensitivity: 0.98571
05/06/2026 22:17:41 - INFO - utils.trainer -   Loss: 0.08612
05/06/2026 22:17:41 - INFO - utils.trainer -    Train loss: 0.02353, Test loss: 0.08612,Epoch time = 1.904s
05/06/2026 22:17:44 - INFO - utils.trainer -   ***** Running evaluation on test1 dataset *****
05/06/2026 22:17:45 - INFO - utils.trainer -   AUC: 1.00000
05/06/2026 22:17:45 - INFO - utils.trainer -   Accuracy: 1.00000
05/06/2026 22:17:45 - INFO - utils.trainer -   Precision: 1.00000
05/06/2026 22:17:45 - INFO - utils.trainer -   Recall: 1.00000
05/06/2026 22:17:45 - INFO - utils.trainer -   F_score: 1.00000
05/06/2026 22:17:45 - INFO - utils.trainer -   Specificity: 1.00000
05/06/2026 22:17:45 - INFO - utils.trainer -   Sensitivity: 1.00000
05/06/2026 22:17:45 - INFO - utils.trainer -   Loss: 0.09433
05/06/2026 22:17:45 - INFO - utils.trainer -    Train loss: 0.00552, Test loss: 0.09433,Epoch time = 2.249s
05/06/2026 22:17:45 - INFO - utils.trainer -   Saving model checkpoint to output_dir/CEEDNet
05/06/2026 22:17:47 - INFO - utils.trainer -   ***** Running evaluation on test1 dataset *****
05/06/2026 22:17:49 - INFO - utils.trainer -   AUC: 1.00000
05/06/2026 22:17:49 - INFO - utils.trainer -   Accuracy: 0.99254
05/06/2026 22:17:49 - INFO - utils.trainer -   Precision: 0.98592
05/06/2026 22:17:49 - INFO - utils.trainer -   Recall: 1.00000
05/06/2026 22:17:49 - INFO - utils.trainer -   F_score: 0.99291
05/06/2026 22:17:49 - INFO - utils.trainer -   Specificity: 0.98438
05/06/2026 22:17:49 - INFO - utils.trainer -   Sensitivity: 1.00000
05/06/2026 22:17:49 - INFO - utils.trainer -   Loss: 0.06323
05/06/2026 22:17:49 - INFO - utils.trainer -    Train loss: 0.00248, Test loss: 0.06323,Epoch time = 2.044s
05/06/2026 22:17:51 - INFO - utils.trainer -   ***** Running evaluation on test1 dataset *****
05/06/2026 22:17:52 - INFO - utils.trainer -   AUC: 0.99994
05/06/2026 22:17:52 - INFO - utils.trainer -   Accuracy: 0.98507
05/06/2026 22:17:52 - INFO - utils.trainer -   Precision: 0.97222
05/06/2026 22:17:52 - INFO - utils.trainer -   Recall: 1.00000
05/06/2026 22:17:52 - INFO - utils.trainer -   F_score: 0.98592
05/06/2026 22:17:52 - INFO - utils.trainer -   Specificity: 0.96875
05/06/2026 22:17:52 - INFO - utils.trainer -   Sensitivity: 1.00000
05/06/2026 22:17:52 - INFO - utils.trainer -   Loss: 0.02263
05/06/2026 22:17:52 - INFO - utils.trainer -    Train loss: 0.00929, Test loss: 0.02263,Epoch time = 2.442s
05/06/2026 22:17:55 - INFO - utils.trainer -   ***** Running evaluation on test1 dataset *****
05/06/2026 22:17:56 - INFO - utils.trainer -   AUC: 1.00000
05/06/2026 22:17:56 - INFO - utils.trainer -   Accuracy: 1.00000
05/06/2026 22:17:56 - INFO - utils.trainer -   Precision: 1.00000
05/06/2026 22:17:56 - INFO - utils.trainer -   Recall: 1.00000
05/06/2026 22:17:56 - INFO - utils.trainer -   F_score: 1.00000
05/06/2026 22:17:56 - INFO - utils.trainer -   Specificity: 1.00000
05/06/2026 22:17:56 - INFO - utils.trainer -   Sensitivity: 1.00000
05/06/2026 22:17:56 - INFO - utils.trainer -   Loss: 0.07642
05/06/2026 22:17:56 - INFO - utils.trainer -    Train loss: 0.01473, Test loss: 0.07642,Epoch time = 2.461s
05/06/2026 22:17:56 - INFO - utils.trainer -   Saving model checkpoint to output_dir/CEEDNet
05/06/2026 22:17:58 - INFO - utils.trainer -   ***** Running evaluation on test1 dataset *****
05/06/2026 22:18:00 - INFO - utils.trainer -   AUC: 1.00000
05/06/2026 22:18:00 - INFO - utils.trainer -   Accuracy: 0.97761
05/06/2026 22:18:00 - INFO - utils.trainer -   Precision: 1.00000
05/06/2026 22:18:00 - INFO - utils.trainer -   Recall: 0.95714
05/06/2026 22:18:00 - INFO - utils.trainer -   F_score: 0.97810
05/06/2026 22:18:00 - INFO - utils.trainer -   Specificity: 1.00000
05/06/2026 22:18:00 - INFO - utils.trainer -   Sensitivity: 0.95714
05/06/2026 22:18:00 - INFO - utils.trainer -   Loss: 0.06111
05/06/2026 22:18:00 - INFO - utils.trainer -    Train loss: 0.02476, Test loss: 0.06111,Epoch time = 2.389s
05/06/2026 22:18:02 - INFO - utils.trainer -   ***** Running evaluation on test1 dataset *****
05/06/2026 22:18:03 - INFO - utils.trainer -   AUC: 1.00000
05/06/2026 22:18:03 - INFO - utils.trainer -   Accuracy: 1.00000
05/06/2026 22:18:03 - INFO - utils.trainer -   Precision: 1.00000
05/06/2026 22:18:03 - INFO - utils.trainer -   Recall: 1.00000
05/06/2026 22:18:03 - INFO - utils.trainer -   F_score: 1.00000
05/06/2026 22:18:03 - INFO - utils.trainer -   Specificity: 1.00000
05/06/2026 22:18:03 - INFO - utils.trainer -   Sensitivity: 1.00000
05/06/2026 22:18:03 - INFO - utils.trainer -   Loss: 0.07483
05/06/2026 22:18:04 - INFO - utils.trainer -    Train loss: 0.01532, Test loss: 0.07483,Epoch time = 1.963s
05/06/2026 22:18:04 - INFO - utils.trainer -   Saving model checkpoint to output_dir/CEEDNet
05/06/2026 22:18:06 - INFO - utils.trainer -   ***** Running evaluation on test1 dataset *****
05/06/2026 22:18:07 - INFO - utils.trainer -   AUC: 0.99074
05/06/2026 22:18:07 - INFO - utils.trainer -   Accuracy: 0.94403
05/06/2026 22:18:07 - INFO - utils.trainer -   Precision: 1.00000
05/06/2026 22:18:07 - INFO - utils.trainer -   Recall: 0.89286
05/06/2026 22:18:07 - INFO - utils.trainer -   F_score: 0.94340
05/06/2026 22:18:07 - INFO - utils.trainer -   Specificity: 1.00000
05/06/2026 22:18:07 - INFO - utils.trainer -   Sensitivity: 0.89286
05/06/2026 22:18:07 - INFO - utils.trainer -   Loss: 0.20608
05/06/2026 22:18:07 - INFO - utils.trainer -    Train loss: 0.00226, Test loss: 0.20608,Epoch time = 1.938s
05/06/2026 22:18:10 - INFO - utils.trainer -   ***** Running evaluation on test1 dataset *****
05/06/2026 22:18:10 - INFO - utils.trainer -   AUC: 1.00000
05/06/2026 22:18:10 - INFO - utils.trainer -   Accuracy: 0.98881
05/06/2026 22:18:10 - INFO - utils.trainer -   Precision: 1.00000
05/06/2026 22:18:10 - INFO - utils.trainer -   Recall: 0.97857
05/06/2026 22:18:10 - INFO - utils.trainer -   F_score: 0.98917
05/06/2026 22:18:10 - INFO - utils.trainer -   Specificity: 1.00000
05/06/2026 22:18:10 - INFO - utils.trainer -   Sensitivity: 0.97857
05/06/2026 22:18:10 - INFO - utils.trainer -   Loss: 0.12124
05/06/2026 22:18:11 - INFO - utils.trainer -    Train loss: 0.00313, Test loss: 0.12124,Epoch time = 2.536s
05/06/2026 22:18:13 - INFO - utils.trainer -   ***** Running evaluation on test1 dataset *****
05/06/2026 22:18:14 - INFO - utils.trainer -   AUC: 1.00000
05/06/2026 22:18:14 - INFO - utils.trainer -   Accuracy: 1.00000
05/06/2026 22:18:14 - INFO - utils.trainer -   Precision: 1.00000
05/06/2026 22:18:14 - INFO - utils.trainer -   Recall: 1.00000
05/06/2026 22:18:14 - INFO - utils.trainer -   F_score: 1.00000
05/06/2026 22:18:14 - INFO - utils.trainer -   Specificity: 1.00000
05/06/2026 22:18:14 - INFO - utils.trainer -   Sensitivity: 1.00000
05/06/2026 22:18:14 - INFO - utils.trainer -   Loss: 0.11266
05/06/2026 22:18:14 - INFO - utils.trainer -    Train loss: 0.02613, Test loss: 0.11266,Epoch time = 2.347s
05/06/2026 22:18:14 - INFO - utils.trainer -   Saving model checkpoint to output_dir/CEEDNet
05/06/2026 22:18:16 - INFO - utils.trainer -   ***** Running evaluation on test1 dataset *****
05/06/2026 22:18:18 - INFO - utils.trainer -   AUC: 1.00000
05/06/2026 22:18:18 - INFO - utils.trainer -   Accuracy: 0.99627
05/06/2026 22:18:18 - INFO - utils.trainer -   Precision: 1.00000
05/06/2026 22:18:18 - INFO - utils.trainer -   Recall: 0.99286
05/06/2026 22:18:18 - INFO - utils.trainer -   F_score: 0.99642
05/06/2026 22:18:18 - INFO - utils.trainer -   Specificity: 1.00000
05/06/2026 22:18:18 - INFO - utils.trainer -   Sensitivity: 0.99286
05/06/2026 22:18:18 - INFO - utils.trainer -   Loss: 0.06251
05/06/2026 22:18:18 - INFO - utils.trainer -    Train loss: 0.01197, Test loss: 0.06251,Epoch time = 1.875s
05/06/2026 22:18:20 - INFO - utils.trainer -   ***** Running evaluation on test1 dataset *****
05/06/2026 22:18:21 - INFO - utils.trainer -   AUC: 1.00000
05/06/2026 22:18:21 - INFO - utils.trainer -   Accuracy: 0.98507
05/06/2026 22:18:21 - INFO - utils.trainer -   Precision: 1.00000
05/06/2026 22:18:21 - INFO - utils.trainer -   Recall: 0.97143
05/06/2026 22:18:21 - INFO - utils.trainer -   F_score: 0.98551
05/06/2026 22:18:21 - INFO - utils.trainer -   Specificity: 1.00000
05/06/2026 22:18:21 - INFO - utils.trainer -   Sensitivity: 0.97143
05/06/2026 22:18:21 - INFO - utils.trainer -   Loss: 0.09124
05/06/2026 22:18:21 - INFO - utils.trainer -    Train loss: 0.00355, Test loss: 0.09124,Epoch time = 2.259s
05/06/2026 22:18:24 - INFO - utils.trainer -   ***** Running evaluation on test1 dataset *****
05/06/2026 22:18:25 - INFO - utils.trainer -   AUC: 0.99933
05/06/2026 22:18:25 - INFO - utils.trainer -   Accuracy: 0.99254
05/06/2026 22:18:25 - INFO - utils.trainer -   Precision: 0.99286
05/06/2026 22:18:25 - INFO - utils.trainer -   Recall: 0.99286
05/06/2026 22:18:25 - INFO - utils.trainer -   F_score: 0.99286
05/06/2026 22:18:25 - INFO - utils.trainer -   Specificity: 0.99219
05/06/2026 22:18:25 - INFO - utils.trainer -   Sensitivity: 0.99286
05/06/2026 22:18:25 - INFO - utils.trainer -   Loss: 0.08601
05/06/2026 22:18:25 - INFO - utils.trainer -    Train loss: 0.02740, Test loss: 0.08601,Epoch time = 2.337s
05/06/2026 22:18:27 - INFO - utils.trainer -   ***** Running evaluation on test1 dataset *****
05/06/2026 22:18:29 - INFO - utils.trainer -   AUC: 1.00000
05/06/2026 22:18:29 - INFO - utils.trainer -   Accuracy: 0.98134
05/06/2026 22:18:29 - INFO - utils.trainer -   Precision: 1.00000
05/06/2026 22:18:29 - INFO - utils.trainer -   Recall: 0.96429
05/06/2026 22:18:29 - INFO - utils.trainer -   F_score: 0.98182
05/06/2026 22:18:29 - INFO - utils.trainer -   Specificity: 1.00000
05/06/2026 22:18:29 - INFO - utils.trainer -   Sensitivity: 0.96429
05/06/2026 22:18:29 - INFO - utils.trainer -   Loss: 0.14274
05/06/2026 22:18:29 - INFO - utils.trainer -    Train loss: 0.00595, Test loss: 0.14274,Epoch time = 2.208s
05/06/2026 22:18:31 - INFO - utils.trainer -   ***** Running evaluation on test1 dataset *****
05/06/2026 22:18:33 - INFO - utils.trainer -   AUC: 1.00000
05/06/2026 22:18:33 - INFO - utils.trainer -   Accuracy: 0.99627
05/06/2026 22:18:33 - INFO - utils.trainer -   Precision: 1.00000
05/06/2026 22:18:33 - INFO - utils.trainer -   Recall: 0.99286
05/06/2026 22:18:33 - INFO - utils.trainer -   F_score: 0.99642
05/06/2026 22:18:33 - INFO - utils.trainer -   Specificity: 1.00000
05/06/2026 22:18:33 - INFO - utils.trainer -   Sensitivity: 0.99286
05/06/2026 22:18:33 - INFO - utils.trainer -   Loss: 0.05868
05/06/2026 22:18:33 - INFO - utils.trainer -    Train loss: 0.00089, Test loss: 0.05868,Epoch time = 2.410s
05/06/2026 22:18:35 - INFO - utils.trainer -   ***** Running evaluation on test1 dataset *****
05/06/2026 22:18:37 - INFO - utils.trainer -   AUC: 0.99475
05/06/2026 22:18:37 - INFO - utils.trainer -   Accuracy: 0.95149
05/06/2026 22:18:37 - INFO - utils.trainer -   Precision: 0.99225
05/06/2026 22:18:37 - INFO - utils.trainer -   Recall: 0.91429
05/06/2026 22:18:37 - INFO - utils.trainer -   F_score: 0.95167
05/06/2026 22:18:37 - INFO - utils.trainer -   Specificity: 0.99219
05/06/2026 22:18:37 - INFO - utils.trainer -   Sensitivity: 0.91429
05/06/2026 22:18:37 - INFO - utils.trainer -   Loss: 0.11667
05/06/2026 22:18:37 - INFO - utils.trainer -    Train loss: 0.01498, Test loss: 0.11667,Epoch time = 2.595s
05/06/2026 22:18:39 - INFO - utils.trainer -   ***** Running evaluation on test1 dataset *****
05/06/2026 22:18:41 - INFO - utils.trainer -   AUC: 1.00000
05/06/2026 22:18:41 - INFO - utils.trainer -   Accuracy: 1.00000
05/06/2026 22:18:41 - INFO - utils.trainer -   Precision: 1.00000
05/06/2026 22:18:41 - INFO - utils.trainer -   Recall: 1.00000
05/06/2026 22:18:41 - INFO - utils.trainer -   F_score: 1.00000
05/06/2026 22:18:41 - INFO - utils.trainer -   Specificity: 1.00000
05/06/2026 22:18:41 - INFO - utils.trainer -   Sensitivity: 1.00000
05/06/2026 22:18:41 - INFO - utils.trainer -   Loss: 0.00664
05/06/2026 22:18:41 - INFO - utils.trainer -    Train loss: 0.04219, Test loss: 0.00664,Epoch time = 2.131s
05/06/2026 22:18:41 - INFO - utils.trainer -   Saving model checkpoint to output_dir/CEEDNet
05/06/2026 22:18:43 - INFO - utils.trainer -   ***** Running evaluation on test1 dataset *****
05/06/2026 22:18:44 - INFO - utils.trainer -   AUC: 1.00000
05/06/2026 22:18:44 - INFO - utils.trainer -   Accuracy: 1.00000
05/06/2026 22:18:44 - INFO - utils.trainer -   Precision: 1.00000
05/06/2026 22:18:44 - INFO - utils.trainer -   Recall: 1.00000
05/06/2026 22:18:44 - INFO - utils.trainer -   F_score: 1.00000
05/06/2026 22:18:44 - INFO - utils.trainer -   Specificity: 1.00000
05/06/2026 22:18:44 - INFO - utils.trainer -   Sensitivity: 1.00000
05/06/2026 22:18:44 - INFO - utils.trainer -   Loss: 0.01481
05/06/2026 22:18:44 - INFO - utils.trainer -    Train loss: 0.02324, Test loss: 0.01481,Epoch time = 1.798s
05/06/2026 22:18:44 - INFO - utils.trainer -   Saving model checkpoint to output_dir/CEEDNet
05/06/2026 22:18:46 - INFO - utils.trainer -   ***** Running evaluation on test1 dataset *****
05/06/2026 22:18:48 - INFO - utils.trainer -   AUC: 0.99838
05/06/2026 22:18:48 - INFO - utils.trainer -   Accuracy: 0.99254
05/06/2026 22:18:48 - INFO - utils.trainer -   Precision: 0.98592
05/06/2026 22:18:48 - INFO - utils.trainer -   Recall: 1.00000
05/06/2026 22:18:48 - INFO - utils.trainer -   F_score: 0.99291
05/06/2026 22:18:48 - INFO - utils.trainer -   Specificity: 0.98438
05/06/2026 22:18:48 - INFO - utils.trainer -   Sensitivity: 1.00000
05/06/2026 22:18:48 - INFO - utils.trainer -   Loss: 0.16415
05/06/2026 22:18:48 - INFO - utils.trainer -    Train loss: 0.02408, Test loss: 0.16415,Epoch time = 2.083s
05/06/2026 22:18:50 - INFO - utils.trainer -   ***** Running evaluation on test1 dataset *****
05/06/2026 22:18:51 - INFO - utils.trainer -   AUC: 1.00000
05/06/2026 22:18:51 - INFO - utils.trainer -   Accuracy: 0.80970
05/06/2026 22:18:51 - INFO - utils.trainer -   Precision: 1.00000
05/06/2026 22:18:51 - INFO - utils.trainer -   Recall: 0.63571
05/06/2026 22:18:51 - INFO - utils.trainer -   F_score: 0.77729
05/06/2026 22:18:51 - INFO - utils.trainer -   Specificity: 1.00000
05/06/2026 22:18:51 - INFO - utils.trainer -   Sensitivity: 0.63571
05/06/2026 22:18:51 - INFO - utils.trainer -   Loss: 0.63986
05/06/2026 22:18:51 - INFO - utils.trainer -    Train loss: 0.03436, Test loss: 0.63986,Epoch time = 2.497s
05/06/2026 22:18:53 - INFO - utils.trainer -   ***** Running evaluation on test1 dataset *****
05/06/2026 22:18:55 - INFO - utils.trainer -   AUC: 0.99978
05/06/2026 22:18:55 - INFO - utils.trainer -   Accuracy: 0.99254
05/06/2026 22:18:55 - INFO - utils.trainer -   Precision: 0.99286
05/06/2026 22:18:55 - INFO - utils.trainer -   Recall: 0.99286
05/06/2026 22:18:55 - INFO - utils.trainer -   F_score: 0.99286
05/06/2026 22:18:55 - INFO - utils.trainer -   Specificity: 0.99219
05/06/2026 22:18:55 - INFO - utils.trainer -   Sensitivity: 0.99286
05/06/2026 22:18:55 - INFO - utils.trainer -   Loss: 0.10282
05/06/2026 22:18:55 - INFO - utils.trainer -    Train loss: 0.07242, Test loss: 0.10282,Epoch time = 1.957s
05/06/2026 22:18:57 - INFO - utils.trainer -   ***** Running evaluation on test1 dataset *****
05/06/2026 22:18:59 - INFO - utils.trainer -   AUC: 0.99777
05/06/2026 22:18:59 - INFO - utils.trainer -   Accuracy: 0.97388
05/06/2026 22:18:59 - INFO - utils.trainer -   Precision: 0.96503
05/06/2026 22:18:59 - INFO - utils.trainer -   Recall: 0.98571
05/06/2026 22:18:59 - INFO - utils.trainer -   F_score: 0.97527
05/06/2026 22:18:59 - INFO - utils.trainer -   Specificity: 0.96094
05/06/2026 22:18:59 - INFO - utils.trainer -   Sensitivity: 0.98571
05/06/2026 22:18:59 - INFO - utils.trainer -   Loss: 0.22414
05/06/2026 22:18:59 - INFO - utils.trainer -    Train loss: 0.09980, Test loss: 0.22414,Epoch time = 1.867s
05/06/2026 22:19:01 - INFO - utils.trainer -   ***** Running evaluation on test1 dataset *****
05/06/2026 22:19:03 - INFO - utils.trainer -   AUC: 0.99978
05/06/2026 22:19:03 - INFO - utils.trainer -   Accuracy: 0.97388
05/06/2026 22:19:03 - INFO - utils.trainer -   Precision: 0.95238
05/06/2026 22:19:03 - INFO - utils.trainer -   Recall: 1.00000
05/06/2026 22:19:03 - INFO - utils.trainer -   F_score: 0.97561
05/06/2026 22:19:03 - INFO - utils.trainer -   Specificity: 0.94531
05/06/2026 22:19:03 - INFO - utils.trainer -   Sensitivity: 1.00000
05/06/2026 22:19:03 - INFO - utils.trainer -   Loss: 0.08215
05/06/2026 22:19:03 - INFO - utils.trainer -    Train loss: 0.04382, Test loss: 0.08215,Epoch time = 2.192s
05/06/2026 22:19:05 - INFO - utils.trainer -   ***** Running evaluation on test1 dataset *****
05/06/2026 22:19:06 - INFO - utils.trainer -   AUC: 0.99911
05/06/2026 22:19:06 - INFO - utils.trainer -   Accuracy: 0.92910
05/06/2026 22:19:06 - INFO - utils.trainer -   Precision: 1.00000
05/06/2026 22:19:06 - INFO - utils.trainer -   Recall: 0.86429
05/06/2026 22:19:06 - INFO - utils.trainer -   F_score: 0.92720
05/06/2026 22:19:06 - INFO - utils.trainer -   Specificity: 1.00000
05/06/2026 22:19:06 - INFO - utils.trainer -   Sensitivity: 0.86429
05/06/2026 22:19:06 - INFO - utils.trainer -   Loss: 0.20961
05/06/2026 22:19:06 - INFO - utils.trainer -    Train loss: 0.03463, Test loss: 0.20961,Epoch time = 2.320s
05/06/2026 22:19:08 - INFO - utils.trainer -   ***** Running evaluation on test1 dataset *****
05/06/2026 22:19:10 - INFO - utils.trainer -   AUC: 0.99900
05/06/2026 22:19:10 - INFO - utils.trainer -   Accuracy: 0.96269
05/06/2026 22:19:10 - INFO - utils.trainer -   Precision: 0.99242
05/06/2026 22:19:10 - INFO - utils.trainer -   Recall: 0.93571
05/06/2026 22:19:10 - INFO - utils.trainer -   F_score: 0.96324
05/06/2026 22:19:10 - INFO - utils.trainer -   Specificity: 0.99219
05/06/2026 22:19:10 - INFO - utils.trainer -   Sensitivity: 0.93571
05/06/2026 22:19:10 - INFO - utils.trainer -   Loss: 0.10055
05/06/2026 22:19:10 - INFO - utils.trainer -    Train loss: 0.00521, Test loss: 0.10055,Epoch time = 2.177s
05/06/2026 22:19:12 - INFO - utils.trainer -   ***** Running evaluation on test1 dataset *****
05/06/2026 22:19:13 - INFO - utils.trainer -   AUC: 0.99118
05/06/2026 22:19:13 - INFO - utils.trainer -   Accuracy: 0.60075
05/06/2026 22:19:13 - INFO - utils.trainer -   Precision: 0.97143
05/06/2026 22:19:13 - INFO - utils.trainer -   Recall: 0.24286
05/06/2026 22:19:13 - INFO - utils.trainer -   F_score: 0.38857
05/06/2026 22:19:13 - INFO - utils.trainer -   Specificity: 0.99219
05/06/2026 22:19:13 - INFO - utils.trainer -   Sensitivity: 0.24286
05/06/2026 22:19:13 - INFO - utils.trainer -   Loss: 1.11991
05/06/2026 22:19:13 - INFO - utils.trainer -    Train loss: 0.02122, Test loss: 1.11991,Epoch time = 2.011s
05/06/2026 22:19:15 - INFO - utils.trainer -   ***** Running evaluation on test1 dataset *****
05/06/2026 22:19:16 - INFO - utils.trainer -   AUC: 0.99888
05/06/2026 22:19:16 - INFO - utils.trainer -   Accuracy: 0.97388
05/06/2026 22:19:16 - INFO - utils.trainer -   Precision: 0.99259
05/06/2026 22:19:16 - INFO - utils.trainer -   Recall: 0.95714
05/06/2026 22:19:16 - INFO - utils.trainer -   F_score: 0.97455
05/06/2026 22:19:16 - INFO - utils.trainer -   Specificity: 0.99219
05/06/2026 22:19:16 - INFO - utils.trainer -   Sensitivity: 0.95714
05/06/2026 22:19:16 - INFO - utils.trainer -   Loss: 0.08471
05/06/2026 22:19:16 - INFO - utils.trainer -    Train loss: 0.00654, Test loss: 0.08471,Epoch time = 2.229s
05/06/2026 22:19:19 - INFO - utils.trainer -   ***** Running evaluation on test1 dataset *****
05/06/2026 22:19:20 - INFO - utils.trainer -   AUC: 0.99967
05/06/2026 22:19:20 - INFO - utils.trainer -   Accuracy: 0.96642
05/06/2026 22:19:20 - INFO - utils.trainer -   Precision: 1.00000
05/06/2026 22:19:20 - INFO - utils.trainer -   Recall: 0.93571
05/06/2026 22:19:20 - INFO - utils.trainer -   F_score: 0.96679
05/06/2026 22:19:20 - INFO - utils.trainer -   Specificity: 1.00000
05/06/2026 22:19:20 - INFO - utils.trainer -   Sensitivity: 0.93571
05/06/2026 22:19:20 - INFO - utils.trainer -   Loss: 0.07627
05/06/2026 22:19:20 - INFO - utils.trainer -    Train loss: 0.00810, Test loss: 0.07627,Epoch time = 2.283s
05/06/2026 22:19:22 - INFO - utils.trainer -   ***** Running evaluation on test1 dataset *****
05/06/2026 22:19:24 - INFO - utils.trainer -   AUC: 0.99989
05/06/2026 22:19:24 - INFO - utils.trainer -   Accuracy: 0.95149
05/06/2026 22:19:24 - INFO - utils.trainer -   Precision: 1.00000
05/06/2026 22:19:24 - INFO - utils.trainer -   Recall: 0.90714
05/06/2026 22:19:24 - INFO - utils.trainer -   F_score: 0.95131
05/06/2026 22:19:24 - INFO - utils.trainer -   Specificity: 1.00000
05/06/2026 22:19:24 - INFO - utils.trainer -   Sensitivity: 0.90714
05/06/2026 22:19:24 - INFO - utils.trainer -   Loss: 0.12661
05/06/2026 22:19:24 - INFO - utils.trainer -    Train loss: 0.00421, Test loss: 0.12661,Epoch time = 2.338s
05/06/2026 22:19:26 - INFO - utils.trainer -   ***** Running evaluation on test1 dataset *****
05/06/2026 22:19:27 - INFO - utils.trainer -   AUC: 1.00000
05/06/2026 22:19:27 - INFO - utils.trainer -   Accuracy: 0.99627
05/06/2026 22:19:27 - INFO - utils.trainer -   Precision: 0.99291
05/06/2026 22:19:27 - INFO - utils.trainer -   Recall: 1.00000
05/06/2026 22:19:27 - INFO - utils.trainer -   F_score: 0.99644
05/06/2026 22:19:27 - INFO - utils.trainer -   Specificity: 0.99219
05/06/2026 22:19:27 - INFO - utils.trainer -   Sensitivity: 1.00000
05/06/2026 22:19:27 - INFO - utils.trainer -   Loss: 0.04482
05/06/2026 22:19:27 - INFO - utils.trainer -    Train loss: 0.07524, Test loss: 0.04482,Epoch time = 1.686s
05/06/2026 22:19:29 - INFO - utils.trainer -   ***** Running evaluation on test1 dataset *****
05/06/2026 22:19:31 - INFO - utils.trainer -   AUC: 1.00000
05/06/2026 22:19:31 - INFO - utils.trainer -   Accuracy: 1.00000
05/06/2026 22:19:31 - INFO - utils.trainer -   Precision: 1.00000
05/06/2026 22:19:31 - INFO - utils.trainer -   Recall: 1.00000
05/06/2026 22:19:31 - INFO - utils.trainer -   F_score: 1.00000
05/06/2026 22:19:31 - INFO - utils.trainer -   Specificity: 1.00000
05/06/2026 22:19:31 - INFO - utils.trainer -   Sensitivity: 1.00000
05/06/2026 22:19:31 - INFO - utils.trainer -   Loss: 0.04496
05/06/2026 22:19:31 - INFO - utils.trainer -    Train loss: 0.01234, Test loss: 0.04496,Epoch time = 2.066s
05/06/2026 22:19:31 - INFO - utils.trainer -   Saving model checkpoint to output_dir/CEEDNet
05/06/2026 22:19:33 - INFO - utils.trainer -   ***** Running evaluation on test1 dataset *****
05/06/2026 22:19:35 - INFO - utils.trainer -   AUC: 1.00000
05/06/2026 22:19:35 - INFO - utils.trainer -   Accuracy: 0.99254
05/06/2026 22:19:35 - INFO - utils.trainer -   Precision: 1.00000
05/06/2026 22:19:35 - INFO - utils.trainer -   Recall: 0.98571
05/06/2026 22:19:35 - INFO - utils.trainer -   F_score: 0.99281
05/06/2026 22:19:35 - INFO - utils.trainer -   Specificity: 1.00000
05/06/2026 22:19:35 - INFO - utils.trainer -   Sensitivity: 0.98571
05/06/2026 22:19:35 - INFO - utils.trainer -   Loss: 0.06044
05/06/2026 22:19:35 - INFO - utils.trainer -    Train loss: 0.00859, Test loss: 0.06044,Epoch time = 2.602s
05/06/2026 22:19:37 - INFO - utils.trainer -   ***** Running evaluation on test1 dataset *****
05/06/2026 22:19:38 - INFO - utils.trainer -   AUC: 0.99933
05/06/2026 22:19:38 - INFO - utils.trainer -   Accuracy: 0.94776
05/06/2026 22:19:38 - INFO - utils.trainer -   Precision: 1.00000
05/06/2026 22:19:38 - INFO - utils.trainer -   Recall: 0.90000
05/06/2026 22:19:38 - INFO - utils.trainer -   F_score: 0.94737
05/06/2026 22:19:38 - INFO - utils.trainer -   Specificity: 1.00000
05/06/2026 22:19:38 - INFO - utils.trainer -   Sensitivity: 0.90000
05/06/2026 22:19:38 - INFO - utils.trainer -   Loss: 0.08786
05/06/2026 22:19:38 - INFO - utils.trainer -    Train loss: 0.00545, Test loss: 0.08786,Epoch time = 2.350s
05/06/2026 22:19:40 - INFO - utils.trainer -   ***** Running evaluation on test1 dataset *****
05/06/2026 22:19:42 - INFO - utils.trainer -   AUC: 1.00000
05/06/2026 22:19:42 - INFO - utils.trainer -   Accuracy: 0.97015
05/06/2026 22:19:42 - INFO - utils.trainer -   Precision: 1.00000
05/06/2026 22:19:42 - INFO - utils.trainer -   Recall: 0.94286
05/06/2026 22:19:42 - INFO - utils.trainer -   F_score: 0.97059
05/06/2026 22:19:42 - INFO - utils.trainer -   Specificity: 1.00000
05/06/2026 22:19:42 - INFO - utils.trainer -   Sensitivity: 0.94286
05/06/2026 22:19:42 - INFO - utils.trainer -   Loss: 0.08209
05/06/2026 22:19:42 - INFO - utils.trainer -    Train loss: 0.00959, Test loss: 0.08209,Epoch time = 1.924s
05/06/2026 22:19:44 - INFO - utils.trainer -   ***** Running evaluation on test1 dataset *****
05/06/2026 22:19:46 - INFO - utils.trainer -   AUC: 0.99989
05/06/2026 22:19:46 - INFO - utils.trainer -   Accuracy: 0.99254
05/06/2026 22:19:46 - INFO - utils.trainer -   Precision: 0.99286
05/06/2026 22:19:46 - INFO - utils.trainer -   Recall: 0.99286
05/06/2026 22:19:46 - INFO - utils.trainer -   F_score: 0.99286
05/06/2026 22:19:46 - INFO - utils.trainer -   Specificity: 0.99219
05/06/2026 22:19:46 - INFO - utils.trainer -   Sensitivity: 0.99286
05/06/2026 22:19:46 - INFO - utils.trainer -   Loss: 0.03524
05/06/2026 22:19:46 - INFO - utils.trainer -    Train loss: 0.00987, Test loss: 0.03524,Epoch time = 2.329s
05/06/2026 22:19:48 - INFO - utils.trainer -   ***** Running evaluation on test1 dataset *****
05/06/2026 22:19:49 - INFO - utils.trainer -   AUC: 1.00000
05/06/2026 22:19:49 - INFO - utils.trainer -   Accuracy: 0.99627
05/06/2026 22:19:49 - INFO - utils.trainer -   Precision: 0.99291
05/06/2026 22:19:49 - INFO - utils.trainer -   Recall: 1.00000
05/06/2026 22:19:49 - INFO - utils.trainer -   F_score: 0.99644
05/06/2026 22:19:49 - INFO - utils.trainer -   Specificity: 0.99219
05/06/2026 22:19:49 - INFO - utils.trainer -   Sensitivity: 1.00000
05/06/2026 22:19:49 - INFO - utils.trainer -   Loss: 0.02686
05/06/2026 22:19:49 - INFO - utils.trainer -    Train loss: 0.00317, Test loss: 0.02686,Epoch time = 2.115s
05/06/2026 22:19:51 - INFO - utils.trainer -   ***** Running evaluation on test1 dataset *****
05/06/2026 22:19:53 - INFO - utils.trainer -   AUC: 0.99994
05/06/2026 22:19:53 - INFO - utils.trainer -   Accuracy: 0.99627
05/06/2026 22:19:53 - INFO - utils.trainer -   Precision: 0.99291
05/06/2026 22:19:53 - INFO - utils.trainer -   Recall: 1.00000
05/06/2026 22:19:53 - INFO - utils.trainer -   F_score: 0.99644
05/06/2026 22:19:53 - INFO - utils.trainer -   Specificity: 0.99219
05/06/2026 22:19:53 - INFO - utils.trainer -   Sensitivity: 1.00000
05/06/2026 22:19:53 - INFO - utils.trainer -   Loss: 0.01664
05/06/2026 22:19:53 - INFO - utils.trainer -    Train loss: 0.00170, Test loss: 0.01664,Epoch time = 2.188s
05/06/2026 22:19:55 - INFO - utils.trainer -   ***** Running evaluation on test1 dataset *****
05/06/2026 22:19:56 - INFO - utils.trainer -   AUC: 0.99983
05/06/2026 22:19:56 - INFO - utils.trainer -   Accuracy: 0.98507
05/06/2026 22:19:56 - INFO - utils.trainer -   Precision: 0.99275
05/06/2026 22:19:56 - INFO - utils.trainer -   Recall: 0.97857
05/06/2026 22:19:56 - INFO - utils.trainer -   F_score: 0.98561
05/06/2026 22:19:56 - INFO - utils.trainer -   Specificity: 0.99219
05/06/2026 22:19:56 - INFO - utils.trainer -   Sensitivity: 0.97857
05/06/2026 22:19:56 - INFO - utils.trainer -   Loss: 0.02816
05/06/2026 22:19:56 - INFO - utils.trainer -    Train loss: 0.00115, Test loss: 0.02816,Epoch time = 2.200s
05/06/2026 22:19:58 - INFO - utils.trainer -   ***** Running evaluation on test1 dataset *****
05/06/2026 22:20:00 - INFO - utils.trainer -   AUC: 0.99983
05/06/2026 22:20:00 - INFO - utils.trainer -   Accuracy: 0.98507
05/06/2026 22:20:00 - INFO - utils.trainer -   Precision: 1.00000
05/06/2026 22:20:00 - INFO - utils.trainer -   Recall: 0.97143
05/06/2026 22:20:00 - INFO - utils.trainer -   F_score: 0.98551
05/06/2026 22:20:00 - INFO - utils.trainer -   Specificity: 1.00000
05/06/2026 22:20:00 - INFO - utils.trainer -   Sensitivity: 0.97143
05/06/2026 22:20:00 - INFO - utils.trainer -   Loss: 0.04465
05/06/2026 22:20:00 - INFO - utils.trainer -    Train loss: 0.00063, Test loss: 0.04465,Epoch time = 2.131s
05/06/2026 22:20:02 - INFO - utils.trainer -   ***** Running evaluation on test1 dataset *****
05/06/2026 22:20:03 - INFO - utils.trainer -   AUC: 1.00000
05/06/2026 22:20:03 - INFO - utils.trainer -   Accuracy: 0.99254
05/06/2026 22:20:03 - INFO - utils.trainer -   Precision: 1.00000
05/06/2026 22:20:03 - INFO - utils.trainer -   Recall: 0.98571
05/06/2026 22:20:03 - INFO - utils.trainer -   F_score: 0.99281
05/06/2026 22:20:03 - INFO - utils.trainer -   Specificity: 1.00000
05/06/2026 22:20:03 - INFO - utils.trainer -   Sensitivity: 0.98571
05/06/2026 22:20:03 - INFO - utils.trainer -   Loss: 0.02433
05/06/2026 22:20:03 - INFO - utils.trainer -    Train loss: 0.00132, Test loss: 0.02433,Epoch time = 2.012s
05/06/2026 22:20:06 - INFO - utils.trainer -   ***** Running evaluation on test1 dataset *****
05/06/2026 22:20:07 - INFO - utils.trainer -   AUC: 1.00000
05/06/2026 22:20:07 - INFO - utils.trainer -   Accuracy: 0.94030
05/06/2026 22:20:07 - INFO - utils.trainer -   Precision: 1.00000
05/06/2026 22:20:07 - INFO - utils.trainer -   Recall: 0.88571
05/06/2026 22:20:07 - INFO - utils.trainer -   F_score: 0.93939
05/06/2026 22:20:07 - INFO - utils.trainer -   Specificity: 1.00000
05/06/2026 22:20:07 - INFO - utils.trainer -   Sensitivity: 0.88571
05/06/2026 22:20:07 - INFO - utils.trainer -   Loss: 0.11223
05/06/2026 22:20:07 - INFO - utils.trainer -    Train loss: 0.00088, Test loss: 0.11223,Epoch time = 2.343s
05/06/2026 22:20:09 - INFO - utils.trainer -   ***** Running evaluation on test1 dataset *****
05/06/2026 22:20:10 - INFO - utils.trainer -   AUC: 1.00000
05/06/2026 22:20:10 - INFO - utils.trainer -   Accuracy: 0.98507
05/06/2026 22:20:10 - INFO - utils.trainer -   Precision: 1.00000
05/06/2026 22:20:10 - INFO - utils.trainer -   Recall: 0.97143
05/06/2026 22:20:10 - INFO - utils.trainer -   F_score: 0.98551
05/06/2026 22:20:10 - INFO - utils.trainer -   Specificity: 1.00000
05/06/2026 22:20:10 - INFO - utils.trainer -   Sensitivity: 0.97143
05/06/2026 22:20:10 - INFO - utils.trainer -   Loss: 0.04466
05/06/2026 22:20:10 - INFO - utils.trainer -    Train loss: 0.00049, Test loss: 0.04466,Epoch time = 2.460s
05/06/2026 22:20:13 - INFO - utils.trainer -   ***** Running evaluation on test1 dataset *****
05/06/2026 22:20:14 - INFO - utils.trainer -   AUC: 0.99939
05/06/2026 22:20:14 - INFO - utils.trainer -   Accuracy: 0.99254
05/06/2026 22:20:14 - INFO - utils.trainer -   Precision: 0.99286
05/06/2026 22:20:14 - INFO - utils.trainer -   Recall: 0.99286
05/06/2026 22:20:14 - INFO - utils.trainer -   F_score: 0.99286
05/06/2026 22:20:14 - INFO - utils.trainer -   Specificity: 0.99219
05/06/2026 22:20:14 - INFO - utils.trainer -   Sensitivity: 0.99286
05/06/2026 22:20:14 - INFO - utils.trainer -   Loss: 0.05679
05/06/2026 22:20:14 - INFO - utils.trainer -    Train loss: 0.01238, Test loss: 0.05679,Epoch time = 2.460s
05/06/2026 22:20:16 - INFO - utils.trainer -   ***** Running evaluation on test1 dataset *****
05/06/2026 22:20:17 - INFO - utils.trainer -   AUC: 0.99955
05/06/2026 22:20:17 - INFO - utils.trainer -   Accuracy: 0.95149
05/06/2026 22:20:17 - INFO - utils.trainer -   Precision: 1.00000
05/06/2026 22:20:17 - INFO - utils.trainer -   Recall: 0.90714
05/06/2026 22:20:17 - INFO - utils.trainer -   F_score: 0.95131
05/06/2026 22:20:17 - INFO - utils.trainer -   Specificity: 1.00000
05/06/2026 22:20:17 - INFO - utils.trainer -   Sensitivity: 0.90714
05/06/2026 22:20:17 - INFO - utils.trainer -   Loss: 0.14200
05/06/2026 22:20:17 - INFO - utils.trainer -    Train loss: 0.01421, Test loss: 0.14200,Epoch time = 1.759s
05/06/2026 22:20:20 - INFO - utils.trainer -   ***** Running evaluation on test1 dataset *****
05/06/2026 22:20:21 - INFO - utils.trainer -   AUC: 1.00000
05/06/2026 22:20:21 - INFO - utils.trainer -   Accuracy: 1.00000
05/06/2026 22:20:21 - INFO - utils.trainer -   Precision: 1.00000
05/06/2026 22:20:21 - INFO - utils.trainer -   Recall: 1.00000
05/06/2026 22:20:21 - INFO - utils.trainer -   F_score: 1.00000
05/06/2026 22:20:21 - INFO - utils.trainer -   Specificity: 1.00000
05/06/2026 22:20:21 - INFO - utils.trainer -   Sensitivity: 1.00000
05/06/2026 22:20:21 - INFO - utils.trainer -   Loss: 0.00432
05/06/2026 22:20:21 - INFO - utils.trainer -    Train loss: 0.01801, Test loss: 0.00432,Epoch time = 2.419s
05/06/2026 22:20:21 - INFO - utils.trainer -   Saving model checkpoint to output_dir/CEEDNet
05/06/2026 22:20:23 - INFO - utils.trainer -   ***** Running evaluation on test1 dataset *****
05/06/2026 22:20:25 - INFO - utils.trainer -   AUC: 1.00000
05/06/2026 22:20:25 - INFO - utils.trainer -   Accuracy: 0.97388
05/06/2026 22:20:25 - INFO - utils.trainer -   Precision: 1.00000
05/06/2026 22:20:25 - INFO - utils.trainer -   Recall: 0.95000
05/06/2026 22:20:25 - INFO - utils.trainer -   F_score: 0.97436
05/06/2026 22:20:25 - INFO - utils.trainer -   Specificity: 1.00000
05/06/2026 22:20:25 - INFO - utils.trainer -   Sensitivity: 0.95000
05/06/2026 22:20:25 - INFO - utils.trainer -   Loss: 0.09794
05/06/2026 22:20:25 - INFO - utils.trainer -    Train loss: 0.00600, Test loss: 0.09794,Epoch time = 2.522s
05/06/2026 22:20:26 - INFO - utils.trainer -   ***** Running evaluation on test1 dataset *****
05/06/2026 22:20:28 - INFO - utils.trainer -   AUC: 1.00000
05/06/2026 22:20:28 - INFO - utils.trainer -   Accuracy: 0.99627
05/06/2026 22:20:28 - INFO - utils.trainer -   Precision: 1.00000
05/06/2026 22:20:28 - INFO - utils.trainer -   Recall: 0.99286
05/06/2026 22:20:28 - INFO - utils.trainer -   F_score: 0.99642
05/06/2026 22:20:28 - INFO - utils.trainer -   Specificity: 1.00000
05/06/2026 22:20:28 - INFO - utils.trainer -   Sensitivity: 0.99286
05/06/2026 22:20:28 - INFO - utils.trainer -   Loss: 0.07931
05/06/2026 22:20:28 - INFO - utils.trainer -    Train loss: 0.07436, Test loss: 0.07931,Epoch time = 1.579s
05/06/2026 22:20:30 - INFO - utils.trainer -   ***** Running evaluation on test1 dataset *****
05/06/2026 22:20:31 - INFO - utils.trainer -   AUC: 1.00000
05/06/2026 22:20:31 - INFO - utils.trainer -   Accuracy: 1.00000
05/06/2026 22:20:31 - INFO - utils.trainer -   Precision: 1.00000
05/06/2026 22:20:31 - INFO - utils.trainer -   Recall: 1.00000
05/06/2026 22:20:31 - INFO - utils.trainer -   F_score: 1.00000
05/06/2026 22:20:31 - INFO - utils.trainer -   Specificity: 1.00000
05/06/2026 22:20:31 - INFO - utils.trainer -   Sensitivity: 1.00000
05/06/2026 22:20:31 - INFO - utils.trainer -   Loss: 0.06361
05/06/2026 22:20:31 - INFO - utils.trainer -    Train loss: 0.01408, Test loss: 0.06361,Epoch time = 2.212s
05/06/2026 22:20:31 - INFO - utils.trainer -   Saving model checkpoint to output_dir/CEEDNet
05/06/2026 22:20:33 - INFO - utils.trainer -   ***** Running evaluation on test1 dataset *****
05/06/2026 22:20:35 - INFO - utils.trainer -   AUC: 1.00000
05/06/2026 22:20:35 - INFO - utils.trainer -   Accuracy: 1.00000
05/06/2026 22:20:35 - INFO - utils.trainer -   Precision: 1.00000
05/06/2026 22:20:35 - INFO - utils.trainer -   Recall: 1.00000
05/06/2026 22:20:35 - INFO - utils.trainer -   F_score: 1.00000
05/06/2026 22:20:35 - INFO - utils.trainer -   Specificity: 1.00000
05/06/2026 22:20:35 - INFO - utils.trainer -   Sensitivity: 1.00000
05/06/2026 22:20:35 - INFO - utils.trainer -   Loss: 0.02310
05/06/2026 22:20:35 - INFO - utils.trainer -    Train loss: 0.03991, Test loss: 0.02310,Epoch time = 2.030s
05/06/2026 22:20:35 - INFO - utils.trainer -   Saving model checkpoint to output_dir/CEEDNet
05/06/2026 22:20:37 - INFO - utils.trainer -   ***** Running evaluation on test1 dataset *****
05/06/2026 22:20:38 - INFO - utils.trainer -   AUC: 1.00000
05/06/2026 22:20:38 - INFO - utils.trainer -   Accuracy: 1.00000
05/06/2026 22:20:38 - INFO - utils.trainer -   Precision: 1.00000
05/06/2026 22:20:38 - INFO - utils.trainer -   Recall: 1.00000
05/06/2026 22:20:38 - INFO - utils.trainer -   F_score: 1.00000
05/06/2026 22:20:38 - INFO - utils.trainer -   Specificity: 1.00000
05/06/2026 22:20:38 - INFO - utils.trainer -   Sensitivity: 1.00000
05/06/2026 22:20:38 - INFO - utils.trainer -   Loss: 0.05444
05/06/2026 22:20:38 - INFO - utils.trainer -    Train loss: 0.00721, Test loss: 0.05444,Epoch time = 1.902s
05/06/2026 22:20:38 - INFO - utils.trainer -   Saving model checkpoint to output_dir/CEEDNet
05/06/2026 22:20:41 - INFO - utils.trainer -   ***** Running evaluation on test1 dataset *****
05/06/2026 22:20:42 - INFO - utils.trainer -   AUC: 1.00000
05/06/2026 22:20:42 - INFO - utils.trainer -   Accuracy: 1.00000
05/06/2026 22:20:42 - INFO - utils.trainer -   Precision: 1.00000
05/06/2026 22:20:42 - INFO - utils.trainer -   Recall: 1.00000
05/06/2026 22:20:42 - INFO - utils.trainer -   F_score: 1.00000
05/06/2026 22:20:42 - INFO - utils.trainer -   Specificity: 1.00000
05/06/2026 22:20:42 - INFO - utils.trainer -   Sensitivity: 1.00000
05/06/2026 22:20:42 - INFO - utils.trainer -   Loss: 0.03766
05/06/2026 22:20:42 - INFO - utils.trainer -    Train loss: 0.00297, Test loss: 0.03766,Epoch time = 2.419s
05/06/2026 22:20:42 - INFO - utils.trainer -   Saving model checkpoint to output_dir/CEEDNet
05/06/2026 22:20:45 - INFO - utils.trainer -   ***** Running evaluation on test1 dataset *****
05/06/2026 22:20:46 - INFO - utils.trainer -   AUC: 1.00000
05/06/2026 22:20:46 - INFO - utils.trainer -   Accuracy: 1.00000
05/06/2026 22:20:46 - INFO - utils.trainer -   Precision: 1.00000
05/06/2026 22:20:46 - INFO - utils.trainer -   Recall: 1.00000
05/06/2026 22:20:46 - INFO - utils.trainer -   F_score: 1.00000
05/06/2026 22:20:46 - INFO - utils.trainer -   Specificity: 1.00000
05/06/2026 22:20:46 - INFO - utils.trainer -   Sensitivity: 1.00000
05/06/2026 22:20:46 - INFO - utils.trainer -   Loss: 0.02452
05/06/2026 22:20:46 - INFO - utils.trainer -    Train loss: 0.00096, Test loss: 0.02452,Epoch time = 2.655s
05/06/2026 22:20:46 - INFO - utils.trainer -   Saving model checkpoint to output_dir/CEEDNet
05/06/2026 22:20:49 - INFO - utils.trainer -   ***** Running evaluation on test1 dataset *****
05/06/2026 22:20:50 - INFO - utils.trainer -   AUC: 1.00000
05/06/2026 22:20:50 - INFO - utils.trainer -   Accuracy: 1.00000
05/06/2026 22:20:50 - INFO - utils.trainer -   Precision: 1.00000
05/06/2026 22:20:50 - INFO - utils.trainer -   Recall: 1.00000
05/06/2026 22:20:50 - INFO - utils.trainer -   F_score: 1.00000
05/06/2026 22:20:50 - INFO - utils.trainer -   Specificity: 1.00000
05/06/2026 22:20:50 - INFO - utils.trainer -   Sensitivity: 1.00000
05/06/2026 22:20:50 - INFO - utils.trainer -   Loss: 0.00935
05/06/2026 22:20:50 - INFO - utils.trainer -    Train loss: 0.00275, Test loss: 0.00935,Epoch time = 2.464s
05/06/2026 22:20:50 - INFO - utils.trainer -   Saving model checkpoint to output_dir/CEEDNet
05/06/2026 22:20:52 - INFO - utils.trainer -   ***** Running evaluation on test1 dataset *****
05/06/2026 22:20:54 - INFO - utils.trainer -   AUC: 1.00000
05/06/2026 22:20:54 - INFO - utils.trainer -   Accuracy: 1.00000
05/06/2026 22:20:54 - INFO - utils.trainer -   Precision: 1.00000
05/06/2026 22:20:54 - INFO - utils.trainer -   Recall: 1.00000
05/06/2026 22:20:54 - INFO - utils.trainer -   F_score: 1.00000
05/06/2026 22:20:54 - INFO - utils.trainer -   Specificity: 1.00000
05/06/2026 22:20:54 - INFO - utils.trainer -   Sensitivity: 1.00000
05/06/2026 22:20:54 - INFO - utils.trainer -   Loss: 0.00722
05/06/2026 22:20:54 - INFO - utils.trainer -    Train loss: 0.00845, Test loss: 0.00722,Epoch time = 1.970s
05/06/2026 22:20:54 - INFO - utils.trainer -   Saving model checkpoint to output_dir/CEEDNet
05/06/2026 22:20:56 - INFO - utils.trainer -   ***** Running evaluation on test1 dataset *****
05/06/2026 22:20:57 - INFO - utils.trainer -   AUC: 1.00000
05/06/2026 22:20:57 - INFO - utils.trainer -   Accuracy: 1.00000
05/06/2026 22:20:57 - INFO - utils.trainer -   Precision: 1.00000
05/06/2026 22:20:57 - INFO - utils.trainer -   Recall: 1.00000
05/06/2026 22:20:57 - INFO - utils.trainer -   F_score: 1.00000
05/06/2026 22:20:57 - INFO - utils.trainer -   Specificity: 1.00000
05/06/2026 22:20:57 - INFO - utils.trainer -   Sensitivity: 1.00000
05/06/2026 22:20:57 - INFO - utils.trainer -   Loss: 0.01657
05/06/2026 22:20:57 - INFO - utils.trainer -    Train loss: 0.00303, Test loss: 0.01657,Epoch time = 2.414s
05/06/2026 22:20:58 - INFO - utils.trainer -   Saving model checkpoint to output_dir/CEEDNet
05/06/2026 22:20:59 - INFO - utils.trainer -   ***** Running evaluation on test1 dataset *****
05/06/2026 22:21:01 - INFO - utils.trainer -   AUC: 1.00000
05/06/2026 22:21:01 - INFO - utils.trainer -   Accuracy: 0.95896
05/06/2026 22:21:01 - INFO - utils.trainer -   Precision: 1.00000
05/06/2026 22:21:01 - INFO - utils.trainer -   Recall: 0.92143
05/06/2026 22:21:01 - INFO - utils.trainer -   F_score: 0.95911
05/06/2026 22:21:01 - INFO - utils.trainer -   Specificity: 1.00000
05/06/2026 22:21:01 - INFO - utils.trainer -   Sensitivity: 0.92143
05/06/2026 22:21:01 - INFO - utils.trainer -   Loss: 0.08913
05/06/2026 22:21:01 - INFO - utils.trainer -    Train loss: 0.00241, Test loss: 0.08913,Epoch time = 1.803s
05/06/2026 22:21:03 - INFO - utils.trainer -   ***** Running evaluation on test1 dataset *****
05/06/2026 22:21:04 - INFO - utils.trainer -   AUC: 1.00000
05/06/2026 22:21:04 - INFO - utils.trainer -   Accuracy: 0.97388
05/06/2026 22:21:04 - INFO - utils.trainer -   Precision: 1.00000
05/06/2026 22:21:04 - INFO - utils.trainer -   Recall: 0.95000
05/06/2026 22:21:04 - INFO - utils.trainer -   F_score: 0.97436
05/06/2026 22:21:04 - INFO - utils.trainer -   Specificity: 1.00000
05/06/2026 22:21:04 - INFO - utils.trainer -   Sensitivity: 0.95000
05/06/2026 22:21:04 - INFO - utils.trainer -   Loss: 0.04888
05/06/2026 22:21:04 - INFO - utils.trainer -    Train loss: 0.00114, Test loss: 0.04888,Epoch time = 2.047s
05/06/2026 22:21:06 - INFO - utils.trainer -   ***** Running evaluation on test1 dataset *****
05/06/2026 22:21:07 - INFO - utils.trainer -   AUC: 1.00000
05/06/2026 22:21:07 - INFO - utils.trainer -   Accuracy: 0.99254
05/06/2026 22:21:07 - INFO - utils.trainer -   Precision: 1.00000
05/06/2026 22:21:07 - INFO - utils.trainer -   Recall: 0.98571
05/06/2026 22:21:07 - INFO - utils.trainer -   F_score: 0.99281
05/06/2026 22:21:07 - INFO - utils.trainer -   Specificity: 1.00000
05/06/2026 22:21:07 - INFO - utils.trainer -   Sensitivity: 0.98571
05/06/2026 22:21:07 - INFO - utils.trainer -   Loss: 0.02553
05/06/2026 22:21:07 - INFO - utils.trainer -    Train loss: 0.00082, Test loss: 0.02553,Epoch time = 2.549s
05/06/2026 22:21:10 - INFO - utils.trainer -   ***** Running evaluation on test1 dataset *****
05/06/2026 22:21:11 - INFO - utils.trainer -   AUC: 1.00000
05/06/2026 22:21:11 - INFO - utils.trainer -   Accuracy: 0.90672
05/06/2026 22:21:11 - INFO - utils.trainer -   Precision: 1.00000
05/06/2026 22:21:11 - INFO - utils.trainer -   Recall: 0.82143
05/06/2026 22:21:11 - INFO - utils.trainer -   F_score: 0.90196
05/06/2026 22:21:11 - INFO - utils.trainer -   Specificity: 1.00000
05/06/2026 22:21:11 - INFO - utils.trainer -   Sensitivity: 0.82143
05/06/2026 22:21:11 - INFO - utils.trainer -   Loss: 0.20228
05/06/2026 22:21:11 - INFO - utils.trainer -    Train loss: 0.02158, Test loss: 0.20228,Epoch time = 2.247s
05/06/2026 22:21:13 - INFO - utils.trainer -   ***** Running evaluation on test1 dataset *****
05/06/2026 22:21:15 - INFO - utils.trainer -   AUC: 1.00000
05/06/2026 22:21:15 - INFO - utils.trainer -   Accuracy: 1.00000
05/06/2026 22:21:15 - INFO - utils.trainer -   Precision: 1.00000
05/06/2026 22:21:15 - INFO - utils.trainer -   Recall: 1.00000
05/06/2026 22:21:15 - INFO - utils.trainer -   F_score: 1.00000
05/06/2026 22:21:15 - INFO - utils.trainer -   Specificity: 1.00000
05/06/2026 22:21:15 - INFO - utils.trainer -   Sensitivity: 1.00000
05/06/2026 22:21:15 - INFO - utils.trainer -   Loss: 0.05685
05/06/2026 22:21:15 - INFO - utils.trainer -    Train loss: 0.00362, Test loss: 0.05685,Epoch time = 1.992s
05/06/2026 22:21:15 - INFO - utils.trainer -   Saving model checkpoint to output_dir/CEEDNet
05/06/2026 22:21:17 - INFO - utils.trainer -   ***** Running evaluation on test1 dataset *****
05/06/2026 22:21:18 - INFO - utils.trainer -   AUC: 1.00000
05/06/2026 22:21:18 - INFO - utils.trainer -   Accuracy: 0.98507
05/06/2026 22:21:18 - INFO - utils.trainer -   Precision: 1.00000
05/06/2026 22:21:18 - INFO - utils.trainer -   Recall: 0.97143
05/06/2026 22:21:18 - INFO - utils.trainer -   F_score: 0.98551
05/06/2026 22:21:18 - INFO - utils.trainer -   Specificity: 1.00000
05/06/2026 22:21:18 - INFO - utils.trainer -   Sensitivity: 0.97143
05/06/2026 22:21:18 - INFO - utils.trainer -   Loss: 0.06558
05/06/2026 22:21:18 - INFO - utils.trainer -    Train loss: 0.00182, Test loss: 0.06558,Epoch time = 1.999s
05/06/2026 22:21:21 - INFO - utils.trainer -   ***** Running evaluation on test1 dataset *****
05/06/2026 22:21:22 - INFO - utils.trainer -   AUC: 1.00000
05/06/2026 22:21:22 - INFO - utils.trainer -   Accuracy: 0.99627
05/06/2026 22:21:22 - INFO - utils.trainer -   Precision: 1.00000
05/06/2026 22:21:22 - INFO - utils.trainer -   Recall: 0.99286
05/06/2026 22:21:22 - INFO - utils.trainer -   F_score: 0.99642
05/06/2026 22:21:22 - INFO - utils.trainer -   Specificity: 1.00000
05/06/2026 22:21:22 - INFO - utils.trainer -   Sensitivity: 0.99286
05/06/2026 22:21:22 - INFO - utils.trainer -   Loss: 0.03560
05/06/2026 22:21:22 - INFO - utils.trainer -    Train loss: 0.00102, Test loss: 0.03560,Epoch time = 2.616s
05/06/2026 22:21:24 - INFO - utils.trainer -   ***** Running evaluation on test1 dataset *****
05/06/2026 22:21:25 - INFO - utils.trainer -   AUC: 1.00000
05/06/2026 22:21:25 - INFO - utils.trainer -   Accuracy: 0.97761
05/06/2026 22:21:25 - INFO - utils.trainer -   Precision: 1.00000
05/06/2026 22:21:25 - INFO - utils.trainer -   Recall: 0.95714
05/06/2026 22:21:25 - INFO - utils.trainer -   F_score: 0.97810
05/06/2026 22:21:25 - INFO - utils.trainer -   Specificity: 1.00000
05/06/2026 22:21:25 - INFO - utils.trainer -   Sensitivity: 0.95714
05/06/2026 22:21:25 - INFO - utils.trainer -   Loss: 0.06123
05/06/2026 22:21:25 - INFO - utils.trainer -    Train loss: 0.00116, Test loss: 0.06123,Epoch time = 2.014s
05/06/2026 22:21:27 - INFO - utils.trainer -   ***** Running evaluation on test1 dataset *****
05/06/2026 22:21:29 - INFO - utils.trainer -   AUC: 1.00000
05/06/2026 22:21:29 - INFO - utils.trainer -   Accuracy: 0.97761
05/06/2026 22:21:29 - INFO - utils.trainer -   Precision: 1.00000
05/06/2026 22:21:29 - INFO - utils.trainer -   Recall: 0.95714
05/06/2026 22:21:29 - INFO - utils.trainer -   F_score: 0.97810
05/06/2026 22:21:29 - INFO - utils.trainer -   Specificity: 1.00000
05/06/2026 22:21:29 - INFO - utils.trainer -   Sensitivity: 0.95714
05/06/2026 22:21:29 - INFO - utils.trainer -   Loss: 0.05245
05/06/2026 22:21:29 - INFO - utils.trainer -    Train loss: 0.00119, Test loss: 0.05245,Epoch time = 2.007s
05/06/2026 22:21:31 - INFO - utils.trainer -   ***** Running evaluation on test1 dataset *****
05/06/2026 22:21:32 - INFO - utils.trainer -   AUC: 1.00000
05/06/2026 22:21:32 - INFO - utils.trainer -   Accuracy: 0.99627
05/06/2026 22:21:32 - INFO - utils.trainer -   Precision: 1.00000
05/06/2026 22:21:32 - INFO - utils.trainer -   Recall: 0.99286
05/06/2026 22:21:32 - INFO - utils.trainer -   F_score: 0.99642
05/06/2026 22:21:32 - INFO - utils.trainer -   Specificity: 1.00000
05/06/2026 22:21:32 - INFO - utils.trainer -   Sensitivity: 0.99286
05/06/2026 22:21:32 - INFO - utils.trainer -   Loss: 0.02631
05/06/2026 22:21:32 - INFO - utils.trainer -    Train loss: 0.00064, Test loss: 0.02631,Epoch time = 2.014s
05/06/2026 22:21:34 - INFO - utils.trainer -   ***** Running evaluation on test1 dataset *****
05/06/2026 22:21:36 - INFO - utils.trainer -   AUC: 1.00000
05/06/2026 22:21:36 - INFO - utils.trainer -   Accuracy: 0.99627
05/06/2026 22:21:36 - INFO - utils.trainer -   Precision: 1.00000
05/06/2026 22:21:36 - INFO - utils.trainer -   Recall: 0.99286
05/06/2026 22:21:36 - INFO - utils.trainer -   F_score: 0.99642
05/06/2026 22:21:36 - INFO - utils.trainer -   Specificity: 1.00000
05/06/2026 22:21:36 - INFO - utils.trainer -   Sensitivity: 0.99286
05/06/2026 22:21:36 - INFO - utils.trainer -   Loss: 0.01888
05/06/2026 22:21:36 - INFO - utils.trainer -    Train loss: 0.00048, Test loss: 0.01888,Epoch time = 2.099s
05/06/2026 22:21:39 - INFO - utils.trainer -   ***** Running evaluation on test1 dataset *****
05/06/2026 22:21:40 - INFO - utils.trainer -   AUC: 1.00000
05/06/2026 22:21:40 - INFO - utils.trainer -   Accuracy: 0.98134
05/06/2026 22:21:40 - INFO - utils.trainer -   Precision: 1.00000
05/06/2026 22:21:40 - INFO - utils.trainer -   Recall: 0.96429
05/06/2026 22:21:40 - INFO - utils.trainer -   F_score: 0.98182
05/06/2026 22:21:40 - INFO - utils.trainer -   Specificity: 1.00000
05/06/2026 22:21:40 - INFO - utils.trainer -   Sensitivity: 0.96429
05/06/2026 22:21:40 - INFO - utils.trainer -   Loss: 0.04839
05/06/2026 22:21:40 - INFO - utils.trainer -    Train loss: 0.00118, Test loss: 0.04839,Epoch time = 2.699s
05/06/2026 22:21:42 - INFO - utils.trainer -   ***** Running evaluation on test1 dataset *****
05/06/2026 22:21:44 - INFO - utils.trainer -   AUC: 1.00000
05/06/2026 22:21:44 - INFO - utils.trainer -   Accuracy: 0.98881
05/06/2026 22:21:44 - INFO - utils.trainer -   Precision: 1.00000
05/06/2026 22:21:44 - INFO - utils.trainer -   Recall: 0.97857
05/06/2026 22:21:44 - INFO - utils.trainer -   F_score: 0.98917
05/06/2026 22:21:44 - INFO - utils.trainer -   Specificity: 1.00000
05/06/2026 22:21:44 - INFO - utils.trainer -   Sensitivity: 0.97857
05/06/2026 22:21:44 - INFO - utils.trainer -   Loss: 0.04072
05/06/2026 22:21:44 - INFO - utils.trainer -    Train loss: 0.00068, Test loss: 0.04072,Epoch time = 2.617s
05/06/2026 22:21:46 - INFO - utils.trainer -   ***** Running evaluation on test1 dataset *****
05/06/2026 22:21:47 - INFO - utils.trainer -   AUC: 1.00000
05/06/2026 22:21:47 - INFO - utils.trainer -   Accuracy: 0.96642
05/06/2026 22:21:47 - INFO - utils.trainer -   Precision: 1.00000
05/06/2026 22:21:47 - INFO - utils.trainer -   Recall: 0.93571
05/06/2026 22:21:47 - INFO - utils.trainer -   F_score: 0.96679
05/06/2026 22:21:47 - INFO - utils.trainer -   Specificity: 1.00000
05/06/2026 22:21:47 - INFO - utils.trainer -   Sensitivity: 0.93571
05/06/2026 22:21:47 - INFO - utils.trainer -   Loss: 0.06909
05/06/2026 22:21:47 - INFO - utils.trainer -    Train loss: 0.00048, Test loss: 0.06909,Epoch time = 1.779s
05/06/2026 22:21:49 - INFO - utils.trainer -   ***** Running evaluation on test1 dataset *****
05/06/2026 22:21:50 - INFO - utils.trainer -   AUC: 1.00000
05/06/2026 22:21:50 - INFO - utils.trainer -   Accuracy: 0.98881
05/06/2026 22:21:50 - INFO - utils.trainer -   Precision: 1.00000
05/06/2026 22:21:50 - INFO - utils.trainer -   Recall: 0.97857
05/06/2026 22:21:50 - INFO - utils.trainer -   F_score: 0.98917
05/06/2026 22:21:50 - INFO - utils.trainer -   Specificity: 1.00000
05/06/2026 22:21:50 - INFO - utils.trainer -   Sensitivity: 0.97857
05/06/2026 22:21:50 - INFO - utils.trainer -   Loss: 0.03301
05/06/2026 22:21:50 - INFO - utils.trainer -    Train loss: 0.00076, Test loss: 0.03301,Epoch time = 1.841s
05/06/2026 22:21:53 - INFO - utils.trainer -   ***** Running evaluation on test1 dataset *****
05/06/2026 22:21:54 - INFO - utils.trainer -   AUC: 1.00000
05/06/2026 22:21:54 - INFO - utils.trainer -   Accuracy: 0.99627
05/06/2026 22:21:54 - INFO - utils.trainer -   Precision: 1.00000
05/06/2026 22:21:54 - INFO - utils.trainer -   Recall: 0.99286
05/06/2026 22:21:54 - INFO - utils.trainer -   F_score: 0.99642
05/06/2026 22:21:54 - INFO - utils.trainer -   Specificity: 1.00000
05/06/2026 22:21:54 - INFO - utils.trainer -   Sensitivity: 0.99286
05/06/2026 22:21:54 - INFO - utils.trainer -   Loss: 0.03196
05/06/2026 22:21:54 - INFO - utils.trainer -    Train loss: 0.01347, Test loss: 0.03196,Epoch time = 2.422s
05/06/2026 22:21:56 - INFO - utils.trainer -   ***** Running evaluation on test1 dataset *****
05/06/2026 22:21:58 - INFO - utils.trainer -   AUC: 0.99989
05/06/2026 22:21:58 - INFO - utils.trainer -   Accuracy: 0.89925
05/06/2026 22:21:58 - INFO - utils.trainer -   Precision: 1.00000
05/06/2026 22:21:58 - INFO - utils.trainer -   Recall: 0.80714
05/06/2026 22:21:58 - INFO - utils.trainer -   F_score: 0.89328
05/06/2026 22:21:58 - INFO - utils.trainer -   Specificity: 1.00000
05/06/2026 22:21:58 - INFO - utils.trainer -   Sensitivity: 0.80714
05/06/2026 22:21:58 - INFO - utils.trainer -   Loss: 0.21769
05/06/2026 22:21:58 - INFO - utils.trainer -    Train loss: 0.00141, Test loss: 0.21769,Epoch time = 1.920s
05/06/2026 22:21:59 - INFO - utils.trainer -   ***** Running evaluation on test1 dataset *****
05/06/2026 22:22:01 - INFO - utils.trainer -   AUC: 1.00000
05/06/2026 22:22:01 - INFO - utils.trainer -   Accuracy: 0.97388
05/06/2026 22:22:01 - INFO - utils.trainer -   Precision: 1.00000
05/06/2026 22:22:01 - INFO - utils.trainer -   Recall: 0.95000
05/06/2026 22:22:01 - INFO - utils.trainer -   F_score: 0.97436
05/06/2026 22:22:01 - INFO - utils.trainer -   Specificity: 1.00000
05/06/2026 22:22:01 - INFO - utils.trainer -   Sensitivity: 0.95000
05/06/2026 22:22:01 - INFO - utils.trainer -   Loss: 0.06619
05/06/2026 22:22:01 - INFO - utils.trainer -    Train loss: 0.00297, Test loss: 0.06619,Epoch time = 1.774s
05/06/2026 22:22:03 - INFO - utils.trainer -   ***** Running evaluation on test1 dataset *****
05/06/2026 22:22:05 - INFO - utils.trainer -   AUC: 1.00000
05/06/2026 22:22:05 - INFO - utils.trainer -   Accuracy: 0.97015
05/06/2026 22:22:05 - INFO - utils.trainer -   Precision: 1.00000
05/06/2026 22:22:05 - INFO - utils.trainer -   Recall: 0.94286
05/06/2026 22:22:05 - INFO - utils.trainer -   F_score: 0.97059
05/06/2026 22:22:05 - INFO - utils.trainer -   Specificity: 1.00000
05/06/2026 22:22:05 - INFO - utils.trainer -   Sensitivity: 0.94286
05/06/2026 22:22:05 - INFO - utils.trainer -   Loss: 0.07817
05/06/2026 22:22:05 - INFO - utils.trainer -    Train loss: 0.00090, Test loss: 0.07817,Epoch time = 2.139s
05/06/2026 22:22:07 - INFO - utils.trainer -   ***** Running evaluation on test1 dataset *****
05/06/2026 22:22:08 - INFO - utils.trainer -   AUC: 1.00000
05/06/2026 22:22:08 - INFO - utils.trainer -   Accuracy: 0.98134
05/06/2026 22:22:08 - INFO - utils.trainer -   Precision: 1.00000
05/06/2026 22:22:08 - INFO - utils.trainer -   Recall: 0.96429
05/06/2026 22:22:08 - INFO - utils.trainer -   F_score: 0.98182
05/06/2026 22:22:08 - INFO - utils.trainer -   Specificity: 1.00000
05/06/2026 22:22:08 - INFO - utils.trainer -   Sensitivity: 0.96429
05/06/2026 22:22:08 - INFO - utils.trainer -   Loss: 0.05798
05/06/2026 22:22:08 - INFO - utils.trainer -    Train loss: 0.00059, Test loss: 0.05798,Epoch time = 2.187s
05/06/2026 22:22:11 - INFO - utils.trainer -   ***** Running evaluation on test1 dataset *****
05/06/2026 22:22:12 - INFO - utils.trainer -   AUC: 1.00000
05/06/2026 22:22:12 - INFO - utils.trainer -   Accuracy: 0.96642
05/06/2026 22:22:12 - INFO - utils.trainer -   Precision: 1.00000
05/06/2026 22:22:12 - INFO - utils.trainer -   Recall: 0.93571
05/06/2026 22:22:12 - INFO - utils.trainer -   F_score: 0.96679
05/06/2026 22:22:12 - INFO - utils.trainer -   Specificity: 1.00000
05/06/2026 22:22:12 - INFO - utils.trainer -   Sensitivity: 0.93571
05/06/2026 22:22:12 - INFO - utils.trainer -   Loss: 0.09808
05/06/2026 22:22:12 - INFO - utils.trainer -    Train loss: 0.00035, Test loss: 0.09808,Epoch time = 2.502s
05/06/2026 22:22:14 - INFO - utils.trainer -   ***** Running evaluation on test1 dataset *****
05/06/2026 22:22:15 - INFO - utils.trainer -   AUC: 1.00000
05/06/2026 22:22:15 - INFO - utils.trainer -   Accuracy: 0.98134
05/06/2026 22:22:15 - INFO - utils.trainer -   Precision: 1.00000
05/06/2026 22:22:15 - INFO - utils.trainer -   Recall: 0.96429
05/06/2026 22:22:15 - INFO - utils.trainer -   F_score: 0.98182
05/06/2026 22:22:15 - INFO - utils.trainer -   Specificity: 1.00000
05/06/2026 22:22:15 - INFO - utils.trainer -   Sensitivity: 0.96429
05/06/2026 22:22:15 - INFO - utils.trainer -   Loss: 0.05728
05/06/2026 22:22:15 - INFO - utils.trainer -    Train loss: 0.00053, Test loss: 0.05728,Epoch time = 2.036s
05/06/2026 22:22:17 - INFO - utils.trainer -   ***** Running evaluation on test1 dataset *****
05/06/2026 22:22:18 - INFO - utils.trainer -   AUC: 0.99955
05/06/2026 22:22:18 - INFO - utils.trainer -   Accuracy: 0.98881
05/06/2026 22:22:18 - INFO - utils.trainer -   Precision: 1.00000
05/06/2026 22:22:18 - INFO - utils.trainer -   Recall: 0.97857
05/06/2026 22:22:18 - INFO - utils.trainer -   F_score: 0.98917
05/06/2026 22:22:18 - INFO - utils.trainer -   Specificity: 1.00000
05/06/2026 22:22:18 - INFO - utils.trainer -   Sensitivity: 0.97857
05/06/2026 22:22:18 - INFO - utils.trainer -   Loss: 0.05028
05/06/2026 22:22:18 - INFO - utils.trainer -    Train loss: 0.00129, Test loss: 0.05028,Epoch time = 1.612s
05/06/2026 22:22:20 - INFO - utils.trainer -   ***** Running evaluation on test1 dataset *****
05/06/2026 22:22:22 - INFO - utils.trainer -   AUC: 0.99978
05/06/2026 22:22:22 - INFO - utils.trainer -   Accuracy: 0.99254
05/06/2026 22:22:22 - INFO - utils.trainer -   Precision: 0.99286
05/06/2026 22:22:22 - INFO - utils.trainer -   Recall: 0.99286
05/06/2026 22:22:22 - INFO - utils.trainer -   F_score: 0.99286
05/06/2026 22:22:22 - INFO - utils.trainer -   Specificity: 0.99219
05/06/2026 22:22:22 - INFO - utils.trainer -   Sensitivity: 0.99286
05/06/2026 22:22:22 - INFO - utils.trainer -   Loss: 0.05436
05/06/2026 22:22:22 - INFO - utils.trainer -    Train loss: 0.04610, Test loss: 0.05436,Epoch time = 2.406s
05/06/2026 22:22:24 - INFO - utils.trainer -   ***** Running evaluation on test1 dataset *****
05/06/2026 22:22:25 - INFO - utils.trainer -   AUC: 0.99916
05/06/2026 22:22:25 - INFO - utils.trainer -   Accuracy: 0.95522
05/06/2026 22:22:25 - INFO - utils.trainer -   Precision: 1.00000
05/06/2026 22:22:25 - INFO - utils.trainer -   Recall: 0.91429
05/06/2026 22:22:25 - INFO - utils.trainer -   F_score: 0.95522
05/06/2026 22:22:25 - INFO - utils.trainer -   Specificity: 1.00000
05/06/2026 22:22:25 - INFO - utils.trainer -   Sensitivity: 0.91429
05/06/2026 22:22:25 - INFO - utils.trainer -   Loss: 0.13084
05/06/2026 22:22:25 - INFO - utils.trainer -    Train loss: 0.00969, Test loss: 0.13084,Epoch time = 2.399s
05/06/2026 22:22:27 - INFO - utils.trainer -   ***** Running evaluation on test1 dataset *****
05/06/2026 22:22:29 - INFO - utils.trainer -   AUC: 0.99978
05/06/2026 22:22:29 - INFO - utils.trainer -   Accuracy: 0.97388
05/06/2026 22:22:29 - INFO - utils.trainer -   Precision: 1.00000
05/06/2026 22:22:29 - INFO - utils.trainer -   Recall: 0.95000
05/06/2026 22:22:29 - INFO - utils.trainer -   F_score: 0.97436
05/06/2026 22:22:29 - INFO - utils.trainer -   Specificity: 1.00000
05/06/2026 22:22:29 - INFO - utils.trainer -   Sensitivity: 0.95000
05/06/2026 22:22:29 - INFO - utils.trainer -   Loss: 0.08239
05/06/2026 22:22:29 - INFO - utils.trainer -    Train loss: 0.00276, Test loss: 0.08239,Epoch time = 1.905s
05/06/2026 22:22:31 - INFO - utils.trainer -   ***** Running evaluation on test1 dataset *****
05/06/2026 22:22:33 - INFO - utils.trainer -   AUC: 0.99989
05/06/2026 22:22:33 - INFO - utils.trainer -   Accuracy: 0.97388
05/06/2026 22:22:33 - INFO - utils.trainer -   Precision: 1.00000
05/06/2026 22:22:33 - INFO - utils.trainer -   Recall: 0.95000
05/06/2026 22:22:33 - INFO - utils.trainer -   F_score: 0.97436
05/06/2026 22:22:33 - INFO - utils.trainer -   Specificity: 1.00000
05/06/2026 22:22:33 - INFO - utils.trainer -   Sensitivity: 0.95000
05/06/2026 22:22:33 - INFO - utils.trainer -   Loss: 0.07340
05/06/2026 22:22:33 - INFO - utils.trainer -    Train loss: 0.00341, Test loss: 0.07340,Epoch time = 2.262s
05/06/2026 22:22:35 - INFO - utils.trainer -   ***** Running evaluation on test1 dataset *****
05/06/2026 22:22:36 - INFO - utils.trainer -   AUC: 0.99927
05/06/2026 22:22:36 - INFO - utils.trainer -   Accuracy: 0.98134
05/06/2026 22:22:36 - INFO - utils.trainer -   Precision: 0.99270
05/06/2026 22:22:36 - INFO - utils.trainer -   Recall: 0.97143
05/06/2026 22:22:36 - INFO - utils.trainer -   F_score: 0.98195
05/06/2026 22:22:36 - INFO - utils.trainer -   Specificity: 0.99219
05/06/2026 22:22:36 - INFO - utils.trainer -   Sensitivity: 0.97143
05/06/2026 22:22:36 - INFO - utils.trainer -   Loss: 0.04971
05/06/2026 22:22:36 - INFO - utils.trainer -    Train loss: 0.00578, Test loss: 0.04971,Epoch time = 2.183s
05/06/2026 22:22:39 - INFO - utils.trainer -   ***** Running evaluation on test1 dataset *****
05/06/2026 22:22:40 - INFO - utils.trainer -   AUC: 0.99922
05/06/2026 22:22:40 - INFO - utils.trainer -   Accuracy: 0.98134
05/06/2026 22:22:40 - INFO - utils.trainer -   Precision: 0.98561
05/06/2026 22:22:40 - INFO - utils.trainer -   Recall: 0.97857
05/06/2026 22:22:40 - INFO - utils.trainer -   F_score: 0.98208
05/06/2026 22:22:40 - INFO - utils.trainer -   Specificity: 0.98438
05/06/2026 22:22:40 - INFO - utils.trainer -   Sensitivity: 0.97857
05/06/2026 22:22:40 - INFO - utils.trainer -   Loss: 0.03714
05/06/2026 22:22:40 - INFO - utils.trainer -    Train loss: 0.00111, Test loss: 0.03714,Epoch time = 2.504s
05/06/2026 22:22:42 - INFO - utils.trainer -   ***** Running evaluation on test1 dataset *****
05/06/2026 22:22:44 - INFO - utils.trainer -   AUC: 0.99905
05/06/2026 22:22:44 - INFO - utils.trainer -   Accuracy: 0.98507
05/06/2026 22:22:44 - INFO - utils.trainer -   Precision: 0.97222
05/06/2026 22:22:44 - INFO - utils.trainer -   Recall: 1.00000
05/06/2026 22:22:44 - INFO - utils.trainer -   F_score: 0.98592
05/06/2026 22:22:44 - INFO - utils.trainer -   Specificity: 0.96875
05/06/2026 22:22:44 - INFO - utils.trainer -   Sensitivity: 1.00000
05/06/2026 22:22:44 - INFO - utils.trainer -   Loss: 0.05355
05/06/2026 22:22:44 - INFO - utils.trainer -    Train loss: 0.00818, Test loss: 0.05355,Epoch time = 2.358s
05/06/2026 22:22:46 - INFO - utils.trainer -   ***** Running evaluation on test1 dataset *****
05/06/2026 22:22:48 - INFO - utils.trainer -   AUC: 0.99967
05/06/2026 22:22:48 - INFO - utils.trainer -   Accuracy: 0.88806
05/06/2026 22:22:48 - INFO - utils.trainer -   Precision: 1.00000
05/06/2026 22:22:48 - INFO - utils.trainer -   Recall: 0.78571
05/06/2026 22:22:48 - INFO - utils.trainer -   F_score: 0.88000
05/06/2026 22:22:48 - INFO - utils.trainer -   Specificity: 1.00000
05/06/2026 22:22:48 - INFO - utils.trainer -   Sensitivity: 0.78571
05/06/2026 22:22:48 - INFO - utils.trainer -   Loss: 0.27350
05/06/2026 22:22:48 - INFO - utils.trainer -    Train loss: 0.02700, Test loss: 0.27350,Epoch time = 2.123s
05/06/2026 22:22:50 - INFO - utils.trainer -   ***** Running evaluation on test1 dataset *****
05/06/2026 22:22:52 - INFO - utils.trainer -   AUC: 1.00000
05/06/2026 22:22:52 - INFO - utils.trainer -   Accuracy: 1.00000
05/06/2026 22:22:52 - INFO - utils.trainer -   Precision: 1.00000
05/06/2026 22:22:52 - INFO - utils.trainer -   Recall: 1.00000
05/06/2026 22:22:52 - INFO - utils.trainer -   F_score: 1.00000
05/06/2026 22:22:52 - INFO - utils.trainer -   Specificity: 1.00000
05/06/2026 22:22:52 - INFO - utils.trainer -   Sensitivity: 1.00000
05/06/2026 22:22:52 - INFO - utils.trainer -   Loss: 0.01830
05/06/2026 22:22:52 - INFO - utils.trainer -    Train loss: 0.02452, Test loss: 0.01830,Epoch time = 2.170s
05/06/2026 22:22:52 - INFO - utils.trainer -   Saving model checkpoint to output_dir/CEEDNet
05/06/2026 22:22:54 - INFO - utils.trainer -   ***** Running evaluation on test1 dataset *****
05/06/2026 22:22:55 - INFO - utils.trainer -   AUC: 1.00000
05/06/2026 22:22:55 - INFO - utils.trainer -   Accuracy: 1.00000
05/06/2026 22:22:55 - INFO - utils.trainer -   Precision: 1.00000
05/06/2026 22:22:55 - INFO - utils.trainer -   Recall: 1.00000
05/06/2026 22:22:55 - INFO - utils.trainer -   F_score: 1.00000
05/06/2026 22:22:55 - INFO - utils.trainer -   Specificity: 1.00000
05/06/2026 22:22:55 - INFO - utils.trainer -   Sensitivity: 1.00000
05/06/2026 22:22:55 - INFO - utils.trainer -   Loss: 0.03270
05/06/2026 22:22:55 - INFO - utils.trainer -    Train loss: 0.00329, Test loss: 0.03270,Epoch time = 2.116s
05/06/2026 22:22:55 - INFO - utils.trainer -   Saving model checkpoint to output_dir/CEEDNet
05/06/2026 22:22:58 - INFO - utils.trainer -   ***** Running evaluation on test1 dataset *****
05/06/2026 22:22:59 - INFO - utils.trainer -   AUC: 1.00000
05/06/2026 22:22:59 - INFO - utils.trainer -   Accuracy: 0.99627
05/06/2026 22:22:59 - INFO - utils.trainer -   Precision: 1.00000
05/06/2026 22:22:59 - INFO - utils.trainer -   Recall: 0.99286
05/06/2026 22:22:59 - INFO - utils.trainer -   F_score: 0.99642
05/06/2026 22:22:59 - INFO - utils.trainer -   Specificity: 1.00000
05/06/2026 22:22:59 - INFO - utils.trainer -   Sensitivity: 0.99286
05/06/2026 22:22:59 - INFO - utils.trainer -   Loss: 0.04091
05/06/2026 22:22:59 - INFO - utils.trainer -    Train loss: 0.00309, Test loss: 0.04091,Epoch time = 2.280s
05/06/2026 22:23:01 - INFO - utils.trainer -   ***** Running evaluation on test1 dataset *****
05/06/2026 22:23:03 - INFO - utils.trainer -   AUC: 1.00000
05/06/2026 22:23:03 - INFO - utils.trainer -   Accuracy: 1.00000
05/06/2026 22:23:03 - INFO - utils.trainer -   Precision: 1.00000
05/06/2026 22:23:03 - INFO - utils.trainer -   Recall: 1.00000
05/06/2026 22:23:03 - INFO - utils.trainer -   F_score: 1.00000
05/06/2026 22:23:03 - INFO - utils.trainer -   Specificity: 1.00000
05/06/2026 22:23:03 - INFO - utils.trainer -   Sensitivity: 1.00000
05/06/2026 22:23:03 - INFO - utils.trainer -   Loss: 0.02462
05/06/2026 22:23:03 - INFO - utils.trainer -    Train loss: 0.00435, Test loss: 0.02462,Epoch time = 2.094s
05/06/2026 22:23:03 - INFO - utils.trainer -   Saving model checkpoint to output_dir/CEEDNet
05/06/2026 22:23:06 - INFO - utils.trainer -   ***** Running evaluation on test1 dataset *****
05/06/2026 22:23:07 - INFO - utils.trainer -   AUC: 1.00000
05/06/2026 22:23:07 - INFO - utils.trainer -   Accuracy: 1.00000
05/06/2026 22:23:07 - INFO - utils.trainer -   Precision: 1.00000
05/06/2026 22:23:07 - INFO - utils.trainer -   Recall: 1.00000
05/06/2026 22:23:07 - INFO - utils.trainer -   F_score: 1.00000
05/06/2026 22:23:07 - INFO - utils.trainer -   Specificity: 1.00000
05/06/2026 22:23:07 - INFO - utils.trainer -   Sensitivity: 1.00000
05/06/2026 22:23:07 - INFO - utils.trainer -   Loss: 0.04010
05/06/2026 22:23:07 - INFO - utils.trainer -    Train loss: 0.01911, Test loss: 0.04010,Epoch time = 2.306s
05/06/2026 22:23:07 - INFO - utils.trainer -   Saving model checkpoint to output_dir/CEEDNet
05/06/2026 22:23:09 - INFO - utils.trainer -   ***** Running evaluation on test1 dataset *****
05/06/2026 22:23:11 - INFO - utils.trainer -   AUC: 1.00000
05/06/2026 22:23:11 - INFO - utils.trainer -   Accuracy: 0.99627
05/06/2026 22:23:11 - INFO - utils.trainer -   Precision: 1.00000
05/06/2026 22:23:11 - INFO - utils.trainer -   Recall: 0.99286
05/06/2026 22:23:11 - INFO - utils.trainer -   F_score: 0.99642
05/06/2026 22:23:11 - INFO - utils.trainer -   Specificity: 1.00000
05/06/2026 22:23:11 - INFO - utils.trainer -   Sensitivity: 0.99286
05/06/2026 22:23:11 - INFO - utils.trainer -   Loss: 0.06056
05/06/2026 22:23:11 - INFO - utils.trainer -    Train loss: 0.00479, Test loss: 0.06056,Epoch time = 2.390s
05/06/2026 22:23:13 - INFO - utils.trainer -   ***** Running evaluation on test1 dataset *****
05/06/2026 22:23:14 - INFO - utils.trainer -   AUC: 1.00000
05/06/2026 22:23:14 - INFO - utils.trainer -   Accuracy: 1.00000
05/06/2026 22:23:14 - INFO - utils.trainer -   Precision: 1.00000
05/06/2026 22:23:14 - INFO - utils.trainer -   Recall: 1.00000
05/06/2026 22:23:14 - INFO - utils.trainer -   F_score: 1.00000
05/06/2026 22:23:14 - INFO - utils.trainer -   Specificity: 1.00000
05/06/2026 22:23:14 - INFO - utils.trainer -   Sensitivity: 1.00000
05/06/2026 22:23:14 - INFO - utils.trainer -   Loss: 0.03683
05/06/2026 22:23:14 - INFO - utils.trainer -    Train loss: 0.00255, Test loss: 0.03683,Epoch time = 2.409s
05/06/2026 22:23:14 - INFO - utils.trainer -   Saving model checkpoint to output_dir/CEEDNet
05/06/2026 22:23:17 - INFO - utils.trainer -   ***** Running evaluation on test1 dataset *****
05/06/2026 22:23:18 - INFO - utils.trainer -   AUC: 1.00000
05/06/2026 22:23:18 - INFO - utils.trainer -   Accuracy: 1.00000
05/06/2026 22:23:18 - INFO - utils.trainer -   Precision: 1.00000
05/06/2026 22:23:18 - INFO - utils.trainer -   Recall: 1.00000
05/06/2026 22:23:18 - INFO - utils.trainer -   F_score: 1.00000
05/06/2026 22:23:18 - INFO - utils.trainer -   Specificity: 1.00000
05/06/2026 22:23:18 - INFO - utils.trainer -   Sensitivity: 1.00000
05/06/2026 22:23:18 - INFO - utils.trainer -   Loss: 0.02700
05/06/2026 22:23:18 - INFO - utils.trainer -    Train loss: 0.00304, Test loss: 0.02700,Epoch time = 2.388s
05/06/2026 22:23:18 - INFO - utils.trainer -   Saving model checkpoint to output_dir/CEEDNet
05/06/2026 22:23:20 - INFO - utils.trainer -   ***** Running evaluation on test1 dataset *****
05/06/2026 22:23:22 - INFO - utils.trainer -   AUC: 1.00000
05/06/2026 22:23:22 - INFO - utils.trainer -   Accuracy: 1.00000
05/06/2026 22:23:22 - INFO - utils.trainer -   Precision: 1.00000
05/06/2026 22:23:22 - INFO - utils.trainer -   Recall: 1.00000
05/06/2026 22:23:22 - INFO - utils.trainer -   F_score: 1.00000
05/06/2026 22:23:22 - INFO - utils.trainer -   Specificity: 1.00000
05/06/2026 22:23:22 - INFO - utils.trainer -   Sensitivity: 1.00000
05/06/2026 22:23:22 - INFO - utils.trainer -   Loss: 0.02932
05/06/2026 22:23:22 - INFO - utils.trainer -    Train loss: 0.00131, Test loss: 0.02932,Epoch time = 2.156s
05/06/2026 22:23:22 - INFO - utils.trainer -   Saving model checkpoint to output_dir/CEEDNet
05/06/2026 22:23:24 - INFO - utils.trainer -   ***** Running evaluation on test1 dataset *****
05/06/2026 22:23:26 - INFO - utils.trainer -   AUC: 1.00000
05/06/2026 22:23:26 - INFO - utils.trainer -   Accuracy: 1.00000
05/06/2026 22:23:26 - INFO - utils.trainer -   Precision: 1.00000
05/06/2026 22:23:26 - INFO - utils.trainer -   Recall: 1.00000
05/06/2026 22:23:26 - INFO - utils.trainer -   F_score: 1.00000
05/06/2026 22:23:26 - INFO - utils.trainer -   Specificity: 1.00000
05/06/2026 22:23:26 - INFO - utils.trainer -   Sensitivity: 1.00000
05/06/2026 22:23:26 - INFO - utils.trainer -   Loss: 0.02138
05/06/2026 22:23:26 - INFO - utils.trainer -    Train loss: 0.00091, Test loss: 0.02138,Epoch time = 2.142s
05/06/2026 22:23:26 - INFO - utils.trainer -   Saving model checkpoint to output_dir/CEEDNet
05/06/2026 22:23:28 - INFO - utils.trainer -   ***** Running evaluation on test1 dataset *****
05/06/2026 22:23:30 - INFO - utils.trainer -   AUC: 1.00000
05/06/2026 22:23:30 - INFO - utils.trainer -   Accuracy: 1.00000
05/06/2026 22:23:30 - INFO - utils.trainer -   Precision: 1.00000
05/06/2026 22:23:30 - INFO - utils.trainer -   Recall: 1.00000
05/06/2026 22:23:30 - INFO - utils.trainer -   F_score: 1.00000
05/06/2026 22:23:30 - INFO - utils.trainer -   Specificity: 1.00000
05/06/2026 22:23:30 - INFO - utils.trainer -   Sensitivity: 1.00000
05/06/2026 22:23:30 - INFO - utils.trainer -   Loss: 0.02226
05/06/2026 22:23:30 - INFO - utils.trainer -    Train loss: 0.00096, Test loss: 0.02226,Epoch time = 2.397s
05/06/2026 22:23:30 - INFO - utils.trainer -   Saving model checkpoint to output_dir/CEEDNet
05/06/2026 22:23:32 - INFO - utils.trainer -   ***** Running evaluation on test1 dataset *****
05/06/2026 22:23:34 - INFO - utils.trainer -   AUC: 1.00000
05/06/2026 22:23:34 - INFO - utils.trainer -   Accuracy: 1.00000
05/06/2026 22:23:34 - INFO - utils.trainer -   Precision: 1.00000
05/06/2026 22:23:34 - INFO - utils.trainer -   Recall: 1.00000
05/06/2026 22:23:34 - INFO - utils.trainer -   F_score: 1.00000
05/06/2026 22:23:34 - INFO - utils.trainer -   Specificity: 1.00000
05/06/2026 22:23:34 - INFO - utils.trainer -   Sensitivity: 1.00000
05/06/2026 22:23:34 - INFO - utils.trainer -   Loss: 0.01695
05/06/2026 22:23:34 - INFO - utils.trainer -    Train loss: 0.00188, Test loss: 0.01695,Epoch time = 2.372s
05/06/2026 22:23:34 - INFO - utils.trainer -   Saving model checkpoint to output_dir/CEEDNet
05/06/2026 22:23:36 - INFO - utils.trainer -   ***** Running evaluation on test1 dataset *****
05/06/2026 22:23:38 - INFO - utils.trainer -   AUC: 1.00000
05/06/2026 22:23:38 - INFO - utils.trainer -   Accuracy: 1.00000
05/06/2026 22:23:38 - INFO - utils.trainer -   Precision: 1.00000
05/06/2026 22:23:38 - INFO - utils.trainer -   Recall: 1.00000
05/06/2026 22:23:38 - INFO - utils.trainer -   F_score: 1.00000
05/06/2026 22:23:38 - INFO - utils.trainer -   Specificity: 1.00000
05/06/2026 22:23:38 - INFO - utils.trainer -   Sensitivity: 1.00000
05/06/2026 22:23:38 - INFO - utils.trainer -   Loss: 0.01528
05/06/2026 22:23:38 - INFO - utils.trainer -    Train loss: 0.00077, Test loss: 0.01528,Epoch time = 2.495s
05/06/2026 22:23:38 - INFO - utils.trainer -   Saving model checkpoint to output_dir/CEEDNet
05/06/2026 22:23:40 - INFO - utils.trainer -   ***** Running evaluation on test1 dataset *****
05/06/2026 22:23:41 - INFO - utils.trainer -   AUC: 1.00000
05/06/2026 22:23:41 - INFO - utils.trainer -   Accuracy: 1.00000
05/06/2026 22:23:41 - INFO - utils.trainer -   Precision: 1.00000
05/06/2026 22:23:41 - INFO - utils.trainer -   Recall: 1.00000
05/06/2026 22:23:41 - INFO - utils.trainer -   F_score: 1.00000
05/06/2026 22:23:41 - INFO - utils.trainer -   Specificity: 1.00000
05/06/2026 22:23:41 - INFO - utils.trainer -   Sensitivity: 1.00000
05/06/2026 22:23:41 - INFO - utils.trainer -   Loss: 0.01566
05/06/2026 22:23:41 - INFO - utils.trainer -    Train loss: 0.00070, Test loss: 0.01566,Epoch time = 2.203s
05/06/2026 22:23:42 - INFO - utils.trainer -   Saving model checkpoint to output_dir/CEEDNet
05/06/2026 22:23:43 - INFO - utils.trainer -   ***** Running evaluation on test1 dataset *****
05/06/2026 22:23:45 - INFO - utils.trainer -   AUC: 1.00000
05/06/2026 22:23:45 - INFO - utils.trainer -   Accuracy: 1.00000
05/06/2026 22:23:45 - INFO - utils.trainer -   Precision: 1.00000
05/06/2026 22:23:45 - INFO - utils.trainer -   Recall: 1.00000
05/06/2026 22:23:45 - INFO - utils.trainer -   F_score: 1.00000
05/06/2026 22:23:45 - INFO - utils.trainer -   Specificity: 1.00000
05/06/2026 22:23:45 - INFO - utils.trainer -   Sensitivity: 1.00000
05/06/2026 22:23:45 - INFO - utils.trainer -   Loss: 0.01695
05/06/2026 22:23:45 - INFO - utils.trainer -    Train loss: 0.00075, Test loss: 0.01695,Epoch time = 1.871s
05/06/2026 22:23:45 - INFO - utils.trainer -   Saving model checkpoint to output_dir/CEEDNet
05/06/2026 22:23:47 - INFO - utils.trainer -   ***** Running evaluation on test1 dataset *****
05/06/2026 22:23:49 - INFO - utils.trainer -   AUC: 1.00000
05/06/2026 22:23:49 - INFO - utils.trainer -   Accuracy: 0.99627
05/06/2026 22:23:49 - INFO - utils.trainer -   Precision: 1.00000
05/06/2026 22:23:49 - INFO - utils.trainer -   Recall: 0.99286
05/06/2026 22:23:49 - INFO - utils.trainer -   F_score: 0.99642
05/06/2026 22:23:49 - INFO - utils.trainer -   Specificity: 1.00000
05/06/2026 22:23:49 - INFO - utils.trainer -   Sensitivity: 0.99286
05/06/2026 22:23:49 - INFO - utils.trainer -   Loss: 0.02491
05/06/2026 22:23:49 - INFO - utils.trainer -    Train loss: 0.00099, Test loss: 0.02491,Epoch time = 2.147s
05/06/2026 22:23:51 - INFO - utils.trainer -   ***** Running evaluation on test1 dataset *****
05/06/2026 22:23:52 - INFO - utils.trainer -   AUC: 1.00000
05/06/2026 22:23:52 - INFO - utils.trainer -   Accuracy: 0.99627
05/06/2026 22:23:52 - INFO - utils.trainer -   Precision: 1.00000
05/06/2026 22:23:52 - INFO - utils.trainer -   Recall: 0.99286
05/06/2026 22:23:52 - INFO - utils.trainer -   F_score: 0.99642
05/06/2026 22:23:52 - INFO - utils.trainer -   Specificity: 1.00000
05/06/2026 22:23:52 - INFO - utils.trainer -   Sensitivity: 0.99286
05/06/2026 22:23:52 - INFO - utils.trainer -   Loss: 0.02753
05/06/2026 22:23:52 - INFO - utils.trainer -    Train loss: 0.00133, Test loss: 0.02753,Epoch time = 2.299s
05/06/2026 22:23:55 - INFO - utils.trainer -   ***** Running evaluation on test1 dataset *****
05/06/2026 22:23:56 - INFO - utils.trainer -   AUC: 1.00000
05/06/2026 22:23:56 - INFO - utils.trainer -   Accuracy: 0.99627
05/06/2026 22:23:56 - INFO - utils.trainer -   Precision: 1.00000
05/06/2026 22:23:56 - INFO - utils.trainer -   Recall: 0.99286
05/06/2026 22:23:56 - INFO - utils.trainer -   F_score: 0.99642
05/06/2026 22:23:56 - INFO - utils.trainer -   Specificity: 1.00000
05/06/2026 22:23:56 - INFO - utils.trainer -   Sensitivity: 0.99286
05/06/2026 22:23:56 - INFO - utils.trainer -   Loss: 0.02591
05/06/2026 22:23:56 - INFO - utils.trainer -    Train loss: 0.00065, Test loss: 0.02591,Epoch time = 2.387s
05/06/2026 22:23:58 - INFO - utils.trainer -   ***** Running evaluation on test1 dataset *****
05/06/2026 22:23:59 - INFO - utils.trainer -   AUC: 1.00000
05/06/2026 22:23:59 - INFO - utils.trainer -   Accuracy: 0.99627
05/06/2026 22:23:59 - INFO - utils.trainer -   Precision: 1.00000
05/06/2026 22:23:59 - INFO - utils.trainer -   Recall: 0.99286
05/06/2026 22:23:59 - INFO - utils.trainer -   F_score: 0.99642
05/06/2026 22:23:59 - INFO - utils.trainer -   Specificity: 1.00000
05/06/2026 22:23:59 - INFO - utils.trainer -   Sensitivity: 0.99286
05/06/2026 22:23:59 - INFO - utils.trainer -   Loss: 0.02280
05/06/2026 22:23:59 - INFO - utils.trainer -    Train loss: 0.00037, Test loss: 0.02280,Epoch time = 2.177s
05/06/2026 22:24:02 - INFO - utils.trainer -   ***** Running evaluation on test1 dataset *****
05/06/2026 22:24:03 - INFO - utils.trainer -   AUC: 1.00000
05/06/2026 22:24:03 - INFO - utils.trainer -   Accuracy: 1.00000
05/06/2026 22:24:03 - INFO - utils.trainer -   Precision: 1.00000
05/06/2026 22:24:03 - INFO - utils.trainer -   Recall: 1.00000
05/06/2026 22:24:03 - INFO - utils.trainer -   F_score: 1.00000
05/06/2026 22:24:03 - INFO - utils.trainer -   Specificity: 1.00000
05/06/2026 22:24:03 - INFO - utils.trainer -   Sensitivity: 1.00000
05/06/2026 22:24:03 - INFO - utils.trainer -   Loss: 0.01030
05/06/2026 22:24:03 - INFO - utils.trainer -    Train loss: 0.00284, Test loss: 0.01030,Epoch time = 2.614s
05/06/2026 22:24:03 - INFO - utils.trainer -   Saving model checkpoint to output_dir/CEEDNet
05/06/2026 22:24:06 - INFO - utils.trainer -   ***** Running evaluation on test1 dataset *****
05/06/2026 22:24:07 - INFO - utils.trainer -   AUC: 1.00000
05/06/2026 22:24:07 - INFO - utils.trainer -   Accuracy: 1.00000
05/06/2026 22:24:07 - INFO - utils.trainer -   Precision: 1.00000
05/06/2026 22:24:07 - INFO - utils.trainer -   Recall: 1.00000
05/06/2026 22:24:07 - INFO - utils.trainer -   F_score: 1.00000
05/06/2026 22:24:07 - INFO - utils.trainer -   Specificity: 1.00000
05/06/2026 22:24:07 - INFO - utils.trainer -   Sensitivity: 1.00000
05/06/2026 22:24:07 - INFO - utils.trainer -   Loss: 0.00823
05/06/2026 22:24:07 - INFO - utils.trainer -    Train loss: 0.00057, Test loss: 0.00823,Epoch time = 2.223s
05/06/2026 22:24:07 - INFO - utils.trainer -   Saving model checkpoint to output_dir/CEEDNet
05/06/2026 22:24:10 - INFO - utils.trainer -   ***** Running evaluation on test1 dataset *****
05/06/2026 22:24:11 - INFO - utils.trainer -   AUC: 1.00000
05/06/2026 22:24:11 - INFO - utils.trainer -   Accuracy: 1.00000
05/06/2026 22:24:11 - INFO - utils.trainer -   Precision: 1.00000
05/06/2026 22:24:11 - INFO - utils.trainer -   Recall: 1.00000
05/06/2026 22:24:11 - INFO - utils.trainer -   F_score: 1.00000
05/06/2026 22:24:11 - INFO - utils.trainer -   Specificity: 1.00000
05/06/2026 22:24:11 - INFO - utils.trainer -   Sensitivity: 1.00000
05/06/2026 22:24:11 - INFO - utils.trainer -   Loss: 0.00722
05/06/2026 22:24:11 - INFO - utils.trainer -    Train loss: 0.00215, Test loss: 0.00722,Epoch time = 2.388s
05/06/2026 22:24:11 - INFO - utils.trainer -   Saving model checkpoint to output_dir/CEEDNet
05/06/2026 22:24:14 - INFO - utils.trainer -   ***** Running evaluation on test1 dataset *****
05/06/2026 22:24:15 - INFO - utils.trainer -   AUC: 1.00000
05/06/2026 22:24:15 - INFO - utils.trainer -   Accuracy: 1.00000
05/06/2026 22:24:15 - INFO - utils.trainer -   Precision: 1.00000
05/06/2026 22:24:15 - INFO - utils.trainer -   Recall: 1.00000
05/06/2026 22:24:15 - INFO - utils.trainer -   F_score: 1.00000
05/06/2026 22:24:15 - INFO - utils.trainer -   Specificity: 1.00000
05/06/2026 22:24:15 - INFO - utils.trainer -   Sensitivity: 1.00000
05/06/2026 22:24:15 - INFO - utils.trainer -   Loss: 0.00586
05/06/2026 22:24:15 - INFO - utils.trainer -    Train loss: 0.00038, Test loss: 0.00586,Epoch time = 2.197s
05/06/2026 22:24:15 - INFO - utils.trainer -   Saving model checkpoint to output_dir/CEEDNet
05/06/2026 22:24:18 - INFO - utils.trainer -   ***** Running evaluation on test1 dataset *****
05/06/2026 22:24:19 - INFO - utils.trainer -   AUC: 1.00000
05/06/2026 22:24:19 - INFO - utils.trainer -   Accuracy: 1.00000
05/06/2026 22:24:19 - INFO - utils.trainer -   Precision: 1.00000
05/06/2026 22:24:19 - INFO - utils.trainer -   Recall: 1.00000
05/06/2026 22:24:19 - INFO - utils.trainer -   F_score: 1.00000
05/06/2026 22:24:19 - INFO - utils.trainer -   Specificity: 1.00000
05/06/2026 22:24:19 - INFO - utils.trainer -   Sensitivity: 1.00000
05/06/2026 22:24:19 - INFO - utils.trainer -   Loss: 0.00739
05/06/2026 22:24:19 - INFO - utils.trainer -    Train loss: 0.00047, Test loss: 0.00739,Epoch time = 2.198s
05/06/2026 22:24:19 - INFO - utils.trainer -   Saving model checkpoint to output_dir/CEEDNet
05/06/2026 22:24:21 - INFO - utils.trainer -   ***** Running evaluation on test1 dataset *****
05/06/2026 22:24:23 - INFO - utils.trainer -   AUC: 1.00000
05/06/2026 22:24:23 - INFO - utils.trainer -   Accuracy: 1.00000
05/06/2026 22:24:23 - INFO - utils.trainer -   Precision: 1.00000
05/06/2026 22:24:23 - INFO - utils.trainer -   Recall: 1.00000
05/06/2026 22:24:23 - INFO - utils.trainer -   F_score: 1.00000
05/06/2026 22:24:23 - INFO - utils.trainer -   Specificity: 1.00000
05/06/2026 22:24:23 - INFO - utils.trainer -   Sensitivity: 1.00000
05/06/2026 22:24:23 - INFO - utils.trainer -   Loss: 0.00583
05/06/2026 22:24:23 - INFO - utils.trainer -    Train loss: 0.00066, Test loss: 0.00583,Epoch time = 2.290s
05/06/2026 22:24:23 - INFO - utils.trainer -   Saving model checkpoint to output_dir/CEEDNet
05/06/2026 22:24:25 - INFO - utils.trainer -   ***** Running evaluation on test1 dataset *****
05/06/2026 22:24:26 - INFO - utils.trainer -   AUC: 1.00000
05/06/2026 22:24:26 - INFO - utils.trainer -   Accuracy: 1.00000
05/06/2026 22:24:26 - INFO - utils.trainer -   Precision: 1.00000
05/06/2026 22:24:26 - INFO - utils.trainer -   Recall: 1.00000
05/06/2026 22:24:26 - INFO - utils.trainer -   F_score: 1.00000
05/06/2026 22:24:26 - INFO - utils.trainer -   Specificity: 1.00000
05/06/2026 22:24:26 - INFO - utils.trainer -   Sensitivity: 1.00000
05/06/2026 22:24:26 - INFO - utils.trainer -   Loss: 0.00660
05/06/2026 22:24:26 - INFO - utils.trainer -    Train loss: 0.00033, Test loss: 0.00660,Epoch time = 2.279s
05/06/2026 22:24:27 - INFO - utils.trainer -   Saving model checkpoint to output_dir/CEEDNet
05/06/2026 22:24:29 - INFO - utils.trainer -   ***** Running evaluation on test1 dataset *****
05/06/2026 22:24:30 - INFO - utils.trainer -   AUC: 1.00000
05/06/2026 22:24:30 - INFO - utils.trainer -   Accuracy: 1.00000
05/06/2026 22:24:30 - INFO - utils.trainer -   Precision: 1.00000
05/06/2026 22:24:30 - INFO - utils.trainer -   Recall: 1.00000
05/06/2026 22:24:30 - INFO - utils.trainer -   F_score: 1.00000
05/06/2026 22:24:30 - INFO - utils.trainer -   Specificity: 1.00000
05/06/2026 22:24:30 - INFO - utils.trainer -   Sensitivity: 1.00000
05/06/2026 22:24:30 - INFO - utils.trainer -   Loss: 0.00720
05/06/2026 22:24:30 - INFO - utils.trainer -    Train loss: 0.00047, Test loss: 0.00720,Epoch time = 2.507s
05/06/2026 22:24:31 - INFO - utils.trainer -   Saving model checkpoint to output_dir/CEEDNet
05/06/2026 22:24:33 - INFO - utils.trainer -   ***** Running evaluation on test1 dataset *****
05/06/2026 22:24:34 - INFO - utils.trainer -   AUC: 0.99994
05/06/2026 22:24:34 - INFO - utils.trainer -   Accuracy: 0.99254
05/06/2026 22:24:34 - INFO - utils.trainer -   Precision: 0.98592
05/06/2026 22:24:34 - INFO - utils.trainer -   Recall: 1.00000
05/06/2026 22:24:34 - INFO - utils.trainer -   F_score: 0.99291
05/06/2026 22:24:34 - INFO - utils.trainer -   Specificity: 0.98438
05/06/2026 22:24:34 - INFO - utils.trainer -   Sensitivity: 1.00000
05/06/2026 22:24:34 - INFO - utils.trainer -   Loss: 0.03286
05/06/2026 22:24:34 - INFO - utils.trainer -    Train loss: 0.02435, Test loss: 0.03286,Epoch time = 1.938s
05/06/2026 22:24:36 - INFO - utils.trainer -   ***** Running evaluation on test1 dataset *****
05/06/2026 22:24:37 - INFO - utils.trainer -   AUC: 1.00000
05/06/2026 22:24:37 - INFO - utils.trainer -   Accuracy: 0.99254
05/06/2026 22:24:37 - INFO - utils.trainer -   Precision: 1.00000
05/06/2026 22:24:37 - INFO - utils.trainer -   Recall: 0.98571
05/06/2026 22:24:37 - INFO - utils.trainer -   F_score: 0.99281
05/06/2026 22:24:37 - INFO - utils.trainer -   Specificity: 1.00000
05/06/2026 22:24:37 - INFO - utils.trainer -   Sensitivity: 0.98571
05/06/2026 22:24:37 - INFO - utils.trainer -   Loss: 0.03730
05/06/2026 22:24:37 - INFO - utils.trainer -    Train loss: 0.00172, Test loss: 0.03730,Epoch time = 1.962s
05/06/2026 22:24:40 - INFO - utils.trainer -   ***** Running evaluation on test1 dataset *****
05/06/2026 22:24:41 - INFO - utils.trainer -   AUC: 0.99983
05/06/2026 22:24:41 - INFO - utils.trainer -   Accuracy: 0.94030
05/06/2026 22:24:41 - INFO - utils.trainer -   Precision: 1.00000
05/06/2026 22:24:41 - INFO - utils.trainer -   Recall: 0.88571
05/06/2026 22:24:41 - INFO - utils.trainer -   F_score: 0.93939
05/06/2026 22:24:41 - INFO - utils.trainer -   Specificity: 1.00000
05/06/2026 22:24:41 - INFO - utils.trainer -   Sensitivity: 0.88571
05/06/2026 22:24:41 - INFO - utils.trainer -   Loss: 0.12668
05/06/2026 22:24:41 - INFO - utils.trainer -    Train loss: 0.00268, Test loss: 0.12668,Epoch time = 2.408s
05/06/2026 22:24:44 - INFO - utils.trainer -   ***** Running evaluation on test1 dataset *****
05/06/2026 22:24:45 - INFO - utils.trainer -   AUC: 1.00000
05/06/2026 22:24:45 - INFO - utils.trainer -   Accuracy: 0.97761
05/06/2026 22:24:45 - INFO - utils.trainer -   Precision: 1.00000
05/06/2026 22:24:45 - INFO - utils.trainer -   Recall: 0.95714
05/06/2026 22:24:45 - INFO - utils.trainer -   F_score: 0.97810
05/06/2026 22:24:45 - INFO - utils.trainer -   Specificity: 1.00000
05/06/2026 22:24:45 - INFO - utils.trainer -   Sensitivity: 0.95714
05/06/2026 22:24:45 - INFO - utils.trainer -   Loss: 0.04658
05/06/2026 22:24:45 - INFO - utils.trainer -    Train loss: 0.00965, Test loss: 0.04658,Epoch time = 2.670s
05/06/2026 22:24:47 - INFO - utils.trainer -   ***** Running evaluation on test1 dataset *****
05/06/2026 22:24:48 - INFO - utils.trainer -   AUC: 1.00000
05/06/2026 22:24:48 - INFO - utils.trainer -   Accuracy: 1.00000
05/06/2026 22:24:48 - INFO - utils.trainer -   Precision: 1.00000
05/06/2026 22:24:48 - INFO - utils.trainer -   Recall: 1.00000
05/06/2026 22:24:48 - INFO - utils.trainer -   F_score: 1.00000
05/06/2026 22:24:48 - INFO - utils.trainer -   Specificity: 1.00000
05/06/2026 22:24:48 - INFO - utils.trainer -   Sensitivity: 1.00000
05/06/2026 22:24:48 - INFO - utils.trainer -   Loss: 0.02862
05/06/2026 22:24:48 - INFO - utils.trainer -    Train loss: 0.00280, Test loss: 0.02862,Epoch time = 1.944s
05/06/2026 22:24:48 - INFO - utils.trainer -   Saving model checkpoint to output_dir/CEEDNet
05/06/2026 22:24:50 - INFO - utils.trainer -   ***** Running evaluation on test1 dataset *****
05/06/2026 22:24:52 - INFO - utils.trainer -   AUC: 1.00000
05/06/2026 22:24:52 - INFO - utils.trainer -   Accuracy: 1.00000
05/06/2026 22:24:52 - INFO - utils.trainer -   Precision: 1.00000
05/06/2026 22:24:52 - INFO - utils.trainer -   Recall: 1.00000
05/06/2026 22:24:52 - INFO - utils.trainer -   F_score: 1.00000
05/06/2026 22:24:52 - INFO - utils.trainer -   Specificity: 1.00000
05/06/2026 22:24:52 - INFO - utils.trainer -   Sensitivity: 1.00000
05/06/2026 22:24:52 - INFO - utils.trainer -   Loss: 0.02551
05/06/2026 22:24:52 - INFO - utils.trainer -    Train loss: 0.01030, Test loss: 0.02551,Epoch time = 1.930s
05/06/2026 22:24:52 - INFO - utils.trainer -   Saving model checkpoint to output_dir/CEEDNet
05/06/2026 22:24:54 - INFO - utils.trainer -   ***** Running evaluation on test1 dataset *****
05/06/2026 22:24:55 - INFO - utils.trainer -   AUC: 1.00000
05/06/2026 22:24:55 - INFO - utils.trainer -   Accuracy: 1.00000
05/06/2026 22:24:55 - INFO - utils.trainer -   Precision: 1.00000
05/06/2026 22:24:55 - INFO - utils.trainer -   Recall: 1.00000
05/06/2026 22:24:55 - INFO - utils.trainer -   F_score: 1.00000
05/06/2026 22:24:55 - INFO - utils.trainer -   Specificity: 1.00000
05/06/2026 22:24:55 - INFO - utils.trainer -   Sensitivity: 1.00000
05/06/2026 22:24:55 - INFO - utils.trainer -   Loss: 0.02977
05/06/2026 22:24:55 - INFO - utils.trainer -    Train loss: 0.00490, Test loss: 0.02977,Epoch time = 2.006s
05/06/2026 22:24:55 - INFO - utils.trainer -   Saving model checkpoint to output_dir/CEEDNet
05/06/2026 22:24:57 - INFO - utils.trainer -   ***** Running evaluation on test1 dataset *****
05/06/2026 22:24:59 - INFO - utils.trainer -   AUC: 1.00000
05/06/2026 22:24:59 - INFO - utils.trainer -   Accuracy: 1.00000
05/06/2026 22:24:59 - INFO - utils.trainer -   Precision: 1.00000
05/06/2026 22:24:59 - INFO - utils.trainer -   Recall: 1.00000
05/06/2026 22:24:59 - INFO - utils.trainer -   F_score: 1.00000
05/06/2026 22:24:59 - INFO - utils.trainer -   Specificity: 1.00000
05/06/2026 22:24:59 - INFO - utils.trainer -   Sensitivity: 1.00000
05/06/2026 22:24:59 - INFO - utils.trainer -   Loss: 0.02144
05/06/2026 22:24:59 - INFO - utils.trainer -    Train loss: 0.00089, Test loss: 0.02144,Epoch time = 1.917s
05/06/2026 22:24:59 - INFO - utils.trainer -   Saving model checkpoint to output_dir/CEEDNet
05/06/2026 22:25:01 - INFO - utils.trainer -   ***** Running evaluation on test1 dataset *****
05/06/2026 22:25:03 - INFO - utils.trainer -   AUC: 1.00000
05/06/2026 22:25:03 - INFO - utils.trainer -   Accuracy: 1.00000
05/06/2026 22:25:03 - INFO - utils.trainer -   Precision: 1.00000
05/06/2026 22:25:03 - INFO - utils.trainer -   Recall: 1.00000
05/06/2026 22:25:03 - INFO - utils.trainer -   F_score: 1.00000
05/06/2026 22:25:03 - INFO - utils.trainer -   Specificity: 1.00000
05/06/2026 22:25:03 - INFO - utils.trainer -   Sensitivity: 1.00000
05/06/2026 22:25:03 - INFO - utils.trainer -   Loss: 0.01718
05/06/2026 22:25:03 - INFO - utils.trainer -    Train loss: 0.00095, Test loss: 0.01718,Epoch time = 2.441s
05/06/2026 22:25:03 - INFO - utils.trainer -   Saving model checkpoint to output_dir/CEEDNet
05/06/2026 22:25:05 - INFO - utils.trainer -   ***** Running evaluation on test1 dataset *****
05/06/2026 22:25:07 - INFO - utils.trainer -   AUC: 1.00000
05/06/2026 22:25:07 - INFO - utils.trainer -   Accuracy: 1.00000
05/06/2026 22:25:07 - INFO - utils.trainer -   Precision: 1.00000
05/06/2026 22:25:07 - INFO - utils.trainer -   Recall: 1.00000
05/06/2026 22:25:07 - INFO - utils.trainer -   F_score: 1.00000
05/06/2026 22:25:07 - INFO - utils.trainer -   Specificity: 1.00000
05/06/2026 22:25:07 - INFO - utils.trainer -   Sensitivity: 1.00000
05/06/2026 22:25:07 - INFO - utils.trainer -   Loss: 0.02111
05/06/2026 22:25:07 - INFO - utils.trainer -    Train loss: 0.00137, Test loss: 0.02111,Epoch time = 2.395s
05/06/2026 22:25:07 - INFO - utils.trainer -   Saving model checkpoint to output_dir/CEEDNet
05/06/2026 22:25:09 - INFO - utils.trainer -   ***** Running evaluation on test1 dataset *****
05/06/2026 22:25:10 - INFO - utils.trainer -   AUC: 1.00000
05/06/2026 22:25:10 - INFO - utils.trainer -   Accuracy: 1.00000
05/06/2026 22:25:10 - INFO - utils.trainer -   Precision: 1.00000
05/06/2026 22:25:10 - INFO - utils.trainer -   Recall: 1.00000
05/06/2026 22:25:10 - INFO - utils.trainer -   F_score: 1.00000
05/06/2026 22:25:10 - INFO - utils.trainer -   Specificity: 1.00000
05/06/2026 22:25:10 - INFO - utils.trainer -   Sensitivity: 1.00000
05/06/2026 22:25:10 - INFO - utils.trainer -   Loss: 0.02411
05/06/2026 22:25:10 - INFO - utils.trainer -    Train loss: 0.00058, Test loss: 0.02411,Epoch time = 1.892s
05/06/2026 22:25:10 - INFO - utils.trainer -   Saving model checkpoint to output_dir/CEEDNet
05/06/2026 22:25:12 - INFO - utils.trainer -   ***** Running evaluation on test1 dataset *****
05/06/2026 22:25:13 - INFO - utils.trainer -   AUC: 1.00000
05/06/2026 22:25:13 - INFO - utils.trainer -   Accuracy: 1.00000
05/06/2026 22:25:13 - INFO - utils.trainer -   Precision: 1.00000
05/06/2026 22:25:13 - INFO - utils.trainer -   Recall: 1.00000
05/06/2026 22:25:13 - INFO - utils.trainer -   F_score: 1.00000
05/06/2026 22:25:13 - INFO - utils.trainer -   Specificity: 1.00000
05/06/2026 22:25:13 - INFO - utils.trainer -   Sensitivity: 1.00000
05/06/2026 22:25:13 - INFO - utils.trainer -   Loss: 0.01845
05/06/2026 22:25:13 - INFO - utils.trainer -    Train loss: 0.00082, Test loss: 0.01845,Epoch time = 1.759s
05/06/2026 22:25:14 - INFO - utils.trainer -   Saving model checkpoint to output_dir/CEEDNet
05/06/2026 22:25:16 - INFO - utils.trainer -   ***** Running evaluation on test1 dataset *****
05/06/2026 22:25:17 - INFO - utils.trainer -   AUC: 1.00000
05/06/2026 22:25:17 - INFO - utils.trainer -   Accuracy: 1.00000
05/06/2026 22:25:17 - INFO - utils.trainer -   Precision: 1.00000
05/06/2026 22:25:17 - INFO - utils.trainer -   Recall: 1.00000
05/06/2026 22:25:17 - INFO - utils.trainer -   F_score: 1.00000
05/06/2026 22:25:17 - INFO - utils.trainer -   Specificity: 1.00000
05/06/2026 22:25:17 - INFO - utils.trainer -   Sensitivity: 1.00000
05/06/2026 22:25:17 - INFO - utils.trainer -   Loss: 0.01956
05/06/2026 22:25:17 - INFO - utils.trainer -    Train loss: 0.00103, Test loss: 0.01956,Epoch time = 2.644s
05/06/2026 22:25:17 - INFO - utils.trainer -   Saving model checkpoint to output_dir/CEEDNet
05/06/2026 22:25:20 - INFO - utils.trainer -   ***** Running evaluation on test1 dataset *****
05/06/2026 22:25:21 - INFO - utils.trainer -   AUC: 1.00000
05/06/2026 22:25:21 - INFO - utils.trainer -   Accuracy: 1.00000
05/06/2026 22:25:21 - INFO - utils.trainer -   Precision: 1.00000
05/06/2026 22:25:21 - INFO - utils.trainer -   Recall: 1.00000
05/06/2026 22:25:21 - INFO - utils.trainer -   F_score: 1.00000
05/06/2026 22:25:21 - INFO - utils.trainer -   Specificity: 1.00000
05/06/2026 22:25:21 - INFO - utils.trainer -   Sensitivity: 1.00000
05/06/2026 22:25:21 - INFO - utils.trainer -   Loss: 0.01544
05/06/2026 22:25:21 - INFO - utils.trainer -    Train loss: 0.00259, Test loss: 0.01544,Epoch time = 2.467s
05/06/2026 22:25:21 - INFO - utils.trainer -   Saving model checkpoint to output_dir/CEEDNet
05/06/2026 22:25:23 - INFO - utils.trainer -   ***** Running evaluation on test1 dataset *****
05/06/2026 22:25:25 - INFO - utils.trainer -   AUC: 1.00000
05/06/2026 22:25:25 - INFO - utils.trainer -   Accuracy: 1.00000
05/06/2026 22:25:25 - INFO - utils.trainer -   Precision: 1.00000
05/06/2026 22:25:25 - INFO - utils.trainer -   Recall: 1.00000
05/06/2026 22:25:25 - INFO - utils.trainer -   F_score: 1.00000
05/06/2026 22:25:25 - INFO - utils.trainer -   Specificity: 1.00000
05/06/2026 22:25:25 - INFO - utils.trainer -   Sensitivity: 1.00000
05/06/2026 22:25:25 - INFO - utils.trainer -   Loss: 0.01672
05/06/2026 22:25:25 - INFO - utils.trainer -    Train loss: 0.00093, Test loss: 0.01672,Epoch time = 1.836s
05/06/2026 22:25:25 - INFO - utils.trainer -   Saving model checkpoint to output_dir/CEEDNet
05/06/2026 22:25:27 - INFO - utils.trainer -   ***** Running evaluation on test1 dataset *****
05/06/2026 22:25:28 - INFO - utils.trainer -   AUC: 1.00000
05/06/2026 22:25:28 - INFO - utils.trainer -   Accuracy: 1.00000
05/06/2026 22:25:28 - INFO - utils.trainer -   Precision: 1.00000
05/06/2026 22:25:28 - INFO - utils.trainer -   Recall: 1.00000
05/06/2026 22:25:28 - INFO - utils.trainer -   F_score: 1.00000
05/06/2026 22:25:28 - INFO - utils.trainer -   Specificity: 1.00000
05/06/2026 22:25:28 - INFO - utils.trainer -   Sensitivity: 1.00000
05/06/2026 22:25:28 - INFO - utils.trainer -   Loss: 0.01601
05/06/2026 22:25:28 - INFO - utils.trainer -    Train loss: 0.00044, Test loss: 0.01601,Epoch time = 1.812s
05/06/2026 22:25:29 - INFO - utils.trainer -   Saving model checkpoint to output_dir/CEEDNet
05/06/2026 22:25:31 - INFO - utils.trainer -   ***** Running evaluation on test1 dataset *****
05/06/2026 22:25:32 - INFO - utils.trainer -   AUC: 1.00000
05/06/2026 22:25:32 - INFO - utils.trainer -   Accuracy: 1.00000
05/06/2026 22:25:32 - INFO - utils.trainer -   Precision: 1.00000
05/06/2026 22:25:32 - INFO - utils.trainer -   Recall: 1.00000
05/06/2026 22:25:32 - INFO - utils.trainer -   F_score: 1.00000
05/06/2026 22:25:32 - INFO - utils.trainer -   Specificity: 1.00000
05/06/2026 22:25:32 - INFO - utils.trainer -   Sensitivity: 1.00000
05/06/2026 22:25:32 - INFO - utils.trainer -   Loss: 0.01583
05/06/2026 22:25:32 - INFO - utils.trainer -    Train loss: 0.00067, Test loss: 0.01583,Epoch time = 1.997s
05/06/2026 22:25:32 - INFO - utils.trainer -   Saving model checkpoint to output_dir/CEEDNet
05/06/2026 22:25:35 - INFO - utils.trainer -   ***** Running evaluation on test1 dataset *****
05/06/2026 22:25:36 - INFO - utils.trainer -   AUC: 1.00000
05/06/2026 22:25:36 - INFO - utils.trainer -   Accuracy: 1.00000
05/06/2026 22:25:36 - INFO - utils.trainer -   Precision: 1.00000
05/06/2026 22:25:36 - INFO - utils.trainer -   Recall: 1.00000
05/06/2026 22:25:36 - INFO - utils.trainer -   F_score: 1.00000
05/06/2026 22:25:36 - INFO - utils.trainer -   Specificity: 1.00000
05/06/2026 22:25:36 - INFO - utils.trainer -   Sensitivity: 1.00000
05/06/2026 22:25:36 - INFO - utils.trainer -   Loss: 0.01644
05/06/2026 22:25:36 - INFO - utils.trainer -    Train loss: 0.00041, Test loss: 0.01644,Epoch time = 2.808s
05/06/2026 22:25:36 - INFO - utils.trainer -   Saving model checkpoint to output_dir/CEEDNet
05/06/2026 22:25:38 - INFO - utils.trainer -   ***** Running evaluation on test1 dataset *****
05/06/2026 22:25:40 - INFO - utils.trainer -   AUC: 1.00000
05/06/2026 22:25:40 - INFO - utils.trainer -   Accuracy: 1.00000
05/06/2026 22:25:40 - INFO - utils.trainer -   Precision: 1.00000
05/06/2026 22:25:40 - INFO - utils.trainer -   Recall: 1.00000
05/06/2026 22:25:40 - INFO - utils.trainer -   F_score: 1.00000
05/06/2026 22:25:40 - INFO - utils.trainer -   Specificity: 1.00000
05/06/2026 22:25:40 - INFO - utils.trainer -   Sensitivity: 1.00000
05/06/2026 22:25:40 - INFO - utils.trainer -   Loss: 0.01734
05/06/2026 22:25:40 - INFO - utils.trainer -    Train loss: 0.00067, Test loss: 0.01734,Epoch time = 2.170s
05/06/2026 22:25:40 - INFO - utils.trainer -   Saving model checkpoint to output_dir/CEEDNet
05/06/2026 22:25:42 - INFO - utils.trainer -   ***** Running evaluation on test1 dataset *****
05/06/2026 22:25:43 - INFO - utils.trainer -   AUC: 1.00000
05/06/2026 22:25:43 - INFO - utils.trainer -   Accuracy: 1.00000
05/06/2026 22:25:43 - INFO - utils.trainer -   Precision: 1.00000
05/06/2026 22:25:43 - INFO - utils.trainer -   Recall: 1.00000
05/06/2026 22:25:43 - INFO - utils.trainer -   F_score: 1.00000
05/06/2026 22:25:43 - INFO - utils.trainer -   Specificity: 1.00000
05/06/2026 22:25:43 - INFO - utils.trainer -   Sensitivity: 1.00000
05/06/2026 22:25:43 - INFO - utils.trainer -   Loss: 0.01621
05/06/2026 22:25:43 - INFO - utils.trainer -    Train loss: 0.00078, Test loss: 0.01621,Epoch time = 2.415s
05/06/2026 22:25:44 - INFO - utils.trainer -   Saving model checkpoint to output_dir/CEEDNet
05/06/2026 22:25:45 - INFO - utils.trainer -   ***** Running evaluation on test1 dataset *****
05/06/2026 22:25:47 - INFO - utils.trainer -   AUC: 1.00000
05/06/2026 22:25:47 - INFO - utils.trainer -   Accuracy: 1.00000
05/06/2026 22:25:47 - INFO - utils.trainer -   Precision: 1.00000
05/06/2026 22:25:47 - INFO - utils.trainer -   Recall: 1.00000
05/06/2026 22:25:47 - INFO - utils.trainer -   F_score: 1.00000
05/06/2026 22:25:47 - INFO - utils.trainer -   Specificity: 1.00000
05/06/2026 22:25:47 - INFO - utils.trainer -   Sensitivity: 1.00000
05/06/2026 22:25:47 - INFO - utils.trainer -   Loss: 0.01985
05/06/2026 22:25:47 - INFO - utils.trainer -    Train loss: 0.00110, Test loss: 0.01985,Epoch time = 1.872s
05/06/2026 22:25:47 - INFO - utils.trainer -   Saving model checkpoint to output_dir/CEEDNet
05/06/2026 22:25:49 - INFO - utils.trainer -   ***** Running evaluation on test1 dataset *****
05/06/2026 22:25:51 - INFO - utils.trainer -   AUC: 1.00000
05/06/2026 22:25:51 - INFO - utils.trainer -   Accuracy: 1.00000
05/06/2026 22:25:51 - INFO - utils.trainer -   Precision: 1.00000
05/06/2026 22:25:51 - INFO - utils.trainer -   Recall: 1.00000
05/06/2026 22:25:51 - INFO - utils.trainer -   F_score: 1.00000
05/06/2026 22:25:51 - INFO - utils.trainer -   Specificity: 1.00000
05/06/2026 22:25:51 - INFO - utils.trainer -   Sensitivity: 1.00000
05/06/2026 22:25:51 - INFO - utils.trainer -   Loss: 0.02125
05/06/2026 22:25:51 - INFO - utils.trainer -    Train loss: 0.00075, Test loss: 0.02125,Epoch time = 2.061s
05/06/2026 22:25:51 - INFO - utils.trainer -   Saving model checkpoint to output_dir/CEEDNet
05/06/2026 22:25:53 - INFO - utils.trainer -   ***** Running evaluation on test1 dataset *****
05/06/2026 22:25:54 - INFO - utils.trainer -   AUC: 1.00000
05/06/2026 22:25:54 - INFO - utils.trainer -   Accuracy: 0.99627
05/06/2026 22:25:54 - INFO - utils.trainer -   Precision: 1.00000
05/06/2026 22:25:54 - INFO - utils.trainer -   Recall: 0.99286
05/06/2026 22:25:54 - INFO - utils.trainer -   F_score: 0.99642
05/06/2026 22:25:54 - INFO - utils.trainer -   Specificity: 1.00000
05/06/2026 22:25:54 - INFO - utils.trainer -   Sensitivity: 0.99286
05/06/2026 22:25:54 - INFO - utils.trainer -   Loss: 0.02338
05/06/2026 22:25:54 - INFO - utils.trainer -    Train loss: 0.00150, Test loss: 0.02338,Epoch time = 1.901s
05/06/2026 22:25:56 - INFO - utils.trainer -   ***** Running evaluation on test1 dataset *****
05/06/2026 22:25:57 - INFO - utils.trainer -   AUC: 1.00000
05/06/2026 22:25:57 - INFO - utils.trainer -   Accuracy: 1.00000
05/06/2026 22:25:57 - INFO - utils.trainer -   Precision: 1.00000
05/06/2026 22:25:57 - INFO - utils.trainer -   Recall: 1.00000
05/06/2026 22:25:57 - INFO - utils.trainer -   F_score: 1.00000
05/06/2026 22:25:57 - INFO - utils.trainer -   Specificity: 1.00000
05/06/2026 22:25:57 - INFO - utils.trainer -   Sensitivity: 1.00000
05/06/2026 22:25:57 - INFO - utils.trainer -   Loss: 0.01765
05/06/2026 22:25:57 - INFO - utils.trainer -    Train loss: 0.00073, Test loss: 0.01765,Epoch time = 2.424s
05/06/2026 22:25:57 - INFO - utils.trainer -   Saving model checkpoint to output_dir/CEEDNet
05/06/2026 22:25:59 - INFO - utils.trainer -   ***** Running evaluation on test1 dataset *****
05/06/2026 22:26:01 - INFO - utils.trainer -   AUC: 1.00000
05/06/2026 22:26:01 - INFO - utils.trainer -   Accuracy: 0.99627
05/06/2026 22:26:01 - INFO - utils.trainer -   Precision: 1.00000
05/06/2026 22:26:01 - INFO - utils.trainer -   Recall: 0.99286
05/06/2026 22:26:01 - INFO - utils.trainer -   F_score: 0.99642
05/06/2026 22:26:01 - INFO - utils.trainer -   Specificity: 1.00000
05/06/2026 22:26:01 - INFO - utils.trainer -   Sensitivity: 0.99286
05/06/2026 22:26:01 - INFO - utils.trainer -   Loss: 0.02410
05/06/2026 22:26:01 - INFO - utils.trainer -    Train loss: 0.00059, Test loss: 0.02410,Epoch time = 1.869s
05/06/2026 22:26:03 - INFO - utils.trainer -   ***** Running evaluation on test1 dataset *****
05/06/2026 22:26:04 - INFO - utils.trainer -   AUC: 1.00000
05/06/2026 22:26:04 - INFO - utils.trainer -   Accuracy: 1.00000
05/06/2026 22:26:04 - INFO - utils.trainer -   Precision: 1.00000
05/06/2026 22:26:04 - INFO - utils.trainer -   Recall: 1.00000
05/06/2026 22:26:04 - INFO - utils.trainer -   F_score: 1.00000
05/06/2026 22:26:04 - INFO - utils.trainer -   Specificity: 1.00000
05/06/2026 22:26:04 - INFO - utils.trainer -   Sensitivity: 1.00000
05/06/2026 22:26:04 - INFO - utils.trainer -   Loss: 0.02086
05/06/2026 22:26:04 - INFO - utils.trainer -    Train loss: 0.00069, Test loss: 0.02086,Epoch time = 1.919s
05/06/2026 22:26:04 - INFO - utils.trainer -   Saving model checkpoint to output_dir/CEEDNet
05/06/2026 22:26:07 - INFO - utils.trainer -   ***** Running evaluation on test1 dataset *****
05/06/2026 22:26:08 - INFO - utils.trainer -   AUC: 1.00000
05/06/2026 22:26:08 - INFO - utils.trainer -   Accuracy: 1.00000
05/06/2026 22:26:08 - INFO - utils.trainer -   Precision: 1.00000
05/06/2026 22:26:08 - INFO - utils.trainer -   Recall: 1.00000
05/06/2026 22:26:08 - INFO - utils.trainer -   F_score: 1.00000
05/06/2026 22:26:08 - INFO - utils.trainer -   Specificity: 1.00000
05/06/2026 22:26:08 - INFO - utils.trainer -   Sensitivity: 1.00000
05/06/2026 22:26:08 - INFO - utils.trainer -   Loss: 0.01644
05/06/2026 22:26:08 - INFO - utils.trainer -    Train loss: 0.00111, Test loss: 0.01644,Epoch time = 2.527s
05/06/2026 22:26:08 - INFO - utils.trainer -   Saving model checkpoint to output_dir/CEEDNet
05/06/2026 22:26:11 - INFO - utils.trainer -   ***** Running evaluation on test1 dataset *****
05/06/2026 22:26:12 - INFO - utils.trainer -   AUC: 1.00000
05/06/2026 22:26:12 - INFO - utils.trainer -   Accuracy: 1.00000
05/06/2026 22:26:12 - INFO - utils.trainer -   Precision: 1.00000
05/06/2026 22:26:12 - INFO - utils.trainer -   Recall: 1.00000
05/06/2026 22:26:12 - INFO - utils.trainer -   F_score: 1.00000
05/06/2026 22:26:12 - INFO - utils.trainer -   Specificity: 1.00000
05/06/2026 22:26:12 - INFO - utils.trainer -   Sensitivity: 1.00000
05/06/2026 22:26:12 - INFO - utils.trainer -   Loss: 0.02187
05/06/2026 22:26:12 - INFO - utils.trainer -    Train loss: 0.00198, Test loss: 0.02187,Epoch time = 2.404s
05/06/2026 22:26:12 - INFO - utils.trainer -   Saving model checkpoint to output_dir/CEEDNet
05/06/2026 22:26:14 - INFO - utils.trainer -   ***** Running evaluation on test1 dataset *****
05/06/2026 22:26:15 - INFO - utils.trainer -   AUC: 1.00000
05/06/2026 22:26:15 - INFO - utils.trainer -   Accuracy: 1.00000
05/06/2026 22:26:15 - INFO - utils.trainer -   Precision: 1.00000
05/06/2026 22:26:15 - INFO - utils.trainer -   Recall: 1.00000
05/06/2026 22:26:15 - INFO - utils.trainer -   F_score: 1.00000
05/06/2026 22:26:15 - INFO - utils.trainer -   Specificity: 1.00000
05/06/2026 22:26:15 - INFO - utils.trainer -   Sensitivity: 1.00000
05/06/2026 22:26:15 - INFO - utils.trainer -   Loss: 0.01863
05/06/2026 22:26:15 - INFO - utils.trainer -    Train loss: 0.00037, Test loss: 0.01863,Epoch time = 2.109s
05/06/2026 22:26:15 - INFO - utils.trainer -   Saving model checkpoint to output_dir/CEEDNet
05/06/2026 22:26:18 - INFO - utils.trainer -   ***** Running evaluation on test1 dataset *****
05/06/2026 22:26:19 - INFO - utils.trainer -   AUC: 1.00000
05/06/2026 22:26:19 - INFO - utils.trainer -   Accuracy: 1.00000
05/06/2026 22:26:19 - INFO - utils.trainer -   Precision: 1.00000
05/06/2026 22:26:19 - INFO - utils.trainer -   Recall: 1.00000
05/06/2026 22:26:19 - INFO - utils.trainer -   F_score: 1.00000
05/06/2026 22:26:19 - INFO - utils.trainer -   Specificity: 1.00000
05/06/2026 22:26:19 - INFO - utils.trainer -   Sensitivity: 1.00000
05/06/2026 22:26:19 - INFO - utils.trainer -   Loss: 0.01394
05/06/2026 22:26:19 - INFO - utils.trainer -    Train loss: 0.00039, Test loss: 0.01394,Epoch time = 2.457s
05/06/2026 22:26:20 - INFO - utils.trainer -   Saving model checkpoint to output_dir/CEEDNet
05/06/2026 22:26:22 - INFO - utils.trainer -   ***** Running evaluation on test1 dataset *****
05/06/2026 22:26:23 - INFO - utils.trainer -   AUC: 1.00000
05/06/2026 22:26:23 - INFO - utils.trainer -   Accuracy: 0.99254
05/06/2026 22:26:23 - INFO - utils.trainer -   Precision: 1.00000
05/06/2026 22:26:23 - INFO - utils.trainer -   Recall: 0.98571
05/06/2026 22:26:23 - INFO - utils.trainer -   F_score: 0.99281
05/06/2026 22:26:23 - INFO - utils.trainer -   Specificity: 1.00000
05/06/2026 22:26:23 - INFO - utils.trainer -   Sensitivity: 0.98571
05/06/2026 22:26:23 - INFO - utils.trainer -   Loss: 0.02673
05/06/2026 22:26:23 - INFO - utils.trainer -    Train loss: 0.00037, Test loss: 0.02673,Epoch time = 2.273s
05/06/2026 22:26:25 - INFO - utils.trainer -   ***** Running evaluation on test1 dataset *****
05/06/2026 22:26:26 - INFO - utils.trainer -   AUC: 1.00000
05/06/2026 22:26:26 - INFO - utils.trainer -   Accuracy: 1.00000
05/06/2026 22:26:26 - INFO - utils.trainer -   Precision: 1.00000
05/06/2026 22:26:26 - INFO - utils.trainer -   Recall: 1.00000
05/06/2026 22:26:26 - INFO - utils.trainer -   F_score: 1.00000
05/06/2026 22:26:26 - INFO - utils.trainer -   Specificity: 1.00000
05/06/2026 22:26:26 - INFO - utils.trainer -   Sensitivity: 1.00000
05/06/2026 22:26:26 - INFO - utils.trainer -   Loss: 0.01728
05/06/2026 22:26:26 - INFO - utils.trainer -    Train loss: 0.00033, Test loss: 0.01728,Epoch time = 1.773s
05/06/2026 22:26:27 - INFO - utils.trainer -   Saving model checkpoint to output_dir/CEEDNet
05/06/2026 22:26:29 - INFO - utils.trainer -   ***** Running evaluation on test1 dataset *****
05/06/2026 22:26:30 - INFO - utils.trainer -   AUC: 1.00000
05/06/2026 22:26:30 - INFO - utils.trainer -   Accuracy: 1.00000
05/06/2026 22:26:30 - INFO - utils.trainer -   Precision: 1.00000
05/06/2026 22:26:30 - INFO - utils.trainer -   Recall: 1.00000
05/06/2026 22:26:30 - INFO - utils.trainer -   F_score: 1.00000
05/06/2026 22:26:30 - INFO - utils.trainer -   Specificity: 1.00000
05/06/2026 22:26:30 - INFO - utils.trainer -   Sensitivity: 1.00000
05/06/2026 22:26:30 - INFO - utils.trainer -   Loss: 0.02313
05/06/2026 22:26:30 - INFO - utils.trainer -    Train loss: 0.00053, Test loss: 0.02313,Epoch time = 2.190s
05/06/2026 22:26:30 - INFO - utils.trainer -   Saving model checkpoint to output_dir/CEEDNet
05/06/2026 22:26:33 - INFO - utils.trainer -   ***** Running evaluation on test1 dataset *****
05/06/2026 22:26:34 - INFO - utils.trainer -   AUC: 1.00000
05/06/2026 22:26:34 - INFO - utils.trainer -   Accuracy: 1.00000
05/06/2026 22:26:34 - INFO - utils.trainer -   Precision: 1.00000
05/06/2026 22:26:34 - INFO - utils.trainer -   Recall: 1.00000
05/06/2026 22:26:34 - INFO - utils.trainer -   F_score: 1.00000
05/06/2026 22:26:34 - INFO - utils.trainer -   Specificity: 1.00000
05/06/2026 22:26:34 - INFO - utils.trainer -   Sensitivity: 1.00000
05/06/2026 22:26:34 - INFO - utils.trainer -   Loss: 0.01799
05/06/2026 22:26:34 - INFO - utils.trainer -    Train loss: 0.00050, Test loss: 0.01799,Epoch time = 2.615s
05/06/2026 22:26:34 - INFO - utils.trainer -   Saving model checkpoint to output_dir/CEEDNet
05/06/2026 22:26:37 - INFO - __main__ -   ########## Repeat:2 ##########
05/06/2026 22:26:37 - INFO - utils.trainer -   ***** Running training *****
05/06/2026 22:26:37 - INFO - utils.trainer -     Num examples = 33
05/06/2026 22:26:37 - INFO - utils.trainer -     Num Epochs = 200
05/06/2026 22:26:37 - INFO - utils.trainer -     Total train batch size = 16
05/06/2026 22:26:37 - INFO - utils.trainer -     warmup steps = 400
05/06/2026 22:26:37 - INFO - utils.trainer -     Total optimization steps = 6600
05/06/2026 22:26:37 - INFO - utils.trainer -     Save steps = 200
05/06/2026 22:26:37 - INFO - root -   Parameters [normal] length [53]
05/06/2026 22:26:39 - INFO - utils.trainer -   ***** Running evaluation on test2 dataset *****
05/06/2026 22:26:41 - INFO - utils.trainer -   AUC: 0.97783
05/06/2026 22:26:41 - INFO - utils.trainer -   Accuracy: 0.64602
05/06/2026 22:26:41 - INFO - utils.trainer -   Precision: 0.00000
05/06/2026 22:26:41 - INFO - utils.trainer -   Recall: 0.00000
05/06/2026 22:26:41 - INFO - utils.trainer -   F_score: 0.00000
05/06/2026 22:26:41 - INFO - utils.trainer -   Specificity: 1.00000
05/06/2026 22:26:41 - INFO - utils.trainer -   Sensitivity: 0.00000
05/06/2026 22:26:41 - INFO - utils.trainer -   Loss: 0.66260
05/06/2026 22:26:41 - INFO - utils.trainer -    Train loss: 0.49925, Test loss: 0.66260,Epoch time = 2.351s
05/06/2026 22:26:41 - INFO - utils.trainer -   Saving model checkpoint to output_dir/CEEDNet
05/06/2026 22:26:43 - INFO - utils.trainer -   ***** Running evaluation on test2 dataset *****
05/06/2026 22:26:44 - INFO - utils.trainer -   AUC: 0.99923
05/06/2026 22:26:44 - INFO - utils.trainer -   Accuracy: 0.64602
05/06/2026 22:26:44 - INFO - utils.trainer -   Precision: 0.00000
05/06/2026 22:26:44 - INFO - utils.trainer -   Recall: 0.00000
05/06/2026 22:26:44 - INFO - utils.trainer -   F_score: 0.00000
05/06/2026 22:26:44 - INFO - utils.trainer -   Specificity: 1.00000
05/06/2026 22:26:44 - INFO - utils.trainer -   Sensitivity: 0.00000
05/06/2026 22:26:44 - INFO - utils.trainer -   Loss: 0.65073
05/06/2026 22:26:44 - INFO - utils.trainer -    Train loss: 0.23236, Test loss: 0.65073,Epoch time = 2.170s
05/06/2026 22:26:45 - INFO - utils.trainer -   Saving model checkpoint to output_dir/CEEDNet
05/06/2026 22:26:46 - INFO - utils.trainer -   ***** Running evaluation on test2 dataset *****
05/06/2026 22:26:48 - INFO - utils.trainer -   AUC: 0.99863
05/06/2026 22:26:48 - INFO - utils.trainer -   Accuracy: 0.97788
05/06/2026 22:26:48 - INFO - utils.trainer -   Precision: 1.00000
05/06/2026 22:26:48 - INFO - utils.trainer -   Recall: 0.93750
05/06/2026 22:26:48 - INFO - utils.trainer -   F_score: 0.96774
05/06/2026 22:26:48 - INFO - utils.trainer -   Specificity: 1.00000
05/06/2026 22:26:48 - INFO - utils.trainer -   Sensitivity: 0.93750
05/06/2026 22:26:48 - INFO - utils.trainer -   Loss: 0.10820
05/06/2026 22:26:48 - INFO - utils.trainer -    Train loss: 0.16027, Test loss: 0.10820,Epoch time = 1.808s
05/06/2026 22:26:48 - INFO - utils.trainer -   Saving model checkpoint to output_dir/CEEDNet
05/06/2026 22:26:50 - INFO - utils.trainer -   ***** Running evaluation on test2 dataset *****
05/06/2026 22:26:51 - INFO - utils.trainer -   AUC: 0.99649
05/06/2026 22:26:51 - INFO - utils.trainer -   Accuracy: 0.96460
05/06/2026 22:26:51 - INFO - utils.trainer -   Precision: 0.91860
05/06/2026 22:26:51 - INFO - utils.trainer -   Recall: 0.98750
05/06/2026 22:26:51 - INFO - utils.trainer -   F_score: 0.95181
05/06/2026 22:26:51 - INFO - utils.trainer -   Specificity: 0.95205
05/06/2026 22:26:51 - INFO - utils.trainer -   Sensitivity: 0.98750
05/06/2026 22:26:51 - INFO - utils.trainer -   Loss: 0.08737
05/06/2026 22:26:51 - INFO - utils.trainer -    Train loss: 0.11208, Test loss: 0.08737,Epoch time = 2.290s
05/06/2026 22:26:54 - INFO - utils.trainer -   ***** Running evaluation on test2 dataset *****
05/06/2026 22:26:55 - INFO - utils.trainer -   AUC: 1.00000
05/06/2026 22:26:55 - INFO - utils.trainer -   Accuracy: 0.98673
05/06/2026 22:26:55 - INFO - utils.trainer -   Precision: 0.96386
05/06/2026 22:26:55 - INFO - utils.trainer -   Recall: 1.00000
05/06/2026 22:26:55 - INFO - utils.trainer -   F_score: 0.98160
05/06/2026 22:26:55 - INFO - utils.trainer -   Specificity: 0.97945
05/06/2026 22:26:55 - INFO - utils.trainer -   Sensitivity: 1.00000
05/06/2026 22:26:55 - INFO - utils.trainer -   Loss: 0.04975
05/06/2026 22:26:55 - INFO - utils.trainer -    Train loss: 0.13329, Test loss: 0.04975,Epoch time = 2.536s
05/06/2026 22:26:55 - INFO - utils.trainer -   Saving model checkpoint to output_dir/CEEDNet
05/06/2026 22:26:57 - INFO - utils.trainer -   ***** Running evaluation on test2 dataset *****
05/06/2026 22:26:59 - INFO - utils.trainer -   AUC: 1.00000
05/06/2026 22:26:59 - INFO - utils.trainer -   Accuracy: 1.00000
05/06/2026 22:26:59 - INFO - utils.trainer -   Precision: 1.00000
05/06/2026 22:26:59 - INFO - utils.trainer -   Recall: 1.00000
05/06/2026 22:26:59 - INFO - utils.trainer -   F_score: 1.00000
05/06/2026 22:26:59 - INFO - utils.trainer -   Specificity: 1.00000
05/06/2026 22:26:59 - INFO - utils.trainer -   Sensitivity: 1.00000
05/06/2026 22:26:59 - INFO - utils.trainer -   Loss: 0.05948
05/06/2026 22:26:59 - INFO - utils.trainer -    Train loss: 0.07315, Test loss: 0.05948,Epoch time = 2.237s
05/06/2026 22:26:59 - INFO - utils.trainer -   Saving model checkpoint to output_dir/CEEDNet
05/06/2026 22:27:01 - INFO - utils.trainer -   ***** Running evaluation on test2 dataset *****
05/06/2026 22:27:02 - INFO - utils.trainer -   AUC: 0.99991
05/06/2026 22:27:02 - INFO - utils.trainer -   Accuracy: 0.99558
05/06/2026 22:27:02 - INFO - utils.trainer -   Precision: 0.98765
05/06/2026 22:27:02 - INFO - utils.trainer -   Recall: 1.00000
05/06/2026 22:27:02 - INFO - utils.trainer -   F_score: 0.99379
05/06/2026 22:27:02 - INFO - utils.trainer -   Specificity: 0.99315
05/06/2026 22:27:02 - INFO - utils.trainer -   Sensitivity: 1.00000
05/06/2026 22:27:02 - INFO - utils.trainer -   Loss: 0.02171
05/06/2026 22:27:02 - INFO - utils.trainer -    Train loss: 0.08136, Test loss: 0.02171,Epoch time = 2.200s
05/06/2026 22:27:05 - INFO - utils.trainer -   ***** Running evaluation on test2 dataset *****
05/06/2026 22:27:06 - INFO - utils.trainer -   AUC: 1.00000
05/06/2026 22:27:06 - INFO - utils.trainer -   Accuracy: 0.96903
05/06/2026 22:27:06 - INFO - utils.trainer -   Precision: 0.91954
05/06/2026 22:27:06 - INFO - utils.trainer -   Recall: 1.00000
05/06/2026 22:27:06 - INFO - utils.trainer -   F_score: 0.95808
05/06/2026 22:27:06 - INFO - utils.trainer -   Specificity: 0.95205
05/06/2026 22:27:06 - INFO - utils.trainer -   Sensitivity: 1.00000
05/06/2026 22:27:06 - INFO - utils.trainer -   Loss: 0.06434
05/06/2026 22:27:06 - INFO - utils.trainer -    Train loss: 0.06181, Test loss: 0.06434,Epoch time = 2.506s
05/06/2026 22:27:09 - INFO - utils.trainer -   ***** Running evaluation on test2 dataset *****
05/06/2026 22:27:10 - INFO - utils.trainer -   AUC: 1.00000
05/06/2026 22:27:10 - INFO - utils.trainer -   Accuracy: 1.00000
05/06/2026 22:27:10 - INFO - utils.trainer -   Precision: 1.00000
05/06/2026 22:27:10 - INFO - utils.trainer -   Recall: 1.00000
05/06/2026 22:27:10 - INFO - utils.trainer -   F_score: 1.00000
05/06/2026 22:27:10 - INFO - utils.trainer -   Specificity: 1.00000
05/06/2026 22:27:10 - INFO - utils.trainer -   Sensitivity: 1.00000
05/06/2026 22:27:10 - INFO - utils.trainer -   Loss: 0.10523
05/06/2026 22:27:10 - INFO - utils.trainer -    Train loss: 0.06642, Test loss: 0.10523,Epoch time = 2.461s
05/06/2026 22:27:10 - INFO - utils.trainer -   Saving model checkpoint to output_dir/CEEDNet
05/06/2026 22:27:13 - INFO - utils.trainer -   ***** Running evaluation on test2 dataset *****
05/06/2026 22:27:14 - INFO - utils.trainer -   AUC: 1.00000
05/06/2026 22:27:14 - INFO - utils.trainer -   Accuracy: 1.00000
05/06/2026 22:27:14 - INFO - utils.trainer -   Precision: 1.00000
05/06/2026 22:27:14 - INFO - utils.trainer -   Recall: 1.00000
05/06/2026 22:27:14 - INFO - utils.trainer -   F_score: 1.00000
05/06/2026 22:27:14 - INFO - utils.trainer -   Specificity: 1.00000
05/06/2026 22:27:14 - INFO - utils.trainer -   Sensitivity: 1.00000
05/06/2026 22:27:14 - INFO - utils.trainer -   Loss: 0.03210
05/06/2026 22:27:14 - INFO - utils.trainer -    Train loss: 0.09849, Test loss: 0.03210,Epoch time = 2.697s
05/06/2026 22:27:14 - INFO - utils.trainer -   Saving model checkpoint to output_dir/CEEDNet
05/06/2026 22:27:17 - INFO - utils.trainer -   ***** Running evaluation on test2 dataset *****
05/06/2026 22:27:18 - INFO - utils.trainer -   AUC: 0.99983
05/06/2026 22:27:18 - INFO - utils.trainer -   Accuracy: 0.98673
05/06/2026 22:27:18 - INFO - utils.trainer -   Precision: 0.97531
05/06/2026 22:27:18 - INFO - utils.trainer -   Recall: 0.98750
05/06/2026 22:27:18 - INFO - utils.trainer -   F_score: 0.98137
05/06/2026 22:27:18 - INFO - utils.trainer -   Specificity: 0.98630
05/06/2026 22:27:18 - INFO - utils.trainer -   Sensitivity: 0.98750
05/06/2026 22:27:18 - INFO - utils.trainer -   Loss: 0.04968
05/06/2026 22:27:18 - INFO - utils.trainer -    Train loss: 0.05275, Test loss: 0.04968,Epoch time = 2.560s
05/06/2026 22:27:20 - INFO - utils.trainer -   ***** Running evaluation on test2 dataset *****
05/06/2026 22:27:21 - INFO - utils.trainer -   AUC: 1.00000
05/06/2026 22:27:21 - INFO - utils.trainer -   Accuracy: 1.00000
05/06/2026 22:27:21 - INFO - utils.trainer -   Precision: 1.00000
05/06/2026 22:27:21 - INFO - utils.trainer -   Recall: 1.00000
05/06/2026 22:27:21 - INFO - utils.trainer -   F_score: 1.00000
05/06/2026 22:27:21 - INFO - utils.trainer -   Specificity: 1.00000
05/06/2026 22:27:21 - INFO - utils.trainer -   Sensitivity: 1.00000
05/06/2026 22:27:21 - INFO - utils.trainer -   Loss: 0.02362
05/06/2026 22:27:21 - INFO - utils.trainer -    Train loss: 0.05444, Test loss: 0.02362,Epoch time = 2.261s
05/06/2026 22:27:21 - INFO - utils.trainer -   Saving model checkpoint to output_dir/CEEDNet
05/06/2026 22:27:24 - INFO - utils.trainer -   ***** Running evaluation on test2 dataset *****
05/06/2026 22:27:25 - INFO - utils.trainer -   AUC: 0.99983
05/06/2026 22:27:25 - INFO - utils.trainer -   Accuracy: 0.99558
05/06/2026 22:27:25 - INFO - utils.trainer -   Precision: 0.98765
05/06/2026 22:27:25 - INFO - utils.trainer -   Recall: 1.00000
05/06/2026 22:27:25 - INFO - utils.trainer -   F_score: 0.99379
05/06/2026 22:27:25 - INFO - utils.trainer -   Specificity: 0.99315
05/06/2026 22:27:25 - INFO - utils.trainer -   Sensitivity: 1.00000
05/06/2026 22:27:25 - INFO - utils.trainer -   Loss: 0.10752
05/06/2026 22:27:25 - INFO - utils.trainer -    Train loss: 0.02363, Test loss: 0.10752,Epoch time = 2.265s
05/06/2026 22:27:27 - INFO - utils.trainer -   ***** Running evaluation on test2 dataset *****
05/06/2026 22:27:28 - INFO - utils.trainer -   AUC: 1.00000
05/06/2026 22:27:28 - INFO - utils.trainer -   Accuracy: 0.88496
05/06/2026 22:27:28 - INFO - utils.trainer -   Precision: 0.75472
05/06/2026 22:27:28 - INFO - utils.trainer -   Recall: 1.00000
05/06/2026 22:27:28 - INFO - utils.trainer -   F_score: 0.86022
05/06/2026 22:27:28 - INFO - utils.trainer -   Specificity: 0.82192
05/06/2026 22:27:28 - INFO - utils.trainer -   Sensitivity: 1.00000
05/06/2026 22:27:28 - INFO - utils.trainer -   Loss: 0.23780
05/06/2026 22:27:28 - INFO - utils.trainer -    Train loss: 0.08047, Test loss: 0.23780,Epoch time = 2.373s
05/06/2026 22:27:30 - INFO - utils.trainer -   ***** Running evaluation on test2 dataset *****
05/06/2026 22:27:32 - INFO - utils.trainer -   AUC: 1.00000
05/06/2026 22:27:32 - INFO - utils.trainer -   Accuracy: 0.99558
05/06/2026 22:27:32 - INFO - utils.trainer -   Precision: 0.98765
05/06/2026 22:27:32 - INFO - utils.trainer -   Recall: 1.00000
05/06/2026 22:27:32 - INFO - utils.trainer -   F_score: 0.99379
05/06/2026 22:27:32 - INFO - utils.trainer -   Specificity: 0.99315
05/06/2026 22:27:32 - INFO - utils.trainer -   Sensitivity: 1.00000
05/06/2026 22:27:32 - INFO - utils.trainer -   Loss: 0.01863
05/06/2026 22:27:32 - INFO - utils.trainer -    Train loss: 0.03356, Test loss: 0.01863,Epoch time = 1.939s
05/06/2026 22:27:34 - INFO - utils.trainer -   ***** Running evaluation on test2 dataset *****
05/06/2026 22:27:35 - INFO - utils.trainer -   AUC: 1.00000
05/06/2026 22:27:35 - INFO - utils.trainer -   Accuracy: 0.99558
05/06/2026 22:27:35 - INFO - utils.trainer -   Precision: 0.98765
05/06/2026 22:27:35 - INFO - utils.trainer -   Recall: 1.00000
05/06/2026 22:27:35 - INFO - utils.trainer -   F_score: 0.99379
05/06/2026 22:27:35 - INFO - utils.trainer -   Specificity: 0.99315
05/06/2026 22:27:35 - INFO - utils.trainer -   Sensitivity: 1.00000
05/06/2026 22:27:35 - INFO - utils.trainer -   Loss: 0.02778
05/06/2026 22:27:35 - INFO - utils.trainer -    Train loss: 0.02550, Test loss: 0.02778,Epoch time = 2.575s
05/06/2026 22:27:37 - INFO - utils.trainer -   ***** Running evaluation on test2 dataset *****
05/06/2026 22:27:39 - INFO - utils.trainer -   AUC: 1.00000
05/06/2026 22:27:39 - INFO - utils.trainer -   Accuracy: 1.00000
05/06/2026 22:27:39 - INFO - utils.trainer -   Precision: 1.00000
05/06/2026 22:27:39 - INFO - utils.trainer -   Recall: 1.00000
05/06/2026 22:27:39 - INFO - utils.trainer -   F_score: 1.00000
05/06/2026 22:27:39 - INFO - utils.trainer -   Specificity: 1.00000
05/06/2026 22:27:39 - INFO - utils.trainer -   Sensitivity: 1.00000
05/06/2026 22:27:39 - INFO - utils.trainer -   Loss: 0.01471
05/06/2026 22:27:39 - INFO - utils.trainer -    Train loss: 0.04984, Test loss: 0.01471,Epoch time = 2.506s
05/06/2026 22:27:39 - INFO - utils.trainer -   Saving model checkpoint to output_dir/CEEDNet
05/06/2026 22:27:41 - INFO - utils.trainer -   ***** Running evaluation on test2 dataset *****
05/06/2026 22:27:42 - INFO - utils.trainer -   AUC: 1.00000
05/06/2026 22:27:42 - INFO - utils.trainer -   Accuracy: 1.00000
05/06/2026 22:27:42 - INFO - utils.trainer -   Precision: 1.00000
05/06/2026 22:27:42 - INFO - utils.trainer -   Recall: 1.00000
05/06/2026 22:27:42 - INFO - utils.trainer -   F_score: 1.00000
05/06/2026 22:27:42 - INFO - utils.trainer -   Specificity: 1.00000
05/06/2026 22:27:42 - INFO - utils.trainer -   Sensitivity: 1.00000
05/06/2026 22:27:42 - INFO - utils.trainer -   Loss: 0.05453
05/06/2026 22:27:42 - INFO - utils.trainer -    Train loss: 0.02850, Test loss: 0.05453,Epoch time = 2.093s
05/06/2026 22:27:42 - INFO - utils.trainer -   Saving model checkpoint to output_dir/CEEDNet
05/06/2026 22:27:45 - INFO - utils.trainer -   ***** Running evaluation on test2 dataset *****
05/06/2026 22:27:46 - INFO - utils.trainer -   AUC: 1.00000
05/06/2026 22:27:46 - INFO - utils.trainer -   Accuracy: 1.00000
05/06/2026 22:27:46 - INFO - utils.trainer -   Precision: 1.00000
05/06/2026 22:27:46 - INFO - utils.trainer -   Recall: 1.00000
05/06/2026 22:27:46 - INFO - utils.trainer -   F_score: 1.00000
05/06/2026 22:27:46 - INFO - utils.trainer -   Specificity: 1.00000
05/06/2026 22:27:46 - INFO - utils.trainer -   Sensitivity: 1.00000
05/06/2026 22:27:46 - INFO - utils.trainer -   Loss: 0.00173
05/06/2026 22:27:46 - INFO - utils.trainer -    Train loss: 0.04186, Test loss: 0.00173,Epoch time = 2.324s
05/06/2026 22:27:46 - INFO - utils.trainer -   Saving model checkpoint to output_dir/CEEDNet
05/06/2026 22:27:48 - INFO - utils.trainer -   ***** Running evaluation on test2 dataset *****
05/06/2026 22:27:49 - INFO - utils.trainer -   AUC: 1.00000
05/06/2026 22:27:49 - INFO - utils.trainer -   Accuracy: 1.00000
05/06/2026 22:27:49 - INFO - utils.trainer -   Precision: 1.00000
05/06/2026 22:27:49 - INFO - utils.trainer -   Recall: 1.00000
05/06/2026 22:27:49 - INFO - utils.trainer -   F_score: 1.00000
05/06/2026 22:27:49 - INFO - utils.trainer -   Specificity: 1.00000
05/06/2026 22:27:49 - INFO - utils.trainer -   Sensitivity: 1.00000
05/06/2026 22:27:49 - INFO - utils.trainer -   Loss: 0.03031
05/06/2026 22:27:49 - INFO - utils.trainer -    Train loss: 0.07241, Test loss: 0.03031,Epoch time = 1.999s
05/06/2026 22:27:49 - INFO - utils.trainer -   Saving model checkpoint to output_dir/CEEDNet
05/06/2026 22:27:52 - INFO - utils.trainer -   ***** Running evaluation on test2 dataset *****
05/06/2026 22:27:53 - INFO - utils.trainer -   AUC: 1.00000
05/06/2026 22:27:53 - INFO - utils.trainer -   Accuracy: 1.00000
05/06/2026 22:27:53 - INFO - utils.trainer -   Precision: 1.00000
05/06/2026 22:27:53 - INFO - utils.trainer -   Recall: 1.00000
05/06/2026 22:27:53 - INFO - utils.trainer -   F_score: 1.00000
05/06/2026 22:27:53 - INFO - utils.trainer -   Specificity: 1.00000
05/06/2026 22:27:53 - INFO - utils.trainer -   Sensitivity: 1.00000
05/06/2026 22:27:53 - INFO - utils.trainer -   Loss: 0.01958
05/06/2026 22:27:53 - INFO - utils.trainer -    Train loss: 0.04189, Test loss: 0.01958,Epoch time = 2.517s
05/06/2026 22:27:53 - INFO - utils.trainer -   Saving model checkpoint to output_dir/CEEDNet
05/06/2026 22:27:56 - INFO - utils.trainer -   ***** Running evaluation on test2 dataset *****
05/06/2026 22:27:57 - INFO - utils.trainer -   AUC: 1.00000
05/06/2026 22:27:57 - INFO - utils.trainer -   Accuracy: 1.00000
05/06/2026 22:27:57 - INFO - utils.trainer -   Precision: 1.00000
05/06/2026 22:27:57 - INFO - utils.trainer -   Recall: 1.00000
05/06/2026 22:27:57 - INFO - utils.trainer -   F_score: 1.00000
05/06/2026 22:27:57 - INFO - utils.trainer -   Specificity: 1.00000
05/06/2026 22:27:57 - INFO - utils.trainer -   Sensitivity: 1.00000
05/06/2026 22:27:57 - INFO - utils.trainer -   Loss: 0.03339
05/06/2026 22:27:57 - INFO - utils.trainer -    Train loss: 0.01654, Test loss: 0.03339,Epoch time = 2.557s
05/06/2026 22:27:57 - INFO - utils.trainer -   Saving model checkpoint to output_dir/CEEDNet
05/06/2026 22:27:59 - INFO - utils.trainer -   ***** Running evaluation on test2 dataset *****
05/06/2026 22:28:00 - INFO - utils.trainer -   AUC: 1.00000
05/06/2026 22:28:00 - INFO - utils.trainer -   Accuracy: 0.98673
05/06/2026 22:28:00 - INFO - utils.trainer -   Precision: 1.00000
05/06/2026 22:28:00 - INFO - utils.trainer -   Recall: 0.96250
05/06/2026 22:28:00 - INFO - utils.trainer -   F_score: 0.98089
05/06/2026 22:28:00 - INFO - utils.trainer -   Specificity: 1.00000
05/06/2026 22:28:00 - INFO - utils.trainer -   Sensitivity: 0.96250
05/06/2026 22:28:00 - INFO - utils.trainer -   Loss: 0.04471
05/06/2026 22:28:00 - INFO - utils.trainer -    Train loss: 0.02748, Test loss: 0.04471,Epoch time = 1.901s
05/06/2026 22:28:02 - INFO - utils.trainer -   ***** Running evaluation on test2 dataset *****
05/06/2026 22:28:03 - INFO - utils.trainer -   AUC: 1.00000
05/06/2026 22:28:03 - INFO - utils.trainer -   Accuracy: 1.00000
05/06/2026 22:28:03 - INFO - utils.trainer -   Precision: 1.00000
05/06/2026 22:28:03 - INFO - utils.trainer -   Recall: 1.00000
05/06/2026 22:28:03 - INFO - utils.trainer -   F_score: 1.00000
05/06/2026 22:28:03 - INFO - utils.trainer -   Specificity: 1.00000
05/06/2026 22:28:03 - INFO - utils.trainer -   Sensitivity: 1.00000
05/06/2026 22:28:03 - INFO - utils.trainer -   Loss: 0.03370
05/06/2026 22:28:03 - INFO - utils.trainer -    Train loss: 0.04537, Test loss: 0.03370,Epoch time = 1.989s
05/06/2026 22:28:03 - INFO - utils.trainer -   Saving model checkpoint to output_dir/CEEDNet
05/06/2026 22:28:06 - INFO - utils.trainer -   ***** Running evaluation on test2 dataset *****
05/06/2026 22:28:07 - INFO - utils.trainer -   AUC: 1.00000
05/06/2026 22:28:07 - INFO - utils.trainer -   Accuracy: 0.99558
05/06/2026 22:28:07 - INFO - utils.trainer -   Precision: 0.98765
05/06/2026 22:28:07 - INFO - utils.trainer -   Recall: 1.00000
05/06/2026 22:28:07 - INFO - utils.trainer -   F_score: 0.99379
05/06/2026 22:28:07 - INFO - utils.trainer -   Specificity: 0.99315
05/06/2026 22:28:07 - INFO - utils.trainer -   Sensitivity: 1.00000
05/06/2026 22:28:07 - INFO - utils.trainer -   Loss: 0.06721
05/06/2026 22:28:07 - INFO - utils.trainer -    Train loss: 0.00864, Test loss: 0.06721,Epoch time = 2.708s
05/06/2026 22:28:10 - INFO - utils.trainer -   ***** Running evaluation on test2 dataset *****
05/06/2026 22:28:11 - INFO - utils.trainer -   AUC: 1.00000
05/06/2026 22:28:11 - INFO - utils.trainer -   Accuracy: 1.00000
05/06/2026 22:28:11 - INFO - utils.trainer -   Precision: 1.00000
05/06/2026 22:28:11 - INFO - utils.trainer -   Recall: 1.00000
05/06/2026 22:28:11 - INFO - utils.trainer -   F_score: 1.00000
05/06/2026 22:28:11 - INFO - utils.trainer -   Specificity: 1.00000
05/06/2026 22:28:11 - INFO - utils.trainer -   Sensitivity: 1.00000
05/06/2026 22:28:11 - INFO - utils.trainer -   Loss: 0.02878
05/06/2026 22:28:11 - INFO - utils.trainer -    Train loss: 0.08145, Test loss: 0.02878,Epoch time = 2.744s
05/06/2026 22:28:11 - INFO - utils.trainer -   Saving model checkpoint to output_dir/CEEDNet
05/06/2026 22:28:13 - INFO - utils.trainer -   ***** Running evaluation on test2 dataset *****
05/06/2026 22:28:15 - INFO - utils.trainer -   AUC: 1.00000
05/06/2026 22:28:15 - INFO - utils.trainer -   Accuracy: 1.00000
05/06/2026 22:28:15 - INFO - utils.trainer -   Precision: 1.00000
05/06/2026 22:28:15 - INFO - utils.trainer -   Recall: 1.00000
05/06/2026 22:28:15 - INFO - utils.trainer -   F_score: 1.00000
05/06/2026 22:28:15 - INFO - utils.trainer -   Specificity: 1.00000
05/06/2026 22:28:15 - INFO - utils.trainer -   Sensitivity: 1.00000
05/06/2026 22:28:15 - INFO - utils.trainer -   Loss: 0.09002
05/06/2026 22:28:15 - INFO - utils.trainer -    Train loss: 0.03744, Test loss: 0.09002,Epoch time = 2.219s
05/06/2026 22:28:15 - INFO - utils.trainer -   Saving model checkpoint to output_dir/CEEDNet
05/06/2026 22:28:17 - INFO - utils.trainer -   ***** Running evaluation on test2 dataset *****
05/06/2026 22:28:18 - INFO - utils.trainer -   AUC: 1.00000
05/06/2026 22:28:18 - INFO - utils.trainer -   Accuracy: 0.99115
05/06/2026 22:28:18 - INFO - utils.trainer -   Precision: 0.97561
05/06/2026 22:28:18 - INFO - utils.trainer -   Recall: 1.00000
05/06/2026 22:28:18 - INFO - utils.trainer -   F_score: 0.98765
05/06/2026 22:28:18 - INFO - utils.trainer -   Specificity: 0.98630
05/06/2026 22:28:18 - INFO - utils.trainer -   Sensitivity: 1.00000
05/06/2026 22:28:18 - INFO - utils.trainer -   Loss: 0.02039
05/06/2026 22:28:18 - INFO - utils.trainer -    Train loss: 0.01470, Test loss: 0.02039,Epoch time = 2.302s
05/06/2026 22:28:20 - INFO - utils.trainer -   ***** Running evaluation on test2 dataset *****
05/06/2026 22:28:22 - INFO - utils.trainer -   AUC: 1.00000
05/06/2026 22:28:22 - INFO - utils.trainer -   Accuracy: 1.00000
05/06/2026 22:28:22 - INFO - utils.trainer -   Precision: 1.00000
05/06/2026 22:28:22 - INFO - utils.trainer -   Recall: 1.00000
05/06/2026 22:28:22 - INFO - utils.trainer -   F_score: 1.00000
05/06/2026 22:28:22 - INFO - utils.trainer -   Specificity: 1.00000
05/06/2026 22:28:22 - INFO - utils.trainer -   Sensitivity: 1.00000
05/06/2026 22:28:22 - INFO - utils.trainer -   Loss: 0.02128
05/06/2026 22:28:22 - INFO - utils.trainer -    Train loss: 0.01120, Test loss: 0.02128,Epoch time = 2.073s
05/06/2026 22:28:22 - INFO - utils.trainer -   Saving model checkpoint to output_dir/CEEDNet
05/06/2026 22:28:24 - INFO - utils.trainer -   ***** Running evaluation on test2 dataset *****
05/06/2026 22:28:25 - INFO - utils.trainer -   AUC: 1.00000
05/06/2026 22:28:25 - INFO - utils.trainer -   Accuracy: 1.00000
05/06/2026 22:28:25 - INFO - utils.trainer -   Precision: 1.00000
05/06/2026 22:28:25 - INFO - utils.trainer -   Recall: 1.00000
05/06/2026 22:28:25 - INFO - utils.trainer -   F_score: 1.00000
05/06/2026 22:28:25 - INFO - utils.trainer -   Specificity: 1.00000
05/06/2026 22:28:25 - INFO - utils.trainer -   Sensitivity: 1.00000
05/06/2026 22:28:25 - INFO - utils.trainer -   Loss: 0.05985
05/06/2026 22:28:25 - INFO - utils.trainer -    Train loss: 0.01108, Test loss: 0.05985,Epoch time = 1.990s
05/06/2026 22:28:26 - INFO - utils.trainer -   Saving model checkpoint to output_dir/CEEDNet
05/06/2026 22:28:28 - INFO - utils.trainer -   ***** Running evaluation on test2 dataset *****
05/06/2026 22:28:29 - INFO - utils.trainer -   AUC: 1.00000
05/06/2026 22:28:29 - INFO - utils.trainer -   Accuracy: 1.00000
05/06/2026 22:28:29 - INFO - utils.trainer -   Precision: 1.00000
05/06/2026 22:28:29 - INFO - utils.trainer -   Recall: 1.00000
05/06/2026 22:28:29 - INFO - utils.trainer -   F_score: 1.00000
05/06/2026 22:28:29 - INFO - utils.trainer -   Specificity: 1.00000
05/06/2026 22:28:29 - INFO - utils.trainer -   Sensitivity: 1.00000
05/06/2026 22:28:29 - INFO - utils.trainer -   Loss: 0.01066
05/06/2026 22:28:29 - INFO - utils.trainer -    Train loss: 0.00213, Test loss: 0.01066,Epoch time = 2.328s
05/06/2026 22:28:29 - INFO - utils.trainer -   Saving model checkpoint to output_dir/CEEDNet
05/06/2026 22:28:32 - INFO - utils.trainer -   ***** Running evaluation on test2 dataset *****
05/06/2026 22:28:33 - INFO - utils.trainer -   AUC: 1.00000
05/06/2026 22:28:33 - INFO - utils.trainer -   Accuracy: 1.00000
05/06/2026 22:28:33 - INFO - utils.trainer -   Precision: 1.00000
05/06/2026 22:28:33 - INFO - utils.trainer -   Recall: 1.00000
05/06/2026 22:28:33 - INFO - utils.trainer -   F_score: 1.00000
05/06/2026 22:28:33 - INFO - utils.trainer -   Specificity: 1.00000
05/06/2026 22:28:33 - INFO - utils.trainer -   Sensitivity: 1.00000
05/06/2026 22:28:33 - INFO - utils.trainer -   Loss: 0.03100
05/06/2026 22:28:33 - INFO - utils.trainer -    Train loss: 0.01193, Test loss: 0.03100,Epoch time = 2.531s
05/06/2026 22:28:33 - INFO - utils.trainer -   Saving model checkpoint to output_dir/CEEDNet
05/06/2026 22:28:35 - INFO - utils.trainer -   ***** Running evaluation on test2 dataset *****
05/06/2026 22:28:37 - INFO - utils.trainer -   AUC: 1.00000
05/06/2026 22:28:37 - INFO - utils.trainer -   Accuracy: 1.00000
05/06/2026 22:28:37 - INFO - utils.trainer -   Precision: 1.00000
05/06/2026 22:28:37 - INFO - utils.trainer -   Recall: 1.00000
05/06/2026 22:28:37 - INFO - utils.trainer -   F_score: 1.00000
05/06/2026 22:28:37 - INFO - utils.trainer -   Specificity: 1.00000
05/06/2026 22:28:37 - INFO - utils.trainer -   Sensitivity: 1.00000
05/06/2026 22:28:37 - INFO - utils.trainer -   Loss: 0.02464
05/06/2026 22:28:37 - INFO - utils.trainer -    Train loss: 0.00225, Test loss: 0.02464,Epoch time = 2.230s
05/06/2026 22:28:37 - INFO - utils.trainer -   Saving model checkpoint to output_dir/CEEDNet
05/06/2026 22:28:39 - INFO - utils.trainer -   ***** Running evaluation on test2 dataset *****
05/06/2026 22:28:41 - INFO - utils.trainer -   AUC: 1.00000
05/06/2026 22:28:41 - INFO - utils.trainer -   Accuracy: 1.00000
05/06/2026 22:28:41 - INFO - utils.trainer -   Precision: 1.00000
05/06/2026 22:28:41 - INFO - utils.trainer -   Recall: 1.00000
05/06/2026 22:28:41 - INFO - utils.trainer -   F_score: 1.00000
05/06/2026 22:28:41 - INFO - utils.trainer -   Specificity: 1.00000
05/06/2026 22:28:41 - INFO - utils.trainer -   Sensitivity: 1.00000
05/06/2026 22:28:41 - INFO - utils.trainer -   Loss: 0.00130
05/06/2026 22:28:41 - INFO - utils.trainer -    Train loss: 0.10767, Test loss: 0.00130,Epoch time = 2.227s
05/06/2026 22:28:41 - INFO - utils.trainer -   Saving model checkpoint to output_dir/CEEDNet
05/06/2026 22:28:43 - INFO - utils.trainer -   ***** Running evaluation on test2 dataset *****
05/06/2026 22:28:45 - INFO - utils.trainer -   AUC: 1.00000
05/06/2026 22:28:45 - INFO - utils.trainer -   Accuracy: 1.00000
05/06/2026 22:28:45 - INFO - utils.trainer -   Precision: 1.00000
05/06/2026 22:28:45 - INFO - utils.trainer -   Recall: 1.00000
05/06/2026 22:28:45 - INFO - utils.trainer -   F_score: 1.00000
05/06/2026 22:28:45 - INFO - utils.trainer -   Specificity: 1.00000
05/06/2026 22:28:45 - INFO - utils.trainer -   Sensitivity: 1.00000
05/06/2026 22:28:45 - INFO - utils.trainer -   Loss: 0.06615
05/06/2026 22:28:45 - INFO - utils.trainer -    Train loss: 0.01889, Test loss: 0.06615,Epoch time = 2.292s
05/06/2026 22:28:45 - INFO - utils.trainer -   Saving model checkpoint to output_dir/CEEDNet
05/06/2026 22:28:47 - INFO - utils.trainer -   ***** Running evaluation on test2 dataset *****
05/06/2026 22:28:48 - INFO - utils.trainer -   AUC: 1.00000
05/06/2026 22:28:48 - INFO - utils.trainer -   Accuracy: 1.00000
05/06/2026 22:28:48 - INFO - utils.trainer -   Precision: 1.00000
05/06/2026 22:28:48 - INFO - utils.trainer -   Recall: 1.00000
05/06/2026 22:28:48 - INFO - utils.trainer -   F_score: 1.00000
05/06/2026 22:28:48 - INFO - utils.trainer -   Specificity: 1.00000
05/06/2026 22:28:48 - INFO - utils.trainer -   Sensitivity: 1.00000
05/06/2026 22:28:48 - INFO - utils.trainer -   Loss: 0.01983
05/06/2026 22:28:48 - INFO - utils.trainer -    Train loss: 0.03213, Test loss: 0.01983,Epoch time = 2.162s
05/06/2026 22:28:48 - INFO - utils.trainer -   Saving model checkpoint to output_dir/CEEDNet
05/06/2026 22:28:50 - INFO - utils.trainer -   ***** Running evaluation on test2 dataset *****
05/06/2026 22:28:51 - INFO - utils.trainer -   AUC: 0.99966
05/06/2026 22:28:51 - INFO - utils.trainer -   Accuracy: 0.99558
05/06/2026 22:28:51 - INFO - utils.trainer -   Precision: 0.98765
05/06/2026 22:28:51 - INFO - utils.trainer -   Recall: 1.00000
05/06/2026 22:28:51 - INFO - utils.trainer -   F_score: 0.99379
05/06/2026 22:28:51 - INFO - utils.trainer -   Specificity: 0.99315
05/06/2026 22:28:51 - INFO - utils.trainer -   Sensitivity: 1.00000
05/06/2026 22:28:51 - INFO - utils.trainer -   Loss: 0.02753
05/06/2026 22:28:51 - INFO - utils.trainer -    Train loss: 0.03757, Test loss: 0.02753,Epoch time = 2.511s
05/06/2026 22:28:54 - INFO - utils.trainer -   ***** Running evaluation on test2 dataset *****
05/06/2026 22:28:55 - INFO - utils.trainer -   AUC: 1.00000
05/06/2026 22:28:55 - INFO - utils.trainer -   Accuracy: 0.99558
05/06/2026 22:28:55 - INFO - utils.trainer -   Precision: 0.98765
05/06/2026 22:28:55 - INFO - utils.trainer -   Recall: 1.00000
05/06/2026 22:28:55 - INFO - utils.trainer -   F_score: 0.99379
05/06/2026 22:28:55 - INFO - utils.trainer -   Specificity: 0.99315
05/06/2026 22:28:55 - INFO - utils.trainer -   Sensitivity: 1.00000
05/06/2026 22:28:55 - INFO - utils.trainer -   Loss: 0.10885
05/06/2026 22:28:55 - INFO - utils.trainer -    Train loss: 0.01351, Test loss: 0.10885,Epoch time = 2.319s
05/06/2026 22:28:57 - INFO - utils.trainer -   ***** Running evaluation on test2 dataset *****
05/06/2026 22:28:58 - INFO - utils.trainer -   AUC: 1.00000
05/06/2026 22:28:58 - INFO - utils.trainer -   Accuracy: 0.99558
05/06/2026 22:28:58 - INFO - utils.trainer -   Precision: 0.98765
05/06/2026 22:28:58 - INFO - utils.trainer -   Recall: 1.00000
05/06/2026 22:28:58 - INFO - utils.trainer -   F_score: 0.99379
05/06/2026 22:28:58 - INFO - utils.trainer -   Specificity: 0.99315
05/06/2026 22:28:58 - INFO - utils.trainer -   Sensitivity: 1.00000
05/06/2026 22:28:58 - INFO - utils.trainer -   Loss: 0.02343
05/06/2026 22:28:58 - INFO - utils.trainer -    Train loss: 0.00391, Test loss: 0.02343,Epoch time = 2.051s
05/06/2026 22:29:01 - INFO - utils.trainer -   ***** Running evaluation on test2 dataset *****
05/06/2026 22:29:02 - INFO - utils.trainer -   AUC: 1.00000
05/06/2026 22:29:02 - INFO - utils.trainer -   Accuracy: 0.99558
05/06/2026 22:29:02 - INFO - utils.trainer -   Precision: 0.98765
05/06/2026 22:29:02 - INFO - utils.trainer -   Recall: 1.00000
05/06/2026 22:29:02 - INFO - utils.trainer -   F_score: 0.99379
05/06/2026 22:29:02 - INFO - utils.trainer -   Specificity: 0.99315
05/06/2026 22:29:02 - INFO - utils.trainer -   Sensitivity: 1.00000
05/06/2026 22:29:02 - INFO - utils.trainer -   Loss: 0.05640
05/06/2026 22:29:02 - INFO - utils.trainer -    Train loss: 0.00352, Test loss: 0.05640,Epoch time = 2.267s
05/06/2026 22:29:04 - INFO - utils.trainer -   ***** Running evaluation on test2 dataset *****
05/06/2026 22:29:05 - INFO - utils.trainer -   AUC: 1.00000
05/06/2026 22:29:05 - INFO - utils.trainer -   Accuracy: 0.99558
05/06/2026 22:29:05 - INFO - utils.trainer -   Precision: 0.98765
05/06/2026 22:29:05 - INFO - utils.trainer -   Recall: 1.00000
05/06/2026 22:29:05 - INFO - utils.trainer -   F_score: 0.99379
05/06/2026 22:29:05 - INFO - utils.trainer -   Specificity: 0.99315
05/06/2026 22:29:05 - INFO - utils.trainer -   Sensitivity: 1.00000
05/06/2026 22:29:05 - INFO - utils.trainer -   Loss: 0.00583
05/06/2026 22:29:05 - INFO - utils.trainer -    Train loss: 0.08790, Test loss: 0.00583,Epoch time = 1.893s
05/06/2026 22:29:07 - INFO - utils.trainer -   ***** Running evaluation on test2 dataset *****
05/06/2026 22:29:09 - INFO - utils.trainer -   AUC: 1.00000
05/06/2026 22:29:09 - INFO - utils.trainer -   Accuracy: 1.00000
05/06/2026 22:29:09 - INFO - utils.trainer -   Precision: 1.00000
05/06/2026 22:29:09 - INFO - utils.trainer -   Recall: 1.00000
05/06/2026 22:29:09 - INFO - utils.trainer -   F_score: 1.00000
05/06/2026 22:29:09 - INFO - utils.trainer -   Specificity: 1.00000
05/06/2026 22:29:09 - INFO - utils.trainer -   Sensitivity: 1.00000
05/06/2026 22:29:09 - INFO - utils.trainer -   Loss: 0.02788
05/06/2026 22:29:09 - INFO - utils.trainer -    Train loss: 0.02391, Test loss: 0.02788,Epoch time = 2.226s
05/06/2026 22:29:09 - INFO - utils.trainer -   Saving model checkpoint to output_dir/CEEDNet
05/06/2026 22:29:11 - INFO - utils.trainer -   ***** Running evaluation on test2 dataset *****
05/06/2026 22:29:12 - INFO - utils.trainer -   AUC: 1.00000
05/06/2026 22:29:12 - INFO - utils.trainer -   Accuracy: 1.00000
05/06/2026 22:29:12 - INFO - utils.trainer -   Precision: 1.00000
05/06/2026 22:29:12 - INFO - utils.trainer -   Recall: 1.00000
05/06/2026 22:29:12 - INFO - utils.trainer -   F_score: 1.00000
05/06/2026 22:29:12 - INFO - utils.trainer -   Specificity: 1.00000
05/06/2026 22:29:12 - INFO - utils.trainer -   Sensitivity: 1.00000
05/06/2026 22:29:12 - INFO - utils.trainer -   Loss: 0.01371
05/06/2026 22:29:12 - INFO - utils.trainer -    Train loss: 0.03966, Test loss: 0.01371,Epoch time = 2.342s
05/06/2026 22:29:12 - INFO - utils.trainer -   Saving model checkpoint to output_dir/CEEDNet
05/06/2026 22:29:14 - INFO - utils.trainer -   ***** Running evaluation on test2 dataset *****
05/06/2026 22:29:16 - INFO - utils.trainer -   AUC: 1.00000
05/06/2026 22:29:16 - INFO - utils.trainer -   Accuracy: 0.99558
05/06/2026 22:29:16 - INFO - utils.trainer -   Precision: 0.98765
05/06/2026 22:29:16 - INFO - utils.trainer -   Recall: 1.00000
05/06/2026 22:29:16 - INFO - utils.trainer -   F_score: 0.99379
05/06/2026 22:29:16 - INFO - utils.trainer -   Specificity: 0.99315
05/06/2026 22:29:16 - INFO - utils.trainer -   Sensitivity: 1.00000
05/06/2026 22:29:16 - INFO - utils.trainer -   Loss: 0.11567
05/06/2026 22:29:16 - INFO - utils.trainer -    Train loss: 0.03023, Test loss: 0.11567,Epoch time = 1.736s
05/06/2026 22:29:18 - INFO - utils.trainer -   ***** Running evaluation on test2 dataset *****
05/06/2026 22:29:19 - INFO - utils.trainer -   AUC: 1.00000
05/06/2026 22:29:19 - INFO - utils.trainer -   Accuracy: 0.99558
05/06/2026 22:29:19 - INFO - utils.trainer -   Precision: 0.98765
05/06/2026 22:29:19 - INFO - utils.trainer -   Recall: 1.00000
05/06/2026 22:29:19 - INFO - utils.trainer -   F_score: 0.99379
05/06/2026 22:29:19 - INFO - utils.trainer -   Specificity: 0.99315
05/06/2026 22:29:19 - INFO - utils.trainer -   Sensitivity: 1.00000
05/06/2026 22:29:19 - INFO - utils.trainer -   Loss: 0.01230
05/06/2026 22:29:19 - INFO - utils.trainer -    Train loss: 0.04691, Test loss: 0.01230,Epoch time = 2.198s
05/06/2026 22:29:22 - INFO - utils.trainer -   ***** Running evaluation on test2 dataset *****
05/06/2026 22:29:23 - INFO - utils.trainer -   AUC: 1.00000
05/06/2026 22:29:23 - INFO - utils.trainer -   Accuracy: 1.00000
05/06/2026 22:29:23 - INFO - utils.trainer -   Precision: 1.00000
05/06/2026 22:29:23 - INFO - utils.trainer -   Recall: 1.00000
05/06/2026 22:29:23 - INFO - utils.trainer -   F_score: 1.00000
05/06/2026 22:29:23 - INFO - utils.trainer -   Specificity: 1.00000
05/06/2026 22:29:23 - INFO - utils.trainer -   Sensitivity: 1.00000
05/06/2026 22:29:23 - INFO - utils.trainer -   Loss: 0.02303
05/06/2026 22:29:23 - INFO - utils.trainer -    Train loss: 0.01097, Test loss: 0.02303,Epoch time = 2.689s
05/06/2026 22:29:23 - INFO - utils.trainer -   Saving model checkpoint to output_dir/CEEDNet
05/06/2026 22:29:26 - INFO - utils.trainer -   ***** Running evaluation on test2 dataset *****
05/06/2026 22:29:27 - INFO - utils.trainer -   AUC: 1.00000
05/06/2026 22:29:27 - INFO - utils.trainer -   Accuracy: 1.00000
05/06/2026 22:29:27 - INFO - utils.trainer -   Precision: 1.00000
05/06/2026 22:29:27 - INFO - utils.trainer -   Recall: 1.00000
05/06/2026 22:29:27 - INFO - utils.trainer -   F_score: 1.00000
05/06/2026 22:29:27 - INFO - utils.trainer -   Specificity: 1.00000
05/06/2026 22:29:27 - INFO - utils.trainer -   Sensitivity: 1.00000
05/06/2026 22:29:27 - INFO - utils.trainer -   Loss: 0.01619
05/06/2026 22:29:27 - INFO - utils.trainer -    Train loss: 0.00840, Test loss: 0.01619,Epoch time = 2.577s
05/06/2026 22:29:27 - INFO - utils.trainer -   Saving model checkpoint to output_dir/CEEDNet
05/06/2026 22:29:29 - INFO - utils.trainer -   ***** Running evaluation on test2 dataset *****
05/06/2026 22:29:31 - INFO - utils.trainer -   AUC: 1.00000
05/06/2026 22:29:31 - INFO - utils.trainer -   Accuracy: 1.00000
05/06/2026 22:29:31 - INFO - utils.trainer -   Precision: 1.00000
05/06/2026 22:29:31 - INFO - utils.trainer -   Recall: 1.00000
05/06/2026 22:29:31 - INFO - utils.trainer -   F_score: 1.00000
05/06/2026 22:29:31 - INFO - utils.trainer -   Specificity: 1.00000
05/06/2026 22:29:31 - INFO - utils.trainer -   Sensitivity: 1.00000
05/06/2026 22:29:31 - INFO - utils.trainer -   Loss: 0.00201
05/06/2026 22:29:31 - INFO - utils.trainer -    Train loss: 0.03742, Test loss: 0.00201,Epoch time = 2.620s
05/06/2026 22:29:31 - INFO - utils.trainer -   Saving model checkpoint to output_dir/CEEDNet
05/06/2026 22:29:33 - INFO - utils.trainer -   ***** Running evaluation on test2 dataset *****
05/06/2026 22:29:34 - INFO - utils.trainer -   AUC: 1.00000
05/06/2026 22:29:34 - INFO - utils.trainer -   Accuracy: 0.64602
05/06/2026 22:29:34 - INFO - utils.trainer -   Precision: 0.00000
05/06/2026 22:29:34 - INFO - utils.trainer -   Recall: 0.00000
05/06/2026 22:29:34 - INFO - utils.trainer -   F_score: 0.00000
05/06/2026 22:29:34 - INFO - utils.trainer -   Specificity: 1.00000
05/06/2026 22:29:34 - INFO - utils.trainer -   Sensitivity: 0.00000
05/06/2026 22:29:34 - INFO - utils.trainer -   Loss: 0.40429
05/06/2026 22:29:34 - INFO - utils.trainer -    Train loss: 0.03255, Test loss: 0.40429,Epoch time = 2.079s
05/06/2026 22:29:36 - INFO - utils.trainer -   ***** Running evaluation on test2 dataset *****
05/06/2026 22:29:38 - INFO - utils.trainer -   AUC: 1.00000
05/06/2026 22:29:38 - INFO - utils.trainer -   Accuracy: 0.97345
05/06/2026 22:29:38 - INFO - utils.trainer -   Precision: 0.93023
05/06/2026 22:29:38 - INFO - utils.trainer -   Recall: 1.00000
05/06/2026 22:29:38 - INFO - utils.trainer -   F_score: 0.96386
05/06/2026 22:29:38 - INFO - utils.trainer -   Specificity: 0.95890
05/06/2026 22:29:38 - INFO - utils.trainer -   Sensitivity: 1.00000
05/06/2026 22:29:38 - INFO - utils.trainer -   Loss: 0.07760
05/06/2026 22:29:38 - INFO - utils.trainer -    Train loss: 0.08572, Test loss: 0.07760,Epoch time = 2.498s
05/06/2026 22:29:40 - INFO - utils.trainer -   ***** Running evaluation on test2 dataset *****
05/06/2026 22:29:41 - INFO - utils.trainer -   AUC: 1.00000
05/06/2026 22:29:41 - INFO - utils.trainer -   Accuracy: 0.99558
05/06/2026 22:29:41 - INFO - utils.trainer -   Precision: 0.98765
05/06/2026 22:29:41 - INFO - utils.trainer -   Recall: 1.00000
05/06/2026 22:29:41 - INFO - utils.trainer -   F_score: 0.99379
05/06/2026 22:29:41 - INFO - utils.trainer -   Specificity: 0.99315
05/06/2026 22:29:41 - INFO - utils.trainer -   Sensitivity: 1.00000
05/06/2026 22:29:41 - INFO - utils.trainer -   Loss: 0.03542
05/06/2026 22:29:41 - INFO - utils.trainer -    Train loss: 0.04131, Test loss: 0.03542,Epoch time = 2.169s
05/06/2026 22:29:43 - INFO - utils.trainer -   ***** Running evaluation on test2 dataset *****
05/06/2026 22:29:45 - INFO - utils.trainer -   AUC: 1.00000
05/06/2026 22:29:45 - INFO - utils.trainer -   Accuracy: 1.00000
05/06/2026 22:29:45 - INFO - utils.trainer -   Precision: 1.00000
05/06/2026 22:29:45 - INFO - utils.trainer -   Recall: 1.00000
05/06/2026 22:29:45 - INFO - utils.trainer -   F_score: 1.00000
05/06/2026 22:29:45 - INFO - utils.trainer -   Specificity: 1.00000
05/06/2026 22:29:45 - INFO - utils.trainer -   Sensitivity: 1.00000
05/06/2026 22:29:45 - INFO - utils.trainer -   Loss: 0.03985
05/06/2026 22:29:45 - INFO - utils.trainer -    Train loss: 0.00433, Test loss: 0.03985,Epoch time = 1.811s
05/06/2026 22:29:45 - INFO - utils.trainer -   Saving model checkpoint to output_dir/CEEDNet
05/06/2026 22:29:47 - INFO - utils.trainer -   ***** Running evaluation on test2 dataset *****
05/06/2026 22:29:48 - INFO - utils.trainer -   AUC: 1.00000
05/06/2026 22:29:48 - INFO - utils.trainer -   Accuracy: 1.00000
05/06/2026 22:29:48 - INFO - utils.trainer -   Precision: 1.00000
05/06/2026 22:29:48 - INFO - utils.trainer -   Recall: 1.00000
05/06/2026 22:29:48 - INFO - utils.trainer -   F_score: 1.00000
05/06/2026 22:29:48 - INFO - utils.trainer -   Specificity: 1.00000
05/06/2026 22:29:48 - INFO - utils.trainer -   Sensitivity: 1.00000
05/06/2026 22:29:48 - INFO - utils.trainer -   Loss: 0.01820
05/06/2026 22:29:48 - INFO - utils.trainer -    Train loss: 0.05252, Test loss: 0.01820,Epoch time = 2.585s
05/06/2026 22:29:48 - INFO - utils.trainer -   Saving model checkpoint to output_dir/CEEDNet
05/06/2026 22:29:51 - INFO - utils.trainer -   ***** Running evaluation on test2 dataset *****
05/06/2026 22:29:52 - INFO - utils.trainer -   AUC: 1.00000
05/06/2026 22:29:52 - INFO - utils.trainer -   Accuracy: 0.99558
05/06/2026 22:29:52 - INFO - utils.trainer -   Precision: 0.98765
05/06/2026 22:29:52 - INFO - utils.trainer -   Recall: 1.00000
05/06/2026 22:29:52 - INFO - utils.trainer -   F_score: 0.99379
05/06/2026 22:29:52 - INFO - utils.trainer -   Specificity: 0.99315
05/06/2026 22:29:52 - INFO - utils.trainer -   Sensitivity: 1.00000
05/06/2026 22:29:52 - INFO - utils.trainer -   Loss: 0.02663
05/06/2026 22:29:52 - INFO - utils.trainer -    Train loss: 0.02159, Test loss: 0.02663,Epoch time = 2.357s
05/06/2026 22:29:54 - INFO - utils.trainer -   ***** Running evaluation on test2 dataset *****
05/06/2026 22:29:56 - INFO - utils.trainer -   AUC: 1.00000
05/06/2026 22:29:56 - INFO - utils.trainer -   Accuracy: 0.99558
05/06/2026 22:29:56 - INFO - utils.trainer -   Precision: 0.98765
05/06/2026 22:29:56 - INFO - utils.trainer -   Recall: 1.00000
05/06/2026 22:29:56 - INFO - utils.trainer -   F_score: 0.99379
05/06/2026 22:29:56 - INFO - utils.trainer -   Specificity: 0.99315
05/06/2026 22:29:56 - INFO - utils.trainer -   Sensitivity: 1.00000
05/06/2026 22:29:56 - INFO - utils.trainer -   Loss: 0.06417
05/06/2026 22:29:56 - INFO - utils.trainer -    Train loss: 0.02317, Test loss: 0.06417,Epoch time = 2.396s
05/06/2026 22:29:58 - INFO - utils.trainer -   ***** Running evaluation on test2 dataset *****
05/06/2026 22:29:59 - INFO - utils.trainer -   AUC: 1.00000
05/06/2026 22:29:59 - INFO - utils.trainer -   Accuracy: 1.00000
05/06/2026 22:29:59 - INFO - utils.trainer -   Precision: 1.00000
05/06/2026 22:29:59 - INFO - utils.trainer -   Recall: 1.00000
05/06/2026 22:29:59 - INFO - utils.trainer -   F_score: 1.00000
05/06/2026 22:29:59 - INFO - utils.trainer -   Specificity: 1.00000
05/06/2026 22:29:59 - INFO - utils.trainer -   Sensitivity: 1.00000
05/06/2026 22:29:59 - INFO - utils.trainer -   Loss: 0.01415
05/06/2026 22:29:59 - INFO - utils.trainer -    Train loss: 0.03749, Test loss: 0.01415,Epoch time = 2.242s
05/06/2026 22:29:59 - INFO - utils.trainer -   Saving model checkpoint to output_dir/CEEDNet
05/06/2026 22:30:01 - INFO - utils.trainer -   ***** Running evaluation on test2 dataset *****
05/06/2026 22:30:03 - INFO - utils.trainer -   AUC: 1.00000
05/06/2026 22:30:03 - INFO - utils.trainer -   Accuracy: 1.00000
05/06/2026 22:30:03 - INFO - utils.trainer -   Precision: 1.00000
05/06/2026 22:30:03 - INFO - utils.trainer -   Recall: 1.00000
05/06/2026 22:30:03 - INFO - utils.trainer -   F_score: 1.00000
05/06/2026 22:30:03 - INFO - utils.trainer -   Specificity: 1.00000
05/06/2026 22:30:03 - INFO - utils.trainer -   Sensitivity: 1.00000
05/06/2026 22:30:03 - INFO - utils.trainer -   Loss: 0.04289
05/06/2026 22:30:03 - INFO - utils.trainer -    Train loss: 0.01809, Test loss: 0.04289,Epoch time = 1.885s
05/06/2026 22:30:03 - INFO - utils.trainer -   Saving model checkpoint to output_dir/CEEDNet
05/06/2026 22:30:05 - INFO - utils.trainer -   ***** Running evaluation on test2 dataset *****
05/06/2026 22:30:06 - INFO - utils.trainer -   AUC: 1.00000
05/06/2026 22:30:06 - INFO - utils.trainer -   Accuracy: 1.00000
05/06/2026 22:30:06 - INFO - utils.trainer -   Precision: 1.00000
05/06/2026 22:30:06 - INFO - utils.trainer -   Recall: 1.00000
05/06/2026 22:30:06 - INFO - utils.trainer -   F_score: 1.00000
05/06/2026 22:30:06 - INFO - utils.trainer -   Specificity: 1.00000
05/06/2026 22:30:06 - INFO - utils.trainer -   Sensitivity: 1.00000
05/06/2026 22:30:06 - INFO - utils.trainer -   Loss: 0.01401
05/06/2026 22:30:06 - INFO - utils.trainer -    Train loss: 0.00536, Test loss: 0.01401,Epoch time = 2.271s
05/06/2026 22:30:06 - INFO - utils.trainer -   Saving model checkpoint to output_dir/CEEDNet
05/06/2026 22:30:09 - INFO - utils.trainer -   ***** Running evaluation on test2 dataset *****
05/06/2026 22:30:10 - INFO - utils.trainer -   AUC: 1.00000
05/06/2026 22:30:10 - INFO - utils.trainer -   Accuracy: 1.00000
05/06/2026 22:30:10 - INFO - utils.trainer -   Precision: 1.00000
05/06/2026 22:30:10 - INFO - utils.trainer -   Recall: 1.00000
05/06/2026 22:30:10 - INFO - utils.trainer -   F_score: 1.00000
05/06/2026 22:30:10 - INFO - utils.trainer -   Specificity: 1.00000
05/06/2026 22:30:10 - INFO - utils.trainer -   Sensitivity: 1.00000
05/06/2026 22:30:10 - INFO - utils.trainer -   Loss: 0.04237
05/06/2026 22:30:10 - INFO - utils.trainer -    Train loss: 0.00257, Test loss: 0.04237,Epoch time = 2.327s
05/06/2026 22:30:10 - INFO - utils.trainer -   Saving model checkpoint to output_dir/CEEDNet
05/06/2026 22:30:12 - INFO - utils.trainer -   ***** Running evaluation on test2 dataset *****
05/06/2026 22:30:13 - INFO - utils.trainer -   AUC: 1.00000
05/06/2026 22:30:13 - INFO - utils.trainer -   Accuracy: 1.00000
05/06/2026 22:30:13 - INFO - utils.trainer -   Precision: 1.00000
05/06/2026 22:30:13 - INFO - utils.trainer -   Recall: 1.00000
05/06/2026 22:30:13 - INFO - utils.trainer -   F_score: 1.00000
05/06/2026 22:30:13 - INFO - utils.trainer -   Specificity: 1.00000
05/06/2026 22:30:13 - INFO - utils.trainer -   Sensitivity: 1.00000
05/06/2026 22:30:13 - INFO - utils.trainer -   Loss: 0.02652
05/06/2026 22:30:13 - INFO - utils.trainer -    Train loss: 0.00174, Test loss: 0.02652,Epoch time = 1.788s
05/06/2026 22:30:13 - INFO - utils.trainer -   Saving model checkpoint to output_dir/CEEDNet
05/06/2026 22:30:15 - INFO - utils.trainer -   ***** Running evaluation on test2 dataset *****
05/06/2026 22:30:17 - INFO - utils.trainer -   AUC: 1.00000
05/06/2026 22:30:17 - INFO - utils.trainer -   Accuracy: 0.99115
05/06/2026 22:30:17 - INFO - utils.trainer -   Precision: 0.97561
05/06/2026 22:30:17 - INFO - utils.trainer -   Recall: 1.00000
05/06/2026 22:30:17 - INFO - utils.trainer -   F_score: 0.98765
05/06/2026 22:30:17 - INFO - utils.trainer -   Specificity: 0.98630
05/06/2026 22:30:17 - INFO - utils.trainer -   Sensitivity: 1.00000
05/06/2026 22:30:17 - INFO - utils.trainer -   Loss: 0.06092
05/06/2026 22:30:17 - INFO - utils.trainer -    Train loss: 0.02106, Test loss: 0.06092,Epoch time = 2.144s
05/06/2026 22:30:19 - INFO - utils.trainer -   ***** Running evaluation on test2 dataset *****
05/06/2026 22:30:20 - INFO - utils.trainer -   AUC: 1.00000
05/06/2026 22:30:20 - INFO - utils.trainer -   Accuracy: 0.99558
05/06/2026 22:30:20 - INFO - utils.trainer -   Precision: 0.98765
05/06/2026 22:30:20 - INFO - utils.trainer -   Recall: 1.00000
05/06/2026 22:30:20 - INFO - utils.trainer -   F_score: 0.99379
05/06/2026 22:30:20 - INFO - utils.trainer -   Specificity: 0.99315
05/06/2026 22:30:20 - INFO - utils.trainer -   Sensitivity: 1.00000
05/06/2026 22:30:20 - INFO - utils.trainer -   Loss: 0.02356
05/06/2026 22:30:20 - INFO - utils.trainer -    Train loss: 0.00929, Test loss: 0.02356,Epoch time = 2.489s
05/06/2026 22:30:23 - INFO - utils.trainer -   ***** Running evaluation on test2 dataset *****
05/06/2026 22:30:24 - INFO - utils.trainer -   AUC: 1.00000
05/06/2026 22:30:24 - INFO - utils.trainer -   Accuracy: 0.99558
05/06/2026 22:30:24 - INFO - utils.trainer -   Precision: 0.98765
05/06/2026 22:30:24 - INFO - utils.trainer -   Recall: 1.00000
05/06/2026 22:30:24 - INFO - utils.trainer -   F_score: 0.99379
05/06/2026 22:30:24 - INFO - utils.trainer -   Specificity: 0.99315
05/06/2026 22:30:24 - INFO - utils.trainer -   Sensitivity: 1.00000
05/06/2026 22:30:24 - INFO - utils.trainer -   Loss: 0.06661
05/06/2026 22:30:24 - INFO - utils.trainer -    Train loss: 0.00371, Test loss: 0.06661,Epoch time = 2.588s
05/06/2026 22:30:27 - INFO - utils.trainer -   ***** Running evaluation on test2 dataset *****
05/06/2026 22:30:28 - INFO - utils.trainer -   AUC: 1.00000
05/06/2026 22:30:28 - INFO - utils.trainer -   Accuracy: 1.00000
05/06/2026 22:30:28 - INFO - utils.trainer -   Precision: 1.00000
05/06/2026 22:30:28 - INFO - utils.trainer -   Recall: 1.00000
05/06/2026 22:30:28 - INFO - utils.trainer -   F_score: 1.00000
05/06/2026 22:30:28 - INFO - utils.trainer -   Specificity: 1.00000
05/06/2026 22:30:28 - INFO - utils.trainer -   Sensitivity: 1.00000
05/06/2026 22:30:28 - INFO - utils.trainer -   Loss: 0.02749
05/06/2026 22:30:28 - INFO - utils.trainer -    Train loss: 0.00110, Test loss: 0.02749,Epoch time = 2.756s
05/06/2026 22:30:28 - INFO - utils.trainer -   Saving model checkpoint to output_dir/CEEDNet
05/06/2026 22:30:30 - INFO - utils.trainer -   ***** Running evaluation on test2 dataset *****
05/06/2026 22:30:32 - INFO - utils.trainer -   AUC: 0.99375
05/06/2026 22:30:32 - INFO - utils.trainer -   Accuracy: 0.77876
05/06/2026 22:30:32 - INFO - utils.trainer -   Precision: 0.96875
05/06/2026 22:30:32 - INFO - utils.trainer -   Recall: 0.38750
05/06/2026 22:30:32 - INFO - utils.trainer -   F_score: 0.55357
05/06/2026 22:30:32 - INFO - utils.trainer -   Specificity: 0.99315
05/06/2026 22:30:32 - INFO - utils.trainer -   Sensitivity: 0.38750
05/06/2026 22:30:32 - INFO - utils.trainer -   Loss: 0.31836
05/06/2026 22:30:32 - INFO - utils.trainer -    Train loss: 0.06423, Test loss: 0.31836,Epoch time = 2.391s
05/06/2026 22:30:34 - INFO - utils.trainer -   ***** Running evaluation on test2 dataset *****
05/06/2026 22:30:35 - INFO - utils.trainer -   AUC: 1.00000
05/06/2026 22:30:35 - INFO - utils.trainer -   Accuracy: 1.00000
05/06/2026 22:30:35 - INFO - utils.trainer -   Precision: 1.00000
05/06/2026 22:30:35 - INFO - utils.trainer -   Recall: 1.00000
05/06/2026 22:30:35 - INFO - utils.trainer -   F_score: 1.00000
05/06/2026 22:30:35 - INFO - utils.trainer -   Specificity: 1.00000
05/06/2026 22:30:35 - INFO - utils.trainer -   Sensitivity: 1.00000
05/06/2026 22:30:35 - INFO - utils.trainer -   Loss: 0.01101
05/06/2026 22:30:35 - INFO - utils.trainer -    Train loss: 0.05064, Test loss: 0.01101,Epoch time = 2.042s
05/06/2026 22:30:35 - INFO - utils.trainer -   Saving model checkpoint to output_dir/CEEDNet
05/06/2026 22:30:37 - INFO - utils.trainer -   ***** Running evaluation on test2 dataset *****
05/06/2026 22:30:39 - INFO - utils.trainer -   AUC: 1.00000
05/06/2026 22:30:39 - INFO - utils.trainer -   Accuracy: 1.00000
05/06/2026 22:30:39 - INFO - utils.trainer -   Precision: 1.00000
05/06/2026 22:30:39 - INFO - utils.trainer -   Recall: 1.00000
05/06/2026 22:30:39 - INFO - utils.trainer -   F_score: 1.00000
05/06/2026 22:30:39 - INFO - utils.trainer -   Specificity: 1.00000
05/06/2026 22:30:39 - INFO - utils.trainer -   Sensitivity: 1.00000
05/06/2026 22:30:39 - INFO - utils.trainer -   Loss: 0.03539
05/06/2026 22:30:39 - INFO - utils.trainer -    Train loss: 0.00388, Test loss: 0.03539,Epoch time = 1.716s
05/06/2026 22:30:39 - INFO - utils.trainer -   Saving model checkpoint to output_dir/CEEDNet
05/06/2026 22:30:41 - INFO - utils.trainer -   ***** Running evaluation on test2 dataset *****
05/06/2026 22:30:42 - INFO - utils.trainer -   AUC: 1.00000
05/06/2026 22:30:42 - INFO - utils.trainer -   Accuracy: 0.98230
05/06/2026 22:30:42 - INFO - utils.trainer -   Precision: 0.95238
05/06/2026 22:30:42 - INFO - utils.trainer -   Recall: 1.00000
05/06/2026 22:30:42 - INFO - utils.trainer -   F_score: 0.97561
05/06/2026 22:30:42 - INFO - utils.trainer -   Specificity: 0.97260
05/06/2026 22:30:42 - INFO - utils.trainer -   Sensitivity: 1.00000
05/06/2026 22:30:42 - INFO - utils.trainer -   Loss: 0.05572
05/06/2026 22:30:42 - INFO - utils.trainer -    Train loss: 0.09159, Test loss: 0.05572,Epoch time = 1.941s
05/06/2026 22:30:45 - INFO - utils.trainer -   ***** Running evaluation on test2 dataset *****
05/06/2026 22:30:46 - INFO - utils.trainer -   AUC: 1.00000
05/06/2026 22:30:46 - INFO - utils.trainer -   Accuracy: 1.00000
05/06/2026 22:30:46 - INFO - utils.trainer -   Precision: 1.00000
05/06/2026 22:30:46 - INFO - utils.trainer -   Recall: 1.00000
05/06/2026 22:30:46 - INFO - utils.trainer -   F_score: 1.00000
05/06/2026 22:30:46 - INFO - utils.trainer -   Specificity: 1.00000
05/06/2026 22:30:46 - INFO - utils.trainer -   Sensitivity: 1.00000
05/06/2026 22:30:46 - INFO - utils.trainer -   Loss: 0.02256
05/06/2026 22:30:46 - INFO - utils.trainer -    Train loss: 0.03698, Test loss: 0.02256,Epoch time = 2.543s
05/06/2026 22:30:46 - INFO - utils.trainer -   Saving model checkpoint to output_dir/CEEDNet
05/06/2026 22:30:48 - INFO - utils.trainer -   ***** Running evaluation on test2 dataset *****
05/06/2026 22:30:49 - INFO - utils.trainer -   AUC: 1.00000
05/06/2026 22:30:49 - INFO - utils.trainer -   Accuracy: 1.00000
05/06/2026 22:30:49 - INFO - utils.trainer -   Precision: 1.00000
05/06/2026 22:30:49 - INFO - utils.trainer -   Recall: 1.00000
05/06/2026 22:30:49 - INFO - utils.trainer -   F_score: 1.00000
05/06/2026 22:30:49 - INFO - utils.trainer -   Specificity: 1.00000
05/06/2026 22:30:49 - INFO - utils.trainer -   Sensitivity: 1.00000
05/06/2026 22:30:49 - INFO - utils.trainer -   Loss: 0.06281
05/06/2026 22:30:49 - INFO - utils.trainer -    Train loss: 0.01149, Test loss: 0.06281,Epoch time = 2.089s
05/06/2026 22:30:49 - INFO - utils.trainer -   Saving model checkpoint to output_dir/CEEDNet
05/06/2026 22:30:51 - INFO - utils.trainer -   ***** Running evaluation on test2 dataset *****
05/06/2026 22:30:52 - INFO - utils.trainer -   AUC: 1.00000
05/06/2026 22:30:52 - INFO - utils.trainer -   Accuracy: 1.00000
05/06/2026 22:30:52 - INFO - utils.trainer -   Precision: 1.00000
05/06/2026 22:30:52 - INFO - utils.trainer -   Recall: 1.00000
05/06/2026 22:30:52 - INFO - utils.trainer -   F_score: 1.00000
05/06/2026 22:30:52 - INFO - utils.trainer -   Specificity: 1.00000
05/06/2026 22:30:52 - INFO - utils.trainer -   Sensitivity: 1.00000
05/06/2026 22:30:52 - INFO - utils.trainer -   Loss: 0.03395
05/06/2026 22:30:52 - INFO - utils.trainer -    Train loss: 0.00392, Test loss: 0.03395,Epoch time = 1.653s
05/06/2026 22:30:52 - INFO - utils.trainer -   Saving model checkpoint to output_dir/CEEDNet
05/06/2026 22:30:55 - INFO - utils.trainer -   ***** Running evaluation on test2 dataset *****
05/06/2026 22:30:56 - INFO - utils.trainer -   AUC: 1.00000
05/06/2026 22:30:56 - INFO - utils.trainer -   Accuracy: 1.00000
05/06/2026 22:30:56 - INFO - utils.trainer -   Precision: 1.00000
05/06/2026 22:30:56 - INFO - utils.trainer -   Recall: 1.00000
05/06/2026 22:30:56 - INFO - utils.trainer -   F_score: 1.00000
05/06/2026 22:30:56 - INFO - utils.trainer -   Specificity: 1.00000
05/06/2026 22:30:56 - INFO - utils.trainer -   Sensitivity: 1.00000
05/06/2026 22:30:56 - INFO - utils.trainer -   Loss: 0.01500
05/06/2026 22:30:56 - INFO - utils.trainer -    Train loss: 0.00221, Test loss: 0.01500,Epoch time = 2.627s
05/06/2026 22:30:56 - INFO - utils.trainer -   Saving model checkpoint to output_dir/CEEDNet
05/06/2026 22:30:59 - INFO - utils.trainer -   ***** Running evaluation on test2 dataset *****
05/06/2026 22:31:00 - INFO - utils.trainer -   AUC: 1.00000
05/06/2026 22:31:00 - INFO - utils.trainer -   Accuracy: 1.00000
05/06/2026 22:31:00 - INFO - utils.trainer -   Precision: 1.00000
05/06/2026 22:31:00 - INFO - utils.trainer -   Recall: 1.00000
05/06/2026 22:31:00 - INFO - utils.trainer -   F_score: 1.00000
05/06/2026 22:31:00 - INFO - utils.trainer -   Specificity: 1.00000
05/06/2026 22:31:00 - INFO - utils.trainer -   Sensitivity: 1.00000
05/06/2026 22:31:00 - INFO - utils.trainer -   Loss: 0.02003
05/06/2026 22:31:00 - INFO - utils.trainer -    Train loss: 0.00135, Test loss: 0.02003,Epoch time = 2.474s
05/06/2026 22:31:00 - INFO - utils.trainer -   Saving model checkpoint to output_dir/CEEDNet
05/06/2026 22:31:02 - INFO - utils.trainer -   ***** Running evaluation on test2 dataset *****
05/06/2026 22:31:03 - INFO - utils.trainer -   AUC: 1.00000
05/06/2026 22:31:03 - INFO - utils.trainer -   Accuracy: 1.00000
05/06/2026 22:31:03 - INFO - utils.trainer -   Precision: 1.00000
05/06/2026 22:31:03 - INFO - utils.trainer -   Recall: 1.00000
05/06/2026 22:31:03 - INFO - utils.trainer -   F_score: 1.00000
05/06/2026 22:31:03 - INFO - utils.trainer -   Specificity: 1.00000
05/06/2026 22:31:03 - INFO - utils.trainer -   Sensitivity: 1.00000
05/06/2026 22:31:03 - INFO - utils.trainer -   Loss: 0.00577
05/06/2026 22:31:03 - INFO - utils.trainer -    Train loss: 0.00785, Test loss: 0.00577,Epoch time = 2.477s
05/06/2026 22:31:04 - INFO - utils.trainer -   Saving model checkpoint to output_dir/CEEDNet
05/06/2026 22:31:06 - INFO - utils.trainer -   ***** Running evaluation on test2 dataset *****
05/06/2026 22:31:07 - INFO - utils.trainer -   AUC: 1.00000
05/06/2026 22:31:07 - INFO - utils.trainer -   Accuracy: 1.00000
05/06/2026 22:31:07 - INFO - utils.trainer -   Precision: 1.00000
05/06/2026 22:31:07 - INFO - utils.trainer -   Recall: 1.00000
05/06/2026 22:31:07 - INFO - utils.trainer -   F_score: 1.00000
05/06/2026 22:31:07 - INFO - utils.trainer -   Specificity: 1.00000
05/06/2026 22:31:07 - INFO - utils.trainer -   Sensitivity: 1.00000
05/06/2026 22:31:07 - INFO - utils.trainer -   Loss: 0.06137
05/06/2026 22:31:07 - INFO - utils.trainer -    Train loss: 0.01649, Test loss: 0.06137,Epoch time = 2.604s
05/06/2026 22:31:08 - INFO - utils.trainer -   Saving model checkpoint to output_dir/CEEDNet
05/06/2026 22:31:10 - INFO - utils.trainer -   ***** Running evaluation on test2 dataset *****
05/06/2026 22:31:11 - INFO - utils.trainer -   AUC: 1.00000
05/06/2026 22:31:11 - INFO - utils.trainer -   Accuracy: 1.00000
05/06/2026 22:31:11 - INFO - utils.trainer -   Precision: 1.00000
05/06/2026 22:31:11 - INFO - utils.trainer -   Recall: 1.00000
05/06/2026 22:31:11 - INFO - utils.trainer -   F_score: 1.00000
05/06/2026 22:31:11 - INFO - utils.trainer -   Specificity: 1.00000
05/06/2026 22:31:11 - INFO - utils.trainer -   Sensitivity: 1.00000
05/06/2026 22:31:11 - INFO - utils.trainer -   Loss: 0.04005
05/06/2026 22:31:11 - INFO - utils.trainer -    Train loss: 0.00562, Test loss: 0.04005,Epoch time = 2.279s
05/06/2026 22:31:11 - INFO - utils.trainer -   Saving model checkpoint to output_dir/CEEDNet
05/06/2026 22:31:14 - INFO - utils.trainer -   ***** Running evaluation on test2 dataset *****
05/06/2026 22:31:15 - INFO - utils.trainer -   AUC: 1.00000
05/06/2026 22:31:15 - INFO - utils.trainer -   Accuracy: 1.00000
05/06/2026 22:31:15 - INFO - utils.trainer -   Precision: 1.00000
05/06/2026 22:31:15 - INFO - utils.trainer -   Recall: 1.00000
05/06/2026 22:31:15 - INFO - utils.trainer -   F_score: 1.00000
05/06/2026 22:31:15 - INFO - utils.trainer -   Specificity: 1.00000
05/06/2026 22:31:15 - INFO - utils.trainer -   Sensitivity: 1.00000
05/06/2026 22:31:15 - INFO - utils.trainer -   Loss: 0.04768
05/06/2026 22:31:15 - INFO - utils.trainer -    Train loss: 0.00109, Test loss: 0.04768,Epoch time = 2.291s
05/06/2026 22:31:15 - INFO - utils.trainer -   Saving model checkpoint to output_dir/CEEDNet
05/06/2026 22:31:18 - INFO - utils.trainer -   ***** Running evaluation on test2 dataset *****
05/06/2026 22:31:19 - INFO - utils.trainer -   AUC: 1.00000
05/06/2026 22:31:19 - INFO - utils.trainer -   Accuracy: 1.00000
05/06/2026 22:31:19 - INFO - utils.trainer -   Precision: 1.00000
05/06/2026 22:31:19 - INFO - utils.trainer -   Recall: 1.00000
05/06/2026 22:31:19 - INFO - utils.trainer -   F_score: 1.00000
05/06/2026 22:31:19 - INFO - utils.trainer -   Specificity: 1.00000
05/06/2026 22:31:19 - INFO - utils.trainer -   Sensitivity: 1.00000
05/06/2026 22:31:19 - INFO - utils.trainer -   Loss: 0.01284
05/06/2026 22:31:19 - INFO - utils.trainer -    Train loss: 0.00084, Test loss: 0.01284,Epoch time = 2.508s
05/06/2026 22:31:19 - INFO - utils.trainer -   Saving model checkpoint to output_dir/CEEDNet
05/06/2026 22:31:21 - INFO - utils.trainer -   ***** Running evaluation on test2 dataset *****
05/06/2026 22:31:23 - INFO - utils.trainer -   AUC: 1.00000
05/06/2026 22:31:23 - INFO - utils.trainer -   Accuracy: 1.00000
05/06/2026 22:31:23 - INFO - utils.trainer -   Precision: 1.00000
05/06/2026 22:31:23 - INFO - utils.trainer -   Recall: 1.00000
05/06/2026 22:31:23 - INFO - utils.trainer -   F_score: 1.00000
05/06/2026 22:31:23 - INFO - utils.trainer -   Specificity: 1.00000
05/06/2026 22:31:23 - INFO - utils.trainer -   Sensitivity: 1.00000
05/06/2026 22:31:23 - INFO - utils.trainer -   Loss: 0.00664
05/06/2026 22:31:23 - INFO - utils.trainer -    Train loss: 0.02263, Test loss: 0.00664,Epoch time = 2.092s
05/06/2026 22:31:23 - INFO - utils.trainer -   Saving model checkpoint to output_dir/CEEDNet
05/06/2026 22:31:25 - INFO - utils.trainer -   ***** Running evaluation on test2 dataset *****
05/06/2026 22:31:26 - INFO - utils.trainer -   AUC: 1.00000
05/06/2026 22:31:26 - INFO - utils.trainer -   Accuracy: 1.00000
05/06/2026 22:31:26 - INFO - utils.trainer -   Precision: 1.00000
05/06/2026 22:31:26 - INFO - utils.trainer -   Recall: 1.00000
05/06/2026 22:31:26 - INFO - utils.trainer -   F_score: 1.00000
05/06/2026 22:31:26 - INFO - utils.trainer -   Specificity: 1.00000
05/06/2026 22:31:26 - INFO - utils.trainer -   Sensitivity: 1.00000
05/06/2026 22:31:26 - INFO - utils.trainer -   Loss: 0.02627
05/06/2026 22:31:26 - INFO - utils.trainer -    Train loss: 0.00382, Test loss: 0.02627,Epoch time = 2.217s
05/06/2026 22:31:27 - INFO - utils.trainer -   Saving model checkpoint to output_dir/CEEDNet
05/06/2026 22:31:29 - INFO - utils.trainer -   ***** Running evaluation on test2 dataset *****
05/06/2026 22:31:30 - INFO - utils.trainer -   AUC: 1.00000
05/06/2026 22:31:30 - INFO - utils.trainer -   Accuracy: 1.00000
05/06/2026 22:31:30 - INFO - utils.trainer -   Precision: 1.00000
05/06/2026 22:31:30 - INFO - utils.trainer -   Recall: 1.00000
05/06/2026 22:31:30 - INFO - utils.trainer -   F_score: 1.00000
05/06/2026 22:31:30 - INFO - utils.trainer -   Specificity: 1.00000
05/06/2026 22:31:30 - INFO - utils.trainer -   Sensitivity: 1.00000
05/06/2026 22:31:30 - INFO - utils.trainer -   Loss: 0.02090
05/06/2026 22:31:30 - INFO - utils.trainer -    Train loss: 0.01062, Test loss: 0.02090,Epoch time = 2.451s
05/06/2026 22:31:30 - INFO - utils.trainer -   Saving model checkpoint to output_dir/CEEDNet
05/06/2026 22:31:33 - INFO - utils.trainer -   ***** Running evaluation on test2 dataset *****
05/06/2026 22:31:34 - INFO - utils.trainer -   AUC: 1.00000
05/06/2026 22:31:34 - INFO - utils.trainer -   Accuracy: 1.00000
05/06/2026 22:31:34 - INFO - utils.trainer -   Precision: 1.00000
05/06/2026 22:31:34 - INFO - utils.trainer -   Recall: 1.00000
05/06/2026 22:31:34 - INFO - utils.trainer -   F_score: 1.00000
05/06/2026 22:31:34 - INFO - utils.trainer -   Specificity: 1.00000
05/06/2026 22:31:34 - INFO - utils.trainer -   Sensitivity: 1.00000
05/06/2026 22:31:34 - INFO - utils.trainer -   Loss: 0.04282
05/06/2026 22:31:34 - INFO - utils.trainer -    Train loss: 0.00275, Test loss: 0.04282,Epoch time = 2.530s
05/06/2026 22:31:34 - INFO - utils.trainer -   Saving model checkpoint to output_dir/CEEDNet
05/06/2026 22:31:37 - INFO - utils.trainer -   ***** Running evaluation on test2 dataset *****
05/06/2026 22:31:38 - INFO - utils.trainer -   AUC: 1.00000
05/06/2026 22:31:38 - INFO - utils.trainer -   Accuracy: 1.00000
05/06/2026 22:31:38 - INFO - utils.trainer -   Precision: 1.00000
05/06/2026 22:31:38 - INFO - utils.trainer -   Recall: 1.00000
05/06/2026 22:31:38 - INFO - utils.trainer -   F_score: 1.00000
05/06/2026 22:31:38 - INFO - utils.trainer -   Specificity: 1.00000
05/06/2026 22:31:38 - INFO - utils.trainer -   Sensitivity: 1.00000
05/06/2026 22:31:38 - INFO - utils.trainer -   Loss: 0.02929
05/06/2026 22:31:38 - INFO - utils.trainer -    Train loss: 0.00142, Test loss: 0.02929,Epoch time = 2.434s
05/06/2026 22:31:38 - INFO - utils.trainer -   Saving model checkpoint to output_dir/CEEDNet
05/06/2026 22:31:40 - INFO - utils.trainer -   ***** Running evaluation on test2 dataset *****
05/06/2026 22:31:41 - INFO - utils.trainer -   AUC: 1.00000
05/06/2026 22:31:41 - INFO - utils.trainer -   Accuracy: 1.00000
05/06/2026 22:31:41 - INFO - utils.trainer -   Precision: 1.00000
05/06/2026 22:31:41 - INFO - utils.trainer -   Recall: 1.00000
05/06/2026 22:31:41 - INFO - utils.trainer -   F_score: 1.00000
05/06/2026 22:31:41 - INFO - utils.trainer -   Specificity: 1.00000
05/06/2026 22:31:41 - INFO - utils.trainer -   Sensitivity: 1.00000
05/06/2026 22:31:41 - INFO - utils.trainer -   Loss: 0.01976
05/06/2026 22:31:41 - INFO - utils.trainer -    Train loss: 0.00103, Test loss: 0.01976,Epoch time = 2.211s
05/06/2026 22:31:42 - INFO - utils.trainer -   Saving model checkpoint to output_dir/CEEDNet
05/06/2026 22:31:44 - INFO - utils.trainer -   ***** Running evaluation on test2 dataset *****
05/06/2026 22:31:45 - INFO - utils.trainer -   AUC: 1.00000
05/06/2026 22:31:45 - INFO - utils.trainer -   Accuracy: 1.00000
05/06/2026 22:31:45 - INFO - utils.trainer -   Precision: 1.00000
05/06/2026 22:31:45 - INFO - utils.trainer -   Recall: 1.00000
05/06/2026 22:31:45 - INFO - utils.trainer -   F_score: 1.00000
05/06/2026 22:31:45 - INFO - utils.trainer -   Specificity: 1.00000
05/06/2026 22:31:45 - INFO - utils.trainer -   Sensitivity: 1.00000
05/06/2026 22:31:45 - INFO - utils.trainer -   Loss: 0.05140
05/06/2026 22:31:45 - INFO - utils.trainer -    Train loss: 0.00129, Test loss: 0.05140,Epoch time = 2.130s
05/06/2026 22:31:45 - INFO - utils.trainer -   Saving model checkpoint to output_dir/CEEDNet
05/06/2026 22:31:48 - INFO - utils.trainer -   ***** Running evaluation on test2 dataset *****
05/06/2026 22:31:49 - INFO - utils.trainer -   AUC: 1.00000
05/06/2026 22:31:49 - INFO - utils.trainer -   Accuracy: 1.00000
05/06/2026 22:31:49 - INFO - utils.trainer -   Precision: 1.00000
05/06/2026 22:31:49 - INFO - utils.trainer -   Recall: 1.00000
05/06/2026 22:31:49 - INFO - utils.trainer -   F_score: 1.00000
05/06/2026 22:31:49 - INFO - utils.trainer -   Specificity: 1.00000
05/06/2026 22:31:49 - INFO - utils.trainer -   Sensitivity: 1.00000
05/06/2026 22:31:49 - INFO - utils.trainer -   Loss: 0.00829
05/06/2026 22:31:49 - INFO - utils.trainer -    Train loss: 0.00081, Test loss: 0.00829,Epoch time = 2.481s
05/06/2026 22:31:49 - INFO - utils.trainer -   Saving model checkpoint to output_dir/CEEDNet
05/06/2026 22:31:52 - INFO - utils.trainer -   ***** Running evaluation on test2 dataset *****
05/06/2026 22:31:53 - INFO - utils.trainer -   AUC: 1.00000
05/06/2026 22:31:53 - INFO - utils.trainer -   Accuracy: 1.00000
05/06/2026 22:31:53 - INFO - utils.trainer -   Precision: 1.00000
05/06/2026 22:31:53 - INFO - utils.trainer -   Recall: 1.00000
05/06/2026 22:31:53 - INFO - utils.trainer -   F_score: 1.00000
05/06/2026 22:31:53 - INFO - utils.trainer -   Specificity: 1.00000
05/06/2026 22:31:53 - INFO - utils.trainer -   Sensitivity: 1.00000
05/06/2026 22:31:53 - INFO - utils.trainer -   Loss: 0.01050
05/06/2026 22:31:53 - INFO - utils.trainer -    Train loss: 0.00049, Test loss: 0.01050,Epoch time = 2.379s
05/06/2026 22:31:53 - INFO - utils.trainer -   Saving model checkpoint to output_dir/CEEDNet
05/06/2026 22:31:55 - INFO - utils.trainer -   ***** Running evaluation on test2 dataset *****
05/06/2026 22:31:57 - INFO - utils.trainer -   AUC: 1.00000
05/06/2026 22:31:57 - INFO - utils.trainer -   Accuracy: 0.99558
05/06/2026 22:31:57 - INFO - utils.trainer -   Precision: 0.98765
05/06/2026 22:31:57 - INFO - utils.trainer -   Recall: 1.00000
05/06/2026 22:31:57 - INFO - utils.trainer -   F_score: 0.99379
05/06/2026 22:31:57 - INFO - utils.trainer -   Specificity: 0.99315
05/06/2026 22:31:57 - INFO - utils.trainer -   Sensitivity: 1.00000
05/06/2026 22:31:57 - INFO - utils.trainer -   Loss: 0.05377
05/06/2026 22:31:57 - INFO - utils.trainer -    Train loss: 0.04749, Test loss: 0.05377,Epoch time = 2.270s
05/06/2026 22:31:59 - INFO - utils.trainer -   ***** Running evaluation on test2 dataset *****
05/06/2026 22:32:00 - INFO - utils.trainer -   AUC: 1.00000
05/06/2026 22:32:00 - INFO - utils.trainer -   Accuracy: 1.00000
05/06/2026 22:32:00 - INFO - utils.trainer -   Precision: 1.00000
05/06/2026 22:32:00 - INFO - utils.trainer -   Recall: 1.00000
05/06/2026 22:32:00 - INFO - utils.trainer -   F_score: 1.00000
05/06/2026 22:32:00 - INFO - utils.trainer -   Specificity: 1.00000
05/06/2026 22:32:00 - INFO - utils.trainer -   Sensitivity: 1.00000
05/06/2026 22:32:00 - INFO - utils.trainer -   Loss: 0.01544
05/06/2026 22:32:00 - INFO - utils.trainer -    Train loss: 0.03835, Test loss: 0.01544,Epoch time = 2.771s
05/06/2026 22:32:01 - INFO - utils.trainer -   Saving model checkpoint to output_dir/CEEDNet
05/06/2026 22:32:03 - INFO - utils.trainer -   ***** Running evaluation on test2 dataset *****
05/06/2026 22:32:04 - INFO - utils.trainer -   AUC: 1.00000
05/06/2026 22:32:04 - INFO - utils.trainer -   Accuracy: 1.00000
05/06/2026 22:32:04 - INFO - utils.trainer -   Precision: 1.00000
05/06/2026 22:32:04 - INFO - utils.trainer -   Recall: 1.00000
05/06/2026 22:32:04 - INFO - utils.trainer -   F_score: 1.00000
05/06/2026 22:32:04 - INFO - utils.trainer -   Specificity: 1.00000
05/06/2026 22:32:04 - INFO - utils.trainer -   Sensitivity: 1.00000
05/06/2026 22:32:04 - INFO - utils.trainer -   Loss: 0.01756
05/06/2026 22:32:04 - INFO - utils.trainer -    Train loss: 0.00738, Test loss: 0.01756,Epoch time = 2.505s
05/06/2026 22:32:04 - INFO - utils.trainer -   Saving model checkpoint to output_dir/CEEDNet
05/06/2026 22:32:06 - INFO - utils.trainer -   ***** Running evaluation on test2 dataset *****
05/06/2026 22:32:08 - INFO - utils.trainer -   AUC: 1.00000
05/06/2026 22:32:08 - INFO - utils.trainer -   Accuracy: 1.00000
05/06/2026 22:32:08 - INFO - utils.trainer -   Precision: 1.00000
05/06/2026 22:32:08 - INFO - utils.trainer -   Recall: 1.00000
05/06/2026 22:32:08 - INFO - utils.trainer -   F_score: 1.00000
05/06/2026 22:32:08 - INFO - utils.trainer -   Specificity: 1.00000
05/06/2026 22:32:08 - INFO - utils.trainer -   Sensitivity: 1.00000
05/06/2026 22:32:08 - INFO - utils.trainer -   Loss: 0.01762
05/06/2026 22:32:08 - INFO - utils.trainer -    Train loss: 0.02697, Test loss: 0.01762,Epoch time = 1.998s
05/06/2026 22:32:08 - INFO - utils.trainer -   Saving model checkpoint to output_dir/CEEDNet
05/06/2026 22:32:11 - INFO - utils.trainer -   ***** Running evaluation on test2 dataset *****
05/06/2026 22:32:12 - INFO - utils.trainer -   AUC: 1.00000
05/06/2026 22:32:12 - INFO - utils.trainer -   Accuracy: 1.00000
05/06/2026 22:32:12 - INFO - utils.trainer -   Precision: 1.00000
05/06/2026 22:32:12 - INFO - utils.trainer -   Recall: 1.00000
05/06/2026 22:32:12 - INFO - utils.trainer -   F_score: 1.00000
05/06/2026 22:32:12 - INFO - utils.trainer -   Specificity: 1.00000
05/06/2026 22:32:12 - INFO - utils.trainer -   Sensitivity: 1.00000
05/06/2026 22:32:12 - INFO - utils.trainer -   Loss: 0.02512
05/06/2026 22:32:12 - INFO - utils.trainer -    Train loss: 0.00395, Test loss: 0.02512,Epoch time = 2.452s
05/06/2026 22:32:12 - INFO - utils.trainer -   Saving model checkpoint to output_dir/CEEDNet
05/06/2026 22:32:15 - INFO - utils.trainer -   ***** Running evaluation on test2 dataset *****
05/06/2026 22:32:16 - INFO - utils.trainer -   AUC: 1.00000
05/06/2026 22:32:16 - INFO - utils.trainer -   Accuracy: 1.00000
05/06/2026 22:32:16 - INFO - utils.trainer -   Precision: 1.00000
05/06/2026 22:32:16 - INFO - utils.trainer -   Recall: 1.00000
05/06/2026 22:32:16 - INFO - utils.trainer -   F_score: 1.00000
05/06/2026 22:32:16 - INFO - utils.trainer -   Specificity: 1.00000
05/06/2026 22:32:16 - INFO - utils.trainer -   Sensitivity: 1.00000
05/06/2026 22:32:16 - INFO - utils.trainer -   Loss: 0.02648
05/06/2026 22:32:16 - INFO - utils.trainer -    Train loss: 0.00113, Test loss: 0.02648,Epoch time = 2.192s
05/06/2026 22:32:16 - INFO - utils.trainer -   Saving model checkpoint to output_dir/CEEDNet
05/06/2026 22:32:18 - INFO - utils.trainer -   ***** Running evaluation on test2 dataset *****
05/06/2026 22:32:19 - INFO - utils.trainer -   AUC: 1.00000
05/06/2026 22:32:19 - INFO - utils.trainer -   Accuracy: 1.00000
05/06/2026 22:32:19 - INFO - utils.trainer -   Precision: 1.00000
05/06/2026 22:32:19 - INFO - utils.trainer -   Recall: 1.00000
05/06/2026 22:32:19 - INFO - utils.trainer -   F_score: 1.00000
05/06/2026 22:32:19 - INFO - utils.trainer -   Specificity: 1.00000
05/06/2026 22:32:19 - INFO - utils.trainer -   Sensitivity: 1.00000
05/06/2026 22:32:19 - INFO - utils.trainer -   Loss: 0.03418
05/06/2026 22:32:19 - INFO - utils.trainer -    Train loss: 0.00636, Test loss: 0.03418,Epoch time = 2.062s
05/06/2026 22:32:19 - INFO - utils.trainer -   Saving model checkpoint to output_dir/CEEDNet
05/06/2026 22:32:22 - INFO - utils.trainer -   ***** Running evaluation on test2 dataset *****
05/06/2026 22:32:23 - INFO - utils.trainer -   AUC: 1.00000
05/06/2026 22:32:23 - INFO - utils.trainer -   Accuracy: 0.99558
05/06/2026 22:32:23 - INFO - utils.trainer -   Precision: 0.98765
05/06/2026 22:32:23 - INFO - utils.trainer -   Recall: 1.00000
05/06/2026 22:32:23 - INFO - utils.trainer -   F_score: 0.99379
05/06/2026 22:32:23 - INFO - utils.trainer -   Specificity: 0.99315
05/06/2026 22:32:23 - INFO - utils.trainer -   Sensitivity: 1.00000
05/06/2026 22:32:23 - INFO - utils.trainer -   Loss: 0.02887
05/06/2026 22:32:23 - INFO - utils.trainer -    Train loss: 0.01569, Test loss: 0.02887,Epoch time = 2.389s
05/06/2026 22:32:26 - INFO - utils.trainer -   ***** Running evaluation on test2 dataset *****
05/06/2026 22:32:27 - INFO - utils.trainer -   AUC: 1.00000
05/06/2026 22:32:27 - INFO - utils.trainer -   Accuracy: 1.00000
05/06/2026 22:32:27 - INFO - utils.trainer -   Precision: 1.00000
05/06/2026 22:32:27 - INFO - utils.trainer -   Recall: 1.00000
05/06/2026 22:32:27 - INFO - utils.trainer -   F_score: 1.00000
05/06/2026 22:32:27 - INFO - utils.trainer -   Specificity: 1.00000
05/06/2026 22:32:27 - INFO - utils.trainer -   Sensitivity: 1.00000
05/06/2026 22:32:27 - INFO - utils.trainer -   Loss: 0.12754
05/06/2026 22:32:27 - INFO - utils.trainer -    Train loss: 0.01032, Test loss: 0.12754,Epoch time = 2.690s
05/06/2026 22:32:27 - INFO - utils.trainer -   Saving model checkpoint to output_dir/CEEDNet
05/06/2026 22:32:29 - INFO - utils.trainer -   ***** Running evaluation on test2 dataset *****
05/06/2026 22:32:31 - INFO - utils.trainer -   AUC: 1.00000
05/06/2026 22:32:31 - INFO - utils.trainer -   Accuracy: 0.99558
05/06/2026 22:32:31 - INFO - utils.trainer -   Precision: 0.98765
05/06/2026 22:32:31 - INFO - utils.trainer -   Recall: 1.00000
05/06/2026 22:32:31 - INFO - utils.trainer -   F_score: 0.99379
05/06/2026 22:32:31 - INFO - utils.trainer -   Specificity: 0.99315
05/06/2026 22:32:31 - INFO - utils.trainer -   Sensitivity: 1.00000
05/06/2026 22:32:31 - INFO - utils.trainer -   Loss: 0.06582
05/06/2026 22:32:31 - INFO - utils.trainer -    Train loss: 0.00218, Test loss: 0.06582,Epoch time = 2.266s
05/06/2026 22:32:33 - INFO - utils.trainer -   ***** Running evaluation on test2 dataset *****
05/06/2026 22:32:34 - INFO - utils.trainer -   AUC: 1.00000
05/06/2026 22:32:34 - INFO - utils.trainer -   Accuracy: 0.99115
05/06/2026 22:32:34 - INFO - utils.trainer -   Precision: 0.97561
05/06/2026 22:32:34 - INFO - utils.trainer -   Recall: 1.00000
05/06/2026 22:32:34 - INFO - utils.trainer -   F_score: 0.98765
05/06/2026 22:32:34 - INFO - utils.trainer -   Specificity: 0.98630
05/06/2026 22:32:34 - INFO - utils.trainer -   Sensitivity: 1.00000
05/06/2026 22:32:34 - INFO - utils.trainer -   Loss: 0.06228
05/06/2026 22:32:34 - INFO - utils.trainer -    Train loss: 0.00442, Test loss: 0.06228,Epoch time = 2.188s
05/06/2026 22:32:37 - INFO - utils.trainer -   ***** Running evaluation on test2 dataset *****
05/06/2026 22:32:37 - INFO - utils.trainer -   AUC: 1.00000
05/06/2026 22:32:37 - INFO - utils.trainer -   Accuracy: 0.98673
05/06/2026 22:32:37 - INFO - utils.trainer -   Precision: 0.96386
05/06/2026 22:32:37 - INFO - utils.trainer -   Recall: 1.00000
05/06/2026 22:32:37 - INFO - utils.trainer -   F_score: 0.98160
05/06/2026 22:32:37 - INFO - utils.trainer -   Specificity: 0.97945
05/06/2026 22:32:37 - INFO - utils.trainer -   Sensitivity: 1.00000
05/06/2026 22:32:37 - INFO - utils.trainer -   Loss: 0.06424
05/06/2026 22:32:38 - INFO - utils.trainer -    Train loss: 0.02438, Test loss: 0.06424,Epoch time = 2.362s
05/06/2026 22:32:40 - INFO - utils.trainer -   ***** Running evaluation on test2 dataset *****
05/06/2026 22:32:41 - INFO - utils.trainer -   AUC: 1.00000
05/06/2026 22:32:41 - INFO - utils.trainer -   Accuracy: 0.99115
05/06/2026 22:32:41 - INFO - utils.trainer -   Precision: 0.97561
05/06/2026 22:32:41 - INFO - utils.trainer -   Recall: 1.00000
05/06/2026 22:32:41 - INFO - utils.trainer -   F_score: 0.98765
05/06/2026 22:32:41 - INFO - utils.trainer -   Specificity: 0.98630
05/06/2026 22:32:41 - INFO - utils.trainer -   Sensitivity: 1.00000
05/06/2026 22:32:41 - INFO - utils.trainer -   Loss: 0.05216
05/06/2026 22:32:41 - INFO - utils.trainer -    Train loss: 0.00811, Test loss: 0.05216,Epoch time = 2.822s
05/06/2026 22:32:44 - INFO - utils.trainer -   ***** Running evaluation on test2 dataset *****
05/06/2026 22:32:45 - INFO - utils.trainer -   AUC: 1.00000
05/06/2026 22:32:45 - INFO - utils.trainer -   Accuracy: 1.00000
05/06/2026 22:32:45 - INFO - utils.trainer -   Precision: 1.00000
05/06/2026 22:32:45 - INFO - utils.trainer -   Recall: 1.00000
05/06/2026 22:32:45 - INFO - utils.trainer -   F_score: 1.00000
05/06/2026 22:32:45 - INFO - utils.trainer -   Specificity: 1.00000
05/06/2026 22:32:45 - INFO - utils.trainer -   Sensitivity: 1.00000
05/06/2026 22:32:45 - INFO - utils.trainer -   Loss: 0.02141
05/06/2026 22:32:45 - INFO - utils.trainer -    Train loss: 0.01003, Test loss: 0.02141,Epoch time = 2.553s
05/06/2026 22:32:46 - INFO - utils.trainer -   Saving model checkpoint to output_dir/CEEDNet
05/06/2026 22:32:48 - INFO - utils.trainer -   ***** Running evaluation on test2 dataset *****
05/06/2026 22:32:49 - INFO - utils.trainer -   AUC: 1.00000
05/06/2026 22:32:49 - INFO - utils.trainer -   Accuracy: 1.00000
05/06/2026 22:32:49 - INFO - utils.trainer -   Precision: 1.00000
05/06/2026 22:32:49 - INFO - utils.trainer -   Recall: 1.00000
05/06/2026 22:32:49 - INFO - utils.trainer -   F_score: 1.00000
05/06/2026 22:32:49 - INFO - utils.trainer -   Specificity: 1.00000
05/06/2026 22:32:49 - INFO - utils.trainer -   Sensitivity: 1.00000
05/06/2026 22:32:49 - INFO - utils.trainer -   Loss: 0.01109
05/06/2026 22:32:49 - INFO - utils.trainer -    Train loss: 0.00118, Test loss: 0.01109,Epoch time = 2.128s
05/06/2026 22:32:49 - INFO - utils.trainer -   Saving model checkpoint to output_dir/CEEDNet
05/06/2026 22:32:51 - INFO - utils.trainer -   ***** Running evaluation on test2 dataset *****
05/06/2026 22:32:52 - INFO - utils.trainer -   AUC: 1.00000
05/06/2026 22:32:52 - INFO - utils.trainer -   Accuracy: 1.00000
05/06/2026 22:32:52 - INFO - utils.trainer -   Precision: 1.00000
05/06/2026 22:32:52 - INFO - utils.trainer -   Recall: 1.00000
05/06/2026 22:32:52 - INFO - utils.trainer -   F_score: 1.00000
05/06/2026 22:32:52 - INFO - utils.trainer -   Specificity: 1.00000
05/06/2026 22:32:52 - INFO - utils.trainer -   Sensitivity: 1.00000
05/06/2026 22:32:52 - INFO - utils.trainer -   Loss: 0.00663
05/06/2026 22:32:52 - INFO - utils.trainer -    Train loss: 0.05542, Test loss: 0.00663,Epoch time = 2.091s
05/06/2026 22:32:53 - INFO - utils.trainer -   Saving model checkpoint to output_dir/CEEDNet
05/06/2026 22:32:55 - INFO - utils.trainer -   ***** Running evaluation on test2 dataset *****
05/06/2026 22:32:56 - INFO - utils.trainer -   AUC: 1.00000
05/06/2026 22:32:56 - INFO - utils.trainer -   Accuracy: 1.00000
05/06/2026 22:32:56 - INFO - utils.trainer -   Precision: 1.00000
05/06/2026 22:32:56 - INFO - utils.trainer -   Recall: 1.00000
05/06/2026 22:32:56 - INFO - utils.trainer -   F_score: 1.00000
05/06/2026 22:32:56 - INFO - utils.trainer -   Specificity: 1.00000
05/06/2026 22:32:56 - INFO - utils.trainer -   Sensitivity: 1.00000
05/06/2026 22:32:56 - INFO - utils.trainer -   Loss: 0.01543
05/06/2026 22:32:56 - INFO - utils.trainer -    Train loss: 0.01104, Test loss: 0.01543,Epoch time = 2.397s
05/06/2026 22:32:56 - INFO - utils.trainer -   Saving model checkpoint to output_dir/CEEDNet
05/06/2026 22:32:59 - INFO - utils.trainer -   ***** Running evaluation on test2 dataset *****
05/06/2026 22:33:00 - INFO - utils.trainer -   AUC: 1.00000
05/06/2026 22:33:00 - INFO - utils.trainer -   Accuracy: 1.00000
05/06/2026 22:33:00 - INFO - utils.trainer -   Precision: 1.00000
05/06/2026 22:33:00 - INFO - utils.trainer -   Recall: 1.00000
05/06/2026 22:33:00 - INFO - utils.trainer -   F_score: 1.00000
05/06/2026 22:33:00 - INFO - utils.trainer -   Specificity: 1.00000
05/06/2026 22:33:00 - INFO - utils.trainer -   Sensitivity: 1.00000
05/06/2026 22:33:00 - INFO - utils.trainer -   Loss: 0.02084
05/06/2026 22:33:00 - INFO - utils.trainer -    Train loss: 0.00245, Test loss: 0.02084,Epoch time = 2.590s
05/06/2026 22:33:00 - INFO - utils.trainer -   Saving model checkpoint to output_dir/CEEDNet
05/06/2026 22:33:03 - INFO - utils.trainer -   ***** Running evaluation on test2 dataset *****
05/06/2026 22:33:04 - INFO - utils.trainer -   AUC: 1.00000
05/06/2026 22:33:04 - INFO - utils.trainer -   Accuracy: 1.00000
05/06/2026 22:33:04 - INFO - utils.trainer -   Precision: 1.00000
05/06/2026 22:33:04 - INFO - utils.trainer -   Recall: 1.00000
05/06/2026 22:33:04 - INFO - utils.trainer -   F_score: 1.00000
05/06/2026 22:33:04 - INFO - utils.trainer -   Specificity: 1.00000
05/06/2026 22:33:04 - INFO - utils.trainer -   Sensitivity: 1.00000
05/06/2026 22:33:04 - INFO - utils.trainer -   Loss: 0.03613
05/06/2026 22:33:04 - INFO - utils.trainer -    Train loss: 0.00739, Test loss: 0.03613,Epoch time = 2.214s
05/06/2026 22:33:04 - INFO - utils.trainer -   Saving model checkpoint to output_dir/CEEDNet
05/06/2026 22:33:06 - INFO - utils.trainer -   ***** Running evaluation on test2 dataset *****
05/06/2026 22:33:08 - INFO - utils.trainer -   AUC: 1.00000
05/06/2026 22:33:08 - INFO - utils.trainer -   Accuracy: 1.00000
05/06/2026 22:33:08 - INFO - utils.trainer -   Precision: 1.00000
05/06/2026 22:33:08 - INFO - utils.trainer -   Recall: 1.00000
05/06/2026 22:33:08 - INFO - utils.trainer -   F_score: 1.00000
05/06/2026 22:33:08 - INFO - utils.trainer -   Specificity: 1.00000
05/06/2026 22:33:08 - INFO - utils.trainer -   Sensitivity: 1.00000
05/06/2026 22:33:08 - INFO - utils.trainer -   Loss: 0.01890
05/06/2026 22:33:08 - INFO - utils.trainer -    Train loss: 0.00504, Test loss: 0.01890,Epoch time = 2.231s
05/06/2026 22:33:08 - INFO - utils.trainer -   Saving model checkpoint to output_dir/CEEDNet
05/06/2026 22:33:10 - INFO - utils.trainer -   ***** Running evaluation on test2 dataset *****
05/06/2026 22:33:12 - INFO - utils.trainer -   AUC: 1.00000
05/06/2026 22:33:12 - INFO - utils.trainer -   Accuracy: 0.99558
05/06/2026 22:33:12 - INFO - utils.trainer -   Precision: 0.98765
05/06/2026 22:33:12 - INFO - utils.trainer -   Recall: 1.00000
05/06/2026 22:33:12 - INFO - utils.trainer -   F_score: 0.99379
05/06/2026 22:33:12 - INFO - utils.trainer -   Specificity: 0.99315
05/06/2026 22:33:12 - INFO - utils.trainer -   Sensitivity: 1.00000
05/06/2026 22:33:12 - INFO - utils.trainer -   Loss: 0.04888
05/06/2026 22:33:12 - INFO - utils.trainer -    Train loss: 0.01097, Test loss: 0.04888,Epoch time = 2.181s
05/06/2026 22:33:14 - INFO - utils.trainer -   ***** Running evaluation on test2 dataset *****
05/06/2026 22:33:15 - INFO - utils.trainer -   AUC: 1.00000
05/06/2026 22:33:15 - INFO - utils.trainer -   Accuracy: 0.99558
05/06/2026 22:33:15 - INFO - utils.trainer -   Precision: 0.98765
05/06/2026 22:33:15 - INFO - utils.trainer -   Recall: 1.00000
05/06/2026 22:33:15 - INFO - utils.trainer -   F_score: 0.99379
05/06/2026 22:33:15 - INFO - utils.trainer -   Specificity: 0.99315
05/06/2026 22:33:15 - INFO - utils.trainer -   Sensitivity: 1.00000
05/06/2026 22:33:15 - INFO - utils.trainer -   Loss: 0.03939
05/06/2026 22:33:15 - INFO - utils.trainer -    Train loss: 0.00180, Test loss: 0.03939,Epoch time = 2.171s
05/06/2026 22:33:18 - INFO - utils.trainer -   ***** Running evaluation on test2 dataset *****
05/06/2026 22:33:19 - INFO - utils.trainer -   AUC: 1.00000
05/06/2026 22:33:19 - INFO - utils.trainer -   Accuracy: 0.99558
05/06/2026 22:33:19 - INFO - utils.trainer -   Precision: 0.98765
05/06/2026 22:33:19 - INFO - utils.trainer -   Recall: 1.00000
05/06/2026 22:33:19 - INFO - utils.trainer -   F_score: 0.99379
05/06/2026 22:33:19 - INFO - utils.trainer -   Specificity: 0.99315
05/06/2026 22:33:19 - INFO - utils.trainer -   Sensitivity: 1.00000
05/06/2026 22:33:19 - INFO - utils.trainer -   Loss: 0.03319
05/06/2026 22:33:19 - INFO - utils.trainer -    Train loss: 0.00090, Test loss: 0.03319,Epoch time = 2.469s
05/06/2026 22:33:21 - INFO - utils.trainer -   ***** Running evaluation on test2 dataset *****
05/06/2026 22:33:22 - INFO - utils.trainer -   AUC: 1.00000
05/06/2026 22:33:22 - INFO - utils.trainer -   Accuracy: 0.99558
05/06/2026 22:33:22 - INFO - utils.trainer -   Precision: 0.98765
05/06/2026 22:33:22 - INFO - utils.trainer -   Recall: 1.00000
05/06/2026 22:33:22 - INFO - utils.trainer -   F_score: 0.99379
05/06/2026 22:33:22 - INFO - utils.trainer -   Specificity: 0.99315
05/06/2026 22:33:22 - INFO - utils.trainer -   Sensitivity: 1.00000
05/06/2026 22:33:22 - INFO - utils.trainer -   Loss: 0.03289
05/06/2026 22:33:22 - INFO - utils.trainer -    Train loss: 0.00087, Test loss: 0.03289,Epoch time = 2.633s
05/06/2026 22:33:25 - INFO - utils.trainer -   ***** Running evaluation on test2 dataset *****
05/06/2026 22:33:26 - INFO - utils.trainer -   AUC: 1.00000
05/06/2026 22:33:26 - INFO - utils.trainer -   Accuracy: 0.99558
05/06/2026 22:33:26 - INFO - utils.trainer -   Precision: 0.98765
05/06/2026 22:33:26 - INFO - utils.trainer -   Recall: 1.00000
05/06/2026 22:33:26 - INFO - utils.trainer -   F_score: 0.99379
05/06/2026 22:33:26 - INFO - utils.trainer -   Specificity: 0.99315
05/06/2026 22:33:26 - INFO - utils.trainer -   Sensitivity: 1.00000
05/06/2026 22:33:26 - INFO - utils.trainer -   Loss: 0.02897
05/06/2026 22:33:26 - INFO - utils.trainer -    Train loss: 0.00293, Test loss: 0.02897,Epoch time = 2.607s
05/06/2026 22:33:29 - INFO - utils.trainer -   ***** Running evaluation on test2 dataset *****
05/06/2026 22:33:30 - INFO - utils.trainer -   AUC: 1.00000
05/06/2026 22:33:30 - INFO - utils.trainer -   Accuracy: 0.99558
05/06/2026 22:33:30 - INFO - utils.trainer -   Precision: 0.98765
05/06/2026 22:33:30 - INFO - utils.trainer -   Recall: 1.00000
05/06/2026 22:33:30 - INFO - utils.trainer -   F_score: 0.99379
05/06/2026 22:33:30 - INFO - utils.trainer -   Specificity: 0.99315
05/06/2026 22:33:30 - INFO - utils.trainer -   Sensitivity: 1.00000
05/06/2026 22:33:30 - INFO - utils.trainer -   Loss: 0.03496
05/06/2026 22:33:30 - INFO - utils.trainer -    Train loss: 0.00090, Test loss: 0.03496,Epoch time = 2.875s
05/06/2026 22:33:32 - INFO - utils.trainer -   ***** Running evaluation on test2 dataset *****
05/06/2026 22:33:34 - INFO - utils.trainer -   AUC: 1.00000
05/06/2026 22:33:34 - INFO - utils.trainer -   Accuracy: 0.99558
05/06/2026 22:33:34 - INFO - utils.trainer -   Precision: 0.98765
05/06/2026 22:33:34 - INFO - utils.trainer -   Recall: 1.00000
05/06/2026 22:33:34 - INFO - utils.trainer -   F_score: 0.99379
05/06/2026 22:33:34 - INFO - utils.trainer -   Specificity: 0.99315
05/06/2026 22:33:34 - INFO - utils.trainer -   Sensitivity: 1.00000
05/06/2026 22:33:34 - INFO - utils.trainer -   Loss: 0.03055
05/06/2026 22:33:34 - INFO - utils.trainer -    Train loss: 0.00063, Test loss: 0.03055,Epoch time = 1.947s
05/06/2026 22:33:36 - INFO - utils.trainer -   ***** Running evaluation on test2 dataset *****
05/06/2026 22:33:37 - INFO - utils.trainer -   AUC: 1.00000
05/06/2026 22:33:37 - INFO - utils.trainer -   Accuracy: 0.99558
05/06/2026 22:33:37 - INFO - utils.trainer -   Precision: 0.98765
05/06/2026 22:33:37 - INFO - utils.trainer -   Recall: 1.00000
05/06/2026 22:33:37 - INFO - utils.trainer -   F_score: 0.99379
05/06/2026 22:33:37 - INFO - utils.trainer -   Specificity: 0.99315
05/06/2026 22:33:37 - INFO - utils.trainer -   Sensitivity: 1.00000
05/06/2026 22:33:37 - INFO - utils.trainer -   Loss: 0.01304
05/06/2026 22:33:37 - INFO - utils.trainer -    Train loss: 0.00057, Test loss: 0.01304,Epoch time = 2.368s
05/06/2026 22:33:40 - INFO - utils.trainer -   ***** Running evaluation on test2 dataset *****
05/06/2026 22:33:41 - INFO - utils.trainer -   AUC: 1.00000
05/06/2026 22:33:41 - INFO - utils.trainer -   Accuracy: 0.99558
05/06/2026 22:33:41 - INFO - utils.trainer -   Precision: 0.98765
05/06/2026 22:33:41 - INFO - utils.trainer -   Recall: 1.00000
05/06/2026 22:33:41 - INFO - utils.trainer -   F_score: 0.99379
05/06/2026 22:33:41 - INFO - utils.trainer -   Specificity: 0.99315
05/06/2026 22:33:41 - INFO - utils.trainer -   Sensitivity: 1.00000
05/06/2026 22:33:41 - INFO - utils.trainer -   Loss: 0.02867
05/06/2026 22:33:41 - INFO - utils.trainer -    Train loss: 0.00050, Test loss: 0.02867,Epoch time = 2.514s
05/06/2026 22:33:43 - INFO - utils.trainer -   ***** Running evaluation on test2 dataset *****
05/06/2026 22:33:44 - INFO - utils.trainer -   AUC: 1.00000
05/06/2026 22:33:44 - INFO - utils.trainer -   Accuracy: 0.99558
05/06/2026 22:33:44 - INFO - utils.trainer -   Precision: 0.98765
05/06/2026 22:33:44 - INFO - utils.trainer -   Recall: 1.00000
05/06/2026 22:33:44 - INFO - utils.trainer -   F_score: 0.99379
05/06/2026 22:33:44 - INFO - utils.trainer -   Specificity: 0.99315
05/06/2026 22:33:44 - INFO - utils.trainer -   Sensitivity: 1.00000
05/06/2026 22:33:44 - INFO - utils.trainer -   Loss: 0.00908
05/06/2026 22:33:44 - INFO - utils.trainer -    Train loss: 0.00048, Test loss: 0.00908,Epoch time = 1.886s
05/06/2026 22:33:46 - INFO - utils.trainer -   ***** Running evaluation on test2 dataset *****
05/06/2026 22:33:48 - INFO - utils.trainer -   AUC: 1.00000
05/06/2026 22:33:48 - INFO - utils.trainer -   Accuracy: 0.99558
05/06/2026 22:33:48 - INFO - utils.trainer -   Precision: 0.98765
05/06/2026 22:33:48 - INFO - utils.trainer -   Recall: 1.00000
05/06/2026 22:33:48 - INFO - utils.trainer -   F_score: 0.99379
05/06/2026 22:33:48 - INFO - utils.trainer -   Specificity: 0.99315
05/06/2026 22:33:48 - INFO - utils.trainer -   Sensitivity: 1.00000
05/06/2026 22:33:48 - INFO - utils.trainer -   Loss: 0.02005
05/06/2026 22:33:48 - INFO - utils.trainer -    Train loss: 0.00075, Test loss: 0.02005,Epoch time = 2.317s
05/06/2026 22:33:50 - INFO - utils.trainer -   ***** Running evaluation on test2 dataset *****
05/06/2026 22:33:51 - INFO - utils.trainer -   AUC: 1.00000
05/06/2026 22:33:51 - INFO - utils.trainer -   Accuracy: 0.99558
05/06/2026 22:33:51 - INFO - utils.trainer -   Precision: 0.98765
05/06/2026 22:33:51 - INFO - utils.trainer -   Recall: 1.00000
05/06/2026 22:33:51 - INFO - utils.trainer -   F_score: 0.99379
05/06/2026 22:33:51 - INFO - utils.trainer -   Specificity: 0.99315
05/06/2026 22:33:51 - INFO - utils.trainer -   Sensitivity: 1.00000
05/06/2026 22:33:51 - INFO - utils.trainer -   Loss: 0.02708
05/06/2026 22:33:51 - INFO - utils.trainer -    Train loss: 0.00041, Test loss: 0.02708,Epoch time = 2.149s
05/06/2026 22:33:53 - INFO - utils.trainer -   ***** Running evaluation on test2 dataset *****
05/06/2026 22:33:55 - INFO - utils.trainer -   AUC: 1.00000
05/06/2026 22:33:55 - INFO - utils.trainer -   Accuracy: 1.00000
05/06/2026 22:33:55 - INFO - utils.trainer -   Precision: 1.00000
05/06/2026 22:33:55 - INFO - utils.trainer -   Recall: 1.00000
05/06/2026 22:33:55 - INFO - utils.trainer -   F_score: 1.00000
05/06/2026 22:33:55 - INFO - utils.trainer -   Specificity: 1.00000
05/06/2026 22:33:55 - INFO - utils.trainer -   Sensitivity: 1.00000
05/06/2026 22:33:55 - INFO - utils.trainer -   Loss: 0.02360
05/06/2026 22:33:55 - INFO - utils.trainer -    Train loss: 0.00680, Test loss: 0.02360,Epoch time = 2.446s
05/06/2026 22:33:55 - INFO - utils.trainer -   Saving model checkpoint to output_dir/CEEDNet
05/06/2026 22:33:57 - INFO - utils.trainer -   ***** Running evaluation on test2 dataset *****
05/06/2026 22:33:58 - INFO - utils.trainer -   AUC: 1.00000
05/06/2026 22:33:58 - INFO - utils.trainer -   Accuracy: 1.00000
05/06/2026 22:33:58 - INFO - utils.trainer -   Precision: 1.00000
05/06/2026 22:33:58 - INFO - utils.trainer -   Recall: 1.00000
05/06/2026 22:33:58 - INFO - utils.trainer -   F_score: 1.00000
05/06/2026 22:33:58 - INFO - utils.trainer -   Specificity: 1.00000
05/06/2026 22:33:58 - INFO - utils.trainer -   Sensitivity: 1.00000
05/06/2026 22:33:58 - INFO - utils.trainer -   Loss: 0.01685
05/06/2026 22:33:58 - INFO - utils.trainer -    Train loss: 0.03686, Test loss: 0.01685,Epoch time = 2.642s
05/06/2026 22:33:59 - INFO - utils.trainer -   Saving model checkpoint to output_dir/CEEDNet
05/06/2026 22:34:01 - INFO - utils.trainer -   ***** Running evaluation on test2 dataset *****
05/06/2026 22:34:02 - INFO - utils.trainer -   AUC: 1.00000
05/06/2026 22:34:02 - INFO - utils.trainer -   Accuracy: 1.00000
05/06/2026 22:34:02 - INFO - utils.trainer -   Precision: 1.00000
05/06/2026 22:34:02 - INFO - utils.trainer -   Recall: 1.00000
05/06/2026 22:34:02 - INFO - utils.trainer -   F_score: 1.00000
05/06/2026 22:34:02 - INFO - utils.trainer -   Specificity: 1.00000
05/06/2026 22:34:02 - INFO - utils.trainer -   Sensitivity: 1.00000
05/06/2026 22:34:02 - INFO - utils.trainer -   Loss: 0.01375
05/06/2026 22:34:02 - INFO - utils.trainer -    Train loss: 0.02277, Test loss: 0.01375,Epoch time = 2.348s
05/06/2026 22:34:03 - INFO - utils.trainer -   Saving model checkpoint to output_dir/CEEDNet
05/06/2026 22:34:05 - INFO - utils.trainer -   ***** Running evaluation on test2 dataset *****
05/06/2026 22:34:06 - INFO - utils.trainer -   AUC: 1.00000
05/06/2026 22:34:06 - INFO - utils.trainer -   Accuracy: 1.00000
05/06/2026 22:34:06 - INFO - utils.trainer -   Precision: 1.00000
05/06/2026 22:34:06 - INFO - utils.trainer -   Recall: 1.00000
05/06/2026 22:34:06 - INFO - utils.trainer -   F_score: 1.00000
05/06/2026 22:34:06 - INFO - utils.trainer -   Specificity: 1.00000
05/06/2026 22:34:06 - INFO - utils.trainer -   Sensitivity: 1.00000
05/06/2026 22:34:06 - INFO - utils.trainer -   Loss: 0.02142
05/06/2026 22:34:06 - INFO - utils.trainer -    Train loss: 0.00545, Test loss: 0.02142,Epoch time = 2.138s
05/06/2026 22:34:06 - INFO - utils.trainer -   Saving model checkpoint to output_dir/CEEDNet
05/06/2026 22:34:08 - INFO - utils.trainer -   ***** Running evaluation on test2 dataset *****
05/06/2026 22:34:10 - INFO - utils.trainer -   AUC: 1.00000
05/06/2026 22:34:10 - INFO - utils.trainer -   Accuracy: 1.00000
05/06/2026 22:34:10 - INFO - utils.trainer -   Precision: 1.00000
05/06/2026 22:34:10 - INFO - utils.trainer -   Recall: 1.00000
05/06/2026 22:34:10 - INFO - utils.trainer -   F_score: 1.00000
05/06/2026 22:34:10 - INFO - utils.trainer -   Specificity: 1.00000
05/06/2026 22:34:10 - INFO - utils.trainer -   Sensitivity: 1.00000
05/06/2026 22:34:10 - INFO - utils.trainer -   Loss: 0.00997
05/06/2026 22:34:10 - INFO - utils.trainer -    Train loss: 0.00172, Test loss: 0.00997,Epoch time = 1.868s
05/06/2026 22:34:10 - INFO - utils.trainer -   Saving model checkpoint to output_dir/CEEDNet
05/06/2026 22:34:12 - INFO - utils.trainer -   ***** Running evaluation on test2 dataset *****
05/06/2026 22:34:13 - INFO - utils.trainer -   AUC: 1.00000
05/06/2026 22:34:13 - INFO - utils.trainer -   Accuracy: 1.00000
05/06/2026 22:34:13 - INFO - utils.trainer -   Precision: 1.00000
05/06/2026 22:34:13 - INFO - utils.trainer -   Recall: 1.00000
05/06/2026 22:34:13 - INFO - utils.trainer -   F_score: 1.00000
05/06/2026 22:34:13 - INFO - utils.trainer -   Specificity: 1.00000
05/06/2026 22:34:13 - INFO - utils.trainer -   Sensitivity: 1.00000
05/06/2026 22:34:13 - INFO - utils.trainer -   Loss: 0.00697
05/06/2026 22:34:13 - INFO - utils.trainer -    Train loss: 0.00269, Test loss: 0.00697,Epoch time = 2.130s
05/06/2026 22:34:13 - INFO - utils.trainer -   Saving model checkpoint to output_dir/CEEDNet
05/06/2026 22:34:16 - INFO - utils.trainer -   ***** Running evaluation on test2 dataset *****
05/06/2026 22:34:17 - INFO - utils.trainer -   AUC: 1.00000
05/06/2026 22:34:17 - INFO - utils.trainer -   Accuracy: 0.99558
05/06/2026 22:34:17 - INFO - utils.trainer -   Precision: 0.98765
05/06/2026 22:34:17 - INFO - utils.trainer -   Recall: 1.00000
05/06/2026 22:34:17 - INFO - utils.trainer -   F_score: 0.99379
05/06/2026 22:34:17 - INFO - utils.trainer -   Specificity: 0.99315
05/06/2026 22:34:17 - INFO - utils.trainer -   Sensitivity: 1.00000
05/06/2026 22:34:17 - INFO - utils.trainer -   Loss: 0.02493
05/06/2026 22:34:17 - INFO - utils.trainer -    Train loss: 0.00187, Test loss: 0.02493,Epoch time = 2.411s
05/06/2026 22:34:19 - INFO - utils.trainer -   ***** Running evaluation on test2 dataset *****
05/06/2026 22:34:20 - INFO - utils.trainer -   AUC: 1.00000
05/06/2026 22:34:21 - INFO - utils.trainer -   Accuracy: 0.99558
05/06/2026 22:34:21 - INFO - utils.trainer -   Precision: 0.98765
05/06/2026 22:34:21 - INFO - utils.trainer -   Recall: 1.00000
05/06/2026 22:34:21 - INFO - utils.trainer -   F_score: 0.99379
05/06/2026 22:34:21 - INFO - utils.trainer -   Specificity: 0.99315
05/06/2026 22:34:21 - INFO - utils.trainer -   Sensitivity: 1.00000
05/06/2026 22:34:21 - INFO - utils.trainer -   Loss: 0.03341
05/06/2026 22:34:21 - INFO - utils.trainer -    Train loss: 0.00578, Test loss: 0.03341,Epoch time = 2.503s
05/06/2026 22:34:23 - INFO - utils.trainer -   ***** Running evaluation on test2 dataset *****
05/06/2026 22:34:24 - INFO - utils.trainer -   AUC: 1.00000
05/06/2026 22:34:24 - INFO - utils.trainer -   Accuracy: 0.99558
05/06/2026 22:34:24 - INFO - utils.trainer -   Precision: 0.98765
05/06/2026 22:34:24 - INFO - utils.trainer -   Recall: 1.00000
05/06/2026 22:34:24 - INFO - utils.trainer -   F_score: 0.99379
05/06/2026 22:34:24 - INFO - utils.trainer -   Specificity: 0.99315
05/06/2026 22:34:24 - INFO - utils.trainer -   Sensitivity: 1.00000
05/06/2026 22:34:24 - INFO - utils.trainer -   Loss: 0.02039
05/06/2026 22:34:24 - INFO - utils.trainer -    Train loss: 0.00125, Test loss: 0.02039,Epoch time = 2.323s
05/06/2026 22:34:27 - INFO - utils.trainer -   ***** Running evaluation on test2 dataset *****
05/06/2026 22:34:28 - INFO - utils.trainer -   AUC: 1.00000
05/06/2026 22:34:28 - INFO - utils.trainer -   Accuracy: 1.00000
05/06/2026 22:34:28 - INFO - utils.trainer -   Precision: 1.00000
05/06/2026 22:34:28 - INFO - utils.trainer -   Recall: 1.00000
05/06/2026 22:34:28 - INFO - utils.trainer -   F_score: 1.00000
05/06/2026 22:34:28 - INFO - utils.trainer -   Specificity: 1.00000
05/06/2026 22:34:28 - INFO - utils.trainer -   Sensitivity: 1.00000
05/06/2026 22:34:28 - INFO - utils.trainer -   Loss: 0.00643
05/06/2026 22:34:28 - INFO - utils.trainer -    Train loss: 0.00101, Test loss: 0.00643,Epoch time = 2.280s
05/06/2026 22:34:28 - INFO - utils.trainer -   Saving model checkpoint to output_dir/CEEDNet
05/06/2026 22:34:30 - INFO - utils.trainer -   ***** Running evaluation on test2 dataset *****
05/06/2026 22:34:31 - INFO - utils.trainer -   AUC: 1.00000
05/06/2026 22:34:31 - INFO - utils.trainer -   Accuracy: 1.00000
05/06/2026 22:34:31 - INFO - utils.trainer -   Precision: 1.00000
05/06/2026 22:34:31 - INFO - utils.trainer -   Recall: 1.00000
05/06/2026 22:34:31 - INFO - utils.trainer -   F_score: 1.00000
05/06/2026 22:34:31 - INFO - utils.trainer -   Specificity: 1.00000
05/06/2026 22:34:31 - INFO - utils.trainer -   Sensitivity: 1.00000
05/06/2026 22:34:31 - INFO - utils.trainer -   Loss: 0.00609
05/06/2026 22:34:31 - INFO - utils.trainer -    Train loss: 0.00166, Test loss: 0.00609,Epoch time = 2.579s
05/06/2026 22:34:32 - INFO - utils.trainer -   Saving model checkpoint to output_dir/CEEDNet
05/06/2026 22:34:34 - INFO - utils.trainer -   ***** Running evaluation on test2 dataset *****
05/06/2026 22:34:35 - INFO - utils.trainer -   AUC: 1.00000
05/06/2026 22:34:35 - INFO - utils.trainer -   Accuracy: 0.99558
05/06/2026 22:34:35 - INFO - utils.trainer -   Precision: 0.98765
05/06/2026 22:34:35 - INFO - utils.trainer -   Recall: 1.00000
05/06/2026 22:34:35 - INFO - utils.trainer -   F_score: 0.99379
05/06/2026 22:34:35 - INFO - utils.trainer -   Specificity: 0.99315
05/06/2026 22:34:35 - INFO - utils.trainer -   Sensitivity: 1.00000
05/06/2026 22:34:35 - INFO - utils.trainer -   Loss: 0.01899
05/06/2026 22:34:35 - INFO - utils.trainer -    Train loss: 0.00364, Test loss: 0.01899,Epoch time = 2.282s
05/06/2026 22:34:37 - INFO - utils.trainer -   ***** Running evaluation on test2 dataset *****
05/06/2026 22:34:39 - INFO - utils.trainer -   AUC: 1.00000
05/06/2026 22:34:39 - INFO - utils.trainer -   Accuracy: 0.99558
05/06/2026 22:34:39 - INFO - utils.trainer -   Precision: 0.98765
05/06/2026 22:34:39 - INFO - utils.trainer -   Recall: 1.00000
05/06/2026 22:34:39 - INFO - utils.trainer -   F_score: 0.99379
05/06/2026 22:34:39 - INFO - utils.trainer -   Specificity: 0.99315
05/06/2026 22:34:39 - INFO - utils.trainer -   Sensitivity: 1.00000
05/06/2026 22:34:39 - INFO - utils.trainer -   Loss: 0.00837
05/06/2026 22:34:39 - INFO - utils.trainer -    Train loss: 0.00089, Test loss: 0.00837,Epoch time = 2.196s
05/06/2026 22:34:41 - INFO - utils.trainer -   ***** Running evaluation on test2 dataset *****
05/06/2026 22:34:42 - INFO - utils.trainer -   AUC: 1.00000
05/06/2026 22:34:42 - INFO - utils.trainer -   Accuracy: 0.99558
05/06/2026 22:34:42 - INFO - utils.trainer -   Precision: 0.98765
05/06/2026 22:34:42 - INFO - utils.trainer -   Recall: 1.00000
05/06/2026 22:34:42 - INFO - utils.trainer -   F_score: 0.99379
05/06/2026 22:34:42 - INFO - utils.trainer -   Specificity: 0.99315
05/06/2026 22:34:42 - INFO - utils.trainer -   Sensitivity: 1.00000
05/06/2026 22:34:42 - INFO - utils.trainer -   Loss: 0.02594
05/06/2026 22:34:42 - INFO - utils.trainer -    Train loss: 0.00221, Test loss: 0.02594,Epoch time = 2.225s
05/06/2026 22:34:44 - INFO - utils.trainer -   ***** Running evaluation on test2 dataset *****
05/06/2026 22:34:46 - INFO - utils.trainer -   AUC: 1.00000
05/06/2026 22:34:46 - INFO - utils.trainer -   Accuracy: 0.99558
05/06/2026 22:34:46 - INFO - utils.trainer -   Precision: 0.98765
05/06/2026 22:34:46 - INFO - utils.trainer -   Recall: 1.00000
05/06/2026 22:34:46 - INFO - utils.trainer -   F_score: 0.99379
05/06/2026 22:34:46 - INFO - utils.trainer -   Specificity: 0.99315
05/06/2026 22:34:46 - INFO - utils.trainer -   Sensitivity: 1.00000
05/06/2026 22:34:46 - INFO - utils.trainer -   Loss: 0.02497
05/06/2026 22:34:46 - INFO - utils.trainer -    Train loss: 0.00049, Test loss: 0.02497,Epoch time = 2.021s
05/06/2026 22:34:48 - INFO - utils.trainer -   ***** Running evaluation on test2 dataset *****
05/06/2026 22:34:49 - INFO - utils.trainer -   AUC: 1.00000
05/06/2026 22:34:49 - INFO - utils.trainer -   Accuracy: 1.00000
05/06/2026 22:34:49 - INFO - utils.trainer -   Precision: 1.00000
05/06/2026 22:34:49 - INFO - utils.trainer -   Recall: 1.00000
05/06/2026 22:34:49 - INFO - utils.trainer -   F_score: 1.00000
05/06/2026 22:34:49 - INFO - utils.trainer -   Specificity: 1.00000
05/06/2026 22:34:49 - INFO - utils.trainer -   Sensitivity: 1.00000
05/06/2026 22:34:49 - INFO - utils.trainer -   Loss: 0.00953
05/06/2026 22:34:49 - INFO - utils.trainer -    Train loss: 0.00711, Test loss: 0.00953,Epoch time = 2.428s
05/06/2026 22:34:50 - INFO - utils.trainer -   Saving model checkpoint to output_dir/CEEDNet
05/06/2026 22:34:52 - INFO - utils.trainer -   ***** Running evaluation on test2 dataset *****
05/06/2026 22:34:53 - INFO - utils.trainer -   AUC: 1.00000
05/06/2026 22:34:53 - INFO - utils.trainer -   Accuracy: 1.00000
05/06/2026 22:34:53 - INFO - utils.trainer -   Precision: 1.00000
05/06/2026 22:34:53 - INFO - utils.trainer -   Recall: 1.00000
05/06/2026 22:34:53 - INFO - utils.trainer -   F_score: 1.00000
05/06/2026 22:34:53 - INFO - utils.trainer -   Specificity: 1.00000
05/06/2026 22:34:53 - INFO - utils.trainer -   Sensitivity: 1.00000
05/06/2026 22:34:53 - INFO - utils.trainer -   Loss: 0.00463
05/06/2026 22:34:53 - INFO - utils.trainer -    Train loss: 0.00075, Test loss: 0.00463,Epoch time = 2.475s
05/06/2026 22:34:53 - INFO - utils.trainer -   Saving model checkpoint to output_dir/CEEDNet
05/06/2026 22:34:56 - INFO - utils.trainer -   ***** Running evaluation on test2 dataset *****
05/06/2026 22:34:57 - INFO - utils.trainer -   AUC: 1.00000
05/06/2026 22:34:57 - INFO - utils.trainer -   Accuracy: 1.00000
05/06/2026 22:34:57 - INFO - utils.trainer -   Precision: 1.00000
05/06/2026 22:34:57 - INFO - utils.trainer -   Recall: 1.00000
05/06/2026 22:34:57 - INFO - utils.trainer -   F_score: 1.00000
05/06/2026 22:34:57 - INFO - utils.trainer -   Specificity: 1.00000
05/06/2026 22:34:57 - INFO - utils.trainer -   Sensitivity: 1.00000
05/06/2026 22:34:57 - INFO - utils.trainer -   Loss: 0.00409
05/06/2026 22:34:57 - INFO - utils.trainer -    Train loss: 0.00063, Test loss: 0.00409,Epoch time = 2.394s
05/06/2026 22:34:57 - INFO - utils.trainer -   Saving model checkpoint to output_dir/CEEDNet
05/06/2026 22:34:59 - INFO - utils.trainer -   ***** Running evaluation on test2 dataset *****
05/06/2026 22:35:01 - INFO - utils.trainer -   AUC: 1.00000
05/06/2026 22:35:01 - INFO - utils.trainer -   Accuracy: 1.00000
05/06/2026 22:35:01 - INFO - utils.trainer -   Precision: 1.00000
05/06/2026 22:35:01 - INFO - utils.trainer -   Recall: 1.00000
05/06/2026 22:35:01 - INFO - utils.trainer -   F_score: 1.00000
05/06/2026 22:35:01 - INFO - utils.trainer -   Specificity: 1.00000
05/06/2026 22:35:01 - INFO - utils.trainer -   Sensitivity: 1.00000
05/06/2026 22:35:01 - INFO - utils.trainer -   Loss: 0.00369
05/06/2026 22:35:01 - INFO - utils.trainer -    Train loss: 0.00047, Test loss: 0.00369,Epoch time = 2.328s
05/06/2026 22:35:01 - INFO - utils.trainer -   Saving model checkpoint to output_dir/CEEDNet
05/06/2026 22:35:03 - INFO - utils.trainer -   ***** Running evaluation on test2 dataset *****
05/06/2026 22:35:04 - INFO - utils.trainer -   AUC: 1.00000
05/06/2026 22:35:04 - INFO - utils.trainer -   Accuracy: 1.00000
05/06/2026 22:35:04 - INFO - utils.trainer -   Precision: 1.00000
05/06/2026 22:35:04 - INFO - utils.trainer -   Recall: 1.00000
05/06/2026 22:35:04 - INFO - utils.trainer -   F_score: 1.00000
05/06/2026 22:35:04 - INFO - utils.trainer -   Specificity: 1.00000
05/06/2026 22:35:04 - INFO - utils.trainer -   Sensitivity: 1.00000
05/06/2026 22:35:04 - INFO - utils.trainer -   Loss: 0.00323
05/06/2026 22:35:04 - INFO - utils.trainer -    Train loss: 0.00052, Test loss: 0.00323,Epoch time = 1.966s
05/06/2026 22:35:04 - INFO - utils.trainer -   Saving model checkpoint to output_dir/CEEDNet
05/06/2026 22:35:06 - INFO - utils.trainer -   ***** Running evaluation on test2 dataset *****
05/06/2026 22:35:07 - INFO - utils.trainer -   AUC: 1.00000
05/06/2026 22:35:07 - INFO - utils.trainer -   Accuracy: 1.00000
05/06/2026 22:35:07 - INFO - utils.trainer -   Precision: 1.00000
05/06/2026 22:35:07 - INFO - utils.trainer -   Recall: 1.00000
05/06/2026 22:35:07 - INFO - utils.trainer -   F_score: 1.00000
05/06/2026 22:35:07 - INFO - utils.trainer -   Specificity: 1.00000
05/06/2026 22:35:07 - INFO - utils.trainer -   Sensitivity: 1.00000
05/06/2026 22:35:07 - INFO - utils.trainer -   Loss: 0.00159
05/06/2026 22:35:07 - INFO - utils.trainer -    Train loss: 0.10439, Test loss: 0.00159,Epoch time = 1.799s
05/06/2026 22:35:08 - INFO - utils.trainer -   Saving model checkpoint to output_dir/CEEDNet
05/06/2026 22:35:10 - INFO - utils.trainer -   ***** Running evaluation on test2 dataset *****
05/06/2026 22:35:11 - INFO - utils.trainer -   AUC: 1.00000
05/06/2026 22:35:11 - INFO - utils.trainer -   Accuracy: 1.00000
05/06/2026 22:35:11 - INFO - utils.trainer -   Precision: 1.00000
05/06/2026 22:35:11 - INFO - utils.trainer -   Recall: 1.00000
05/06/2026 22:35:11 - INFO - utils.trainer -   F_score: 1.00000
05/06/2026 22:35:11 - INFO - utils.trainer -   Specificity: 1.00000
05/06/2026 22:35:11 - INFO - utils.trainer -   Sensitivity: 1.00000
05/06/2026 22:35:11 - INFO - utils.trainer -   Loss: 0.01126
05/06/2026 22:35:11 - INFO - utils.trainer -    Train loss: 0.01203, Test loss: 0.01126,Epoch time = 2.295s
05/06/2026 22:35:11 - INFO - utils.trainer -   Saving model checkpoint to output_dir/CEEDNet
05/06/2026 22:35:14 - INFO - utils.trainer -   ***** Running evaluation on test2 dataset *****
05/06/2026 22:35:15 - INFO - utils.trainer -   AUC: 1.00000
05/06/2026 22:35:15 - INFO - utils.trainer -   Accuracy: 0.99558
05/06/2026 22:35:15 - INFO - utils.trainer -   Precision: 0.98765
05/06/2026 22:35:15 - INFO - utils.trainer -   Recall: 1.00000
05/06/2026 22:35:15 - INFO - utils.trainer -   F_score: 0.99379
05/06/2026 22:35:15 - INFO - utils.trainer -   Specificity: 0.99315
05/06/2026 22:35:15 - INFO - utils.trainer -   Sensitivity: 1.00000
05/06/2026 22:35:15 - INFO - utils.trainer -   Loss: 0.04147
05/06/2026 22:35:15 - INFO - utils.trainer -    Train loss: 0.00421, Test loss: 0.04147,Epoch time = 2.659s
05/06/2026 22:35:17 - INFO - utils.trainer -   ***** Running evaluation on test2 dataset *****
05/06/2026 22:35:19 - INFO - utils.trainer -   AUC: 1.00000
05/06/2026 22:35:19 - INFO - utils.trainer -   Accuracy: 1.00000
05/06/2026 22:35:19 - INFO - utils.trainer -   Precision: 1.00000
05/06/2026 22:35:19 - INFO - utils.trainer -   Recall: 1.00000
05/06/2026 22:35:19 - INFO - utils.trainer -   F_score: 1.00000
05/06/2026 22:35:19 - INFO - utils.trainer -   Specificity: 1.00000
05/06/2026 22:35:19 - INFO - utils.trainer -   Sensitivity: 1.00000
05/06/2026 22:35:19 - INFO - utils.trainer -   Loss: 0.02691
05/06/2026 22:35:19 - INFO - utils.trainer -    Train loss: 0.00227, Test loss: 0.02691,Epoch time = 2.187s
05/06/2026 22:35:19 - INFO - utils.trainer -   Saving model checkpoint to output_dir/CEEDNet
05/06/2026 22:35:21 - INFO - utils.trainer -   ***** Running evaluation on test2 dataset *****
05/06/2026 22:35:22 - INFO - utils.trainer -   AUC: 1.00000
05/06/2026 22:35:22 - INFO - utils.trainer -   Accuracy: 1.00000
05/06/2026 22:35:22 - INFO - utils.trainer -   Precision: 1.00000
05/06/2026 22:35:22 - INFO - utils.trainer -   Recall: 1.00000
05/06/2026 22:35:22 - INFO - utils.trainer -   F_score: 1.00000
05/06/2026 22:35:22 - INFO - utils.trainer -   Specificity: 1.00000
05/06/2026 22:35:22 - INFO - utils.trainer -   Sensitivity: 1.00000
05/06/2026 22:35:22 - INFO - utils.trainer -   Loss: 0.01453
05/06/2026 22:35:22 - INFO - utils.trainer -    Train loss: 0.00212, Test loss: 0.01453,Epoch time = 1.878s
05/06/2026 22:35:23 - INFO - utils.trainer -   Saving model checkpoint to output_dir/CEEDNet
05/06/2026 22:35:25 - INFO - utils.trainer -   ***** Running evaluation on test2 dataset *****
05/06/2026 22:35:26 - INFO - utils.trainer -   AUC: 1.00000
05/06/2026 22:35:26 - INFO - utils.trainer -   Accuracy: 1.00000
05/06/2026 22:35:26 - INFO - utils.trainer -   Precision: 1.00000
05/06/2026 22:35:26 - INFO - utils.trainer -   Recall: 1.00000
05/06/2026 22:35:26 - INFO - utils.trainer -   F_score: 1.00000
05/06/2026 22:35:26 - INFO - utils.trainer -   Specificity: 1.00000
05/06/2026 22:35:26 - INFO - utils.trainer -   Sensitivity: 1.00000
05/06/2026 22:35:26 - INFO - utils.trainer -   Loss: 0.01451
05/06/2026 22:35:26 - INFO - utils.trainer -    Train loss: 0.00086, Test loss: 0.01451,Epoch time = 1.963s
05/06/2026 22:35:26 - INFO - utils.trainer -   Saving model checkpoint to output_dir/CEEDNet
05/06/2026 22:35:28 - INFO - utils.trainer -   ***** Running evaluation on test2 dataset *****
05/06/2026 22:35:29 - INFO - utils.trainer -   AUC: 1.00000
05/06/2026 22:35:29 - INFO - utils.trainer -   Accuracy: 1.00000
05/06/2026 22:35:29 - INFO - utils.trainer -   Precision: 1.00000
05/06/2026 22:35:29 - INFO - utils.trainer -   Recall: 1.00000
05/06/2026 22:35:29 - INFO - utils.trainer -   F_score: 1.00000
05/06/2026 22:35:29 - INFO - utils.trainer -   Specificity: 1.00000
05/06/2026 22:35:29 - INFO - utils.trainer -   Sensitivity: 1.00000
05/06/2026 22:35:29 - INFO - utils.trainer -   Loss: 0.01918
05/06/2026 22:35:29 - INFO - utils.trainer -    Train loss: 0.00480, Test loss: 0.01918,Epoch time = 2.500s
05/06/2026 22:35:30 - INFO - utils.trainer -   Saving model checkpoint to output_dir/CEEDNet
05/06/2026 22:35:31 - INFO - utils.trainer -   ***** Running evaluation on test2 dataset *****
05/06/2026 22:35:33 - INFO - utils.trainer -   AUC: 1.00000
05/06/2026 22:35:33 - INFO - utils.trainer -   Accuracy: 1.00000
05/06/2026 22:35:33 - INFO - utils.trainer -   Precision: 1.00000
05/06/2026 22:35:33 - INFO - utils.trainer -   Recall: 1.00000
05/06/2026 22:35:33 - INFO - utils.trainer -   F_score: 1.00000
05/06/2026 22:35:33 - INFO - utils.trainer -   Specificity: 1.00000
05/06/2026 22:35:33 - INFO - utils.trainer -   Sensitivity: 1.00000
05/06/2026 22:35:33 - INFO - utils.trainer -   Loss: 0.02162
05/06/2026 22:35:33 - INFO - utils.trainer -    Train loss: 0.00159, Test loss: 0.02162,Epoch time = 1.786s
05/06/2026 22:35:33 - INFO - utils.trainer -   Saving model checkpoint to output_dir/CEEDNet
05/06/2026 22:35:35 - INFO - utils.trainer -   ***** Running evaluation on test2 dataset *****
05/06/2026 22:35:36 - INFO - utils.trainer -   AUC: 1.00000
05/06/2026 22:35:36 - INFO - utils.trainer -   Accuracy: 1.00000
05/06/2026 22:35:36 - INFO - utils.trainer -   Precision: 1.00000
05/06/2026 22:35:36 - INFO - utils.trainer -   Recall: 1.00000
05/06/2026 22:35:36 - INFO - utils.trainer -   F_score: 1.00000
05/06/2026 22:35:36 - INFO - utils.trainer -   Specificity: 1.00000
05/06/2026 22:35:36 - INFO - utils.trainer -   Sensitivity: 1.00000
05/06/2026 22:35:36 - INFO - utils.trainer -   Loss: 0.01579
05/06/2026 22:35:36 - INFO - utils.trainer -    Train loss: 0.00437, Test loss: 0.01579,Epoch time = 2.355s
05/06/2026 22:35:37 - INFO - utils.trainer -   Saving model checkpoint to output_dir/CEEDNet
05/06/2026 22:35:39 - INFO - utils.trainer -   ***** Running evaluation on test2 dataset *****
05/06/2026 22:35:40 - INFO - utils.trainer -   AUC: 1.00000
05/06/2026 22:35:40 - INFO - utils.trainer -   Accuracy: 1.00000
05/06/2026 22:35:40 - INFO - utils.trainer -   Precision: 1.00000
05/06/2026 22:35:40 - INFO - utils.trainer -   Recall: 1.00000
05/06/2026 22:35:40 - INFO - utils.trainer -   F_score: 1.00000
05/06/2026 22:35:40 - INFO - utils.trainer -   Specificity: 1.00000
05/06/2026 22:35:40 - INFO - utils.trainer -   Sensitivity: 1.00000
05/06/2026 22:35:40 - INFO - utils.trainer -   Loss: 0.01533
05/06/2026 22:35:40 - INFO - utils.trainer -    Train loss: 0.00134, Test loss: 0.01533,Epoch time = 2.133s
05/06/2026 22:35:40 - INFO - utils.trainer -   Saving model checkpoint to output_dir/CEEDNet
05/06/2026 22:35:42 - INFO - utils.trainer -   ***** Running evaluation on test2 dataset *****
05/06/2026 22:35:43 - INFO - utils.trainer -   AUC: 1.00000
05/06/2026 22:35:43 - INFO - utils.trainer -   Accuracy: 1.00000
05/06/2026 22:35:43 - INFO - utils.trainer -   Precision: 1.00000
05/06/2026 22:35:43 - INFO - utils.trainer -   Recall: 1.00000
05/06/2026 22:35:43 - INFO - utils.trainer -   F_score: 1.00000
05/06/2026 22:35:43 - INFO - utils.trainer -   Specificity: 1.00000
05/06/2026 22:35:43 - INFO - utils.trainer -   Sensitivity: 1.00000
05/06/2026 22:35:43 - INFO - utils.trainer -   Loss: 0.01530
05/06/2026 22:35:43 - INFO - utils.trainer -    Train loss: 0.00701, Test loss: 0.01530,Epoch time = 2.201s
05/06/2026 22:35:44 - INFO - utils.trainer -   Saving model checkpoint to output_dir/CEEDNet
05/06/2026 22:35:46 - INFO - utils.trainer -   ***** Running evaluation on test2 dataset *****
05/06/2026 22:35:47 - INFO - utils.trainer -   AUC: 1.00000
05/06/2026 22:35:47 - INFO - utils.trainer -   Accuracy: 1.00000
05/06/2026 22:35:47 - INFO - utils.trainer -   Precision: 1.00000
05/06/2026 22:35:47 - INFO - utils.trainer -   Recall: 1.00000
05/06/2026 22:35:47 - INFO - utils.trainer -   F_score: 1.00000
05/06/2026 22:35:47 - INFO - utils.trainer -   Specificity: 1.00000
05/06/2026 22:35:47 - INFO - utils.trainer -   Sensitivity: 1.00000
05/06/2026 22:35:47 - INFO - utils.trainer -   Loss: 0.01213
05/06/2026 22:35:47 - INFO - utils.trainer -    Train loss: 0.00378, Test loss: 0.01213,Epoch time = 2.368s
05/06/2026 22:35:47 - INFO - utils.trainer -   Saving model checkpoint to output_dir/CEEDNet
05/06/2026 22:35:50 - INFO - utils.trainer -   ***** Running evaluation on test2 dataset *****
05/06/2026 22:35:51 - INFO - utils.trainer -   AUC: 1.00000
05/06/2026 22:35:51 - INFO - utils.trainer -   Accuracy: 1.00000
05/06/2026 22:35:51 - INFO - utils.trainer -   Precision: 1.00000
05/06/2026 22:35:51 - INFO - utils.trainer -   Recall: 1.00000
05/06/2026 22:35:51 - INFO - utils.trainer -   F_score: 1.00000
05/06/2026 22:35:51 - INFO - utils.trainer -   Specificity: 1.00000
05/06/2026 22:35:51 - INFO - utils.trainer -   Sensitivity: 1.00000
05/06/2026 22:35:51 - INFO - utils.trainer -   Loss: 0.04598
05/06/2026 22:35:51 - INFO - utils.trainer -    Train loss: 0.00691, Test loss: 0.04598,Epoch time = 2.633s
05/06/2026 22:35:51 - INFO - utils.trainer -   Saving model checkpoint to output_dir/CEEDNet
05/06/2026 22:35:53 - INFO - utils.trainer -   ***** Running evaluation on test2 dataset *****
05/06/2026 22:35:55 - INFO - utils.trainer -   AUC: 1.00000
05/06/2026 22:35:55 - INFO - utils.trainer -   Accuracy: 0.99558
05/06/2026 22:35:55 - INFO - utils.trainer -   Precision: 0.98765
05/06/2026 22:35:55 - INFO - utils.trainer -   Recall: 1.00000
05/06/2026 22:35:55 - INFO - utils.trainer -   F_score: 0.99379
05/06/2026 22:35:55 - INFO - utils.trainer -   Specificity: 0.99315
05/06/2026 22:35:55 - INFO - utils.trainer -   Sensitivity: 1.00000
05/06/2026 22:35:55 - INFO - utils.trainer -   Loss: 0.02444
05/06/2026 22:35:55 - INFO - utils.trainer -    Train loss: 0.00118, Test loss: 0.02444,Epoch time = 2.229s
05/06/2026 22:35:57 - INFO - utils.trainer -   ***** Running evaluation on test2 dataset *****
05/06/2026 22:35:58 - INFO - utils.trainer -   AUC: 1.00000
05/06/2026 22:35:58 - INFO - utils.trainer -   Accuracy: 0.99558
05/06/2026 22:35:58 - INFO - utils.trainer -   Precision: 0.98765
05/06/2026 22:35:58 - INFO - utils.trainer -   Recall: 1.00000
05/06/2026 22:35:58 - INFO - utils.trainer -   F_score: 0.99379
05/06/2026 22:35:58 - INFO - utils.trainer -   Specificity: 0.99315
05/06/2026 22:35:58 - INFO - utils.trainer -   Sensitivity: 1.00000
05/06/2026 22:35:58 - INFO - utils.trainer -   Loss: 0.04552
05/06/2026 22:35:58 - INFO - utils.trainer -    Train loss: 0.02185, Test loss: 0.04552,Epoch time = 2.339s
05/06/2026 22:36:00 - INFO - utils.trainer -   ***** Running evaluation on test2 dataset *****
05/06/2026 22:36:02 - INFO - utils.trainer -   AUC: 1.00000
05/06/2026 22:36:02 - INFO - utils.trainer -   Accuracy: 0.99558
05/06/2026 22:36:02 - INFO - utils.trainer -   Precision: 0.98765
05/06/2026 22:36:02 - INFO - utils.trainer -   Recall: 1.00000
05/06/2026 22:36:02 - INFO - utils.trainer -   F_score: 0.99379
05/06/2026 22:36:02 - INFO - utils.trainer -   Specificity: 0.99315
05/06/2026 22:36:02 - INFO - utils.trainer -   Sensitivity: 1.00000
05/06/2026 22:36:02 - INFO - utils.trainer -   Loss: 0.03691
05/06/2026 22:36:02 - INFO - utils.trainer -    Train loss: 0.00120, Test loss: 0.03691,Epoch time = 2.095s
05/06/2026 22:36:03 - INFO - utils.trainer -   ***** Running evaluation on test2 dataset *****
05/06/2026 22:36:04 - INFO - utils.trainer -   AUC: 1.00000
05/06/2026 22:36:04 - INFO - utils.trainer -   Accuracy: 0.99558
05/06/2026 22:36:04 - INFO - utils.trainer -   Precision: 0.98765
05/06/2026 22:36:04 - INFO - utils.trainer -   Recall: 1.00000
05/06/2026 22:36:04 - INFO - utils.trainer -   F_score: 0.99379
05/06/2026 22:36:04 - INFO - utils.trainer -   Specificity: 0.99315
05/06/2026 22:36:04 - INFO - utils.trainer -   Sensitivity: 1.00000
05/06/2026 22:36:04 - INFO - utils.trainer -   Loss: 0.04664
05/06/2026 22:36:04 - INFO - utils.trainer -    Train loss: 0.00095, Test loss: 0.04664,Epoch time = 1.724s
05/06/2026 22:36:07 - INFO - utils.trainer -   ***** Running evaluation on test2 dataset *****
05/06/2026 22:36:08 - INFO - utils.trainer -   AUC: 1.00000
05/06/2026 22:36:08 - INFO - utils.trainer -   Accuracy: 0.99558
05/06/2026 22:36:08 - INFO - utils.trainer -   Precision: 0.98765
05/06/2026 22:36:08 - INFO - utils.trainer -   Recall: 1.00000
05/06/2026 22:36:08 - INFO - utils.trainer -   F_score: 0.99379
05/06/2026 22:36:08 - INFO - utils.trainer -   Specificity: 0.99315
05/06/2026 22:36:08 - INFO - utils.trainer -   Sensitivity: 1.00000
05/06/2026 22:36:08 - INFO - utils.trainer -   Loss: 0.02740
05/06/2026 22:36:08 - INFO - utils.trainer -    Train loss: 0.00268, Test loss: 0.02740,Epoch time = 2.701s
05/06/2026 22:36:10 - INFO - utils.trainer -   ***** Running evaluation on test2 dataset *****
05/06/2026 22:36:11 - INFO - utils.trainer -   AUC: 1.00000
05/06/2026 22:36:11 - INFO - utils.trainer -   Accuracy: 0.99558
05/06/2026 22:36:11 - INFO - utils.trainer -   Precision: 0.98765
05/06/2026 22:36:11 - INFO - utils.trainer -   Recall: 1.00000
05/06/2026 22:36:11 - INFO - utils.trainer -   F_score: 0.99379
05/06/2026 22:36:11 - INFO - utils.trainer -   Specificity: 0.99315
05/06/2026 22:36:11 - INFO - utils.trainer -   Sensitivity: 1.00000
05/06/2026 22:36:11 - INFO - utils.trainer -   Loss: 0.02379
05/06/2026 22:36:11 - INFO - utils.trainer -    Train loss: 0.00113, Test loss: 0.02379,Epoch time = 1.885s
05/06/2026 22:36:13 - INFO - utils.trainer -   ***** Running evaluation on test2 dataset *****
05/06/2026 22:36:14 - INFO - utils.trainer -   AUC: 1.00000
05/06/2026 22:36:14 - INFO - utils.trainer -   Accuracy: 1.00000
05/06/2026 22:36:14 - INFO - utils.trainer -   Precision: 1.00000
05/06/2026 22:36:14 - INFO - utils.trainer -   Recall: 1.00000
05/06/2026 22:36:14 - INFO - utils.trainer -   F_score: 1.00000
05/06/2026 22:36:14 - INFO - utils.trainer -   Specificity: 1.00000
05/06/2026 22:36:14 - INFO - utils.trainer -   Sensitivity: 1.00000
05/06/2026 22:36:14 - INFO - utils.trainer -   Loss: 0.01286
05/06/2026 22:36:14 - INFO - utils.trainer -    Train loss: 0.00073, Test loss: 0.01286,Epoch time = 1.802s
05/06/2026 22:36:14 - INFO - utils.trainer -   Saving model checkpoint to output_dir/CEEDNet
05/06/2026 22:36:17 - INFO - utils.trainer -   ***** Running evaluation on test2 dataset *****
05/06/2026 22:36:18 - INFO - utils.trainer -   AUC: 1.00000
05/06/2026 22:36:18 - INFO - utils.trainer -   Accuracy: 0.99558
05/06/2026 22:36:18 - INFO - utils.trainer -   Precision: 0.98765
05/06/2026 22:36:18 - INFO - utils.trainer -   Recall: 1.00000
05/06/2026 22:36:18 - INFO - utils.trainer -   F_score: 0.99379
05/06/2026 22:36:18 - INFO - utils.trainer -   Specificity: 0.99315
05/06/2026 22:36:18 - INFO - utils.trainer -   Sensitivity: 1.00000
05/06/2026 22:36:18 - INFO - utils.trainer -   Loss: 0.02720
05/06/2026 22:36:18 - INFO - utils.trainer -    Train loss: 0.00381, Test loss: 0.02720,Epoch time = 2.762s
05/06/2026 22:36:21 - INFO - utils.trainer -   ***** Running evaluation on test2 dataset *****
05/06/2026 22:36:22 - INFO - utils.trainer -   AUC: 1.00000
05/06/2026 22:36:22 - INFO - utils.trainer -   Accuracy: 0.99558
05/06/2026 22:36:22 - INFO - utils.trainer -   Precision: 0.98765
05/06/2026 22:36:22 - INFO - utils.trainer -   Recall: 1.00000
05/06/2026 22:36:22 - INFO - utils.trainer -   F_score: 0.99379
05/06/2026 22:36:22 - INFO - utils.trainer -   Specificity: 0.99315
05/06/2026 22:36:22 - INFO - utils.trainer -   Sensitivity: 1.00000
05/06/2026 22:36:22 - INFO - utils.trainer -   Loss: 0.01535
05/06/2026 22:36:22 - INFO - utils.trainer -    Train loss: 0.00068, Test loss: 0.01535,Epoch time = 2.448s
05/06/2026 22:36:25 - INFO - utils.trainer -   ***** Running evaluation on test2 dataset *****
05/06/2026 22:36:26 - INFO - utils.trainer -   AUC: 1.00000
05/06/2026 22:36:26 - INFO - utils.trainer -   Accuracy: 1.00000
05/06/2026 22:36:26 - INFO - utils.trainer -   Precision: 1.00000
05/06/2026 22:36:26 - INFO - utils.trainer -   Recall: 1.00000
05/06/2026 22:36:26 - INFO - utils.trainer -   F_score: 1.00000
05/06/2026 22:36:26 - INFO - utils.trainer -   Specificity: 1.00000
05/06/2026 22:36:26 - INFO - utils.trainer -   Sensitivity: 1.00000
05/06/2026 22:36:26 - INFO - utils.trainer -   Loss: 0.01308
05/06/2026 22:36:26 - INFO - utils.trainer -    Train loss: 0.00076, Test loss: 0.01308,Epoch time = 2.393s
05/06/2026 22:36:26 - INFO - utils.trainer -   Saving model checkpoint to output_dir/CEEDNet
05/06/2026 22:36:28 - INFO - utils.trainer -   ***** Running evaluation on test2 dataset *****
05/06/2026 22:36:30 - INFO - utils.trainer -   AUC: 1.00000
05/06/2026 22:36:30 - INFO - utils.trainer -   Accuracy: 1.00000
05/06/2026 22:36:30 - INFO - utils.trainer -   Precision: 1.00000
05/06/2026 22:36:30 - INFO - utils.trainer -   Recall: 1.00000
05/06/2026 22:36:30 - INFO - utils.trainer -   F_score: 1.00000
05/06/2026 22:36:30 - INFO - utils.trainer -   Specificity: 1.00000
05/06/2026 22:36:30 - INFO - utils.trainer -   Sensitivity: 1.00000
05/06/2026 22:36:30 - INFO - utils.trainer -   Loss: 0.01618
05/06/2026 22:36:30 - INFO - utils.trainer -    Train loss: 0.00948, Test loss: 0.01618,Epoch time = 2.265s
05/06/2026 22:36:30 - INFO - utils.trainer -   Saving model checkpoint to output_dir/CEEDNet
05/06/2026 22:36:32 - INFO - utils.trainer -   ***** Running evaluation on test2 dataset *****
05/06/2026 22:36:33 - INFO - utils.trainer -   AUC: 1.00000
05/06/2026 22:36:33 - INFO - utils.trainer -   Accuracy: 1.00000
05/06/2026 22:36:33 - INFO - utils.trainer -   Precision: 1.00000
05/06/2026 22:36:33 - INFO - utils.trainer -   Recall: 1.00000
05/06/2026 22:36:33 - INFO - utils.trainer -   F_score: 1.00000
05/06/2026 22:36:33 - INFO - utils.trainer -   Specificity: 1.00000
05/06/2026 22:36:33 - INFO - utils.trainer -   Sensitivity: 1.00000
05/06/2026 22:36:33 - INFO - utils.trainer -   Loss: 0.00866
05/06/2026 22:36:33 - INFO - utils.trainer -    Train loss: 0.00077, Test loss: 0.00866,Epoch time = 1.769s
05/06/2026 22:36:33 - INFO - utils.trainer -   Saving model checkpoint to output_dir/CEEDNet
05/06/2026 22:36:35 - INFO - utils.trainer -   ***** Running evaluation on test2 dataset *****
05/06/2026 22:36:35 - INFO - utils.trainer -   AUC: 1.00000
05/06/2026 22:36:35 - INFO - utils.trainer -   Accuracy: 1.00000
05/06/2026 22:36:35 - INFO - utils.trainer -   Precision: 1.00000
05/06/2026 22:36:35 - INFO - utils.trainer -   Recall: 1.00000
05/06/2026 22:36:35 - INFO - utils.trainer -   F_score: 1.00000
05/06/2026 22:36:35 - INFO - utils.trainer -   Specificity: 1.00000
05/06/2026 22:36:35 - INFO - utils.trainer -   Sensitivity: 1.00000
05/06/2026 22:36:35 - INFO - utils.trainer -   Loss: 0.00910
05/06/2026 22:36:35 - INFO - utils.trainer -    Train loss: 0.00075, Test loss: 0.00910,Epoch time = 1.711s
05/06/2026 22:36:36 - INFO - utils.trainer -   Saving model checkpoint to output_dir/CEEDNet
05/06/2026 22:36:38 - INFO - utils.trainer -   ***** Running evaluation on test2 dataset *****
05/06/2026 22:36:39 - INFO - utils.trainer -   AUC: 1.00000
05/06/2026 22:36:39 - INFO - utils.trainer -   Accuracy: 1.00000
05/06/2026 22:36:39 - INFO - utils.trainer -   Precision: 1.00000
05/06/2026 22:36:39 - INFO - utils.trainer -   Recall: 1.00000
05/06/2026 22:36:39 - INFO - utils.trainer -   F_score: 1.00000
05/06/2026 22:36:39 - INFO - utils.trainer -   Specificity: 1.00000
05/06/2026 22:36:39 - INFO - utils.trainer -   Sensitivity: 1.00000
05/06/2026 22:36:39 - INFO - utils.trainer -   Loss: 0.00874
05/06/2026 22:36:39 - INFO - utils.trainer -    Train loss: 0.00063, Test loss: 0.00874,Epoch time = 2.137s
05/06/2026 22:36:39 - INFO - utils.trainer -   Saving model checkpoint to output_dir/CEEDNet
05/06/2026 22:36:41 - INFO - utils.trainer -   ***** Running evaluation on test2 dataset *****
05/06/2026 22:36:42 - INFO - utils.trainer -   AUC: 1.00000
05/06/2026 22:36:42 - INFO - utils.trainer -   Accuracy: 1.00000
05/06/2026 22:36:42 - INFO - utils.trainer -   Precision: 1.00000
05/06/2026 22:36:42 - INFO - utils.trainer -   Recall: 1.00000
05/06/2026 22:36:42 - INFO - utils.trainer -   F_score: 1.00000
05/06/2026 22:36:42 - INFO - utils.trainer -   Specificity: 1.00000
05/06/2026 22:36:42 - INFO - utils.trainer -   Sensitivity: 1.00000
05/06/2026 22:36:42 - INFO - utils.trainer -   Loss: 0.00987
05/06/2026 22:36:42 - INFO - utils.trainer -    Train loss: 0.00056, Test loss: 0.00987,Epoch time = 1.826s
05/06/2026 22:36:42 - INFO - utils.trainer -   Saving model checkpoint to output_dir/CEEDNet
05/06/2026 22:36:44 - INFO - utils.trainer -   ***** Running evaluation on test2 dataset *****
05/06/2026 22:36:44 - INFO - utils.trainer -   AUC: 1.00000
05/06/2026 22:36:44 - INFO - utils.trainer -   Accuracy: 1.00000
05/06/2026 22:36:44 - INFO - utils.trainer -   Precision: 1.00000
05/06/2026 22:36:44 - INFO - utils.trainer -   Recall: 1.00000
05/06/2026 22:36:44 - INFO - utils.trainer -   F_score: 1.00000
05/06/2026 22:36:44 - INFO - utils.trainer -   Specificity: 1.00000
05/06/2026 22:36:44 - INFO - utils.trainer -   Sensitivity: 1.00000
05/06/2026 22:36:44 - INFO - utils.trainer -   Loss: 0.00663
05/06/2026 22:36:44 - INFO - utils.trainer -    Train loss: 0.00249, Test loss: 0.00663,Epoch time = 1.694s
05/06/2026 22:36:44 - INFO - utils.trainer -   Saving model checkpoint to output_dir/CEEDNet
05/06/2026 22:36:47 - INFO - utils.trainer -   ***** Running evaluation on test2 dataset *****
05/06/2026 22:36:48 - INFO - utils.trainer -   AUC: 1.00000
05/06/2026 22:36:48 - INFO - utils.trainer -   Accuracy: 1.00000
05/06/2026 22:36:48 - INFO - utils.trainer -   Precision: 1.00000
05/06/2026 22:36:48 - INFO - utils.trainer -   Recall: 1.00000
05/06/2026 22:36:48 - INFO - utils.trainer -   F_score: 1.00000
05/06/2026 22:36:48 - INFO - utils.trainer -   Specificity: 1.00000
05/06/2026 22:36:48 - INFO - utils.trainer -   Sensitivity: 1.00000
05/06/2026 22:36:48 - INFO - utils.trainer -   Loss: 0.00907
05/06/2026 22:36:48 - INFO - utils.trainer -    Train loss: 0.00070, Test loss: 0.00907,Epoch time = 2.291s
05/06/2026 22:36:48 - INFO - utils.trainer -   Saving model checkpoint to output_dir/CEEDNet
05/06/2026 22:36:50 - INFO - utils.trainer -   ***** Running evaluation on test2 dataset *****
05/06/2026 22:36:51 - INFO - utils.trainer -   AUC: 1.00000
05/06/2026 22:36:51 - INFO - utils.trainer -   Accuracy: 1.00000
05/06/2026 22:36:51 - INFO - utils.trainer -   Precision: 1.00000
05/06/2026 22:36:51 - INFO - utils.trainer -   Recall: 1.00000
05/06/2026 22:36:51 - INFO - utils.trainer -   F_score: 1.00000
05/06/2026 22:36:51 - INFO - utils.trainer -   Specificity: 1.00000
05/06/2026 22:36:51 - INFO - utils.trainer -   Sensitivity: 1.00000
05/06/2026 22:36:51 - INFO - utils.trainer -   Loss: 0.00794
05/06/2026 22:36:51 - INFO - utils.trainer -    Train loss: 0.00067, Test loss: 0.00794,Epoch time = 2.315s
05/06/2026 22:36:51 - INFO - utils.trainer -   Saving model checkpoint to output_dir/CEEDNet
05/06/2026 22:36:53 - INFO - utils.trainer -   ***** Running evaluation on test2 dataset *****
05/06/2026 22:36:54 - INFO - utils.trainer -   AUC: 1.00000
05/06/2026 22:36:54 - INFO - utils.trainer -   Accuracy: 1.00000
05/06/2026 22:36:54 - INFO - utils.trainer -   Precision: 1.00000
05/06/2026 22:36:54 - INFO - utils.trainer -   Recall: 1.00000
05/06/2026 22:36:54 - INFO - utils.trainer -   F_score: 1.00000
05/06/2026 22:36:54 - INFO - utils.trainer -   Specificity: 1.00000
05/06/2026 22:36:54 - INFO - utils.trainer -   Sensitivity: 1.00000
05/06/2026 22:36:54 - INFO - utils.trainer -   Loss: 0.00569
05/06/2026 22:36:54 - INFO - utils.trainer -    Train loss: 0.00619, Test loss: 0.00569,Epoch time = 1.650s
05/06/2026 22:36:54 - INFO - utils.trainer -   Saving model checkpoint to output_dir/CEEDNet
05/06/2026 22:36:56 - INFO - utils.trainer -   ***** Running evaluation on test2 dataset *****
05/06/2026 22:36:57 - INFO - utils.trainer -   AUC: 1.00000
05/06/2026 22:36:57 - INFO - utils.trainer -   Accuracy: 1.00000
05/06/2026 22:36:57 - INFO - utils.trainer -   Precision: 1.00000
05/06/2026 22:36:57 - INFO - utils.trainer -   Recall: 1.00000
05/06/2026 22:36:57 - INFO - utils.trainer -   F_score: 1.00000
05/06/2026 22:36:57 - INFO - utils.trainer -   Specificity: 1.00000
05/06/2026 22:36:57 - INFO - utils.trainer -   Sensitivity: 1.00000
05/06/2026 22:36:57 - INFO - utils.trainer -   Loss: 0.01229
05/06/2026 22:36:57 - INFO - utils.trainer -    Train loss: 0.00045, Test loss: 0.01229,Epoch time = 1.903s
05/06/2026 22:36:57 - INFO - utils.trainer -   Saving model checkpoint to output_dir/CEEDNet
05/06/2026 22:36:59 - INFO - utils.trainer -   ***** Running evaluation on test2 dataset *****
05/06/2026 22:37:00 - INFO - utils.trainer -   AUC: 1.00000
05/06/2026 22:37:00 - INFO - utils.trainer -   Accuracy: 1.00000
05/06/2026 22:37:00 - INFO - utils.trainer -   Precision: 1.00000
05/06/2026 22:37:00 - INFO - utils.trainer -   Recall: 1.00000
05/06/2026 22:37:00 - INFO - utils.trainer -   F_score: 1.00000
05/06/2026 22:37:00 - INFO - utils.trainer -   Specificity: 1.00000
05/06/2026 22:37:00 - INFO - utils.trainer -   Sensitivity: 1.00000
05/06/2026 22:37:00 - INFO - utils.trainer -   Loss: 0.01151
05/06/2026 22:37:00 - INFO - utils.trainer -    Train loss: 0.00061, Test loss: 0.01151,Epoch time = 1.910s
05/06/2026 22:37:00 - INFO - utils.trainer -   Saving model checkpoint to output_dir/CEEDNet
05/06/2026 22:37:02 - INFO - utils.trainer -   ***** Running evaluation on test2 dataset *****
05/06/2026 22:37:03 - INFO - utils.trainer -   AUC: 1.00000
05/06/2026 22:37:03 - INFO - utils.trainer -   Accuracy: 1.00000
05/06/2026 22:37:03 - INFO - utils.trainer -   Precision: 1.00000
05/06/2026 22:37:03 - INFO - utils.trainer -   Recall: 1.00000
05/06/2026 22:37:03 - INFO - utils.trainer -   F_score: 1.00000
05/06/2026 22:37:03 - INFO - utils.trainer -   Specificity: 1.00000
05/06/2026 22:37:03 - INFO - utils.trainer -   Sensitivity: 1.00000
05/06/2026 22:37:03 - INFO - utils.trainer -   Loss: 0.01286
05/06/2026 22:37:03 - INFO - utils.trainer -    Train loss: 0.00041, Test loss: 0.01286,Epoch time = 2.010s
05/06/2026 22:37:03 - INFO - utils.trainer -   Saving model checkpoint to output_dir/CEEDNet
05/06/2026 22:37:05 - INFO - utils.trainer -   ***** Running evaluation on test2 dataset *****
05/06/2026 22:37:06 - INFO - utils.trainer -   AUC: 1.00000
05/06/2026 22:37:06 - INFO - utils.trainer -   Accuracy: 1.00000
05/06/2026 22:37:06 - INFO - utils.trainer -   Precision: 1.00000
05/06/2026 22:37:06 - INFO - utils.trainer -   Recall: 1.00000
05/06/2026 22:37:06 - INFO - utils.trainer -   F_score: 1.00000
05/06/2026 22:37:06 - INFO - utils.trainer -   Specificity: 1.00000
05/06/2026 22:37:06 - INFO - utils.trainer -   Sensitivity: 1.00000
05/06/2026 22:37:06 - INFO - utils.trainer -   Loss: 0.01078
05/06/2026 22:37:06 - INFO - utils.trainer -    Train loss: 0.00266, Test loss: 0.01078,Epoch time = 1.955s
05/06/2026 22:37:06 - INFO - utils.trainer -   Saving model checkpoint to output_dir/CEEDNet
05/06/2026 22:37:08 - INFO - utils.trainer -   ***** Running evaluation on test2 dataset *****
05/06/2026 22:37:09 - INFO - utils.trainer -   AUC: 1.00000
05/06/2026 22:37:09 - INFO - utils.trainer -   Accuracy: 1.00000
05/06/2026 22:37:09 - INFO - utils.trainer -   Precision: 1.00000
05/06/2026 22:37:09 - INFO - utils.trainer -   Recall: 1.00000
05/06/2026 22:37:09 - INFO - utils.trainer -   F_score: 1.00000
05/06/2026 22:37:09 - INFO - utils.trainer -   Specificity: 1.00000
05/06/2026 22:37:09 - INFO - utils.trainer -   Sensitivity: 1.00000
05/06/2026 22:37:09 - INFO - utils.trainer -   Loss: 0.01012
05/06/2026 22:37:09 - INFO - utils.trainer -    Train loss: 0.00081, Test loss: 0.01012,Epoch time = 1.705s
05/06/2026 22:37:10 - INFO - utils.trainer -   Saving model checkpoint to output_dir/CEEDNet
05/06/2026 22:37:11 - INFO - utils.trainer -   ***** Running evaluation on test2 dataset *****
05/06/2026 22:37:13 - INFO - utils.trainer -   AUC: 1.00000
05/06/2026 22:37:13 - INFO - utils.trainer -   Accuracy: 1.00000
05/06/2026 22:37:13 - INFO - utils.trainer -   Precision: 1.00000
05/06/2026 22:37:13 - INFO - utils.trainer -   Recall: 1.00000
05/06/2026 22:37:13 - INFO - utils.trainer -   F_score: 1.00000
05/06/2026 22:37:13 - INFO - utils.trainer -   Specificity: 1.00000
05/06/2026 22:37:13 - INFO - utils.trainer -   Sensitivity: 1.00000
05/06/2026 22:37:13 - INFO - utils.trainer -   Loss: 0.00765
05/06/2026 22:37:13 - INFO - utils.trainer -    Train loss: 0.00075, Test loss: 0.00765,Epoch time = 1.837s
05/06/2026 22:37:13 - INFO - utils.trainer -   Saving model checkpoint to output_dir/CEEDNet
05/06/2026 22:37:15 - INFO - utils.trainer -   ***** Running evaluation on test2 dataset *****
05/06/2026 22:37:16 - INFO - utils.trainer -   AUC: 1.00000
05/06/2026 22:37:16 - INFO - utils.trainer -   Accuracy: 1.00000
05/06/2026 22:37:16 - INFO - utils.trainer -   Precision: 1.00000
05/06/2026 22:37:16 - INFO - utils.trainer -   Recall: 1.00000
05/06/2026 22:37:16 - INFO - utils.trainer -   F_score: 1.00000
05/06/2026 22:37:16 - INFO - utils.trainer -   Specificity: 1.00000
05/06/2026 22:37:16 - INFO - utils.trainer -   Sensitivity: 1.00000
05/06/2026 22:37:16 - INFO - utils.trainer -   Loss: 0.00577
05/06/2026 22:37:16 - INFO - utils.trainer -    Train loss: 0.00090, Test loss: 0.00577,Epoch time = 1.945s
05/06/2026 22:37:16 - INFO - utils.trainer -   Saving model checkpoint to output_dir/CEEDNet
05/06/2026 22:37:18 - INFO - utils.trainer -   ***** Running evaluation on test2 dataset *****
05/06/2026 22:37:19 - INFO - utils.trainer -   AUC: 1.00000
05/06/2026 22:37:19 - INFO - utils.trainer -   Accuracy: 1.00000
05/06/2026 22:37:19 - INFO - utils.trainer -   Precision: 1.00000
05/06/2026 22:37:19 - INFO - utils.trainer -   Recall: 1.00000
05/06/2026 22:37:19 - INFO - utils.trainer -   F_score: 1.00000
05/06/2026 22:37:19 - INFO - utils.trainer -   Specificity: 1.00000
05/06/2026 22:37:19 - INFO - utils.trainer -   Sensitivity: 1.00000
05/06/2026 22:37:19 - INFO - utils.trainer -   Loss: 0.00951
05/06/2026 22:37:19 - INFO - utils.trainer -    Train loss: 0.00049, Test loss: 0.00951,Epoch time = 1.864s
05/06/2026 22:37:19 - INFO - utils.trainer -   Saving model checkpoint to output_dir/CEEDNet
05/06/2026 22:37:21 - INFO - utils.trainer -   ***** Running evaluation on test2 dataset *****
05/06/2026 22:37:22 - INFO - utils.trainer -   AUC: 1.00000
05/06/2026 22:37:22 - INFO - utils.trainer -   Accuracy: 1.00000
05/06/2026 22:37:22 - INFO - utils.trainer -   Precision: 1.00000
05/06/2026 22:37:22 - INFO - utils.trainer -   Recall: 1.00000
05/06/2026 22:37:22 - INFO - utils.trainer -   F_score: 1.00000
05/06/2026 22:37:22 - INFO - utils.trainer -   Specificity: 1.00000
05/06/2026 22:37:22 - INFO - utils.trainer -   Sensitivity: 1.00000
05/06/2026 22:37:22 - INFO - utils.trainer -   Loss: 0.00923
05/06/2026 22:37:22 - INFO - utils.trainer -    Train loss: 0.00041, Test loss: 0.00923,Epoch time = 2.045s
05/06/2026 22:37:22 - INFO - utils.trainer -   Saving model checkpoint to output_dir/CEEDNet
05/06/2026 22:37:24 - INFO - utils.trainer -   ***** Running evaluation on test2 dataset *****
05/06/2026 22:37:25 - INFO - utils.trainer -   AUC: 1.00000
05/06/2026 22:37:25 - INFO - utils.trainer -   Accuracy: 1.00000
05/06/2026 22:37:25 - INFO - utils.trainer -   Precision: 1.00000
05/06/2026 22:37:25 - INFO - utils.trainer -   Recall: 1.00000
05/06/2026 22:37:25 - INFO - utils.trainer -   F_score: 1.00000
05/06/2026 22:37:25 - INFO - utils.trainer -   Specificity: 1.00000
05/06/2026 22:37:25 - INFO - utils.trainer -   Sensitivity: 1.00000
05/06/2026 22:37:25 - INFO - utils.trainer -   Loss: 0.00728
05/06/2026 22:37:25 - INFO - utils.trainer -    Train loss: 0.00044, Test loss: 0.00728,Epoch time = 2.434s
05/06/2026 22:37:26 - INFO - utils.trainer -   Saving model checkpoint to output_dir/CEEDNet
05/06/2026 22:37:28 - INFO - utils.trainer -   ***** Running evaluation on test2 dataset *****
05/06/2026 22:37:29 - INFO - utils.trainer -   AUC: 1.00000
05/06/2026 22:37:29 - INFO - utils.trainer -   Accuracy: 1.00000
05/06/2026 22:37:29 - INFO - utils.trainer -   Precision: 1.00000
05/06/2026 22:37:29 - INFO - utils.trainer -   Recall: 1.00000
05/06/2026 22:37:29 - INFO - utils.trainer -   F_score: 1.00000
05/06/2026 22:37:29 - INFO - utils.trainer -   Specificity: 1.00000
05/06/2026 22:37:29 - INFO - utils.trainer -   Sensitivity: 1.00000
05/06/2026 22:37:29 - INFO - utils.trainer -   Loss: 0.00772
05/06/2026 22:37:29 - INFO - utils.trainer -    Train loss: 0.00048, Test loss: 0.00772,Epoch time = 2.033s
05/06/2026 22:37:29 - INFO - utils.trainer -   Saving model checkpoint to output_dir/CEEDNet
05/06/2026 22:37:30 - INFO - utils.trainer -   ***** Running evaluation on test2 dataset *****
05/06/2026 22:37:31 - INFO - utils.trainer -   AUC: 1.00000
05/06/2026 22:37:31 - INFO - utils.trainer -   Accuracy: 1.00000
05/06/2026 22:37:31 - INFO - utils.trainer -   Precision: 1.00000
05/06/2026 22:37:31 - INFO - utils.trainer -   Recall: 1.00000
05/06/2026 22:37:31 - INFO - utils.trainer -   F_score: 1.00000
05/06/2026 22:37:31 - INFO - utils.trainer -   Specificity: 1.00000
05/06/2026 22:37:31 - INFO - utils.trainer -   Sensitivity: 1.00000
05/06/2026 22:37:31 - INFO - utils.trainer -   Loss: 0.00806
05/06/2026 22:37:31 - INFO - utils.trainer -    Train loss: 0.00043, Test loss: 0.00806,Epoch time = 1.721s
05/06/2026 22:37:32 - INFO - utils.trainer -   Saving model checkpoint to output_dir/CEEDNet
05/06/2026 22:37:33 - INFO - utils.trainer -   ***** Running evaluation on test2 dataset *****
05/06/2026 22:37:35 - INFO - utils.trainer -   AUC: 1.00000
05/06/2026 22:37:35 - INFO - utils.trainer -   Accuracy: 1.00000
05/06/2026 22:37:35 - INFO - utils.trainer -   Precision: 1.00000
05/06/2026 22:37:35 - INFO - utils.trainer -   Recall: 1.00000
05/06/2026 22:37:35 - INFO - utils.trainer -   F_score: 1.00000
05/06/2026 22:37:35 - INFO - utils.trainer -   Specificity: 1.00000
05/06/2026 22:37:35 - INFO - utils.trainer -   Sensitivity: 1.00000
05/06/2026 22:37:35 - INFO - utils.trainer -   Loss: 0.00694
05/06/2026 22:37:35 - INFO - utils.trainer -    Train loss: 0.00040, Test loss: 0.00694,Epoch time = 1.809s
05/06/2026 22:37:35 - INFO - utils.trainer -   Saving model checkpoint to output_dir/CEEDNet
05/06/2026 22:37:36 - INFO - utils.trainer -   ***** Running evaluation on test2 dataset *****
05/06/2026 22:37:37 - INFO - utils.trainer -   AUC: 1.00000
05/06/2026 22:37:37 - INFO - utils.trainer -   Accuracy: 1.00000
05/06/2026 22:37:37 - INFO - utils.trainer -   Precision: 1.00000
05/06/2026 22:37:37 - INFO - utils.trainer -   Recall: 1.00000
05/06/2026 22:37:37 - INFO - utils.trainer -   F_score: 1.00000
05/06/2026 22:37:37 - INFO - utils.trainer -   Specificity: 1.00000
05/06/2026 22:37:37 - INFO - utils.trainer -   Sensitivity: 1.00000
05/06/2026 22:37:37 - INFO - utils.trainer -   Loss: 0.00874
05/06/2026 22:37:37 - INFO - utils.trainer -    Train loss: 0.00081, Test loss: 0.00874,Epoch time = 1.721s
05/06/2026 22:37:37 - INFO - utils.trainer -   Saving model checkpoint to output_dir/CEEDNet
05/06/2026 22:37:40 - INFO - utils.trainer -   ***** Running evaluation on test2 dataset *****
05/06/2026 22:37:41 - INFO - utils.trainer -   AUC: 1.00000
05/06/2026 22:37:41 - INFO - utils.trainer -   Accuracy: 1.00000
05/06/2026 22:37:41 - INFO - utils.trainer -   Precision: 1.00000
05/06/2026 22:37:41 - INFO - utils.trainer -   Recall: 1.00000
05/06/2026 22:37:41 - INFO - utils.trainer -   F_score: 1.00000
05/06/2026 22:37:41 - INFO - utils.trainer -   Specificity: 1.00000
05/06/2026 22:37:41 - INFO - utils.trainer -   Sensitivity: 1.00000
05/06/2026 22:37:41 - INFO - utils.trainer -   Loss: 0.00662
05/06/2026 22:37:41 - INFO - utils.trainer -    Train loss: 0.00046, Test loss: 0.00662,Epoch time = 2.178s
05/06/2026 22:37:41 - INFO - utils.trainer -   Saving model checkpoint to output_dir/CEEDNet
05/06/2026 22:37:43 - INFO - utils.trainer -   ***** Running evaluation on test2 dataset *****
05/06/2026 22:37:44 - INFO - utils.trainer -   AUC: 1.00000
05/06/2026 22:37:44 - INFO - utils.trainer -   Accuracy: 1.00000
05/06/2026 22:37:44 - INFO - utils.trainer -   Precision: 1.00000
05/06/2026 22:37:44 - INFO - utils.trainer -   Recall: 1.00000
05/06/2026 22:37:44 - INFO - utils.trainer -   F_score: 1.00000
05/06/2026 22:37:44 - INFO - utils.trainer -   Specificity: 1.00000
05/06/2026 22:37:44 - INFO - utils.trainer -   Sensitivity: 1.00000
05/06/2026 22:37:44 - INFO - utils.trainer -   Loss: 0.00621
05/06/2026 22:37:44 - INFO - utils.trainer -    Train loss: 0.00132, Test loss: 0.00621,Epoch time = 1.901s
05/06/2026 22:37:44 - INFO - utils.trainer -   Saving model checkpoint to output_dir/CEEDNet
05/06/2026 22:37:46 - INFO - utils.trainer -   ***** Running evaluation on test2 dataset *****
05/06/2026 22:37:47 - INFO - utils.trainer -   AUC: 1.00000
05/06/2026 22:37:47 - INFO - utils.trainer -   Accuracy: 1.00000
05/06/2026 22:37:47 - INFO - utils.trainer -   Precision: 1.00000
05/06/2026 22:37:47 - INFO - utils.trainer -   Recall: 1.00000
05/06/2026 22:37:47 - INFO - utils.trainer -   F_score: 1.00000
05/06/2026 22:37:47 - INFO - utils.trainer -   Specificity: 1.00000
05/06/2026 22:37:47 - INFO - utils.trainer -   Sensitivity: 1.00000
05/06/2026 22:37:47 - INFO - utils.trainer -   Loss: 0.00463
05/06/2026 22:37:47 - INFO - utils.trainer -    Train loss: 0.04306, Test loss: 0.00463,Epoch time = 1.960s
05/06/2026 22:37:47 - INFO - utils.trainer -   Saving model checkpoint to output_dir/CEEDNet
05/06/2026 22:37:49 - INFO - utils.trainer -   ***** Running evaluation on test2 dataset *****
05/06/2026 22:37:51 - INFO - utils.trainer -   AUC: 1.00000
05/06/2026 22:37:51 - INFO - utils.trainer -   Accuracy: 1.00000
05/06/2026 22:37:51 - INFO - utils.trainer -   Precision: 1.00000
05/06/2026 22:37:51 - INFO - utils.trainer -   Recall: 1.00000
05/06/2026 22:37:51 - INFO - utils.trainer -   F_score: 1.00000
05/06/2026 22:37:51 - INFO - utils.trainer -   Specificity: 1.00000
05/06/2026 22:37:51 - INFO - utils.trainer -   Sensitivity: 1.00000
05/06/2026 22:37:51 - INFO - utils.trainer -   Loss: 0.01127
05/06/2026 22:37:51 - INFO - utils.trainer -    Train loss: 0.00051, Test loss: 0.01127,Epoch time = 2.087s
05/06/2026 22:37:51 - INFO - utils.trainer -   Saving model checkpoint to output_dir/CEEDNet
05/06/2026 22:37:53 - INFO - utils.trainer -   ***** Running evaluation on test2 dataset *****
05/06/2026 22:37:54 - INFO - utils.trainer -   AUC: 1.00000
05/06/2026 22:37:54 - INFO - utils.trainer -   Accuracy: 1.00000
05/06/2026 22:37:54 - INFO - utils.trainer -   Precision: 1.00000
05/06/2026 22:37:54 - INFO - utils.trainer -   Recall: 1.00000
05/06/2026 22:37:54 - INFO - utils.trainer -   F_score: 1.00000
05/06/2026 22:37:54 - INFO - utils.trainer -   Specificity: 1.00000
05/06/2026 22:37:54 - INFO - utils.trainer -   Sensitivity: 1.00000
05/06/2026 22:37:54 - INFO - utils.trainer -   Loss: 0.01119
05/06/2026 22:37:54 - INFO - utils.trainer -    Train loss: 0.00041, Test loss: 0.01119,Epoch time = 1.817s
05/06/2026 22:37:54 - INFO - utils.trainer -   Saving model checkpoint to output_dir/CEEDNet
05/06/2026 22:37:56 - INFO - utils.trainer -   ***** Running evaluation on test2 dataset *****
05/06/2026 22:37:57 - INFO - utils.trainer -   AUC: 1.00000
05/06/2026 22:37:57 - INFO - utils.trainer -   Accuracy: 1.00000
05/06/2026 22:37:57 - INFO - utils.trainer -   Precision: 1.00000
05/06/2026 22:37:57 - INFO - utils.trainer -   Recall: 1.00000
05/06/2026 22:37:57 - INFO - utils.trainer -   F_score: 1.00000
05/06/2026 22:37:57 - INFO - utils.trainer -   Specificity: 1.00000
05/06/2026 22:37:57 - INFO - utils.trainer -   Sensitivity: 1.00000
05/06/2026 22:37:57 - INFO - utils.trainer -   Loss: 0.00920
05/06/2026 22:37:57 - INFO - utils.trainer -    Train loss: 0.00053, Test loss: 0.00920,Epoch time = 1.750s
05/06/2026 22:37:57 - INFO - utils.trainer -   Saving model checkpoint to output_dir/CEEDNet
05/06/2026 22:37:59 - INFO - utils.trainer -   ***** Running evaluation on test2 dataset *****
05/06/2026 22:38:00 - INFO - utils.trainer -   AUC: 1.00000
05/06/2026 22:38:00 - INFO - utils.trainer -   Accuracy: 1.00000
05/06/2026 22:38:00 - INFO - utils.trainer -   Precision: 1.00000
05/06/2026 22:38:00 - INFO - utils.trainer -   Recall: 1.00000
05/06/2026 22:38:00 - INFO - utils.trainer -   F_score: 1.00000
05/06/2026 22:38:00 - INFO - utils.trainer -   Specificity: 1.00000
05/06/2026 22:38:00 - INFO - utils.trainer -   Sensitivity: 1.00000
05/06/2026 22:38:00 - INFO - utils.trainer -   Loss: 0.00847
05/06/2026 22:38:00 - INFO - utils.trainer -    Train loss: 0.00052, Test loss: 0.00847,Epoch time = 2.199s
05/06/2026 22:38:00 - INFO - utils.trainer -   Saving model checkpoint to output_dir/CEEDNet
05/06/2026 22:38:02 - INFO - utils.trainer -   ***** Running evaluation on test2 dataset *****
05/06/2026 22:38:03 - INFO - utils.trainer -   AUC: 1.00000
05/06/2026 22:38:03 - INFO - utils.trainer -   Accuracy: 1.00000
05/06/2026 22:38:03 - INFO - utils.trainer -   Precision: 1.00000
05/06/2026 22:38:03 - INFO - utils.trainer -   Recall: 1.00000
05/06/2026 22:38:03 - INFO - utils.trainer -   F_score: 1.00000
05/06/2026 22:38:03 - INFO - utils.trainer -   Specificity: 1.00000
05/06/2026 22:38:03 - INFO - utils.trainer -   Sensitivity: 1.00000
05/06/2026 22:38:03 - INFO - utils.trainer -   Loss: 0.00954
05/06/2026 22:38:03 - INFO - utils.trainer -    Train loss: 0.00078, Test loss: 0.00954,Epoch time = 1.962s
05/06/2026 22:38:03 - INFO - utils.trainer -   Saving model checkpoint to output_dir/CEEDNet
05/06/2026 22:38:05 - INFO - utils.trainer -   ***** Running evaluation on test2 dataset *****
05/06/2026 22:38:06 - INFO - utils.trainer -   AUC: 1.00000
05/06/2026 22:38:06 - INFO - utils.trainer -   Accuracy: 1.00000
05/06/2026 22:38:06 - INFO - utils.trainer -   Precision: 1.00000
05/06/2026 22:38:06 - INFO - utils.trainer -   Recall: 1.00000
05/06/2026 22:38:06 - INFO - utils.trainer -   F_score: 1.00000
05/06/2026 22:38:06 - INFO - utils.trainer -   Specificity: 1.00000
05/06/2026 22:38:06 - INFO - utils.trainer -   Sensitivity: 1.00000
05/06/2026 22:38:06 - INFO - utils.trainer -   Loss: 0.00978
05/06/2026 22:38:06 - INFO - utils.trainer -    Train loss: 0.00043, Test loss: 0.00978,Epoch time = 1.946s
05/06/2026 22:38:06 - INFO - utils.trainer -   Saving model checkpoint to output_dir/CEEDNet
05/06/2026 22:38:08 - INFO - utils.trainer -   ***** Running evaluation on test2 dataset *****
05/06/2026 22:38:09 - INFO - utils.trainer -   AUC: 1.00000
05/06/2026 22:38:09 - INFO - utils.trainer -   Accuracy: 1.00000
05/06/2026 22:38:09 - INFO - utils.trainer -   Precision: 1.00000
05/06/2026 22:38:09 - INFO - utils.trainer -   Recall: 1.00000
05/06/2026 22:38:09 - INFO - utils.trainer -   F_score: 1.00000
05/06/2026 22:38:09 - INFO - utils.trainer -   Specificity: 1.00000
05/06/2026 22:38:09 - INFO - utils.trainer -   Sensitivity: 1.00000
05/06/2026 22:38:09 - INFO - utils.trainer -   Loss: 0.00950
05/06/2026 22:38:09 - INFO - utils.trainer -    Train loss: 0.00058, Test loss: 0.00950,Epoch time = 1.765s
05/06/2026 22:38:09 - INFO - utils.trainer -   Saving model checkpoint to output_dir/CEEDNet
05/06/2026 22:38:11 - INFO - utils.trainer -   ***** Running evaluation on test2 dataset *****
05/06/2026 22:38:12 - INFO - utils.trainer -   AUC: 1.00000
05/06/2026 22:38:12 - INFO - utils.trainer -   Accuracy: 1.00000
05/06/2026 22:38:12 - INFO - utils.trainer -   Precision: 1.00000
05/06/2026 22:38:12 - INFO - utils.trainer -   Recall: 1.00000
05/06/2026 22:38:12 - INFO - utils.trainer -   F_score: 1.00000
05/06/2026 22:38:12 - INFO - utils.trainer -   Specificity: 1.00000
05/06/2026 22:38:12 - INFO - utils.trainer -   Sensitivity: 1.00000
05/06/2026 22:38:12 - INFO - utils.trainer -   Loss: 0.00720
05/06/2026 22:38:12 - INFO - utils.trainer -    Train loss: 0.00041, Test loss: 0.00720,Epoch time = 1.979s
05/06/2026 22:38:12 - INFO - utils.trainer -   Saving model checkpoint to output_dir/CEEDNet
05/06/2026 22:38:15 - INFO - utils.trainer -   ***** Running evaluation on test2 dataset *****
05/06/2026 22:38:16 - INFO - utils.trainer -   AUC: 1.00000
05/06/2026 22:38:16 - INFO - utils.trainer -   Accuracy: 1.00000
05/06/2026 22:38:16 - INFO - utils.trainer -   Precision: 1.00000
05/06/2026 22:38:16 - INFO - utils.trainer -   Recall: 1.00000
05/06/2026 22:38:16 - INFO - utils.trainer -   F_score: 1.00000
05/06/2026 22:38:16 - INFO - utils.trainer -   Specificity: 1.00000
05/06/2026 22:38:16 - INFO - utils.trainer -   Sensitivity: 1.00000
05/06/2026 22:38:16 - INFO - utils.trainer -   Loss: 0.00820
05/06/2026 22:38:16 - INFO - utils.trainer -    Train loss: 0.00060, Test loss: 0.00820,Epoch time = 2.276s
05/06/2026 22:38:16 - INFO - utils.trainer -   Saving model checkpoint to output_dir/CEEDNet
05/06/2026 22:38:18 - INFO - utils.trainer -   ***** Running evaluation on test2 dataset *****
05/06/2026 22:38:19 - INFO - utils.trainer -   AUC: 1.00000
05/06/2026 22:38:19 - INFO - utils.trainer -   Accuracy: 1.00000
05/06/2026 22:38:19 - INFO - utils.trainer -   Precision: 1.00000
05/06/2026 22:38:19 - INFO - utils.trainer -   Recall: 1.00000
05/06/2026 22:38:19 - INFO - utils.trainer -   F_score: 1.00000
05/06/2026 22:38:19 - INFO - utils.trainer -   Specificity: 1.00000
05/06/2026 22:38:19 - INFO - utils.trainer -   Sensitivity: 1.00000
05/06/2026 22:38:19 - INFO - utils.trainer -   Loss: 0.00745
05/06/2026 22:38:19 - INFO - utils.trainer -    Train loss: 0.00038, Test loss: 0.00745,Epoch time = 2.165s
05/06/2026 22:38:19 - INFO - utils.trainer -   Saving model checkpoint to output_dir/CEEDNet
05/06/2026 22:38:21 - INFO - utils.trainer -   ***** Running evaluation on test2 dataset *****
05/06/2026 22:38:23 - INFO - utils.trainer -   AUC: 1.00000
05/06/2026 22:38:23 - INFO - utils.trainer -   Accuracy: 1.00000
05/06/2026 22:38:23 - INFO - utils.trainer -   Precision: 1.00000
05/06/2026 22:38:23 - INFO - utils.trainer -   Recall: 1.00000
05/06/2026 22:38:23 - INFO - utils.trainer -   F_score: 1.00000
05/06/2026 22:38:23 - INFO - utils.trainer -   Specificity: 1.00000
05/06/2026 22:38:23 - INFO - utils.trainer -   Sensitivity: 1.00000
05/06/2026 22:38:23 - INFO - utils.trainer -   Loss: 0.00899
05/06/2026 22:38:23 - INFO - utils.trainer -    Train loss: 0.00040, Test loss: 0.00899,Epoch time = 2.186s
05/06/2026 22:38:23 - INFO - utils.trainer -   Saving model checkpoint to output_dir/CEEDNet
05/06/2026 22:38:25 - INFO - utils.trainer -   ***** Running evaluation on test2 dataset *****
05/06/2026 22:38:26 - INFO - utils.trainer -   AUC: 1.00000
05/06/2026 22:38:26 - INFO - utils.trainer -   Accuracy: 1.00000
05/06/2026 22:38:26 - INFO - utils.trainer -   Precision: 1.00000
05/06/2026 22:38:26 - INFO - utils.trainer -   Recall: 1.00000
05/06/2026 22:38:26 - INFO - utils.trainer -   F_score: 1.00000
05/06/2026 22:38:26 - INFO - utils.trainer -   Specificity: 1.00000
05/06/2026 22:38:26 - INFO - utils.trainer -   Sensitivity: 1.00000
05/06/2026 22:38:26 - INFO - utils.trainer -   Loss: 0.00958
05/06/2026 22:38:26 - INFO - utils.trainer -    Train loss: 0.00056, Test loss: 0.00958,Epoch time = 2.098s
05/06/2026 22:38:26 - INFO - utils.trainer -   Saving model checkpoint to output_dir/CEEDNet
