03/01/2026 02:08:31 - INFO - __main__ -   ########## Repeat:0 ##########
03/01/2026 02:08:31 - INFO - utils.trainer -   ***** Running training *****
03/01/2026 02:08:31 - INFO - utils.trainer -     Num examples = 239
03/01/2026 02:08:31 - INFO - utils.trainer -     Num Epochs = 200
03/01/2026 02:08:31 - INFO - utils.trainer -     Total train batch size = 16
03/01/2026 02:08:31 - INFO - utils.trainer -     warmup steps = 400
03/01/2026 02:08:31 - INFO - utils.trainer -     Total optimization steps = 47800
03/01/2026 02:08:31 - INFO - utils.trainer -     Save steps = 200
03/01/2026 02:08:31 - INFO - root -   Parameters [normal] length [10]
03/01/2026 02:08:37 - INFO - utils.trainer -   ***** Running evaluation on test0 dataset *****
03/01/2026 02:08:41 - INFO - utils.trainer -   AUC: 0.13993
03/01/2026 02:08:41 - INFO - utils.trainer -   Accuracy: 0.54930
03/01/2026 02:08:41 - INFO - utils.trainer -   Precision: 0.00000
03/01/2026 02:08:41 - INFO - utils.trainer -   Recall: 0.00000
03/01/2026 02:08:41 - INFO - utils.trainer -   F_score: 0.00000
03/01/2026 02:08:41 - INFO - utils.trainer -   Specificity: 1.00000
03/01/2026 02:08:41 - INFO - utils.trainer -   Sensitivity: 0.00000
03/01/2026 02:08:41 - INFO - utils.trainer -   Loss: 0.36551
03/01/2026 02:08:41 - INFO - utils.trainer -   Epoch: 1, Train loss: 0.74091, Test loss: 0.36551,Epoch time = 6.257s
03/01/2026 02:08:47 - INFO - utils.trainer -   ***** Running evaluation on test0 dataset *****
03/01/2026 02:08:50 - INFO - utils.trainer -   AUC: 0.12701
03/01/2026 02:08:50 - INFO - utils.trainer -   Accuracy: 0.54930
03/01/2026 02:08:50 - INFO - utils.trainer -   Precision: 0.00000
03/01/2026 02:08:50 - INFO - utils.trainer -   Recall: 0.00000
03/01/2026 02:08:50 - INFO - utils.trainer -   F_score: 0.00000
03/01/2026 02:08:50 - INFO - utils.trainer -   Specificity: 1.00000
03/01/2026 02:08:50 - INFO - utils.trainer -   Sensitivity: 0.00000
03/01/2026 02:08:50 - INFO - utils.trainer -   Loss: 0.36537
03/01/2026 02:08:50 - INFO - utils.trainer -   Epoch: 2, Train loss: 0.63833, Test loss: 0.36537,Epoch time = 5.794s
03/01/2026 02:08:56 - INFO - utils.trainer -   ***** Running evaluation on test0 dataset *****
03/01/2026 02:09:00 - INFO - utils.trainer -   AUC: 0.08604
03/01/2026 02:09:00 - INFO - utils.trainer -   Accuracy: 0.54930
03/01/2026 02:09:00 - INFO - utils.trainer -   Precision: 0.00000
03/01/2026 02:09:00 - INFO - utils.trainer -   Recall: 0.00000
03/01/2026 02:09:00 - INFO - utils.trainer -   F_score: 0.00000
03/01/2026 02:09:00 - INFO - utils.trainer -   Specificity: 1.00000
03/01/2026 02:09:00 - INFO - utils.trainer -   Sensitivity: 0.00000
03/01/2026 02:09:00 - INFO - utils.trainer -   Loss: 0.36544
03/01/2026 02:09:00 - INFO - utils.trainer -   Epoch: 3, Train loss: 0.55936, Test loss: 0.36544,Epoch time = 5.776s
03/01/2026 02:09:06 - INFO - utils.trainer -   ***** Running evaluation on test0 dataset *****
03/01/2026 02:09:09 - INFO - utils.trainer -   AUC: 0.10358
03/01/2026 02:09:09 - INFO - utils.trainer -   Accuracy: 0.54930
03/01/2026 02:09:09 - INFO - utils.trainer -   Precision: 0.00000
03/01/2026 02:09:09 - INFO - utils.trainer -   Recall: 0.00000
03/01/2026 02:09:09 - INFO - utils.trainer -   F_score: 0.00000
03/01/2026 02:09:09 - INFO - utils.trainer -   Specificity: 1.00000
03/01/2026 02:09:09 - INFO - utils.trainer -   Sensitivity: 0.00000
03/01/2026 02:09:09 - INFO - utils.trainer -   Loss: 0.36537
03/01/2026 02:09:09 - INFO - utils.trainer -   Epoch: 4, Train loss: 0.47704, Test loss: 0.36537,Epoch time = 5.801s
03/01/2026 02:09:16 - INFO - utils.trainer -   ***** Running evaluation on test0 dataset *****
03/01/2026 02:09:20 - INFO - utils.trainer -   AUC: 0.09513
03/01/2026 02:09:20 - INFO - utils.trainer -   Accuracy: 0.54930
03/01/2026 02:09:20 - INFO - utils.trainer -   Precision: 0.00000
03/01/2026 02:09:20 - INFO - utils.trainer -   Recall: 0.00000
03/01/2026 02:09:20 - INFO - utils.trainer -   F_score: 0.00000
03/01/2026 02:09:20 - INFO - utils.trainer -   Specificity: 1.00000
03/01/2026 02:09:20 - INFO - utils.trainer -   Sensitivity: 0.00000
03/01/2026 02:09:20 - INFO - utils.trainer -   Loss: 0.36549
03/01/2026 02:09:20 - INFO - utils.trainer -   Epoch: 5, Train loss: 0.40780, Test loss: 0.36549,Epoch time = 6.182s
03/01/2026 02:09:25 - INFO - utils.trainer -   ***** Running evaluation on test0 dataset *****
03/01/2026 02:09:29 - INFO - utils.trainer -   AUC: 0.07500
03/01/2026 02:09:29 - INFO - utils.trainer -   Accuracy: 0.54930
03/01/2026 02:09:29 - INFO - utils.trainer -   Precision: 0.00000
03/01/2026 02:09:29 - INFO - utils.trainer -   Recall: 0.00000
03/01/2026 02:09:29 - INFO - utils.trainer -   F_score: 0.00000
03/01/2026 02:09:29 - INFO - utils.trainer -   Specificity: 1.00000
03/01/2026 02:09:29 - INFO - utils.trainer -   Sensitivity: 0.00000
03/01/2026 02:09:29 - INFO - utils.trainer -   Loss: 0.36565
03/01/2026 02:09:29 - INFO - utils.trainer -   Epoch: 6, Train loss: 0.34382, Test loss: 0.36565,Epoch time = 5.827s
03/01/2026 02:09:35 - INFO - utils.trainer -   ***** Running evaluation on test0 dataset *****
03/01/2026 02:09:39 - INFO - utils.trainer -   AUC: 0.07634
03/01/2026 02:09:39 - INFO - utils.trainer -   Accuracy: 0.54930
03/01/2026 02:09:39 - INFO - utils.trainer -   Precision: 0.00000
03/01/2026 02:09:39 - INFO - utils.trainer -   Recall: 0.00000
03/01/2026 02:09:39 - INFO - utils.trainer -   F_score: 0.00000
03/01/2026 02:09:39 - INFO - utils.trainer -   Specificity: 1.00000
03/01/2026 02:09:39 - INFO - utils.trainer -   Sensitivity: 0.00000
03/01/2026 02:09:39 - INFO - utils.trainer -   Loss: 0.36546
03/01/2026 02:09:39 - INFO - utils.trainer -   Epoch: 7, Train loss: 0.31940, Test loss: 0.36546,Epoch time = 5.798s
03/01/2026 02:09:45 - INFO - utils.trainer -   ***** Running evaluation on test0 dataset *****
03/01/2026 02:09:49 - INFO - utils.trainer -   AUC: 0.26985
03/01/2026 02:09:49 - INFO - utils.trainer -   Accuracy: 0.54930
03/01/2026 02:09:49 - INFO - utils.trainer -   Precision: 0.00000
03/01/2026 02:09:49 - INFO - utils.trainer -   Recall: 0.00000
03/01/2026 02:09:49 - INFO - utils.trainer -   F_score: 0.00000
03/01/2026 02:09:49 - INFO - utils.trainer -   Specificity: 1.00000
03/01/2026 02:09:49 - INFO - utils.trainer -   Sensitivity: 0.00000
03/01/2026 02:09:49 - INFO - utils.trainer -   Loss: 0.36522
03/01/2026 02:09:49 - INFO - utils.trainer -   Epoch: 8, Train loss: 0.30255, Test loss: 0.36522,Epoch time = 5.725s
03/01/2026 02:09:54 - INFO - utils.trainer -   ***** Running evaluation on test0 dataset *****
03/01/2026 02:09:58 - INFO - utils.trainer -   AUC: 0.69569
03/01/2026 02:09:58 - INFO - utils.trainer -   Accuracy: 0.54930
03/01/2026 02:09:58 - INFO - utils.trainer -   Precision: 0.00000
03/01/2026 02:09:58 - INFO - utils.trainer -   Recall: 0.00000
03/01/2026 02:09:58 - INFO - utils.trainer -   F_score: 0.00000
03/01/2026 02:09:58 - INFO - utils.trainer -   Specificity: 1.00000
03/01/2026 02:09:58 - INFO - utils.trainer -   Sensitivity: 0.00000
03/01/2026 02:09:58 - INFO - utils.trainer -   Loss: 0.36501
03/01/2026 02:09:58 - INFO - utils.trainer -   Epoch: 9, Train loss: 0.26385, Test loss: 0.36501,Epoch time = 5.749s
03/01/2026 02:10:04 - INFO - utils.trainer -   ***** Running evaluation on test0 dataset *****
03/01/2026 02:10:08 - INFO - utils.trainer -   AUC: 0.76332
03/01/2026 02:10:08 - INFO - utils.trainer -   Accuracy: 0.54930
03/01/2026 02:10:08 - INFO - utils.trainer -   Precision: 0.00000
03/01/2026 02:10:08 - INFO - utils.trainer -   Recall: 0.00000
03/01/2026 02:10:08 - INFO - utils.trainer -   F_score: 0.00000
03/01/2026 02:10:08 - INFO - utils.trainer -   Specificity: 1.00000
03/01/2026 02:10:08 - INFO - utils.trainer -   Sensitivity: 0.00000
03/01/2026 02:10:08 - INFO - utils.trainer -   Loss: 0.36499
03/01/2026 02:10:08 - INFO - utils.trainer -   Epoch: 10, Train loss: 0.25720, Test loss: 0.36499,Epoch time = 5.733s
03/01/2026 02:10:13 - INFO - utils.trainer -   ***** Running evaluation on test0 dataset *****
03/01/2026 02:10:17 - INFO - utils.trainer -   AUC: 0.78544
03/01/2026 02:10:17 - INFO - utils.trainer -   Accuracy: 0.54930
03/01/2026 02:10:17 - INFO - utils.trainer -   Precision: 0.00000
03/01/2026 02:10:17 - INFO - utils.trainer -   Recall: 0.00000
03/01/2026 02:10:17 - INFO - utils.trainer -   F_score: 0.00000
03/01/2026 02:10:17 - INFO - utils.trainer -   Specificity: 1.00000
03/01/2026 02:10:17 - INFO - utils.trainer -   Sensitivity: 0.00000
03/01/2026 02:10:17 - INFO - utils.trainer -   Loss: 0.36496
03/01/2026 02:10:17 - INFO - utils.trainer -   Epoch: 11, Train loss: 0.25541, Test loss: 0.36496,Epoch time = 5.828s
03/01/2026 02:10:23 - INFO - utils.trainer -   ***** Running evaluation on test0 dataset *****
03/01/2026 02:10:27 - INFO - utils.trainer -   AUC: 0.79221
03/01/2026 02:10:27 - INFO - utils.trainer -   Accuracy: 0.54930
03/01/2026 02:10:27 - INFO - utils.trainer -   Precision: 0.00000
03/01/2026 02:10:27 - INFO - utils.trainer -   Recall: 0.00000
03/01/2026 02:10:27 - INFO - utils.trainer -   F_score: 0.00000
03/01/2026 02:10:27 - INFO - utils.trainer -   Specificity: 1.00000
03/01/2026 02:10:27 - INFO - utils.trainer -   Sensitivity: 0.00000
03/01/2026 02:10:27 - INFO - utils.trainer -   Loss: 0.36494
03/01/2026 02:10:27 - INFO - utils.trainer -   Epoch: 12, Train loss: 0.24626, Test loss: 0.36494,Epoch time = 6.031s
03/01/2026 02:10:32 - INFO - utils.trainer -   ***** Running evaluation on test0 dataset *****
03/01/2026 02:10:36 - INFO - utils.trainer -   AUC: 0.81810
03/01/2026 02:10:36 - INFO - utils.trainer -   Accuracy: 0.54930
03/01/2026 02:10:36 - INFO - utils.trainer -   Precision: 0.00000
03/01/2026 02:10:36 - INFO - utils.trainer -   Recall: 0.00000
03/01/2026 02:10:36 - INFO - utils.trainer -   F_score: 0.00000
03/01/2026 02:10:36 - INFO - utils.trainer -   Specificity: 1.00000
03/01/2026 02:10:36 - INFO - utils.trainer -   Sensitivity: 0.00000
03/01/2026 02:10:36 - INFO - utils.trainer -   Loss: 0.36492
03/01/2026 02:10:36 - INFO - utils.trainer -   Epoch: 13, Train loss: 0.24414, Test loss: 0.36492,Epoch time = 5.704s
03/01/2026 02:10:42 - INFO - utils.trainer -   ***** Running evaluation on test0 dataset *****
03/01/2026 02:10:46 - INFO - utils.trainer -   AUC: 0.83914
03/01/2026 02:10:46 - INFO - utils.trainer -   Accuracy: 0.54930
03/01/2026 02:10:46 - INFO - utils.trainer -   Precision: 0.00000
03/01/2026 02:10:46 - INFO - utils.trainer -   Recall: 0.00000
03/01/2026 02:10:46 - INFO - utils.trainer -   F_score: 0.00000
03/01/2026 02:10:46 - INFO - utils.trainer -   Specificity: 1.00000
03/01/2026 02:10:46 - INFO - utils.trainer -   Sensitivity: 0.00000
03/01/2026 02:10:46 - INFO - utils.trainer -   Loss: 0.36491
03/01/2026 02:10:46 - INFO - utils.trainer -   Epoch: 14, Train loss: 0.24396, Test loss: 0.36491,Epoch time = 5.715s
03/01/2026 02:10:51 - INFO - utils.trainer -   ***** Running evaluation on test0 dataset *****
03/01/2026 02:10:55 - INFO - utils.trainer -   AUC: 0.77454
03/01/2026 02:10:55 - INFO - utils.trainer -   Accuracy: 0.54930
03/01/2026 02:10:55 - INFO - utils.trainer -   Precision: 0.00000
03/01/2026 02:10:55 - INFO - utils.trainer -   Recall: 0.00000
03/01/2026 02:10:55 - INFO - utils.trainer -   F_score: 0.00000
03/01/2026 02:10:55 - INFO - utils.trainer -   Specificity: 1.00000
03/01/2026 02:10:55 - INFO - utils.trainer -   Sensitivity: 0.00000
03/01/2026 02:10:55 - INFO - utils.trainer -   Loss: 0.36494
03/01/2026 02:10:55 - INFO - utils.trainer -   Epoch: 15, Train loss: 0.24645, Test loss: 0.36494,Epoch time = 5.729s
03/01/2026 02:11:01 - INFO - utils.trainer -   ***** Running evaluation on test0 dataset *****
03/01/2026 02:11:05 - INFO - utils.trainer -   AUC: 0.83184
03/01/2026 02:11:05 - INFO - utils.trainer -   Accuracy: 0.54930
03/01/2026 02:11:05 - INFO - utils.trainer -   Precision: 0.00000
03/01/2026 02:11:05 - INFO - utils.trainer -   Recall: 0.00000
03/01/2026 02:11:05 - INFO - utils.trainer -   F_score: 0.00000
03/01/2026 02:11:05 - INFO - utils.trainer -   Specificity: 1.00000
03/01/2026 02:11:05 - INFO - utils.trainer -   Sensitivity: 0.00000
03/01/2026 02:11:05 - INFO - utils.trainer -   Loss: 0.36491
03/01/2026 02:11:05 - INFO - utils.trainer -   Epoch: 16, Train loss: 0.23043, Test loss: 0.36491,Epoch time = 6.088s
03/01/2026 02:11:11 - INFO - utils.trainer -   ***** Running evaluation on test0 dataset *****
03/01/2026 02:11:15 - INFO - utils.trainer -   AUC: 0.83521
03/01/2026 02:11:15 - INFO - utils.trainer -   Accuracy: 0.54930
03/01/2026 02:11:15 - INFO - utils.trainer -   Precision: 0.00000
03/01/2026 02:11:15 - INFO - utils.trainer -   Recall: 0.00000
03/01/2026 02:11:15 - INFO - utils.trainer -   F_score: 0.00000
03/01/2026 02:11:15 - INFO - utils.trainer -   Specificity: 1.00000
03/01/2026 02:11:15 - INFO - utils.trainer -   Sensitivity: 0.00000
03/01/2026 02:11:15 - INFO - utils.trainer -   Loss: 0.36491
03/01/2026 02:11:15 - INFO - utils.trainer -   Epoch: 17, Train loss: 0.23635, Test loss: 0.36491,Epoch time = 6.096s
03/01/2026 02:11:21 - INFO - utils.trainer -   ***** Running evaluation on test0 dataset *****
03/01/2026 02:11:25 - INFO - utils.trainer -   AUC: 0.76365
03/01/2026 02:11:25 - INFO - utils.trainer -   Accuracy: 0.54930
03/01/2026 02:11:25 - INFO - utils.trainer -   Precision: 0.00000
03/01/2026 02:11:25 - INFO - utils.trainer -   Recall: 0.00000
03/01/2026 02:11:25 - INFO - utils.trainer -   F_score: 0.00000
03/01/2026 02:11:25 - INFO - utils.trainer -   Specificity: 1.00000
03/01/2026 02:11:25 - INFO - utils.trainer -   Sensitivity: 0.00000
03/01/2026 02:11:25 - INFO - utils.trainer -   Loss: 0.36495
03/01/2026 02:11:25 - INFO - utils.trainer -   Epoch: 18, Train loss: 0.22740, Test loss: 0.36495,Epoch time = 5.706s
03/01/2026 02:11:30 - INFO - utils.trainer -   ***** Running evaluation on test0 dataset *****
03/01/2026 02:11:34 - INFO - utils.trainer -   AUC: 0.83369
03/01/2026 02:11:34 - INFO - utils.trainer -   Accuracy: 0.54930
03/01/2026 02:11:34 - INFO - utils.trainer -   Precision: 0.00000
03/01/2026 02:11:34 - INFO - utils.trainer -   Recall: 0.00000
03/01/2026 02:11:34 - INFO - utils.trainer -   F_score: 0.00000
03/01/2026 02:11:34 - INFO - utils.trainer -   Specificity: 1.00000
03/01/2026 02:11:34 - INFO - utils.trainer -   Sensitivity: 0.00000
03/01/2026 02:11:34 - INFO - utils.trainer -   Loss: 0.36488
03/01/2026 02:11:34 - INFO - utils.trainer -   Epoch: 19, Train loss: 0.23143, Test loss: 0.36488,Epoch time = 5.819s
03/01/2026 02:11:40 - INFO - utils.trainer -   ***** Running evaluation on test0 dataset *****
03/01/2026 02:11:44 - INFO - utils.trainer -   AUC: 0.84011
03/01/2026 02:11:44 - INFO - utils.trainer -   Accuracy: 0.54930
03/01/2026 02:11:44 - INFO - utils.trainer -   Precision: 0.00000
03/01/2026 02:11:44 - INFO - utils.trainer -   Recall: 0.00000
03/01/2026 02:11:44 - INFO - utils.trainer -   F_score: 0.00000
03/01/2026 02:11:44 - INFO - utils.trainer -   Specificity: 1.00000
03/01/2026 02:11:44 - INFO - utils.trainer -   Sensitivity: 0.00000
03/01/2026 02:11:44 - INFO - utils.trainer -   Loss: 0.36488
03/01/2026 02:11:44 - INFO - utils.trainer -   Epoch: 20, Train loss: 0.23303, Test loss: 0.36488,Epoch time = 6.215s
03/01/2026 02:11:50 - INFO - utils.trainer -   ***** Running evaluation on test0 dataset *****
03/01/2026 02:11:54 - INFO - utils.trainer -   AUC: 0.80014
03/01/2026 02:11:54 - INFO - utils.trainer -   Accuracy: 0.54930
03/01/2026 02:11:54 - INFO - utils.trainer -   Precision: 0.00000
03/01/2026 02:11:54 - INFO - utils.trainer -   Recall: 0.00000
03/01/2026 02:11:54 - INFO - utils.trainer -   F_score: 0.00000
03/01/2026 02:11:54 - INFO - utils.trainer -   Specificity: 1.00000
03/01/2026 02:11:54 - INFO - utils.trainer -   Sensitivity: 0.00000
03/01/2026 02:11:54 - INFO - utils.trainer -   Loss: 0.36494
03/01/2026 02:11:54 - INFO - utils.trainer -   Epoch: 21, Train loss: 0.22775, Test loss: 0.36494,Epoch time = 6.220s
03/01/2026 02:12:00 - INFO - utils.trainer -   ***** Running evaluation on test0 dataset *****
03/01/2026 02:12:04 - INFO - utils.trainer -   AUC: 0.85207
03/01/2026 02:12:04 - INFO - utils.trainer -   Accuracy: 0.54930
03/01/2026 02:12:04 - INFO - utils.trainer -   Precision: 0.00000
03/01/2026 02:12:04 - INFO - utils.trainer -   Recall: 0.00000
03/01/2026 02:12:04 - INFO - utils.trainer -   F_score: 0.00000
03/01/2026 02:12:04 - INFO - utils.trainer -   Specificity: 1.00000
03/01/2026 02:12:04 - INFO - utils.trainer -   Sensitivity: 0.00000
03/01/2026 02:12:04 - INFO - utils.trainer -   Loss: 0.36490
03/01/2026 02:12:04 - INFO - utils.trainer -   Epoch: 22, Train loss: 0.22590, Test loss: 0.36490,Epoch time = 5.821s
03/01/2026 02:12:10 - INFO - utils.trainer -   ***** Running evaluation on test0 dataset *****
03/01/2026 02:12:14 - INFO - utils.trainer -   AUC: 0.84382
03/01/2026 02:12:14 - INFO - utils.trainer -   Accuracy: 0.54930
03/01/2026 02:12:14 - INFO - utils.trainer -   Precision: 0.00000
03/01/2026 02:12:14 - INFO - utils.trainer -   Recall: 0.00000
03/01/2026 02:12:14 - INFO - utils.trainer -   F_score: 0.00000
03/01/2026 02:12:14 - INFO - utils.trainer -   Specificity: 1.00000
03/01/2026 02:12:14 - INFO - utils.trainer -   Sensitivity: 0.00000
03/01/2026 02:12:14 - INFO - utils.trainer -   Loss: 0.36493
03/01/2026 02:12:14 - INFO - utils.trainer -   Epoch: 23, Train loss: 0.23636, Test loss: 0.36493,Epoch time = 5.891s
03/01/2026 02:12:20 - INFO - utils.trainer -   ***** Running evaluation on test0 dataset *****
03/01/2026 02:12:23 - INFO - utils.trainer -   AUC: 0.82963
03/01/2026 02:12:23 - INFO - utils.trainer -   Accuracy: 0.54930
03/01/2026 02:12:23 - INFO - utils.trainer -   Precision: 0.00000
03/01/2026 02:12:23 - INFO - utils.trainer -   Recall: 0.00000
03/01/2026 02:12:23 - INFO - utils.trainer -   F_score: 0.00000
03/01/2026 02:12:23 - INFO - utils.trainer -   Specificity: 1.00000
03/01/2026 02:12:23 - INFO - utils.trainer -   Sensitivity: 0.00000
03/01/2026 02:12:23 - INFO - utils.trainer -   Loss: 0.36491
03/01/2026 02:12:23 - INFO - utils.trainer -   Epoch: 24, Train loss: 0.24251, Test loss: 0.36491,Epoch time = 6.084s
03/01/2026 02:12:29 - INFO - utils.trainer -   ***** Running evaluation on test0 dataset *****
03/01/2026 02:12:33 - INFO - utils.trainer -   AUC: 0.80401
03/01/2026 02:12:33 - INFO - utils.trainer -   Accuracy: 0.54930
03/01/2026 02:12:33 - INFO - utils.trainer -   Precision: 0.00000
03/01/2026 02:12:33 - INFO - utils.trainer -   Recall: 0.00000
03/01/2026 02:12:33 - INFO - utils.trainer -   F_score: 0.00000
03/01/2026 02:12:33 - INFO - utils.trainer -   Specificity: 1.00000
03/01/2026 02:12:33 - INFO - utils.trainer -   Sensitivity: 0.00000
03/01/2026 02:12:33 - INFO - utils.trainer -   Loss: 0.36492
03/01/2026 02:12:33 - INFO - utils.trainer -   Epoch: 25, Train loss: 0.23026, Test loss: 0.36492,Epoch time = 5.735s
03/01/2026 02:12:39 - INFO - utils.trainer -   ***** Running evaluation on test0 dataset *****
03/01/2026 02:12:42 - INFO - utils.trainer -   AUC: 0.84705
03/01/2026 02:12:42 - INFO - utils.trainer -   Accuracy: 0.54930
03/01/2026 02:12:42 - INFO - utils.trainer -   Precision: 0.00000
03/01/2026 02:12:42 - INFO - utils.trainer -   Recall: 0.00000
03/01/2026 02:12:42 - INFO - utils.trainer -   F_score: 0.00000
03/01/2026 02:12:42 - INFO - utils.trainer -   Specificity: 1.00000
03/01/2026 02:12:42 - INFO - utils.trainer -   Sensitivity: 0.00000
03/01/2026 02:12:42 - INFO - utils.trainer -   Loss: 0.36488
03/01/2026 02:12:42 - INFO - utils.trainer -   Epoch: 26, Train loss: 0.24249, Test loss: 0.36488,Epoch time = 5.659s
03/01/2026 02:12:48 - INFO - utils.trainer -   ***** Running evaluation on test0 dataset *****
03/01/2026 02:12:52 - INFO - utils.trainer -   AUC: 0.82212
03/01/2026 02:12:52 - INFO - utils.trainer -   Accuracy: 0.54930
03/01/2026 02:12:52 - INFO - utils.trainer -   Precision: 0.00000
03/01/2026 02:12:52 - INFO - utils.trainer -   Recall: 0.00000
03/01/2026 02:12:52 - INFO - utils.trainer -   F_score: 0.00000
03/01/2026 02:12:52 - INFO - utils.trainer -   Specificity: 1.00000
03/01/2026 02:12:52 - INFO - utils.trainer -   Sensitivity: 0.00000
03/01/2026 02:12:52 - INFO - utils.trainer -   Loss: 0.36494
03/01/2026 02:12:52 - INFO - utils.trainer -   Epoch: 27, Train loss: 0.24375, Test loss: 0.36494,Epoch time = 5.852s
03/01/2026 02:12:58 - INFO - utils.trainer -   ***** Running evaluation on test0 dataset *****
03/01/2026 02:13:02 - INFO - utils.trainer -   AUC: 0.79670
03/01/2026 02:13:02 - INFO - utils.trainer -   Accuracy: 0.54930
03/01/2026 02:13:02 - INFO - utils.trainer -   Precision: 0.00000
03/01/2026 02:13:02 - INFO - utils.trainer -   Recall: 0.00000
03/01/2026 02:13:02 - INFO - utils.trainer -   F_score: 0.00000
03/01/2026 02:13:02 - INFO - utils.trainer -   Specificity: 1.00000
03/01/2026 02:13:02 - INFO - utils.trainer -   Sensitivity: 0.00000
03/01/2026 02:13:02 - INFO - utils.trainer -   Loss: 0.36493
03/01/2026 02:13:02 - INFO - utils.trainer -   Epoch: 28, Train loss: 0.22590, Test loss: 0.36493,Epoch time = 5.844s
03/01/2026 02:13:07 - INFO - utils.trainer -   ***** Running evaluation on test0 dataset *****
03/01/2026 02:13:11 - INFO - utils.trainer -   AUC: 0.75494
03/01/2026 02:13:11 - INFO - utils.trainer -   Accuracy: 0.54930
03/01/2026 02:13:11 - INFO - utils.trainer -   Precision: 0.00000
03/01/2026 02:13:11 - INFO - utils.trainer -   Recall: 0.00000
03/01/2026 02:13:11 - INFO - utils.trainer -   F_score: 0.00000
03/01/2026 02:13:11 - INFO - utils.trainer -   Specificity: 1.00000
03/01/2026 02:13:11 - INFO - utils.trainer -   Sensitivity: 0.00000
03/01/2026 02:13:11 - INFO - utils.trainer -   Loss: 0.36495
03/01/2026 02:13:11 - INFO - utils.trainer -   Epoch: 29, Train loss: 0.22841, Test loss: 0.36495,Epoch time = 5.688s
03/01/2026 02:13:17 - INFO - utils.trainer -   ***** Running evaluation on test0 dataset *****
03/01/2026 02:13:21 - INFO - utils.trainer -   AUC: 0.82996
03/01/2026 02:13:21 - INFO - utils.trainer -   Accuracy: 0.54930
03/01/2026 02:13:21 - INFO - utils.trainer -   Precision: 0.00000
03/01/2026 02:13:21 - INFO - utils.trainer -   Recall: 0.00000
03/01/2026 02:13:21 - INFO - utils.trainer -   F_score: 0.00000
03/01/2026 02:13:21 - INFO - utils.trainer -   Specificity: 1.00000
03/01/2026 02:13:21 - INFO - utils.trainer -   Sensitivity: 0.00000
03/01/2026 02:13:21 - INFO - utils.trainer -   Loss: 0.36488
03/01/2026 02:13:21 - INFO - utils.trainer -   Epoch: 30, Train loss: 0.21941, Test loss: 0.36488,Epoch time = 5.850s
03/01/2026 02:13:27 - INFO - utils.trainer -   ***** Running evaluation on test0 dataset *****
03/01/2026 02:13:30 - INFO - utils.trainer -   AUC: 0.84684
03/01/2026 02:13:30 - INFO - utils.trainer -   Accuracy: 0.54930
03/01/2026 02:13:30 - INFO - utils.trainer -   Precision: 0.00000
03/01/2026 02:13:30 - INFO - utils.trainer -   Recall: 0.00000
03/01/2026 02:13:30 - INFO - utils.trainer -   F_score: 0.00000
03/01/2026 02:13:30 - INFO - utils.trainer -   Specificity: 1.00000
03/01/2026 02:13:30 - INFO - utils.trainer -   Sensitivity: 0.00000
03/01/2026 02:13:30 - INFO - utils.trainer -   Loss: 0.36487
03/01/2026 02:13:30 - INFO - utils.trainer -   Epoch: 31, Train loss: 0.21944, Test loss: 0.36487,Epoch time = 5.733s
03/01/2026 02:13:36 - INFO - utils.trainer -   ***** Running evaluation on test0 dataset *****
03/01/2026 02:13:40 - INFO - utils.trainer -   AUC: 0.82504
03/01/2026 02:13:40 - INFO - utils.trainer -   Accuracy: 0.54930
03/01/2026 02:13:40 - INFO - utils.trainer -   Precision: 0.00000
03/01/2026 02:13:40 - INFO - utils.trainer -   Recall: 0.00000
03/01/2026 02:13:40 - INFO - utils.trainer -   F_score: 0.00000
03/01/2026 02:13:40 - INFO - utils.trainer -   Specificity: 1.00000
03/01/2026 02:13:40 - INFO - utils.trainer -   Sensitivity: 0.00000
03/01/2026 02:13:40 - INFO - utils.trainer -   Loss: 0.36491
03/01/2026 02:13:40 - INFO - utils.trainer -   Epoch: 32, Train loss: 0.21298, Test loss: 0.36491,Epoch time = 5.723s
03/01/2026 02:13:46 - INFO - utils.trainer -   ***** Running evaluation on test0 dataset *****
03/01/2026 02:13:50 - INFO - utils.trainer -   AUC: 0.83297
03/01/2026 02:13:50 - INFO - utils.trainer -   Accuracy: 0.54930
03/01/2026 02:13:50 - INFO - utils.trainer -   Precision: 0.00000
03/01/2026 02:13:50 - INFO - utils.trainer -   Recall: 0.00000
03/01/2026 02:13:50 - INFO - utils.trainer -   F_score: 0.00000
03/01/2026 02:13:50 - INFO - utils.trainer -   Specificity: 1.00000
03/01/2026 02:13:50 - INFO - utils.trainer -   Sensitivity: 0.00000
03/01/2026 02:13:50 - INFO - utils.trainer -   Loss: 0.36489
03/01/2026 02:13:50 - INFO - utils.trainer -   Epoch: 33, Train loss: 0.22328, Test loss: 0.36489,Epoch time = 5.761s
03/01/2026 02:13:55 - INFO - utils.trainer -   ***** Running evaluation on test0 dataset *****
03/01/2026 02:13:59 - INFO - utils.trainer -   AUC: 0.84792
03/01/2026 02:13:59 - INFO - utils.trainer -   Accuracy: 0.54930
03/01/2026 02:13:59 - INFO - utils.trainer -   Precision: 0.00000
03/01/2026 02:13:59 - INFO - utils.trainer -   Recall: 0.00000
03/01/2026 02:13:59 - INFO - utils.trainer -   F_score: 0.00000
03/01/2026 02:13:59 - INFO - utils.trainer -   Specificity: 1.00000
03/01/2026 02:13:59 - INFO - utils.trainer -   Sensitivity: 0.00000
03/01/2026 02:13:59 - INFO - utils.trainer -   Loss: 0.36488
03/01/2026 02:13:59 - INFO - utils.trainer -   Epoch: 34, Train loss: 0.21815, Test loss: 0.36488,Epoch time = 5.718s
03/01/2026 02:14:05 - INFO - utils.trainer -   ***** Running evaluation on test0 dataset *****
03/01/2026 02:14:09 - INFO - utils.trainer -   AUC: 0.80964
03/01/2026 02:14:09 - INFO - utils.trainer -   Accuracy: 0.54930
03/01/2026 02:14:09 - INFO - utils.trainer -   Precision: 0.00000
03/01/2026 02:14:09 - INFO - utils.trainer -   Recall: 0.00000
03/01/2026 02:14:09 - INFO - utils.trainer -   F_score: 0.00000
03/01/2026 02:14:09 - INFO - utils.trainer -   Specificity: 1.00000
03/01/2026 02:14:09 - INFO - utils.trainer -   Sensitivity: 0.00000
03/01/2026 02:14:09 - INFO - utils.trainer -   Loss: 0.36494
03/01/2026 02:14:09 - INFO - utils.trainer -   Epoch: 35, Train loss: 0.23043, Test loss: 0.36494,Epoch time = 5.895s
03/01/2026 02:14:15 - INFO - utils.trainer -   ***** Running evaluation on test0 dataset *****
03/01/2026 02:14:18 - INFO - utils.trainer -   AUC: 0.78098
03/01/2026 02:14:18 - INFO - utils.trainer -   Accuracy: 0.54930
03/01/2026 02:14:18 - INFO - utils.trainer -   Precision: 0.00000
03/01/2026 02:14:18 - INFO - utils.trainer -   Recall: 0.00000
03/01/2026 02:14:18 - INFO - utils.trainer -   F_score: 0.00000
03/01/2026 02:14:18 - INFO - utils.trainer -   Specificity: 1.00000
03/01/2026 02:14:18 - INFO - utils.trainer -   Sensitivity: 0.00000
03/01/2026 02:14:18 - INFO - utils.trainer -   Loss: 0.36497
03/01/2026 02:14:18 - INFO - utils.trainer -   Epoch: 36, Train loss: 0.23887, Test loss: 0.36497,Epoch time = 5.683s
03/01/2026 02:14:24 - INFO - utils.trainer -   ***** Running evaluation on test0 dataset *****
03/01/2026 02:14:28 - INFO - utils.trainer -   AUC: 0.79900
03/01/2026 02:14:28 - INFO - utils.trainer -   Accuracy: 0.54930
03/01/2026 02:14:28 - INFO - utils.trainer -   Precision: 0.00000
03/01/2026 02:14:28 - INFO - utils.trainer -   Recall: 0.00000
03/01/2026 02:14:28 - INFO - utils.trainer -   F_score: 0.00000
03/01/2026 02:14:28 - INFO - utils.trainer -   Specificity: 1.00000
03/01/2026 02:14:28 - INFO - utils.trainer -   Sensitivity: 0.00000
03/01/2026 02:14:28 - INFO - utils.trainer -   Loss: 0.36494
03/01/2026 02:14:28 - INFO - utils.trainer -   Epoch: 37, Train loss: 0.22160, Test loss: 0.36494,Epoch time = 5.754s
03/01/2026 02:14:34 - INFO - utils.trainer -   ***** Running evaluation on test0 dataset *****
03/01/2026 02:14:38 - INFO - utils.trainer -   AUC: 0.81117
03/01/2026 02:14:38 - INFO - utils.trainer -   Accuracy: 0.54930
03/01/2026 02:14:38 - INFO - utils.trainer -   Precision: 0.00000
03/01/2026 02:14:38 - INFO - utils.trainer -   Recall: 0.00000
03/01/2026 02:14:38 - INFO - utils.trainer -   F_score: 0.00000
03/01/2026 02:14:38 - INFO - utils.trainer -   Specificity: 1.00000
03/01/2026 02:14:38 - INFO - utils.trainer -   Sensitivity: 0.00000
03/01/2026 02:14:38 - INFO - utils.trainer -   Loss: 0.36494
03/01/2026 02:14:38 - INFO - utils.trainer -   Epoch: 38, Train loss: 0.20249, Test loss: 0.36494,Epoch time = 5.733s
03/01/2026 02:14:43 - INFO - utils.trainer -   ***** Running evaluation on test0 dataset *****
03/01/2026 02:14:47 - INFO - utils.trainer -   AUC: 0.72068
03/01/2026 02:14:47 - INFO - utils.trainer -   Accuracy: 0.54930
03/01/2026 02:14:47 - INFO - utils.trainer -   Precision: 0.00000
03/01/2026 02:14:47 - INFO - utils.trainer -   Recall: 0.00000
03/01/2026 02:14:47 - INFO - utils.trainer -   F_score: 0.00000
03/01/2026 02:14:47 - INFO - utils.trainer -   Specificity: 1.00000
03/01/2026 02:14:47 - INFO - utils.trainer -   Sensitivity: 0.00000
03/01/2026 02:14:47 - INFO - utils.trainer -   Loss: 0.36503
03/01/2026 02:14:47 - INFO - utils.trainer -   Epoch: 39, Train loss: 0.19762, Test loss: 0.36503,Epoch time = 5.736s
03/01/2026 02:14:53 - INFO - utils.trainer -   ***** Running evaluation on test0 dataset *****
03/01/2026 02:14:57 - INFO - utils.trainer -   AUC: 0.74660
03/01/2026 02:14:57 - INFO - utils.trainer -   Accuracy: 0.54930
03/01/2026 02:14:57 - INFO - utils.trainer -   Precision: 0.00000
03/01/2026 02:14:57 - INFO - utils.trainer -   Recall: 0.00000
03/01/2026 02:14:57 - INFO - utils.trainer -   F_score: 0.00000
03/01/2026 02:14:57 - INFO - utils.trainer -   Specificity: 1.00000
03/01/2026 02:14:57 - INFO - utils.trainer -   Sensitivity: 0.00000
03/01/2026 02:14:57 - INFO - utils.trainer -   Loss: 0.36501
03/01/2026 02:14:57 - INFO - utils.trainer -   Epoch: 40, Train loss: 0.19830, Test loss: 0.36501,Epoch time = 5.874s
03/01/2026 02:15:02 - INFO - utils.trainer -   ***** Running evaluation on test0 dataset *****
03/01/2026 02:15:06 - INFO - utils.trainer -   AUC: 0.80014
03/01/2026 02:15:06 - INFO - utils.trainer -   Accuracy: 0.54930
03/01/2026 02:15:06 - INFO - utils.trainer -   Precision: 0.00000
03/01/2026 02:15:06 - INFO - utils.trainer -   Recall: 0.00000
03/01/2026 02:15:06 - INFO - utils.trainer -   F_score: 0.00000
03/01/2026 02:15:06 - INFO - utils.trainer -   Specificity: 1.00000
03/01/2026 02:15:06 - INFO - utils.trainer -   Sensitivity: 0.00000
03/01/2026 02:15:06 - INFO - utils.trainer -   Loss: 0.36496
03/01/2026 02:15:06 - INFO - utils.trainer -   Epoch: 41, Train loss: 0.19310, Test loss: 0.36496,Epoch time = 5.736s
03/01/2026 02:15:12 - INFO - utils.trainer -   ***** Running evaluation on test0 dataset *****
03/01/2026 02:15:15 - INFO - utils.trainer -   AUC: 0.75813
03/01/2026 02:15:15 - INFO - utils.trainer -   Accuracy: 0.54930
03/01/2026 02:15:15 - INFO - utils.trainer -   Precision: 0.00000
03/01/2026 02:15:15 - INFO - utils.trainer -   Recall: 0.00000
03/01/2026 02:15:15 - INFO - utils.trainer -   F_score: 0.00000
03/01/2026 02:15:15 - INFO - utils.trainer -   Specificity: 1.00000
03/01/2026 02:15:15 - INFO - utils.trainer -   Sensitivity: 0.00000
03/01/2026 02:15:15 - INFO - utils.trainer -   Loss: 0.36499
03/01/2026 02:15:15 - INFO - utils.trainer -   Epoch: 42, Train loss: 0.19796, Test loss: 0.36499,Epoch time = 5.671s
03/01/2026 02:15:21 - INFO - utils.trainer -   ***** Running evaluation on test0 dataset *****
03/01/2026 02:15:25 - INFO - utils.trainer -   AUC: 0.83546
03/01/2026 02:15:25 - INFO - utils.trainer -   Accuracy: 0.54930
03/01/2026 02:15:25 - INFO - utils.trainer -   Precision: 0.00000
03/01/2026 02:15:25 - INFO - utils.trainer -   Recall: 0.00000
03/01/2026 02:15:25 - INFO - utils.trainer -   F_score: 0.00000
03/01/2026 02:15:25 - INFO - utils.trainer -   Specificity: 1.00000
03/01/2026 02:15:25 - INFO - utils.trainer -   Sensitivity: 0.00000
03/01/2026 02:15:25 - INFO - utils.trainer -   Loss: 0.36490
03/01/2026 02:15:25 - INFO - utils.trainer -   Epoch: 43, Train loss: 0.20059, Test loss: 0.36490,Epoch time = 5.622s
03/01/2026 02:15:31 - INFO - utils.trainer -   ***** Running evaluation on test0 dataset *****
03/01/2026 02:15:34 - INFO - utils.trainer -   AUC: 0.75888
03/01/2026 02:15:34 - INFO - utils.trainer -   Accuracy: 0.54930
03/01/2026 02:15:34 - INFO - utils.trainer -   Precision: 0.00000
03/01/2026 02:15:34 - INFO - utils.trainer -   Recall: 0.00000
03/01/2026 02:15:34 - INFO - utils.trainer -   F_score: 0.00000
03/01/2026 02:15:34 - INFO - utils.trainer -   Specificity: 1.00000
03/01/2026 02:15:34 - INFO - utils.trainer -   Sensitivity: 0.00000
03/01/2026 02:15:34 - INFO - utils.trainer -   Loss: 0.36500
03/01/2026 02:15:34 - INFO - utils.trainer -   Epoch: 44, Train loss: 0.19775, Test loss: 0.36500,Epoch time = 5.746s
03/01/2026 02:15:40 - INFO - utils.trainer -   ***** Running evaluation on test0 dataset *****
03/01/2026 02:15:44 - INFO - utils.trainer -   AUC: 0.80274
03/01/2026 02:15:44 - INFO - utils.trainer -   Accuracy: 0.54930
03/01/2026 02:15:44 - INFO - utils.trainer -   Precision: 0.00000
03/01/2026 02:15:44 - INFO - utils.trainer -   Recall: 0.00000
03/01/2026 02:15:44 - INFO - utils.trainer -   F_score: 0.00000
03/01/2026 02:15:44 - INFO - utils.trainer -   Specificity: 1.00000
03/01/2026 02:15:44 - INFO - utils.trainer -   Sensitivity: 0.00000
03/01/2026 02:15:44 - INFO - utils.trainer -   Loss: 0.36497
03/01/2026 02:15:44 - INFO - utils.trainer -   Epoch: 45, Train loss: 0.19617, Test loss: 0.36497,Epoch time = 5.842s
03/01/2026 02:15:50 - INFO - utils.trainer -   ***** Running evaluation on test0 dataset *****
03/01/2026 02:15:54 - INFO - utils.trainer -   AUC: 0.82058
03/01/2026 02:15:54 - INFO - utils.trainer -   Accuracy: 0.54930
03/01/2026 02:15:54 - INFO - utils.trainer -   Precision: 0.00000
03/01/2026 02:15:54 - INFO - utils.trainer -   Recall: 0.00000
03/01/2026 02:15:54 - INFO - utils.trainer -   F_score: 0.00000
03/01/2026 02:15:54 - INFO - utils.trainer -   Specificity: 1.00000
03/01/2026 02:15:54 - INFO - utils.trainer -   Sensitivity: 0.00000
03/01/2026 02:15:54 - INFO - utils.trainer -   Loss: 0.36494
03/01/2026 02:15:54 - INFO - utils.trainer -   Epoch: 46, Train loss: 0.18815, Test loss: 0.36494,Epoch time = 5.799s
03/01/2026 02:15:59 - INFO - utils.trainer -   ***** Running evaluation on test0 dataset *****
03/01/2026 02:16:03 - INFO - utils.trainer -   AUC: 0.79783
03/01/2026 02:16:03 - INFO - utils.trainer -   Accuracy: 0.54930
03/01/2026 02:16:03 - INFO - utils.trainer -   Precision: 0.00000
03/01/2026 02:16:03 - INFO - utils.trainer -   Recall: 0.00000
03/01/2026 02:16:03 - INFO - utils.trainer -   F_score: 0.00000
03/01/2026 02:16:03 - INFO - utils.trainer -   Specificity: 1.00000
03/01/2026 02:16:03 - INFO - utils.trainer -   Sensitivity: 0.00000
03/01/2026 02:16:03 - INFO - utils.trainer -   Loss: 0.36498
03/01/2026 02:16:03 - INFO - utils.trainer -   Epoch: 47, Train loss: 0.19356, Test loss: 0.36498,Epoch time = 5.700s
03/01/2026 02:16:09 - INFO - utils.trainer -   ***** Running evaluation on test0 dataset *****
03/01/2026 02:16:13 - INFO - utils.trainer -   AUC: 0.72169
03/01/2026 02:16:13 - INFO - utils.trainer -   Accuracy: 0.54930
03/01/2026 02:16:13 - INFO - utils.trainer -   Precision: 0.00000
03/01/2026 02:16:13 - INFO - utils.trainer -   Recall: 0.00000
03/01/2026 02:16:13 - INFO - utils.trainer -   F_score: 0.00000
03/01/2026 02:16:13 - INFO - utils.trainer -   Specificity: 1.00000
03/01/2026 02:16:13 - INFO - utils.trainer -   Sensitivity: 0.00000
03/01/2026 02:16:13 - INFO - utils.trainer -   Loss: 0.36503
03/01/2026 02:16:13 - INFO - utils.trainer -   Epoch: 48, Train loss: 0.18202, Test loss: 0.36503,Epoch time = 5.937s
03/01/2026 02:16:19 - INFO - utils.trainer -   ***** Running evaluation on test0 dataset *****
03/01/2026 02:16:23 - INFO - utils.trainer -   AUC: 0.73230
03/01/2026 02:16:23 - INFO - utils.trainer -   Accuracy: 0.54930
03/01/2026 02:16:23 - INFO - utils.trainer -   Precision: 0.00000
03/01/2026 02:16:23 - INFO - utils.trainer -   Recall: 0.00000
03/01/2026 02:16:23 - INFO - utils.trainer -   F_score: 0.00000
03/01/2026 02:16:23 - INFO - utils.trainer -   Specificity: 1.00000
03/01/2026 02:16:23 - INFO - utils.trainer -   Sensitivity: 0.00000
03/01/2026 02:16:23 - INFO - utils.trainer -   Loss: 0.36503
03/01/2026 02:16:23 - INFO - utils.trainer -   Epoch: 49, Train loss: 0.17684, Test loss: 0.36503,Epoch time = 5.979s
03/01/2026 02:16:29 - INFO - utils.trainer -   ***** Running evaluation on test0 dataset *****
03/01/2026 02:16:32 - INFO - utils.trainer -   AUC: 0.82002
03/01/2026 02:16:32 - INFO - utils.trainer -   Accuracy: 0.54930
03/01/2026 02:16:32 - INFO - utils.trainer -   Precision: 0.00000
03/01/2026 02:16:32 - INFO - utils.trainer -   Recall: 0.00000
03/01/2026 02:16:32 - INFO - utils.trainer -   F_score: 0.00000
03/01/2026 02:16:32 - INFO - utils.trainer -   Specificity: 1.00000
03/01/2026 02:16:32 - INFO - utils.trainer -   Sensitivity: 0.00000
03/01/2026 02:16:32 - INFO - utils.trainer -   Loss: 0.36494
03/01/2026 02:16:32 - INFO - utils.trainer -   Epoch: 50, Train loss: 0.17485, Test loss: 0.36494,Epoch time = 5.840s
03/01/2026 02:16:38 - INFO - utils.trainer -   ***** Running evaluation on test0 dataset *****
03/01/2026 02:16:42 - INFO - utils.trainer -   AUC: 0.75242
03/01/2026 02:16:42 - INFO - utils.trainer -   Accuracy: 0.54930
03/01/2026 02:16:42 - INFO - utils.trainer -   Precision: 0.00000
03/01/2026 02:16:42 - INFO - utils.trainer -   Recall: 0.00000
03/01/2026 02:16:42 - INFO - utils.trainer -   F_score: 0.00000
03/01/2026 02:16:42 - INFO - utils.trainer -   Specificity: 1.00000
03/01/2026 02:16:42 - INFO - utils.trainer -   Sensitivity: 0.00000
03/01/2026 02:16:42 - INFO - utils.trainer -   Loss: 0.36501
03/01/2026 02:16:42 - INFO - utils.trainer -   Epoch: 51, Train loss: 0.17991, Test loss: 0.36501,Epoch time = 5.655s
03/01/2026 02:16:48 - INFO - utils.trainer -   ***** Running evaluation on test0 dataset *****
03/01/2026 02:16:51 - INFO - utils.trainer -   AUC: 0.75601
03/01/2026 02:16:51 - INFO - utils.trainer -   Accuracy: 0.54930
03/01/2026 02:16:51 - INFO - utils.trainer -   Precision: 0.00000
03/01/2026 02:16:51 - INFO - utils.trainer -   Recall: 0.00000
03/01/2026 02:16:51 - INFO - utils.trainer -   F_score: 0.00000
03/01/2026 02:16:51 - INFO - utils.trainer -   Specificity: 1.00000
03/01/2026 02:16:51 - INFO - utils.trainer -   Sensitivity: 0.00000
03/01/2026 02:16:51 - INFO - utils.trainer -   Loss: 0.36502
03/01/2026 02:16:51 - INFO - utils.trainer -   Epoch: 52, Train loss: 0.17666, Test loss: 0.36502,Epoch time = 5.893s
03/01/2026 02:16:57 - INFO - utils.trainer -   ***** Running evaluation on test0 dataset *****
03/01/2026 02:17:01 - INFO - utils.trainer -   AUC: 0.73228
03/01/2026 02:17:01 - INFO - utils.trainer -   Accuracy: 0.54930
03/01/2026 02:17:01 - INFO - utils.trainer -   Precision: 0.00000
03/01/2026 02:17:01 - INFO - utils.trainer -   Recall: 0.00000
03/01/2026 02:17:01 - INFO - utils.trainer -   F_score: 0.00000
03/01/2026 02:17:01 - INFO - utils.trainer -   Specificity: 1.00000
03/01/2026 02:17:01 - INFO - utils.trainer -   Sensitivity: 0.00000
03/01/2026 02:17:01 - INFO - utils.trainer -   Loss: 0.36503
03/01/2026 02:17:01 - INFO - utils.trainer -   Epoch: 53, Train loss: 0.18356, Test loss: 0.36503,Epoch time = 5.759s
03/01/2026 02:17:07 - INFO - utils.trainer -   ***** Running evaluation on test0 dataset *****
03/01/2026 02:17:10 - INFO - utils.trainer -   AUC: 0.77588
03/01/2026 02:17:10 - INFO - utils.trainer -   Accuracy: 0.54930
03/01/2026 02:17:10 - INFO - utils.trainer -   Precision: 0.00000
03/01/2026 02:17:10 - INFO - utils.trainer -   Recall: 0.00000
03/01/2026 02:17:10 - INFO - utils.trainer -   F_score: 0.00000
03/01/2026 02:17:10 - INFO - utils.trainer -   Specificity: 1.00000
03/01/2026 02:17:10 - INFO - utils.trainer -   Sensitivity: 0.00000
03/01/2026 02:17:10 - INFO - utils.trainer -   Loss: 0.36501
03/01/2026 02:17:10 - INFO - utils.trainer -   Epoch: 54, Train loss: 0.17429, Test loss: 0.36501,Epoch time = 5.663s
03/01/2026 02:17:16 - INFO - utils.trainer -   ***** Running evaluation on test0 dataset *****
03/01/2026 02:17:20 - INFO - utils.trainer -   AUC: 0.83861
03/01/2026 02:17:20 - INFO - utils.trainer -   Accuracy: 0.54930
03/01/2026 02:17:20 - INFO - utils.trainer -   Precision: 0.00000
03/01/2026 02:17:20 - INFO - utils.trainer -   Recall: 0.00000
03/01/2026 02:17:20 - INFO - utils.trainer -   F_score: 0.00000
03/01/2026 02:17:20 - INFO - utils.trainer -   Specificity: 1.00000
03/01/2026 02:17:20 - INFO - utils.trainer -   Sensitivity: 0.00000
03/01/2026 02:17:20 - INFO - utils.trainer -   Loss: 0.36495
03/01/2026 02:17:20 - INFO - utils.trainer -   Epoch: 55, Train loss: 0.16898, Test loss: 0.36495,Epoch time = 5.811s
03/01/2026 02:17:26 - INFO - utils.trainer -   ***** Running evaluation on test0 dataset *****
03/01/2026 02:17:30 - INFO - utils.trainer -   AUC: 0.73421
03/01/2026 02:17:30 - INFO - utils.trainer -   Accuracy: 0.54930
03/01/2026 02:17:30 - INFO - utils.trainer -   Precision: 0.00000
03/01/2026 02:17:30 - INFO - utils.trainer -   Recall: 0.00000
03/01/2026 02:17:30 - INFO - utils.trainer -   F_score: 0.00000
03/01/2026 02:17:30 - INFO - utils.trainer -   Specificity: 1.00000
03/01/2026 02:17:30 - INFO - utils.trainer -   Sensitivity: 0.00000
03/01/2026 02:17:30 - INFO - utils.trainer -   Loss: 0.36502
03/01/2026 02:17:30 - INFO - utils.trainer -   Epoch: 56, Train loss: 0.19117, Test loss: 0.36502,Epoch time = 5.745s
03/01/2026 02:17:35 - INFO - utils.trainer -   ***** Running evaluation on test0 dataset *****
03/01/2026 02:17:39 - INFO - utils.trainer -   AUC: 0.73877
03/01/2026 02:17:39 - INFO - utils.trainer -   Accuracy: 0.54930
03/01/2026 02:17:39 - INFO - utils.trainer -   Precision: 0.00000
03/01/2026 02:17:39 - INFO - utils.trainer -   Recall: 0.00000
03/01/2026 02:17:39 - INFO - utils.trainer -   F_score: 0.00000
03/01/2026 02:17:39 - INFO - utils.trainer -   Specificity: 1.00000
03/01/2026 02:17:39 - INFO - utils.trainer -   Sensitivity: 0.00000
03/01/2026 02:17:39 - INFO - utils.trainer -   Loss: 0.36502
03/01/2026 02:17:39 - INFO - utils.trainer -   Epoch: 57, Train loss: 0.17005, Test loss: 0.36502,Epoch time = 5.716s
03/01/2026 02:17:45 - INFO - utils.trainer -   ***** Running evaluation on test0 dataset *****
03/01/2026 02:17:49 - INFO - utils.trainer -   AUC: 0.74823
03/01/2026 02:17:49 - INFO - utils.trainer -   Accuracy: 0.54930
03/01/2026 02:17:49 - INFO - utils.trainer -   Precision: 0.00000
03/01/2026 02:17:49 - INFO - utils.trainer -   Recall: 0.00000
03/01/2026 02:17:49 - INFO - utils.trainer -   F_score: 0.00000
03/01/2026 02:17:49 - INFO - utils.trainer -   Specificity: 1.00000
03/01/2026 02:17:49 - INFO - utils.trainer -   Sensitivity: 0.00000
03/01/2026 02:17:49 - INFO - utils.trainer -   Loss: 0.36501
03/01/2026 02:17:49 - INFO - utils.trainer -   Epoch: 58, Train loss: 0.16849, Test loss: 0.36501,Epoch time = 5.984s
03/01/2026 02:17:55 - INFO - utils.trainer -   ***** Running evaluation on test0 dataset *****
03/01/2026 02:17:58 - INFO - utils.trainer -   AUC: 0.76079
03/01/2026 02:17:58 - INFO - utils.trainer -   Accuracy: 0.54930
03/01/2026 02:17:58 - INFO - utils.trainer -   Precision: 0.00000
03/01/2026 02:17:58 - INFO - utils.trainer -   Recall: 0.00000
03/01/2026 02:17:58 - INFO - utils.trainer -   F_score: 0.00000
03/01/2026 02:17:58 - INFO - utils.trainer -   Specificity: 1.00000
03/01/2026 02:17:58 - INFO - utils.trainer -   Sensitivity: 0.00000
03/01/2026 02:17:58 - INFO - utils.trainer -   Loss: 0.36500
03/01/2026 02:17:58 - INFO - utils.trainer -   Epoch: 59, Train loss: 0.18452, Test loss: 0.36500,Epoch time = 5.926s
03/01/2026 02:18:04 - INFO - utils.trainer -   ***** Running evaluation on test0 dataset *****
03/01/2026 02:18:08 - INFO - utils.trainer -   AUC: 0.72577
03/01/2026 02:18:08 - INFO - utils.trainer -   Accuracy: 0.54930
03/01/2026 02:18:08 - INFO - utils.trainer -   Precision: 0.00000
03/01/2026 02:18:08 - INFO - utils.trainer -   Recall: 0.00000
03/01/2026 02:18:08 - INFO - utils.trainer -   F_score: 0.00000
03/01/2026 02:18:08 - INFO - utils.trainer -   Specificity: 1.00000
03/01/2026 02:18:08 - INFO - utils.trainer -   Sensitivity: 0.00000
03/01/2026 02:18:08 - INFO - utils.trainer -   Loss: 0.36503
03/01/2026 02:18:08 - INFO - utils.trainer -   Epoch: 60, Train loss: 0.16496, Test loss: 0.36503,Epoch time = 5.728s
03/01/2026 02:18:14 - INFO - utils.trainer -   ***** Running evaluation on test0 dataset *****
03/01/2026 02:18:18 - INFO - utils.trainer -   AUC: 0.76146
03/01/2026 02:18:18 - INFO - utils.trainer -   Accuracy: 0.54930
03/01/2026 02:18:18 - INFO - utils.trainer -   Precision: 0.00000
03/01/2026 02:18:18 - INFO - utils.trainer -   Recall: 0.00000
03/01/2026 02:18:18 - INFO - utils.trainer -   F_score: 0.00000
03/01/2026 02:18:18 - INFO - utils.trainer -   Specificity: 1.00000
03/01/2026 02:18:18 - INFO - utils.trainer -   Sensitivity: 0.00000
03/01/2026 02:18:18 - INFO - utils.trainer -   Loss: 0.36500
03/01/2026 02:18:18 - INFO - utils.trainer -   Epoch: 61, Train loss: 0.17836, Test loss: 0.36500,Epoch time = 5.871s
03/01/2026 02:18:23 - INFO - utils.trainer -   ***** Running evaluation on test0 dataset *****
03/01/2026 02:18:27 - INFO - utils.trainer -   AUC: 0.74397
03/01/2026 02:18:27 - INFO - utils.trainer -   Accuracy: 0.54930
03/01/2026 02:18:27 - INFO - utils.trainer -   Precision: 0.00000
03/01/2026 02:18:27 - INFO - utils.trainer -   Recall: 0.00000
03/01/2026 02:18:27 - INFO - utils.trainer -   F_score: 0.00000
03/01/2026 02:18:27 - INFO - utils.trainer -   Specificity: 1.00000
03/01/2026 02:18:27 - INFO - utils.trainer -   Sensitivity: 0.00000
03/01/2026 02:18:27 - INFO - utils.trainer -   Loss: 0.36501
03/01/2026 02:18:27 - INFO - utils.trainer -   Epoch: 62, Train loss: 0.16729, Test loss: 0.36501,Epoch time = 5.687s
03/01/2026 02:18:33 - INFO - utils.trainer -   ***** Running evaluation on test0 dataset *****
03/01/2026 02:18:37 - INFO - utils.trainer -   AUC: 0.79090
03/01/2026 02:18:37 - INFO - utils.trainer -   Accuracy: 0.54930
03/01/2026 02:18:37 - INFO - utils.trainer -   Precision: 0.00000
03/01/2026 02:18:37 - INFO - utils.trainer -   Recall: 0.00000
03/01/2026 02:18:37 - INFO - utils.trainer -   F_score: 0.00000
03/01/2026 02:18:37 - INFO - utils.trainer -   Specificity: 1.00000
03/01/2026 02:18:37 - INFO - utils.trainer -   Sensitivity: 0.00000
03/01/2026 02:18:37 - INFO - utils.trainer -   Loss: 0.36498
03/01/2026 02:18:37 - INFO - utils.trainer -   Epoch: 63, Train loss: 0.16090, Test loss: 0.36498,Epoch time = 5.847s
03/01/2026 02:18:43 - INFO - utils.trainer -   ***** Running evaluation on test0 dataset *****
03/01/2026 02:18:46 - INFO - utils.trainer -   AUC: 0.71681
03/01/2026 02:18:46 - INFO - utils.trainer -   Accuracy: 0.54930
03/01/2026 02:18:46 - INFO - utils.trainer -   Precision: 0.00000
03/01/2026 02:18:46 - INFO - utils.trainer -   Recall: 0.00000
03/01/2026 02:18:46 - INFO - utils.trainer -   F_score: 0.00000
03/01/2026 02:18:46 - INFO - utils.trainer -   Specificity: 1.00000
03/01/2026 02:18:46 - INFO - utils.trainer -   Sensitivity: 0.00000
03/01/2026 02:18:46 - INFO - utils.trainer -   Loss: 0.36504
03/01/2026 02:18:46 - INFO - utils.trainer -   Epoch: 64, Train loss: 0.16502, Test loss: 0.36504,Epoch time = 5.964s
03/01/2026 02:18:53 - INFO - utils.trainer -   ***** Running evaluation on test0 dataset *****
03/01/2026 02:18:56 - INFO - utils.trainer -   AUC: 0.71763
03/01/2026 02:18:56 - INFO - utils.trainer -   Accuracy: 0.54930
03/01/2026 02:18:56 - INFO - utils.trainer -   Precision: 0.00000
03/01/2026 02:18:56 - INFO - utils.trainer -   Recall: 0.00000
03/01/2026 02:18:56 - INFO - utils.trainer -   F_score: 0.00000
03/01/2026 02:18:56 - INFO - utils.trainer -   Specificity: 1.00000
03/01/2026 02:18:56 - INFO - utils.trainer -   Sensitivity: 0.00000
03/01/2026 02:18:56 - INFO - utils.trainer -   Loss: 0.36504
03/01/2026 02:18:56 - INFO - utils.trainer -   Epoch: 65, Train loss: 0.16065, Test loss: 0.36504,Epoch time = 6.186s
03/01/2026 02:19:02 - INFO - utils.trainer -   ***** Running evaluation on test0 dataset *****
03/01/2026 02:19:06 - INFO - utils.trainer -   AUC: 0.69802
03/01/2026 02:19:06 - INFO - utils.trainer -   Accuracy: 0.54930
03/01/2026 02:19:06 - INFO - utils.trainer -   Precision: 0.00000
03/01/2026 02:19:06 - INFO - utils.trainer -   Recall: 0.00000
03/01/2026 02:19:06 - INFO - utils.trainer -   F_score: 0.00000
03/01/2026 02:19:06 - INFO - utils.trainer -   Specificity: 1.00000
03/01/2026 02:19:06 - INFO - utils.trainer -   Sensitivity: 0.00000
03/01/2026 02:19:06 - INFO - utils.trainer -   Loss: 0.36505
03/01/2026 02:19:06 - INFO - utils.trainer -   Epoch: 66, Train loss: 0.16658, Test loss: 0.36505,Epoch time = 5.845s
03/01/2026 02:19:12 - INFO - utils.trainer -   ***** Running evaluation on test0 dataset *****
03/01/2026 02:19:16 - INFO - utils.trainer -   AUC: 0.75115
03/01/2026 02:19:16 - INFO - utils.trainer -   Accuracy: 0.54930
03/01/2026 02:19:16 - INFO - utils.trainer -   Precision: 0.00000
03/01/2026 02:19:16 - INFO - utils.trainer -   Recall: 0.00000
03/01/2026 02:19:16 - INFO - utils.trainer -   F_score: 0.00000
03/01/2026 02:19:16 - INFO - utils.trainer -   Specificity: 1.00000
03/01/2026 02:19:16 - INFO - utils.trainer -   Sensitivity: 0.00000
03/01/2026 02:19:16 - INFO - utils.trainer -   Loss: 0.36501
03/01/2026 02:19:16 - INFO - utils.trainer -   Epoch: 67, Train loss: 0.15851, Test loss: 0.36501,Epoch time = 5.797s
03/01/2026 02:19:21 - INFO - utils.trainer -   ***** Running evaluation on test0 dataset *****
03/01/2026 02:19:25 - INFO - utils.trainer -   AUC: 0.71886
03/01/2026 02:19:25 - INFO - utils.trainer -   Accuracy: 0.54930
03/01/2026 02:19:25 - INFO - utils.trainer -   Precision: 0.00000
03/01/2026 02:19:25 - INFO - utils.trainer -   Recall: 0.00000
03/01/2026 02:19:25 - INFO - utils.trainer -   F_score: 0.00000
03/01/2026 02:19:25 - INFO - utils.trainer -   Specificity: 1.00000
03/01/2026 02:19:25 - INFO - utils.trainer -   Sensitivity: 0.00000
03/01/2026 02:19:25 - INFO - utils.trainer -   Loss: 0.36504
03/01/2026 02:19:25 - INFO - utils.trainer -   Epoch: 68, Train loss: 0.15961, Test loss: 0.36504,Epoch time = 5.771s
03/01/2026 02:19:31 - INFO - utils.trainer -   ***** Running evaluation on test0 dataset *****
03/01/2026 02:19:35 - INFO - utils.trainer -   AUC: 0.79504
03/01/2026 02:19:35 - INFO - utils.trainer -   Accuracy: 0.54930
03/01/2026 02:19:35 - INFO - utils.trainer -   Precision: 0.00000
03/01/2026 02:19:35 - INFO - utils.trainer -   Recall: 0.00000
03/01/2026 02:19:35 - INFO - utils.trainer -   F_score: 0.00000
03/01/2026 02:19:35 - INFO - utils.trainer -   Specificity: 1.00000
03/01/2026 02:19:35 - INFO - utils.trainer -   Sensitivity: 0.00000
03/01/2026 02:19:35 - INFO - utils.trainer -   Loss: 0.36499
03/01/2026 02:19:35 - INFO - utils.trainer -   Epoch: 69, Train loss: 0.16701, Test loss: 0.36499,Epoch time = 5.878s
03/01/2026 02:19:41 - INFO - utils.trainer -   ***** Running evaluation on test0 dataset *****
03/01/2026 02:19:45 - INFO - utils.trainer -   AUC: 0.83604
03/01/2026 02:19:45 - INFO - utils.trainer -   Accuracy: 0.54930
03/01/2026 02:19:45 - INFO - utils.trainer -   Precision: 0.00000
03/01/2026 02:19:45 - INFO - utils.trainer -   Recall: 0.00000
03/01/2026 02:19:45 - INFO - utils.trainer -   F_score: 0.00000
03/01/2026 02:19:45 - INFO - utils.trainer -   Specificity: 1.00000
03/01/2026 02:19:45 - INFO - utils.trainer -   Sensitivity: 0.00000
03/01/2026 02:19:45 - INFO - utils.trainer -   Loss: 0.36495
03/01/2026 02:19:45 - INFO - utils.trainer -   Epoch: 70, Train loss: 0.17680, Test loss: 0.36495,Epoch time = 6.051s
03/01/2026 02:19:50 - INFO - utils.trainer -   ***** Running evaluation on test0 dataset *****
03/01/2026 02:19:54 - INFO - utils.trainer -   AUC: 0.77132
03/01/2026 02:19:54 - INFO - utils.trainer -   Accuracy: 0.54930
03/01/2026 02:19:54 - INFO - utils.trainer -   Precision: 0.00000
03/01/2026 02:19:54 - INFO - utils.trainer -   Recall: 0.00000
03/01/2026 02:19:54 - INFO - utils.trainer -   F_score: 0.00000
03/01/2026 02:19:54 - INFO - utils.trainer -   Specificity: 1.00000
03/01/2026 02:19:54 - INFO - utils.trainer -   Sensitivity: 0.00000
03/01/2026 02:19:54 - INFO - utils.trainer -   Loss: 0.36500
03/01/2026 02:19:54 - INFO - utils.trainer -   Epoch: 71, Train loss: 0.17982, Test loss: 0.36500,Epoch time = 5.697s
03/01/2026 02:20:00 - INFO - utils.trainer -   ***** Running evaluation on test0 dataset *****
03/01/2026 02:20:04 - INFO - utils.trainer -   AUC: 0.71443
03/01/2026 02:20:04 - INFO - utils.trainer -   Accuracy: 0.54930
03/01/2026 02:20:04 - INFO - utils.trainer -   Precision: 0.00000
03/01/2026 02:20:04 - INFO - utils.trainer -   Recall: 0.00000
03/01/2026 02:20:04 - INFO - utils.trainer -   F_score: 0.00000
03/01/2026 02:20:04 - INFO - utils.trainer -   Specificity: 1.00000
03/01/2026 02:20:04 - INFO - utils.trainer -   Sensitivity: 0.00000
03/01/2026 02:20:04 - INFO - utils.trainer -   Loss: 0.36504
03/01/2026 02:20:04 - INFO - utils.trainer -   Epoch: 72, Train loss: 0.19039, Test loss: 0.36504,Epoch time = 5.932s
03/01/2026 02:20:10 - INFO - utils.trainer -   ***** Running evaluation on test0 dataset *****
03/01/2026 02:20:13 - INFO - utils.trainer -   AUC: 0.81176
03/01/2026 02:20:13 - INFO - utils.trainer -   Accuracy: 0.54930
03/01/2026 02:20:13 - INFO - utils.trainer -   Precision: 0.00000
03/01/2026 02:20:13 - INFO - utils.trainer -   Recall: 0.00000
03/01/2026 02:20:13 - INFO - utils.trainer -   F_score: 0.00000
03/01/2026 02:20:13 - INFO - utils.trainer -   Specificity: 1.00000
03/01/2026 02:20:13 - INFO - utils.trainer -   Sensitivity: 0.00000
03/01/2026 02:20:13 - INFO - utils.trainer -   Loss: 0.36496
03/01/2026 02:20:13 - INFO - utils.trainer -   Epoch: 73, Train loss: 0.16445, Test loss: 0.36496,Epoch time = 5.731s
03/01/2026 02:20:19 - INFO - utils.trainer -   ***** Running evaluation on test0 dataset *****
03/01/2026 02:20:23 - INFO - utils.trainer -   AUC: 0.73736
03/01/2026 02:20:23 - INFO - utils.trainer -   Accuracy: 0.54930
03/01/2026 02:20:23 - INFO - utils.trainer -   Precision: 0.00000
03/01/2026 02:20:23 - INFO - utils.trainer -   Recall: 0.00000
03/01/2026 02:20:23 - INFO - utils.trainer -   F_score: 0.00000
03/01/2026 02:20:23 - INFO - utils.trainer -   Specificity: 1.00000
03/01/2026 02:20:23 - INFO - utils.trainer -   Sensitivity: 0.00000
03/01/2026 02:20:23 - INFO - utils.trainer -   Loss: 0.36502
03/01/2026 02:20:23 - INFO - utils.trainer -   Epoch: 74, Train loss: 0.16498, Test loss: 0.36502,Epoch time = 5.936s
03/01/2026 02:20:29 - INFO - utils.trainer -   ***** Running evaluation on test0 dataset *****
03/01/2026 02:20:32 - INFO - utils.trainer -   AUC: 0.71187
03/01/2026 02:20:32 - INFO - utils.trainer -   Accuracy: 0.54930
03/01/2026 02:20:32 - INFO - utils.trainer -   Precision: 0.00000
03/01/2026 02:20:32 - INFO - utils.trainer -   Recall: 0.00000
03/01/2026 02:20:32 - INFO - utils.trainer -   F_score: 0.00000
03/01/2026 02:20:32 - INFO - utils.trainer -   Specificity: 1.00000
03/01/2026 02:20:32 - INFO - utils.trainer -   Sensitivity: 0.00000
03/01/2026 02:20:32 - INFO - utils.trainer -   Loss: 0.36503
03/01/2026 02:20:32 - INFO - utils.trainer -   Epoch: 75, Train loss: 0.16408, Test loss: 0.36503,Epoch time = 5.789s
03/01/2026 02:20:38 - INFO - utils.trainer -   ***** Running evaluation on test0 dataset *****
03/01/2026 02:20:42 - INFO - utils.trainer -   AUC: 0.71538
03/01/2026 02:20:42 - INFO - utils.trainer -   Accuracy: 0.54930
03/01/2026 02:20:42 - INFO - utils.trainer -   Precision: 0.00000
03/01/2026 02:20:42 - INFO - utils.trainer -   Recall: 0.00000
03/01/2026 02:20:42 - INFO - utils.trainer -   F_score: 0.00000
03/01/2026 02:20:42 - INFO - utils.trainer -   Specificity: 1.00000
03/01/2026 02:20:42 - INFO - utils.trainer -   Sensitivity: 0.00000
03/01/2026 02:20:42 - INFO - utils.trainer -   Loss: 0.36503
03/01/2026 02:20:42 - INFO - utils.trainer -   Epoch: 76, Train loss: 0.16205, Test loss: 0.36503,Epoch time = 5.776s
03/01/2026 02:20:48 - INFO - utils.trainer -   ***** Running evaluation on test0 dataset *****
03/01/2026 02:20:52 - INFO - utils.trainer -   AUC: 0.74258
03/01/2026 02:20:52 - INFO - utils.trainer -   Accuracy: 0.54930
03/01/2026 02:20:52 - INFO - utils.trainer -   Precision: 0.00000
03/01/2026 02:20:52 - INFO - utils.trainer -   Recall: 0.00000
03/01/2026 02:20:52 - INFO - utils.trainer -   F_score: 0.00000
03/01/2026 02:20:52 - INFO - utils.trainer -   Specificity: 1.00000
03/01/2026 02:20:52 - INFO - utils.trainer -   Sensitivity: 0.00000
03/01/2026 02:20:52 - INFO - utils.trainer -   Loss: 0.36501
03/01/2026 02:20:52 - INFO - utils.trainer -   Epoch: 77, Train loss: 0.15849, Test loss: 0.36501,Epoch time = 5.765s
03/01/2026 02:20:57 - INFO - utils.trainer -   ***** Running evaluation on test0 dataset *****
03/01/2026 02:21:01 - INFO - utils.trainer -   AUC: 0.76728
03/01/2026 02:21:01 - INFO - utils.trainer -   Accuracy: 0.54930
03/01/2026 02:21:01 - INFO - utils.trainer -   Precision: 0.00000
03/01/2026 02:21:01 - INFO - utils.trainer -   Recall: 0.00000
03/01/2026 02:21:01 - INFO - utils.trainer -   F_score: 0.00000
03/01/2026 02:21:01 - INFO - utils.trainer -   Specificity: 1.00000
03/01/2026 02:21:01 - INFO - utils.trainer -   Sensitivity: 0.00000
03/01/2026 02:21:01 - INFO - utils.trainer -   Loss: 0.36499
03/01/2026 02:21:01 - INFO - utils.trainer -   Epoch: 78, Train loss: 0.18127, Test loss: 0.36499,Epoch time = 5.833s
03/01/2026 02:21:07 - INFO - utils.trainer -   ***** Running evaluation on test0 dataset *****
03/01/2026 02:21:11 - INFO - utils.trainer -   AUC: 0.77713
03/01/2026 02:21:11 - INFO - utils.trainer -   Accuracy: 0.54930
03/01/2026 02:21:11 - INFO - utils.trainer -   Precision: 0.00000
03/01/2026 02:21:11 - INFO - utils.trainer -   Recall: 0.00000
03/01/2026 02:21:11 - INFO - utils.trainer -   F_score: 0.00000
03/01/2026 02:21:11 - INFO - utils.trainer -   Specificity: 1.00000
03/01/2026 02:21:11 - INFO - utils.trainer -   Sensitivity: 0.00000
03/01/2026 02:21:11 - INFO - utils.trainer -   Loss: 0.36499
03/01/2026 02:21:11 - INFO - utils.trainer -   Epoch: 79, Train loss: 0.16908, Test loss: 0.36499,Epoch time = 5.742s
03/01/2026 02:21:16 - INFO - utils.trainer -   ***** Running evaluation on test0 dataset *****
03/01/2026 02:21:20 - INFO - utils.trainer -   AUC: 0.75844
03/01/2026 02:21:20 - INFO - utils.trainer -   Accuracy: 0.54930
03/01/2026 02:21:20 - INFO - utils.trainer -   Precision: 0.00000
03/01/2026 02:21:20 - INFO - utils.trainer -   Recall: 0.00000
03/01/2026 02:21:20 - INFO - utils.trainer -   F_score: 0.00000
03/01/2026 02:21:20 - INFO - utils.trainer -   Specificity: 1.00000
03/01/2026 02:21:20 - INFO - utils.trainer -   Sensitivity: 0.00000
03/01/2026 02:21:20 - INFO - utils.trainer -   Loss: 0.36501
03/01/2026 02:21:20 - INFO - utils.trainer -   Epoch: 80, Train loss: 0.18068, Test loss: 0.36501,Epoch time = 5.773s
03/01/2026 02:21:26 - INFO - utils.trainer -   ***** Running evaluation on test0 dataset *****
03/01/2026 02:21:30 - INFO - utils.trainer -   AUC: 0.72735
03/01/2026 02:21:30 - INFO - utils.trainer -   Accuracy: 0.54930
03/01/2026 02:21:30 - INFO - utils.trainer -   Precision: 0.00000
03/01/2026 02:21:30 - INFO - utils.trainer -   Recall: 0.00000
03/01/2026 02:21:30 - INFO - utils.trainer -   F_score: 0.00000
03/01/2026 02:21:30 - INFO - utils.trainer -   Specificity: 1.00000
03/01/2026 02:21:30 - INFO - utils.trainer -   Sensitivity: 0.00000
03/01/2026 02:21:30 - INFO - utils.trainer -   Loss: 0.36503
03/01/2026 02:21:30 - INFO - utils.trainer -   Epoch: 81, Train loss: 0.18279, Test loss: 0.36503,Epoch time = 5.837s
03/01/2026 02:21:36 - INFO - utils.trainer -   ***** Running evaluation on test0 dataset *****
03/01/2026 02:21:39 - INFO - utils.trainer -   AUC: 0.77603
03/01/2026 02:21:39 - INFO - utils.trainer -   Accuracy: 0.54930
03/01/2026 02:21:39 - INFO - utils.trainer -   Precision: 0.00000
03/01/2026 02:21:39 - INFO - utils.trainer -   Recall: 0.00000
03/01/2026 02:21:39 - INFO - utils.trainer -   F_score: 0.00000
03/01/2026 02:21:39 - INFO - utils.trainer -   Specificity: 1.00000
03/01/2026 02:21:39 - INFO - utils.trainer -   Sensitivity: 0.00000
03/01/2026 02:21:39 - INFO - utils.trainer -   Loss: 0.36497
03/01/2026 02:21:39 - INFO - utils.trainer -   Epoch: 82, Train loss: 0.17917, Test loss: 0.36497,Epoch time = 5.780s
03/01/2026 02:21:45 - INFO - utils.trainer -   ***** Running evaluation on test0 dataset *****
03/01/2026 02:21:49 - INFO - utils.trainer -   AUC: 0.75099
03/01/2026 02:21:49 - INFO - utils.trainer -   Accuracy: 0.54930
03/01/2026 02:21:49 - INFO - utils.trainer -   Precision: 0.00000
03/01/2026 02:21:49 - INFO - utils.trainer -   Recall: 0.00000
03/01/2026 02:21:49 - INFO - utils.trainer -   F_score: 0.00000
03/01/2026 02:21:49 - INFO - utils.trainer -   Specificity: 1.00000
03/01/2026 02:21:49 - INFO - utils.trainer -   Sensitivity: 0.00000
03/01/2026 02:21:49 - INFO - utils.trainer -   Loss: 0.36501
03/01/2026 02:21:49 - INFO - utils.trainer -   Epoch: 83, Train loss: 0.17247, Test loss: 0.36501,Epoch time = 5.802s
03/01/2026 02:21:55 - INFO - utils.trainer -   ***** Running evaluation on test0 dataset *****
03/01/2026 02:21:59 - INFO - utils.trainer -   AUC: 0.74546
03/01/2026 02:21:59 - INFO - utils.trainer -   Accuracy: 0.54930
03/01/2026 02:21:59 - INFO - utils.trainer -   Precision: 0.00000
03/01/2026 02:21:59 - INFO - utils.trainer -   Recall: 0.00000
03/01/2026 02:21:59 - INFO - utils.trainer -   F_score: 0.00000
03/01/2026 02:21:59 - INFO - utils.trainer -   Specificity: 1.00000
03/01/2026 02:21:59 - INFO - utils.trainer -   Sensitivity: 0.00000
03/01/2026 02:21:59 - INFO - utils.trainer -   Loss: 0.36502
03/01/2026 02:21:59 - INFO - utils.trainer -   Epoch: 84, Train loss: 0.16815, Test loss: 0.36502,Epoch time = 5.894s
03/01/2026 02:22:05 - INFO - utils.trainer -   ***** Running evaluation on test0 dataset *****
03/01/2026 02:22:09 - INFO - utils.trainer -   AUC: 0.73183
03/01/2026 02:22:09 - INFO - utils.trainer -   Accuracy: 0.54930
03/01/2026 02:22:09 - INFO - utils.trainer -   Precision: 0.00000
03/01/2026 02:22:09 - INFO - utils.trainer -   Recall: 0.00000
03/01/2026 02:22:09 - INFO - utils.trainer -   F_score: 0.00000
03/01/2026 02:22:09 - INFO - utils.trainer -   Specificity: 1.00000
03/01/2026 02:22:09 - INFO - utils.trainer -   Sensitivity: 0.00000
03/01/2026 02:22:09 - INFO - utils.trainer -   Loss: 0.36502
03/01/2026 02:22:09 - INFO - utils.trainer -   Epoch: 85, Train loss: 0.16547, Test loss: 0.36502,Epoch time = 6.131s
03/01/2026 02:22:15 - INFO - utils.trainer -   ***** Running evaluation on test0 dataset *****
03/01/2026 02:22:19 - INFO - utils.trainer -   AUC: 0.73717
03/01/2026 02:22:19 - INFO - utils.trainer -   Accuracy: 0.54930
03/01/2026 02:22:19 - INFO - utils.trainer -   Precision: 0.00000
03/01/2026 02:22:19 - INFO - utils.trainer -   Recall: 0.00000
03/01/2026 02:22:19 - INFO - utils.trainer -   F_score: 0.00000
03/01/2026 02:22:19 - INFO - utils.trainer -   Specificity: 1.00000
03/01/2026 02:22:19 - INFO - utils.trainer -   Sensitivity: 0.00000
03/01/2026 02:22:19 - INFO - utils.trainer -   Loss: 0.36502
03/01/2026 02:22:19 - INFO - utils.trainer -   Epoch: 86, Train loss: 0.15889, Test loss: 0.36502,Epoch time = 5.818s
03/01/2026 02:22:25 - INFO - utils.trainer -   ***** Running evaluation on test0 dataset *****
03/01/2026 02:22:29 - INFO - utils.trainer -   AUC: 0.75570
03/01/2026 02:22:29 - INFO - utils.trainer -   Accuracy: 0.54930
03/01/2026 02:22:29 - INFO - utils.trainer -   Precision: 0.00000
03/01/2026 02:22:29 - INFO - utils.trainer -   Recall: 0.00000
03/01/2026 02:22:29 - INFO - utils.trainer -   F_score: 0.00000
03/01/2026 02:22:29 - INFO - utils.trainer -   Specificity: 1.00000
03/01/2026 02:22:29 - INFO - utils.trainer -   Sensitivity: 0.00000
03/01/2026 02:22:29 - INFO - utils.trainer -   Loss: 0.36500
03/01/2026 02:22:29 - INFO - utils.trainer -   Epoch: 87, Train loss: 0.15887, Test loss: 0.36500,Epoch time = 5.900s
03/01/2026 02:22:34 - INFO - utils.trainer -   ***** Running evaluation on test0 dataset *****
03/01/2026 02:22:38 - INFO - utils.trainer -   AUC: 0.74673
03/01/2026 02:22:38 - INFO - utils.trainer -   Accuracy: 0.54930
03/01/2026 02:22:38 - INFO - utils.trainer -   Precision: 0.00000
03/01/2026 02:22:38 - INFO - utils.trainer -   Recall: 0.00000
03/01/2026 02:22:38 - INFO - utils.trainer -   F_score: 0.00000
03/01/2026 02:22:38 - INFO - utils.trainer -   Specificity: 1.00000
03/01/2026 02:22:38 - INFO - utils.trainer -   Sensitivity: 0.00000
03/01/2026 02:22:38 - INFO - utils.trainer -   Loss: 0.36501
03/01/2026 02:22:38 - INFO - utils.trainer -   Epoch: 88, Train loss: 0.15911, Test loss: 0.36501,Epoch time = 5.925s
03/01/2026 02:22:44 - INFO - utils.trainer -   ***** Running evaluation on test0 dataset *****
03/01/2026 02:22:48 - INFO - utils.trainer -   AUC: 0.83577
03/01/2026 02:22:48 - INFO - utils.trainer -   Accuracy: 0.54930
03/01/2026 02:22:48 - INFO - utils.trainer -   Precision: 0.00000
03/01/2026 02:22:48 - INFO - utils.trainer -   Recall: 0.00000
03/01/2026 02:22:48 - INFO - utils.trainer -   F_score: 0.00000
03/01/2026 02:22:48 - INFO - utils.trainer -   Specificity: 1.00000
03/01/2026 02:22:48 - INFO - utils.trainer -   Sensitivity: 0.00000
03/01/2026 02:22:48 - INFO - utils.trainer -   Loss: 0.36495
03/01/2026 02:22:48 - INFO - utils.trainer -   Epoch: 89, Train loss: 0.15766, Test loss: 0.36495,Epoch time = 5.788s
03/01/2026 02:22:54 - INFO - utils.trainer -   ***** Running evaluation on test0 dataset *****
03/01/2026 02:22:57 - INFO - utils.trainer -   AUC: 0.70990
03/01/2026 02:22:57 - INFO - utils.trainer -   Accuracy: 0.54930
03/01/2026 02:22:57 - INFO - utils.trainer -   Precision: 0.00000
03/01/2026 02:22:57 - INFO - utils.trainer -   Recall: 0.00000
03/01/2026 02:22:57 - INFO - utils.trainer -   F_score: 0.00000
03/01/2026 02:22:57 - INFO - utils.trainer -   Specificity: 1.00000
03/01/2026 02:22:57 - INFO - utils.trainer -   Sensitivity: 0.00000
03/01/2026 02:22:57 - INFO - utils.trainer -   Loss: 0.36504
03/01/2026 02:22:57 - INFO - utils.trainer -   Epoch: 90, Train loss: 0.15763, Test loss: 0.36504,Epoch time = 5.858s
03/01/2026 02:23:03 - INFO - utils.trainer -   ***** Running evaluation on test0 dataset *****
03/01/2026 02:23:07 - INFO - utils.trainer -   AUC: 0.87743
03/01/2026 02:23:07 - INFO - utils.trainer -   Accuracy: 0.54930
03/01/2026 02:23:07 - INFO - utils.trainer -   Precision: 0.00000
03/01/2026 02:23:07 - INFO - utils.trainer -   Recall: 0.00000
03/01/2026 02:23:07 - INFO - utils.trainer -   F_score: 0.00000
03/01/2026 02:23:07 - INFO - utils.trainer -   Specificity: 1.00000
03/01/2026 02:23:07 - INFO - utils.trainer -   Sensitivity: 0.00000
03/01/2026 02:23:07 - INFO - utils.trainer -   Loss: 0.36490
03/01/2026 02:23:07 - INFO - utils.trainer -   Epoch: 91, Train loss: 0.15741, Test loss: 0.36490,Epoch time = 5.610s
03/01/2026 02:23:13 - INFO - utils.trainer -   ***** Running evaluation on test0 dataset *****
03/01/2026 02:23:16 - INFO - utils.trainer -   AUC: 0.74245
03/01/2026 02:23:16 - INFO - utils.trainer -   Accuracy: 0.54930
03/01/2026 02:23:16 - INFO - utils.trainer -   Precision: 0.00000
03/01/2026 02:23:16 - INFO - utils.trainer -   Recall: 0.00000
03/01/2026 02:23:16 - INFO - utils.trainer -   F_score: 0.00000
03/01/2026 02:23:16 - INFO - utils.trainer -   Specificity: 1.00000
03/01/2026 02:23:16 - INFO - utils.trainer -   Sensitivity: 0.00000
03/01/2026 02:23:16 - INFO - utils.trainer -   Loss: 0.36501
03/01/2026 02:23:16 - INFO - utils.trainer -   Epoch: 92, Train loss: 0.16330, Test loss: 0.36501,Epoch time = 5.759s
03/01/2026 02:23:22 - INFO - utils.trainer -   ***** Running evaluation on test0 dataset *****
03/01/2026 02:23:26 - INFO - utils.trainer -   AUC: 0.70274
03/01/2026 02:23:26 - INFO - utils.trainer -   Accuracy: 0.54930
03/01/2026 02:23:26 - INFO - utils.trainer -   Precision: 0.00000
03/01/2026 02:23:26 - INFO - utils.trainer -   Recall: 0.00000
03/01/2026 02:23:26 - INFO - utils.trainer -   F_score: 0.00000
03/01/2026 02:23:26 - INFO - utils.trainer -   Specificity: 1.00000
03/01/2026 02:23:26 - INFO - utils.trainer -   Sensitivity: 0.00000
03/01/2026 02:23:26 - INFO - utils.trainer -   Loss: 0.36503
03/01/2026 02:23:26 - INFO - utils.trainer -   Epoch: 93, Train loss: 0.16372, Test loss: 0.36503,Epoch time = 6.015s
03/01/2026 02:23:32 - INFO - utils.trainer -   ***** Running evaluation on test0 dataset *****
03/01/2026 02:23:36 - INFO - utils.trainer -   AUC: 0.76636
03/01/2026 02:23:36 - INFO - utils.trainer -   Accuracy: 0.54930
03/01/2026 02:23:36 - INFO - utils.trainer -   Precision: 0.00000
03/01/2026 02:23:36 - INFO - utils.trainer -   Recall: 0.00000
03/01/2026 02:23:36 - INFO - utils.trainer -   F_score: 0.00000
03/01/2026 02:23:36 - INFO - utils.trainer -   Specificity: 1.00000
03/01/2026 02:23:36 - INFO - utils.trainer -   Sensitivity: 0.00000
03/01/2026 02:23:36 - INFO - utils.trainer -   Loss: 0.36500
03/01/2026 02:23:36 - INFO - utils.trainer -   Epoch: 94, Train loss: 0.16120, Test loss: 0.36500,Epoch time = 5.877s
03/01/2026 02:23:42 - INFO - utils.trainer -   ***** Running evaluation on test0 dataset *****
03/01/2026 02:23:46 - INFO - utils.trainer -   AUC: 0.64885
03/01/2026 02:23:46 - INFO - utils.trainer -   Accuracy: 0.54930
03/01/2026 02:23:46 - INFO - utils.trainer -   Precision: 0.00000
03/01/2026 02:23:46 - INFO - utils.trainer -   Recall: 0.00000
03/01/2026 02:23:46 - INFO - utils.trainer -   F_score: 0.00000
03/01/2026 02:23:46 - INFO - utils.trainer -   Specificity: 1.00000
03/01/2026 02:23:46 - INFO - utils.trainer -   Sensitivity: 0.00000
03/01/2026 02:23:46 - INFO - utils.trainer -   Loss: 0.36506
03/01/2026 02:23:46 - INFO - utils.trainer -   Epoch: 95, Train loss: 0.16486, Test loss: 0.36506,Epoch time = 5.888s
03/01/2026 02:23:52 - INFO - utils.trainer -   ***** Running evaluation on test0 dataset *****
03/01/2026 02:23:55 - INFO - utils.trainer -   AUC: 0.74290
03/01/2026 02:23:55 - INFO - utils.trainer -   Accuracy: 0.54930
03/01/2026 02:23:55 - INFO - utils.trainer -   Precision: 0.00000
03/01/2026 02:23:55 - INFO - utils.trainer -   Recall: 0.00000
03/01/2026 02:23:55 - INFO - utils.trainer -   F_score: 0.00000
03/01/2026 02:23:55 - INFO - utils.trainer -   Specificity: 1.00000
03/01/2026 02:23:55 - INFO - utils.trainer -   Sensitivity: 0.00000
03/01/2026 02:23:55 - INFO - utils.trainer -   Loss: 0.36501
03/01/2026 02:23:55 - INFO - utils.trainer -   Epoch: 96, Train loss: 0.17336, Test loss: 0.36501,Epoch time = 5.843s
03/01/2026 02:24:01 - INFO - utils.trainer -   ***** Running evaluation on test0 dataset *****
03/01/2026 02:24:05 - INFO - utils.trainer -   AUC: 0.74600
03/01/2026 02:24:05 - INFO - utils.trainer -   Accuracy: 0.54930
03/01/2026 02:24:05 - INFO - utils.trainer -   Precision: 0.00000
03/01/2026 02:24:05 - INFO - utils.trainer -   Recall: 0.00000
03/01/2026 02:24:05 - INFO - utils.trainer -   F_score: 0.00000
03/01/2026 02:24:05 - INFO - utils.trainer -   Specificity: 1.00000
03/01/2026 02:24:05 - INFO - utils.trainer -   Sensitivity: 0.00000
03/01/2026 02:24:05 - INFO - utils.trainer -   Loss: 0.36501
03/01/2026 02:24:05 - INFO - utils.trainer -   Epoch: 97, Train loss: 0.16779, Test loss: 0.36501,Epoch time = 5.929s
03/01/2026 02:24:11 - INFO - utils.trainer -   ***** Running evaluation on test0 dataset *****
03/01/2026 02:24:15 - INFO - utils.trainer -   AUC: 0.74409
03/01/2026 02:24:15 - INFO - utils.trainer -   Accuracy: 0.54930
03/01/2026 02:24:15 - INFO - utils.trainer -   Precision: 0.00000
03/01/2026 02:24:15 - INFO - utils.trainer -   Recall: 0.00000
03/01/2026 02:24:15 - INFO - utils.trainer -   F_score: 0.00000
03/01/2026 02:24:15 - INFO - utils.trainer -   Specificity: 1.00000
03/01/2026 02:24:15 - INFO - utils.trainer -   Sensitivity: 0.00000
03/01/2026 02:24:15 - INFO - utils.trainer -   Loss: 0.36501
03/01/2026 02:24:15 - INFO - utils.trainer -   Epoch: 98, Train loss: 0.17370, Test loss: 0.36501,Epoch time = 5.768s
03/01/2026 02:24:20 - INFO - utils.trainer -   ***** Running evaluation on test0 dataset *****
03/01/2026 02:24:24 - INFO - utils.trainer -   AUC: 0.73124
03/01/2026 02:24:24 - INFO - utils.trainer -   Accuracy: 0.54930
03/01/2026 02:24:24 - INFO - utils.trainer -   Precision: 0.00000
03/01/2026 02:24:24 - INFO - utils.trainer -   Recall: 0.00000
03/01/2026 02:24:24 - INFO - utils.trainer -   F_score: 0.00000
03/01/2026 02:24:24 - INFO - utils.trainer -   Specificity: 1.00000
03/01/2026 02:24:24 - INFO - utils.trainer -   Sensitivity: 0.00000
03/01/2026 02:24:24 - INFO - utils.trainer -   Loss: 0.36502
03/01/2026 02:24:24 - INFO - utils.trainer -   Epoch: 99, Train loss: 0.16813, Test loss: 0.36502,Epoch time = 5.708s
03/01/2026 02:24:30 - INFO - utils.trainer -   ***** Running evaluation on test0 dataset *****
03/01/2026 02:24:34 - INFO - utils.trainer -   AUC: 0.77494
03/01/2026 02:24:34 - INFO - utils.trainer -   Accuracy: 0.54930
03/01/2026 02:24:34 - INFO - utils.trainer -   Precision: 0.00000
03/01/2026 02:24:34 - INFO - utils.trainer -   Recall: 0.00000
03/01/2026 02:24:34 - INFO - utils.trainer -   F_score: 0.00000
03/01/2026 02:24:34 - INFO - utils.trainer -   Specificity: 1.00000
03/01/2026 02:24:34 - INFO - utils.trainer -   Sensitivity: 0.00000
03/01/2026 02:24:34 - INFO - utils.trainer -   Loss: 0.36499
03/01/2026 02:24:34 - INFO - utils.trainer -   Epoch: 100, Train loss: 0.15846, Test loss: 0.36499,Epoch time = 5.869s
03/01/2026 02:24:40 - INFO - utils.trainer -   ***** Running evaluation on test0 dataset *****
03/01/2026 02:24:44 - INFO - utils.trainer -   AUC: 0.93700
03/01/2026 02:24:44 - INFO - utils.trainer -   Accuracy: 0.88628
03/01/2026 02:24:44 - INFO - utils.trainer -   Precision: 0.86621
03/01/2026 02:24:44 - INFO - utils.trainer -   Recall: 0.88426
03/01/2026 02:24:44 - INFO - utils.trainer -   F_score: 0.87514
03/01/2026 02:24:44 - INFO - utils.trainer -   Specificity: 0.88794
03/01/2026 02:24:44 - INFO - utils.trainer -   Sensitivity: 0.88426
03/01/2026 02:24:44 - INFO - utils.trainer -   Loss: 0.14900
03/01/2026 02:24:44 - INFO - utils.trainer -   Epoch: 101, Train loss: 0.09716, Test loss: 0.14900,Epoch time = 6.111s
03/01/2026 02:24:50 - INFO - utils.trainer -   ***** Running evaluation on test0 dataset *****
03/01/2026 02:24:53 - INFO - utils.trainer -   AUC: 0.93918
03/01/2026 02:24:53 - INFO - utils.trainer -   Accuracy: 0.88732
03/01/2026 02:24:53 - INFO - utils.trainer -   Precision: 0.87500
03/01/2026 02:24:53 - INFO - utils.trainer -   Recall: 0.87500
03/01/2026 02:24:53 - INFO - utils.trainer -   F_score: 0.87500
03/01/2026 02:24:53 - INFO - utils.trainer -   Specificity: 0.89744
03/01/2026 02:24:53 - INFO - utils.trainer -   Sensitivity: 0.87500
03/01/2026 02:24:53 - INFO - utils.trainer -   Loss: 0.14856
03/01/2026 02:24:53 - INFO - utils.trainer -   Epoch: 102, Train loss: 0.01069, Test loss: 0.14856,Epoch time = 5.886s
03/01/2026 02:24:59 - INFO - utils.trainer -   ***** Running evaluation on test0 dataset *****
03/01/2026 02:25:03 - INFO - utils.trainer -   AUC: 0.94148
03/01/2026 02:25:03 - INFO - utils.trainer -   Accuracy: 0.88837
03/01/2026 02:25:03 - INFO - utils.trainer -   Precision: 0.87791
03/01/2026 02:25:03 - INFO - utils.trainer -   Recall: 0.87384
03/01/2026 02:25:03 - INFO - utils.trainer -   F_score: 0.87587
03/01/2026 02:25:03 - INFO - utils.trainer -   Specificity: 0.90028
03/01/2026 02:25:03 - INFO - utils.trainer -   Sensitivity: 0.87384
03/01/2026 02:25:03 - INFO - utils.trainer -   Loss: 0.14443
03/01/2026 02:25:03 - INFO - utils.trainer -   Epoch: 103, Train loss: 0.00984, Test loss: 0.14443,Epoch time = 5.978s
03/01/2026 02:25:09 - INFO - utils.trainer -   ***** Running evaluation on test0 dataset *****
03/01/2026 02:25:13 - INFO - utils.trainer -   AUC: 0.94241
03/01/2026 02:25:13 - INFO - utils.trainer -   Accuracy: 0.88889
03/01/2026 02:25:13 - INFO - utils.trainer -   Precision: 0.87200
03/01/2026 02:25:13 - INFO - utils.trainer -   Recall: 0.88310
03/01/2026 02:25:13 - INFO - utils.trainer -   F_score: 0.87752
03/01/2026 02:25:13 - INFO - utils.trainer -   Specificity: 0.89364
03/01/2026 02:25:13 - INFO - utils.trainer -   Sensitivity: 0.88310
03/01/2026 02:25:13 - INFO - utils.trainer -   Loss: 0.14233
03/01/2026 02:25:13 - INFO - utils.trainer -   Epoch: 104, Train loss: 0.00958, Test loss: 0.14233,Epoch time = 5.956s
03/01/2026 02:25:18 - INFO - utils.trainer -   ***** Running evaluation on test0 dataset *****
03/01/2026 02:25:22 - INFO - utils.trainer -   AUC: 0.94259
03/01/2026 02:25:22 - INFO - utils.trainer -   Accuracy: 0.88889
03/01/2026 02:25:22 - INFO - utils.trainer -   Precision: 0.87543
03/01/2026 02:25:22 - INFO - utils.trainer -   Recall: 0.87847
03/01/2026 02:25:22 - INFO - utils.trainer -   F_score: 0.87695
03/01/2026 02:25:22 - INFO - utils.trainer -   Specificity: 0.89744
03/01/2026 02:25:22 - INFO - utils.trainer -   Sensitivity: 0.87847
03/01/2026 02:25:22 - INFO - utils.trainer -   Loss: 0.14283
03/01/2026 02:25:22 - INFO - utils.trainer -   Epoch: 105, Train loss: 0.00853, Test loss: 0.14283,Epoch time = 5.682s
03/01/2026 02:25:28 - INFO - utils.trainer -   ***** Running evaluation on test0 dataset *****
03/01/2026 02:25:32 - INFO - utils.trainer -   AUC: 0.94180
03/01/2026 02:25:32 - INFO - utils.trainer -   Accuracy: 0.88889
03/01/2026 02:25:32 - INFO - utils.trainer -   Precision: 0.88796
03/01/2026 02:25:32 - INFO - utils.trainer -   Recall: 0.86227
03/01/2026 02:25:32 - INFO - utils.trainer -   F_score: 0.87493
03/01/2026 02:25:32 - INFO - utils.trainer -   Specificity: 0.91073
03/01/2026 02:25:32 - INFO - utils.trainer -   Sensitivity: 0.86227
03/01/2026 02:25:32 - INFO - utils.trainer -   Loss: 0.14320
03/01/2026 02:25:32 - INFO - utils.trainer -   Epoch: 106, Train loss: 0.00885, Test loss: 0.14320,Epoch time = 5.756s
03/01/2026 02:25:37 - INFO - utils.trainer -   ***** Running evaluation on test0 dataset *****
03/01/2026 02:25:41 - INFO - utils.trainer -   AUC: 0.94260
03/01/2026 02:25:41 - INFO - utils.trainer -   Accuracy: 0.88941
03/01/2026 02:25:41 - INFO - utils.trainer -   Precision: 0.87731
03/01/2026 02:25:41 - INFO - utils.trainer -   Recall: 0.87731
03/01/2026 02:25:41 - INFO - utils.trainer -   F_score: 0.87731
03/01/2026 02:25:41 - INFO - utils.trainer -   Specificity: 0.89934
03/01/2026 02:25:41 - INFO - utils.trainer -   Sensitivity: 0.87731
03/01/2026 02:25:41 - INFO - utils.trainer -   Loss: 0.14381
03/01/2026 02:25:41 - INFO - utils.trainer -   Epoch: 107, Train loss: 0.00839, Test loss: 0.14381,Epoch time = 5.794s
03/01/2026 02:25:47 - INFO - utils.trainer -   ***** Running evaluation on test0 dataset *****
03/01/2026 02:25:51 - INFO - utils.trainer -   AUC: 0.94270
03/01/2026 02:25:51 - INFO - utils.trainer -   Accuracy: 0.88837
03/01/2026 02:25:51 - INFO - utils.trainer -   Precision: 0.88056
03/01/2026 02:25:51 - INFO - utils.trainer -   Recall: 0.87037
03/01/2026 02:25:51 - INFO - utils.trainer -   F_score: 0.87544
03/01/2026 02:25:51 - INFO - utils.trainer -   Specificity: 0.90313
03/01/2026 02:25:51 - INFO - utils.trainer -   Sensitivity: 0.87037
03/01/2026 02:25:51 - INFO - utils.trainer -   Loss: 0.14017
03/01/2026 02:25:51 - INFO - utils.trainer -   Epoch: 108, Train loss: 0.00838, Test loss: 0.14017,Epoch time = 5.862s
03/01/2026 02:25:56 - INFO - utils.trainer -   ***** Running evaluation on test0 dataset *****
03/01/2026 02:26:00 - INFO - utils.trainer -   AUC: 0.94434
03/01/2026 02:26:00 - INFO - utils.trainer -   Accuracy: 0.89150
03/01/2026 02:26:00 - INFO - utils.trainer -   Precision: 0.87273
03/01/2026 02:26:00 - INFO - utils.trainer -   Recall: 0.88889
03/01/2026 02:26:00 - INFO - utils.trainer -   F_score: 0.88073
03/01/2026 02:26:00 - INFO - utils.trainer -   Specificity: 0.89364
03/01/2026 02:26:00 - INFO - utils.trainer -   Sensitivity: 0.88889
03/01/2026 02:26:00 - INFO - utils.trainer -   Loss: 0.14221
03/01/2026 02:26:00 - INFO - utils.trainer -   Epoch: 109, Train loss: 0.00830, Test loss: 0.14221,Epoch time = 5.763s
03/01/2026 02:26:06 - INFO - utils.trainer -   ***** Running evaluation on test0 dataset *****
03/01/2026 02:26:10 - INFO - utils.trainer -   AUC: 0.94475
03/01/2026 02:26:10 - INFO - utils.trainer -   Accuracy: 0.89098
03/01/2026 02:26:10 - INFO - utils.trainer -   Precision: 0.87861
03/01/2026 02:26:10 - INFO - utils.trainer -   Recall: 0.87963
03/01/2026 02:26:10 - INFO - utils.trainer -   F_score: 0.87912
03/01/2026 02:26:10 - INFO - utils.trainer -   Specificity: 0.90028
03/01/2026 02:26:10 - INFO - utils.trainer -   Sensitivity: 0.87963
03/01/2026 02:26:10 - INFO - utils.trainer -   Loss: 0.14058
03/01/2026 02:26:10 - INFO - utils.trainer -   Epoch: 110, Train loss: 0.00804, Test loss: 0.14058,Epoch time = 5.931s
03/01/2026 02:26:16 - INFO - utils.trainer -   ***** Running evaluation on test0 dataset *****
03/01/2026 02:26:20 - INFO - utils.trainer -   AUC: 0.94527
03/01/2026 02:26:20 - INFO - utils.trainer -   Accuracy: 0.89306
03/01/2026 02:26:20 - INFO - utils.trainer -   Precision: 0.87148
03/01/2026 02:26:20 - INFO - utils.trainer -   Recall: 0.89468
03/01/2026 02:26:20 - INFO - utils.trainer -   F_score: 0.88292
03/01/2026 02:26:20 - INFO - utils.trainer -   Specificity: 0.89174
03/01/2026 02:26:20 - INFO - utils.trainer -   Sensitivity: 0.89468
03/01/2026 02:26:20 - INFO - utils.trainer -   Loss: 0.14237
03/01/2026 02:26:20 - INFO - utils.trainer -   Epoch: 111, Train loss: 0.00764, Test loss: 0.14237,Epoch time = 5.835s
03/01/2026 02:26:26 - INFO - utils.trainer -   ***** Running evaluation on test0 dataset *****
03/01/2026 02:26:29 - INFO - utils.trainer -   AUC: 0.94538
03/01/2026 02:26:29 - INFO - utils.trainer -   Accuracy: 0.88941
03/01/2026 02:26:29 - INFO - utils.trainer -   Precision: 0.85667
03/01/2026 02:26:29 - INFO - utils.trainer -   Recall: 0.90625
03/01/2026 02:26:29 - INFO - utils.trainer -   F_score: 0.88076
03/01/2026 02:26:29 - INFO - utils.trainer -   Specificity: 0.87559
03/01/2026 02:26:29 - INFO - utils.trainer -   Sensitivity: 0.90625
03/01/2026 02:26:29 - INFO - utils.trainer -   Loss: 0.14363
03/01/2026 02:26:29 - INFO - utils.trainer -   Epoch: 112, Train loss: 0.00743, Test loss: 0.14363,Epoch time = 5.847s
03/01/2026 02:26:35 - INFO - utils.trainer -   ***** Running evaluation on test0 dataset *****
03/01/2026 02:26:40 - INFO - utils.trainer -   AUC: 0.94562
03/01/2026 02:26:40 - INFO - utils.trainer -   Accuracy: 0.89254
03/01/2026 02:26:40 - INFO - utils.trainer -   Precision: 0.86719
03/01/2026 02:26:40 - INFO - utils.trainer -   Recall: 0.89931
03/01/2026 02:26:40 - INFO - utils.trainer -   F_score: 0.88295
03/01/2026 02:26:40 - INFO - utils.trainer -   Specificity: 0.88699
03/01/2026 02:26:40 - INFO - utils.trainer -   Sensitivity: 0.89931
03/01/2026 02:26:40 - INFO - utils.trainer -   Loss: 0.13854
03/01/2026 02:26:40 - INFO - utils.trainer -   Epoch: 113, Train loss: 0.00707, Test loss: 0.13854,Epoch time = 6.129s
03/01/2026 02:26:46 - INFO - utils.trainer -   ***** Running evaluation on test0 dataset *****
03/01/2026 02:26:49 - INFO - utils.trainer -   AUC: 0.94607
03/01/2026 02:26:49 - INFO - utils.trainer -   Accuracy: 0.89202
03/01/2026 02:26:49 - INFO - utils.trainer -   Precision: 0.87629
03/01/2026 02:26:49 - INFO - utils.trainer -   Recall: 0.88542
03/01/2026 02:26:49 - INFO - utils.trainer -   F_score: 0.88083
03/01/2026 02:26:49 - INFO - utils.trainer -   Specificity: 0.89744
03/01/2026 02:26:49 - INFO - utils.trainer -   Sensitivity: 0.88542
03/01/2026 02:26:49 - INFO - utils.trainer -   Loss: 0.13868
03/01/2026 02:26:49 - INFO - utils.trainer -   Epoch: 114, Train loss: 0.00667, Test loss: 0.13868,Epoch time = 5.774s
03/01/2026 02:26:55 - INFO - utils.trainer -   ***** Running evaluation on test0 dataset *****
03/01/2026 02:26:59 - INFO - utils.trainer -   AUC: 0.94729
03/01/2026 02:26:59 - INFO - utils.trainer -   Accuracy: 0.89098
03/01/2026 02:26:59 - INFO - utils.trainer -   Precision: 0.85871
03/01/2026 02:26:59 - INFO - utils.trainer -   Recall: 0.90741
03/01/2026 02:26:59 - INFO - utils.trainer -   F_score: 0.88239
03/01/2026 02:26:59 - INFO - utils.trainer -   Specificity: 0.87749
03/01/2026 02:26:59 - INFO - utils.trainer -   Sensitivity: 0.90741
03/01/2026 02:26:59 - INFO - utils.trainer -   Loss: 0.13873
03/01/2026 02:26:59 - INFO - utils.trainer -   Epoch: 115, Train loss: 0.00666, Test loss: 0.13873,Epoch time = 5.802s
03/01/2026 02:27:05 - INFO - utils.trainer -   ***** Running evaluation on test0 dataset *****
03/01/2026 02:27:08 - INFO - utils.trainer -   AUC: 0.94625
03/01/2026 02:27:08 - INFO - utils.trainer -   Accuracy: 0.89306
03/01/2026 02:27:08 - INFO - utils.trainer -   Precision: 0.87571
03/01/2026 02:27:08 - INFO - utils.trainer -   Recall: 0.88889
03/01/2026 02:27:08 - INFO - utils.trainer -   F_score: 0.88225
03/01/2026 02:27:08 - INFO - utils.trainer -   Specificity: 0.89649
03/01/2026 02:27:08 - INFO - utils.trainer -   Sensitivity: 0.88889
03/01/2026 02:27:08 - INFO - utils.trainer -   Loss: 0.13833
03/01/2026 02:27:08 - INFO - utils.trainer -   Epoch: 116, Train loss: 0.00626, Test loss: 0.13833,Epoch time = 5.808s
03/01/2026 02:27:14 - INFO - utils.trainer -   ***** Running evaluation on test0 dataset *****
03/01/2026 02:27:18 - INFO - utils.trainer -   AUC: 0.94774
03/01/2026 02:27:18 - INFO - utils.trainer -   Accuracy: 0.89254
03/01/2026 02:27:18 - INFO - utils.trainer -   Precision: 0.89639
03/01/2026 02:27:18 - INFO - utils.trainer -   Recall: 0.86111
03/01/2026 02:27:18 - INFO - utils.trainer -   F_score: 0.87839
03/01/2026 02:27:18 - INFO - utils.trainer -   Specificity: 0.91833
03/01/2026 02:27:18 - INFO - utils.trainer -   Sensitivity: 0.86111
03/01/2026 02:27:18 - INFO - utils.trainer -   Loss: 0.13591
03/01/2026 02:27:18 - INFO - utils.trainer -   Epoch: 117, Train loss: 0.00603, Test loss: 0.13591,Epoch time = 5.930s
03/01/2026 02:27:24 - INFO - utils.trainer -   ***** Running evaluation on test0 dataset *****
03/01/2026 02:27:28 - INFO - utils.trainer -   AUC: 0.94822
03/01/2026 02:27:28 - INFO - utils.trainer -   Accuracy: 0.88889
03/01/2026 02:27:28 - INFO - utils.trainer -   Precision: 0.87717
03/01/2026 02:27:28 - INFO - utils.trainer -   Recall: 0.87616
03/01/2026 02:27:28 - INFO - utils.trainer -   F_score: 0.87666
03/01/2026 02:27:28 - INFO - utils.trainer -   Specificity: 0.89934
03/01/2026 02:27:28 - INFO - utils.trainer -   Sensitivity: 0.87616
03/01/2026 02:27:28 - INFO - utils.trainer -   Loss: 0.13691
03/01/2026 02:27:28 - INFO - utils.trainer -   Epoch: 118, Train loss: 0.00586, Test loss: 0.13691,Epoch time = 5.858s
03/01/2026 02:27:34 - INFO - utils.trainer -   ***** Running evaluation on test0 dataset *****
03/01/2026 02:27:38 - INFO - utils.trainer -   AUC: 0.93787
03/01/2026 02:27:38 - INFO - utils.trainer -   Accuracy: 0.87376
03/01/2026 02:27:38 - INFO - utils.trainer -   Precision: 0.89268
03/01/2026 02:27:38 - INFO - utils.trainer -   Recall: 0.81829
03/01/2026 02:27:38 - INFO - utils.trainer -   F_score: 0.85386
03/01/2026 02:27:38 - INFO - utils.trainer -   Specificity: 0.91928
03/01/2026 02:27:38 - INFO - utils.trainer -   Sensitivity: 0.81829
03/01/2026 02:27:38 - INFO - utils.trainer -   Loss: 0.15740
03/01/2026 02:27:38 - INFO - utils.trainer -   Epoch: 119, Train loss: 0.00900, Test loss: 0.15740,Epoch time = 5.922s
03/01/2026 02:27:44 - INFO - utils.trainer -   ***** Running evaluation on test0 dataset *****
03/01/2026 02:27:48 - INFO - utils.trainer -   AUC: 0.94451
03/01/2026 02:27:48 - INFO - utils.trainer -   Accuracy: 0.87376
03/01/2026 02:27:48 - INFO - utils.trainer -   Precision: 0.82062
03/01/2026 02:27:48 - INFO - utils.trainer -   Recall: 0.92130
03/01/2026 02:27:48 - INFO - utils.trainer -   F_score: 0.86805
03/01/2026 02:27:48 - INFO - utils.trainer -   Specificity: 0.83476
03/01/2026 02:27:48 - INFO - utils.trainer -   Sensitivity: 0.92130
03/01/2026 02:27:48 - INFO - utils.trainer -   Loss: 0.15724
03/01/2026 02:27:48 - INFO - utils.trainer -   Epoch: 120, Train loss: 0.00944, Test loss: 0.15724,Epoch time = 5.809s
03/01/2026 02:27:53 - INFO - utils.trainer -   ***** Running evaluation on test0 dataset *****
03/01/2026 02:27:57 - INFO - utils.trainer -   AUC: 0.94555
03/01/2026 02:27:57 - INFO - utils.trainer -   Accuracy: 0.88680
03/01/2026 02:27:57 - INFO - utils.trainer -   Precision: 0.85905
03/01/2026 02:27:57 - INFO - utils.trainer -   Recall: 0.89583
03/01/2026 02:27:57 - INFO - utils.trainer -   F_score: 0.87705
03/01/2026 02:27:57 - INFO - utils.trainer -   Specificity: 0.87939
03/01/2026 02:27:57 - INFO - utils.trainer -   Sensitivity: 0.89583
03/01/2026 02:27:57 - INFO - utils.trainer -   Loss: 0.14464
03/01/2026 02:27:57 - INFO - utils.trainer -   Epoch: 121, Train loss: 0.00557, Test loss: 0.14464,Epoch time = 5.688s
03/01/2026 02:28:03 - INFO - utils.trainer -   ***** Running evaluation on test0 dataset *****
03/01/2026 02:28:07 - INFO - utils.trainer -   AUC: 0.94604
03/01/2026 02:28:07 - INFO - utils.trainer -   Accuracy: 0.88680
03/01/2026 02:28:07 - INFO - utils.trainer -   Precision: 0.86145
03/01/2026 02:28:07 - INFO - utils.trainer -   Recall: 0.89236
03/01/2026 02:28:07 - INFO - utils.trainer -   F_score: 0.87663
03/01/2026 02:28:07 - INFO - utils.trainer -   Specificity: 0.88224
03/01/2026 02:28:07 - INFO - utils.trainer -   Sensitivity: 0.89236
03/01/2026 02:28:07 - INFO - utils.trainer -   Loss: 0.14261
03/01/2026 02:28:07 - INFO - utils.trainer -   Epoch: 122, Train loss: 0.00477, Test loss: 0.14261,Epoch time = 5.748s
03/01/2026 02:28:13 - INFO - utils.trainer -   ***** Running evaluation on test0 dataset *****
03/01/2026 02:28:17 - INFO - utils.trainer -   AUC: 0.94655
03/01/2026 02:28:17 - INFO - utils.trainer -   Accuracy: 0.88941
03/01/2026 02:28:17 - INFO - utils.trainer -   Precision: 0.85982
03/01/2026 02:28:17 - INFO - utils.trainer -   Recall: 0.90162
03/01/2026 02:28:17 - INFO - utils.trainer -   F_score: 0.88023
03/01/2026 02:28:17 - INFO - utils.trainer -   Specificity: 0.87939
03/01/2026 02:28:17 - INFO - utils.trainer -   Sensitivity: 0.90162
03/01/2026 02:28:17 - INFO - utils.trainer -   Loss: 0.14270
03/01/2026 02:28:17 - INFO - utils.trainer -   Epoch: 123, Train loss: 0.00422, Test loss: 0.14270,Epoch time = 5.727s
03/01/2026 02:28:22 - INFO - utils.trainer -   ***** Running evaluation on test0 dataset *****
03/01/2026 02:28:26 - INFO - utils.trainer -   AUC: 0.94621
03/01/2026 02:28:26 - INFO - utils.trainer -   Accuracy: 0.88576
03/01/2026 02:28:26 - INFO - utils.trainer -   Precision: 0.86773
03/01/2026 02:28:26 - INFO - utils.trainer -   Recall: 0.88079
03/01/2026 02:28:26 - INFO - utils.trainer -   F_score: 0.87421
03/01/2026 02:28:26 - INFO - utils.trainer -   Specificity: 0.88984
03/01/2026 02:28:26 - INFO - utils.trainer -   Sensitivity: 0.88079
03/01/2026 02:28:26 - INFO - utils.trainer -   Loss: 0.14011
03/01/2026 02:28:26 - INFO - utils.trainer -   Epoch: 124, Train loss: 0.00404, Test loss: 0.14011,Epoch time = 5.788s
03/01/2026 02:28:32 - INFO - utils.trainer -   ***** Running evaluation on test0 dataset *****
03/01/2026 02:28:36 - INFO - utils.trainer -   AUC: 0.94580
03/01/2026 02:28:36 - INFO - utils.trainer -   Accuracy: 0.88941
03/01/2026 02:28:36 - INFO - utils.trainer -   Precision: 0.86384
03/01/2026 02:28:36 - INFO - utils.trainer -   Recall: 0.89583
03/01/2026 02:28:36 - INFO - utils.trainer -   F_score: 0.87955
03/01/2026 02:28:36 - INFO - utils.trainer -   Specificity: 0.88414
03/01/2026 02:28:36 - INFO - utils.trainer -   Sensitivity: 0.89583
03/01/2026 02:28:36 - INFO - utils.trainer -   Loss: 0.13977
03/01/2026 02:28:36 - INFO - utils.trainer -   Epoch: 125, Train loss: 0.00385, Test loss: 0.13977,Epoch time = 5.862s
03/01/2026 02:28:42 - INFO - utils.trainer -   ***** Running evaluation on test0 dataset *****
03/01/2026 02:28:45 - INFO - utils.trainer -   AUC: 0.94475
03/01/2026 02:28:45 - INFO - utils.trainer -   Accuracy: 0.88576
03/01/2026 02:28:45 - INFO - utils.trainer -   Precision: 0.87986
03/01/2026 02:28:45 - INFO - utils.trainer -   Recall: 0.86458
03/01/2026 02:28:45 - INFO - utils.trainer -   F_score: 0.87215
03/01/2026 02:28:45 - INFO - utils.trainer -   Specificity: 0.90313
03/01/2026 02:28:45 - INFO - utils.trainer -   Sensitivity: 0.86458
03/01/2026 02:28:45 - INFO - utils.trainer -   Loss: 0.14231
03/01/2026 02:28:45 - INFO - utils.trainer -   Epoch: 126, Train loss: 0.00384, Test loss: 0.14231,Epoch time = 5.760s
03/01/2026 02:28:51 - INFO - utils.trainer -   ***** Running evaluation on test0 dataset *****
03/01/2026 02:28:55 - INFO - utils.trainer -   AUC: 0.94653
03/01/2026 02:28:55 - INFO - utils.trainer -   Accuracy: 0.88837
03/01/2026 02:28:55 - INFO - utils.trainer -   Precision: 0.86192
03/01/2026 02:28:55 - INFO - utils.trainer -   Recall: 0.89583
03/01/2026 02:28:55 - INFO - utils.trainer -   F_score: 0.87855
03/01/2026 02:28:55 - INFO - utils.trainer -   Specificity: 0.88224
03/01/2026 02:28:55 - INFO - utils.trainer -   Sensitivity: 0.89583
03/01/2026 02:28:55 - INFO - utils.trainer -   Loss: 0.14191
03/01/2026 02:28:55 - INFO - utils.trainer -   Epoch: 127, Train loss: 0.00375, Test loss: 0.14191,Epoch time = 5.765s
03/01/2026 02:29:01 - INFO - utils.trainer -   ***** Running evaluation on test0 dataset *****
03/01/2026 02:29:05 - INFO - utils.trainer -   AUC: 0.94613
03/01/2026 02:29:05 - INFO - utils.trainer -   Accuracy: 0.88732
03/01/2026 02:29:05 - INFO - utils.trainer -   Precision: 0.86242
03/01/2026 02:29:05 - INFO - utils.trainer -   Recall: 0.89236
03/01/2026 02:29:05 - INFO - utils.trainer -   F_score: 0.87713
03/01/2026 02:29:05 - INFO - utils.trainer -   Specificity: 0.88319
03/01/2026 02:29:05 - INFO - utils.trainer -   Sensitivity: 0.89236
03/01/2026 02:29:05 - INFO - utils.trainer -   Loss: 0.14065
03/01/2026 02:29:05 - INFO - utils.trainer -   Epoch: 128, Train loss: 0.00350, Test loss: 0.14065,Epoch time = 5.905s
03/01/2026 02:29:11 - INFO - utils.trainer -   ***** Running evaluation on test0 dataset *****
03/01/2026 02:29:14 - INFO - utils.trainer -   AUC: 0.94686
03/01/2026 02:29:14 - INFO - utils.trainer -   Accuracy: 0.89306
03/01/2026 02:29:14 - INFO - utils.trainer -   Precision: 0.86898
03/01/2026 02:29:14 - INFO - utils.trainer -   Recall: 0.89815
03/01/2026 02:29:14 - INFO - utils.trainer -   F_score: 0.88332
03/01/2026 02:29:14 - INFO - utils.trainer -   Specificity: 0.88889
03/01/2026 02:29:14 - INFO - utils.trainer -   Sensitivity: 0.89815
03/01/2026 02:29:14 - INFO - utils.trainer -   Loss: 0.13999
03/01/2026 02:29:14 - INFO - utils.trainer -   Epoch: 129, Train loss: 0.00341, Test loss: 0.13999,Epoch time = 5.875s
03/01/2026 02:29:20 - INFO - utils.trainer -   ***** Running evaluation on test0 dataset *****
03/01/2026 02:29:24 - INFO - utils.trainer -   AUC: 0.94695
03/01/2026 02:29:24 - INFO - utils.trainer -   Accuracy: 0.88941
03/01/2026 02:29:24 - INFO - utils.trainer -   Precision: 0.86142
03/01/2026 02:29:24 - INFO - utils.trainer -   Recall: 0.89931
03/01/2026 02:29:24 - INFO - utils.trainer -   F_score: 0.87995
03/01/2026 02:29:24 - INFO - utils.trainer -   Specificity: 0.88129
03/01/2026 02:29:24 - INFO - utils.trainer -   Sensitivity: 0.89931
03/01/2026 02:29:24 - INFO - utils.trainer -   Loss: 0.14106
03/01/2026 02:29:24 - INFO - utils.trainer -   Epoch: 130, Train loss: 0.00339, Test loss: 0.14106,Epoch time = 5.849s
03/01/2026 02:29:30 - INFO - utils.trainer -   ***** Running evaluation on test0 dataset *****
03/01/2026 02:29:34 - INFO - utils.trainer -   AUC: 0.94620
03/01/2026 02:29:34 - INFO - utils.trainer -   Accuracy: 0.89098
03/01/2026 02:29:34 - INFO - utils.trainer -   Precision: 0.87949
03/01/2026 02:29:34 - INFO - utils.trainer -   Recall: 0.87847
03/01/2026 02:29:34 - INFO - utils.trainer -   F_score: 0.87898
03/01/2026 02:29:34 - INFO - utils.trainer -   Specificity: 0.90123
03/01/2026 02:29:34 - INFO - utils.trainer -   Sensitivity: 0.87847
03/01/2026 02:29:34 - INFO - utils.trainer -   Loss: 0.13688
03/01/2026 02:29:34 - INFO - utils.trainer -   Epoch: 131, Train loss: 0.00336, Test loss: 0.13688,Epoch time = 5.797s
03/01/2026 02:29:39 - INFO - utils.trainer -   ***** Running evaluation on test0 dataset *****
03/01/2026 02:29:43 - INFO - utils.trainer -   AUC: 0.94620
03/01/2026 02:29:43 - INFO - utils.trainer -   Accuracy: 0.88785
03/01/2026 02:29:43 - INFO - utils.trainer -   Precision: 0.88132
03/01/2026 02:29:43 - INFO - utils.trainer -   Recall: 0.86806
03/01/2026 02:29:43 - INFO - utils.trainer -   F_score: 0.87464
03/01/2026 02:29:43 - INFO - utils.trainer -   Specificity: 0.90408
03/01/2026 02:29:43 - INFO - utils.trainer -   Sensitivity: 0.86806
03/01/2026 02:29:43 - INFO - utils.trainer -   Loss: 0.13834
03/01/2026 02:29:43 - INFO - utils.trainer -   Epoch: 132, Train loss: 0.00331, Test loss: 0.13834,Epoch time = 5.691s
03/01/2026 02:29:49 - INFO - utils.trainer -   ***** Running evaluation on test0 dataset *****
03/01/2026 02:29:53 - INFO - utils.trainer -   AUC: 0.94456
03/01/2026 02:29:53 - INFO - utils.trainer -   Accuracy: 0.88367
03/01/2026 02:29:53 - INFO - utils.trainer -   Precision: 0.85493
03/01/2026 02:29:53 - INFO - utils.trainer -   Recall: 0.89352
03/01/2026 02:29:53 - INFO - utils.trainer -   F_score: 0.87380
03/01/2026 02:29:53 - INFO - utils.trainer -   Specificity: 0.87559
03/01/2026 02:29:53 - INFO - utils.trainer -   Sensitivity: 0.89352
03/01/2026 02:29:53 - INFO - utils.trainer -   Loss: 0.14583
03/01/2026 02:29:53 - INFO - utils.trainer -   Epoch: 133, Train loss: 0.00327, Test loss: 0.14583,Epoch time = 5.846s
03/01/2026 02:29:59 - INFO - utils.trainer -   ***** Running evaluation on test0 dataset *****
03/01/2026 02:30:03 - INFO - utils.trainer -   AUC: 0.94330
03/01/2026 02:30:03 - INFO - utils.trainer -   Accuracy: 0.88159
03/01/2026 02:30:03 - INFO - utils.trainer -   Precision: 0.84211
03/01/2026 02:30:03 - INFO - utils.trainer -   Recall: 0.90741
03/01/2026 02:30:03 - INFO - utils.trainer -   F_score: 0.87354
03/01/2026 02:30:03 - INFO - utils.trainer -   Specificity: 0.86040
03/01/2026 02:30:03 - INFO - utils.trainer -   Sensitivity: 0.90741
03/01/2026 02:30:03 - INFO - utils.trainer -   Loss: 0.14963
03/01/2026 02:30:03 - INFO - utils.trainer -   Epoch: 134, Train loss: 0.00411, Test loss: 0.14963,Epoch time = 5.847s
03/01/2026 02:30:08 - INFO - utils.trainer -   ***** Running evaluation on test0 dataset *****
03/01/2026 02:30:12 - INFO - utils.trainer -   AUC: 0.94180
03/01/2026 02:30:12 - INFO - utils.trainer -   Accuracy: 0.88419
03/01/2026 02:30:12 - INFO - utils.trainer -   Precision: 0.87153
03/01/2026 02:30:12 - INFO - utils.trainer -   Recall: 0.87153
03/01/2026 02:30:12 - INFO - utils.trainer -   F_score: 0.87153
03/01/2026 02:30:12 - INFO - utils.trainer -   Specificity: 0.89459
03/01/2026 02:30:12 - INFO - utils.trainer -   Sensitivity: 0.87153
03/01/2026 02:30:12 - INFO - utils.trainer -   Loss: 0.14778
03/01/2026 02:30:12 - INFO - utils.trainer -   Epoch: 135, Train loss: 0.01215, Test loss: 0.14778,Epoch time = 5.864s
03/01/2026 02:30:18 - INFO - utils.trainer -   ***** Running evaluation on test0 dataset *****
03/01/2026 02:30:22 - INFO - utils.trainer -   AUC: 0.94527
03/01/2026 02:30:22 - INFO - utils.trainer -   Accuracy: 0.88680
03/01/2026 02:30:22 - INFO - utils.trainer -   Precision: 0.86308
03/01/2026 02:30:22 - INFO - utils.trainer -   Recall: 0.89005
03/01/2026 02:30:22 - INFO - utils.trainer -   F_score: 0.87635
03/01/2026 02:30:22 - INFO - utils.trainer -   Specificity: 0.88414
03/01/2026 02:30:22 - INFO - utils.trainer -   Sensitivity: 0.89005
03/01/2026 02:30:22 - INFO - utils.trainer -   Loss: 0.14496
03/01/2026 02:30:22 - INFO - utils.trainer -   Epoch: 136, Train loss: 0.00708, Test loss: 0.14496,Epoch time = 5.636s
03/01/2026 02:30:28 - INFO - utils.trainer -   ***** Running evaluation on test0 dataset *****
03/01/2026 02:30:31 - INFO - utils.trainer -   AUC: 0.94674
03/01/2026 02:30:31 - INFO - utils.trainer -   Accuracy: 0.88993
03/01/2026 02:30:31 - INFO - utils.trainer -   Precision: 0.87486
03/01/2026 02:30:31 - INFO - utils.trainer -   Recall: 0.88194
03/01/2026 02:30:31 - INFO - utils.trainer -   F_score: 0.87839
03/01/2026 02:30:31 - INFO - utils.trainer -   Specificity: 0.89649
03/01/2026 02:30:31 - INFO - utils.trainer -   Sensitivity: 0.88194
03/01/2026 02:30:31 - INFO - utils.trainer -   Loss: 0.14239
03/01/2026 02:30:31 - INFO - utils.trainer -   Epoch: 137, Train loss: 0.00390, Test loss: 0.14239,Epoch time = 5.785s
03/01/2026 02:30:37 - INFO - utils.trainer -   ***** Running evaluation on test0 dataset *****
03/01/2026 02:30:41 - INFO - utils.trainer -   AUC: 0.94663
03/01/2026 02:30:41 - INFO - utils.trainer -   Accuracy: 0.88263
03/01/2026 02:30:41 - INFO - utils.trainer -   Precision: 0.88916
03/01/2026 02:30:41 - INFO - utils.trainer -   Recall: 0.84491
03/01/2026 02:30:41 - INFO - utils.trainer -   F_score: 0.86647
03/01/2026 02:30:41 - INFO - utils.trainer -   Specificity: 0.91358
03/01/2026 02:30:41 - INFO - utils.trainer -   Sensitivity: 0.84491
03/01/2026 02:30:41 - INFO - utils.trainer -   Loss: 0.14393
03/01/2026 02:30:41 - INFO - utils.trainer -   Epoch: 138, Train loss: 0.00357, Test loss: 0.14393,Epoch time = 5.890s
03/01/2026 02:30:47 - INFO - utils.trainer -   ***** Running evaluation on test0 dataset *****
03/01/2026 02:30:51 - INFO - utils.trainer -   AUC: 0.94765
03/01/2026 02:30:51 - INFO - utils.trainer -   Accuracy: 0.88680
03/01/2026 02:30:51 - INFO - utils.trainer -   Precision: 0.86720
03/01/2026 02:30:51 - INFO - utils.trainer -   Recall: 0.88426
03/01/2026 02:30:51 - INFO - utils.trainer -   F_score: 0.87564
03/01/2026 02:30:51 - INFO - utils.trainer -   Specificity: 0.88889
03/01/2026 02:30:51 - INFO - utils.trainer -   Sensitivity: 0.88426
03/01/2026 02:30:51 - INFO - utils.trainer -   Loss: 0.14158
03/01/2026 02:30:51 - INFO - utils.trainer -   Epoch: 139, Train loss: 0.00465, Test loss: 0.14158,Epoch time = 5.741s
03/01/2026 02:30:56 - INFO - utils.trainer -   ***** Running evaluation on test0 dataset *****
03/01/2026 02:31:00 - INFO - utils.trainer -   AUC: 0.94819
03/01/2026 02:31:00 - INFO - utils.trainer -   Accuracy: 0.88837
03/01/2026 02:31:00 - INFO - utils.trainer -   Precision: 0.87100
03/01/2026 02:31:00 - INFO - utils.trainer -   Recall: 0.88310
03/01/2026 02:31:00 - INFO - utils.trainer -   F_score: 0.87701
03/01/2026 02:31:00 - INFO - utils.trainer -   Specificity: 0.89269
03/01/2026 02:31:00 - INFO - utils.trainer -   Sensitivity: 0.88310
03/01/2026 02:31:00 - INFO - utils.trainer -   Loss: 0.13918
03/01/2026 02:31:00 - INFO - utils.trainer -   Epoch: 140, Train loss: 0.00341, Test loss: 0.13918,Epoch time = 5.689s
03/01/2026 02:31:06 - INFO - utils.trainer -   ***** Running evaluation on test0 dataset *****
03/01/2026 02:31:10 - INFO - utils.trainer -   AUC: 0.94766
03/01/2026 02:31:10 - INFO - utils.trainer -   Accuracy: 0.89150
03/01/2026 02:31:10 - INFO - utils.trainer -   Precision: 0.87788
03/01/2026 02:31:10 - INFO - utils.trainer -   Recall: 0.88194
03/01/2026 02:31:10 - INFO - utils.trainer -   F_score: 0.87991
03/01/2026 02:31:10 - INFO - utils.trainer -   Specificity: 0.89934
03/01/2026 02:31:10 - INFO - utils.trainer -   Sensitivity: 0.88194
03/01/2026 02:31:10 - INFO - utils.trainer -   Loss: 0.13923
03/01/2026 02:31:10 - INFO - utils.trainer -   Epoch: 141, Train loss: 0.00328, Test loss: 0.13923,Epoch time = 5.736s
03/01/2026 02:31:16 - INFO - utils.trainer -   ***** Running evaluation on test0 dataset *****
03/01/2026 02:31:20 - INFO - utils.trainer -   AUC: 0.94767
03/01/2026 02:31:20 - INFO - utils.trainer -   Accuracy: 0.88889
03/01/2026 02:31:20 - INFO - utils.trainer -   Precision: 0.87543
03/01/2026 02:31:20 - INFO - utils.trainer -   Recall: 0.87847
03/01/2026 02:31:20 - INFO - utils.trainer -   F_score: 0.87695
03/01/2026 02:31:20 - INFO - utils.trainer -   Specificity: 0.89744
03/01/2026 02:31:20 - INFO - utils.trainer -   Sensitivity: 0.87847
03/01/2026 02:31:20 - INFO - utils.trainer -   Loss: 0.13799
03/01/2026 02:31:20 - INFO - utils.trainer -   Epoch: 142, Train loss: 0.00311, Test loss: 0.13799,Epoch time = 5.980s
03/01/2026 02:31:25 - INFO - utils.trainer -   ***** Running evaluation on test0 dataset *****
03/01/2026 02:31:29 - INFO - utils.trainer -   AUC: 0.94713
03/01/2026 02:31:29 - INFO - utils.trainer -   Accuracy: 0.88889
03/01/2026 02:31:29 - INFO - utils.trainer -   Precision: 0.87717
03/01/2026 02:31:29 - INFO - utils.trainer -   Recall: 0.87616
03/01/2026 02:31:29 - INFO - utils.trainer -   F_score: 0.87666
03/01/2026 02:31:29 - INFO - utils.trainer -   Specificity: 0.89934
03/01/2026 02:31:29 - INFO - utils.trainer -   Sensitivity: 0.87616
03/01/2026 02:31:29 - INFO - utils.trainer -   Loss: 0.13833
03/01/2026 02:31:29 - INFO - utils.trainer -   Epoch: 143, Train loss: 0.00326, Test loss: 0.13833,Epoch time = 5.816s
03/01/2026 02:31:35 - INFO - utils.trainer -   ***** Running evaluation on test0 dataset *****
03/01/2026 02:31:39 - INFO - utils.trainer -   AUC: 0.94804
03/01/2026 02:31:39 - INFO - utils.trainer -   Accuracy: 0.89150
03/01/2026 02:31:39 - INFO - utils.trainer -   Precision: 0.87358
03/01/2026 02:31:39 - INFO - utils.trainer -   Recall: 0.88773
03/01/2026 02:31:39 - INFO - utils.trainer -   F_score: 0.88060
03/01/2026 02:31:39 - INFO - utils.trainer -   Specificity: 0.89459
03/01/2026 02:31:39 - INFO - utils.trainer -   Sensitivity: 0.88773
03/01/2026 02:31:39 - INFO - utils.trainer -   Loss: 0.13724
03/01/2026 02:31:39 - INFO - utils.trainer -   Epoch: 144, Train loss: 0.00308, Test loss: 0.13724,Epoch time = 5.813s
03/01/2026 02:31:44 - INFO - utils.trainer -   ***** Running evaluation on test0 dataset *****
03/01/2026 02:31:48 - INFO - utils.trainer -   AUC: 0.94811
03/01/2026 02:31:48 - INFO - utils.trainer -   Accuracy: 0.88993
03/01/2026 02:31:48 - INFO - utils.trainer -   Precision: 0.87229
03/01/2026 02:31:48 - INFO - utils.trainer -   Recall: 0.88542
03/01/2026 02:31:48 - INFO - utils.trainer -   F_score: 0.87881
03/01/2026 02:31:48 - INFO - utils.trainer -   Specificity: 0.89364
03/01/2026 02:31:48 - INFO - utils.trainer -   Sensitivity: 0.88542
03/01/2026 02:31:48 - INFO - utils.trainer -   Loss: 0.13731
03/01/2026 02:31:48 - INFO - utils.trainer -   Epoch: 145, Train loss: 0.00319, Test loss: 0.13731,Epoch time = 5.712s
03/01/2026 02:31:54 - INFO - utils.trainer -   ***** Running evaluation on test0 dataset *****
03/01/2026 02:31:58 - INFO - utils.trainer -   AUC: 0.94785
03/01/2026 02:31:58 - INFO - utils.trainer -   Accuracy: 0.89045
03/01/2026 02:31:58 - INFO - utils.trainer -   Precision: 0.87414
03/01/2026 02:31:58 - INFO - utils.trainer -   Recall: 0.88426
03/01/2026 02:31:58 - INFO - utils.trainer -   F_score: 0.87917
03/01/2026 02:31:58 - INFO - utils.trainer -   Specificity: 0.89554
03/01/2026 02:31:58 - INFO - utils.trainer -   Sensitivity: 0.88426
03/01/2026 02:31:58 - INFO - utils.trainer -   Loss: 0.13821
03/01/2026 02:31:58 - INFO - utils.trainer -   Epoch: 146, Train loss: 0.00314, Test loss: 0.13821,Epoch time = 6.092s
03/01/2026 02:32:04 - INFO - utils.trainer -   ***** Running evaluation on test0 dataset *****
03/01/2026 02:32:08 - INFO - utils.trainer -   AUC: 0.94823
03/01/2026 02:32:08 - INFO - utils.trainer -   Accuracy: 0.89306
03/01/2026 02:32:08 - INFO - utils.trainer -   Precision: 0.87917
03/01/2026 02:32:08 - INFO - utils.trainer -   Recall: 0.88426
03/01/2026 02:32:08 - INFO - utils.trainer -   F_score: 0.88171
03/01/2026 02:32:08 - INFO - utils.trainer -   Specificity: 0.90028
03/01/2026 02:32:08 - INFO - utils.trainer -   Sensitivity: 0.88426
03/01/2026 02:32:08 - INFO - utils.trainer -   Loss: 0.13630
03/01/2026 02:32:08 - INFO - utils.trainer -   Epoch: 147, Train loss: 0.00326, Test loss: 0.13630,Epoch time = 5.905s
03/01/2026 02:32:13 - INFO - utils.trainer -   ***** Running evaluation on test0 dataset *****
03/01/2026 02:32:17 - INFO - utils.trainer -   AUC: 0.94791
03/01/2026 02:32:17 - INFO - utils.trainer -   Accuracy: 0.88785
03/01/2026 02:32:17 - INFO - utils.trainer -   Precision: 0.88402
03/01/2026 02:32:17 - INFO - utils.trainer -   Recall: 0.86458
03/01/2026 02:32:17 - INFO - utils.trainer -   F_score: 0.87420
03/01/2026 02:32:17 - INFO - utils.trainer -   Specificity: 0.90693
03/01/2026 02:32:17 - INFO - utils.trainer -   Sensitivity: 0.86458
03/01/2026 02:32:17 - INFO - utils.trainer -   Loss: 0.13796
03/01/2026 02:32:17 - INFO - utils.trainer -   Epoch: 148, Train loss: 0.00327, Test loss: 0.13796,Epoch time = 5.662s
03/01/2026 02:32:23 - INFO - utils.trainer -   ***** Running evaluation on test0 dataset *****
03/01/2026 02:32:27 - INFO - utils.trainer -   AUC: 0.94732
03/01/2026 02:32:27 - INFO - utils.trainer -   Accuracy: 0.88785
03/01/2026 02:32:27 - INFO - utils.trainer -   Precision: 0.85936
03/01/2026 02:32:27 - INFO - utils.trainer -   Recall: 0.89815
03/01/2026 02:32:27 - INFO - utils.trainer -   F_score: 0.87832
03/01/2026 02:32:27 - INFO - utils.trainer -   Specificity: 0.87939
03/01/2026 02:32:27 - INFO - utils.trainer -   Sensitivity: 0.89815
03/01/2026 02:32:27 - INFO - utils.trainer -   Loss: 0.13881
03/01/2026 02:32:27 - INFO - utils.trainer -   Epoch: 149, Train loss: 0.00332, Test loss: 0.13881,Epoch time = 5.921s
03/01/2026 02:32:33 - INFO - utils.trainer -   ***** Running evaluation on test0 dataset *****
03/01/2026 02:32:37 - INFO - utils.trainer -   AUC: 0.94874
03/01/2026 02:32:37 - INFO - utils.trainer -   Accuracy: 0.89098
03/01/2026 02:32:37 - INFO - utils.trainer -   Precision: 0.87429
03/01/2026 02:32:37 - INFO - utils.trainer -   Recall: 0.88542
03/01/2026 02:32:37 - INFO - utils.trainer -   F_score: 0.87982
03/01/2026 02:32:37 - INFO - utils.trainer -   Specificity: 0.89554
03/01/2026 02:32:37 - INFO - utils.trainer -   Sensitivity: 0.88542
03/01/2026 02:32:37 - INFO - utils.trainer -   Loss: 0.13669
03/01/2026 02:32:37 - INFO - utils.trainer -   Epoch: 150, Train loss: 0.00316, Test loss: 0.13669,Epoch time = 5.933s
03/01/2026 02:32:43 - INFO - utils.trainer -   ***** Running evaluation on test0 dataset *****
03/01/2026 02:32:47 - INFO - utils.trainer -   AUC: 0.94844
03/01/2026 02:32:47 - INFO - utils.trainer -   Accuracy: 0.89254
03/01/2026 02:32:47 - INFO - utils.trainer -   Precision: 0.87217
03/01/2026 02:32:47 - INFO - utils.trainer -   Recall: 0.89236
03/01/2026 02:32:47 - INFO - utils.trainer -   F_score: 0.88215
03/01/2026 02:32:47 - INFO - utils.trainer -   Specificity: 0.89269
03/01/2026 02:32:47 - INFO - utils.trainer -   Sensitivity: 0.89236
03/01/2026 02:32:47 - INFO - utils.trainer -   Loss: 0.13624
03/01/2026 02:32:47 - INFO - utils.trainer -   Epoch: 151, Train loss: 0.00323, Test loss: 0.13624,Epoch time = 6.057s
03/01/2026 02:32:53 - INFO - utils.trainer -   ***** Running evaluation on test0 dataset *****
03/01/2026 02:32:57 - INFO - utils.trainer -   AUC: 0.94745
03/01/2026 02:32:57 - INFO - utils.trainer -   Accuracy: 0.88889
03/01/2026 02:32:57 - INFO - utils.trainer -   Precision: 0.87031
03/01/2026 02:32:57 - INFO - utils.trainer -   Recall: 0.88542
03/01/2026 02:32:57 - INFO - utils.trainer -   F_score: 0.87780
03/01/2026 02:32:57 - INFO - utils.trainer -   Specificity: 0.89174
03/01/2026 02:32:57 - INFO - utils.trainer -   Sensitivity: 0.88542
03/01/2026 02:32:57 - INFO - utils.trainer -   Loss: 0.13878
03/01/2026 02:32:57 - INFO - utils.trainer -   Epoch: 152, Train loss: 0.00323, Test loss: 0.13878,Epoch time = 6.010s
03/01/2026 02:33:02 - INFO - utils.trainer -   ***** Running evaluation on test0 dataset *****
03/01/2026 02:33:06 - INFO - utils.trainer -   AUC: 0.94787
03/01/2026 02:33:06 - INFO - utils.trainer -   Accuracy: 0.88837
03/01/2026 02:33:06 - INFO - utils.trainer -   Precision: 0.87879
03/01/2026 02:33:06 - INFO - utils.trainer -   Recall: 0.87269
03/01/2026 02:33:06 - INFO - utils.trainer -   F_score: 0.87573
03/01/2026 02:33:06 - INFO - utils.trainer -   Specificity: 0.90123
03/01/2026 02:33:06 - INFO - utils.trainer -   Sensitivity: 0.87269
03/01/2026 02:33:06 - INFO - utils.trainer -   Loss: 0.13608
03/01/2026 02:33:06 - INFO - utils.trainer -   Epoch: 153, Train loss: 0.00312, Test loss: 0.13608,Epoch time = 5.831s
03/01/2026 02:33:12 - INFO - utils.trainer -   ***** Running evaluation on test0 dataset *****
03/01/2026 02:33:16 - INFO - utils.trainer -   AUC: 0.94719
03/01/2026 02:33:16 - INFO - utils.trainer -   Accuracy: 0.88993
03/01/2026 02:33:16 - INFO - utils.trainer -   Precision: 0.87229
03/01/2026 02:33:16 - INFO - utils.trainer -   Recall: 0.88542
03/01/2026 02:33:16 - INFO - utils.trainer -   F_score: 0.87881
03/01/2026 02:33:16 - INFO - utils.trainer -   Specificity: 0.89364
03/01/2026 02:33:16 - INFO - utils.trainer -   Sensitivity: 0.88542
03/01/2026 02:33:16 - INFO - utils.trainer -   Loss: 0.13665
03/01/2026 02:33:16 - INFO - utils.trainer -   Epoch: 154, Train loss: 0.00304, Test loss: 0.13665,Epoch time = 5.716s
03/01/2026 02:33:22 - INFO - utils.trainer -   ***** Running evaluation on test0 dataset *****
03/01/2026 02:33:26 - INFO - utils.trainer -   AUC: 0.94858
03/01/2026 02:33:26 - INFO - utils.trainer -   Accuracy: 0.89202
03/01/2026 02:33:26 - INFO - utils.trainer -   Precision: 0.88693
03/01/2026 02:33:26 - INFO - utils.trainer -   Recall: 0.87153
03/01/2026 02:33:26 - INFO - utils.trainer -   F_score: 0.87916
03/01/2026 02:33:26 - INFO - utils.trainer -   Specificity: 0.90883
03/01/2026 02:33:26 - INFO - utils.trainer -   Sensitivity: 0.87153
03/01/2026 02:33:26 - INFO - utils.trainer -   Loss: 0.13565
03/01/2026 02:33:26 - INFO - utils.trainer -   Epoch: 155, Train loss: 0.00431, Test loss: 0.13565,Epoch time = 6.032s
03/01/2026 02:33:32 - INFO - utils.trainer -   ***** Running evaluation on test0 dataset *****
03/01/2026 02:33:35 - INFO - utils.trainer -   AUC: 0.94930
03/01/2026 02:33:35 - INFO - utils.trainer -   Accuracy: 0.89463
03/01/2026 02:33:35 - INFO - utils.trainer -   Precision: 0.88759
03/01/2026 02:33:35 - INFO - utils.trainer -   Recall: 0.87731
03/01/2026 02:33:35 - INFO - utils.trainer -   F_score: 0.88242
03/01/2026 02:33:35 - INFO - utils.trainer -   Specificity: 0.90883
03/01/2026 02:33:35 - INFO - utils.trainer -   Sensitivity: 0.87731
03/01/2026 02:33:35 - INFO - utils.trainer -   Loss: 0.13368
03/01/2026 02:33:35 - INFO - utils.trainer -   Epoch: 156, Train loss: 0.00324, Test loss: 0.13368,Epoch time = 5.712s
03/01/2026 02:33:41 - INFO - utils.trainer -   ***** Running evaluation on test0 dataset *****
03/01/2026 02:33:45 - INFO - utils.trainer -   AUC: 0.94960
03/01/2026 02:33:45 - INFO - utils.trainer -   Accuracy: 0.89358
03/01/2026 02:33:45 - INFO - utils.trainer -   Precision: 0.88372
03/01/2026 02:33:45 - INFO - utils.trainer -   Recall: 0.87963
03/01/2026 02:33:45 - INFO - utils.trainer -   F_score: 0.88167
03/01/2026 02:33:45 - INFO - utils.trainer -   Specificity: 0.90503
03/01/2026 02:33:45 - INFO - utils.trainer -   Sensitivity: 0.87963
03/01/2026 02:33:45 - INFO - utils.trainer -   Loss: 0.13398
03/01/2026 02:33:45 - INFO - utils.trainer -   Epoch: 157, Train loss: 0.00308, Test loss: 0.13398,Epoch time = 5.813s
03/01/2026 02:33:51 - INFO - utils.trainer -   ***** Running evaluation on test0 dataset *****
03/01/2026 02:33:55 - INFO - utils.trainer -   AUC: 0.94881
03/01/2026 02:33:55 - INFO - utils.trainer -   Accuracy: 0.89254
03/01/2026 02:33:55 - INFO - utils.trainer -   Precision: 0.87991
03/01/2026 02:33:55 - INFO - utils.trainer -   Recall: 0.88194
03/01/2026 02:33:55 - INFO - utils.trainer -   F_score: 0.88092
03/01/2026 02:33:55 - INFO - utils.trainer -   Specificity: 0.90123
03/01/2026 02:33:55 - INFO - utils.trainer -   Sensitivity: 0.88194
03/01/2026 02:33:55 - INFO - utils.trainer -   Loss: 0.13615
03/01/2026 02:33:55 - INFO - utils.trainer -   Epoch: 158, Train loss: 0.00333, Test loss: 0.13615,Epoch time = 5.870s
03/01/2026 02:34:00 - INFO - utils.trainer -   ***** Running evaluation on test0 dataset *****
03/01/2026 02:34:04 - INFO - utils.trainer -   AUC: 0.94880
03/01/2026 02:34:04 - INFO - utils.trainer -   Accuracy: 0.89463
03/01/2026 02:34:04 - INFO - utils.trainer -   Precision: 0.88046
03/01/2026 02:34:04 - INFO - utils.trainer -   Recall: 0.88657
03/01/2026 02:34:04 - INFO - utils.trainer -   F_score: 0.88351
03/01/2026 02:34:04 - INFO - utils.trainer -   Specificity: 0.90123
03/01/2026 02:34:04 - INFO - utils.trainer -   Sensitivity: 0.88657
03/01/2026 02:34:04 - INFO - utils.trainer -   Loss: 0.13484
03/01/2026 02:34:04 - INFO - utils.trainer -   Epoch: 159, Train loss: 0.00295, Test loss: 0.13484,Epoch time = 5.767s
03/01/2026 02:34:10 - INFO - utils.trainer -   ***** Running evaluation on test0 dataset *****
03/01/2026 02:34:14 - INFO - utils.trainer -   AUC: 0.94900
03/01/2026 02:34:14 - INFO - utils.trainer -   Accuracy: 0.89150
03/01/2026 02:34:14 - INFO - utils.trainer -   Precision: 0.87104
03/01/2026 02:34:14 - INFO - utils.trainer -   Recall: 0.89120
03/01/2026 02:34:14 - INFO - utils.trainer -   F_score: 0.88101
03/01/2026 02:34:14 - INFO - utils.trainer -   Specificity: 0.89174
03/01/2026 02:34:14 - INFO - utils.trainer -   Sensitivity: 0.89120
03/01/2026 02:34:14 - INFO - utils.trainer -   Loss: 0.13590
03/01/2026 02:34:14 - INFO - utils.trainer -   Epoch: 160, Train loss: 0.00309, Test loss: 0.13590,Epoch time = 5.741s
03/01/2026 02:34:19 - INFO - utils.trainer -   ***** Running evaluation on test0 dataset *****
03/01/2026 02:34:23 - INFO - utils.trainer -   AUC: 0.94897
03/01/2026 02:34:23 - INFO - utils.trainer -   Accuracy: 0.89463
03/01/2026 02:34:23 - INFO - utils.trainer -   Precision: 0.88046
03/01/2026 02:34:23 - INFO - utils.trainer -   Recall: 0.88657
03/01/2026 02:34:23 - INFO - utils.trainer -   F_score: 0.88351
03/01/2026 02:34:23 - INFO - utils.trainer -   Specificity: 0.90123
03/01/2026 02:34:23 - INFO - utils.trainer -   Sensitivity: 0.88657
03/01/2026 02:34:23 - INFO - utils.trainer -   Loss: 0.13584
03/01/2026 02:34:23 - INFO - utils.trainer -   Epoch: 161, Train loss: 0.00303, Test loss: 0.13584,Epoch time = 5.742s
03/01/2026 02:34:29 - INFO - utils.trainer -   ***** Running evaluation on test0 dataset *****
03/01/2026 02:34:33 - INFO - utils.trainer -   AUC: 0.94942
03/01/2026 02:34:33 - INFO - utils.trainer -   Accuracy: 0.89515
03/01/2026 02:34:33 - INFO - utils.trainer -   Precision: 0.88772
03/01/2026 02:34:33 - INFO - utils.trainer -   Recall: 0.87847
03/01/2026 02:34:33 - INFO - utils.trainer -   F_score: 0.88307
03/01/2026 02:34:33 - INFO - utils.trainer -   Specificity: 0.90883
03/01/2026 02:34:33 - INFO - utils.trainer -   Sensitivity: 0.87847
03/01/2026 02:34:33 - INFO - utils.trainer -   Loss: 0.13401
03/01/2026 02:34:33 - INFO - utils.trainer -   Epoch: 162, Train loss: 0.00309, Test loss: 0.13401,Epoch time = 5.763s
03/01/2026 02:34:38 - INFO - utils.trainer -   ***** Running evaluation on test0 dataset *****
03/01/2026 02:34:42 - INFO - utils.trainer -   AUC: 0.94940
03/01/2026 02:34:42 - INFO - utils.trainer -   Accuracy: 0.89306
03/01/2026 02:34:42 - INFO - utils.trainer -   Precision: 0.88005
03/01/2026 02:34:42 - INFO - utils.trainer -   Recall: 0.88310
03/01/2026 02:34:42 - INFO - utils.trainer -   F_score: 0.88157
03/01/2026 02:34:42 - INFO - utils.trainer -   Specificity: 0.90123
03/01/2026 02:34:42 - INFO - utils.trainer -   Sensitivity: 0.88310
03/01/2026 02:34:42 - INFO - utils.trainer -   Loss: 0.13378
03/01/2026 02:34:42 - INFO - utils.trainer -   Epoch: 163, Train loss: 0.00309, Test loss: 0.13378,Epoch time = 5.680s
03/01/2026 02:34:48 - INFO - utils.trainer -   ***** Running evaluation on test0 dataset *****
03/01/2026 02:34:52 - INFO - utils.trainer -   AUC: 0.94959
03/01/2026 02:34:52 - INFO - utils.trainer -   Accuracy: 0.89306
03/01/2026 02:34:52 - INFO - utils.trainer -   Precision: 0.88628
03/01/2026 02:34:52 - INFO - utils.trainer -   Recall: 0.87500
03/01/2026 02:34:52 - INFO - utils.trainer -   F_score: 0.88061
03/01/2026 02:34:52 - INFO - utils.trainer -   Specificity: 0.90788
03/01/2026 02:34:52 - INFO - utils.trainer -   Sensitivity: 0.87500
03/01/2026 02:34:52 - INFO - utils.trainer -   Loss: 0.13398
03/01/2026 02:34:52 - INFO - utils.trainer -   Epoch: 164, Train loss: 0.00317, Test loss: 0.13398,Epoch time = 5.784s
03/01/2026 02:34:57 - INFO - utils.trainer -   ***** Running evaluation on test0 dataset *****
03/01/2026 02:35:01 - INFO - utils.trainer -   AUC: 0.94873
03/01/2026 02:35:01 - INFO - utils.trainer -   Accuracy: 0.89202
03/01/2026 02:35:01 - INFO - utils.trainer -   Precision: 0.88242
03/01/2026 02:35:01 - INFO - utils.trainer -   Recall: 0.87731
03/01/2026 02:35:01 - INFO - utils.trainer -   F_score: 0.87986
03/01/2026 02:35:01 - INFO - utils.trainer -   Specificity: 0.90408
03/01/2026 02:35:01 - INFO - utils.trainer -   Sensitivity: 0.87731
03/01/2026 02:35:01 - INFO - utils.trainer -   Loss: 0.13441
03/01/2026 02:35:01 - INFO - utils.trainer -   Epoch: 165, Train loss: 0.00310, Test loss: 0.13441,Epoch time = 5.720s
03/01/2026 02:35:07 - INFO - utils.trainer -   ***** Running evaluation on test0 dataset *****
03/01/2026 02:35:11 - INFO - utils.trainer -   AUC: 0.94956
03/01/2026 02:35:11 - INFO - utils.trainer -   Accuracy: 0.89463
03/01/2026 02:35:11 - INFO - utils.trainer -   Precision: 0.88850
03/01/2026 02:35:11 - INFO - utils.trainer -   Recall: 0.87616
03/01/2026 02:35:11 - INFO - utils.trainer -   F_score: 0.88228
03/01/2026 02:35:11 - INFO - utils.trainer -   Specificity: 0.90978
03/01/2026 02:35:11 - INFO - utils.trainer -   Sensitivity: 0.87616
03/01/2026 02:35:11 - INFO - utils.trainer -   Loss: 0.13405
03/01/2026 02:35:11 - INFO - utils.trainer -   Epoch: 166, Train loss: 0.00315, Test loss: 0.13405,Epoch time = 5.679s
03/01/2026 02:35:17 - INFO - utils.trainer -   ***** Running evaluation on test0 dataset *****
03/01/2026 02:35:20 - INFO - utils.trainer -   AUC: 0.94944
03/01/2026 02:35:20 - INFO - utils.trainer -   Accuracy: 0.89463
03/01/2026 02:35:20 - INFO - utils.trainer -   Precision: 0.88488
03/01/2026 02:35:20 - INFO - utils.trainer -   Recall: 0.88079
03/01/2026 02:35:20 - INFO - utils.trainer -   F_score: 0.88283
03/01/2026 02:35:20 - INFO - utils.trainer -   Specificity: 0.90598
03/01/2026 02:35:20 - INFO - utils.trainer -   Sensitivity: 0.88079
03/01/2026 02:35:20 - INFO - utils.trainer -   Loss: 0.13507
03/01/2026 02:35:20 - INFO - utils.trainer -   Epoch: 167, Train loss: 0.00309, Test loss: 0.13507,Epoch time = 5.809s
03/01/2026 02:35:26 - INFO - utils.trainer -   ***** Running evaluation on test0 dataset *****
03/01/2026 02:35:30 - INFO - utils.trainer -   AUC: 0.94941
03/01/2026 02:35:30 - INFO - utils.trainer -   Accuracy: 0.89567
03/01/2026 02:35:30 - INFO - utils.trainer -   Precision: 0.88426
03/01/2026 02:35:30 - INFO - utils.trainer -   Recall: 0.88426
03/01/2026 02:35:30 - INFO - utils.trainer -   F_score: 0.88426
03/01/2026 02:35:30 - INFO - utils.trainer -   Specificity: 0.90503
03/01/2026 02:35:30 - INFO - utils.trainer -   Sensitivity: 0.88426
03/01/2026 02:35:30 - INFO - utils.trainer -   Loss: 0.13389
03/01/2026 02:35:30 - INFO - utils.trainer -   Epoch: 168, Train loss: 0.00296, Test loss: 0.13389,Epoch time = 5.951s
03/01/2026 02:35:36 - INFO - utils.trainer -   ***** Running evaluation on test0 dataset *****
03/01/2026 02:35:40 - INFO - utils.trainer -   AUC: 0.94905
03/01/2026 02:35:40 - INFO - utils.trainer -   Accuracy: 0.89254
03/01/2026 02:35:40 - INFO - utils.trainer -   Precision: 0.87991
03/01/2026 02:35:40 - INFO - utils.trainer -   Recall: 0.88194
03/01/2026 02:35:40 - INFO - utils.trainer -   F_score: 0.88092
03/01/2026 02:35:40 - INFO - utils.trainer -   Specificity: 0.90123
03/01/2026 02:35:40 - INFO - utils.trainer -   Sensitivity: 0.88194
03/01/2026 02:35:40 - INFO - utils.trainer -   Loss: 0.13411
03/01/2026 02:35:40 - INFO - utils.trainer -   Epoch: 169, Train loss: 0.00300, Test loss: 0.13411,Epoch time = 5.779s
03/01/2026 02:35:46 - INFO - utils.trainer -   ***** Running evaluation on test0 dataset *****
03/01/2026 02:35:49 - INFO - utils.trainer -   AUC: 0.94906
03/01/2026 02:35:49 - INFO - utils.trainer -   Accuracy: 0.88941
03/01/2026 02:35:49 - INFO - utils.trainer -   Precision: 0.88717
03/01/2026 02:35:49 - INFO - utils.trainer -   Recall: 0.86458
03/01/2026 02:35:49 - INFO - utils.trainer -   F_score: 0.87573
03/01/2026 02:35:49 - INFO - utils.trainer -   Specificity: 0.90978
03/01/2026 02:35:49 - INFO - utils.trainer -   Sensitivity: 0.86458
03/01/2026 02:35:49 - INFO - utils.trainer -   Loss: 0.13458
03/01/2026 02:35:49 - INFO - utils.trainer -   Epoch: 170, Train loss: 0.00303, Test loss: 0.13458,Epoch time = 5.748s
03/01/2026 02:35:56 - INFO - utils.trainer -   ***** Running evaluation on test0 dataset *****
03/01/2026 02:35:59 - INFO - utils.trainer -   AUC: 0.94976
03/01/2026 02:35:59 - INFO - utils.trainer -   Accuracy: 0.89202
03/01/2026 02:35:59 - INFO - utils.trainer -   Precision: 0.88065
03/01/2026 02:35:59 - INFO - utils.trainer -   Recall: 0.87963
03/01/2026 02:35:59 - INFO - utils.trainer -   F_score: 0.88014
03/01/2026 02:35:59 - INFO - utils.trainer -   Specificity: 0.90218
03/01/2026 02:35:59 - INFO - utils.trainer -   Sensitivity: 0.87963
03/01/2026 02:35:59 - INFO - utils.trainer -   Loss: 0.13358
03/01/2026 02:35:59 - INFO - utils.trainer -   Epoch: 171, Train loss: 0.00313, Test loss: 0.13358,Epoch time = 6.253s
03/01/2026 02:36:05 - INFO - utils.trainer -   ***** Running evaluation on test0 dataset *****
03/01/2026 02:36:09 - INFO - utils.trainer -   AUC: 0.94969
03/01/2026 02:36:09 - INFO - utils.trainer -   Accuracy: 0.89045
03/01/2026 02:36:09 - INFO - utils.trainer -   Precision: 0.87760
03/01/2026 02:36:09 - INFO - utils.trainer -   Recall: 0.87963
03/01/2026 02:36:09 - INFO - utils.trainer -   F_score: 0.87861
03/01/2026 02:36:09 - INFO - utils.trainer -   Specificity: 0.89934
03/01/2026 02:36:09 - INFO - utils.trainer -   Sensitivity: 0.87963
03/01/2026 02:36:09 - INFO - utils.trainer -   Loss: 0.13432
03/01/2026 02:36:09 - INFO - utils.trainer -   Epoch: 172, Train loss: 0.00303, Test loss: 0.13432,Epoch time = 5.843s
03/01/2026 02:36:15 - INFO - utils.trainer -   ***** Running evaluation on test0 dataset *****
03/01/2026 02:36:19 - INFO - utils.trainer -   AUC: 0.95004
03/01/2026 02:36:19 - INFO - utils.trainer -   Accuracy: 0.89254
03/01/2026 02:36:19 - INFO - utils.trainer -   Precision: 0.88706
03/01/2026 02:36:19 - INFO - utils.trainer -   Recall: 0.87269
03/01/2026 02:36:19 - INFO - utils.trainer -   F_score: 0.87981
03/01/2026 02:36:19 - INFO - utils.trainer -   Specificity: 0.90883
03/01/2026 02:36:19 - INFO - utils.trainer -   Sensitivity: 0.87269
03/01/2026 02:36:19 - INFO - utils.trainer -   Loss: 0.13330
03/01/2026 02:36:19 - INFO - utils.trainer -   Epoch: 173, Train loss: 0.00301, Test loss: 0.13330,Epoch time = 5.768s
03/01/2026 02:36:24 - INFO - utils.trainer -   ***** Running evaluation on test0 dataset *****
03/01/2026 02:36:28 - INFO - utils.trainer -   AUC: 0.95005
03/01/2026 02:36:28 - INFO - utils.trainer -   Accuracy: 0.89358
03/01/2026 02:36:28 - INFO - utils.trainer -   Precision: 0.88018
03/01/2026 02:36:28 - INFO - utils.trainer -   Recall: 0.88426
03/01/2026 02:36:28 - INFO - utils.trainer -   F_score: 0.88222
03/01/2026 02:36:28 - INFO - utils.trainer -   Specificity: 0.90123
03/01/2026 02:36:28 - INFO - utils.trainer -   Sensitivity: 0.88426
03/01/2026 02:36:28 - INFO - utils.trainer -   Loss: 0.13339
03/01/2026 02:36:28 - INFO - utils.trainer -   Epoch: 174, Train loss: 0.00291, Test loss: 0.13339,Epoch time = 5.786s
03/01/2026 02:36:34 - INFO - utils.trainer -   ***** Running evaluation on test0 dataset *****
03/01/2026 02:36:38 - INFO - utils.trainer -   AUC: 0.94997
03/01/2026 02:36:38 - INFO - utils.trainer -   Accuracy: 0.89358
03/01/2026 02:36:38 - INFO - utils.trainer -   Precision: 0.88732
03/01/2026 02:36:38 - INFO - utils.trainer -   Recall: 0.87500
03/01/2026 02:36:38 - INFO - utils.trainer -   F_score: 0.88112
03/01/2026 02:36:38 - INFO - utils.trainer -   Specificity: 0.90883
03/01/2026 02:36:38 - INFO - utils.trainer -   Sensitivity: 0.87500
03/01/2026 02:36:38 - INFO - utils.trainer -   Loss: 0.13342
03/01/2026 02:36:38 - INFO - utils.trainer -   Epoch: 175, Train loss: 0.00295, Test loss: 0.13342,Epoch time = 5.913s
03/01/2026 02:36:44 - INFO - utils.trainer -   ***** Running evaluation on test0 dataset *****
03/01/2026 02:36:48 - INFO - utils.trainer -   AUC: 0.95019
03/01/2026 02:36:48 - INFO - utils.trainer -   Accuracy: 0.89411
03/01/2026 02:36:48 - INFO - utils.trainer -   Precision: 0.88386
03/01/2026 02:36:48 - INFO - utils.trainer -   Recall: 0.88079
03/01/2026 02:36:48 - INFO - utils.trainer -   F_score: 0.88232
03/01/2026 02:36:48 - INFO - utils.trainer -   Specificity: 0.90503
03/01/2026 02:36:48 - INFO - utils.trainer -   Sensitivity: 0.88079
03/01/2026 02:36:48 - INFO - utils.trainer -   Loss: 0.13220
03/01/2026 02:36:48 - INFO - utils.trainer -   Epoch: 176, Train loss: 0.00319, Test loss: 0.13220,Epoch time = 5.766s
03/01/2026 02:36:54 - INFO - utils.trainer -   ***** Running evaluation on test0 dataset *****
03/01/2026 02:36:57 - INFO - utils.trainer -   AUC: 0.94988
03/01/2026 02:36:57 - INFO - utils.trainer -   Accuracy: 0.89567
03/01/2026 02:36:57 - INFO - utils.trainer -   Precision: 0.88161
03/01/2026 02:36:57 - INFO - utils.trainer -   Recall: 0.88773
03/01/2026 02:36:57 - INFO - utils.trainer -   F_score: 0.88466
03/01/2026 02:36:57 - INFO - utils.trainer -   Specificity: 0.90218
03/01/2026 02:36:57 - INFO - utils.trainer -   Sensitivity: 0.88773
03/01/2026 02:36:57 - INFO - utils.trainer -   Loss: 0.13284
03/01/2026 02:36:57 - INFO - utils.trainer -   Epoch: 177, Train loss: 0.00302, Test loss: 0.13284,Epoch time = 5.824s
03/01/2026 02:37:03 - INFO - utils.trainer -   ***** Running evaluation on test0 dataset *****
03/01/2026 02:37:07 - INFO - utils.trainer -   AUC: 0.94944
03/01/2026 02:37:07 - INFO - utils.trainer -   Accuracy: 0.89515
03/01/2026 02:37:07 - INFO - utils.trainer -   Precision: 0.88502
03/01/2026 02:37:07 - INFO - utils.trainer -   Recall: 0.88194
03/01/2026 02:37:07 - INFO - utils.trainer -   F_score: 0.88348
03/01/2026 02:37:07 - INFO - utils.trainer -   Specificity: 0.90598
03/01/2026 02:37:07 - INFO - utils.trainer -   Sensitivity: 0.88194
03/01/2026 02:37:07 - INFO - utils.trainer -   Loss: 0.13330
03/01/2026 02:37:07 - INFO - utils.trainer -   Epoch: 178, Train loss: 0.00334, Test loss: 0.13330,Epoch time = 5.856s
03/01/2026 02:37:13 - INFO - utils.trainer -   ***** Running evaluation on test0 dataset *****
03/01/2026 02:37:17 - INFO - utils.trainer -   AUC: 0.94926
03/01/2026 02:37:17 - INFO - utils.trainer -   Accuracy: 0.89202
03/01/2026 02:37:17 - INFO - utils.trainer -   Precision: 0.88242
03/01/2026 02:37:17 - INFO - utils.trainer -   Recall: 0.87731
03/01/2026 02:37:17 - INFO - utils.trainer -   F_score: 0.87986
03/01/2026 02:37:17 - INFO - utils.trainer -   Specificity: 0.90408
03/01/2026 02:37:17 - INFO - utils.trainer -   Sensitivity: 0.87731
03/01/2026 02:37:17 - INFO - utils.trainer -   Loss: 0.13394
03/01/2026 02:37:17 - INFO - utils.trainer -   Epoch: 179, Train loss: 0.00292, Test loss: 0.13394,Epoch time = 5.801s
03/01/2026 02:37:22 - INFO - utils.trainer -   ***** Running evaluation on test0 dataset *****
03/01/2026 02:37:26 - INFO - utils.trainer -   AUC: 0.94939
03/01/2026 02:37:26 - INFO - utils.trainer -   Accuracy: 0.89411
03/01/2026 02:37:26 - INFO - utils.trainer -   Precision: 0.88475
03/01/2026 02:37:26 - INFO - utils.trainer -   Recall: 0.87963
03/01/2026 02:37:26 - INFO - utils.trainer -   F_score: 0.88218
03/01/2026 02:37:26 - INFO - utils.trainer -   Specificity: 0.90598
03/01/2026 02:37:26 - INFO - utils.trainer -   Sensitivity: 0.87963
03/01/2026 02:37:26 - INFO - utils.trainer -   Loss: 0.13374
03/01/2026 02:37:26 - INFO - utils.trainer -   Epoch: 180, Train loss: 0.00295, Test loss: 0.13374,Epoch time = 5.780s
03/01/2026 02:37:32 - INFO - utils.trainer -   ***** Running evaluation on test0 dataset *****
03/01/2026 02:37:36 - INFO - utils.trainer -   AUC: 0.94951
03/01/2026 02:37:36 - INFO - utils.trainer -   Accuracy: 0.89202
03/01/2026 02:37:36 - INFO - utils.trainer -   Precision: 0.88511
03/01/2026 02:37:36 - INFO - utils.trainer -   Recall: 0.87384
03/01/2026 02:37:36 - INFO - utils.trainer -   F_score: 0.87944
03/01/2026 02:37:36 - INFO - utils.trainer -   Specificity: 0.90693
03/01/2026 02:37:36 - INFO - utils.trainer -   Sensitivity: 0.87384
03/01/2026 02:37:36 - INFO - utils.trainer -   Loss: 0.13282
03/01/2026 02:37:36 - INFO - utils.trainer -   Epoch: 181, Train loss: 0.00308, Test loss: 0.13282,Epoch time = 5.700s
03/01/2026 02:37:42 - INFO - utils.trainer -   ***** Running evaluation on test0 dataset *****
03/01/2026 02:37:45 - INFO - utils.trainer -   AUC: 0.94970
03/01/2026 02:37:45 - INFO - utils.trainer -   Accuracy: 0.89515
03/01/2026 02:37:45 - INFO - utils.trainer -   Precision: 0.88502
03/01/2026 02:37:45 - INFO - utils.trainer -   Recall: 0.88194
03/01/2026 02:37:45 - INFO - utils.trainer -   F_score: 0.88348
03/01/2026 02:37:45 - INFO - utils.trainer -   Specificity: 0.90598
03/01/2026 02:37:45 - INFO - utils.trainer -   Sensitivity: 0.88194
03/01/2026 02:37:45 - INFO - utils.trainer -   Loss: 0.13314
03/01/2026 02:37:45 - INFO - utils.trainer -   Epoch: 182, Train loss: 0.00300, Test loss: 0.13314,Epoch time = 5.891s
03/01/2026 02:37:51 - INFO - utils.trainer -   ***** Running evaluation on test0 dataset *****
03/01/2026 02:37:55 - INFO - utils.trainer -   AUC: 0.94958
03/01/2026 02:37:55 - INFO - utils.trainer -   Accuracy: 0.89463
03/01/2026 02:37:55 - INFO - utils.trainer -   Precision: 0.88850
03/01/2026 02:37:55 - INFO - utils.trainer -   Recall: 0.87616
03/01/2026 02:37:55 - INFO - utils.trainer -   F_score: 0.88228
03/01/2026 02:37:55 - INFO - utils.trainer -   Specificity: 0.90978
03/01/2026 02:37:55 - INFO - utils.trainer -   Sensitivity: 0.87616
03/01/2026 02:37:55 - INFO - utils.trainer -   Loss: 0.13264
03/01/2026 02:37:55 - INFO - utils.trainer -   Epoch: 183, Train loss: 0.00298, Test loss: 0.13264,Epoch time = 5.817s
03/01/2026 02:38:01 - INFO - utils.trainer -   ***** Running evaluation on test0 dataset *****
03/01/2026 02:38:05 - INFO - utils.trainer -   AUC: 0.94956
03/01/2026 02:38:05 - INFO - utils.trainer -   Accuracy: 0.89358
03/01/2026 02:38:05 - INFO - utils.trainer -   Precision: 0.88106
03/01/2026 02:38:05 - INFO - utils.trainer -   Recall: 0.88310
03/01/2026 02:38:05 - INFO - utils.trainer -   F_score: 0.88208
03/01/2026 02:38:05 - INFO - utils.trainer -   Specificity: 0.90218
03/01/2026 02:38:05 - INFO - utils.trainer -   Sensitivity: 0.88310
03/01/2026 02:38:05 - INFO - utils.trainer -   Loss: 0.13317
03/01/2026 02:38:05 - INFO - utils.trainer -   Epoch: 184, Train loss: 0.00314, Test loss: 0.13317,Epoch time = 5.892s
03/01/2026 02:38:10 - INFO - utils.trainer -   ***** Running evaluation on test0 dataset *****
03/01/2026 02:38:14 - INFO - utils.trainer -   AUC: 0.94946
03/01/2026 02:38:14 - INFO - utils.trainer -   Accuracy: 0.89306
03/01/2026 02:38:14 - INFO - utils.trainer -   Precision: 0.87917
03/01/2026 02:38:14 - INFO - utils.trainer -   Recall: 0.88426
03/01/2026 02:38:14 - INFO - utils.trainer -   F_score: 0.88171
03/01/2026 02:38:14 - INFO - utils.trainer -   Specificity: 0.90028
03/01/2026 02:38:14 - INFO - utils.trainer -   Sensitivity: 0.88426
03/01/2026 02:38:14 - INFO - utils.trainer -   Loss: 0.13369
03/01/2026 02:38:14 - INFO - utils.trainer -   Epoch: 185, Train loss: 0.00301, Test loss: 0.13369,Epoch time = 5.566s
03/01/2026 02:38:20 - INFO - utils.trainer -   ***** Running evaluation on test0 dataset *****
03/01/2026 02:38:24 - INFO - utils.trainer -   AUC: 0.94969
03/01/2026 02:38:24 - INFO - utils.trainer -   Accuracy: 0.89254
03/01/2026 02:38:24 - INFO - utils.trainer -   Precision: 0.87557
03/01/2026 02:38:24 - INFO - utils.trainer -   Recall: 0.88773
03/01/2026 02:38:24 - INFO - utils.trainer -   F_score: 0.88161
03/01/2026 02:38:24 - INFO - utils.trainer -   Specificity: 0.89649
03/01/2026 02:38:24 - INFO - utils.trainer -   Sensitivity: 0.88773
03/01/2026 02:38:24 - INFO - utils.trainer -   Loss: 0.13336
03/01/2026 02:38:24 - INFO - utils.trainer -   Epoch: 186, Train loss: 0.00299, Test loss: 0.13336,Epoch time = 5.760s
03/01/2026 02:38:30 - INFO - utils.trainer -   ***** Running evaluation on test0 dataset *****
03/01/2026 02:38:33 - INFO - utils.trainer -   AUC: 0.94978
03/01/2026 02:38:33 - INFO - utils.trainer -   Accuracy: 0.89411
03/01/2026 02:38:33 - INFO - utils.trainer -   Precision: 0.88475
03/01/2026 02:38:33 - INFO - utils.trainer -   Recall: 0.87963
03/01/2026 02:38:33 - INFO - utils.trainer -   F_score: 0.88218
03/01/2026 02:38:33 - INFO - utils.trainer -   Specificity: 0.90598
03/01/2026 02:38:33 - INFO - utils.trainer -   Sensitivity: 0.87963
03/01/2026 02:38:33 - INFO - utils.trainer -   Loss: 0.13287
03/01/2026 02:38:33 - INFO - utils.trainer -   Epoch: 187, Train loss: 0.00307, Test loss: 0.13287,Epoch time = 5.916s
03/01/2026 02:38:39 - INFO - utils.trainer -   ***** Running evaluation on test0 dataset *****
03/01/2026 02:38:43 - INFO - utils.trainer -   AUC: 0.94959
03/01/2026 02:38:43 - INFO - utils.trainer -   Accuracy: 0.89567
03/01/2026 02:38:43 - INFO - utils.trainer -   Precision: 0.88249
03/01/2026 02:38:43 - INFO - utils.trainer -   Recall: 0.88657
03/01/2026 02:38:43 - INFO - utils.trainer -   F_score: 0.88453
03/01/2026 02:38:43 - INFO - utils.trainer -   Specificity: 0.90313
03/01/2026 02:38:43 - INFO - utils.trainer -   Sensitivity: 0.88657
03/01/2026 02:38:43 - INFO - utils.trainer -   Loss: 0.13295
03/01/2026 02:38:43 - INFO - utils.trainer -   Epoch: 188, Train loss: 0.00294, Test loss: 0.13295,Epoch time = 5.824s
03/01/2026 02:38:49 - INFO - utils.trainer -   ***** Running evaluation on test0 dataset *****
03/01/2026 02:38:53 - INFO - utils.trainer -   AUC: 0.94967
03/01/2026 02:38:53 - INFO - utils.trainer -   Accuracy: 0.89411
03/01/2026 02:38:53 - INFO - utils.trainer -   Precision: 0.88475
03/01/2026 02:38:53 - INFO - utils.trainer -   Recall: 0.87963
03/01/2026 02:38:53 - INFO - utils.trainer -   F_score: 0.88218
03/01/2026 02:38:53 - INFO - utils.trainer -   Specificity: 0.90598
03/01/2026 02:38:53 - INFO - utils.trainer -   Sensitivity: 0.87963
03/01/2026 02:38:53 - INFO - utils.trainer -   Loss: 0.13319
03/01/2026 02:38:53 - INFO - utils.trainer -   Epoch: 189, Train loss: 0.00289, Test loss: 0.13319,Epoch time = 5.736s
03/01/2026 02:38:58 - INFO - utils.trainer -   ***** Running evaluation on test0 dataset *****
03/01/2026 02:39:02 - INFO - utils.trainer -   AUC: 0.94972
03/01/2026 02:39:02 - INFO - utils.trainer -   Accuracy: 0.89463
03/01/2026 02:39:02 - INFO - utils.trainer -   Precision: 0.88578
03/01/2026 02:39:02 - INFO - utils.trainer -   Recall: 0.87963
03/01/2026 02:39:02 - INFO - utils.trainer -   F_score: 0.88269
03/01/2026 02:39:02 - INFO - utils.trainer -   Specificity: 0.90693
03/01/2026 02:39:02 - INFO - utils.trainer -   Sensitivity: 0.87963
03/01/2026 02:39:02 - INFO - utils.trainer -   Loss: 0.13340
03/01/2026 02:39:02 - INFO - utils.trainer -   Epoch: 190, Train loss: 0.00309, Test loss: 0.13340,Epoch time = 5.824s
03/01/2026 02:39:08 - INFO - utils.trainer -   ***** Running evaluation on test0 dataset *****
03/01/2026 02:39:12 - INFO - utils.trainer -   AUC: 0.94969
03/01/2026 02:39:12 - INFO - utils.trainer -   Accuracy: 0.89619
03/01/2026 02:39:12 - INFO - utils.trainer -   Precision: 0.88618
03/01/2026 02:39:12 - INFO - utils.trainer -   Recall: 0.88310
03/01/2026 02:39:12 - INFO - utils.trainer -   F_score: 0.88464
03/01/2026 02:39:12 - INFO - utils.trainer -   Specificity: 0.90693
03/01/2026 02:39:12 - INFO - utils.trainer -   Sensitivity: 0.88310
03/01/2026 02:39:12 - INFO - utils.trainer -   Loss: 0.13275
03/01/2026 02:39:12 - INFO - utils.trainer -   Epoch: 191, Train loss: 0.00298, Test loss: 0.13275,Epoch time = 5.909s
03/01/2026 02:39:18 - INFO - utils.trainer -   ***** Running evaluation on test0 dataset *****
03/01/2026 02:39:21 - INFO - utils.trainer -   AUC: 0.94991
03/01/2026 02:39:21 - INFO - utils.trainer -   Accuracy: 0.89671
03/01/2026 02:39:21 - INFO - utils.trainer -   Precision: 0.88631
03/01/2026 02:39:21 - INFO - utils.trainer -   Recall: 0.88426
03/01/2026 02:39:21 - INFO - utils.trainer -   F_score: 0.88528
03/01/2026 02:39:21 - INFO - utils.trainer -   Specificity: 0.90693
03/01/2026 02:39:21 - INFO - utils.trainer -   Sensitivity: 0.88426
03/01/2026 02:39:21 - INFO - utils.trainer -   Loss: 0.13251
03/01/2026 02:39:21 - INFO - utils.trainer -   Epoch: 192, Train loss: 0.00306, Test loss: 0.13251,Epoch time = 5.807s
03/01/2026 02:39:27 - INFO - utils.trainer -   ***** Running evaluation on test0 dataset *****
03/01/2026 02:39:31 - INFO - utils.trainer -   AUC: 0.94980
03/01/2026 02:39:31 - INFO - utils.trainer -   Accuracy: 0.89463
03/01/2026 02:39:31 - INFO - utils.trainer -   Precision: 0.87959
03/01/2026 02:39:31 - INFO - utils.trainer -   Recall: 0.88773
03/01/2026 02:39:31 - INFO - utils.trainer -   F_score: 0.88364
03/01/2026 02:39:31 - INFO - utils.trainer -   Specificity: 0.90028
03/01/2026 02:39:31 - INFO - utils.trainer -   Sensitivity: 0.88773
03/01/2026 02:39:31 - INFO - utils.trainer -   Loss: 0.13302
03/01/2026 02:39:31 - INFO - utils.trainer -   Epoch: 193, Train loss: 0.00294, Test loss: 0.13302,Epoch time = 5.866s
03/01/2026 02:39:37 - INFO - utils.trainer -   ***** Running evaluation on test0 dataset *****
03/01/2026 02:39:41 - INFO - utils.trainer -   AUC: 0.94985
03/01/2026 02:39:41 - INFO - utils.trainer -   Accuracy: 0.89724
03/01/2026 02:39:41 - INFO - utils.trainer -   Precision: 0.88644
03/01/2026 02:39:41 - INFO - utils.trainer -   Recall: 0.88542
03/01/2026 02:39:41 - INFO - utils.trainer -   F_score: 0.88593
03/01/2026 02:39:41 - INFO - utils.trainer -   Specificity: 0.90693
03/01/2026 02:39:41 - INFO - utils.trainer -   Sensitivity: 0.88542
03/01/2026 02:39:41 - INFO - utils.trainer -   Loss: 0.13253
03/01/2026 02:39:41 - INFO - utils.trainer -   Epoch: 194, Train loss: 0.00302, Test loss: 0.13253,Epoch time = 5.674s
03/01/2026 02:39:46 - INFO - utils.trainer -   ***** Running evaluation on test0 dataset *****
03/01/2026 02:39:50 - INFO - utils.trainer -   AUC: 0.94989
03/01/2026 02:39:50 - INFO - utils.trainer -   Accuracy: 0.89567
03/01/2026 02:39:50 - INFO - utils.trainer -   Precision: 0.88249
03/01/2026 02:39:50 - INFO - utils.trainer -   Recall: 0.88657
03/01/2026 02:39:50 - INFO - utils.trainer -   F_score: 0.88453
03/01/2026 02:39:50 - INFO - utils.trainer -   Specificity: 0.90313
03/01/2026 02:39:50 - INFO - utils.trainer -   Sensitivity: 0.88657
03/01/2026 02:39:50 - INFO - utils.trainer -   Loss: 0.13257
03/01/2026 02:39:50 - INFO - utils.trainer -   Epoch: 195, Train loss: 0.00290, Test loss: 0.13257,Epoch time = 5.747s
03/01/2026 02:39:56 - INFO - utils.trainer -   ***** Running evaluation on test0 dataset *****
03/01/2026 02:40:00 - INFO - utils.trainer -   AUC: 0.94998
03/01/2026 02:40:00 - INFO - utils.trainer -   Accuracy: 0.89567
03/01/2026 02:40:00 - INFO - utils.trainer -   Precision: 0.88695
03/01/2026 02:40:00 - INFO - utils.trainer -   Recall: 0.88079
03/01/2026 02:40:00 - INFO - utils.trainer -   F_score: 0.88386
03/01/2026 02:40:00 - INFO - utils.trainer -   Specificity: 0.90788
03/01/2026 02:40:00 - INFO - utils.trainer -   Sensitivity: 0.88079
03/01/2026 02:40:00 - INFO - utils.trainer -   Loss: 0.13254
03/01/2026 02:40:00 - INFO - utils.trainer -   Epoch: 196, Train loss: 0.00280, Test loss: 0.13254,Epoch time = 5.839s
03/01/2026 02:40:06 - INFO - utils.trainer -   ***** Running evaluation on test0 dataset *****
03/01/2026 02:40:10 - INFO - utils.trainer -   AUC: 0.94983
03/01/2026 02:40:10 - INFO - utils.trainer -   Accuracy: 0.89619
03/01/2026 02:40:10 - INFO - utils.trainer -   Precision: 0.88618
03/01/2026 02:40:10 - INFO - utils.trainer -   Recall: 0.88310
03/01/2026 02:40:10 - INFO - utils.trainer -   F_score: 0.88464
03/01/2026 02:40:10 - INFO - utils.trainer -   Specificity: 0.90693
03/01/2026 02:40:10 - INFO - utils.trainer -   Sensitivity: 0.88310
03/01/2026 02:40:10 - INFO - utils.trainer -   Loss: 0.13243
03/01/2026 02:40:10 - INFO - utils.trainer -   Epoch: 197, Train loss: 0.00288, Test loss: 0.13243,Epoch time = 5.766s
03/01/2026 02:40:15 - INFO - utils.trainer -   ***** Running evaluation on test0 dataset *****
03/01/2026 02:40:19 - INFO - utils.trainer -   AUC: 0.94987
03/01/2026 02:40:19 - INFO - utils.trainer -   Accuracy: 0.89567
03/01/2026 02:40:19 - INFO - utils.trainer -   Precision: 0.88605
03/01/2026 02:40:19 - INFO - utils.trainer -   Recall: 0.88194
03/01/2026 02:40:19 - INFO - utils.trainer -   F_score: 0.88399
03/01/2026 02:40:19 - INFO - utils.trainer -   Specificity: 0.90693
03/01/2026 02:40:19 - INFO - utils.trainer -   Sensitivity: 0.88194
03/01/2026 02:40:19 - INFO - utils.trainer -   Loss: 0.13250
03/01/2026 02:40:19 - INFO - utils.trainer -   Epoch: 198, Train loss: 0.00304, Test loss: 0.13250,Epoch time = 5.669s
03/01/2026 02:40:25 - INFO - utils.trainer -   ***** Running evaluation on test0 dataset *****
03/01/2026 02:40:29 - INFO - utils.trainer -   AUC: 0.94984
03/01/2026 02:40:29 - INFO - utils.trainer -   Accuracy: 0.89567
03/01/2026 02:40:29 - INFO - utils.trainer -   Precision: 0.88161
03/01/2026 02:40:29 - INFO - utils.trainer -   Recall: 0.88773
03/01/2026 02:40:29 - INFO - utils.trainer -   F_score: 0.88466
03/01/2026 02:40:29 - INFO - utils.trainer -   Specificity: 0.90218
03/01/2026 02:40:29 - INFO - utils.trainer -   Sensitivity: 0.88773
03/01/2026 02:40:29 - INFO - utils.trainer -   Loss: 0.13285
03/01/2026 02:40:29 - INFO - utils.trainer -   Epoch: 199, Train loss: 0.00312, Test loss: 0.13285,Epoch time = 5.783s
03/01/2026 02:40:35 - INFO - utils.trainer -   ***** Running evaluation on test0 dataset *****
03/01/2026 02:40:38 - INFO - utils.trainer -   AUC: 0.95008
03/01/2026 02:40:38 - INFO - utils.trainer -   Accuracy: 0.89567
03/01/2026 02:40:38 - INFO - utils.trainer -   Precision: 0.88695
03/01/2026 02:40:38 - INFO - utils.trainer -   Recall: 0.88079
03/01/2026 02:40:38 - INFO - utils.trainer -   F_score: 0.88386
03/01/2026 02:40:38 - INFO - utils.trainer -   Specificity: 0.90788
03/01/2026 02:40:38 - INFO - utils.trainer -   Sensitivity: 0.88079
03/01/2026 02:40:38 - INFO - utils.trainer -   Loss: 0.13215
03/01/2026 02:40:38 - INFO - utils.trainer -   Epoch: 200, Train loss: 0.00287, Test loss: 0.13215,Epoch time = 5.952s
03/01/2026 02:40:50 - INFO - __main__ -   ########## Repeat:1 ##########
03/01/2026 02:40:50 - INFO - utils.trainer -   ***** Running training *****
03/01/2026 02:40:50 - INFO - utils.trainer -     Num examples = 239
03/01/2026 02:40:50 - INFO - utils.trainer -     Num Epochs = 200
03/01/2026 02:40:50 - INFO - utils.trainer -     Total train batch size = 16
03/01/2026 02:40:50 - INFO - utils.trainer -     warmup steps = 400
03/01/2026 02:40:50 - INFO - utils.trainer -     Total optimization steps = 47800
03/01/2026 02:40:50 - INFO - utils.trainer -     Save steps = 200
03/01/2026 02:40:50 - INFO - root -   Parameters [normal] length [10]
03/01/2026 02:40:56 - INFO - utils.trainer -   ***** Running evaluation on test1 dataset *****
03/01/2026 02:40:59 - INFO - utils.trainer -   AUC: 0.15023
03/01/2026 02:40:59 - INFO - utils.trainer -   Accuracy: 0.38498
03/01/2026 02:40:59 - INFO - utils.trainer -   Precision: 0.03509
03/01/2026 02:40:59 - INFO - utils.trainer -   Recall: 0.01394
03/01/2026 02:40:59 - INFO - utils.trainer -   F_score: 0.01995
03/01/2026 02:40:59 - INFO - utils.trainer -   Specificity: 0.68750
03/01/2026 02:40:59 - INFO - utils.trainer -   Sensitivity: 0.01394
03/01/2026 02:40:59 - INFO - utils.trainer -   Loss: 0.37334
03/01/2026 02:40:59 - INFO - utils.trainer -   Epoch: 1, Train loss: 0.72953, Test loss: 0.37334,Epoch time = 5.767s
03/01/2026 02:41:05 - INFO - utils.trainer -   ***** Running evaluation on test1 dataset *****
03/01/2026 02:41:09 - INFO - utils.trainer -   AUC: 0.12591
03/01/2026 02:41:09 - INFO - utils.trainer -   Accuracy: 0.53312
03/01/2026 02:41:09 - INFO - utils.trainer -   Precision: 0.05263
03/01/2026 02:41:09 - INFO - utils.trainer -   Recall: 0.00232
03/01/2026 02:41:09 - INFO - utils.trainer -   F_score: 0.00445
03/01/2026 02:41:09 - INFO - utils.trainer -   Specificity: 0.96591
03/01/2026 02:41:09 - INFO - utils.trainer -   Sensitivity: 0.00232
03/01/2026 02:41:09 - INFO - utils.trainer -   Loss: 0.37412
03/01/2026 02:41:09 - INFO - utils.trainer -   Epoch: 2, Train loss: 0.63042, Test loss: 0.37412,Epoch time = 5.921s
03/01/2026 02:41:15 - INFO - utils.trainer -   ***** Running evaluation on test1 dataset *****
03/01/2026 02:41:19 - INFO - utils.trainer -   AUC: 0.10093
03/01/2026 02:41:19 - INFO - utils.trainer -   Accuracy: 0.27282
03/01/2026 02:41:19 - INFO - utils.trainer -   Precision: 0.05509
03/01/2026 02:41:19 - INFO - utils.trainer -   Recall: 0.03833
03/01/2026 02:41:19 - INFO - utils.trainer -   F_score: 0.04521
03/01/2026 02:41:19 - INFO - utils.trainer -   Specificity: 0.46402
03/01/2026 02:41:19 - INFO - utils.trainer -   Sensitivity: 0.03833
03/01/2026 02:41:19 - INFO - utils.trainer -   Loss: 0.37677
03/01/2026 02:41:19 - INFO - utils.trainer -   Epoch: 3, Train loss: 0.54754, Test loss: 0.37677,Epoch time = 5.777s
03/01/2026 02:41:24 - INFO - utils.trainer -   ***** Running evaluation on test1 dataset *****
03/01/2026 02:41:28 - INFO - utils.trainer -   AUC: 0.09364
03/01/2026 02:41:28 - INFO - utils.trainer -   Accuracy: 0.25039
03/01/2026 02:41:28 - INFO - utils.trainer -   Precision: 0.06098
03/01/2026 02:41:28 - INFO - utils.trainer -   Recall: 0.04646
03/01/2026 02:41:28 - INFO - utils.trainer -   F_score: 0.05274
03/01/2026 02:41:28 - INFO - utils.trainer -   Specificity: 0.41667
03/01/2026 02:41:28 - INFO - utils.trainer -   Sensitivity: 0.04646
03/01/2026 02:41:28 - INFO - utils.trainer -   Loss: 0.37841
03/01/2026 02:41:28 - INFO - utils.trainer -   Epoch: 4, Train loss: 0.46474, Test loss: 0.37841,Epoch time = 5.760s
03/01/2026 02:41:34 - INFO - utils.trainer -   ***** Running evaluation on test1 dataset *****
03/01/2026 02:41:38 - INFO - utils.trainer -   AUC: 0.08799
03/01/2026 02:41:38 - INFO - utils.trainer -   Accuracy: 0.25926
03/01/2026 02:41:38 - INFO - utils.trainer -   Precision: 0.05423
03/01/2026 02:41:38 - INFO - utils.trainer -   Recall: 0.03949
03/01/2026 02:41:38 - INFO - utils.trainer -   F_score: 0.04570
03/01/2026 02:41:38 - INFO - utils.trainer -   Specificity: 0.43845
03/01/2026 02:41:38 - INFO - utils.trainer -   Sensitivity: 0.03949
03/01/2026 02:41:38 - INFO - utils.trainer -   Loss: 0.37833
03/01/2026 02:41:38 - INFO - utils.trainer -   Epoch: 5, Train loss: 0.37885, Test loss: 0.37833,Epoch time = 5.822s
03/01/2026 02:41:44 - INFO - utils.trainer -   ***** Running evaluation on test1 dataset *****
03/01/2026 02:41:48 - INFO - utils.trainer -   AUC: 0.08037
03/01/2026 02:41:48 - INFO - utils.trainer -   Accuracy: 0.17058
03/01/2026 02:41:48 - INFO - utils.trainer -   Precision: 0.06762
03/01/2026 02:41:48 - INFO - utils.trainer -   Recall: 0.06620
03/01/2026 02:41:48 - INFO - utils.trainer -   F_score: 0.06690
03/01/2026 02:41:48 - INFO - utils.trainer -   Specificity: 0.25568
03/01/2026 02:41:48 - INFO - utils.trainer -   Sensitivity: 0.06620
03/01/2026 02:41:48 - INFO - utils.trainer -   Loss: 0.37902
03/01/2026 02:41:48 - INFO - utils.trainer -   Epoch: 6, Train loss: 0.33517, Test loss: 0.37902,Epoch time = 5.768s
03/01/2026 02:41:53 - INFO - utils.trainer -   ***** Running evaluation on test1 dataset *****
03/01/2026 02:41:57 - INFO - utils.trainer -   AUC: 0.08177
03/01/2026 02:41:57 - INFO - utils.trainer -   Accuracy: 0.19875
03/01/2026 02:41:57 - INFO - utils.trainer -   Precision: 0.05534
03/01/2026 02:41:57 - INFO - utils.trainer -   Recall: 0.04878
03/01/2026 02:41:57 - INFO - utils.trainer -   F_score: 0.05185
03/01/2026 02:41:57 - INFO - utils.trainer -   Specificity: 0.32102
03/01/2026 02:41:57 - INFO - utils.trainer -   Sensitivity: 0.04878
03/01/2026 02:41:57 - INFO - utils.trainer -   Loss: 0.37980
03/01/2026 02:41:57 - INFO - utils.trainer -   Epoch: 7, Train loss: 0.31151, Test loss: 0.37980,Epoch time = 5.778s
03/01/2026 02:42:03 - INFO - utils.trainer -   ***** Running evaluation on test1 dataset *****
03/01/2026 02:42:06 - INFO - utils.trainer -   AUC: 0.07333
03/01/2026 02:42:06 - INFO - utils.trainer -   Accuracy: 0.17684
03/01/2026 02:42:06 - INFO - utils.trainer -   Precision: 0.07774
03/01/2026 02:42:06 - INFO - utils.trainer -   Recall: 0.07666
03/01/2026 02:42:06 - INFO - utils.trainer -   F_score: 0.07719
03/01/2026 02:42:06 - INFO - utils.trainer -   Specificity: 0.25852
03/01/2026 02:42:06 - INFO - utils.trainer -   Sensitivity: 0.07666
03/01/2026 02:42:06 - INFO - utils.trainer -   Loss: 0.38020
03/01/2026 02:42:06 - INFO - utils.trainer -   Epoch: 8, Train loss: 0.29223, Test loss: 0.38020,Epoch time = 5.587s
03/01/2026 02:42:12 - INFO - utils.trainer -   ***** Running evaluation on test1 dataset *****
03/01/2026 02:42:16 - INFO - utils.trainer -   AUC: 0.07299
03/01/2026 02:42:16 - INFO - utils.trainer -   Accuracy: 0.17214
03/01/2026 02:42:16 - INFO - utils.trainer -   Precision: 0.07494
03/01/2026 02:42:16 - INFO - utils.trainer -   Recall: 0.07433
03/01/2026 02:42:16 - INFO - utils.trainer -   F_score: 0.07464
03/01/2026 02:42:16 - INFO - utils.trainer -   Specificity: 0.25189
03/01/2026 02:42:16 - INFO - utils.trainer -   Sensitivity: 0.07433
03/01/2026 02:42:16 - INFO - utils.trainer -   Loss: 0.38125
03/01/2026 02:42:16 - INFO - utils.trainer -   Epoch: 9, Train loss: 0.26716, Test loss: 0.38125,Epoch time = 5.651s
03/01/2026 02:42:22 - INFO - utils.trainer -   ***** Running evaluation on test1 dataset *****
03/01/2026 02:42:25 - INFO - utils.trainer -   AUC: 0.07017
03/01/2026 02:42:25 - INFO - utils.trainer -   Accuracy: 0.18153
03/01/2026 02:42:25 - INFO - utils.trainer -   Precision: 0.07554
03/01/2026 02:42:25 - INFO - utils.trainer -   Recall: 0.07317
03/01/2026 02:42:25 - INFO - utils.trainer -   F_score: 0.07434
03/01/2026 02:42:25 - INFO - utils.trainer -   Specificity: 0.26989
03/01/2026 02:42:25 - INFO - utils.trainer -   Sensitivity: 0.07317
03/01/2026 02:42:25 - INFO - utils.trainer -   Loss: 0.38199
03/01/2026 02:42:25 - INFO - utils.trainer -   Epoch: 10, Train loss: 0.26022, Test loss: 0.38199,Epoch time = 5.635s
03/01/2026 02:42:31 - INFO - utils.trainer -   ***** Running evaluation on test1 dataset *****
03/01/2026 02:42:35 - INFO - utils.trainer -   AUC: 0.08027
03/01/2026 02:42:35 - INFO - utils.trainer -   Accuracy: 0.20501
03/01/2026 02:42:35 - INFO - utils.trainer -   Precision: 0.06780
03/01/2026 02:42:35 - INFO - utils.trainer -   Recall: 0.06039
03/01/2026 02:42:35 - INFO - utils.trainer -   F_score: 0.06388
03/01/2026 02:42:35 - INFO - utils.trainer -   Specificity: 0.32292
03/01/2026 02:42:35 - INFO - utils.trainer -   Sensitivity: 0.06039
03/01/2026 02:42:35 - INFO - utils.trainer -   Loss: 0.38178
03/01/2026 02:42:35 - INFO - utils.trainer -   Epoch: 11, Train loss: 0.23874, Test loss: 0.38178,Epoch time = 5.791s
03/01/2026 02:42:41 - INFO - utils.trainer -   ***** Running evaluation on test1 dataset *****
03/01/2026 02:42:45 - INFO - utils.trainer -   AUC: 0.06996
03/01/2026 02:42:45 - INFO - utils.trainer -   Accuracy: 0.17684
03/01/2026 02:42:45 - INFO - utils.trainer -   Precision: 0.06755
03/01/2026 02:42:45 - INFO - utils.trainer -   Recall: 0.06504
03/01/2026 02:42:45 - INFO - utils.trainer -   F_score: 0.06627
03/01/2026 02:42:45 - INFO - utils.trainer -   Specificity: 0.26799
03/01/2026 02:42:45 - INFO - utils.trainer -   Sensitivity: 0.06504
03/01/2026 02:42:45 - INFO - utils.trainer -   Loss: 0.38250
03/01/2026 02:42:45 - INFO - utils.trainer -   Epoch: 12, Train loss: 0.23599, Test loss: 0.38250,Epoch time = 5.955s
03/01/2026 02:42:51 - INFO - utils.trainer -   ***** Running evaluation on test1 dataset *****
03/01/2026 02:42:54 - INFO - utils.trainer -   AUC: 0.07172
03/01/2026 02:42:54 - INFO - utils.trainer -   Accuracy: 0.17736
03/01/2026 02:42:54 - INFO - utils.trainer -   Precision: 0.07074
03/01/2026 02:42:54 - INFO - utils.trainer -   Recall: 0.06852
03/01/2026 02:42:54 - INFO - utils.trainer -   F_score: 0.06962
03/01/2026 02:42:54 - INFO - utils.trainer -   Specificity: 0.26610
03/01/2026 02:42:54 - INFO - utils.trainer -   Sensitivity: 0.06852
03/01/2026 02:42:54 - INFO - utils.trainer -   Loss: 0.38232
03/01/2026 02:42:54 - INFO - utils.trainer -   Epoch: 13, Train loss: 0.23329, Test loss: 0.38232,Epoch time = 5.784s
03/01/2026 02:43:00 - INFO - utils.trainer -   ***** Running evaluation on test1 dataset *****
03/01/2026 02:43:04 - INFO - utils.trainer -   AUC: 0.07250
03/01/2026 02:43:04 - INFO - utils.trainer -   Accuracy: 0.15858
03/01/2026 02:43:04 - INFO - utils.trainer -   Precision: 0.06979
03/01/2026 02:43:04 - INFO - utils.trainer -   Recall: 0.07085
03/01/2026 02:43:04 - INFO - utils.trainer -   F_score: 0.07032
03/01/2026 02:43:04 - INFO - utils.trainer -   Specificity: 0.23011
03/01/2026 02:43:04 - INFO - utils.trainer -   Sensitivity: 0.07085
03/01/2026 02:43:04 - INFO - utils.trainer -   Loss: 0.38297
03/01/2026 02:43:04 - INFO - utils.trainer -   Epoch: 14, Train loss: 0.22605, Test loss: 0.38297,Epoch time = 5.714s
03/01/2026 02:43:10 - INFO - utils.trainer -   ***** Running evaluation on test1 dataset *****
03/01/2026 02:43:13 - INFO - utils.trainer -   AUC: 0.07132
03/01/2026 02:43:13 - INFO - utils.trainer -   Accuracy: 0.15597
03/01/2026 02:43:13 - INFO - utils.trainer -   Precision: 0.07232
03/01/2026 02:43:13 - INFO - utils.trainer -   Recall: 0.07433
03/01/2026 02:43:13 - INFO - utils.trainer -   F_score: 0.07331
03/01/2026 02:43:13 - INFO - utils.trainer -   Specificity: 0.22254
03/01/2026 02:43:13 - INFO - utils.trainer -   Sensitivity: 0.07433
03/01/2026 02:43:13 - INFO - utils.trainer -   Loss: 0.38183
03/01/2026 02:43:13 - INFO - utils.trainer -   Epoch: 15, Train loss: 0.22858, Test loss: 0.38183,Epoch time = 5.802s
03/01/2026 02:43:19 - INFO - utils.trainer -   ***** Running evaluation on test1 dataset *****
03/01/2026 02:43:23 - INFO - utils.trainer -   AUC: 0.07267
03/01/2026 02:43:23 - INFO - utils.trainer -   Accuracy: 0.19197
03/01/2026 02:43:23 - INFO - utils.trainer -   Precision: 0.06456
03/01/2026 02:43:23 - INFO - utils.trainer -   Recall: 0.05923
03/01/2026 02:43:23 - INFO - utils.trainer -   F_score: 0.06178
03/01/2026 02:43:23 - INFO - utils.trainer -   Specificity: 0.30019
03/01/2026 02:43:23 - INFO - utils.trainer -   Sensitivity: 0.05923
03/01/2026 02:43:23 - INFO - utils.trainer -   Loss: 0.38240
03/01/2026 02:43:23 - INFO - utils.trainer -   Epoch: 16, Train loss: 0.21863, Test loss: 0.38240,Epoch time = 5.691s
03/01/2026 02:43:29 - INFO - utils.trainer -   ***** Running evaluation on test1 dataset *****
03/01/2026 02:43:33 - INFO - utils.trainer -   AUC: 0.08075
03/01/2026 02:43:33 - INFO - utils.trainer -   Accuracy: 0.20188
03/01/2026 02:43:33 - INFO - utils.trainer -   Precision: 0.07497
03/01/2026 02:43:33 - INFO - utils.trainer -   Recall: 0.06852
03/01/2026 02:43:33 - INFO - utils.trainer -   F_score: 0.07160
03/01/2026 02:43:33 - INFO - utils.trainer -   Specificity: 0.31061
03/01/2026 02:43:33 - INFO - utils.trainer -   Sensitivity: 0.06852
03/01/2026 02:43:33 - INFO - utils.trainer -   Loss: 0.38252
03/01/2026 02:43:33 - INFO - utils.trainer -   Epoch: 17, Train loss: 0.22138, Test loss: 0.38252,Epoch time = 5.802s
03/01/2026 02:43:38 - INFO - utils.trainer -   ***** Running evaluation on test1 dataset *****
03/01/2026 02:43:42 - INFO - utils.trainer -   AUC: 0.07296
03/01/2026 02:43:42 - INFO - utils.trainer -   Accuracy: 0.16954
03/01/2026 02:43:42 - INFO - utils.trainer -   Precision: 0.07251
03/01/2026 02:43:42 - INFO - utils.trainer -   Recall: 0.07201
03/01/2026 02:43:42 - INFO - utils.trainer -   F_score: 0.07226
03/01/2026 02:43:42 - INFO - utils.trainer -   Specificity: 0.24905
03/01/2026 02:43:42 - INFO - utils.trainer -   Sensitivity: 0.07201
03/01/2026 02:43:42 - INFO - utils.trainer -   Loss: 0.38163
03/01/2026 02:43:42 - INFO - utils.trainer -   Epoch: 18, Train loss: 0.22972, Test loss: 0.38163,Epoch time = 5.810s
03/01/2026 02:43:48 - INFO - utils.trainer -   ***** Running evaluation on test1 dataset *****
03/01/2026 02:43:52 - INFO - utils.trainer -   AUC: 0.06564
03/01/2026 02:43:52 - INFO - utils.trainer -   Accuracy: 0.15910
03/01/2026 02:43:52 - INFO - utils.trainer -   Precision: 0.07571
03/01/2026 02:43:52 - INFO - utils.trainer -   Recall: 0.07782
03/01/2026 02:43:52 - INFO - utils.trainer -   F_score: 0.07675
03/01/2026 02:43:52 - INFO - utils.trainer -   Specificity: 0.22538
03/01/2026 02:43:52 - INFO - utils.trainer -   Sensitivity: 0.07782
03/01/2026 02:43:52 - INFO - utils.trainer -   Loss: 0.38263
03/01/2026 02:43:52 - INFO - utils.trainer -   Epoch: 19, Train loss: 0.19908, Test loss: 0.38263,Epoch time = 5.657s
03/01/2026 02:43:57 - INFO - utils.trainer -   ***** Running evaluation on test1 dataset *****
03/01/2026 02:44:01 - INFO - utils.trainer -   AUC: 0.06590
03/01/2026 02:44:01 - INFO - utils.trainer -   Accuracy: 0.16588
03/01/2026 02:44:01 - INFO - utils.trainer -   Precision: 0.05861
03/01/2026 02:44:01 - INFO - utils.trainer -   Recall: 0.05691
03/01/2026 02:44:01 - INFO - utils.trainer -   F_score: 0.05775
03/01/2026 02:44:01 - INFO - utils.trainer -   Specificity: 0.25473
03/01/2026 02:44:01 - INFO - utils.trainer -   Sensitivity: 0.05691
03/01/2026 02:44:01 - INFO - utils.trainer -   Loss: 0.38263
03/01/2026 02:44:01 - INFO - utils.trainer -   Epoch: 20, Train loss: 0.19628, Test loss: 0.38263,Epoch time = 5.755s
03/01/2026 02:44:07 - INFO - utils.trainer -   ***** Running evaluation on test1 dataset *****
03/01/2026 02:44:11 - INFO - utils.trainer -   AUC: 0.06650
03/01/2026 02:44:11 - INFO - utils.trainer -   Accuracy: 0.15493
03/01/2026 02:44:11 - INFO - utils.trainer -   Precision: 0.06228
03/01/2026 02:44:11 - INFO - utils.trainer -   Recall: 0.06272
03/01/2026 02:44:11 - INFO - utils.trainer -   F_score: 0.06250
03/01/2026 02:44:11 - INFO - utils.trainer -   Specificity: 0.23011
03/01/2026 02:44:11 - INFO - utils.trainer -   Sensitivity: 0.06272
03/01/2026 02:44:11 - INFO - utils.trainer -   Loss: 0.38349
03/01/2026 02:44:11 - INFO - utils.trainer -   Epoch: 21, Train loss: 0.18508, Test loss: 0.38349,Epoch time = 5.691s
03/01/2026 02:44:16 - INFO - utils.trainer -   ***** Running evaluation on test1 dataset *****
03/01/2026 02:44:20 - INFO - utils.trainer -   AUC: 0.06385
03/01/2026 02:44:20 - INFO - utils.trainer -   Accuracy: 0.16484
03/01/2026 02:44:20 - INFO - utils.trainer -   Precision: 0.05742
03/01/2026 02:44:20 - INFO - utils.trainer -   Recall: 0.05575
03/01/2026 02:44:20 - INFO - utils.trainer -   F_score: 0.05657
03/01/2026 02:44:20 - INFO - utils.trainer -   Specificity: 0.25379
03/01/2026 02:44:20 - INFO - utils.trainer -   Sensitivity: 0.05575
03/01/2026 02:44:20 - INFO - utils.trainer -   Loss: 0.38337
03/01/2026 02:44:20 - INFO - utils.trainer -   Epoch: 22, Train loss: 0.18932, Test loss: 0.38337,Epoch time = 5.703s
03/01/2026 02:44:26 - INFO - utils.trainer -   ***** Running evaluation on test1 dataset *****
03/01/2026 02:44:30 - INFO - utils.trainer -   AUC: 0.07029
03/01/2026 02:44:30 - INFO - utils.trainer -   Accuracy: 0.15806
03/01/2026 02:44:30 - INFO - utils.trainer -   Precision: 0.08490
03/01/2026 02:44:30 - INFO - utils.trainer -   Recall: 0.08943
03/01/2026 02:44:30 - INFO - utils.trainer -   F_score: 0.08710
03/01/2026 02:44:30 - INFO - utils.trainer -   Specificity: 0.21402
03/01/2026 02:44:30 - INFO - utils.trainer -   Sensitivity: 0.08943
03/01/2026 02:44:30 - INFO - utils.trainer -   Loss: 0.38286
03/01/2026 02:44:30 - INFO - utils.trainer -   Epoch: 23, Train loss: 0.20171, Test loss: 0.38286,Epoch time = 5.627s
03/01/2026 02:44:36 - INFO - utils.trainer -   ***** Running evaluation on test1 dataset *****
03/01/2026 02:44:39 - INFO - utils.trainer -   AUC: 0.06414
03/01/2026 02:44:39 - INFO - utils.trainer -   Accuracy: 0.15702
03/01/2026 02:44:39 - INFO - utils.trainer -   Precision: 0.06659
03/01/2026 02:44:39 - INFO - utils.trainer -   Recall: 0.06736
03/01/2026 02:44:39 - INFO - utils.trainer -   F_score: 0.06697
03/01/2026 02:44:39 - INFO - utils.trainer -   Specificity: 0.23011
03/01/2026 02:44:39 - INFO - utils.trainer -   Sensitivity: 0.06736
03/01/2026 02:44:39 - INFO - utils.trainer -   Loss: 0.38290
03/01/2026 02:44:39 - INFO - utils.trainer -   Epoch: 24, Train loss: 0.19226, Test loss: 0.38290,Epoch time = 5.752s
03/01/2026 02:44:46 - INFO - utils.trainer -   ***** Running evaluation on test1 dataset *****
03/01/2026 02:44:50 - INFO - utils.trainer -   AUC: 0.06609
03/01/2026 02:44:50 - INFO - utils.trainer -   Accuracy: 0.16693
03/01/2026 02:44:50 - INFO - utils.trainer -   Precision: 0.06398
03/01/2026 02:44:50 - INFO - utils.trainer -   Recall: 0.06272
03/01/2026 02:44:50 - INFO - utils.trainer -   F_score: 0.06334
03/01/2026 02:44:50 - INFO - utils.trainer -   Specificity: 0.25189
03/01/2026 02:44:50 - INFO - utils.trainer -   Sensitivity: 0.06272
03/01/2026 02:44:50 - INFO - utils.trainer -   Loss: 0.38352
03/01/2026 02:44:50 - INFO - utils.trainer -   Epoch: 25, Train loss: 0.18331, Test loss: 0.38352,Epoch time = 6.179s
03/01/2026 02:44:55 - INFO - utils.trainer -   ***** Running evaluation on test1 dataset *****
03/01/2026 02:44:59 - INFO - utils.trainer -   AUC: 0.07241
03/01/2026 02:44:59 - INFO - utils.trainer -   Accuracy: 0.17110
03/01/2026 02:44:59 - INFO - utils.trainer -   Precision: 0.07075
03/01/2026 02:44:59 - INFO - utils.trainer -   Recall: 0.06969
03/01/2026 02:44:59 - INFO - utils.trainer -   F_score: 0.07022
03/01/2026 02:44:59 - INFO - utils.trainer -   Specificity: 0.25379
03/01/2026 02:44:59 - INFO - utils.trainer -   Sensitivity: 0.06969
03/01/2026 02:44:59 - INFO - utils.trainer -   Loss: 0.38316
03/01/2026 02:44:59 - INFO - utils.trainer -   Epoch: 26, Train loss: 0.18241, Test loss: 0.38316,Epoch time = 5.776s
03/01/2026 02:45:05 - INFO - utils.trainer -   ***** Running evaluation on test1 dataset *****
03/01/2026 02:45:09 - INFO - utils.trainer -   AUC: 0.07411
03/01/2026 02:45:09 - INFO - utils.trainer -   Accuracy: 0.16432
03/01/2026 02:45:09 - INFO - utils.trainer -   Precision: 0.08418
03/01/2026 02:45:09 - INFO - utils.trainer -   Recall: 0.08711
03/01/2026 02:45:09 - INFO - utils.trainer -   F_score: 0.08562
03/01/2026 02:45:09 - INFO - utils.trainer -   Specificity: 0.22727
03/01/2026 02:45:09 - INFO - utils.trainer -   Sensitivity: 0.08711
03/01/2026 02:45:09 - INFO - utils.trainer -   Loss: 0.38206
03/01/2026 02:45:09 - INFO - utils.trainer -   Epoch: 27, Train loss: 0.21285, Test loss: 0.38206,Epoch time = 5.788s
03/01/2026 02:45:15 - INFO - utils.trainer -   ***** Running evaluation on test1 dataset *****
03/01/2026 02:45:19 - INFO - utils.trainer -   AUC: 0.06985
03/01/2026 02:45:19 - INFO - utils.trainer -   Accuracy: 0.17684
03/01/2026 02:45:19 - INFO - utils.trainer -   Precision: 0.06227
03/01/2026 02:45:19 - INFO - utils.trainer -   Recall: 0.05923
03/01/2026 02:45:19 - INFO - utils.trainer -   F_score: 0.06071
03/01/2026 02:45:19 - INFO - utils.trainer -   Specificity: 0.27273
03/01/2026 02:45:19 - INFO - utils.trainer -   Sensitivity: 0.05923
03/01/2026 02:45:19 - INFO - utils.trainer -   Loss: 0.38227
03/01/2026 02:45:19 - INFO - utils.trainer -   Epoch: 28, Train loss: 0.19988, Test loss: 0.38227,Epoch time = 5.887s
03/01/2026 02:45:24 - INFO - utils.trainer -   ***** Running evaluation on test1 dataset *****
03/01/2026 02:45:29 - INFO - utils.trainer -   AUC: 0.06484
03/01/2026 02:45:29 - INFO - utils.trainer -   Accuracy: 0.17006
03/01/2026 02:45:29 - INFO - utils.trainer -   Precision: 0.06340
03/01/2026 02:45:29 - INFO - utils.trainer -   Recall: 0.06156
03/01/2026 02:45:29 - INFO - utils.trainer -   F_score: 0.06246
03/01/2026 02:45:29 - INFO - utils.trainer -   Specificity: 0.25852
03/01/2026 02:45:29 - INFO - utils.trainer -   Sensitivity: 0.06156
03/01/2026 02:45:29 - INFO - utils.trainer -   Loss: 0.38287
03/01/2026 02:45:29 - INFO - utils.trainer -   Epoch: 29, Train loss: 0.19376, Test loss: 0.38287,Epoch time = 5.781s
03/01/2026 02:45:35 - INFO - utils.trainer -   ***** Running evaluation on test1 dataset *****
03/01/2026 02:45:39 - INFO - utils.trainer -   AUC: 0.06780
03/01/2026 02:45:39 - INFO - utils.trainer -   Accuracy: 0.19457
03/01/2026 02:45:39 - INFO - utils.trainer -   Precision: 0.05476
03/01/2026 02:45:39 - INFO - utils.trainer -   Recall: 0.04878
03/01/2026 02:45:39 - INFO - utils.trainer -   F_score: 0.05160
03/01/2026 02:45:39 - INFO - utils.trainer -   Specificity: 0.31345
03/01/2026 02:45:39 - INFO - utils.trainer -   Sensitivity: 0.04878
03/01/2026 02:45:39 - INFO - utils.trainer -   Loss: 0.38329
03/01/2026 02:45:39 - INFO - utils.trainer -   Epoch: 30, Train loss: 0.18275, Test loss: 0.38329,Epoch time = 5.783s
03/01/2026 02:45:44 - INFO - utils.trainer -   ***** Running evaluation on test1 dataset *****
03/01/2026 02:45:48 - INFO - utils.trainer -   AUC: 0.06252
03/01/2026 02:45:48 - INFO - utils.trainer -   Accuracy: 0.16641
03/01/2026 02:45:48 - INFO - utils.trainer -   Precision: 0.05441
03/01/2026 02:45:48 - INFO - utils.trainer -   Recall: 0.05226
03/01/2026 02:45:48 - INFO - utils.trainer -   F_score: 0.05332
03/01/2026 02:45:48 - INFO - utils.trainer -   Specificity: 0.25947
03/01/2026 02:45:48 - INFO - utils.trainer -   Sensitivity: 0.05226
03/01/2026 02:45:48 - INFO - utils.trainer -   Loss: 0.38286
03/01/2026 02:45:48 - INFO - utils.trainer -   Epoch: 31, Train loss: 0.18778, Test loss: 0.38286,Epoch time = 5.854s
03/01/2026 02:45:54 - INFO - utils.trainer -   ***** Running evaluation on test1 dataset *****
03/01/2026 02:45:58 - INFO - utils.trainer -   AUC: 0.06540
03/01/2026 02:45:58 - INFO - utils.trainer -   Accuracy: 0.16901
03/01/2026 02:45:58 - INFO - utils.trainer -   Precision: 0.06738
03/01/2026 02:45:58 - INFO - utils.trainer -   Recall: 0.06620
03/01/2026 02:45:58 - INFO - utils.trainer -   F_score: 0.06678
03/01/2026 02:45:58 - INFO - utils.trainer -   Specificity: 0.25284
03/01/2026 02:45:58 - INFO - utils.trainer -   Sensitivity: 0.06620
03/01/2026 02:45:58 - INFO - utils.trainer -   Loss: 0.38360
03/01/2026 02:45:58 - INFO - utils.trainer -   Epoch: 32, Train loss: 0.18323, Test loss: 0.38360,Epoch time = 5.864s
03/01/2026 02:46:04 - INFO - utils.trainer -   ***** Running evaluation on test1 dataset *****
03/01/2026 02:46:08 - INFO - utils.trainer -   AUC: 0.06900
03/01/2026 02:46:08 - INFO - utils.trainer -   Accuracy: 0.17684
03/01/2026 02:46:08 - INFO - utils.trainer -   Precision: 0.06012
03/01/2026 02:46:08 - INFO - utils.trainer -   Recall: 0.05691
03/01/2026 02:46:08 - INFO - utils.trainer -   F_score: 0.05847
03/01/2026 02:46:08 - INFO - utils.trainer -   Specificity: 0.27462
03/01/2026 02:46:08 - INFO - utils.trainer -   Sensitivity: 0.05691
03/01/2026 02:46:08 - INFO - utils.trainer -   Loss: 0.38367
03/01/2026 02:46:08 - INFO - utils.trainer -   Epoch: 33, Train loss: 0.18360, Test loss: 0.38367,Epoch time = 5.906s
03/01/2026 02:46:13 - INFO - utils.trainer -   ***** Running evaluation on test1 dataset *****
03/01/2026 02:46:17 - INFO - utils.trainer -   AUC: 0.07087
03/01/2026 02:46:17 - INFO - utils.trainer -   Accuracy: 0.17267
03/01/2026 02:46:17 - INFO - utils.trainer -   Precision: 0.06587
03/01/2026 02:46:17 - INFO - utils.trainer -   Recall: 0.06388
03/01/2026 02:46:17 - INFO - utils.trainer -   F_score: 0.06486
03/01/2026 02:46:17 - INFO - utils.trainer -   Specificity: 0.26136
03/01/2026 02:46:17 - INFO - utils.trainer -   Sensitivity: 0.06388
03/01/2026 02:46:17 - INFO - utils.trainer -   Loss: 0.38309
03/01/2026 02:46:17 - INFO - utils.trainer -   Epoch: 34, Train loss: 0.17740, Test loss: 0.38309,Epoch time = 5.842s
03/01/2026 02:46:23 - INFO - utils.trainer -   ***** Running evaluation on test1 dataset *****
03/01/2026 02:46:27 - INFO - utils.trainer -   AUC: 0.07095
03/01/2026 02:46:27 - INFO - utils.trainer -   Accuracy: 0.15754
03/01/2026 02:46:27 - INFO - utils.trainer -   Precision: 0.06766
03/01/2026 02:46:27 - INFO - utils.trainer -   Recall: 0.06852
03/01/2026 02:46:27 - INFO - utils.trainer -   F_score: 0.06809
03/01/2026 02:46:27 - INFO - utils.trainer -   Specificity: 0.23011
03/01/2026 02:46:27 - INFO - utils.trainer -   Sensitivity: 0.06852
03/01/2026 02:46:27 - INFO - utils.trainer -   Loss: 0.38396
03/01/2026 02:46:27 - INFO - utils.trainer -   Epoch: 35, Train loss: 0.18421, Test loss: 0.38396,Epoch time = 5.722s
03/01/2026 02:46:33 - INFO - utils.trainer -   ***** Running evaluation on test1 dataset *****
03/01/2026 02:46:37 - INFO - utils.trainer -   AUC: 0.06373
03/01/2026 02:46:37 - INFO - utils.trainer -   Accuracy: 0.19092
03/01/2026 02:46:37 - INFO - utils.trainer -   Precision: 0.05078
03/01/2026 02:46:37 - INFO - utils.trainer -   Recall: 0.04530
03/01/2026 02:46:37 - INFO - utils.trainer -   F_score: 0.04788
03/01/2026 02:46:37 - INFO - utils.trainer -   Specificity: 0.30966
03/01/2026 02:46:37 - INFO - utils.trainer -   Sensitivity: 0.04530
03/01/2026 02:46:37 - INFO - utils.trainer -   Loss: 0.38401
03/01/2026 02:46:37 - INFO - utils.trainer -   Epoch: 36, Train loss: 0.18700, Test loss: 0.38401,Epoch time = 5.821s
03/01/2026 02:46:42 - INFO - utils.trainer -   ***** Running evaluation on test1 dataset *****
03/01/2026 02:46:46 - INFO - utils.trainer -   AUC: 0.06631
03/01/2026 02:46:46 - INFO - utils.trainer -   Accuracy: 0.18049
03/01/2026 02:46:46 - INFO - utils.trainer -   Precision: 0.06601
03/01/2026 02:46:46 - INFO - utils.trainer -   Recall: 0.06272
03/01/2026 02:46:46 - INFO - utils.trainer -   F_score: 0.06432
03/01/2026 02:46:46 - INFO - utils.trainer -   Specificity: 0.27652
03/01/2026 02:46:46 - INFO - utils.trainer -   Sensitivity: 0.06272
03/01/2026 02:46:46 - INFO - utils.trainer -   Loss: 0.38389
03/01/2026 02:46:46 - INFO - utils.trainer -   Epoch: 37, Train loss: 0.19052, Test loss: 0.38389,Epoch time = 5.888s
03/01/2026 02:46:52 - INFO - utils.trainer -   ***** Running evaluation on test1 dataset *****
03/01/2026 02:46:56 - INFO - utils.trainer -   AUC: 0.06090
03/01/2026 02:46:56 - INFO - utils.trainer -   Accuracy: 0.17997
03/01/2026 02:46:56 - INFO - utils.trainer -   Precision: 0.06487
03/01/2026 02:46:56 - INFO - utils.trainer -   Recall: 0.06156
03/01/2026 02:46:56 - INFO - utils.trainer -   F_score: 0.06317
03/01/2026 02:46:56 - INFO - utils.trainer -   Specificity: 0.27652
03/01/2026 02:46:56 - INFO - utils.trainer -   Sensitivity: 0.06156
03/01/2026 02:46:56 - INFO - utils.trainer -   Loss: 0.38506
03/01/2026 02:46:56 - INFO - utils.trainer -   Epoch: 38, Train loss: 0.15895, Test loss: 0.38506,Epoch time = 6.109s
03/01/2026 02:47:02 - INFO - utils.trainer -   ***** Running evaluation on test1 dataset *****
03/01/2026 02:47:06 - INFO - utils.trainer -   AUC: 0.06887
03/01/2026 02:47:06 - INFO - utils.trainer -   Accuracy: 0.15441
03/01/2026 02:47:06 - INFO - utils.trainer -   Precision: 0.09140
03/01/2026 02:47:06 - INFO - utils.trainer -   Recall: 0.09872
03/01/2026 02:47:06 - INFO - utils.trainer -   F_score: 0.09492
03/01/2026 02:47:06 - INFO - utils.trainer -   Specificity: 0.19981
03/01/2026 02:47:06 - INFO - utils.trainer -   Sensitivity: 0.09872
03/01/2026 02:47:06 - INFO - utils.trainer -   Loss: 0.38425
03/01/2026 02:47:06 - INFO - utils.trainer -   Epoch: 39, Train loss: 0.15635, Test loss: 0.38425,Epoch time = 5.808s
03/01/2026 02:47:12 - INFO - utils.trainer -   ***** Running evaluation on test1 dataset *****
03/01/2026 02:47:15 - INFO - utils.trainer -   AUC: 0.06832
03/01/2026 02:47:15 - INFO - utils.trainer -   Accuracy: 0.17840
03/01/2026 02:47:15 - INFO - utils.trainer -   Precision: 0.06569
03/01/2026 02:47:15 - INFO - utils.trainer -   Recall: 0.06272
03/01/2026 02:47:15 - INFO - utils.trainer -   F_score: 0.06417
03/01/2026 02:47:15 - INFO - utils.trainer -   Specificity: 0.27273
03/01/2026 02:47:15 - INFO - utils.trainer -   Sensitivity: 0.06272
03/01/2026 02:47:15 - INFO - utils.trainer -   Loss: 0.38376
03/01/2026 02:47:15 - INFO - utils.trainer -   Epoch: 40, Train loss: 0.17272, Test loss: 0.38376,Epoch time = 5.769s
03/01/2026 02:47:21 - INFO - utils.trainer -   ***** Running evaluation on test1 dataset *****
03/01/2026 02:47:25 - INFO - utils.trainer -   AUC: 0.08353
03/01/2026 02:47:25 - INFO - utils.trainer -   Accuracy: 0.19040
03/01/2026 02:47:25 - INFO - utils.trainer -   Precision: 0.08623
03/01/2026 02:47:25 - INFO - utils.trainer -   Recall: 0.08362
03/01/2026 02:47:25 - INFO - utils.trainer -   F_score: 0.08491
03/01/2026 02:47:25 - INFO - utils.trainer -   Specificity: 0.27746
03/01/2026 02:47:25 - INFO - utils.trainer -   Sensitivity: 0.08362
03/01/2026 02:47:25 - INFO - utils.trainer -   Loss: 0.38124
03/01/2026 02:47:25 - INFO - utils.trainer -   Epoch: 41, Train loss: 0.17911, Test loss: 0.38124,Epoch time = 5.897s
03/01/2026 02:47:31 - INFO - utils.trainer -   ***** Running evaluation on test1 dataset *****
03/01/2026 02:47:35 - INFO - utils.trainer -   AUC: 0.06937
03/01/2026 02:47:35 - INFO - utils.trainer -   Accuracy: 0.19718
03/01/2026 02:47:35 - INFO - utils.trainer -   Precision: 0.06314
03/01/2026 02:47:35 - INFO - utils.trainer -   Recall: 0.05691
03/01/2026 02:47:35 - INFO - utils.trainer -   F_score: 0.05987
03/01/2026 02:47:35 - INFO - utils.trainer -   Specificity: 0.31155
03/01/2026 02:47:35 - INFO - utils.trainer -   Sensitivity: 0.05691
03/01/2026 02:47:35 - INFO - utils.trainer -   Loss: 0.38336
03/01/2026 02:47:35 - INFO - utils.trainer -   Epoch: 42, Train loss: 0.17973, Test loss: 0.38336,Epoch time = 5.920s
03/01/2026 02:47:41 - INFO - utils.trainer -   ***** Running evaluation on test1 dataset *****
03/01/2026 02:47:45 - INFO - utils.trainer -   AUC: 0.06302
03/01/2026 02:47:45 - INFO - utils.trainer -   Accuracy: 0.16901
03/01/2026 02:47:45 - INFO - utils.trainer -   Precision: 0.05797
03/01/2026 02:47:45 - INFO - utils.trainer -   Recall: 0.05575
03/01/2026 02:47:45 - INFO - utils.trainer -   F_score: 0.05684
03/01/2026 02:47:45 - INFO - utils.trainer -   Specificity: 0.26136
03/01/2026 02:47:45 - INFO - utils.trainer -   Sensitivity: 0.05575
03/01/2026 02:47:45 - INFO - utils.trainer -   Loss: 0.38384
03/01/2026 02:47:45 - INFO - utils.trainer -   Epoch: 43, Train loss: 0.18105, Test loss: 0.38384,Epoch time = 5.795s
03/01/2026 02:47:50 - INFO - utils.trainer -   ***** Running evaluation on test1 dataset *****
03/01/2026 02:47:54 - INFO - utils.trainer -   AUC: 0.06608
03/01/2026 02:47:54 - INFO - utils.trainer -   Accuracy: 0.17423
03/01/2026 02:47:54 - INFO - utils.trainer -   Precision: 0.05760
03/01/2026 02:47:54 - INFO - utils.trainer -   Recall: 0.05459
03/01/2026 02:47:54 - INFO - utils.trainer -   F_score: 0.05605
03/01/2026 02:47:54 - INFO - utils.trainer -   Specificity: 0.27178
03/01/2026 02:47:54 - INFO - utils.trainer -   Sensitivity: 0.05459
03/01/2026 02:47:54 - INFO - utils.trainer -   Loss: 0.38466
03/01/2026 02:47:54 - INFO - utils.trainer -   Epoch: 44, Train loss: 0.15590, Test loss: 0.38466,Epoch time = 5.954s
03/01/2026 02:48:00 - INFO - utils.trainer -   ***** Running evaluation on test1 dataset *****
03/01/2026 02:48:04 - INFO - utils.trainer -   AUC: 0.06687
03/01/2026 02:48:04 - INFO - utils.trainer -   Accuracy: 0.17997
03/01/2026 02:48:04 - INFO - utils.trainer -   Precision: 0.05948
03/01/2026 02:48:04 - INFO - utils.trainer -   Recall: 0.05575
03/01/2026 02:48:04 - INFO - utils.trainer -   F_score: 0.05755
03/01/2026 02:48:04 - INFO - utils.trainer -   Specificity: 0.28125
03/01/2026 02:48:04 - INFO - utils.trainer -   Sensitivity: 0.05575
03/01/2026 02:48:04 - INFO - utils.trainer -   Loss: 0.38493
03/01/2026 02:48:04 - INFO - utils.trainer -   Epoch: 45, Train loss: 0.14981, Test loss: 0.38493,Epoch time = 5.870s
03/01/2026 02:48:10 - INFO - utils.trainer -   ***** Running evaluation on test1 dataset *****
03/01/2026 02:48:14 - INFO - utils.trainer -   AUC: 0.06379
03/01/2026 02:48:14 - INFO - utils.trainer -   Accuracy: 0.17371
03/01/2026 02:48:14 - INFO - utils.trainer -   Precision: 0.05968
03/01/2026 02:48:14 - INFO - utils.trainer -   Recall: 0.05691
03/01/2026 02:48:14 - INFO - utils.trainer -   F_score: 0.05826
03/01/2026 02:48:14 - INFO - utils.trainer -   Specificity: 0.26894
03/01/2026 02:48:14 - INFO - utils.trainer -   Sensitivity: 0.05691
03/01/2026 02:48:14 - INFO - utils.trainer -   Loss: 0.38501
03/01/2026 02:48:14 - INFO - utils.trainer -   Epoch: 46, Train loss: 0.15630, Test loss: 0.38501,Epoch time = 5.898s
03/01/2026 02:48:20 - INFO - utils.trainer -   ***** Running evaluation on test1 dataset *****
03/01/2026 02:48:23 - INFO - utils.trainer -   AUC: 0.06406
03/01/2026 02:48:23 - INFO - utils.trainer -   Accuracy: 0.17527
03/01/2026 02:48:23 - INFO - utils.trainer -   Precision: 0.05990
03/01/2026 02:48:23 - INFO - utils.trainer -   Recall: 0.05691
03/01/2026 02:48:23 - INFO - utils.trainer -   F_score: 0.05837
03/01/2026 02:48:23 - INFO - utils.trainer -   Specificity: 0.27178
03/01/2026 02:48:23 - INFO - utils.trainer -   Sensitivity: 0.05691
03/01/2026 02:48:23 - INFO - utils.trainer -   Loss: 0.38494
03/01/2026 02:48:23 - INFO - utils.trainer -   Epoch: 47, Train loss: 0.14717, Test loss: 0.38494,Epoch time = 5.725s
03/01/2026 02:48:29 - INFO - utils.trainer -   ***** Running evaluation on test1 dataset *****
03/01/2026 02:48:33 - INFO - utils.trainer -   AUC: 0.06421
03/01/2026 02:48:33 - INFO - utils.trainer -   Accuracy: 0.17840
03/01/2026 02:48:33 - INFO - utils.trainer -   Precision: 0.05926
03/01/2026 02:48:33 - INFO - utils.trainer -   Recall: 0.05575
03/01/2026 02:48:33 - INFO - utils.trainer -   F_score: 0.05745
03/01/2026 02:48:33 - INFO - utils.trainer -   Specificity: 0.27841
03/01/2026 02:48:33 - INFO - utils.trainer -   Sensitivity: 0.05575
03/01/2026 02:48:33 - INFO - utils.trainer -   Loss: 0.38452
03/01/2026 02:48:33 - INFO - utils.trainer -   Epoch: 48, Train loss: 0.15748, Test loss: 0.38452,Epoch time = 5.798s
03/01/2026 02:48:39 - INFO - utils.trainer -   ***** Running evaluation on test1 dataset *****
03/01/2026 02:48:43 - INFO - utils.trainer -   AUC: 0.07431
03/01/2026 02:48:43 - INFO - utils.trainer -   Accuracy: 0.18675
03/01/2026 02:48:43 - INFO - utils.trainer -   Precision: 0.05026
03/01/2026 02:48:43 - INFO - utils.trainer -   Recall: 0.04530
03/01/2026 02:48:43 - INFO - utils.trainer -   F_score: 0.04765
03/01/2026 02:48:43 - INFO - utils.trainer -   Specificity: 0.30208
03/01/2026 02:48:43 - INFO - utils.trainer -   Sensitivity: 0.04530
03/01/2026 02:48:43 - INFO - utils.trainer -   Loss: 0.38295
03/01/2026 02:48:43 - INFO - utils.trainer -   Epoch: 49, Train loss: 0.17719, Test loss: 0.38295,Epoch time = 5.848s
03/01/2026 02:48:49 - INFO - utils.trainer -   ***** Running evaluation on test1 dataset *****
03/01/2026 02:48:53 - INFO - utils.trainer -   AUC: 0.07339
03/01/2026 02:48:53 - INFO - utils.trainer -   Accuracy: 0.15806
03/01/2026 02:48:53 - INFO - utils.trainer -   Precision: 0.09209
03/01/2026 02:48:53 - INFO - utils.trainer -   Recall: 0.09872
03/01/2026 02:48:53 - INFO - utils.trainer -   F_score: 0.09529
03/01/2026 02:48:53 - INFO - utils.trainer -   Specificity: 0.20644
03/01/2026 02:48:53 - INFO - utils.trainer -   Sensitivity: 0.09872
03/01/2026 02:48:53 - INFO - utils.trainer -   Loss: 0.38360
03/01/2026 02:48:53 - INFO - utils.trainer -   Epoch: 50, Train loss: 0.18921, Test loss: 0.38360,Epoch time = 6.050s
03/01/2026 02:48:59 - INFO - utils.trainer -   ***** Running evaluation on test1 dataset *****
03/01/2026 02:49:03 - INFO - utils.trainer -   AUC: 0.07273
03/01/2026 02:49:03 - INFO - utils.trainer -   Accuracy: 0.15493
03/01/2026 02:49:03 - INFO - utils.trainer -   Precision: 0.09585
03/01/2026 02:49:03 - INFO - utils.trainer -   Recall: 0.10453
03/01/2026 02:49:03 - INFO - utils.trainer -   F_score: 0.10000
03/01/2026 02:49:03 - INFO - utils.trainer -   Specificity: 0.19602
03/01/2026 02:49:03 - INFO - utils.trainer -   Sensitivity: 0.10453
03/01/2026 02:49:03 - INFO - utils.trainer -   Loss: 0.38356
03/01/2026 02:49:03 - INFO - utils.trainer -   Epoch: 51, Train loss: 0.17489, Test loss: 0.38356,Epoch time = 6.113s
03/01/2026 02:49:08 - INFO - utils.trainer -   ***** Running evaluation on test1 dataset *****
03/01/2026 02:49:12 - INFO - utils.trainer -   AUC: 0.08192
03/01/2026 02:49:12 - INFO - utils.trainer -   Accuracy: 0.20240
03/01/2026 02:49:12 - INFO - utils.trainer -   Precision: 0.06397
03/01/2026 02:49:12 - INFO - utils.trainer -   Recall: 0.05691
03/01/2026 02:49:12 - INFO - utils.trainer -   F_score: 0.06023
03/01/2026 02:49:12 - INFO - utils.trainer -   Specificity: 0.32102
03/01/2026 02:49:12 - INFO - utils.trainer -   Sensitivity: 0.05691
03/01/2026 02:49:12 - INFO - utils.trainer -   Loss: 0.38453
03/01/2026 02:49:12 - INFO - utils.trainer -   Epoch: 52, Train loss: 0.16698, Test loss: 0.38453,Epoch time = 5.743s
03/01/2026 02:49:18 - INFO - utils.trainer -   ***** Running evaluation on test1 dataset *****
03/01/2026 02:49:22 - INFO - utils.trainer -   AUC: 0.07031
03/01/2026 02:49:22 - INFO - utils.trainer -   Accuracy: 0.18206
03/01/2026 02:49:22 - INFO - utils.trainer -   Precision: 0.06412
03/01/2026 02:49:22 - INFO - utils.trainer -   Recall: 0.06039
03/01/2026 02:49:22 - INFO - utils.trainer -   F_score: 0.06220
03/01/2026 02:49:22 - INFO - utils.trainer -   Specificity: 0.28125
03/01/2026 02:49:22 - INFO - utils.trainer -   Sensitivity: 0.06039
03/01/2026 02:49:22 - INFO - utils.trainer -   Loss: 0.38377
03/01/2026 02:49:22 - INFO - utils.trainer -   Epoch: 53, Train loss: 0.16629, Test loss: 0.38377,Epoch time = 5.894s
03/01/2026 02:49:28 - INFO - utils.trainer -   ***** Running evaluation on test1 dataset *****
03/01/2026 02:49:32 - INFO - utils.trainer -   AUC: 0.06450
03/01/2026 02:49:32 - INFO - utils.trainer -   Accuracy: 0.18153
03/01/2026 02:49:32 - INFO - utils.trainer -   Precision: 0.05860
03/01/2026 02:49:32 - INFO - utils.trainer -   Recall: 0.05459
03/01/2026 02:49:32 - INFO - utils.trainer -   F_score: 0.05652
03/01/2026 02:49:32 - INFO - utils.trainer -   Specificity: 0.28504
03/01/2026 02:49:32 - INFO - utils.trainer -   Sensitivity: 0.05459
03/01/2026 02:49:32 - INFO - utils.trainer -   Loss: 0.38474
03/01/2026 02:49:32 - INFO - utils.trainer -   Epoch: 54, Train loss: 0.15717, Test loss: 0.38474,Epoch time = 5.816s
03/01/2026 02:49:37 - INFO - utils.trainer -   ***** Running evaluation on test1 dataset *****
03/01/2026 02:49:41 - INFO - utils.trainer -   AUC: 0.06193
03/01/2026 02:49:41 - INFO - utils.trainer -   Accuracy: 0.16119
03/01/2026 02:49:41 - INFO - utils.trainer -   Precision: 0.06316
03/01/2026 02:49:41 - INFO - utils.trainer -   Recall: 0.06272
03/01/2026 02:49:41 - INFO - utils.trainer -   F_score: 0.06294
03/01/2026 02:49:41 - INFO - utils.trainer -   Specificity: 0.24148
03/01/2026 02:49:41 - INFO - utils.trainer -   Sensitivity: 0.06272
03/01/2026 02:49:41 - INFO - utils.trainer -   Loss: 0.38465
03/01/2026 02:49:41 - INFO - utils.trainer -   Epoch: 55, Train loss: 0.15919, Test loss: 0.38465,Epoch time = 5.845s
03/01/2026 02:49:47 - INFO - utils.trainer -   ***** Running evaluation on test1 dataset *****
03/01/2026 02:49:51 - INFO - utils.trainer -   AUC: 0.06007
03/01/2026 02:49:51 - INFO - utils.trainer -   Accuracy: 0.17214
03/01/2026 02:49:51 - INFO - utils.trainer -   Precision: 0.06053
03/01/2026 02:49:51 - INFO - utils.trainer -   Recall: 0.05807
03/01/2026 02:49:51 - INFO - utils.trainer -   F_score: 0.05928
03/01/2026 02:49:51 - INFO - utils.trainer -   Specificity: 0.26515
03/01/2026 02:49:51 - INFO - utils.trainer -   Sensitivity: 0.05807
03/01/2026 02:49:51 - INFO - utils.trainer -   Loss: 0.38535
03/01/2026 02:49:51 - INFO - utils.trainer -   Epoch: 56, Train loss: 0.15122, Test loss: 0.38535,Epoch time = 5.903s
03/01/2026 02:49:57 - INFO - utils.trainer -   ***** Running evaluation on test1 dataset *****
03/01/2026 02:50:01 - INFO - utils.trainer -   AUC: 0.06092
03/01/2026 02:50:01 - INFO - utils.trainer -   Accuracy: 0.17267
03/01/2026 02:50:01 - INFO - utils.trainer -   Precision: 0.05521
03/01/2026 02:50:01 - INFO - utils.trainer -   Recall: 0.05226
03/01/2026 02:50:01 - INFO - utils.trainer -   F_score: 0.05370
03/01/2026 02:50:01 - INFO - utils.trainer -   Specificity: 0.27083
03/01/2026 02:50:01 - INFO - utils.trainer -   Sensitivity: 0.05226
03/01/2026 02:50:01 - INFO - utils.trainer -   Loss: 0.38572
03/01/2026 02:50:01 - INFO - utils.trainer -   Epoch: 57, Train loss: 0.14757, Test loss: 0.38572,Epoch time = 5.850s
03/01/2026 02:50:07 - INFO - utils.trainer -   ***** Running evaluation on test1 dataset *****
03/01/2026 02:50:11 - INFO - utils.trainer -   AUC: 0.06238
03/01/2026 02:50:11 - INFO - utils.trainer -   Accuracy: 0.17267
03/01/2026 02:50:11 - INFO - utils.trainer -   Precision: 0.05630
03/01/2026 02:50:11 - INFO - utils.trainer -   Recall: 0.05343
03/01/2026 02:50:11 - INFO - utils.trainer -   F_score: 0.05483
03/01/2026 02:50:11 - INFO - utils.trainer -   Specificity: 0.26989
03/01/2026 02:50:11 - INFO - utils.trainer -   Sensitivity: 0.05343
03/01/2026 02:50:11 - INFO - utils.trainer -   Loss: 0.38661
03/01/2026 02:50:11 - INFO - utils.trainer -   Epoch: 58, Train loss: 0.14506, Test loss: 0.38661,Epoch time = 5.831s
03/01/2026 02:50:16 - INFO - utils.trainer -   ***** Running evaluation on test1 dataset *****
03/01/2026 02:50:20 - INFO - utils.trainer -   AUC: 0.06085
03/01/2026 02:50:20 - INFO - utils.trainer -   Accuracy: 0.16797
03/01/2026 02:50:20 - INFO - utils.trainer -   Precision: 0.05569
03/01/2026 02:50:20 - INFO - utils.trainer -   Recall: 0.05343
03/01/2026 02:50:20 - INFO - utils.trainer -   F_score: 0.05453
03/01/2026 02:50:20 - INFO - utils.trainer -   Specificity: 0.26136
03/01/2026 02:50:20 - INFO - utils.trainer -   Sensitivity: 0.05343
03/01/2026 02:50:20 - INFO - utils.trainer -   Loss: 0.38540
03/01/2026 02:50:20 - INFO - utils.trainer -   Epoch: 59, Train loss: 0.14708, Test loss: 0.38540,Epoch time = 5.860s
03/01/2026 02:50:26 - INFO - utils.trainer -   ***** Running evaluation on test1 dataset *****
03/01/2026 02:50:30 - INFO - utils.trainer -   AUC: 0.06034
03/01/2026 02:50:30 - INFO - utils.trainer -   Accuracy: 0.17527
03/01/2026 02:50:30 - INFO - utils.trainer -   Precision: 0.05000
03/01/2026 02:50:30 - INFO - utils.trainer -   Recall: 0.04646
03/01/2026 02:50:30 - INFO - utils.trainer -   F_score: 0.04816
03/01/2026 02:50:30 - INFO - utils.trainer -   Specificity: 0.28030
03/01/2026 02:50:30 - INFO - utils.trainer -   Sensitivity: 0.04646
03/01/2026 02:50:30 - INFO - utils.trainer -   Loss: 0.38590
03/01/2026 02:50:30 - INFO - utils.trainer -   Epoch: 60, Train loss: 0.14441, Test loss: 0.38590,Epoch time = 5.877s
03/01/2026 02:50:36 - INFO - utils.trainer -   ***** Running evaluation on test1 dataset *****
03/01/2026 02:50:40 - INFO - utils.trainer -   AUC: 0.06056
03/01/2026 02:50:40 - INFO - utils.trainer -   Accuracy: 0.17788
03/01/2026 02:50:40 - INFO - utils.trainer -   Precision: 0.05257
03/01/2026 02:50:40 - INFO - utils.trainer -   Recall: 0.04878
03/01/2026 02:50:40 - INFO - utils.trainer -   F_score: 0.05060
03/01/2026 02:50:40 - INFO - utils.trainer -   Specificity: 0.28314
03/01/2026 02:50:40 - INFO - utils.trainer -   Sensitivity: 0.04878
03/01/2026 02:50:40 - INFO - utils.trainer -   Loss: 0.38635
03/01/2026 02:50:40 - INFO - utils.trainer -   Epoch: 61, Train loss: 0.14389, Test loss: 0.38635,Epoch time = 5.822s
03/01/2026 02:50:46 - INFO - utils.trainer -   ***** Running evaluation on test1 dataset *****
03/01/2026 02:50:50 - INFO - utils.trainer -   AUC: 0.06041
03/01/2026 02:50:50 - INFO - utils.trainer -   Accuracy: 0.17580
03/01/2026 02:50:50 - INFO - utils.trainer -   Precision: 0.05342
03/01/2026 02:50:50 - INFO - utils.trainer -   Recall: 0.04994
03/01/2026 02:50:50 - INFO - utils.trainer -   F_score: 0.05162
03/01/2026 02:50:50 - INFO - utils.trainer -   Specificity: 0.27841
03/01/2026 02:50:50 - INFO - utils.trainer -   Sensitivity: 0.04994
03/01/2026 02:50:50 - INFO - utils.trainer -   Loss: 0.38576
03/01/2026 02:50:50 - INFO - utils.trainer -   Epoch: 62, Train loss: 0.14366, Test loss: 0.38576,Epoch time = 5.854s
03/01/2026 02:50:55 - INFO - utils.trainer -   ***** Running evaluation on test1 dataset *****
03/01/2026 02:51:00 - INFO - utils.trainer -   AUC: 0.06008
03/01/2026 02:51:00 - INFO - utils.trainer -   Accuracy: 0.17840
03/01/2026 02:51:00 - INFO - utils.trainer -   Precision: 0.05597
03/01/2026 02:51:00 - INFO - utils.trainer -   Recall: 0.05226
03/01/2026 02:51:00 - INFO - utils.trainer -   F_score: 0.05405
03/01/2026 02:51:00 - INFO - utils.trainer -   Specificity: 0.28125
03/01/2026 02:51:00 - INFO - utils.trainer -   Sensitivity: 0.05226
03/01/2026 02:51:00 - INFO - utils.trainer -   Loss: 0.38621
03/01/2026 02:51:00 - INFO - utils.trainer -   Epoch: 63, Train loss: 0.15869, Test loss: 0.38621,Epoch time = 5.666s
03/01/2026 02:51:06 - INFO - utils.trainer -   ***** Running evaluation on test1 dataset *****
03/01/2026 02:51:09 - INFO - utils.trainer -   AUC: 0.06100
03/01/2026 02:51:09 - INFO - utils.trainer -   Accuracy: 0.18519
03/01/2026 02:51:09 - INFO - utils.trainer -   Precision: 0.05122
03/01/2026 02:51:09 - INFO - utils.trainer -   Recall: 0.04646
03/01/2026 02:51:09 - INFO - utils.trainer -   F_score: 0.04872
03/01/2026 02:51:09 - INFO - utils.trainer -   Specificity: 0.29830
03/01/2026 02:51:09 - INFO - utils.trainer -   Sensitivity: 0.04646
03/01/2026 02:51:09 - INFO - utils.trainer -   Loss: 0.38650
03/01/2026 02:51:09 - INFO - utils.trainer -   Epoch: 64, Train loss: 0.15753, Test loss: 0.38650,Epoch time = 5.849s
03/01/2026 02:51:15 - INFO - utils.trainer -   ***** Running evaluation on test1 dataset *****
03/01/2026 02:51:19 - INFO - utils.trainer -   AUC: 0.05910
03/01/2026 02:51:19 - INFO - utils.trainer -   Accuracy: 0.15910
03/01/2026 02:51:19 - INFO - utils.trainer -   Precision: 0.05562
03/01/2026 02:51:19 - INFO - utils.trainer -   Recall: 0.05459
03/01/2026 02:51:19 - INFO - utils.trainer -   F_score: 0.05510
03/01/2026 02:51:19 - INFO - utils.trainer -   Specificity: 0.24432
03/01/2026 02:51:19 - INFO - utils.trainer -   Sensitivity: 0.05459
03/01/2026 02:51:19 - INFO - utils.trainer -   Loss: 0.38535
03/01/2026 02:51:19 - INFO - utils.trainer -   Epoch: 65, Train loss: 0.14482, Test loss: 0.38535,Epoch time = 5.855s
03/01/2026 02:51:25 - INFO - utils.trainer -   ***** Running evaluation on test1 dataset *****
03/01/2026 02:51:29 - INFO - utils.trainer -   AUC: 0.07152
03/01/2026 02:51:29 - INFO - utils.trainer -   Accuracy: 0.18884
03/01/2026 02:51:29 - INFO - utils.trainer -   Precision: 0.05852
03/01/2026 02:51:29 - INFO - utils.trainer -   Recall: 0.05343
03/01/2026 02:51:29 - INFO - utils.trainer -   F_score: 0.05586
03/01/2026 02:51:29 - INFO - utils.trainer -   Specificity: 0.29924
03/01/2026 02:51:29 - INFO - utils.trainer -   Sensitivity: 0.05343
03/01/2026 02:51:29 - INFO - utils.trainer -   Loss: 0.38541
03/01/2026 02:51:29 - INFO - utils.trainer -   Epoch: 66, Train loss: 0.15198, Test loss: 0.38541,Epoch time = 5.930s
03/01/2026 02:51:35 - INFO - utils.trainer -   ***** Running evaluation on test1 dataset *****
03/01/2026 02:51:39 - INFO - utils.trainer -   AUC: 0.07647
03/01/2026 02:51:39 - INFO - utils.trainer -   Accuracy: 0.17267
03/01/2026 02:51:39 - INFO - utils.trainer -   Precision: 0.06897
03/01/2026 02:51:39 - INFO - utils.trainer -   Recall: 0.06736
03/01/2026 02:51:39 - INFO - utils.trainer -   F_score: 0.06816
03/01/2026 02:51:39 - INFO - utils.trainer -   Specificity: 0.25852
03/01/2026 02:51:39 - INFO - utils.trainer -   Sensitivity: 0.06736
03/01/2026 02:51:39 - INFO - utils.trainer -   Loss: 0.38281
03/01/2026 02:51:39 - INFO - utils.trainer -   Epoch: 67, Train loss: 0.21207, Test loss: 0.38281,Epoch time = 5.844s
03/01/2026 02:51:44 - INFO - utils.trainer -   ***** Running evaluation on test1 dataset *****
03/01/2026 02:51:48 - INFO - utils.trainer -   AUC: 0.07143
03/01/2026 02:51:48 - INFO - utils.trainer -   Accuracy: 0.18101
03/01/2026 02:51:48 - INFO - utils.trainer -   Precision: 0.06180
03/01/2026 02:51:48 - INFO - utils.trainer -   Recall: 0.05807
03/01/2026 02:51:48 - INFO - utils.trainer -   F_score: 0.05988
03/01/2026 02:51:48 - INFO - utils.trainer -   Specificity: 0.28125
03/01/2026 02:51:48 - INFO - utils.trainer -   Sensitivity: 0.05807
03/01/2026 02:51:48 - INFO - utils.trainer -   Loss: 0.38397
03/01/2026 02:51:48 - INFO - utils.trainer -   Epoch: 68, Train loss: 0.18318, Test loss: 0.38397,Epoch time = 5.913s
03/01/2026 02:51:54 - INFO - utils.trainer -   ***** Running evaluation on test1 dataset *****
03/01/2026 02:51:58 - INFO - utils.trainer -   AUC: 0.06669
03/01/2026 02:51:58 - INFO - utils.trainer -   Accuracy: 0.16797
03/01/2026 02:51:58 - INFO - utils.trainer -   Precision: 0.05676
03/01/2026 02:51:58 - INFO - utils.trainer -   Recall: 0.05459
03/01/2026 02:51:58 - INFO - utils.trainer -   F_score: 0.05565
03/01/2026 02:51:58 - INFO - utils.trainer -   Specificity: 0.26042
03/01/2026 02:51:58 - INFO - utils.trainer -   Sensitivity: 0.05459
03/01/2026 02:51:58 - INFO - utils.trainer -   Loss: 0.38494
03/01/2026 02:51:58 - INFO - utils.trainer -   Epoch: 69, Train loss: 0.14930, Test loss: 0.38494,Epoch time = 5.840s
03/01/2026 02:52:04 - INFO - utils.trainer -   ***** Running evaluation on test1 dataset *****
03/01/2026 02:52:08 - INFO - utils.trainer -   AUC: 0.07105
03/01/2026 02:52:08 - INFO - utils.trainer -   Accuracy: 0.18623
03/01/2026 02:52:08 - INFO - utils.trainer -   Precision: 0.05591
03/01/2026 02:52:08 - INFO - utils.trainer -   Recall: 0.05110
03/01/2026 02:52:08 - INFO - utils.trainer -   F_score: 0.05340
03/01/2026 02:52:08 - INFO - utils.trainer -   Specificity: 0.29640
03/01/2026 02:52:08 - INFO - utils.trainer -   Sensitivity: 0.05110
03/01/2026 02:52:08 - INFO - utils.trainer -   Loss: 0.38523
03/01/2026 02:52:08 - INFO - utils.trainer -   Epoch: 70, Train loss: 0.16840, Test loss: 0.38523,Epoch time = 5.716s
03/01/2026 02:52:13 - INFO - utils.trainer -   ***** Running evaluation on test1 dataset *****
03/01/2026 02:52:17 - INFO - utils.trainer -   AUC: 0.06911
03/01/2026 02:52:17 - INFO - utils.trainer -   Accuracy: 0.17527
03/01/2026 02:52:17 - INFO - utils.trainer -   Precision: 0.06204
03/01/2026 02:52:17 - INFO - utils.trainer -   Recall: 0.05923
03/01/2026 02:52:17 - INFO - utils.trainer -   F_score: 0.06061
03/01/2026 02:52:17 - INFO - utils.trainer -   Specificity: 0.26989
03/01/2026 02:52:17 - INFO - utils.trainer -   Sensitivity: 0.05923
03/01/2026 02:52:17 - INFO - utils.trainer -   Loss: 0.38517
03/01/2026 02:52:17 - INFO - utils.trainer -   Epoch: 71, Train loss: 0.14947, Test loss: 0.38517,Epoch time = 5.701s
03/01/2026 02:52:23 - INFO - utils.trainer -   ***** Running evaluation on test1 dataset *****
03/01/2026 02:52:27 - INFO - utils.trainer -   AUC: 0.06712
03/01/2026 02:52:27 - INFO - utils.trainer -   Accuracy: 0.18101
03/01/2026 02:52:27 - INFO - utils.trainer -   Precision: 0.05521
03/01/2026 02:52:27 - INFO - utils.trainer -   Recall: 0.05110
03/01/2026 02:52:27 - INFO - utils.trainer -   F_score: 0.05308
03/01/2026 02:52:27 - INFO - utils.trainer -   Specificity: 0.28693
03/01/2026 02:52:27 - INFO - utils.trainer -   Sensitivity: 0.05110
03/01/2026 02:52:27 - INFO - utils.trainer -   Loss: 0.38416
03/01/2026 02:52:27 - INFO - utils.trainer -   Epoch: 72, Train loss: 0.16214, Test loss: 0.38416,Epoch time = 5.951s
03/01/2026 02:52:33 - INFO - utils.trainer -   ***** Running evaluation on test1 dataset *****
03/01/2026 02:52:37 - INFO - utils.trainer -   AUC: 0.06659
03/01/2026 02:52:37 - INFO - utils.trainer -   Accuracy: 0.18519
03/01/2026 02:52:37 - INFO - utils.trainer -   Precision: 0.04657
03/01/2026 02:52:37 - INFO - utils.trainer -   Recall: 0.04181
03/01/2026 02:52:37 - INFO - utils.trainer -   F_score: 0.04406
03/01/2026 02:52:37 - INFO - utils.trainer -   Specificity: 0.30208
03/01/2026 02:52:37 - INFO - utils.trainer -   Sensitivity: 0.04181
03/01/2026 02:52:37 - INFO - utils.trainer -   Loss: 0.38512
03/01/2026 02:52:37 - INFO - utils.trainer -   Epoch: 73, Train loss: 0.16279, Test loss: 0.38512,Epoch time = 5.853s
03/01/2026 02:52:43 - INFO - utils.trainer -   ***** Running evaluation on test1 dataset *****
03/01/2026 02:52:47 - INFO - utils.trainer -   AUC: 0.06307
03/01/2026 02:52:47 - INFO - utils.trainer -   Accuracy: 0.16484
03/01/2026 02:52:47 - INFO - utils.trainer -   Precision: 0.05635
03/01/2026 02:52:47 - INFO - utils.trainer -   Recall: 0.05459
03/01/2026 02:52:47 - INFO - utils.trainer -   F_score: 0.05546
03/01/2026 02:52:47 - INFO - utils.trainer -   Specificity: 0.25473
03/01/2026 02:52:47 - INFO - utils.trainer -   Sensitivity: 0.05459
03/01/2026 02:52:47 - INFO - utils.trainer -   Loss: 0.38590
03/01/2026 02:52:47 - INFO - utils.trainer -   Epoch: 74, Train loss: 0.14277, Test loss: 0.38590,Epoch time = 5.765s
03/01/2026 02:52:52 - INFO - utils.trainer -   ***** Running evaluation on test1 dataset *****
03/01/2026 02:52:56 - INFO - utils.trainer -   AUC: 0.06856
03/01/2026 02:52:56 - INFO - utils.trainer -   Accuracy: 0.17736
03/01/2026 02:52:56 - INFO - utils.trainer -   Precision: 0.05138
03/01/2026 02:52:56 - INFO - utils.trainer -   Recall: 0.04762
03/01/2026 02:52:56 - INFO - utils.trainer -   F_score: 0.04943
03/01/2026 02:52:56 - INFO - utils.trainer -   Specificity: 0.28314
03/01/2026 02:52:56 - INFO - utils.trainer -   Sensitivity: 0.04762
03/01/2026 02:52:56 - INFO - utils.trainer -   Loss: 0.38527
03/01/2026 02:52:56 - INFO - utils.trainer -   Epoch: 75, Train loss: 0.16327, Test loss: 0.38527,Epoch time = 5.800s
03/01/2026 02:53:02 - INFO - utils.trainer -   ***** Running evaluation on test1 dataset *****
03/01/2026 02:53:06 - INFO - utils.trainer -   AUC: 0.06486
03/01/2026 02:53:06 - INFO - utils.trainer -   Accuracy: 0.17006
03/01/2026 02:53:06 - INFO - utils.trainer -   Precision: 0.05704
03/01/2026 02:53:06 - INFO - utils.trainer -   Recall: 0.05459
03/01/2026 02:53:06 - INFO - utils.trainer -   F_score: 0.05579
03/01/2026 02:53:06 - INFO - utils.trainer -   Specificity: 0.26420
03/01/2026 02:53:06 - INFO - utils.trainer -   Sensitivity: 0.05459
03/01/2026 02:53:06 - INFO - utils.trainer -   Loss: 0.38556
03/01/2026 02:53:06 - INFO - utils.trainer -   Epoch: 76, Train loss: 0.14934, Test loss: 0.38556,Epoch time = 5.827s
03/01/2026 02:53:12 - INFO - utils.trainer -   ***** Running evaluation on test1 dataset *****
03/01/2026 02:53:16 - INFO - utils.trainer -   AUC: 0.06378
03/01/2026 02:53:16 - INFO - utils.trainer -   Accuracy: 0.18466
03/01/2026 02:53:16 - INFO - utils.trainer -   Precision: 0.05230
03/01/2026 02:53:16 - INFO - utils.trainer -   Recall: 0.04762
03/01/2026 02:53:16 - INFO - utils.trainer -   F_score: 0.04985
03/01/2026 02:53:16 - INFO - utils.trainer -   Specificity: 0.29640
03/01/2026 02:53:16 - INFO - utils.trainer -   Sensitivity: 0.04762
03/01/2026 02:53:16 - INFO - utils.trainer -   Loss: 0.38601
03/01/2026 02:53:16 - INFO - utils.trainer -   Epoch: 77, Train loss: 0.14164, Test loss: 0.38601,Epoch time = 5.939s
03/01/2026 02:53:22 - INFO - utils.trainer -   ***** Running evaluation on test1 dataset *****
03/01/2026 02:53:25 - INFO - utils.trainer -   AUC: 0.06350
03/01/2026 02:53:25 - INFO - utils.trainer -   Accuracy: 0.18727
03/01/2026 02:53:25 - INFO - utils.trainer -   Precision: 0.05032
03/01/2026 02:53:25 - INFO - utils.trainer -   Recall: 0.04530
03/01/2026 02:53:25 - INFO - utils.trainer -   F_score: 0.04768
03/01/2026 02:53:25 - INFO - utils.trainer -   Specificity: 0.30303
03/01/2026 02:53:25 - INFO - utils.trainer -   Sensitivity: 0.04530
03/01/2026 02:53:25 - INFO - utils.trainer -   Loss: 0.38644
03/01/2026 02:53:25 - INFO - utils.trainer -   Epoch: 78, Train loss: 0.14125, Test loss: 0.38644,Epoch time = 5.895s
03/01/2026 02:53:31 - INFO - utils.trainer -   ***** Running evaluation on test1 dataset *****
03/01/2026 02:53:35 - INFO - utils.trainer -   AUC: 0.06290
03/01/2026 02:53:35 - INFO - utils.trainer -   Accuracy: 0.17997
03/01/2026 02:53:35 - INFO - utils.trainer -   Precision: 0.05170
03/01/2026 02:53:35 - INFO - utils.trainer -   Recall: 0.04762
03/01/2026 02:53:35 - INFO - utils.trainer -   F_score: 0.04958
03/01/2026 02:53:35 - INFO - utils.trainer -   Specificity: 0.28788
03/01/2026 02:53:35 - INFO - utils.trainer -   Sensitivity: 0.04762
03/01/2026 02:53:35 - INFO - utils.trainer -   Loss: 0.38600
03/01/2026 02:53:35 - INFO - utils.trainer -   Epoch: 79, Train loss: 0.14820, Test loss: 0.38600,Epoch time = 5.806s
03/01/2026 02:53:41 - INFO - utils.trainer -   ***** Running evaluation on test1 dataset *****
03/01/2026 02:53:45 - INFO - utils.trainer -   AUC: 0.06237
03/01/2026 02:53:45 - INFO - utils.trainer -   Accuracy: 0.18675
03/01/2026 02:53:45 - INFO - utils.trainer -   Precision: 0.05256
03/01/2026 02:53:45 - INFO - utils.trainer -   Recall: 0.04762
03/01/2026 02:53:45 - INFO - utils.trainer -   F_score: 0.04997
03/01/2026 02:53:45 - INFO - utils.trainer -   Specificity: 0.30019
03/01/2026 02:53:45 - INFO - utils.trainer -   Sensitivity: 0.04762
03/01/2026 02:53:45 - INFO - utils.trainer -   Loss: 0.38600
03/01/2026 02:53:45 - INFO - utils.trainer -   Epoch: 80, Train loss: 0.14141, Test loss: 0.38600,Epoch time = 5.967s
03/01/2026 02:53:51 - INFO - utils.trainer -   ***** Running evaluation on test1 dataset *****
03/01/2026 02:53:54 - INFO - utils.trainer -   AUC: 0.06227
03/01/2026 02:53:54 - INFO - utils.trainer -   Accuracy: 0.17371
03/01/2026 02:53:54 - INFO - utils.trainer -   Precision: 0.05204
03/01/2026 02:53:54 - INFO - utils.trainer -   Recall: 0.04878
03/01/2026 02:53:54 - INFO - utils.trainer -   F_score: 0.05036
03/01/2026 02:53:54 - INFO - utils.trainer -   Specificity: 0.27557
03/01/2026 02:53:54 - INFO - utils.trainer -   Sensitivity: 0.04878
03/01/2026 02:53:54 - INFO - utils.trainer -   Loss: 0.38600
03/01/2026 02:53:54 - INFO - utils.trainer -   Epoch: 81, Train loss: 0.14403, Test loss: 0.38600,Epoch time = 5.753s
03/01/2026 02:54:00 - INFO - utils.trainer -   ***** Running evaluation on test1 dataset *****
03/01/2026 02:54:04 - INFO - utils.trainer -   AUC: 0.06183
03/01/2026 02:54:04 - INFO - utils.trainer -   Accuracy: 0.21701
03/01/2026 02:54:04 - INFO - utils.trainer -   Precision: 0.03488
03/01/2026 02:54:04 - INFO - utils.trainer -   Recall: 0.02787
03/01/2026 02:54:04 - INFO - utils.trainer -   F_score: 0.03099
03/01/2026 02:54:04 - INFO - utils.trainer -   Specificity: 0.37121
03/01/2026 02:54:04 - INFO - utils.trainer -   Sensitivity: 0.02787
03/01/2026 02:54:04 - INFO - utils.trainer -   Loss: 0.38684
03/01/2026 02:54:04 - INFO - utils.trainer -   Epoch: 82, Train loss: 0.14179, Test loss: 0.38684,Epoch time = 5.900s
03/01/2026 02:54:10 - INFO - utils.trainer -   ***** Running evaluation on test1 dataset *****
03/01/2026 02:54:14 - INFO - utils.trainer -   AUC: 0.06951
03/01/2026 02:54:14 - INFO - utils.trainer -   Accuracy: 0.17475
03/01/2026 02:54:14 - INFO - utils.trainer -   Precision: 0.05875
03/01/2026 02:54:14 - INFO - utils.trainer -   Recall: 0.05575
03/01/2026 02:54:14 - INFO - utils.trainer -   F_score: 0.05721
03/01/2026 02:54:14 - INFO - utils.trainer -   Specificity: 0.27178
03/01/2026 02:54:14 - INFO - utils.trainer -   Sensitivity: 0.05575
03/01/2026 02:54:14 - INFO - utils.trainer -   Loss: 0.38491
03/01/2026 02:54:14 - INFO - utils.trainer -   Epoch: 83, Train loss: 0.16238, Test loss: 0.38491,Epoch time = 5.691s
03/01/2026 02:54:19 - INFO - utils.trainer -   ***** Running evaluation on test1 dataset *****
03/01/2026 02:54:23 - INFO - utils.trainer -   AUC: 0.07106
03/01/2026 02:54:23 - INFO - utils.trainer -   Accuracy: 0.18832
03/01/2026 02:54:23 - INFO - utils.trainer -   Precision: 0.05161
03/01/2026 02:54:23 - INFO - utils.trainer -   Recall: 0.04646
03/01/2026 02:54:23 - INFO - utils.trainer -   F_score: 0.04890
03/01/2026 02:54:23 - INFO - utils.trainer -   Specificity: 0.30398
03/01/2026 02:54:23 - INFO - utils.trainer -   Sensitivity: 0.04646
03/01/2026 02:54:23 - INFO - utils.trainer -   Loss: 0.38487
03/01/2026 02:54:23 - INFO - utils.trainer -   Epoch: 84, Train loss: 0.16466, Test loss: 0.38487,Epoch time = 5.854s
03/01/2026 02:54:29 - INFO - utils.trainer -   ***** Running evaluation on test1 dataset *****
03/01/2026 02:54:33 - INFO - utils.trainer -   AUC: 0.06684
03/01/2026 02:54:33 - INFO - utils.trainer -   Accuracy: 0.20553
03/01/2026 02:54:33 - INFO - utils.trainer -   Precision: 0.04282
03/01/2026 02:54:33 - INFO - utils.trainer -   Recall: 0.03600
03/01/2026 02:54:33 - INFO - utils.trainer -   F_score: 0.03912
03/01/2026 02:54:33 - INFO - utils.trainer -   Specificity: 0.34375
03/01/2026 02:54:33 - INFO - utils.trainer -   Sensitivity: 0.03600
03/01/2026 02:54:33 - INFO - utils.trainer -   Loss: 0.38565
03/01/2026 02:54:33 - INFO - utils.trainer -   Epoch: 85, Train loss: 0.15854, Test loss: 0.38565,Epoch time = 5.845s
03/01/2026 02:54:39 - INFO - utils.trainer -   ***** Running evaluation on test1 dataset *****
03/01/2026 02:54:43 - INFO - utils.trainer -   AUC: 0.06696
03/01/2026 02:54:43 - INFO - utils.trainer -   Accuracy: 0.18153
03/01/2026 02:54:43 - INFO - utils.trainer -   Precision: 0.04731
03/01/2026 02:54:43 - INFO - utils.trainer -   Recall: 0.04297
03/01/2026 02:54:43 - INFO - utils.trainer -   F_score: 0.04504
03/01/2026 02:54:43 - INFO - utils.trainer -   Specificity: 0.29451
03/01/2026 02:54:43 - INFO - utils.trainer -   Sensitivity: 0.04297
03/01/2026 02:54:43 - INFO - utils.trainer -   Loss: 0.38577
03/01/2026 02:54:43 - INFO - utils.trainer -   Epoch: 86, Train loss: 0.14446, Test loss: 0.38577,Epoch time = 5.973s
03/01/2026 02:54:49 - INFO - utils.trainer -   ***** Running evaluation on test1 dataset *****
03/01/2026 02:54:52 - INFO - utils.trainer -   AUC: 0.06647
03/01/2026 02:54:52 - INFO - utils.trainer -   Accuracy: 0.18049
03/01/2026 02:54:52 - INFO - utils.trainer -   Precision: 0.04949
03/01/2026 02:54:52 - INFO - utils.trainer -   Recall: 0.04530
03/01/2026 02:54:52 - INFO - utils.trainer -   F_score: 0.04730
03/01/2026 02:54:52 - INFO - utils.trainer -   Specificity: 0.29072
03/01/2026 02:54:52 - INFO - utils.trainer -   Sensitivity: 0.04530
03/01/2026 02:54:52 - INFO - utils.trainer -   Loss: 0.38555
03/01/2026 02:54:52 - INFO - utils.trainer -   Epoch: 87, Train loss: 0.14454, Test loss: 0.38555,Epoch time = 5.813s
03/01/2026 02:54:58 - INFO - utils.trainer -   ***** Running evaluation on test1 dataset *****
03/01/2026 02:55:02 - INFO - utils.trainer -   AUC: 0.06506
03/01/2026 02:55:02 - INFO - utils.trainer -   Accuracy: 0.17580
03/01/2026 02:55:02 - INFO - utils.trainer -   Precision: 0.05119
03/01/2026 02:55:02 - INFO - utils.trainer -   Recall: 0.04762
03/01/2026 02:55:02 - INFO - utils.trainer -   F_score: 0.04934
03/01/2026 02:55:02 - INFO - utils.trainer -   Specificity: 0.28030
03/01/2026 02:55:02 - INFO - utils.trainer -   Sensitivity: 0.04762
03/01/2026 02:55:02 - INFO - utils.trainer -   Loss: 0.38505
03/01/2026 02:55:02 - INFO - utils.trainer -   Epoch: 88, Train loss: 0.14349, Test loss: 0.38505,Epoch time = 6.104s
03/01/2026 02:55:08 - INFO - utils.trainer -   ***** Running evaluation on test1 dataset *****
03/01/2026 02:55:12 - INFO - utils.trainer -   AUC: 0.06481
03/01/2026 02:55:12 - INFO - utils.trainer -   Accuracy: 0.18414
03/01/2026 02:55:12 - INFO - utils.trainer -   Precision: 0.05109
03/01/2026 02:55:12 - INFO - utils.trainer -   Recall: 0.04646
03/01/2026 02:55:12 - INFO - utils.trainer -   F_score: 0.04866
03/01/2026 02:55:12 - INFO - utils.trainer -   Specificity: 0.29640
03/01/2026 02:55:12 - INFO - utils.trainer -   Sensitivity: 0.04646
03/01/2026 02:55:12 - INFO - utils.trainer -   Loss: 0.38568
03/01/2026 02:55:12 - INFO - utils.trainer -   Epoch: 89, Train loss: 0.14409, Test loss: 0.38568,Epoch time = 5.951s
03/01/2026 02:55:18 - INFO - utils.trainer -   ***** Running evaluation on test1 dataset *****
03/01/2026 02:55:22 - INFO - utils.trainer -   AUC: 0.06388
03/01/2026 02:55:22 - INFO - utils.trainer -   Accuracy: 0.18310
03/01/2026 02:55:22 - INFO - utils.trainer -   Precision: 0.05096
03/01/2026 02:55:22 - INFO - utils.trainer -   Recall: 0.04646
03/01/2026 02:55:22 - INFO - utils.trainer -   F_score: 0.04860
03/01/2026 02:55:22 - INFO - utils.trainer -   Specificity: 0.29451
03/01/2026 02:55:22 - INFO - utils.trainer -   Sensitivity: 0.04646
03/01/2026 02:55:22 - INFO - utils.trainer -   Loss: 0.38543
03/01/2026 02:55:22 - INFO - utils.trainer -   Epoch: 90, Train loss: 0.14379, Test loss: 0.38543,Epoch time = 5.949s
03/01/2026 02:55:28 - INFO - utils.trainer -   ***** Running evaluation on test1 dataset *****
03/01/2026 02:55:32 - INFO - utils.trainer -   AUC: 0.06394
03/01/2026 02:55:32 - INFO - utils.trainer -   Accuracy: 0.18310
03/01/2026 02:55:32 - INFO - utils.trainer -   Precision: 0.04981
03/01/2026 02:55:32 - INFO - utils.trainer -   Recall: 0.04530
03/01/2026 02:55:32 - INFO - utils.trainer -   F_score: 0.04745
03/01/2026 02:55:32 - INFO - utils.trainer -   Specificity: 0.29545
03/01/2026 02:55:32 - INFO - utils.trainer -   Sensitivity: 0.04530
03/01/2026 02:55:32 - INFO - utils.trainer -   Loss: 0.38587
03/01/2026 02:55:32 - INFO - utils.trainer -   Epoch: 91, Train loss: 0.14384, Test loss: 0.38587,Epoch time = 5.831s
03/01/2026 02:55:38 - INFO - utils.trainer -   ***** Running evaluation on test1 dataset *****
03/01/2026 02:55:41 - INFO - utils.trainer -   AUC: 0.06426
03/01/2026 02:55:41 - INFO - utils.trainer -   Accuracy: 0.18675
03/01/2026 02:55:41 - INFO - utils.trainer -   Precision: 0.05256
03/01/2026 02:55:41 - INFO - utils.trainer -   Recall: 0.04762
03/01/2026 02:55:41 - INFO - utils.trainer -   F_score: 0.04997
03/01/2026 02:55:41 - INFO - utils.trainer -   Specificity: 0.30019
03/01/2026 02:55:41 - INFO - utils.trainer -   Sensitivity: 0.04762
03/01/2026 02:55:41 - INFO - utils.trainer -   Loss: 0.38516
03/01/2026 02:55:41 - INFO - utils.trainer -   Epoch: 92, Train loss: 0.14533, Test loss: 0.38516,Epoch time = 5.832s
03/01/2026 02:55:47 - INFO - utils.trainer -   ***** Running evaluation on test1 dataset *****
03/01/2026 02:55:51 - INFO - utils.trainer -   AUC: 0.06288
03/01/2026 02:55:51 - INFO - utils.trainer -   Accuracy: 0.17319
03/01/2026 02:55:51 - INFO - utils.trainer -   Precision: 0.05637
03/01/2026 02:55:51 - INFO - utils.trainer -   Recall: 0.05343
03/01/2026 02:55:51 - INFO - utils.trainer -   F_score: 0.05486
03/01/2026 02:55:51 - INFO - utils.trainer -   Specificity: 0.27083
03/01/2026 02:55:51 - INFO - utils.trainer -   Sensitivity: 0.05343
03/01/2026 02:55:51 - INFO - utils.trainer -   Loss: 0.38502
03/01/2026 02:55:51 - INFO - utils.trainer -   Epoch: 93, Train loss: 0.14361, Test loss: 0.38502,Epoch time = 5.840s
03/01/2026 02:55:57 - INFO - utils.trainer -   ***** Running evaluation on test1 dataset *****
03/01/2026 02:56:01 - INFO - utils.trainer -   AUC: 0.06357
03/01/2026 02:56:01 - INFO - utils.trainer -   Accuracy: 0.18206
03/01/2026 02:56:01 - INFO - utils.trainer -   Precision: 0.05083
03/01/2026 02:56:01 - INFO - utils.trainer -   Recall: 0.04646
03/01/2026 02:56:01 - INFO - utils.trainer -   F_score: 0.04854
03/01/2026 02:56:01 - INFO - utils.trainer -   Specificity: 0.29261
03/01/2026 02:56:01 - INFO - utils.trainer -   Sensitivity: 0.04646
03/01/2026 02:56:01 - INFO - utils.trainer -   Loss: 0.38632
03/01/2026 02:56:01 - INFO - utils.trainer -   Epoch: 94, Train loss: 0.14348, Test loss: 0.38632,Epoch time = 6.012s
03/01/2026 02:56:07 - INFO - utils.trainer -   ***** Running evaluation on test1 dataset *****
03/01/2026 02:56:11 - INFO - utils.trainer -   AUC: 0.06529
03/01/2026 02:56:11 - INFO - utils.trainer -   Accuracy: 0.17945
03/01/2026 02:56:11 - INFO - utils.trainer -   Precision: 0.05500
03/01/2026 02:56:11 - INFO - utils.trainer -   Recall: 0.05110
03/01/2026 02:56:11 - INFO - utils.trainer -   F_score: 0.05298
03/01/2026 02:56:11 - INFO - utils.trainer -   Specificity: 0.28409
03/01/2026 02:56:11 - INFO - utils.trainer -   Sensitivity: 0.05110
03/01/2026 02:56:11 - INFO - utils.trainer -   Loss: 0.38552
03/01/2026 02:56:11 - INFO - utils.trainer -   Epoch: 95, Train loss: 0.15050, Test loss: 0.38552,Epoch time = 5.842s
03/01/2026 02:56:16 - INFO - utils.trainer -   ***** Running evaluation on test1 dataset *****
03/01/2026 02:56:20 - INFO - utils.trainer -   AUC: 0.06445
03/01/2026 02:56:20 - INFO - utils.trainer -   Accuracy: 0.17214
03/01/2026 02:56:20 - INFO - utils.trainer -   Precision: 0.05839
03/01/2026 02:56:20 - INFO - utils.trainer -   Recall: 0.05575
03/01/2026 02:56:20 - INFO - utils.trainer -   F_score: 0.05704
03/01/2026 02:56:20 - INFO - utils.trainer -   Specificity: 0.26705
03/01/2026 02:56:20 - INFO - utils.trainer -   Sensitivity: 0.05575
03/01/2026 02:56:20 - INFO - utils.trainer -   Loss: 0.38510
03/01/2026 02:56:20 - INFO - utils.trainer -   Epoch: 96, Train loss: 0.14125, Test loss: 0.38510,Epoch time = 5.817s
03/01/2026 02:56:26 - INFO - utils.trainer -   ***** Running evaluation on test1 dataset *****
03/01/2026 02:56:30 - INFO - utils.trainer -   AUC: 0.06264
03/01/2026 02:56:30 - INFO - utils.trainer -   Accuracy: 0.18571
03/01/2026 02:56:30 - INFO - utils.trainer -   Precision: 0.04780
03/01/2026 02:56:30 - INFO - utils.trainer -   Recall: 0.04297
03/01/2026 02:56:30 - INFO - utils.trainer -   F_score: 0.04526
03/01/2026 02:56:30 - INFO - utils.trainer -   Specificity: 0.30208
03/01/2026 02:56:30 - INFO - utils.trainer -   Sensitivity: 0.04297
03/01/2026 02:56:30 - INFO - utils.trainer -   Loss: 0.38595
03/01/2026 02:56:30 - INFO - utils.trainer -   Epoch: 97, Train loss: 0.14137, Test loss: 0.38595,Epoch time = 5.778s
03/01/2026 02:56:36 - INFO - utils.trainer -   ***** Running evaluation on test1 dataset *****
03/01/2026 02:56:40 - INFO - utils.trainer -   AUC: 0.06111
03/01/2026 02:56:40 - INFO - utils.trainer -   Accuracy: 0.18571
03/01/2026 02:56:40 - INFO - utils.trainer -   Precision: 0.05013
03/01/2026 02:56:40 - INFO - utils.trainer -   Recall: 0.04530
03/01/2026 02:56:40 - INFO - utils.trainer -   F_score: 0.04759
03/01/2026 02:56:40 - INFO - utils.trainer -   Specificity: 0.30019
03/01/2026 02:56:40 - INFO - utils.trainer -   Sensitivity: 0.04530
03/01/2026 02:56:40 - INFO - utils.trainer -   Loss: 0.38535
03/01/2026 02:56:40 - INFO - utils.trainer -   Epoch: 98, Train loss: 0.14111, Test loss: 0.38535,Epoch time = 5.968s
03/01/2026 02:56:46 - INFO - utils.trainer -   ***** Running evaluation on test1 dataset *****
03/01/2026 02:56:50 - INFO - utils.trainer -   AUC: 0.06242
03/01/2026 02:56:50 - INFO - utils.trainer -   Accuracy: 0.18675
03/01/2026 02:56:50 - INFO - utils.trainer -   Precision: 0.05256
03/01/2026 02:56:50 - INFO - utils.trainer -   Recall: 0.04762
03/01/2026 02:56:50 - INFO - utils.trainer -   F_score: 0.04997
03/01/2026 02:56:50 - INFO - utils.trainer -   Specificity: 0.30019
03/01/2026 02:56:50 - INFO - utils.trainer -   Sensitivity: 0.04762
03/01/2026 02:56:50 - INFO - utils.trainer -   Loss: 0.38654
03/01/2026 02:56:50 - INFO - utils.trainer -   Epoch: 99, Train loss: 0.14156, Test loss: 0.38654,Epoch time = 5.779s
03/01/2026 02:56:56 - INFO - utils.trainer -   ***** Running evaluation on test1 dataset *****
03/01/2026 02:56:59 - INFO - utils.trainer -   AUC: 0.06212
03/01/2026 02:56:59 - INFO - utils.trainer -   Accuracy: 0.18414
03/01/2026 02:56:59 - INFO - utils.trainer -   Precision: 0.05109
03/01/2026 02:56:59 - INFO - utils.trainer -   Recall: 0.04646
03/01/2026 02:56:59 - INFO - utils.trainer -   F_score: 0.04866
03/01/2026 02:56:59 - INFO - utils.trainer -   Specificity: 0.29640
03/01/2026 02:56:59 - INFO - utils.trainer -   Sensitivity: 0.04646
03/01/2026 02:56:59 - INFO - utils.trainer -   Loss: 0.38624
03/01/2026 02:56:59 - INFO - utils.trainer -   Epoch: 100, Train loss: 0.14162, Test loss: 0.38624,Epoch time = 6.003s
03/01/2026 02:57:05 - INFO - utils.trainer -   ***** Running evaluation on test1 dataset *****
03/01/2026 02:57:09 - INFO - utils.trainer -   AUC: 0.93609
03/01/2026 02:57:09 - INFO - utils.trainer -   Accuracy: 0.87376
03/01/2026 02:57:09 - INFO - utils.trainer -   Precision: 0.83825
03/01/2026 02:57:09 - INFO - utils.trainer -   Recall: 0.89082
03/01/2026 02:57:09 - INFO - utils.trainer -   F_score: 0.86374
03/01/2026 02:57:09 - INFO - utils.trainer -   Specificity: 0.85985
03/01/2026 02:57:09 - INFO - utils.trainer -   Sensitivity: 0.89082
03/01/2026 02:57:09 - INFO - utils.trainer -   Loss: 0.16190
03/01/2026 02:57:09 - INFO - utils.trainer -   Epoch: 101, Train loss: 0.07281, Test loss: 0.16190,Epoch time = 5.996s
03/01/2026 02:57:15 - INFO - utils.trainer -   ***** Running evaluation on test1 dataset *****
03/01/2026 02:57:19 - INFO - utils.trainer -   AUC: 0.93647
03/01/2026 02:57:19 - INFO - utils.trainer -   Accuracy: 0.87115
03/01/2026 02:57:19 - INFO - utils.trainer -   Precision: 0.83082
03/01/2026 02:57:19 - INFO - utils.trainer -   Recall: 0.89547
03/01/2026 02:57:19 - INFO - utils.trainer -   F_score: 0.86193
03/01/2026 02:57:19 - INFO - utils.trainer -   Specificity: 0.85133
03/01/2026 02:57:19 - INFO - utils.trainer -   Sensitivity: 0.89547
03/01/2026 02:57:19 - INFO - utils.trainer -   Loss: 0.16136
03/01/2026 02:57:19 - INFO - utils.trainer -   Epoch: 102, Train loss: 0.00780, Test loss: 0.16136,Epoch time = 5.733s
03/01/2026 02:57:25 - INFO - utils.trainer -   ***** Running evaluation on test1 dataset *****
03/01/2026 02:57:29 - INFO - utils.trainer -   AUC: 0.92656
03/01/2026 02:57:29 - INFO - utils.trainer -   Accuracy: 0.86176
03/01/2026 02:57:29 - INFO - utils.trainer -   Precision: 0.86430
03/01/2026 02:57:29 - INFO - utils.trainer -   Recall: 0.82114
03/01/2026 02:57:29 - INFO - utils.trainer -   F_score: 0.84217
03/01/2026 02:57:29 - INFO - utils.trainer -   Specificity: 0.89489
03/01/2026 02:57:29 - INFO - utils.trainer -   Sensitivity: 0.82114
03/01/2026 02:57:29 - INFO - utils.trainer -   Loss: 0.17056
03/01/2026 02:57:29 - INFO - utils.trainer -   Epoch: 103, Train loss: 0.00901, Test loss: 0.17056,Epoch time = 5.968s
03/01/2026 02:57:36 - INFO - utils.trainer -   ***** Running evaluation on test1 dataset *****
03/01/2026 02:57:40 - INFO - utils.trainer -   AUC: 0.93141
03/01/2026 02:57:40 - INFO - utils.trainer -   Accuracy: 0.87950
03/01/2026 02:57:40 - INFO - utils.trainer -   Precision: 0.87411
03/01/2026 02:57:40 - INFO - utils.trainer -   Recall: 0.85482
03/01/2026 02:57:40 - INFO - utils.trainer -   F_score: 0.86436
03/01/2026 02:57:40 - INFO - utils.trainer -   Specificity: 0.89962
03/01/2026 02:57:40 - INFO - utils.trainer -   Sensitivity: 0.85482
03/01/2026 02:57:40 - INFO - utils.trainer -   Loss: 0.15666
03/01/2026 02:57:40 - INFO - utils.trainer -   Epoch: 104, Train loss: 0.00813, Test loss: 0.15666,Epoch time = 6.324s
03/01/2026 02:57:45 - INFO - utils.trainer -   ***** Running evaluation on test1 dataset *****
03/01/2026 02:57:49 - INFO - utils.trainer -   AUC: 0.93298
03/01/2026 02:57:49 - INFO - utils.trainer -   Accuracy: 0.87063
03/01/2026 02:57:49 - INFO - utils.trainer -   Precision: 0.86101
03/01/2026 02:57:49 - INFO - utils.trainer -   Recall: 0.84901
03/01/2026 02:57:49 - INFO - utils.trainer -   F_score: 0.85497
03/01/2026 02:57:49 - INFO - utils.trainer -   Specificity: 0.88826
03/01/2026 02:57:49 - INFO - utils.trainer -   Sensitivity: 0.84901
03/01/2026 02:57:49 - INFO - utils.trainer -   Loss: 0.15958
03/01/2026 02:57:49 - INFO - utils.trainer -   Epoch: 105, Train loss: 0.00992, Test loss: 0.15958,Epoch time = 5.759s
03/01/2026 02:57:55 - INFO - utils.trainer -   ***** Running evaluation on test1 dataset *****
03/01/2026 02:57:59 - INFO - utils.trainer -   AUC: 0.92835
03/01/2026 02:57:59 - INFO - utils.trainer -   Accuracy: 0.86176
03/01/2026 02:57:59 - INFO - utils.trainer -   Precision: 0.81237
03/01/2026 02:57:59 - INFO - utils.trainer -   Recall: 0.90012
03/01/2026 02:57:59 - INFO - utils.trainer -   F_score: 0.85399
03/01/2026 02:57:59 - INFO - utils.trainer -   Specificity: 0.83049
03/01/2026 02:57:59 - INFO - utils.trainer -   Sensitivity: 0.90012
03/01/2026 02:57:59 - INFO - utils.trainer -   Loss: 0.17968
03/01/2026 02:57:59 - INFO - utils.trainer -   Epoch: 106, Train loss: 0.00723, Test loss: 0.17968,Epoch time = 5.739s
03/01/2026 02:58:05 - INFO - utils.trainer -   ***** Running evaluation on test1 dataset *****
03/01/2026 02:58:09 - INFO - utils.trainer -   AUC: 0.93027
03/01/2026 02:58:09 - INFO - utils.trainer -   Accuracy: 0.86698
03/01/2026 02:58:09 - INFO - utils.trainer -   Precision: 0.83444
03/01/2026 02:58:09 - INFO - utils.trainer -   Recall: 0.87805
03/01/2026 02:58:09 - INFO - utils.trainer -   F_score: 0.85569
03/01/2026 02:58:09 - INFO - utils.trainer -   Specificity: 0.85795
03/01/2026 02:58:09 - INFO - utils.trainer -   Sensitivity: 0.87805
03/01/2026 02:58:09 - INFO - utils.trainer -   Loss: 0.17144
03/01/2026 02:58:09 - INFO - utils.trainer -   Epoch: 107, Train loss: 0.01298, Test loss: 0.17144,Epoch time = 5.884s
03/01/2026 02:58:14 - INFO - utils.trainer -   ***** Running evaluation on test1 dataset *****
03/01/2026 02:58:18 - INFO - utils.trainer -   AUC: 0.93474
03/01/2026 02:58:18 - INFO - utils.trainer -   Accuracy: 0.87220
03/01/2026 02:58:18 - INFO - utils.trainer -   Precision: 0.84071
03/01/2026 02:58:18 - INFO - utils.trainer -   Recall: 0.88269
03/01/2026 02:58:18 - INFO - utils.trainer -   F_score: 0.86119
03/01/2026 02:58:18 - INFO - utils.trainer -   Specificity: 0.86364
03/01/2026 02:58:18 - INFO - utils.trainer -   Sensitivity: 0.88269
03/01/2026 02:58:18 - INFO - utils.trainer -   Loss: 0.16574
03/01/2026 02:58:18 - INFO - utils.trainer -   Epoch: 108, Train loss: 0.00825, Test loss: 0.16574,Epoch time = 5.878s
03/01/2026 02:58:24 - INFO - utils.trainer -   ***** Running evaluation on test1 dataset *****
03/01/2026 02:58:28 - INFO - utils.trainer -   AUC: 0.93457
03/01/2026 02:58:28 - INFO - utils.trainer -   Accuracy: 0.87533
03/01/2026 02:58:28 - INFO - utils.trainer -   Precision: 0.83878
03/01/2026 02:58:28 - INFO - utils.trainer -   Recall: 0.89431
03/01/2026 02:58:28 - INFO - utils.trainer -   F_score: 0.86565
03/01/2026 02:58:28 - INFO - utils.trainer -   Specificity: 0.85985
03/01/2026 02:58:28 - INFO - utils.trainer -   Sensitivity: 0.89431
03/01/2026 02:58:28 - INFO - utils.trainer -   Loss: 0.16460
03/01/2026 02:58:28 - INFO - utils.trainer -   Epoch: 109, Train loss: 0.00545, Test loss: 0.16460,Epoch time = 5.842s
03/01/2026 02:58:34 - INFO - utils.trainer -   ***** Running evaluation on test1 dataset *****
03/01/2026 02:58:38 - INFO - utils.trainer -   AUC: 0.93417
03/01/2026 02:58:38 - INFO - utils.trainer -   Accuracy: 0.87480
03/01/2026 02:58:38 - INFO - utils.trainer -   Precision: 0.84927
03/01/2026 02:58:38 - INFO - utils.trainer -   Recall: 0.87689
03/01/2026 02:58:38 - INFO - utils.trainer -   F_score: 0.86286
03/01/2026 02:58:38 - INFO - utils.trainer -   Specificity: 0.87311
03/01/2026 02:58:38 - INFO - utils.trainer -   Sensitivity: 0.87689
03/01/2026 02:58:38 - INFO - utils.trainer -   Loss: 0.15730
03/01/2026 02:58:38 - INFO - utils.trainer -   Epoch: 110, Train loss: 0.00519, Test loss: 0.15730,Epoch time = 5.839s
03/01/2026 02:58:44 - INFO - utils.trainer -   ***** Running evaluation on test1 dataset *****
03/01/2026 02:58:48 - INFO - utils.trainer -   AUC: 0.93352
03/01/2026 02:58:48 - INFO - utils.trainer -   Accuracy: 0.87063
03/01/2026 02:58:48 - INFO - utils.trainer -   Precision: 0.85848
03/01/2026 02:58:48 - INFO - utils.trainer -   Recall: 0.85250
03/01/2026 02:58:48 - INFO - utils.trainer -   F_score: 0.85548
03/01/2026 02:58:48 - INFO - utils.trainer -   Specificity: 0.88542
03/01/2026 02:58:48 - INFO - utils.trainer -   Sensitivity: 0.85250
03/01/2026 02:58:48 - INFO - utils.trainer -   Loss: 0.15820
03/01/2026 02:58:48 - INFO - utils.trainer -   Epoch: 111, Train loss: 0.00537, Test loss: 0.15820,Epoch time = 5.855s
03/01/2026 02:58:53 - INFO - utils.trainer -   ***** Running evaluation on test1 dataset *****
03/01/2026 02:58:57 - INFO - utils.trainer -   AUC: 0.93428
03/01/2026 02:58:57 - INFO - utils.trainer -   Accuracy: 0.87585
03/01/2026 02:58:57 - INFO - utils.trainer -   Precision: 0.84961
03/01/2026 02:58:57 - INFO - utils.trainer -   Recall: 0.87921
03/01/2026 02:58:57 - INFO - utils.trainer -   F_score: 0.86416
03/01/2026 02:58:57 - INFO - utils.trainer -   Specificity: 0.87311
03/01/2026 02:58:57 - INFO - utils.trainer -   Sensitivity: 0.87921
03/01/2026 02:58:57 - INFO - utils.trainer -   Loss: 0.16045
03/01/2026 02:58:57 - INFO - utils.trainer -   Epoch: 112, Train loss: 0.00582, Test loss: 0.16045,Epoch time = 5.923s
03/01/2026 02:59:03 - INFO - utils.trainer -   ***** Running evaluation on test1 dataset *****
03/01/2026 02:59:07 - INFO - utils.trainer -   AUC: 0.93661
03/01/2026 02:59:07 - INFO - utils.trainer -   Accuracy: 0.87689
03/01/2026 02:59:07 - INFO - utils.trainer -   Precision: 0.85796
03/01/2026 02:59:07 - INFO - utils.trainer -   Recall: 0.86992
03/01/2026 02:59:07 - INFO - utils.trainer -   F_score: 0.86390
03/01/2026 02:59:07 - INFO - utils.trainer -   Specificity: 0.88258
03/01/2026 02:59:07 - INFO - utils.trainer -   Sensitivity: 0.86992
03/01/2026 02:59:07 - INFO - utils.trainer -   Loss: 0.15394
03/01/2026 02:59:07 - INFO - utils.trainer -   Epoch: 113, Train loss: 0.00518, Test loss: 0.15394,Epoch time = 5.859s
03/01/2026 02:59:13 - INFO - utils.trainer -   ***** Running evaluation on test1 dataset *****
03/01/2026 02:59:17 - INFO - utils.trainer -   AUC: 0.93655
03/01/2026 02:59:17 - INFO - utils.trainer -   Accuracy: 0.87741
03/01/2026 02:59:17 - INFO - utils.trainer -   Precision: 0.85731
03/01/2026 02:59:17 - INFO - utils.trainer -   Recall: 0.87224
03/01/2026 02:59:17 - INFO - utils.trainer -   F_score: 0.86471
03/01/2026 02:59:17 - INFO - utils.trainer -   Specificity: 0.88163
03/01/2026 02:59:17 - INFO - utils.trainer -   Sensitivity: 0.87224
03/01/2026 02:59:17 - INFO - utils.trainer -   Loss: 0.15345
03/01/2026 02:59:17 - INFO - utils.trainer -   Epoch: 114, Train loss: 0.00488, Test loss: 0.15345,Epoch time = 5.883s
03/01/2026 02:59:23 - INFO - utils.trainer -   ***** Running evaluation on test1 dataset *****
03/01/2026 02:59:27 - INFO - utils.trainer -   AUC: 0.93756
03/01/2026 02:59:27 - INFO - utils.trainer -   Accuracy: 0.87533
03/01/2026 02:59:27 - INFO - utils.trainer -   Precision: 0.85584
03/01/2026 02:59:27 - INFO - utils.trainer -   Recall: 0.86876
03/01/2026 02:59:27 - INFO - utils.trainer -   F_score: 0.86225
03/01/2026 02:59:27 - INFO - utils.trainer -   Specificity: 0.88068
03/01/2026 02:59:27 - INFO - utils.trainer -   Sensitivity: 0.86876
03/01/2026 02:59:27 - INFO - utils.trainer -   Loss: 0.15198
03/01/2026 02:59:27 - INFO - utils.trainer -   Epoch: 115, Train loss: 0.00457, Test loss: 0.15198,Epoch time = 5.940s
03/01/2026 02:59:33 - INFO - utils.trainer -   ***** Running evaluation on test1 dataset *****
03/01/2026 02:59:37 - INFO - utils.trainer -   AUC: 0.93707
03/01/2026 02:59:37 - INFO - utils.trainer -   Accuracy: 0.87272
03/01/2026 02:59:37 - INFO - utils.trainer -   Precision: 0.84546
03/01/2026 02:59:37 - INFO - utils.trainer -   Recall: 0.87689
03/01/2026 02:59:37 - INFO - utils.trainer -   F_score: 0.86089
03/01/2026 02:59:37 - INFO - utils.trainer -   Specificity: 0.86932
03/01/2026 02:59:37 - INFO - utils.trainer -   Sensitivity: 0.87689
03/01/2026 02:59:37 - INFO - utils.trainer -   Loss: 0.15449
03/01/2026 02:59:37 - INFO - utils.trainer -   Epoch: 116, Train loss: 0.00460, Test loss: 0.15449,Epoch time = 5.845s
03/01/2026 02:59:43 - INFO - utils.trainer -   ***** Running evaluation on test1 dataset *****
03/01/2026 02:59:47 - INFO - utils.trainer -   AUC: 0.93844
03/01/2026 02:59:47 - INFO - utils.trainer -   Accuracy: 0.87167
03/01/2026 02:59:47 - INFO - utils.trainer -   Precision: 0.83243
03/01/2026 02:59:47 - INFO - utils.trainer -   Recall: 0.89431
03/01/2026 02:59:47 - INFO - utils.trainer -   F_score: 0.86226
03/01/2026 02:59:47 - INFO - utils.trainer -   Specificity: 0.85322
03/01/2026 02:59:47 - INFO - utils.trainer -   Sensitivity: 0.89431
03/01/2026 02:59:47 - INFO - utils.trainer -   Loss: 0.15882
03/01/2026 02:59:47 - INFO - utils.trainer -   Epoch: 117, Train loss: 0.00449, Test loss: 0.15882,Epoch time = 5.944s
03/01/2026 02:59:53 - INFO - utils.trainer -   ***** Running evaluation on test1 dataset *****
03/01/2026 02:59:57 - INFO - utils.trainer -   AUC: 0.93804
03/01/2026 02:59:57 - INFO - utils.trainer -   Accuracy: 0.87324
03/01/2026 02:59:57 - INFO - utils.trainer -   Precision: 0.84257
03/01/2026 02:59:57 - INFO - utils.trainer -   Recall: 0.88269
03/01/2026 02:59:57 - INFO - utils.trainer -   F_score: 0.86217
03/01/2026 02:59:57 - INFO - utils.trainer -   Specificity: 0.86553
03/01/2026 02:59:57 - INFO - utils.trainer -   Sensitivity: 0.88269
03/01/2026 02:59:57 - INFO - utils.trainer -   Loss: 0.15530
03/01/2026 02:59:57 - INFO - utils.trainer -   Epoch: 118, Train loss: 0.00430, Test loss: 0.15530,Epoch time = 5.954s
03/01/2026 03:00:02 - INFO - utils.trainer -   ***** Running evaluation on test1 dataset *****
03/01/2026 03:00:06 - INFO - utils.trainer -   AUC: 0.93852
03/01/2026 03:00:06 - INFO - utils.trainer -   Accuracy: 0.87741
03/01/2026 03:00:06 - INFO - utils.trainer -   Precision: 0.86565
03/01/2026 03:00:06 - INFO - utils.trainer -   Recall: 0.86063
03/01/2026 03:00:06 - INFO - utils.trainer -   F_score: 0.86313
03/01/2026 03:00:06 - INFO - utils.trainer -   Specificity: 0.89110
03/01/2026 03:00:06 - INFO - utils.trainer -   Sensitivity: 0.86063
03/01/2026 03:00:06 - INFO - utils.trainer -   Loss: 0.15063
03/01/2026 03:00:06 - INFO - utils.trainer -   Epoch: 119, Train loss: 0.00426, Test loss: 0.15063,Epoch time = 5.926s
03/01/2026 03:00:12 - INFO - utils.trainer -   ***** Running evaluation on test1 dataset *****
03/01/2026 03:00:16 - INFO - utils.trainer -   AUC: 0.93816
03/01/2026 03:00:16 - INFO - utils.trainer -   Accuracy: 0.87898
03/01/2026 03:00:16 - INFO - utils.trainer -   Precision: 0.87307
03/01/2026 03:00:16 - INFO - utils.trainer -   Recall: 0.85482
03/01/2026 03:00:16 - INFO - utils.trainer -   F_score: 0.86385
03/01/2026 03:00:16 - INFO - utils.trainer -   Specificity: 0.89867
03/01/2026 03:00:16 - INFO - utils.trainer -   Sensitivity: 0.85482
03/01/2026 03:00:16 - INFO - utils.trainer -   Loss: 0.14884
03/01/2026 03:00:16 - INFO - utils.trainer -   Epoch: 120, Train loss: 0.00430, Test loss: 0.14884,Epoch time = 5.870s
03/01/2026 03:00:22 - INFO - utils.trainer -   ***** Running evaluation on test1 dataset *****
03/01/2026 03:00:26 - INFO - utils.trainer -   AUC: 0.93892
03/01/2026 03:00:26 - INFO - utils.trainer -   Accuracy: 0.87533
03/01/2026 03:00:26 - INFO - utils.trainer -   Precision: 0.85102
03/01/2026 03:00:26 - INFO - utils.trainer -   Recall: 0.87573
03/01/2026 03:00:26 - INFO - utils.trainer -   F_score: 0.86319
03/01/2026 03:00:26 - INFO - utils.trainer -   Specificity: 0.87500
03/01/2026 03:00:26 - INFO - utils.trainer -   Sensitivity: 0.87573
03/01/2026 03:00:26 - INFO - utils.trainer -   Loss: 0.15126
03/01/2026 03:00:26 - INFO - utils.trainer -   Epoch: 121, Train loss: 0.00419, Test loss: 0.15126,Epoch time = 5.759s
03/01/2026 03:00:32 - INFO - utils.trainer -   ***** Running evaluation on test1 dataset *****
03/01/2026 03:00:36 - INFO - utils.trainer -   AUC: 0.94015
03/01/2026 03:00:36 - INFO - utils.trainer -   Accuracy: 0.87689
03/01/2026 03:00:36 - INFO - utils.trainer -   Precision: 0.87158
03/01/2026 03:00:36 - INFO - utils.trainer -   Recall: 0.85134
03/01/2026 03:00:36 - INFO - utils.trainer -   F_score: 0.86134
03/01/2026 03:00:36 - INFO - utils.trainer -   Specificity: 0.89773
03/01/2026 03:00:36 - INFO - utils.trainer -   Sensitivity: 0.85134
03/01/2026 03:00:36 - INFO - utils.trainer -   Loss: 0.14887
03/01/2026 03:00:36 - INFO - utils.trainer -   Epoch: 122, Train loss: 0.00373, Test loss: 0.14887,Epoch time = 5.815s
03/01/2026 03:00:42 - INFO - utils.trainer -   ***** Running evaluation on test1 dataset *****
03/01/2026 03:00:45 - INFO - utils.trainer -   AUC: 0.93940
03/01/2026 03:00:45 - INFO - utils.trainer -   Accuracy: 0.87846
03/01/2026 03:00:45 - INFO - utils.trainer -   Precision: 0.86427
03/01/2026 03:00:45 - INFO - utils.trainer -   Recall: 0.86527
03/01/2026 03:00:45 - INFO - utils.trainer -   F_score: 0.86477
03/01/2026 03:00:45 - INFO - utils.trainer -   Specificity: 0.88920
03/01/2026 03:00:45 - INFO - utils.trainer -   Sensitivity: 0.86527
03/01/2026 03:00:45 - INFO - utils.trainer -   Loss: 0.14939
03/01/2026 03:00:45 - INFO - utils.trainer -   Epoch: 123, Train loss: 0.00365, Test loss: 0.14939,Epoch time = 5.911s
03/01/2026 03:00:51 - INFO - utils.trainer -   ***** Running evaluation on test1 dataset *****
03/01/2026 03:00:56 - INFO - utils.trainer -   AUC: 0.94065
03/01/2026 03:00:56 - INFO - utils.trainer -   Accuracy: 0.87898
03/01/2026 03:00:56 - INFO - utils.trainer -   Precision: 0.86025
03/01/2026 03:00:56 - INFO - utils.trainer -   Recall: 0.87224
03/01/2026 03:00:56 - INFO - utils.trainer -   F_score: 0.86621
03/01/2026 03:00:56 - INFO - utils.trainer -   Specificity: 0.88447
03/01/2026 03:00:56 - INFO - utils.trainer -   Sensitivity: 0.87224
03/01/2026 03:00:56 - INFO - utils.trainer -   Loss: 0.14705
03/01/2026 03:00:56 - INFO - utils.trainer -   Epoch: 124, Train loss: 0.00355, Test loss: 0.14705,Epoch time = 5.915s
03/01/2026 03:01:02 - INFO - utils.trainer -   ***** Running evaluation on test1 dataset *****
03/01/2026 03:01:06 - INFO - utils.trainer -   AUC: 0.93943
03/01/2026 03:01:06 - INFO - utils.trainer -   Accuracy: 0.87950
03/01/2026 03:01:06 - INFO - utils.trainer -   Precision: 0.86374
03/01/2026 03:01:06 - INFO - utils.trainer -   Recall: 0.86876
03/01/2026 03:01:06 - INFO - utils.trainer -   F_score: 0.86624
03/01/2026 03:01:06 - INFO - utils.trainer -   Specificity: 0.88826
03/01/2026 03:01:06 - INFO - utils.trainer -   Sensitivity: 0.86876
03/01/2026 03:01:06 - INFO - utils.trainer -   Loss: 0.14865
03/01/2026 03:01:06 - INFO - utils.trainer -   Epoch: 125, Train loss: 0.00382, Test loss: 0.14865,Epoch time = 6.015s
03/01/2026 03:01:12 - INFO - utils.trainer -   ***** Running evaluation on test1 dataset *****
03/01/2026 03:01:16 - INFO - utils.trainer -   AUC: 0.93438
03/01/2026 03:01:16 - INFO - utils.trainer -   Accuracy: 0.87324
03/01/2026 03:01:16 - INFO - utils.trainer -   Precision: 0.86183
03/01/2026 03:01:16 - INFO - utils.trainer -   Recall: 0.85482
03/01/2026 03:01:16 - INFO - utils.trainer -   F_score: 0.85831
03/01/2026 03:01:16 - INFO - utils.trainer -   Specificity: 0.88826
03/01/2026 03:01:16 - INFO - utils.trainer -   Sensitivity: 0.85482
03/01/2026 03:01:16 - INFO - utils.trainer -   Loss: 0.16241
03/01/2026 03:01:16 - INFO - utils.trainer -   Epoch: 126, Train loss: 0.01047, Test loss: 0.16241,Epoch time = 5.874s
03/01/2026 03:01:21 - INFO - utils.trainer -   ***** Running evaluation on test1 dataset *****
03/01/2026 03:01:25 - INFO - utils.trainer -   AUC: 0.93272
03/01/2026 03:01:25 - INFO - utils.trainer -   Accuracy: 0.86802
03/01/2026 03:01:25 - INFO - utils.trainer -   Precision: 0.86627
03/01/2026 03:01:25 - INFO - utils.trainer -   Recall: 0.83508
03/01/2026 03:01:25 - INFO - utils.trainer -   F_score: 0.85038
03/01/2026 03:01:25 - INFO - utils.trainer -   Specificity: 0.89489
03/01/2026 03:01:25 - INFO - utils.trainer -   Sensitivity: 0.83508
03/01/2026 03:01:25 - INFO - utils.trainer -   Loss: 0.16113
03/01/2026 03:01:25 - INFO - utils.trainer -   Epoch: 127, Train loss: 0.00527, Test loss: 0.16113,Epoch time = 5.873s
03/01/2026 03:01:31 - INFO - utils.trainer -   ***** Running evaluation on test1 dataset *****
03/01/2026 03:01:35 - INFO - utils.trainer -   AUC: 0.92596
03/01/2026 03:01:35 - INFO - utils.trainer -   Accuracy: 0.85863
03/01/2026 03:01:35 - INFO - utils.trainer -   Precision: 0.82346
03/01/2026 03:01:35 - INFO - utils.trainer -   Recall: 0.87224
03/01/2026 03:01:35 - INFO - utils.trainer -   F_score: 0.84715
03/01/2026 03:01:35 - INFO - utils.trainer -   Specificity: 0.84754
03/01/2026 03:01:35 - INFO - utils.trainer -   Sensitivity: 0.87224
03/01/2026 03:01:35 - INFO - utils.trainer -   Loss: 0.17308
03/01/2026 03:01:35 - INFO - utils.trainer -   Epoch: 128, Train loss: 0.00599, Test loss: 0.17308,Epoch time = 5.862s
03/01/2026 03:01:41 - INFO - utils.trainer -   ***** Running evaluation on test1 dataset *****
03/01/2026 03:01:45 - INFO - utils.trainer -   AUC: 0.93513
03/01/2026 03:01:45 - INFO - utils.trainer -   Accuracy: 0.86698
03/01/2026 03:01:45 - INFO - utils.trainer -   Precision: 0.84668
03/01/2026 03:01:45 - INFO - utils.trainer -   Recall: 0.85947
03/01/2026 03:01:45 - INFO - utils.trainer -   F_score: 0.85303
03/01/2026 03:01:45 - INFO - utils.trainer -   Specificity: 0.87311
03/01/2026 03:01:45 - INFO - utils.trainer -   Sensitivity: 0.85947
03/01/2026 03:01:45 - INFO - utils.trainer -   Loss: 0.15899
03/01/2026 03:01:45 - INFO - utils.trainer -   Epoch: 129, Train loss: 0.00464, Test loss: 0.15899,Epoch time = 5.845s
03/01/2026 03:01:51 - INFO - utils.trainer -   ***** Running evaluation on test1 dataset *****
03/01/2026 03:01:55 - INFO - utils.trainer -   AUC: 0.93918
03/01/2026 03:01:55 - INFO - utils.trainer -   Accuracy: 0.87428
03/01/2026 03:01:55 - INFO - utils.trainer -   Precision: 0.86817
03/01/2026 03:01:55 - INFO - utils.trainer -   Recall: 0.84901
03/01/2026 03:01:55 - INFO - utils.trainer -   F_score: 0.85849
03/01/2026 03:01:55 - INFO - utils.trainer -   Specificity: 0.89489
03/01/2026 03:01:55 - INFO - utils.trainer -   Sensitivity: 0.84901
03/01/2026 03:01:55 - INFO - utils.trainer -   Loss: 0.15131
03/01/2026 03:01:55 - INFO - utils.trainer -   Epoch: 130, Train loss: 0.00357, Test loss: 0.15131,Epoch time = 5.848s
03/01/2026 03:02:01 - INFO - utils.trainer -   ***** Running evaluation on test1 dataset *****
03/01/2026 03:02:05 - INFO - utils.trainer -   AUC: 0.93800
03/01/2026 03:02:05 - INFO - utils.trainer -   Accuracy: 0.87376
03/01/2026 03:02:05 - INFO - utils.trainer -   Precision: 0.86199
03/01/2026 03:02:05 - INFO - utils.trainer -   Recall: 0.85598
03/01/2026 03:02:05 - INFO - utils.trainer -   F_score: 0.85897
03/01/2026 03:02:05 - INFO - utils.trainer -   Specificity: 0.88826
03/01/2026 03:02:05 - INFO - utils.trainer -   Sensitivity: 0.85598
03/01/2026 03:02:05 - INFO - utils.trainer -   Loss: 0.15404
03/01/2026 03:02:05 - INFO - utils.trainer -   Epoch: 131, Train loss: 0.00358, Test loss: 0.15404,Epoch time = 5.840s
03/01/2026 03:02:11 - INFO - utils.trainer -   ***** Running evaluation on test1 dataset *****
03/01/2026 03:02:15 - INFO - utils.trainer -   AUC: 0.93635
03/01/2026 03:02:15 - INFO - utils.trainer -   Accuracy: 0.86646
03/01/2026 03:02:15 - INFO - utils.trainer -   Precision: 0.84651
03/01/2026 03:02:15 - INFO - utils.trainer -   Recall: 0.85830
03/01/2026 03:02:15 - INFO - utils.trainer -   F_score: 0.85236
03/01/2026 03:02:15 - INFO - utils.trainer -   Specificity: 0.87311
03/01/2026 03:02:15 - INFO - utils.trainer -   Sensitivity: 0.85830
03/01/2026 03:02:15 - INFO - utils.trainer -   Loss: 0.15611
03/01/2026 03:02:15 - INFO - utils.trainer -   Epoch: 132, Train loss: 0.00306, Test loss: 0.15611,Epoch time = 6.243s
03/01/2026 03:02:21 - INFO - utils.trainer -   ***** Running evaluation on test1 dataset *****
03/01/2026 03:02:25 - INFO - utils.trainer -   AUC: 0.93955
03/01/2026 03:02:25 - INFO - utils.trainer -   Accuracy: 0.87428
03/01/2026 03:02:25 - INFO - utils.trainer -   Precision: 0.85068
03/01/2026 03:02:25 - INFO - utils.trainer -   Recall: 0.87340
03/01/2026 03:02:25 - INFO - utils.trainer -   F_score: 0.86189
03/01/2026 03:02:25 - INFO - utils.trainer -   Specificity: 0.87500
03/01/2026 03:02:25 - INFO - utils.trainer -   Sensitivity: 0.87340
03/01/2026 03:02:25 - INFO - utils.trainer -   Loss: 0.15204
03/01/2026 03:02:25 - INFO - utils.trainer -   Epoch: 133, Train loss: 0.00316, Test loss: 0.15204,Epoch time = 5.949s
03/01/2026 03:02:30 - INFO - utils.trainer -   ***** Running evaluation on test1 dataset *****
03/01/2026 03:02:34 - INFO - utils.trainer -   AUC: 0.94005
03/01/2026 03:02:34 - INFO - utils.trainer -   Accuracy: 0.87533
03/01/2026 03:02:34 - INFO - utils.trainer -   Precision: 0.85341
03/01/2026 03:02:34 - INFO - utils.trainer -   Recall: 0.87224
03/01/2026 03:02:34 - INFO - utils.trainer -   F_score: 0.86272
03/01/2026 03:02:34 - INFO - utils.trainer -   Specificity: 0.87784
03/01/2026 03:02:34 - INFO - utils.trainer -   Sensitivity: 0.87224
03/01/2026 03:02:34 - INFO - utils.trainer -   Loss: 0.14997
03/01/2026 03:02:34 - INFO - utils.trainer -   Epoch: 134, Train loss: 0.00303, Test loss: 0.14997,Epoch time = 5.930s
03/01/2026 03:02:40 - INFO - utils.trainer -   ***** Running evaluation on test1 dataset *****
03/01/2026 03:02:44 - INFO - utils.trainer -   AUC: 0.94017
03/01/2026 03:02:44 - INFO - utils.trainer -   Accuracy: 0.87793
03/01/2026 03:02:44 - INFO - utils.trainer -   Precision: 0.85344
03/01/2026 03:02:44 - INFO - utils.trainer -   Recall: 0.87921
03/01/2026 03:02:44 - INFO - utils.trainer -   F_score: 0.86613
03/01/2026 03:02:44 - INFO - utils.trainer -   Specificity: 0.87689
03/01/2026 03:02:44 - INFO - utils.trainer -   Sensitivity: 0.87921
03/01/2026 03:02:44 - INFO - utils.trainer -   Loss: 0.15009
03/01/2026 03:02:44 - INFO - utils.trainer -   Epoch: 135, Train loss: 0.00301, Test loss: 0.15009,Epoch time = 5.953s
03/01/2026 03:02:50 - INFO - utils.trainer -   ***** Running evaluation on test1 dataset *****
03/01/2026 03:02:54 - INFO - utils.trainer -   AUC: 0.94043
03/01/2026 03:02:54 - INFO - utils.trainer -   Accuracy: 0.87585
03/01/2026 03:02:54 - INFO - utils.trainer -   Precision: 0.87216
03/01/2026 03:02:54 - INFO - utils.trainer -   Recall: 0.84785
03/01/2026 03:02:54 - INFO - utils.trainer -   F_score: 0.85984
03/01/2026 03:02:54 - INFO - utils.trainer -   Specificity: 0.89867
03/01/2026 03:02:54 - INFO - utils.trainer -   Sensitivity: 0.84785
03/01/2026 03:02:54 - INFO - utils.trainer -   Loss: 0.14985
03/01/2026 03:02:54 - INFO - utils.trainer -   Epoch: 136, Train loss: 0.00297, Test loss: 0.14985,Epoch time = 6.273s
03/01/2026 03:03:00 - INFO - utils.trainer -   ***** Running evaluation on test1 dataset *****
03/01/2026 03:03:04 - INFO - utils.trainer -   AUC: 0.93918
03/01/2026 03:03:04 - INFO - utils.trainer -   Accuracy: 0.87533
03/01/2026 03:03:04 - INFO - utils.trainer -   Precision: 0.84710
03/01/2026 03:03:04 - INFO - utils.trainer -   Recall: 0.88153
03/01/2026 03:03:04 - INFO - utils.trainer -   F_score: 0.86397
03/01/2026 03:03:04 - INFO - utils.trainer -   Specificity: 0.87027
03/01/2026 03:03:04 - INFO - utils.trainer -   Sensitivity: 0.88153
03/01/2026 03:03:04 - INFO - utils.trainer -   Loss: 0.15330
03/01/2026 03:03:04 - INFO - utils.trainer -   Epoch: 137, Train loss: 0.00288, Test loss: 0.15330,Epoch time = 5.884s
03/01/2026 03:03:10 - INFO - utils.trainer -   ***** Running evaluation on test1 dataset *****
03/01/2026 03:03:14 - INFO - utils.trainer -   AUC: 0.94045
03/01/2026 03:03:14 - INFO - utils.trainer -   Accuracy: 0.87846
03/01/2026 03:03:14 - INFO - utils.trainer -   Precision: 0.85927
03/01/2026 03:03:14 - INFO - utils.trainer -   Recall: 0.87224
03/01/2026 03:03:14 - INFO - utils.trainer -   F_score: 0.86571
03/01/2026 03:03:14 - INFO - utils.trainer -   Specificity: 0.88352
03/01/2026 03:03:14 - INFO - utils.trainer -   Sensitivity: 0.87224
03/01/2026 03:03:14 - INFO - utils.trainer -   Loss: 0.14901
03/01/2026 03:03:14 - INFO - utils.trainer -   Epoch: 138, Train loss: 0.00297, Test loss: 0.14901,Epoch time = 5.798s
03/01/2026 03:03:20 - INFO - utils.trainer -   ***** Running evaluation on test1 dataset *****
03/01/2026 03:03:23 - INFO - utils.trainer -   AUC: 0.94057
03/01/2026 03:03:23 - INFO - utils.trainer -   Accuracy: 0.87846
03/01/2026 03:03:23 - INFO - utils.trainer -   Precision: 0.86175
03/01/2026 03:03:23 - INFO - utils.trainer -   Recall: 0.86876
03/01/2026 03:03:23 - INFO - utils.trainer -   F_score: 0.86524
03/01/2026 03:03:23 - INFO - utils.trainer -   Specificity: 0.88636
03/01/2026 03:03:23 - INFO - utils.trainer -   Sensitivity: 0.86876
03/01/2026 03:03:23 - INFO - utils.trainer -   Loss: 0.14926
03/01/2026 03:03:23 - INFO - utils.trainer -   Epoch: 139, Train loss: 0.00302, Test loss: 0.14926,Epoch time = 5.828s
03/01/2026 03:03:29 - INFO - utils.trainer -   ***** Running evaluation on test1 dataset *****
03/01/2026 03:03:33 - INFO - utils.trainer -   AUC: 0.94103
03/01/2026 03:03:33 - INFO - utils.trainer -   Accuracy: 0.87689
03/01/2026 03:03:33 - INFO - utils.trainer -   Precision: 0.84916
03/01/2026 03:03:33 - INFO - utils.trainer -   Recall: 0.88269
03/01/2026 03:03:33 - INFO - utils.trainer -   F_score: 0.86560
03/01/2026 03:03:33 - INFO - utils.trainer -   Specificity: 0.87216
03/01/2026 03:03:33 - INFO - utils.trainer -   Sensitivity: 0.88269
03/01/2026 03:03:33 - INFO - utils.trainer -   Loss: 0.14970
03/01/2026 03:03:33 - INFO - utils.trainer -   Epoch: 140, Train loss: 0.00285, Test loss: 0.14970,Epoch time = 5.866s
03/01/2026 03:03:39 - INFO - utils.trainer -   ***** Running evaluation on test1 dataset *****
03/01/2026 03:03:43 - INFO - utils.trainer -   AUC: 0.94158
03/01/2026 03:03:43 - INFO - utils.trainer -   Accuracy: 0.88002
03/01/2026 03:03:43 - INFO - utils.trainer -   Precision: 0.85489
03/01/2026 03:03:43 - INFO - utils.trainer -   Recall: 0.88269
03/01/2026 03:03:43 - INFO - utils.trainer -   F_score: 0.86857
03/01/2026 03:03:43 - INFO - utils.trainer -   Specificity: 0.87784
03/01/2026 03:03:43 - INFO - utils.trainer -   Sensitivity: 0.88269
03/01/2026 03:03:43 - INFO - utils.trainer -   Loss: 0.14878
03/01/2026 03:03:43 - INFO - utils.trainer -   Epoch: 141, Train loss: 0.00298, Test loss: 0.14878,Epoch time = 5.861s
03/01/2026 03:03:49 - INFO - utils.trainer -   ***** Running evaluation on test1 dataset *****
03/01/2026 03:03:53 - INFO - utils.trainer -   AUC: 0.93986
03/01/2026 03:03:53 - INFO - utils.trainer -   Accuracy: 0.87950
03/01/2026 03:03:53 - INFO - utils.trainer -   Precision: 0.86458
03/01/2026 03:03:53 - INFO - utils.trainer -   Recall: 0.86760
03/01/2026 03:03:53 - INFO - utils.trainer -   F_score: 0.86609
03/01/2026 03:03:53 - INFO - utils.trainer -   Specificity: 0.88920
03/01/2026 03:03:53 - INFO - utils.trainer -   Sensitivity: 0.86760
03/01/2026 03:03:53 - INFO - utils.trainer -   Loss: 0.14978
03/01/2026 03:03:53 - INFO - utils.trainer -   Epoch: 142, Train loss: 0.00296, Test loss: 0.14978,Epoch time = 5.819s
03/01/2026 03:03:59 - INFO - utils.trainer -   ***** Running evaluation on test1 dataset *****
03/01/2026 03:04:02 - INFO - utils.trainer -   AUC: 0.94007
03/01/2026 03:04:02 - INFO - utils.trainer -   Accuracy: 0.88054
03/01/2026 03:04:02 - INFO - utils.trainer -   Precision: 0.87799
03/01/2026 03:04:02 - INFO - utils.trainer -   Recall: 0.85250
03/01/2026 03:04:02 - INFO - utils.trainer -   F_score: 0.86506
03/01/2026 03:04:02 - INFO - utils.trainer -   Specificity: 0.90341
03/01/2026 03:04:02 - INFO - utils.trainer -   Sensitivity: 0.85250
03/01/2026 03:04:02 - INFO - utils.trainer -   Loss: 0.14820
03/01/2026 03:04:02 - INFO - utils.trainer -   Epoch: 143, Train loss: 0.00301, Test loss: 0.14820,Epoch time = 5.927s
03/01/2026 03:04:08 - INFO - utils.trainer -   ***** Running evaluation on test1 dataset *****
03/01/2026 03:04:12 - INFO - utils.trainer -   AUC: 0.94099
03/01/2026 03:04:12 - INFO - utils.trainer -   Accuracy: 0.88419
03/01/2026 03:04:12 - INFO - utils.trainer -   Precision: 0.87281
03/01/2026 03:04:12 - INFO - utils.trainer -   Recall: 0.86876
03/01/2026 03:04:12 - INFO - utils.trainer -   F_score: 0.87078
03/01/2026 03:04:12 - INFO - utils.trainer -   Specificity: 0.89678
03/01/2026 03:04:12 - INFO - utils.trainer -   Sensitivity: 0.86876
03/01/2026 03:04:12 - INFO - utils.trainer -   Loss: 0.14750
03/01/2026 03:04:12 - INFO - utils.trainer -   Epoch: 144, Train loss: 0.00300, Test loss: 0.14750,Epoch time = 5.759s
03/01/2026 03:04:18 - INFO - utils.trainer -   ***** Running evaluation on test1 dataset *****
03/01/2026 03:04:22 - INFO - utils.trainer -   AUC: 0.94180
03/01/2026 03:04:22 - INFO - utils.trainer -   Accuracy: 0.88106
03/01/2026 03:04:22 - INFO - utils.trainer -   Precision: 0.87018
03/01/2026 03:04:22 - INFO - utils.trainer -   Recall: 0.86411
03/01/2026 03:04:22 - INFO - utils.trainer -   F_score: 0.86713
03/01/2026 03:04:22 - INFO - utils.trainer -   Specificity: 0.89489
03/01/2026 03:04:22 - INFO - utils.trainer -   Sensitivity: 0.86411
03/01/2026 03:04:22 - INFO - utils.trainer -   Loss: 0.14541
03/01/2026 03:04:22 - INFO - utils.trainer -   Epoch: 145, Train loss: 0.00297, Test loss: 0.14541,Epoch time = 5.913s
03/01/2026 03:04:28 - INFO - utils.trainer -   ***** Running evaluation on test1 dataset *****
03/01/2026 03:04:31 - INFO - utils.trainer -   AUC: 0.93987
03/01/2026 03:04:31 - INFO - utils.trainer -   Accuracy: 0.88054
03/01/2026 03:04:31 - INFO - utils.trainer -   Precision: 0.87176
03/01/2026 03:04:31 - INFO - utils.trainer -   Recall: 0.86063
03/01/2026 03:04:31 - INFO - utils.trainer -   F_score: 0.86616
03/01/2026 03:04:31 - INFO - utils.trainer -   Specificity: 0.89678
03/01/2026 03:04:31 - INFO - utils.trainer -   Sensitivity: 0.86063
03/01/2026 03:04:31 - INFO - utils.trainer -   Loss: 0.14704
03/01/2026 03:04:31 - INFO - utils.trainer -   Epoch: 146, Train loss: 0.00301, Test loss: 0.14704,Epoch time = 5.790s
03/01/2026 03:04:37 - INFO - utils.trainer -   ***** Running evaluation on test1 dataset *****
03/01/2026 03:04:41 - INFO - utils.trainer -   AUC: 0.93943
03/01/2026 03:04:41 - INFO - utils.trainer -   Accuracy: 0.87950
03/01/2026 03:04:41 - INFO - utils.trainer -   Precision: 0.87411
03/01/2026 03:04:41 - INFO - utils.trainer -   Recall: 0.85482
03/01/2026 03:04:41 - INFO - utils.trainer -   F_score: 0.86436
03/01/2026 03:04:41 - INFO - utils.trainer -   Specificity: 0.89962
03/01/2026 03:04:41 - INFO - utils.trainer -   Sensitivity: 0.85482
03/01/2026 03:04:41 - INFO - utils.trainer -   Loss: 0.15024
03/01/2026 03:04:41 - INFO - utils.trainer -   Epoch: 147, Train loss: 0.00291, Test loss: 0.15024,Epoch time = 5.945s
03/01/2026 03:04:47 - INFO - utils.trainer -   ***** Running evaluation on test1 dataset *****
03/01/2026 03:04:52 - INFO - utils.trainer -   AUC: 0.94081
03/01/2026 03:04:52 - INFO - utils.trainer -   Accuracy: 0.87846
03/01/2026 03:04:52 - INFO - utils.trainer -   Precision: 0.85520
03/01/2026 03:04:52 - INFO - utils.trainer -   Recall: 0.87805
03/01/2026 03:04:52 - INFO - utils.trainer -   F_score: 0.86648
03/01/2026 03:04:52 - INFO - utils.trainer -   Specificity: 0.87879
03/01/2026 03:04:52 - INFO - utils.trainer -   Sensitivity: 0.87805
03/01/2026 03:04:52 - INFO - utils.trainer -   Loss: 0.14927
03/01/2026 03:04:52 - INFO - utils.trainer -   Epoch: 148, Train loss: 0.00324, Test loss: 0.14927,Epoch time = 6.165s
03/01/2026 03:04:57 - INFO - utils.trainer -   ***** Running evaluation on test1 dataset *****
03/01/2026 03:05:01 - INFO - utils.trainer -   AUC: 0.94123
03/01/2026 03:05:01 - INFO - utils.trainer -   Accuracy: 0.88106
03/01/2026 03:05:01 - INFO - utils.trainer -   Precision: 0.87634
03/01/2026 03:05:01 - INFO - utils.trainer -   Recall: 0.85598
03/01/2026 03:05:01 - INFO - utils.trainer -   F_score: 0.86604
03/01/2026 03:05:01 - INFO - utils.trainer -   Specificity: 0.90152
03/01/2026 03:05:01 - INFO - utils.trainer -   Sensitivity: 0.85598
03/01/2026 03:05:01 - INFO - utils.trainer -   Loss: 0.14741
03/01/2026 03:05:01 - INFO - utils.trainer -   Epoch: 149, Train loss: 0.00281, Test loss: 0.14741,Epoch time = 5.879s
03/01/2026 03:05:07 - INFO - utils.trainer -   ***** Running evaluation on test1 dataset *****
03/01/2026 03:05:11 - INFO - utils.trainer -   AUC: 0.94134
03/01/2026 03:05:11 - INFO - utils.trainer -   Accuracy: 0.87898
03/01/2026 03:05:11 - INFO - utils.trainer -   Precision: 0.86108
03/01/2026 03:05:11 - INFO - utils.trainer -   Recall: 0.87108
03/01/2026 03:05:11 - INFO - utils.trainer -   F_score: 0.86605
03/01/2026 03:05:11 - INFO - utils.trainer -   Specificity: 0.88542
03/01/2026 03:05:11 - INFO - utils.trainer -   Sensitivity: 0.87108
03/01/2026 03:05:11 - INFO - utils.trainer -   Loss: 0.14668
03/01/2026 03:05:11 - INFO - utils.trainer -   Epoch: 150, Train loss: 0.00283, Test loss: 0.14668,Epoch time = 5.886s
03/01/2026 03:05:17 - INFO - utils.trainer -   ***** Running evaluation on test1 dataset *****
03/01/2026 03:05:21 - INFO - utils.trainer -   AUC: 0.94087
03/01/2026 03:05:21 - INFO - utils.trainer -   Accuracy: 0.88315
03/01/2026 03:05:21 - INFO - utils.trainer -   Precision: 0.88327
03/01/2026 03:05:21 - INFO - utils.trainer -   Recall: 0.85250
03/01/2026 03:05:21 - INFO - utils.trainer -   F_score: 0.86761
03/01/2026 03:05:21 - INFO - utils.trainer -   Specificity: 0.90814
03/01/2026 03:05:21 - INFO - utils.trainer -   Sensitivity: 0.85250
03/01/2026 03:05:21 - INFO - utils.trainer -   Loss: 0.14808
03/01/2026 03:05:21 - INFO - utils.trainer -   Epoch: 151, Train loss: 0.00300, Test loss: 0.14808,Epoch time = 5.933s
03/01/2026 03:05:27 - INFO - utils.trainer -   ***** Running evaluation on test1 dataset *****
03/01/2026 03:05:31 - INFO - utils.trainer -   AUC: 0.94145
03/01/2026 03:05:31 - INFO - utils.trainer -   Accuracy: 0.87846
03/01/2026 03:05:31 - INFO - utils.trainer -   Precision: 0.85520
03/01/2026 03:05:31 - INFO - utils.trainer -   Recall: 0.87805
03/01/2026 03:05:31 - INFO - utils.trainer -   F_score: 0.86648
03/01/2026 03:05:31 - INFO - utils.trainer -   Specificity: 0.87879
03/01/2026 03:05:31 - INFO - utils.trainer -   Sensitivity: 0.87805
03/01/2026 03:05:31 - INFO - utils.trainer -   Loss: 0.14674
03/01/2026 03:05:31 - INFO - utils.trainer -   Epoch: 152, Train loss: 0.00282, Test loss: 0.14674,Epoch time = 5.988s
03/01/2026 03:05:37 - INFO - utils.trainer -   ***** Running evaluation on test1 dataset *****
03/01/2026 03:05:41 - INFO - utils.trainer -   AUC: 0.94173
03/01/2026 03:05:41 - INFO - utils.trainer -   Accuracy: 0.88315
03/01/2026 03:05:41 - INFO - utils.trainer -   Precision: 0.88700
03/01/2026 03:05:41 - INFO - utils.trainer -   Recall: 0.84785
03/01/2026 03:05:41 - INFO - utils.trainer -   F_score: 0.86698
03/01/2026 03:05:41 - INFO - utils.trainer -   Specificity: 0.91193
03/01/2026 03:05:41 - INFO - utils.trainer -   Sensitivity: 0.84785
03/01/2026 03:05:41 - INFO - utils.trainer -   Loss: 0.14481
03/01/2026 03:05:41 - INFO - utils.trainer -   Epoch: 153, Train loss: 0.00273, Test loss: 0.14481,Epoch time = 5.947s
03/01/2026 03:05:47 - INFO - utils.trainer -   ***** Running evaluation on test1 dataset *****
03/01/2026 03:05:50 - INFO - utils.trainer -   AUC: 0.94257
03/01/2026 03:05:50 - INFO - utils.trainer -   Accuracy: 0.88211
03/01/2026 03:05:50 - INFO - utils.trainer -   Precision: 0.88115
03/01/2026 03:05:50 - INFO - utils.trainer -   Recall: 0.85250
03/01/2026 03:05:50 - INFO - utils.trainer -   F_score: 0.86659
03/01/2026 03:05:50 - INFO - utils.trainer -   Specificity: 0.90625
03/01/2026 03:05:50 - INFO - utils.trainer -   Sensitivity: 0.85250
03/01/2026 03:05:50 - INFO - utils.trainer -   Loss: 0.14415
03/01/2026 03:05:50 - INFO - utils.trainer -   Epoch: 154, Train loss: 0.00270, Test loss: 0.14415,Epoch time = 5.902s
03/01/2026 03:05:56 - INFO - utils.trainer -   ***** Running evaluation on test1 dataset *****
03/01/2026 03:06:00 - INFO - utils.trainer -   AUC: 0.94189
03/01/2026 03:06:00 - INFO - utils.trainer -   Accuracy: 0.88106
03/01/2026 03:06:00 - INFO - utils.trainer -   Precision: 0.87995
03/01/2026 03:06:00 - INFO - utils.trainer -   Recall: 0.85134
03/01/2026 03:06:00 - INFO - utils.trainer -   F_score: 0.86541
03/01/2026 03:06:00 - INFO - utils.trainer -   Specificity: 0.90530
03/01/2026 03:06:00 - INFO - utils.trainer -   Sensitivity: 0.85134
03/01/2026 03:06:00 - INFO - utils.trainer -   Loss: 0.14692
03/01/2026 03:06:00 - INFO - utils.trainer -   Epoch: 155, Train loss: 0.00272, Test loss: 0.14692,Epoch time = 5.958s
03/01/2026 03:06:06 - INFO - utils.trainer -   ***** Running evaluation on test1 dataset *****
03/01/2026 03:06:10 - INFO - utils.trainer -   AUC: 0.94122
03/01/2026 03:06:10 - INFO - utils.trainer -   Accuracy: 0.88002
03/01/2026 03:06:10 - INFO - utils.trainer -   Precision: 0.88242
03/01/2026 03:06:10 - INFO - utils.trainer -   Recall: 0.84553
03/01/2026 03:06:10 - INFO - utils.trainer -   F_score: 0.86358
03/01/2026 03:06:10 - INFO - utils.trainer -   Specificity: 0.90814
03/01/2026 03:06:10 - INFO - utils.trainer -   Sensitivity: 0.84553
03/01/2026 03:06:10 - INFO - utils.trainer -   Loss: 0.14685
03/01/2026 03:06:10 - INFO - utils.trainer -   Epoch: 156, Train loss: 0.00264, Test loss: 0.14685,Epoch time = 5.772s
03/01/2026 03:06:16 - INFO - utils.trainer -   ***** Running evaluation on test1 dataset *****
03/01/2026 03:06:20 - INFO - utils.trainer -   AUC: 0.94160
03/01/2026 03:06:20 - INFO - utils.trainer -   Accuracy: 0.87846
03/01/2026 03:06:20 - INFO - utils.trainer -   Precision: 0.86175
03/01/2026 03:06:20 - INFO - utils.trainer -   Recall: 0.86876
03/01/2026 03:06:20 - INFO - utils.trainer -   F_score: 0.86524
03/01/2026 03:06:20 - INFO - utils.trainer -   Specificity: 0.88636
03/01/2026 03:06:20 - INFO - utils.trainer -   Sensitivity: 0.86876
03/01/2026 03:06:20 - INFO - utils.trainer -   Loss: 0.14605
03/01/2026 03:06:20 - INFO - utils.trainer -   Epoch: 157, Train loss: 0.00276, Test loss: 0.14605,Epoch time = 5.907s
03/01/2026 03:06:26 - INFO - utils.trainer -   ***** Running evaluation on test1 dataset *****
03/01/2026 03:06:30 - INFO - utils.trainer -   AUC: 0.94214
03/01/2026 03:06:30 - INFO - utils.trainer -   Accuracy: 0.88106
03/01/2026 03:06:30 - INFO - utils.trainer -   Precision: 0.87814
03/01/2026 03:06:30 - INFO - utils.trainer -   Recall: 0.85366
03/01/2026 03:06:30 - INFO - utils.trainer -   F_score: 0.86572
03/01/2026 03:06:30 - INFO - utils.trainer -   Specificity: 0.90341
03/01/2026 03:06:30 - INFO - utils.trainer -   Sensitivity: 0.85366
03/01/2026 03:06:30 - INFO - utils.trainer -   Loss: 0.14506
03/01/2026 03:06:30 - INFO - utils.trainer -   Epoch: 158, Train loss: 0.00270, Test loss: 0.14506,Epoch time = 5.933s
03/01/2026 03:06:36 - INFO - utils.trainer -   ***** Running evaluation on test1 dataset *****
03/01/2026 03:06:40 - INFO - utils.trainer -   AUC: 0.94149
03/01/2026 03:06:40 - INFO - utils.trainer -   Accuracy: 0.87741
03/01/2026 03:06:40 - INFO - utils.trainer -   Precision: 0.86998
03/01/2026 03:06:40 - INFO - utils.trainer -   Recall: 0.85482
03/01/2026 03:06:40 - INFO - utils.trainer -   F_score: 0.86233
03/01/2026 03:06:40 - INFO - utils.trainer -   Specificity: 0.89583
03/01/2026 03:06:40 - INFO - utils.trainer -   Sensitivity: 0.85482
03/01/2026 03:06:40 - INFO - utils.trainer -   Loss: 0.14623
03/01/2026 03:06:40 - INFO - utils.trainer -   Epoch: 159, Train loss: 0.00271, Test loss: 0.14623,Epoch time = 6.317s
03/01/2026 03:06:46 - INFO - utils.trainer -   ***** Running evaluation on test1 dataset *****
03/01/2026 03:06:50 - INFO - utils.trainer -   AUC: 0.94185
03/01/2026 03:06:50 - INFO - utils.trainer -   Accuracy: 0.88159
03/01/2026 03:06:50 - INFO - utils.trainer -   Precision: 0.87648
03/01/2026 03:06:50 - INFO - utils.trainer -   Recall: 0.85714
03/01/2026 03:06:50 - INFO - utils.trainer -   F_score: 0.86671
03/01/2026 03:06:50 - INFO - utils.trainer -   Specificity: 0.90152
03/01/2026 03:06:50 - INFO - utils.trainer -   Sensitivity: 0.85714
03/01/2026 03:06:50 - INFO - utils.trainer -   Loss: 0.14526
03/01/2026 03:06:50 - INFO - utils.trainer -   Epoch: 160, Train loss: 0.00276, Test loss: 0.14526,Epoch time = 5.898s
03/01/2026 03:06:56 - INFO - utils.trainer -   ***** Running evaluation on test1 dataset *****
03/01/2026 03:07:00 - INFO - utils.trainer -   AUC: 0.94182
03/01/2026 03:07:00 - INFO - utils.trainer -   Accuracy: 0.88106
03/01/2026 03:07:00 - INFO - utils.trainer -   Precision: 0.87995
03/01/2026 03:07:00 - INFO - utils.trainer -   Recall: 0.85134
03/01/2026 03:07:00 - INFO - utils.trainer -   F_score: 0.86541
03/01/2026 03:07:00 - INFO - utils.trainer -   Specificity: 0.90530
03/01/2026 03:07:00 - INFO - utils.trainer -   Sensitivity: 0.85134
03/01/2026 03:07:00 - INFO - utils.trainer -   Loss: 0.14829
03/01/2026 03:07:00 - INFO - utils.trainer -   Epoch: 161, Train loss: 0.00302, Test loss: 0.14829,Epoch time = 5.969s
03/01/2026 03:07:06 - INFO - utils.trainer -   ***** Running evaluation on test1 dataset *****
03/01/2026 03:07:10 - INFO - utils.trainer -   AUC: 0.94161
03/01/2026 03:07:10 - INFO - utils.trainer -   Accuracy: 0.88106
03/01/2026 03:07:10 - INFO - utils.trainer -   Precision: 0.87456
03/01/2026 03:07:10 - INFO - utils.trainer -   Recall: 0.85830
03/01/2026 03:07:10 - INFO - utils.trainer -   F_score: 0.86635
03/01/2026 03:07:10 - INFO - utils.trainer -   Specificity: 0.89962
03/01/2026 03:07:10 - INFO - utils.trainer -   Sensitivity: 0.85830
03/01/2026 03:07:10 - INFO - utils.trainer -   Loss: 0.14592
03/01/2026 03:07:10 - INFO - utils.trainer -   Epoch: 162, Train loss: 0.00295, Test loss: 0.14592,Epoch time = 5.931s
03/01/2026 03:07:16 - INFO - utils.trainer -   ***** Running evaluation on test1 dataset *****
03/01/2026 03:07:20 - INFO - utils.trainer -   AUC: 0.94192
03/01/2026 03:07:20 - INFO - utils.trainer -   Accuracy: 0.88211
03/01/2026 03:07:20 - INFO - utils.trainer -   Precision: 0.88207
03/01/2026 03:07:20 - INFO - utils.trainer -   Recall: 0.85134
03/01/2026 03:07:20 - INFO - utils.trainer -   F_score: 0.86643
03/01/2026 03:07:20 - INFO - utils.trainer -   Specificity: 0.90720
03/01/2026 03:07:20 - INFO - utils.trainer -   Sensitivity: 0.85134
03/01/2026 03:07:20 - INFO - utils.trainer -   Loss: 0.14641
03/01/2026 03:07:20 - INFO - utils.trainer -   Epoch: 163, Train loss: 0.00272, Test loss: 0.14641,Epoch time = 5.886s
03/01/2026 03:07:26 - INFO - utils.trainer -   ***** Running evaluation on test1 dataset *****
03/01/2026 03:07:30 - INFO - utils.trainer -   AUC: 0.94206
03/01/2026 03:07:30 - INFO - utils.trainer -   Accuracy: 0.88054
03/01/2026 03:07:30 - INFO - utils.trainer -   Precision: 0.87890
03/01/2026 03:07:30 - INFO - utils.trainer -   Recall: 0.85134
03/01/2026 03:07:30 - INFO - utils.trainer -   F_score: 0.86490
03/01/2026 03:07:30 - INFO - utils.trainer -   Specificity: 0.90436
03/01/2026 03:07:30 - INFO - utils.trainer -   Sensitivity: 0.85134
03/01/2026 03:07:30 - INFO - utils.trainer -   Loss: 0.14573
03/01/2026 03:07:30 - INFO - utils.trainer -   Epoch: 164, Train loss: 0.00270, Test loss: 0.14573,Epoch time = 6.019s
03/01/2026 03:07:36 - INFO - utils.trainer -   ***** Running evaluation on test1 dataset *****
03/01/2026 03:07:39 - INFO - utils.trainer -   AUC: 0.94166
03/01/2026 03:07:39 - INFO - utils.trainer -   Accuracy: 0.88211
03/01/2026 03:07:39 - INFO - utils.trainer -   Precision: 0.87397
03/01/2026 03:07:39 - INFO - utils.trainer -   Recall: 0.86179
03/01/2026 03:07:39 - INFO - utils.trainer -   F_score: 0.86784
03/01/2026 03:07:39 - INFO - utils.trainer -   Specificity: 0.89867
03/01/2026 03:07:39 - INFO - utils.trainer -   Sensitivity: 0.86179
03/01/2026 03:07:39 - INFO - utils.trainer -   Loss: 0.14659
03/01/2026 03:07:39 - INFO - utils.trainer -   Epoch: 165, Train loss: 0.00267, Test loss: 0.14659,Epoch time = 5.885s
03/01/2026 03:07:45 - INFO - utils.trainer -   ***** Running evaluation on test1 dataset *****
03/01/2026 03:07:49 - INFO - utils.trainer -   AUC: 0.94187
03/01/2026 03:07:49 - INFO - utils.trainer -   Accuracy: 0.87950
03/01/2026 03:07:49 - INFO - utils.trainer -   Precision: 0.87500
03/01/2026 03:07:49 - INFO - utils.trainer -   Recall: 0.85366
03/01/2026 03:07:49 - INFO - utils.trainer -   F_score: 0.86420
03/01/2026 03:07:49 - INFO - utils.trainer -   Specificity: 0.90057
03/01/2026 03:07:49 - INFO - utils.trainer -   Sensitivity: 0.85366
03/01/2026 03:07:49 - INFO - utils.trainer -   Loss: 0.14605
03/01/2026 03:07:49 - INFO - utils.trainer -   Epoch: 166, Train loss: 0.00266, Test loss: 0.14605,Epoch time = 5.821s
03/01/2026 03:07:55 - INFO - utils.trainer -   ***** Running evaluation on test1 dataset *****
03/01/2026 03:07:59 - INFO - utils.trainer -   AUC: 0.94218
03/01/2026 03:07:59 - INFO - utils.trainer -   Accuracy: 0.88211
03/01/2026 03:07:59 - INFO - utils.trainer -   Precision: 0.88299
03/01/2026 03:07:59 - INFO - utils.trainer -   Recall: 0.85017
03/01/2026 03:07:59 - INFO - utils.trainer -   F_score: 0.86627
03/01/2026 03:07:59 - INFO - utils.trainer -   Specificity: 0.90814
03/01/2026 03:07:59 - INFO - utils.trainer -   Sensitivity: 0.85017
03/01/2026 03:07:59 - INFO - utils.trainer -   Loss: 0.14704
03/01/2026 03:07:59 - INFO - utils.trainer -   Epoch: 167, Train loss: 0.00258, Test loss: 0.14704,Epoch time = 5.920s
03/01/2026 03:08:05 - INFO - utils.trainer -   ***** Running evaluation on test1 dataset *****
03/01/2026 03:08:08 - INFO - utils.trainer -   AUC: 0.94242
03/01/2026 03:08:08 - INFO - utils.trainer -   Accuracy: 0.88263
03/01/2026 03:08:08 - INFO - utils.trainer -   Precision: 0.88780
03/01/2026 03:08:08 - INFO - utils.trainer -   Recall: 0.84553
03/01/2026 03:08:08 - INFO - utils.trainer -   F_score: 0.86615
03/01/2026 03:08:08 - INFO - utils.trainer -   Specificity: 0.91288
03/01/2026 03:08:08 - INFO - utils.trainer -   Sensitivity: 0.84553
03/01/2026 03:08:08 - INFO - utils.trainer -   Loss: 0.14703
03/01/2026 03:08:08 - INFO - utils.trainer -   Epoch: 168, Train loss: 0.00273, Test loss: 0.14703,Epoch time = 5.880s
03/01/2026 03:08:14 - INFO - utils.trainer -   ***** Running evaluation on test1 dataset *****
03/01/2026 03:08:18 - INFO - utils.trainer -   AUC: 0.94219
03/01/2026 03:08:18 - INFO - utils.trainer -   Accuracy: 0.88367
03/01/2026 03:08:18 - INFO - utils.trainer -   Precision: 0.87976
03/01/2026 03:08:18 - INFO - utils.trainer -   Recall: 0.85830
03/01/2026 03:08:18 - INFO - utils.trainer -   F_score: 0.86890
03/01/2026 03:08:18 - INFO - utils.trainer -   Specificity: 0.90436
03/01/2026 03:08:18 - INFO - utils.trainer -   Sensitivity: 0.85830
03/01/2026 03:08:18 - INFO - utils.trainer -   Loss: 0.14617
03/01/2026 03:08:18 - INFO - utils.trainer -   Epoch: 169, Train loss: 0.00260, Test loss: 0.14617,Epoch time = 5.931s
03/01/2026 03:08:24 - INFO - utils.trainer -   ***** Running evaluation on test1 dataset *****
03/01/2026 03:08:28 - INFO - utils.trainer -   AUC: 0.94219
03/01/2026 03:08:28 - INFO - utils.trainer -   Accuracy: 0.88472
03/01/2026 03:08:28 - INFO - utils.trainer -   Precision: 0.88462
03/01/2026 03:08:28 - INFO - utils.trainer -   Recall: 0.85482
03/01/2026 03:08:28 - INFO - utils.trainer -   F_score: 0.86946
03/01/2026 03:08:28 - INFO - utils.trainer -   Specificity: 0.90909
03/01/2026 03:08:28 - INFO - utils.trainer -   Sensitivity: 0.85482
03/01/2026 03:08:28 - INFO - utils.trainer -   Loss: 0.14614
03/01/2026 03:08:28 - INFO - utils.trainer -   Epoch: 170, Train loss: 0.00263, Test loss: 0.14614,Epoch time = 5.798s
03/01/2026 03:08:34 - INFO - utils.trainer -   ***** Running evaluation on test1 dataset *****
03/01/2026 03:08:38 - INFO - utils.trainer -   AUC: 0.94277
03/01/2026 03:08:38 - INFO - utils.trainer -   Accuracy: 0.88106
03/01/2026 03:08:38 - INFO - utils.trainer -   Precision: 0.87723
03/01/2026 03:08:38 - INFO - utils.trainer -   Recall: 0.85482
03/01/2026 03:08:38 - INFO - utils.trainer -   F_score: 0.86588
03/01/2026 03:08:38 - INFO - utils.trainer -   Specificity: 0.90246
03/01/2026 03:08:38 - INFO - utils.trainer -   Sensitivity: 0.85482
03/01/2026 03:08:38 - INFO - utils.trainer -   Loss: 0.14522
03/01/2026 03:08:38 - INFO - utils.trainer -   Epoch: 171, Train loss: 0.00264, Test loss: 0.14522,Epoch time = 5.890s
03/01/2026 03:08:43 - INFO - utils.trainer -   ***** Running evaluation on test1 dataset *****
03/01/2026 03:08:47 - INFO - utils.trainer -   AUC: 0.94148
03/01/2026 03:08:47 - INFO - utils.trainer -   Accuracy: 0.88367
03/01/2026 03:08:47 - INFO - utils.trainer -   Precision: 0.89093
03/01/2026 03:08:47 - INFO - utils.trainer -   Recall: 0.84437
03/01/2026 03:08:47 - INFO - utils.trainer -   F_score: 0.86702
03/01/2026 03:08:47 - INFO - utils.trainer -   Specificity: 0.91572
03/01/2026 03:08:47 - INFO - utils.trainer -   Sensitivity: 0.84437
03/01/2026 03:08:47 - INFO - utils.trainer -   Loss: 0.14730
03/01/2026 03:08:47 - INFO - utils.trainer -   Epoch: 172, Train loss: 0.00263, Test loss: 0.14730,Epoch time = 5.834s
03/01/2026 03:08:53 - INFO - utils.trainer -   ***** Running evaluation on test1 dataset *****
03/01/2026 03:08:57 - INFO - utils.trainer -   AUC: 0.94265
03/01/2026 03:08:57 - INFO - utils.trainer -   Accuracy: 0.88263
03/01/2026 03:08:57 - INFO - utils.trainer -   Precision: 0.88686
03/01/2026 03:08:57 - INFO - utils.trainer -   Recall: 0.84669
03/01/2026 03:08:57 - INFO - utils.trainer -   F_score: 0.86631
03/01/2026 03:08:57 - INFO - utils.trainer -   Specificity: 0.91193
03/01/2026 03:08:57 - INFO - utils.trainer -   Sensitivity: 0.84669
03/01/2026 03:08:57 - INFO - utils.trainer -   Loss: 0.14578
03/01/2026 03:08:57 - INFO - utils.trainer -   Epoch: 173, Train loss: 0.00251, Test loss: 0.14578,Epoch time = 5.867s
03/01/2026 03:09:03 - INFO - utils.trainer -   ***** Running evaluation on test1 dataset *****
03/01/2026 03:09:07 - INFO - utils.trainer -   AUC: 0.94181
03/01/2026 03:09:07 - INFO - utils.trainer -   Accuracy: 0.88159
03/01/2026 03:09:07 - INFO - utils.trainer -   Precision: 0.88471
03/01/2026 03:09:07 - INFO - utils.trainer -   Recall: 0.84669
03/01/2026 03:09:07 - INFO - utils.trainer -   F_score: 0.86528
03/01/2026 03:09:07 - INFO - utils.trainer -   Specificity: 0.91004
03/01/2026 03:09:07 - INFO - utils.trainer -   Sensitivity: 0.84669
03/01/2026 03:09:07 - INFO - utils.trainer -   Loss: 0.14616
03/01/2026 03:09:07 - INFO - utils.trainer -   Epoch: 174, Train loss: 0.00272, Test loss: 0.14616,Epoch time = 5.763s
03/01/2026 03:09:13 - INFO - utils.trainer -   ***** Running evaluation on test1 dataset *****
03/01/2026 03:09:16 - INFO - utils.trainer -   AUC: 0.94247
03/01/2026 03:09:16 - INFO - utils.trainer -   Accuracy: 0.88419
03/01/2026 03:09:16 - INFO - utils.trainer -   Precision: 0.88821
03/01/2026 03:09:16 - INFO - utils.trainer -   Recall: 0.84901
03/01/2026 03:09:16 - INFO - utils.trainer -   F_score: 0.86817
03/01/2026 03:09:16 - INFO - utils.trainer -   Specificity: 0.91288
03/01/2026 03:09:16 - INFO - utils.trainer -   Sensitivity: 0.84901
03/01/2026 03:09:16 - INFO - utils.trainer -   Loss: 0.14572
03/01/2026 03:09:16 - INFO - utils.trainer -   Epoch: 175, Train loss: 0.00253, Test loss: 0.14572,Epoch time = 5.769s
03/01/2026 03:09:22 - INFO - utils.trainer -   ***** Running evaluation on test1 dataset *****
03/01/2026 03:09:26 - INFO - utils.trainer -   AUC: 0.94259
03/01/2026 03:09:26 - INFO - utils.trainer -   Accuracy: 0.88159
03/01/2026 03:09:26 - INFO - utils.trainer -   Precision: 0.88010
03/01/2026 03:09:26 - INFO - utils.trainer -   Recall: 0.85250
03/01/2026 03:09:26 - INFO - utils.trainer -   F_score: 0.86608
03/01/2026 03:09:26 - INFO - utils.trainer -   Specificity: 0.90530
03/01/2026 03:09:26 - INFO - utils.trainer -   Sensitivity: 0.85250
03/01/2026 03:09:26 - INFO - utils.trainer -   Loss: 0.14517
03/01/2026 03:09:26 - INFO - utils.trainer -   Epoch: 176, Train loss: 0.00257, Test loss: 0.14517,Epoch time = 5.896s
03/01/2026 03:09:32 - INFO - utils.trainer -   ***** Running evaluation on test1 dataset *****
03/01/2026 03:09:36 - INFO - utils.trainer -   AUC: 0.94233
03/01/2026 03:09:36 - INFO - utils.trainer -   Accuracy: 0.88106
03/01/2026 03:09:36 - INFO - utils.trainer -   Precision: 0.88271
03/01/2026 03:09:36 - INFO - utils.trainer -   Recall: 0.84785
03/01/2026 03:09:36 - INFO - utils.trainer -   F_score: 0.86493
03/01/2026 03:09:36 - INFO - utils.trainer -   Specificity: 0.90814
03/01/2026 03:09:36 - INFO - utils.trainer -   Sensitivity: 0.84785
03/01/2026 03:09:36 - INFO - utils.trainer -   Loss: 0.14560
03/01/2026 03:09:36 - INFO - utils.trainer -   Epoch: 177, Train loss: 0.00242, Test loss: 0.14560,Epoch time = 5.871s
03/01/2026 03:09:42 - INFO - utils.trainer -   ***** Running evaluation on test1 dataset *****
03/01/2026 03:09:46 - INFO - utils.trainer -   AUC: 0.94286
03/01/2026 03:09:46 - INFO - utils.trainer -   Accuracy: 0.88263
03/01/2026 03:09:46 - INFO - utils.trainer -   Precision: 0.88592
03/01/2026 03:09:46 - INFO - utils.trainer -   Recall: 0.84785
03/01/2026 03:09:46 - INFO - utils.trainer -   F_score: 0.86647
03/01/2026 03:09:46 - INFO - utils.trainer -   Specificity: 0.91098
03/01/2026 03:09:46 - INFO - utils.trainer -   Sensitivity: 0.84785
03/01/2026 03:09:46 - INFO - utils.trainer -   Loss: 0.14510
03/01/2026 03:09:46 - INFO - utils.trainer -   Epoch: 178, Train loss: 0.00262, Test loss: 0.14510,Epoch time = 6.007s
03/01/2026 03:09:52 - INFO - utils.trainer -   ***** Running evaluation on test1 dataset *****
03/01/2026 03:09:56 - INFO - utils.trainer -   AUC: 0.94235
03/01/2026 03:09:56 - INFO - utils.trainer -   Accuracy: 0.88054
03/01/2026 03:09:56 - INFO - utils.trainer -   Precision: 0.89206
03/01/2026 03:09:56 - INFO - utils.trainer -   Recall: 0.83508
03/01/2026 03:09:56 - INFO - utils.trainer -   F_score: 0.86263
03/01/2026 03:09:56 - INFO - utils.trainer -   Specificity: 0.91761
03/01/2026 03:09:56 - INFO - utils.trainer -   Sensitivity: 0.83508
03/01/2026 03:09:56 - INFO - utils.trainer -   Loss: 0.14694
03/01/2026 03:09:56 - INFO - utils.trainer -   Epoch: 179, Train loss: 0.00264, Test loss: 0.14694,Epoch time = 5.910s
03/01/2026 03:10:02 - INFO - utils.trainer -   ***** Running evaluation on test1 dataset *****
03/01/2026 03:10:05 - INFO - utils.trainer -   AUC: 0.94277
03/01/2026 03:10:05 - INFO - utils.trainer -   Accuracy: 0.88054
03/01/2026 03:10:05 - INFO - utils.trainer -   Precision: 0.87890
03/01/2026 03:10:05 - INFO - utils.trainer -   Recall: 0.85134
03/01/2026 03:10:05 - INFO - utils.trainer -   F_score: 0.86490
03/01/2026 03:10:05 - INFO - utils.trainer -   Specificity: 0.90436
03/01/2026 03:10:05 - INFO - utils.trainer -   Sensitivity: 0.85134
03/01/2026 03:10:05 - INFO - utils.trainer -   Loss: 0.14443
03/01/2026 03:10:05 - INFO - utils.trainer -   Epoch: 180, Train loss: 0.00259, Test loss: 0.14443,Epoch time = 5.842s
03/01/2026 03:10:11 - INFO - utils.trainer -   ***** Running evaluation on test1 dataset *****
03/01/2026 03:10:15 - INFO - utils.trainer -   AUC: 0.94282
03/01/2026 03:10:15 - INFO - utils.trainer -   Accuracy: 0.88106
03/01/2026 03:10:15 - INFO - utils.trainer -   Precision: 0.89026
03/01/2026 03:10:15 - INFO - utils.trainer -   Recall: 0.83856
03/01/2026 03:10:15 - INFO - utils.trainer -   F_score: 0.86364
03/01/2026 03:10:15 - INFO - utils.trainer -   Specificity: 0.91572
03/01/2026 03:10:15 - INFO - utils.trainer -   Sensitivity: 0.83856
03/01/2026 03:10:15 - INFO - utils.trainer -   Loss: 0.14621
03/01/2026 03:10:15 - INFO - utils.trainer -   Epoch: 181, Train loss: 0.00254, Test loss: 0.14621,Epoch time = 5.884s
03/01/2026 03:10:21 - INFO - utils.trainer -   ***** Running evaluation on test1 dataset *****
03/01/2026 03:10:25 - INFO - utils.trainer -   AUC: 0.94250
03/01/2026 03:10:25 - INFO - utils.trainer -   Accuracy: 0.88159
03/01/2026 03:10:25 - INFO - utils.trainer -   Precision: 0.88659
03/01/2026 03:10:25 - INFO - utils.trainer -   Recall: 0.84437
03/01/2026 03:10:25 - INFO - utils.trainer -   F_score: 0.86496
03/01/2026 03:10:25 - INFO - utils.trainer -   Specificity: 0.91193
03/01/2026 03:10:25 - INFO - utils.trainer -   Sensitivity: 0.84437
03/01/2026 03:10:25 - INFO - utils.trainer -   Loss: 0.14567
03/01/2026 03:10:25 - INFO - utils.trainer -   Epoch: 182, Train loss: 0.00250, Test loss: 0.14567,Epoch time = 5.830s
03/01/2026 03:10:31 - INFO - utils.trainer -   ***** Running evaluation on test1 dataset *****
03/01/2026 03:10:34 - INFO - utils.trainer -   AUC: 0.94250
03/01/2026 03:10:34 - INFO - utils.trainer -   Accuracy: 0.88367
03/01/2026 03:10:34 - INFO - utils.trainer -   Precision: 0.87976
03/01/2026 03:10:34 - INFO - utils.trainer -   Recall: 0.85830
03/01/2026 03:10:34 - INFO - utils.trainer -   F_score: 0.86890
03/01/2026 03:10:34 - INFO - utils.trainer -   Specificity: 0.90436
03/01/2026 03:10:34 - INFO - utils.trainer -   Sensitivity: 0.85830
03/01/2026 03:10:34 - INFO - utils.trainer -   Loss: 0.14483
03/01/2026 03:10:34 - INFO - utils.trainer -   Epoch: 183, Train loss: 0.00251, Test loss: 0.14483,Epoch time = 5.764s
03/01/2026 03:10:40 - INFO - utils.trainer -   ***** Running evaluation on test1 dataset *****
03/01/2026 03:10:44 - INFO - utils.trainer -   AUC: 0.94268
03/01/2026 03:10:44 - INFO - utils.trainer -   Accuracy: 0.88106
03/01/2026 03:10:44 - INFO - utils.trainer -   Precision: 0.88930
03/01/2026 03:10:44 - INFO - utils.trainer -   Recall: 0.83972
03/01/2026 03:10:44 - INFO - utils.trainer -   F_score: 0.86380
03/01/2026 03:10:44 - INFO - utils.trainer -   Specificity: 0.91477
03/01/2026 03:10:44 - INFO - utils.trainer -   Sensitivity: 0.83972
03/01/2026 03:10:44 - INFO - utils.trainer -   Loss: 0.14561
03/01/2026 03:10:44 - INFO - utils.trainer -   Epoch: 184, Train loss: 0.00257, Test loss: 0.14561,Epoch time = 5.873s
03/01/2026 03:10:50 - INFO - utils.trainer -   ***** Running evaluation on test1 dataset *****
03/01/2026 03:10:54 - INFO - utils.trainer -   AUC: 0.94277
03/01/2026 03:10:54 - INFO - utils.trainer -   Accuracy: 0.88106
03/01/2026 03:10:54 - INFO - utils.trainer -   Precision: 0.87995
03/01/2026 03:10:54 - INFO - utils.trainer -   Recall: 0.85134
03/01/2026 03:10:54 - INFO - utils.trainer -   F_score: 0.86541
03/01/2026 03:10:54 - INFO - utils.trainer -   Specificity: 0.90530
03/01/2026 03:10:54 - INFO - utils.trainer -   Sensitivity: 0.85134
03/01/2026 03:10:54 - INFO - utils.trainer -   Loss: 0.14447
03/01/2026 03:10:54 - INFO - utils.trainer -   Epoch: 185, Train loss: 0.00248, Test loss: 0.14447,Epoch time = 5.912s
03/01/2026 03:11:00 - INFO - utils.trainer -   ***** Running evaluation on test1 dataset *****
03/01/2026 03:11:04 - INFO - utils.trainer -   AUC: 0.94264
03/01/2026 03:11:04 - INFO - utils.trainer -   Accuracy: 0.88211
03/01/2026 03:11:04 - INFO - utils.trainer -   Precision: 0.89246
03/01/2026 03:11:04 - INFO - utils.trainer -   Recall: 0.83856
03/01/2026 03:11:04 - INFO - utils.trainer -   F_score: 0.86467
03/01/2026 03:11:04 - INFO - utils.trainer -   Specificity: 0.91761
03/01/2026 03:11:04 - INFO - utils.trainer -   Sensitivity: 0.83856
03/01/2026 03:11:04 - INFO - utils.trainer -   Loss: 0.14637
03/01/2026 03:11:04 - INFO - utils.trainer -   Epoch: 186, Train loss: 0.00255, Test loss: 0.14637,Epoch time = 5.946s
03/01/2026 03:11:10 - INFO - utils.trainer -   ***** Running evaluation on test1 dataset *****
03/01/2026 03:11:14 - INFO - utils.trainer -   AUC: 0.94266
03/01/2026 03:11:14 - INFO - utils.trainer -   Accuracy: 0.88367
03/01/2026 03:11:14 - INFO - utils.trainer -   Precision: 0.89189
03/01/2026 03:11:14 - INFO - utils.trainer -   Recall: 0.84321
03/01/2026 03:11:14 - INFO - utils.trainer -   F_score: 0.86687
03/01/2026 03:11:14 - INFO - utils.trainer -   Specificity: 0.91667
03/01/2026 03:11:14 - INFO - utils.trainer -   Sensitivity: 0.84321
03/01/2026 03:11:14 - INFO - utils.trainer -   Loss: 0.14614
03/01/2026 03:11:14 - INFO - utils.trainer -   Epoch: 187, Train loss: 0.00257, Test loss: 0.14614,Epoch time = 5.975s
03/01/2026 03:11:20 - INFO - utils.trainer -   ***** Running evaluation on test1 dataset *****
03/01/2026 03:11:23 - INFO - utils.trainer -   AUC: 0.94268
03/01/2026 03:11:23 - INFO - utils.trainer -   Accuracy: 0.88211
03/01/2026 03:11:23 - INFO - utils.trainer -   Precision: 0.88672
03/01/2026 03:11:23 - INFO - utils.trainer -   Recall: 0.84553
03/01/2026 03:11:23 - INFO - utils.trainer -   F_score: 0.86564
03/01/2026 03:11:23 - INFO - utils.trainer -   Specificity: 0.91193
03/01/2026 03:11:23 - INFO - utils.trainer -   Sensitivity: 0.84553
03/01/2026 03:11:23 - INFO - utils.trainer -   Loss: 0.14479
03/01/2026 03:11:23 - INFO - utils.trainer -   Epoch: 188, Train loss: 0.00252, Test loss: 0.14479,Epoch time = 5.809s
03/01/2026 03:11:29 - INFO - utils.trainer -   ***** Running evaluation on test1 dataset *****
03/01/2026 03:11:33 - INFO - utils.trainer -   AUC: 0.94285
03/01/2026 03:11:33 - INFO - utils.trainer -   Accuracy: 0.88315
03/01/2026 03:11:33 - INFO - utils.trainer -   Precision: 0.88794
03/01/2026 03:11:33 - INFO - utils.trainer -   Recall: 0.84669
03/01/2026 03:11:33 - INFO - utils.trainer -   F_score: 0.86683
03/01/2026 03:11:33 - INFO - utils.trainer -   Specificity: 0.91288
03/01/2026 03:11:33 - INFO - utils.trainer -   Sensitivity: 0.84669
03/01/2026 03:11:33 - INFO - utils.trainer -   Loss: 0.14549
03/01/2026 03:11:33 - INFO - utils.trainer -   Epoch: 189, Train loss: 0.00251, Test loss: 0.14549,Epoch time = 5.873s
03/01/2026 03:11:39 - INFO - utils.trainer -   ***** Running evaluation on test1 dataset *****
03/01/2026 03:11:43 - INFO - utils.trainer -   AUC: 0.94282
03/01/2026 03:11:43 - INFO - utils.trainer -   Accuracy: 0.88576
03/01/2026 03:11:43 - INFO - utils.trainer -   Precision: 0.89435
03/01/2026 03:11:43 - INFO - utils.trainer -   Recall: 0.84553
03/01/2026 03:11:43 - INFO - utils.trainer -   F_score: 0.86925
03/01/2026 03:11:43 - INFO - utils.trainer -   Specificity: 0.91856
03/01/2026 03:11:43 - INFO - utils.trainer -   Sensitivity: 0.84553
03/01/2026 03:11:43 - INFO - utils.trainer -   Loss: 0.14538
03/01/2026 03:11:43 - INFO - utils.trainer -   Epoch: 190, Train loss: 0.00246, Test loss: 0.14538,Epoch time = 5.769s
03/01/2026 03:11:49 - INFO - utils.trainer -   ***** Running evaluation on test1 dataset *****
03/01/2026 03:11:53 - INFO - utils.trainer -   AUC: 0.94281
03/01/2026 03:11:53 - INFO - utils.trainer -   Accuracy: 0.88367
03/01/2026 03:11:53 - INFO - utils.trainer -   Precision: 0.89286
03/01/2026 03:11:53 - INFO - utils.trainer -   Recall: 0.84204
03/01/2026 03:11:53 - INFO - utils.trainer -   F_score: 0.86671
03/01/2026 03:11:53 - INFO - utils.trainer -   Specificity: 0.91761
03/01/2026 03:11:53 - INFO - utils.trainer -   Sensitivity: 0.84204
03/01/2026 03:11:53 - INFO - utils.trainer -   Loss: 0.14568
03/01/2026 03:11:53 - INFO - utils.trainer -   Epoch: 191, Train loss: 0.00242, Test loss: 0.14568,Epoch time = 6.200s
03/01/2026 03:11:59 - INFO - utils.trainer -   ***** Running evaluation on test1 dataset *****
03/01/2026 03:12:03 - INFO - utils.trainer -   AUC: 0.94264
03/01/2026 03:12:03 - INFO - utils.trainer -   Accuracy: 0.88263
03/01/2026 03:12:03 - INFO - utils.trainer -   Precision: 0.89356
03/01/2026 03:12:03 - INFO - utils.trainer -   Recall: 0.83856
03/01/2026 03:12:03 - INFO - utils.trainer -   F_score: 0.86519
03/01/2026 03:12:03 - INFO - utils.trainer -   Specificity: 0.91856
03/01/2026 03:12:03 - INFO - utils.trainer -   Sensitivity: 0.83856
03/01/2026 03:12:03 - INFO - utils.trainer -   Loss: 0.14643
03/01/2026 03:12:03 - INFO - utils.trainer -   Epoch: 192, Train loss: 0.00245, Test loss: 0.14643,Epoch time = 5.917s
03/01/2026 03:12:08 - INFO - utils.trainer -   ***** Running evaluation on test1 dataset *****
03/01/2026 03:12:12 - INFO - utils.trainer -   AUC: 0.94278
03/01/2026 03:12:12 - INFO - utils.trainer -   Accuracy: 0.88315
03/01/2026 03:12:12 - INFO - utils.trainer -   Precision: 0.88794
03/01/2026 03:12:12 - INFO - utils.trainer -   Recall: 0.84669
03/01/2026 03:12:12 - INFO - utils.trainer -   F_score: 0.86683
03/01/2026 03:12:12 - INFO - utils.trainer -   Specificity: 0.91288
03/01/2026 03:12:12 - INFO - utils.trainer -   Sensitivity: 0.84669
03/01/2026 03:12:12 - INFO - utils.trainer -   Loss: 0.14477
03/01/2026 03:12:12 - INFO - utils.trainer -   Epoch: 193, Train loss: 0.00245, Test loss: 0.14477,Epoch time = 5.727s
03/01/2026 03:12:18 - INFO - utils.trainer -   ***** Running evaluation on test1 dataset *****
03/01/2026 03:12:22 - INFO - utils.trainer -   AUC: 0.94268
03/01/2026 03:12:22 - INFO - utils.trainer -   Accuracy: 0.88419
03/01/2026 03:12:22 - INFO - utils.trainer -   Precision: 0.89299
03/01/2026 03:12:22 - INFO - utils.trainer -   Recall: 0.84321
03/01/2026 03:12:22 - INFO - utils.trainer -   F_score: 0.86738
03/01/2026 03:12:22 - INFO - utils.trainer -   Specificity: 0.91761
03/01/2026 03:12:22 - INFO - utils.trainer -   Sensitivity: 0.84321
03/01/2026 03:12:22 - INFO - utils.trainer -   Loss: 0.14560
03/01/2026 03:12:22 - INFO - utils.trainer -   Epoch: 194, Train loss: 0.00246, Test loss: 0.14560,Epoch time = 5.859s
03/01/2026 03:12:28 - INFO - utils.trainer -   ***** Running evaluation on test1 dataset *****
03/01/2026 03:12:32 - INFO - utils.trainer -   AUC: 0.94270
03/01/2026 03:12:32 - INFO - utils.trainer -   Accuracy: 0.88211
03/01/2026 03:12:32 - INFO - utils.trainer -   Precision: 0.89343
03/01/2026 03:12:32 - INFO - utils.trainer -   Recall: 0.83740
03/01/2026 03:12:32 - INFO - utils.trainer -   F_score: 0.86451
03/01/2026 03:12:32 - INFO - utils.trainer -   Specificity: 0.91856
03/01/2026 03:12:32 - INFO - utils.trainer -   Sensitivity: 0.83740
03/01/2026 03:12:32 - INFO - utils.trainer -   Loss: 0.14638
03/01/2026 03:12:32 - INFO - utils.trainer -   Epoch: 195, Train loss: 0.00256, Test loss: 0.14638,Epoch time = 5.888s
03/01/2026 03:12:38 - INFO - utils.trainer -   ***** Running evaluation on test1 dataset *****
03/01/2026 03:12:42 - INFO - utils.trainer -   AUC: 0.94265
03/01/2026 03:12:42 - INFO - utils.trainer -   Accuracy: 0.88263
03/01/2026 03:12:42 - INFO - utils.trainer -   Precision: 0.88971
03/01/2026 03:12:42 - INFO - utils.trainer -   Recall: 0.84321
03/01/2026 03:12:42 - INFO - utils.trainer -   F_score: 0.86583
03/01/2026 03:12:42 - INFO - utils.trainer -   Specificity: 0.91477
03/01/2026 03:12:42 - INFO - utils.trainer -   Sensitivity: 0.84321
03/01/2026 03:12:42 - INFO - utils.trainer -   Loss: 0.14590
03/01/2026 03:12:42 - INFO - utils.trainer -   Epoch: 196, Train loss: 0.00245, Test loss: 0.14590,Epoch time = 5.894s
03/01/2026 03:12:47 - INFO - utils.trainer -   ***** Running evaluation on test1 dataset *****
03/01/2026 03:12:51 - INFO - utils.trainer -   AUC: 0.94272
03/01/2026 03:12:51 - INFO - utils.trainer -   Accuracy: 0.88315
03/01/2026 03:12:51 - INFO - utils.trainer -   Precision: 0.88889
03/01/2026 03:12:51 - INFO - utils.trainer -   Recall: 0.84553
03/01/2026 03:12:51 - INFO - utils.trainer -   F_score: 0.86667
03/01/2026 03:12:51 - INFO - utils.trainer -   Specificity: 0.91383
03/01/2026 03:12:51 - INFO - utils.trainer -   Sensitivity: 0.84553
03/01/2026 03:12:51 - INFO - utils.trainer -   Loss: 0.14505
03/01/2026 03:12:51 - INFO - utils.trainer -   Epoch: 197, Train loss: 0.00250, Test loss: 0.14505,Epoch time = 5.824s
03/01/2026 03:12:57 - INFO - utils.trainer -   ***** Running evaluation on test1 dataset *****
03/01/2026 03:13:01 - INFO - utils.trainer -   AUC: 0.94260
03/01/2026 03:13:01 - INFO - utils.trainer -   Accuracy: 0.88106
03/01/2026 03:13:01 - INFO - utils.trainer -   Precision: 0.89122
03/01/2026 03:13:01 - INFO - utils.trainer -   Recall: 0.83740
03/01/2026 03:13:01 - INFO - utils.trainer -   F_score: 0.86347
03/01/2026 03:13:01 - INFO - utils.trainer -   Specificity: 0.91667
03/01/2026 03:13:01 - INFO - utils.trainer -   Sensitivity: 0.83740
03/01/2026 03:13:01 - INFO - utils.trainer -   Loss: 0.14604
03/01/2026 03:13:01 - INFO - utils.trainer -   Epoch: 198, Train loss: 0.00252, Test loss: 0.14604,Epoch time = 5.860s
03/01/2026 03:13:07 - INFO - utils.trainer -   ***** Running evaluation on test1 dataset *****
03/01/2026 03:13:11 - INFO - utils.trainer -   AUC: 0.94275
03/01/2026 03:13:11 - INFO - utils.trainer -   Accuracy: 0.88419
03/01/2026 03:13:11 - INFO - utils.trainer -   Precision: 0.89106
03/01/2026 03:13:11 - INFO - utils.trainer -   Recall: 0.84553
03/01/2026 03:13:11 - INFO - utils.trainer -   F_score: 0.86770
03/01/2026 03:13:11 - INFO - utils.trainer -   Specificity: 0.91572
03/01/2026 03:13:11 - INFO - utils.trainer -   Sensitivity: 0.84553
03/01/2026 03:13:11 - INFO - utils.trainer -   Loss: 0.14554
03/01/2026 03:13:11 - INFO - utils.trainer -   Epoch: 199, Train loss: 0.00250, Test loss: 0.14554,Epoch time = 5.777s
03/01/2026 03:13:16 - INFO - utils.trainer -   ***** Running evaluation on test1 dataset *****
03/01/2026 03:13:20 - INFO - utils.trainer -   AUC: 0.94289
03/01/2026 03:13:20 - INFO - utils.trainer -   Accuracy: 0.88367
03/01/2026 03:13:20 - INFO - utils.trainer -   Precision: 0.88998
03/01/2026 03:13:20 - INFO - utils.trainer -   Recall: 0.84553
03/01/2026 03:13:20 - INFO - utils.trainer -   F_score: 0.86718
03/01/2026 03:13:20 - INFO - utils.trainer -   Specificity: 0.91477
03/01/2026 03:13:20 - INFO - utils.trainer -   Sensitivity: 0.84553
03/01/2026 03:13:20 - INFO - utils.trainer -   Loss: 0.14557
03/01/2026 03:13:20 - INFO - utils.trainer -   Epoch: 200, Train loss: 0.00247, Test loss: 0.14557,Epoch time = 5.953s
03/01/2026 03:13:32 - INFO - __main__ -   ########## Repeat:2 ##########
03/01/2026 03:13:32 - INFO - utils.trainer -   ***** Running training *****
03/01/2026 03:13:32 - INFO - utils.trainer -     Num examples = 239
03/01/2026 03:13:32 - INFO - utils.trainer -     Num Epochs = 200
03/01/2026 03:13:32 - INFO - utils.trainer -     Total train batch size = 16
03/01/2026 03:13:32 - INFO - utils.trainer -     warmup steps = 400
03/01/2026 03:13:32 - INFO - utils.trainer -     Total optimization steps = 47800
03/01/2026 03:13:32 - INFO - utils.trainer -     Save steps = 200
03/01/2026 03:13:32 - INFO - root -   Parameters [normal] length [10]
03/01/2026 03:13:38 - INFO - utils.trainer -   ***** Running evaluation on test2 dataset *****
03/01/2026 03:13:41 - INFO - utils.trainer -   AUC: 0.85070
03/01/2026 03:13:41 - INFO - utils.trainer -   Accuracy: 0.44914
03/01/2026 03:13:41 - INFO - utils.trainer -   Precision: 0.44914
03/01/2026 03:13:41 - INFO - utils.trainer -   Recall: 1.00000
03/01/2026 03:13:41 - INFO - utils.trainer -   F_score: 0.61987
03/01/2026 03:13:41 - INFO - utils.trainer -   Specificity: 0.00000
03/01/2026 03:13:41 - INFO - utils.trainer -   Sensitivity: 1.00000
03/01/2026 03:13:41 - INFO - utils.trainer -   Loss: 0.37484
03/01/2026 03:13:41 - INFO - utils.trainer -   Epoch: 1, Train loss: 0.72719, Test loss: 0.37484,Epoch time = 5.898s
03/01/2026 03:13:47 - INFO - utils.trainer -   ***** Running evaluation on test2 dataset *****
03/01/2026 03:13:51 - INFO - utils.trainer -   AUC: 0.88492
03/01/2026 03:13:51 - INFO - utils.trainer -   Accuracy: 0.44914
03/01/2026 03:13:51 - INFO - utils.trainer -   Precision: 0.44914
03/01/2026 03:13:51 - INFO - utils.trainer -   Recall: 1.00000
03/01/2026 03:13:51 - INFO - utils.trainer -   F_score: 0.61987
03/01/2026 03:13:51 - INFO - utils.trainer -   Specificity: 0.00000
03/01/2026 03:13:51 - INFO - utils.trainer -   Sensitivity: 1.00000
03/01/2026 03:13:51 - INFO - utils.trainer -   Loss: 0.37391
03/01/2026 03:13:51 - INFO - utils.trainer -   Epoch: 2, Train loss: 0.63298, Test loss: 0.37391,Epoch time = 5.815s
03/01/2026 03:13:57 - INFO - utils.trainer -   ***** Running evaluation on test2 dataset *****
03/01/2026 03:14:01 - INFO - utils.trainer -   AUC: 0.89549
03/01/2026 03:14:01 - INFO - utils.trainer -   Accuracy: 0.44914
03/01/2026 03:14:01 - INFO - utils.trainer -   Precision: 0.44914
03/01/2026 03:14:01 - INFO - utils.trainer -   Recall: 1.00000
03/01/2026 03:14:01 - INFO - utils.trainer -   F_score: 0.61987
03/01/2026 03:14:01 - INFO - utils.trainer -   Specificity: 0.00000
03/01/2026 03:14:01 - INFO - utils.trainer -   Sensitivity: 1.00000
03/01/2026 03:14:01 - INFO - utils.trainer -   Loss: 0.37297
03/01/2026 03:14:01 - INFO - utils.trainer -   Epoch: 3, Train loss: 0.53868, Test loss: 0.37297,Epoch time = 5.877s
03/01/2026 03:14:06 - INFO - utils.trainer -   ***** Running evaluation on test2 dataset *****
03/01/2026 03:14:10 - INFO - utils.trainer -   AUC: 0.90831
03/01/2026 03:14:10 - INFO - utils.trainer -   Accuracy: 0.44914
03/01/2026 03:14:10 - INFO - utils.trainer -   Precision: 0.44914
03/01/2026 03:14:10 - INFO - utils.trainer -   Recall: 1.00000
03/01/2026 03:14:10 - INFO - utils.trainer -   F_score: 0.61987
03/01/2026 03:14:10 - INFO - utils.trainer -   Specificity: 0.00000
03/01/2026 03:14:10 - INFO - utils.trainer -   Sensitivity: 1.00000
03/01/2026 03:14:10 - INFO - utils.trainer -   Loss: 0.37302
03/01/2026 03:14:10 - INFO - utils.trainer -   Epoch: 4, Train loss: 0.48034, Test loss: 0.37302,Epoch time = 5.745s
03/01/2026 03:14:16 - INFO - utils.trainer -   ***** Running evaluation on test2 dataset *****
03/01/2026 03:14:20 - INFO - utils.trainer -   AUC: 0.91640
03/01/2026 03:14:20 - INFO - utils.trainer -   Accuracy: 0.44914
03/01/2026 03:14:20 - INFO - utils.trainer -   Precision: 0.44914
03/01/2026 03:14:20 - INFO - utils.trainer -   Recall: 1.00000
03/01/2026 03:14:20 - INFO - utils.trainer -   F_score: 0.61987
03/01/2026 03:14:20 - INFO - utils.trainer -   Specificity: 0.00000
03/01/2026 03:14:20 - INFO - utils.trainer -   Sensitivity: 1.00000
03/01/2026 03:14:20 - INFO - utils.trainer -   Loss: 0.37246
03/01/2026 03:14:20 - INFO - utils.trainer -   Epoch: 5, Train loss: 0.38707, Test loss: 0.37246,Epoch time = 5.871s
03/01/2026 03:14:26 - INFO - utils.trainer -   ***** Running evaluation on test2 dataset *****
03/01/2026 03:14:30 - INFO - utils.trainer -   AUC: 0.92097
03/01/2026 03:14:30 - INFO - utils.trainer -   Accuracy: 0.44914
03/01/2026 03:14:30 - INFO - utils.trainer -   Precision: 0.44914
03/01/2026 03:14:30 - INFO - utils.trainer -   Recall: 1.00000
03/01/2026 03:14:30 - INFO - utils.trainer -   F_score: 0.61987
03/01/2026 03:14:30 - INFO - utils.trainer -   Specificity: 0.00000
03/01/2026 03:14:30 - INFO - utils.trainer -   Sensitivity: 1.00000
03/01/2026 03:14:30 - INFO - utils.trainer -   Loss: 0.37170
03/01/2026 03:14:30 - INFO - utils.trainer -   Epoch: 6, Train loss: 0.32740, Test loss: 0.37170,Epoch time = 5.965s
03/01/2026 03:14:36 - INFO - utils.trainer -   ***** Running evaluation on test2 dataset *****
03/01/2026 03:14:39 - INFO - utils.trainer -   AUC: 0.92788
03/01/2026 03:14:39 - INFO - utils.trainer -   Accuracy: 0.44914
03/01/2026 03:14:39 - INFO - utils.trainer -   Precision: 0.44914
03/01/2026 03:14:39 - INFO - utils.trainer -   Recall: 1.00000
03/01/2026 03:14:39 - INFO - utils.trainer -   F_score: 0.61987
03/01/2026 03:14:39 - INFO - utils.trainer -   Specificity: 0.00000
03/01/2026 03:14:39 - INFO - utils.trainer -   Sensitivity: 1.00000
03/01/2026 03:14:39 - INFO - utils.trainer -   Loss: 0.37138
03/01/2026 03:14:39 - INFO - utils.trainer -   Epoch: 7, Train loss: 0.30419, Test loss: 0.37138,Epoch time = 5.975s
03/01/2026 03:14:45 - INFO - utils.trainer -   ***** Running evaluation on test2 dataset *****
03/01/2026 03:14:49 - INFO - utils.trainer -   AUC: 0.93209
03/01/2026 03:14:49 - INFO - utils.trainer -   Accuracy: 0.44914
03/01/2026 03:14:49 - INFO - utils.trainer -   Precision: 0.44914
03/01/2026 03:14:49 - INFO - utils.trainer -   Recall: 1.00000
03/01/2026 03:14:49 - INFO - utils.trainer -   F_score: 0.61987
03/01/2026 03:14:49 - INFO - utils.trainer -   Specificity: 0.00000
03/01/2026 03:14:49 - INFO - utils.trainer -   Sensitivity: 1.00000
03/01/2026 03:14:49 - INFO - utils.trainer -   Loss: 0.37072
03/01/2026 03:14:49 - INFO - utils.trainer -   Epoch: 8, Train loss: 0.25752, Test loss: 0.37072,Epoch time = 5.816s
03/01/2026 03:14:55 - INFO - utils.trainer -   ***** Running evaluation on test2 dataset *****
03/01/2026 03:14:58 - INFO - utils.trainer -   AUC: 0.93375
03/01/2026 03:14:58 - INFO - utils.trainer -   Accuracy: 0.44914
03/01/2026 03:14:58 - INFO - utils.trainer -   Precision: 0.44914
03/01/2026 03:14:58 - INFO - utils.trainer -   Recall: 1.00000
03/01/2026 03:14:58 - INFO - utils.trainer -   F_score: 0.61987
03/01/2026 03:14:58 - INFO - utils.trainer -   Specificity: 0.00000
03/01/2026 03:14:58 - INFO - utils.trainer -   Sensitivity: 1.00000
03/01/2026 03:14:58 - INFO - utils.trainer -   Loss: 0.37051
03/01/2026 03:14:58 - INFO - utils.trainer -   Epoch: 9, Train loss: 0.24749, Test loss: 0.37051,Epoch time = 5.776s
03/01/2026 03:15:04 - INFO - utils.trainer -   ***** Running evaluation on test2 dataset *****
03/01/2026 03:15:08 - INFO - utils.trainer -   AUC: 0.92992
03/01/2026 03:15:08 - INFO - utils.trainer -   Accuracy: 0.44914
03/01/2026 03:15:08 - INFO - utils.trainer -   Precision: 0.44914
03/01/2026 03:15:08 - INFO - utils.trainer -   Recall: 1.00000
03/01/2026 03:15:08 - INFO - utils.trainer -   F_score: 0.61987
03/01/2026 03:15:08 - INFO - utils.trainer -   Specificity: 0.00000
03/01/2026 03:15:08 - INFO - utils.trainer -   Sensitivity: 1.00000
03/01/2026 03:15:08 - INFO - utils.trainer -   Loss: 0.37033
03/01/2026 03:15:08 - INFO - utils.trainer -   Epoch: 10, Train loss: 0.23595, Test loss: 0.37033,Epoch time = 5.769s
03/01/2026 03:15:14 - INFO - utils.trainer -   ***** Running evaluation on test2 dataset *****
03/01/2026 03:15:18 - INFO - utils.trainer -   AUC: 0.92799
03/01/2026 03:15:18 - INFO - utils.trainer -   Accuracy: 0.44914
03/01/2026 03:15:18 - INFO - utils.trainer -   Precision: 0.44914
03/01/2026 03:15:18 - INFO - utils.trainer -   Recall: 1.00000
03/01/2026 03:15:18 - INFO - utils.trainer -   F_score: 0.61987
03/01/2026 03:15:18 - INFO - utils.trainer -   Specificity: 0.00000
03/01/2026 03:15:18 - INFO - utils.trainer -   Sensitivity: 1.00000
03/01/2026 03:15:18 - INFO - utils.trainer -   Loss: 0.37007
03/01/2026 03:15:18 - INFO - utils.trainer -   Epoch: 11, Train loss: 0.23978, Test loss: 0.37007,Epoch time = 5.850s
03/01/2026 03:15:24 - INFO - utils.trainer -   ***** Running evaluation on test2 dataset *****
03/01/2026 03:15:27 - INFO - utils.trainer -   AUC: 0.93252
03/01/2026 03:15:27 - INFO - utils.trainer -   Accuracy: 0.44914
03/01/2026 03:15:27 - INFO - utils.trainer -   Precision: 0.44914
03/01/2026 03:15:27 - INFO - utils.trainer -   Recall: 1.00000
03/01/2026 03:15:27 - INFO - utils.trainer -   F_score: 0.61987
03/01/2026 03:15:27 - INFO - utils.trainer -   Specificity: 0.00000
03/01/2026 03:15:27 - INFO - utils.trainer -   Sensitivity: 1.00000
03/01/2026 03:15:27 - INFO - utils.trainer -   Loss: 0.36944
03/01/2026 03:15:27 - INFO - utils.trainer -   Epoch: 12, Train loss: 0.22940, Test loss: 0.36944,Epoch time = 5.773s
03/01/2026 03:15:33 - INFO - utils.trainer -   ***** Running evaluation on test2 dataset *****
03/01/2026 03:15:37 - INFO - utils.trainer -   AUC: 0.93347
03/01/2026 03:15:37 - INFO - utils.trainer -   Accuracy: 0.44914
03/01/2026 03:15:37 - INFO - utils.trainer -   Precision: 0.44914
03/01/2026 03:15:37 - INFO - utils.trainer -   Recall: 1.00000
03/01/2026 03:15:37 - INFO - utils.trainer -   F_score: 0.61987
03/01/2026 03:15:37 - INFO - utils.trainer -   Specificity: 0.00000
03/01/2026 03:15:37 - INFO - utils.trainer -   Sensitivity: 1.00000
03/01/2026 03:15:37 - INFO - utils.trainer -   Loss: 0.36996
03/01/2026 03:15:37 - INFO - utils.trainer -   Epoch: 13, Train loss: 0.22561, Test loss: 0.36996,Epoch time = 5.834s
03/01/2026 03:15:43 - INFO - utils.trainer -   ***** Running evaluation on test2 dataset *****
03/01/2026 03:15:47 - INFO - utils.trainer -   AUC: 0.93173
03/01/2026 03:15:47 - INFO - utils.trainer -   Accuracy: 0.44914
03/01/2026 03:15:47 - INFO - utils.trainer -   Precision: 0.44914
03/01/2026 03:15:47 - INFO - utils.trainer -   Recall: 1.00000
03/01/2026 03:15:47 - INFO - utils.trainer -   F_score: 0.61987
03/01/2026 03:15:47 - INFO - utils.trainer -   Specificity: 0.00000
03/01/2026 03:15:47 - INFO - utils.trainer -   Sensitivity: 1.00000
03/01/2026 03:15:47 - INFO - utils.trainer -   Loss: 0.36994
03/01/2026 03:15:47 - INFO - utils.trainer -   Epoch: 14, Train loss: 0.20582, Test loss: 0.36994,Epoch time = 5.795s
03/01/2026 03:15:52 - INFO - utils.trainer -   ***** Running evaluation on test2 dataset *****
03/01/2026 03:15:56 - INFO - utils.trainer -   AUC: 0.93150
03/01/2026 03:15:56 - INFO - utils.trainer -   Accuracy: 0.44914
03/01/2026 03:15:56 - INFO - utils.trainer -   Precision: 0.44914
03/01/2026 03:15:56 - INFO - utils.trainer -   Recall: 1.00000
03/01/2026 03:15:56 - INFO - utils.trainer -   F_score: 0.61987
03/01/2026 03:15:56 - INFO - utils.trainer -   Specificity: 0.00000
03/01/2026 03:15:56 - INFO - utils.trainer -   Sensitivity: 1.00000
03/01/2026 03:15:56 - INFO - utils.trainer -   Loss: 0.36943
03/01/2026 03:15:56 - INFO - utils.trainer -   Epoch: 15, Train loss: 0.19910, Test loss: 0.36943,Epoch time = 5.726s
03/01/2026 03:16:02 - INFO - utils.trainer -   ***** Running evaluation on test2 dataset *****
03/01/2026 03:16:06 - INFO - utils.trainer -   AUC: 0.92807
03/01/2026 03:16:06 - INFO - utils.trainer -   Accuracy: 0.44914
03/01/2026 03:16:06 - INFO - utils.trainer -   Precision: 0.44914
03/01/2026 03:16:06 - INFO - utils.trainer -   Recall: 1.00000
03/01/2026 03:16:06 - INFO - utils.trainer -   F_score: 0.61987
03/01/2026 03:16:06 - INFO - utils.trainer -   Specificity: 0.00000
03/01/2026 03:16:06 - INFO - utils.trainer -   Sensitivity: 1.00000
03/01/2026 03:16:06 - INFO - utils.trainer -   Loss: 0.36975
03/01/2026 03:16:06 - INFO - utils.trainer -   Epoch: 16, Train loss: 0.20630, Test loss: 0.36975,Epoch time = 5.984s
03/01/2026 03:16:12 - INFO - utils.trainer -   ***** Running evaluation on test2 dataset *****
03/01/2026 03:16:16 - INFO - utils.trainer -   AUC: 0.92616
03/01/2026 03:16:16 - INFO - utils.trainer -   Accuracy: 0.44914
03/01/2026 03:16:16 - INFO - utils.trainer -   Precision: 0.44914
03/01/2026 03:16:16 - INFO - utils.trainer -   Recall: 1.00000
03/01/2026 03:16:16 - INFO - utils.trainer -   F_score: 0.61987
03/01/2026 03:16:16 - INFO - utils.trainer -   Specificity: 0.00000
03/01/2026 03:16:16 - INFO - utils.trainer -   Sensitivity: 1.00000
03/01/2026 03:16:16 - INFO - utils.trainer -   Loss: 0.37018
03/01/2026 03:16:16 - INFO - utils.trainer -   Epoch: 17, Train loss: 0.21667, Test loss: 0.37018,Epoch time = 5.902s
03/01/2026 03:16:22 - INFO - utils.trainer -   ***** Running evaluation on test2 dataset *****
03/01/2026 03:16:25 - INFO - utils.trainer -   AUC: 0.92511
03/01/2026 03:16:25 - INFO - utils.trainer -   Accuracy: 0.44914
03/01/2026 03:16:25 - INFO - utils.trainer -   Precision: 0.44914
03/01/2026 03:16:25 - INFO - utils.trainer -   Recall: 1.00000
03/01/2026 03:16:25 - INFO - utils.trainer -   F_score: 0.61987
03/01/2026 03:16:25 - INFO - utils.trainer -   Specificity: 0.00000
03/01/2026 03:16:25 - INFO - utils.trainer -   Sensitivity: 1.00000
03/01/2026 03:16:25 - INFO - utils.trainer -   Loss: 0.36985
03/01/2026 03:16:25 - INFO - utils.trainer -   Epoch: 18, Train loss: 0.20744, Test loss: 0.36985,Epoch time = 5.906s
03/01/2026 03:16:31 - INFO - utils.trainer -   ***** Running evaluation on test2 dataset *****
03/01/2026 03:16:35 - INFO - utils.trainer -   AUC: 0.92228
03/01/2026 03:16:35 - INFO - utils.trainer -   Accuracy: 0.44914
03/01/2026 03:16:35 - INFO - utils.trainer -   Precision: 0.44914
03/01/2026 03:16:35 - INFO - utils.trainer -   Recall: 1.00000
03/01/2026 03:16:35 - INFO - utils.trainer -   F_score: 0.61987
03/01/2026 03:16:35 - INFO - utils.trainer -   Specificity: 0.00000
03/01/2026 03:16:35 - INFO - utils.trainer -   Sensitivity: 1.00000
03/01/2026 03:16:35 - INFO - utils.trainer -   Loss: 0.37005
03/01/2026 03:16:35 - INFO - utils.trainer -   Epoch: 19, Train loss: 0.21857, Test loss: 0.37005,Epoch time = 5.823s
03/01/2026 03:16:41 - INFO - utils.trainer -   ***** Running evaluation on test2 dataset *****
03/01/2026 03:16:45 - INFO - utils.trainer -   AUC: 0.93169
03/01/2026 03:16:45 - INFO - utils.trainer -   Accuracy: 0.44914
03/01/2026 03:16:45 - INFO - utils.trainer -   Precision: 0.44914
03/01/2026 03:16:45 - INFO - utils.trainer -   Recall: 1.00000
03/01/2026 03:16:45 - INFO - utils.trainer -   F_score: 0.61987
03/01/2026 03:16:45 - INFO - utils.trainer -   Specificity: 0.00000
03/01/2026 03:16:45 - INFO - utils.trainer -   Sensitivity: 1.00000
03/01/2026 03:16:45 - INFO - utils.trainer -   Loss: 0.36971
03/01/2026 03:16:45 - INFO - utils.trainer -   Epoch: 20, Train loss: 0.22320, Test loss: 0.36971,Epoch time = 5.826s
03/01/2026 03:16:51 - INFO - utils.trainer -   ***** Running evaluation on test2 dataset *****
03/01/2026 03:16:55 - INFO - utils.trainer -   AUC: 0.93311
03/01/2026 03:16:55 - INFO - utils.trainer -   Accuracy: 0.44914
03/01/2026 03:16:55 - INFO - utils.trainer -   Precision: 0.44914
03/01/2026 03:16:55 - INFO - utils.trainer -   Recall: 1.00000
03/01/2026 03:16:55 - INFO - utils.trainer -   F_score: 0.61987
03/01/2026 03:16:55 - INFO - utils.trainer -   Specificity: 0.00000
03/01/2026 03:16:55 - INFO - utils.trainer -   Sensitivity: 1.00000
03/01/2026 03:16:55 - INFO - utils.trainer -   Loss: 0.36941
03/01/2026 03:16:55 - INFO - utils.trainer -   Epoch: 21, Train loss: 0.20139, Test loss: 0.36941,Epoch time = 6.158s
03/01/2026 03:17:00 - INFO - utils.trainer -   ***** Running evaluation on test2 dataset *****
03/01/2026 03:17:04 - INFO - utils.trainer -   AUC: 0.93456
03/01/2026 03:17:04 - INFO - utils.trainer -   Accuracy: 0.44914
03/01/2026 03:17:04 - INFO - utils.trainer -   Precision: 0.44914
03/01/2026 03:17:04 - INFO - utils.trainer -   Recall: 1.00000
03/01/2026 03:17:04 - INFO - utils.trainer -   F_score: 0.61987
03/01/2026 03:17:04 - INFO - utils.trainer -   Specificity: 0.00000
03/01/2026 03:17:04 - INFO - utils.trainer -   Sensitivity: 1.00000
03/01/2026 03:17:04 - INFO - utils.trainer -   Loss: 0.36959
03/01/2026 03:17:04 - INFO - utils.trainer -   Epoch: 22, Train loss: 0.18811, Test loss: 0.36959,Epoch time = 5.794s
03/01/2026 03:17:10 - INFO - utils.trainer -   ***** Running evaluation on test2 dataset *****
03/01/2026 03:17:14 - INFO - utils.trainer -   AUC: 0.93389
03/01/2026 03:17:14 - INFO - utils.trainer -   Accuracy: 0.44914
03/01/2026 03:17:14 - INFO - utils.trainer -   Precision: 0.44914
03/01/2026 03:17:14 - INFO - utils.trainer -   Recall: 1.00000
03/01/2026 03:17:14 - INFO - utils.trainer -   F_score: 0.61987
03/01/2026 03:17:14 - INFO - utils.trainer -   Specificity: 0.00000
03/01/2026 03:17:14 - INFO - utils.trainer -   Sensitivity: 1.00000
03/01/2026 03:17:14 - INFO - utils.trainer -   Loss: 0.36994
03/01/2026 03:17:14 - INFO - utils.trainer -   Epoch: 23, Train loss: 0.18834, Test loss: 0.36994,Epoch time = 6.076s
03/01/2026 03:17:20 - INFO - utils.trainer -   ***** Running evaluation on test2 dataset *****
03/01/2026 03:17:24 - INFO - utils.trainer -   AUC: 0.93638
03/01/2026 03:17:24 - INFO - utils.trainer -   Accuracy: 0.44914
03/01/2026 03:17:24 - INFO - utils.trainer -   Precision: 0.44914
03/01/2026 03:17:24 - INFO - utils.trainer -   Recall: 1.00000
03/01/2026 03:17:24 - INFO - utils.trainer -   F_score: 0.61987
03/01/2026 03:17:24 - INFO - utils.trainer -   Specificity: 0.00000
03/01/2026 03:17:24 - INFO - utils.trainer -   Sensitivity: 1.00000
03/01/2026 03:17:24 - INFO - utils.trainer -   Loss: 0.36966
03/01/2026 03:17:24 - INFO - utils.trainer -   Epoch: 24, Train loss: 0.18733, Test loss: 0.36966,Epoch time = 5.777s
03/01/2026 03:17:30 - INFO - utils.trainer -   ***** Running evaluation on test2 dataset *****
03/01/2026 03:17:33 - INFO - utils.trainer -   AUC: 0.93778
03/01/2026 03:17:33 - INFO - utils.trainer -   Accuracy: 0.44914
03/01/2026 03:17:33 - INFO - utils.trainer -   Precision: 0.44914
03/01/2026 03:17:33 - INFO - utils.trainer -   Recall: 1.00000
03/01/2026 03:17:33 - INFO - utils.trainer -   F_score: 0.61987
03/01/2026 03:17:33 - INFO - utils.trainer -   Specificity: 0.00000
03/01/2026 03:17:33 - INFO - utils.trainer -   Sensitivity: 1.00000
03/01/2026 03:17:33 - INFO - utils.trainer -   Loss: 0.36966
03/01/2026 03:17:33 - INFO - utils.trainer -   Epoch: 25, Train loss: 0.18631, Test loss: 0.36966,Epoch time = 5.940s
03/01/2026 03:17:39 - INFO - utils.trainer -   ***** Running evaluation on test2 dataset *****
03/01/2026 03:17:43 - INFO - utils.trainer -   AUC: 0.93221
03/01/2026 03:17:43 - INFO - utils.trainer -   Accuracy: 0.44914
03/01/2026 03:17:43 - INFO - utils.trainer -   Precision: 0.44914
03/01/2026 03:17:43 - INFO - utils.trainer -   Recall: 1.00000
03/01/2026 03:17:43 - INFO - utils.trainer -   F_score: 0.61987
03/01/2026 03:17:43 - INFO - utils.trainer -   Specificity: 0.00000
03/01/2026 03:17:43 - INFO - utils.trainer -   Sensitivity: 1.00000
03/01/2026 03:17:43 - INFO - utils.trainer -   Loss: 0.36968
03/01/2026 03:17:43 - INFO - utils.trainer -   Epoch: 26, Train loss: 0.19044, Test loss: 0.36968,Epoch time = 5.887s
03/01/2026 03:17:49 - INFO - utils.trainer -   ***** Running evaluation on test2 dataset *****
03/01/2026 03:17:52 - INFO - utils.trainer -   AUC: 0.92710
03/01/2026 03:17:52 - INFO - utils.trainer -   Accuracy: 0.44914
03/01/2026 03:17:52 - INFO - utils.trainer -   Precision: 0.44914
03/01/2026 03:17:52 - INFO - utils.trainer -   Recall: 1.00000
03/01/2026 03:17:52 - INFO - utils.trainer -   F_score: 0.61987
03/01/2026 03:17:52 - INFO - utils.trainer -   Specificity: 0.00000
03/01/2026 03:17:52 - INFO - utils.trainer -   Sensitivity: 1.00000
03/01/2026 03:17:52 - INFO - utils.trainer -   Loss: 0.36977
03/01/2026 03:17:52 - INFO - utils.trainer -   Epoch: 27, Train loss: 0.20212, Test loss: 0.36977,Epoch time = 5.744s
03/01/2026 03:17:58 - INFO - utils.trainer -   ***** Running evaluation on test2 dataset *****
03/01/2026 03:18:02 - INFO - utils.trainer -   AUC: 0.93866
03/01/2026 03:18:02 - INFO - utils.trainer -   Accuracy: 0.44914
03/01/2026 03:18:02 - INFO - utils.trainer -   Precision: 0.44914
03/01/2026 03:18:02 - INFO - utils.trainer -   Recall: 1.00000
03/01/2026 03:18:02 - INFO - utils.trainer -   F_score: 0.61987
03/01/2026 03:18:02 - INFO - utils.trainer -   Specificity: 0.00000
03/01/2026 03:18:02 - INFO - utils.trainer -   Sensitivity: 1.00000
03/01/2026 03:18:02 - INFO - utils.trainer -   Loss: 0.36942
03/01/2026 03:18:02 - INFO - utils.trainer -   Epoch: 28, Train loss: 0.21172, Test loss: 0.36942,Epoch time = 5.809s
03/01/2026 03:18:08 - INFO - utils.trainer -   ***** Running evaluation on test2 dataset *****
03/01/2026 03:18:12 - INFO - utils.trainer -   AUC: 0.93415
03/01/2026 03:18:12 - INFO - utils.trainer -   Accuracy: 0.44914
03/01/2026 03:18:12 - INFO - utils.trainer -   Precision: 0.44914
03/01/2026 03:18:12 - INFO - utils.trainer -   Recall: 1.00000
03/01/2026 03:18:12 - INFO - utils.trainer -   F_score: 0.61987
03/01/2026 03:18:12 - INFO - utils.trainer -   Specificity: 0.00000
03/01/2026 03:18:12 - INFO - utils.trainer -   Sensitivity: 1.00000
03/01/2026 03:18:12 - INFO - utils.trainer -   Loss: 0.36957
03/01/2026 03:18:12 - INFO - utils.trainer -   Epoch: 29, Train loss: 0.19200, Test loss: 0.36957,Epoch time = 5.759s
03/01/2026 03:18:18 - INFO - utils.trainer -   ***** Running evaluation on test2 dataset *****
03/01/2026 03:18:22 - INFO - utils.trainer -   AUC: 0.93220
03/01/2026 03:18:22 - INFO - utils.trainer -   Accuracy: 0.44914
03/01/2026 03:18:22 - INFO - utils.trainer -   Precision: 0.44914
03/01/2026 03:18:22 - INFO - utils.trainer -   Recall: 1.00000
03/01/2026 03:18:22 - INFO - utils.trainer -   F_score: 0.61987
03/01/2026 03:18:22 - INFO - utils.trainer -   Specificity: 0.00000
03/01/2026 03:18:22 - INFO - utils.trainer -   Sensitivity: 1.00000
03/01/2026 03:18:22 - INFO - utils.trainer -   Loss: 0.36964
03/01/2026 03:18:22 - INFO - utils.trainer -   Epoch: 30, Train loss: 0.19338, Test loss: 0.36964,Epoch time = 6.124s
03/01/2026 03:18:27 - INFO - utils.trainer -   ***** Running evaluation on test2 dataset *****
03/01/2026 03:18:31 - INFO - utils.trainer -   AUC: 0.92792
03/01/2026 03:18:31 - INFO - utils.trainer -   Accuracy: 0.44914
03/01/2026 03:18:31 - INFO - utils.trainer -   Precision: 0.44914
03/01/2026 03:18:31 - INFO - utils.trainer -   Recall: 1.00000
03/01/2026 03:18:31 - INFO - utils.trainer -   F_score: 0.61987
03/01/2026 03:18:31 - INFO - utils.trainer -   Specificity: 0.00000
03/01/2026 03:18:31 - INFO - utils.trainer -   Sensitivity: 1.00000
03/01/2026 03:18:31 - INFO - utils.trainer -   Loss: 0.36969
03/01/2026 03:18:31 - INFO - utils.trainer -   Epoch: 31, Train loss: 0.19808, Test loss: 0.36969,Epoch time = 5.825s
03/01/2026 03:18:37 - INFO - utils.trainer -   ***** Running evaluation on test2 dataset *****
03/01/2026 03:18:41 - INFO - utils.trainer -   AUC: 0.92919
03/01/2026 03:18:41 - INFO - utils.trainer -   Accuracy: 0.44914
03/01/2026 03:18:41 - INFO - utils.trainer -   Precision: 0.44914
03/01/2026 03:18:41 - INFO - utils.trainer -   Recall: 1.00000
03/01/2026 03:18:41 - INFO - utils.trainer -   F_score: 0.61987
03/01/2026 03:18:41 - INFO - utils.trainer -   Specificity: 0.00000
03/01/2026 03:18:41 - INFO - utils.trainer -   Sensitivity: 1.00000
03/01/2026 03:18:41 - INFO - utils.trainer -   Loss: 0.37016
03/01/2026 03:18:41 - INFO - utils.trainer -   Epoch: 32, Train loss: 0.19925, Test loss: 0.37016,Epoch time = 5.759s
03/01/2026 03:18:47 - INFO - utils.trainer -   ***** Running evaluation on test2 dataset *****
03/01/2026 03:18:50 - INFO - utils.trainer -   AUC: 0.93390
03/01/2026 03:18:50 - INFO - utils.trainer -   Accuracy: 0.44914
03/01/2026 03:18:50 - INFO - utils.trainer -   Precision: 0.44914
03/01/2026 03:18:50 - INFO - utils.trainer -   Recall: 1.00000
03/01/2026 03:18:50 - INFO - utils.trainer -   F_score: 0.61987
03/01/2026 03:18:50 - INFO - utils.trainer -   Specificity: 0.00000
03/01/2026 03:18:50 - INFO - utils.trainer -   Sensitivity: 1.00000
03/01/2026 03:18:50 - INFO - utils.trainer -   Loss: 0.36966
03/01/2026 03:18:50 - INFO - utils.trainer -   Epoch: 33, Train loss: 0.19334, Test loss: 0.36966,Epoch time = 5.852s
03/01/2026 03:18:56 - INFO - utils.trainer -   ***** Running evaluation on test2 dataset *****
03/01/2026 03:19:00 - INFO - utils.trainer -   AUC: 0.93496
03/01/2026 03:19:00 - INFO - utils.trainer -   Accuracy: 0.44914
03/01/2026 03:19:00 - INFO - utils.trainer -   Precision: 0.44914
03/01/2026 03:19:00 - INFO - utils.trainer -   Recall: 1.00000
03/01/2026 03:19:00 - INFO - utils.trainer -   F_score: 0.61987
03/01/2026 03:19:00 - INFO - utils.trainer -   Specificity: 0.00000
03/01/2026 03:19:00 - INFO - utils.trainer -   Sensitivity: 1.00000
03/01/2026 03:19:00 - INFO - utils.trainer -   Loss: 0.36990
03/01/2026 03:19:00 - INFO - utils.trainer -   Epoch: 34, Train loss: 0.18167, Test loss: 0.36990,Epoch time = 5.842s
03/01/2026 03:19:06 - INFO - utils.trainer -   ***** Running evaluation on test2 dataset *****
03/01/2026 03:19:10 - INFO - utils.trainer -   AUC: 0.93510
03/01/2026 03:19:10 - INFO - utils.trainer -   Accuracy: 0.44914
03/01/2026 03:19:10 - INFO - utils.trainer -   Precision: 0.44914
03/01/2026 03:19:10 - INFO - utils.trainer -   Recall: 1.00000
03/01/2026 03:19:10 - INFO - utils.trainer -   F_score: 0.61987
03/01/2026 03:19:10 - INFO - utils.trainer -   Specificity: 0.00000
03/01/2026 03:19:10 - INFO - utils.trainer -   Sensitivity: 1.00000
03/01/2026 03:19:10 - INFO - utils.trainer -   Loss: 0.36966
03/01/2026 03:19:10 - INFO - utils.trainer -   Epoch: 35, Train loss: 0.18148, Test loss: 0.36966,Epoch time = 5.757s
03/01/2026 03:19:15 - INFO - utils.trainer -   ***** Running evaluation on test2 dataset *****
03/01/2026 03:19:19 - INFO - utils.trainer -   AUC: 0.93578
03/01/2026 03:19:19 - INFO - utils.trainer -   Accuracy: 0.44914
03/01/2026 03:19:19 - INFO - utils.trainer -   Precision: 0.44914
03/01/2026 03:19:19 - INFO - utils.trainer -   Recall: 1.00000
03/01/2026 03:19:19 - INFO - utils.trainer -   F_score: 0.61987
03/01/2026 03:19:19 - INFO - utils.trainer -   Specificity: 0.00000
03/01/2026 03:19:19 - INFO - utils.trainer -   Sensitivity: 1.00000
03/01/2026 03:19:19 - INFO - utils.trainer -   Loss: 0.36962
03/01/2026 03:19:19 - INFO - utils.trainer -   Epoch: 36, Train loss: 0.18698, Test loss: 0.36962,Epoch time = 5.714s
03/01/2026 03:19:25 - INFO - utils.trainer -   ***** Running evaluation on test2 dataset *****
03/01/2026 03:19:28 - INFO - utils.trainer -   AUC: 0.92683
03/01/2026 03:19:28 - INFO - utils.trainer -   Accuracy: 0.44914
03/01/2026 03:19:28 - INFO - utils.trainer -   Precision: 0.44914
03/01/2026 03:19:28 - INFO - utils.trainer -   Recall: 1.00000
03/01/2026 03:19:28 - INFO - utils.trainer -   F_score: 0.61987
03/01/2026 03:19:28 - INFO - utils.trainer -   Specificity: 0.00000
03/01/2026 03:19:28 - INFO - utils.trainer -   Sensitivity: 1.00000
03/01/2026 03:19:28 - INFO - utils.trainer -   Loss: 0.36982
03/01/2026 03:19:28 - INFO - utils.trainer -   Epoch: 37, Train loss: 0.19232, Test loss: 0.36982,Epoch time = 5.766s
03/01/2026 03:19:34 - INFO - utils.trainer -   ***** Running evaluation on test2 dataset *****
03/01/2026 03:19:38 - INFO - utils.trainer -   AUC: 0.92844
03/01/2026 03:19:38 - INFO - utils.trainer -   Accuracy: 0.44914
03/01/2026 03:19:38 - INFO - utils.trainer -   Precision: 0.44914
03/01/2026 03:19:38 - INFO - utils.trainer -   Recall: 1.00000
03/01/2026 03:19:38 - INFO - utils.trainer -   F_score: 0.61987
03/01/2026 03:19:38 - INFO - utils.trainer -   Specificity: 0.00000
03/01/2026 03:19:38 - INFO - utils.trainer -   Sensitivity: 1.00000
03/01/2026 03:19:38 - INFO - utils.trainer -   Loss: 0.37011
03/01/2026 03:19:38 - INFO - utils.trainer -   Epoch: 38, Train loss: 0.21901, Test loss: 0.37011,Epoch time = 5.861s
03/01/2026 03:19:44 - INFO - utils.trainer -   ***** Running evaluation on test2 dataset *****
03/01/2026 03:19:48 - INFO - utils.trainer -   AUC: 0.92817
03/01/2026 03:19:48 - INFO - utils.trainer -   Accuracy: 0.44914
03/01/2026 03:19:48 - INFO - utils.trainer -   Precision: 0.44914
03/01/2026 03:19:48 - INFO - utils.trainer -   Recall: 1.00000
03/01/2026 03:19:48 - INFO - utils.trainer -   F_score: 0.61987
03/01/2026 03:19:48 - INFO - utils.trainer -   Specificity: 0.00000
03/01/2026 03:19:48 - INFO - utils.trainer -   Sensitivity: 1.00000
03/01/2026 03:19:48 - INFO - utils.trainer -   Loss: 0.36961
03/01/2026 03:19:48 - INFO - utils.trainer -   Epoch: 39, Train loss: 0.18865, Test loss: 0.36961,Epoch time = 5.918s
03/01/2026 03:19:54 - INFO - utils.trainer -   ***** Running evaluation on test2 dataset *****
03/01/2026 03:19:57 - INFO - utils.trainer -   AUC: 0.93424
03/01/2026 03:19:57 - INFO - utils.trainer -   Accuracy: 0.44914
03/01/2026 03:19:57 - INFO - utils.trainer -   Precision: 0.44914
03/01/2026 03:19:57 - INFO - utils.trainer -   Recall: 1.00000
03/01/2026 03:19:57 - INFO - utils.trainer -   F_score: 0.61987
03/01/2026 03:19:57 - INFO - utils.trainer -   Specificity: 0.00000
03/01/2026 03:19:57 - INFO - utils.trainer -   Sensitivity: 1.00000
03/01/2026 03:19:57 - INFO - utils.trainer -   Loss: 0.36971
03/01/2026 03:19:57 - INFO - utils.trainer -   Epoch: 40, Train loss: 0.20390, Test loss: 0.36971,Epoch time = 5.924s
03/01/2026 03:20:04 - INFO - utils.trainer -   ***** Running evaluation on test2 dataset *****
03/01/2026 03:20:07 - INFO - utils.trainer -   AUC: 0.93186
03/01/2026 03:20:07 - INFO - utils.trainer -   Accuracy: 0.44914
03/01/2026 03:20:07 - INFO - utils.trainer -   Precision: 0.44914
03/01/2026 03:20:07 - INFO - utils.trainer -   Recall: 1.00000
03/01/2026 03:20:07 - INFO - utils.trainer -   F_score: 0.61987
03/01/2026 03:20:07 - INFO - utils.trainer -   Specificity: 0.00000
03/01/2026 03:20:07 - INFO - utils.trainer -   Sensitivity: 1.00000
03/01/2026 03:20:07 - INFO - utils.trainer -   Loss: 0.36967
03/01/2026 03:20:07 - INFO - utils.trainer -   Epoch: 41, Train loss: 0.18835, Test loss: 0.36967,Epoch time = 6.074s
03/01/2026 03:20:13 - INFO - utils.trainer -   ***** Running evaluation on test2 dataset *****
03/01/2026 03:20:17 - INFO - utils.trainer -   AUC: 0.93326
03/01/2026 03:20:17 - INFO - utils.trainer -   Accuracy: 0.44914
03/01/2026 03:20:17 - INFO - utils.trainer -   Precision: 0.44914
03/01/2026 03:20:17 - INFO - utils.trainer -   Recall: 1.00000
03/01/2026 03:20:17 - INFO - utils.trainer -   F_score: 0.61987
03/01/2026 03:20:17 - INFO - utils.trainer -   Specificity: 0.00000
03/01/2026 03:20:17 - INFO - utils.trainer -   Sensitivity: 1.00000
03/01/2026 03:20:17 - INFO - utils.trainer -   Loss: 0.36998
03/01/2026 03:20:17 - INFO - utils.trainer -   Epoch: 42, Train loss: 0.18817, Test loss: 0.36998,Epoch time = 5.889s
03/01/2026 03:20:23 - INFO - utils.trainer -   ***** Running evaluation on test2 dataset *****
03/01/2026 03:20:27 - INFO - utils.trainer -   AUC: 0.93231
03/01/2026 03:20:27 - INFO - utils.trainer -   Accuracy: 0.44914
03/01/2026 03:20:27 - INFO - utils.trainer -   Precision: 0.44914
03/01/2026 03:20:27 - INFO - utils.trainer -   Recall: 1.00000
03/01/2026 03:20:27 - INFO - utils.trainer -   F_score: 0.61987
03/01/2026 03:20:27 - INFO - utils.trainer -   Specificity: 0.00000
03/01/2026 03:20:27 - INFO - utils.trainer -   Sensitivity: 1.00000
03/01/2026 03:20:27 - INFO - utils.trainer -   Loss: 0.36976
03/01/2026 03:20:27 - INFO - utils.trainer -   Epoch: 43, Train loss: 0.18489, Test loss: 0.36976,Epoch time = 5.830s
03/01/2026 03:20:33 - INFO - utils.trainer -   ***** Running evaluation on test2 dataset *****
03/01/2026 03:20:36 - INFO - utils.trainer -   AUC: 0.93461
03/01/2026 03:20:36 - INFO - utils.trainer -   Accuracy: 0.44914
03/01/2026 03:20:36 - INFO - utils.trainer -   Precision: 0.44914
03/01/2026 03:20:36 - INFO - utils.trainer -   Recall: 1.00000
03/01/2026 03:20:36 - INFO - utils.trainer -   F_score: 0.61987
03/01/2026 03:20:36 - INFO - utils.trainer -   Specificity: 0.00000
03/01/2026 03:20:36 - INFO - utils.trainer -   Sensitivity: 1.00000
03/01/2026 03:20:36 - INFO - utils.trainer -   Loss: 0.36971
03/01/2026 03:20:36 - INFO - utils.trainer -   Epoch: 44, Train loss: 0.18810, Test loss: 0.36971,Epoch time = 6.035s
03/01/2026 03:20:43 - INFO - utils.trainer -   ***** Running evaluation on test2 dataset *****
03/01/2026 03:20:47 - INFO - utils.trainer -   AUC: 0.93426
03/01/2026 03:20:47 - INFO - utils.trainer -   Accuracy: 0.44914
03/01/2026 03:20:47 - INFO - utils.trainer -   Precision: 0.44914
03/01/2026 03:20:47 - INFO - utils.trainer -   Recall: 1.00000
03/01/2026 03:20:47 - INFO - utils.trainer -   F_score: 0.61987
03/01/2026 03:20:47 - INFO - utils.trainer -   Specificity: 0.00000
03/01/2026 03:20:47 - INFO - utils.trainer -   Sensitivity: 1.00000
03/01/2026 03:20:47 - INFO - utils.trainer -   Loss: 0.36983
03/01/2026 03:20:47 - INFO - utils.trainer -   Epoch: 45, Train loss: 0.18918, Test loss: 0.36983,Epoch time = 6.890s
03/01/2026 03:20:53 - INFO - utils.trainer -   ***** Running evaluation on test2 dataset *****
03/01/2026 03:20:57 - INFO - utils.trainer -   AUC: 0.93274
03/01/2026 03:20:57 - INFO - utils.trainer -   Accuracy: 0.44914
03/01/2026 03:20:57 - INFO - utils.trainer -   Precision: 0.44914
03/01/2026 03:20:57 - INFO - utils.trainer -   Recall: 1.00000
03/01/2026 03:20:57 - INFO - utils.trainer -   F_score: 0.61987
03/01/2026 03:20:57 - INFO - utils.trainer -   Specificity: 0.00000
03/01/2026 03:20:57 - INFO - utils.trainer -   Sensitivity: 1.00000
03/01/2026 03:20:57 - INFO - utils.trainer -   Loss: 0.36968
03/01/2026 03:20:57 - INFO - utils.trainer -   Epoch: 46, Train loss: 0.19490, Test loss: 0.36968,Epoch time = 6.009s
03/01/2026 03:21:03 - INFO - utils.trainer -   ***** Running evaluation on test2 dataset *****
03/01/2026 03:21:07 - INFO - utils.trainer -   AUC: 0.93412
03/01/2026 03:21:07 - INFO - utils.trainer -   Accuracy: 0.44914
03/01/2026 03:21:07 - INFO - utils.trainer -   Precision: 0.44914
03/01/2026 03:21:07 - INFO - utils.trainer -   Recall: 1.00000
03/01/2026 03:21:07 - INFO - utils.trainer -   F_score: 0.61987
03/01/2026 03:21:07 - INFO - utils.trainer -   Specificity: 0.00000
03/01/2026 03:21:07 - INFO - utils.trainer -   Sensitivity: 1.00000
03/01/2026 03:21:07 - INFO - utils.trainer -   Loss: 0.36971
03/01/2026 03:21:07 - INFO - utils.trainer -   Epoch: 47, Train loss: 0.19067, Test loss: 0.36971,Epoch time = 5.907s
03/01/2026 03:21:13 - INFO - utils.trainer -   ***** Running evaluation on test2 dataset *****
03/01/2026 03:21:17 - INFO - utils.trainer -   AUC: 0.93829
03/01/2026 03:21:17 - INFO - utils.trainer -   Accuracy: 0.44914
03/01/2026 03:21:17 - INFO - utils.trainer -   Precision: 0.44914
03/01/2026 03:21:17 - INFO - utils.trainer -   Recall: 1.00000
03/01/2026 03:21:17 - INFO - utils.trainer -   F_score: 0.61987
03/01/2026 03:21:17 - INFO - utils.trainer -   Specificity: 0.00000
03/01/2026 03:21:17 - INFO - utils.trainer -   Sensitivity: 1.00000
03/01/2026 03:21:17 - INFO - utils.trainer -   Loss: 0.36963
03/01/2026 03:21:17 - INFO - utils.trainer -   Epoch: 48, Train loss: 0.19086, Test loss: 0.36963,Epoch time = 5.844s
03/01/2026 03:21:23 - INFO - utils.trainer -   ***** Running evaluation on test2 dataset *****
03/01/2026 03:21:27 - INFO - utils.trainer -   AUC: 0.93319
03/01/2026 03:21:27 - INFO - utils.trainer -   Accuracy: 0.44914
03/01/2026 03:21:27 - INFO - utils.trainer -   Precision: 0.44914
03/01/2026 03:21:27 - INFO - utils.trainer -   Recall: 1.00000
03/01/2026 03:21:27 - INFO - utils.trainer -   F_score: 0.61987
03/01/2026 03:21:27 - INFO - utils.trainer -   Specificity: 0.00000
03/01/2026 03:21:27 - INFO - utils.trainer -   Sensitivity: 1.00000
03/01/2026 03:21:27 - INFO - utils.trainer -   Loss: 0.36953
03/01/2026 03:21:27 - INFO - utils.trainer -   Epoch: 49, Train loss: 0.18950, Test loss: 0.36953,Epoch time = 5.948s
03/01/2026 03:21:32 - INFO - utils.trainer -   ***** Running evaluation on test2 dataset *****
03/01/2026 03:21:36 - INFO - utils.trainer -   AUC: 0.93474
03/01/2026 03:21:36 - INFO - utils.trainer -   Accuracy: 0.44914
03/01/2026 03:21:36 - INFO - utils.trainer -   Precision: 0.44914
03/01/2026 03:21:36 - INFO - utils.trainer -   Recall: 1.00000
03/01/2026 03:21:36 - INFO - utils.trainer -   F_score: 0.61987
03/01/2026 03:21:36 - INFO - utils.trainer -   Specificity: 0.00000
03/01/2026 03:21:36 - INFO - utils.trainer -   Sensitivity: 1.00000
03/01/2026 03:21:36 - INFO - utils.trainer -   Loss: 0.36918
03/01/2026 03:21:36 - INFO - utils.trainer -   Epoch: 50, Train loss: 0.17943, Test loss: 0.36918,Epoch time = 5.959s
03/01/2026 03:21:42 - INFO - utils.trainer -   ***** Running evaluation on test2 dataset *****
03/01/2026 03:21:46 - INFO - utils.trainer -   AUC: 0.93948
03/01/2026 03:21:46 - INFO - utils.trainer -   Accuracy: 0.44914
03/01/2026 03:21:46 - INFO - utils.trainer -   Precision: 0.44914
03/01/2026 03:21:46 - INFO - utils.trainer -   Recall: 1.00000
03/01/2026 03:21:46 - INFO - utils.trainer -   F_score: 0.61987
03/01/2026 03:21:46 - INFO - utils.trainer -   Specificity: 0.00000
03/01/2026 03:21:46 - INFO - utils.trainer -   Sensitivity: 1.00000
03/01/2026 03:21:46 - INFO - utils.trainer -   Loss: 0.36938
03/01/2026 03:21:46 - INFO - utils.trainer -   Epoch: 51, Train loss: 0.19221, Test loss: 0.36938,Epoch time = 5.966s
03/01/2026 03:21:52 - INFO - utils.trainer -   ***** Running evaluation on test2 dataset *****
03/01/2026 03:21:56 - INFO - utils.trainer -   AUC: 0.93793
03/01/2026 03:21:56 - INFO - utils.trainer -   Accuracy: 0.44914
03/01/2026 03:21:56 - INFO - utils.trainer -   Precision: 0.44914
03/01/2026 03:21:56 - INFO - utils.trainer -   Recall: 1.00000
03/01/2026 03:21:56 - INFO - utils.trainer -   F_score: 0.61987
03/01/2026 03:21:56 - INFO - utils.trainer -   Specificity: 0.00000
03/01/2026 03:21:56 - INFO - utils.trainer -   Sensitivity: 1.00000
03/01/2026 03:21:56 - INFO - utils.trainer -   Loss: 0.36959
03/01/2026 03:21:56 - INFO - utils.trainer -   Epoch: 52, Train loss: 0.18097, Test loss: 0.36959,Epoch time = 5.918s
03/01/2026 03:22:02 - INFO - utils.trainer -   ***** Running evaluation on test2 dataset *****
03/01/2026 03:22:06 - INFO - utils.trainer -   AUC: 0.93533
03/01/2026 03:22:06 - INFO - utils.trainer -   Accuracy: 0.44914
03/01/2026 03:22:06 - INFO - utils.trainer -   Precision: 0.44914
03/01/2026 03:22:06 - INFO - utils.trainer -   Recall: 1.00000
03/01/2026 03:22:06 - INFO - utils.trainer -   F_score: 0.61987
03/01/2026 03:22:06 - INFO - utils.trainer -   Specificity: 0.00000
03/01/2026 03:22:06 - INFO - utils.trainer -   Sensitivity: 1.00000
03/01/2026 03:22:06 - INFO - utils.trainer -   Loss: 0.36953
03/01/2026 03:22:06 - INFO - utils.trainer -   Epoch: 53, Train loss: 0.18606, Test loss: 0.36953,Epoch time = 6.000s
03/01/2026 03:22:12 - INFO - utils.trainer -   ***** Running evaluation on test2 dataset *****
03/01/2026 03:22:15 - INFO - utils.trainer -   AUC: 0.93728
03/01/2026 03:22:15 - INFO - utils.trainer -   Accuracy: 0.44914
03/01/2026 03:22:15 - INFO - utils.trainer -   Precision: 0.44914
03/01/2026 03:22:15 - INFO - utils.trainer -   Recall: 1.00000
03/01/2026 03:22:15 - INFO - utils.trainer -   F_score: 0.61987
03/01/2026 03:22:15 - INFO - utils.trainer -   Specificity: 0.00000
03/01/2026 03:22:15 - INFO - utils.trainer -   Sensitivity: 1.00000
03/01/2026 03:22:15 - INFO - utils.trainer -   Loss: 0.36935
03/01/2026 03:22:15 - INFO - utils.trainer -   Epoch: 54, Train loss: 0.17595, Test loss: 0.36935,Epoch time = 5.770s
03/01/2026 03:22:21 - INFO - utils.trainer -   ***** Running evaluation on test2 dataset *****
03/01/2026 03:22:25 - INFO - utils.trainer -   AUC: 0.93507
03/01/2026 03:22:25 - INFO - utils.trainer -   Accuracy: 0.44914
03/01/2026 03:22:25 - INFO - utils.trainer -   Precision: 0.44914
03/01/2026 03:22:25 - INFO - utils.trainer -   Recall: 1.00000
03/01/2026 03:22:25 - INFO - utils.trainer -   F_score: 0.61987
03/01/2026 03:22:25 - INFO - utils.trainer -   Specificity: 0.00000
03/01/2026 03:22:25 - INFO - utils.trainer -   Sensitivity: 1.00000
03/01/2026 03:22:25 - INFO - utils.trainer -   Loss: 0.36959
03/01/2026 03:22:25 - INFO - utils.trainer -   Epoch: 55, Train loss: 0.18379, Test loss: 0.36959,Epoch time = 5.770s
03/01/2026 03:22:31 - INFO - utils.trainer -   ***** Running evaluation on test2 dataset *****
03/01/2026 03:22:35 - INFO - utils.trainer -   AUC: 0.92971
03/01/2026 03:22:35 - INFO - utils.trainer -   Accuracy: 0.44914
03/01/2026 03:22:35 - INFO - utils.trainer -   Precision: 0.44914
03/01/2026 03:22:35 - INFO - utils.trainer -   Recall: 1.00000
03/01/2026 03:22:35 - INFO - utils.trainer -   F_score: 0.61987
03/01/2026 03:22:35 - INFO - utils.trainer -   Specificity: 0.00000
03/01/2026 03:22:35 - INFO - utils.trainer -   Sensitivity: 1.00000
03/01/2026 03:22:35 - INFO - utils.trainer -   Loss: 0.36933
03/01/2026 03:22:35 - INFO - utils.trainer -   Epoch: 56, Train loss: 0.17688, Test loss: 0.36933,Epoch time = 5.964s
03/01/2026 03:22:41 - INFO - utils.trainer -   ***** Running evaluation on test2 dataset *****
03/01/2026 03:22:44 - INFO - utils.trainer -   AUC: 0.93155
03/01/2026 03:22:44 - INFO - utils.trainer -   Accuracy: 0.44914
03/01/2026 03:22:44 - INFO - utils.trainer -   Precision: 0.44914
03/01/2026 03:22:44 - INFO - utils.trainer -   Recall: 1.00000
03/01/2026 03:22:44 - INFO - utils.trainer -   F_score: 0.61987
03/01/2026 03:22:44 - INFO - utils.trainer -   Specificity: 0.00000
03/01/2026 03:22:44 - INFO - utils.trainer -   Sensitivity: 1.00000
03/01/2026 03:22:44 - INFO - utils.trainer -   Loss: 0.36945
03/01/2026 03:22:44 - INFO - utils.trainer -   Epoch: 57, Train loss: 0.17873, Test loss: 0.36945,Epoch time = 5.891s
03/01/2026 03:22:50 - INFO - utils.trainer -   ***** Running evaluation on test2 dataset *****
03/01/2026 03:22:54 - INFO - utils.trainer -   AUC: 0.93001
03/01/2026 03:22:54 - INFO - utils.trainer -   Accuracy: 0.44914
03/01/2026 03:22:54 - INFO - utils.trainer -   Precision: 0.44914
03/01/2026 03:22:54 - INFO - utils.trainer -   Recall: 1.00000
03/01/2026 03:22:54 - INFO - utils.trainer -   F_score: 0.61987
03/01/2026 03:22:54 - INFO - utils.trainer -   Specificity: 0.00000
03/01/2026 03:22:54 - INFO - utils.trainer -   Sensitivity: 1.00000
03/01/2026 03:22:54 - INFO - utils.trainer -   Loss: 0.36959
03/01/2026 03:22:54 - INFO - utils.trainer -   Epoch: 58, Train loss: 0.17761, Test loss: 0.36959,Epoch time = 5.903s
03/01/2026 03:23:00 - INFO - utils.trainer -   ***** Running evaluation on test2 dataset *****
03/01/2026 03:23:04 - INFO - utils.trainer -   AUC: 0.93486
03/01/2026 03:23:04 - INFO - utils.trainer -   Accuracy: 0.44914
03/01/2026 03:23:04 - INFO - utils.trainer -   Precision: 0.44914
03/01/2026 03:23:04 - INFO - utils.trainer -   Recall: 1.00000
03/01/2026 03:23:04 - INFO - utils.trainer -   F_score: 0.61987
03/01/2026 03:23:04 - INFO - utils.trainer -   Specificity: 0.00000
03/01/2026 03:23:04 - INFO - utils.trainer -   Sensitivity: 1.00000
03/01/2026 03:23:04 - INFO - utils.trainer -   Loss: 0.36949
03/01/2026 03:23:04 - INFO - utils.trainer -   Epoch: 59, Train loss: 0.20648, Test loss: 0.36949,Epoch time = 5.764s
03/01/2026 03:23:09 - INFO - utils.trainer -   ***** Running evaluation on test2 dataset *****
03/01/2026 03:23:13 - INFO - utils.trainer -   AUC: 0.93328
03/01/2026 03:23:13 - INFO - utils.trainer -   Accuracy: 0.44914
03/01/2026 03:23:13 - INFO - utils.trainer -   Precision: 0.44914
03/01/2026 03:23:13 - INFO - utils.trainer -   Recall: 1.00000
03/01/2026 03:23:13 - INFO - utils.trainer -   F_score: 0.61987
03/01/2026 03:23:13 - INFO - utils.trainer -   Specificity: 0.00000
03/01/2026 03:23:13 - INFO - utils.trainer -   Sensitivity: 1.00000
03/01/2026 03:23:13 - INFO - utils.trainer -   Loss: 0.36954
03/01/2026 03:23:13 - INFO - utils.trainer -   Epoch: 60, Train loss: 0.20510, Test loss: 0.36954,Epoch time = 5.859s
03/01/2026 03:23:19 - INFO - utils.trainer -   ***** Running evaluation on test2 dataset *****
03/01/2026 03:23:23 - INFO - utils.trainer -   AUC: 0.93548
03/01/2026 03:23:23 - INFO - utils.trainer -   Accuracy: 0.44914
03/01/2026 03:23:23 - INFO - utils.trainer -   Precision: 0.44914
03/01/2026 03:23:23 - INFO - utils.trainer -   Recall: 1.00000
03/01/2026 03:23:23 - INFO - utils.trainer -   F_score: 0.61987
03/01/2026 03:23:23 - INFO - utils.trainer -   Specificity: 0.00000
03/01/2026 03:23:23 - INFO - utils.trainer -   Sensitivity: 1.00000
03/01/2026 03:23:23 - INFO - utils.trainer -   Loss: 0.36933
03/01/2026 03:23:23 - INFO - utils.trainer -   Epoch: 61, Train loss: 0.17700, Test loss: 0.36933,Epoch time = 5.859s
03/01/2026 03:23:29 - INFO - utils.trainer -   ***** Running evaluation on test2 dataset *****
03/01/2026 03:23:33 - INFO - utils.trainer -   AUC: 0.93470
03/01/2026 03:23:33 - INFO - utils.trainer -   Accuracy: 0.44914
03/01/2026 03:23:33 - INFO - utils.trainer -   Precision: 0.44914
03/01/2026 03:23:33 - INFO - utils.trainer -   Recall: 1.00000
03/01/2026 03:23:33 - INFO - utils.trainer -   F_score: 0.61987
03/01/2026 03:23:33 - INFO - utils.trainer -   Specificity: 0.00000
03/01/2026 03:23:33 - INFO - utils.trainer -   Sensitivity: 1.00000
03/01/2026 03:23:33 - INFO - utils.trainer -   Loss: 0.36950
03/01/2026 03:23:33 - INFO - utils.trainer -   Epoch: 62, Train loss: 0.17993, Test loss: 0.36950,Epoch time = 6.075s
03/01/2026 03:23:39 - INFO - utils.trainer -   ***** Running evaluation on test2 dataset *****
03/01/2026 03:23:43 - INFO - utils.trainer -   AUC: 0.93397
03/01/2026 03:23:43 - INFO - utils.trainer -   Accuracy: 0.44914
03/01/2026 03:23:43 - INFO - utils.trainer -   Precision: 0.44914
03/01/2026 03:23:43 - INFO - utils.trainer -   Recall: 1.00000
03/01/2026 03:23:43 - INFO - utils.trainer -   F_score: 0.61987
03/01/2026 03:23:43 - INFO - utils.trainer -   Specificity: 0.00000
03/01/2026 03:23:43 - INFO - utils.trainer -   Sensitivity: 1.00000
03/01/2026 03:23:43 - INFO - utils.trainer -   Loss: 0.36916
03/01/2026 03:23:43 - INFO - utils.trainer -   Epoch: 63, Train loss: 0.18602, Test loss: 0.36916,Epoch time = 5.859s
03/01/2026 03:23:48 - INFO - utils.trainer -   ***** Running evaluation on test2 dataset *****
03/01/2026 03:23:52 - INFO - utils.trainer -   AUC: 0.93803
03/01/2026 03:23:52 - INFO - utils.trainer -   Accuracy: 0.44914
03/01/2026 03:23:52 - INFO - utils.trainer -   Precision: 0.44914
03/01/2026 03:23:52 - INFO - utils.trainer -   Recall: 1.00000
03/01/2026 03:23:52 - INFO - utils.trainer -   F_score: 0.61987
03/01/2026 03:23:52 - INFO - utils.trainer -   Specificity: 0.00000
03/01/2026 03:23:52 - INFO - utils.trainer -   Sensitivity: 1.00000
03/01/2026 03:23:52 - INFO - utils.trainer -   Loss: 0.36954
03/01/2026 03:23:52 - INFO - utils.trainer -   Epoch: 64, Train loss: 0.17916, Test loss: 0.36954,Epoch time = 5.847s
03/01/2026 03:23:58 - INFO - utils.trainer -   ***** Running evaluation on test2 dataset *****
03/01/2026 03:24:02 - INFO - utils.trainer -   AUC: 0.93473
03/01/2026 03:24:02 - INFO - utils.trainer -   Accuracy: 0.44914
03/01/2026 03:24:02 - INFO - utils.trainer -   Precision: 0.44914
03/01/2026 03:24:02 - INFO - utils.trainer -   Recall: 1.00000
03/01/2026 03:24:02 - INFO - utils.trainer -   F_score: 0.61987
03/01/2026 03:24:02 - INFO - utils.trainer -   Specificity: 0.00000
03/01/2026 03:24:02 - INFO - utils.trainer -   Sensitivity: 1.00000
03/01/2026 03:24:02 - INFO - utils.trainer -   Loss: 0.36962
03/01/2026 03:24:02 - INFO - utils.trainer -   Epoch: 65, Train loss: 0.17377, Test loss: 0.36962,Epoch time = 5.760s
03/01/2026 03:24:07 - INFO - utils.trainer -   ***** Running evaluation on test2 dataset *****
03/01/2026 03:24:12 - INFO - utils.trainer -   AUC: 0.93689
03/01/2026 03:24:12 - INFO - utils.trainer -   Accuracy: 0.44914
03/01/2026 03:24:12 - INFO - utils.trainer -   Precision: 0.44914
03/01/2026 03:24:12 - INFO - utils.trainer -   Recall: 1.00000
03/01/2026 03:24:12 - INFO - utils.trainer -   F_score: 0.61987
03/01/2026 03:24:12 - INFO - utils.trainer -   Specificity: 0.00000
03/01/2026 03:24:12 - INFO - utils.trainer -   Sensitivity: 1.00000
03/01/2026 03:24:12 - INFO - utils.trainer -   Loss: 0.36941
03/01/2026 03:24:12 - INFO - utils.trainer -   Epoch: 66, Train loss: 0.19299, Test loss: 0.36941,Epoch time = 5.787s
03/01/2026 03:24:18 - INFO - utils.trainer -   ***** Running evaluation on test2 dataset *****
03/01/2026 03:24:21 - INFO - utils.trainer -   AUC: 0.93753
03/01/2026 03:24:21 - INFO - utils.trainer -   Accuracy: 0.44914
03/01/2026 03:24:21 - INFO - utils.trainer -   Precision: 0.44914
03/01/2026 03:24:21 - INFO - utils.trainer -   Recall: 1.00000
03/01/2026 03:24:21 - INFO - utils.trainer -   F_score: 0.61987
03/01/2026 03:24:21 - INFO - utils.trainer -   Specificity: 0.00000
03/01/2026 03:24:21 - INFO - utils.trainer -   Sensitivity: 1.00000
03/01/2026 03:24:21 - INFO - utils.trainer -   Loss: 0.36942
03/01/2026 03:24:21 - INFO - utils.trainer -   Epoch: 67, Train loss: 0.16859, Test loss: 0.36942,Epoch time = 5.987s
03/01/2026 03:24:27 - INFO - utils.trainer -   ***** Running evaluation on test2 dataset *****
03/01/2026 03:24:31 - INFO - utils.trainer -   AUC: 0.93547
03/01/2026 03:24:31 - INFO - utils.trainer -   Accuracy: 0.44914
03/01/2026 03:24:31 - INFO - utils.trainer -   Precision: 0.44914
03/01/2026 03:24:31 - INFO - utils.trainer -   Recall: 1.00000
03/01/2026 03:24:31 - INFO - utils.trainer -   F_score: 0.61987
03/01/2026 03:24:31 - INFO - utils.trainer -   Specificity: 0.00000
03/01/2026 03:24:31 - INFO - utils.trainer -   Sensitivity: 1.00000
03/01/2026 03:24:31 - INFO - utils.trainer -   Loss: 0.36944
03/01/2026 03:24:31 - INFO - utils.trainer -   Epoch: 68, Train loss: 0.17321, Test loss: 0.36944,Epoch time = 5.969s
03/01/2026 03:24:37 - INFO - utils.trainer -   ***** Running evaluation on test2 dataset *****
03/01/2026 03:24:41 - INFO - utils.trainer -   AUC: 0.93097
03/01/2026 03:24:41 - INFO - utils.trainer -   Accuracy: 0.44914
03/01/2026 03:24:41 - INFO - utils.trainer -   Precision: 0.44914
03/01/2026 03:24:41 - INFO - utils.trainer -   Recall: 1.00000
03/01/2026 03:24:41 - INFO - utils.trainer -   F_score: 0.61987
03/01/2026 03:24:41 - INFO - utils.trainer -   Specificity: 0.00000
03/01/2026 03:24:41 - INFO - utils.trainer -   Sensitivity: 1.00000
03/01/2026 03:24:41 - INFO - utils.trainer -   Loss: 0.36967
03/01/2026 03:24:41 - INFO - utils.trainer -   Epoch: 69, Train loss: 0.18163, Test loss: 0.36967,Epoch time = 5.876s
03/01/2026 03:24:46 - INFO - utils.trainer -   ***** Running evaluation on test2 dataset *****
03/01/2026 03:24:51 - INFO - utils.trainer -   AUC: 0.93514
03/01/2026 03:24:51 - INFO - utils.trainer -   Accuracy: 0.44914
03/01/2026 03:24:51 - INFO - utils.trainer -   Precision: 0.44914
03/01/2026 03:24:51 - INFO - utils.trainer -   Recall: 1.00000
03/01/2026 03:24:51 - INFO - utils.trainer -   F_score: 0.61987
03/01/2026 03:24:51 - INFO - utils.trainer -   Specificity: 0.00000
03/01/2026 03:24:51 - INFO - utils.trainer -   Sensitivity: 1.00000
03/01/2026 03:24:51 - INFO - utils.trainer -   Loss: 0.36965
03/01/2026 03:24:51 - INFO - utils.trainer -   Epoch: 70, Train loss: 0.17670, Test loss: 0.36965,Epoch time = 5.842s
03/01/2026 03:24:57 - INFO - utils.trainer -   ***** Running evaluation on test2 dataset *****
03/01/2026 03:25:01 - INFO - utils.trainer -   AUC: 0.93048
03/01/2026 03:25:01 - INFO - utils.trainer -   Accuracy: 0.44914
03/01/2026 03:25:01 - INFO - utils.trainer -   Precision: 0.44914
03/01/2026 03:25:01 - INFO - utils.trainer -   Recall: 1.00000
03/01/2026 03:25:01 - INFO - utils.trainer -   F_score: 0.61987
03/01/2026 03:25:01 - INFO - utils.trainer -   Specificity: 0.00000
03/01/2026 03:25:01 - INFO - utils.trainer -   Sensitivity: 1.00000
03/01/2026 03:25:01 - INFO - utils.trainer -   Loss: 0.37018
03/01/2026 03:25:01 - INFO - utils.trainer -   Epoch: 71, Train loss: 0.18038, Test loss: 0.37018,Epoch time = 6.189s
03/01/2026 03:25:07 - INFO - utils.trainer -   ***** Running evaluation on test2 dataset *****
03/01/2026 03:25:10 - INFO - utils.trainer -   AUC: 0.93598
03/01/2026 03:25:10 - INFO - utils.trainer -   Accuracy: 0.44914
03/01/2026 03:25:10 - INFO - utils.trainer -   Precision: 0.44914
03/01/2026 03:25:10 - INFO - utils.trainer -   Recall: 1.00000
03/01/2026 03:25:10 - INFO - utils.trainer -   F_score: 0.61987
03/01/2026 03:25:10 - INFO - utils.trainer -   Specificity: 0.00000
03/01/2026 03:25:10 - INFO - utils.trainer -   Sensitivity: 1.00000
03/01/2026 03:25:10 - INFO - utils.trainer -   Loss: 0.36976
03/01/2026 03:25:10 - INFO - utils.trainer -   Epoch: 72, Train loss: 0.19877, Test loss: 0.36976,Epoch time = 5.924s
03/01/2026 03:25:16 - INFO - utils.trainer -   ***** Running evaluation on test2 dataset *****
03/01/2026 03:25:20 - INFO - utils.trainer -   AUC: 0.92904
03/01/2026 03:25:20 - INFO - utils.trainer -   Accuracy: 0.44914
03/01/2026 03:25:20 - INFO - utils.trainer -   Precision: 0.44914
03/01/2026 03:25:20 - INFO - utils.trainer -   Recall: 1.00000
03/01/2026 03:25:20 - INFO - utils.trainer -   F_score: 0.61987
03/01/2026 03:25:20 - INFO - utils.trainer -   Specificity: 0.00000
03/01/2026 03:25:20 - INFO - utils.trainer -   Sensitivity: 1.00000
03/01/2026 03:25:20 - INFO - utils.trainer -   Loss: 0.36992
03/01/2026 03:25:20 - INFO - utils.trainer -   Epoch: 73, Train loss: 0.19171, Test loss: 0.36992,Epoch time = 5.870s
03/01/2026 03:25:26 - INFO - utils.trainer -   ***** Running evaluation on test2 dataset *****
03/01/2026 03:25:30 - INFO - utils.trainer -   AUC: 0.93514
03/01/2026 03:25:30 - INFO - utils.trainer -   Accuracy: 0.44914
03/01/2026 03:25:30 - INFO - utils.trainer -   Precision: 0.44914
03/01/2026 03:25:30 - INFO - utils.trainer -   Recall: 1.00000
03/01/2026 03:25:30 - INFO - utils.trainer -   F_score: 0.61987
03/01/2026 03:25:30 - INFO - utils.trainer -   Specificity: 0.00000
03/01/2026 03:25:30 - INFO - utils.trainer -   Sensitivity: 1.00000
03/01/2026 03:25:30 - INFO - utils.trainer -   Loss: 0.36938
03/01/2026 03:25:30 - INFO - utils.trainer -   Epoch: 74, Train loss: 0.17078, Test loss: 0.36938,Epoch time = 5.787s
03/01/2026 03:25:36 - INFO - utils.trainer -   ***** Running evaluation on test2 dataset *****
03/01/2026 03:25:39 - INFO - utils.trainer -   AUC: 0.93321
03/01/2026 03:25:39 - INFO - utils.trainer -   Accuracy: 0.44914
03/01/2026 03:25:39 - INFO - utils.trainer -   Precision: 0.44914
03/01/2026 03:25:39 - INFO - utils.trainer -   Recall: 1.00000
03/01/2026 03:25:39 - INFO - utils.trainer -   F_score: 0.61987
03/01/2026 03:25:39 - INFO - utils.trainer -   Specificity: 0.00000
03/01/2026 03:25:39 - INFO - utils.trainer -   Sensitivity: 1.00000
03/01/2026 03:25:39 - INFO - utils.trainer -   Loss: 0.36958
03/01/2026 03:25:39 - INFO - utils.trainer -   Epoch: 75, Train loss: 0.17932, Test loss: 0.36958,Epoch time = 5.848s
03/01/2026 03:25:46 - INFO - utils.trainer -   ***** Running evaluation on test2 dataset *****
03/01/2026 03:25:49 - INFO - utils.trainer -   AUC: 0.93573
03/01/2026 03:25:49 - INFO - utils.trainer -   Accuracy: 0.44914
03/01/2026 03:25:49 - INFO - utils.trainer -   Precision: 0.44914
03/01/2026 03:25:49 - INFO - utils.trainer -   Recall: 1.00000
03/01/2026 03:25:49 - INFO - utils.trainer -   F_score: 0.61987
03/01/2026 03:25:49 - INFO - utils.trainer -   Specificity: 0.00000
03/01/2026 03:25:49 - INFO - utils.trainer -   Sensitivity: 1.00000
03/01/2026 03:25:49 - INFO - utils.trainer -   Loss: 0.36936
03/01/2026 03:25:49 - INFO - utils.trainer -   Epoch: 76, Train loss: 0.17161, Test loss: 0.36936,Epoch time = 6.146s
03/01/2026 03:25:55 - INFO - utils.trainer -   ***** Running evaluation on test2 dataset *****
03/01/2026 03:25:59 - INFO - utils.trainer -   AUC: 0.93553
03/01/2026 03:25:59 - INFO - utils.trainer -   Accuracy: 0.44914
03/01/2026 03:25:59 - INFO - utils.trainer -   Precision: 0.44914
03/01/2026 03:25:59 - INFO - utils.trainer -   Recall: 1.00000
03/01/2026 03:25:59 - INFO - utils.trainer -   F_score: 0.61987
03/01/2026 03:25:59 - INFO - utils.trainer -   Specificity: 0.00000
03/01/2026 03:25:59 - INFO - utils.trainer -   Sensitivity: 1.00000
03/01/2026 03:25:59 - INFO - utils.trainer -   Loss: 0.36953
03/01/2026 03:25:59 - INFO - utils.trainer -   Epoch: 77, Train loss: 0.17712, Test loss: 0.36953,Epoch time = 5.928s
03/01/2026 03:26:05 - INFO - utils.trainer -   ***** Running evaluation on test2 dataset *****
03/01/2026 03:26:09 - INFO - utils.trainer -   AUC: 0.93524
03/01/2026 03:26:09 - INFO - utils.trainer -   Accuracy: 0.44914
03/01/2026 03:26:09 - INFO - utils.trainer -   Precision: 0.44914
03/01/2026 03:26:09 - INFO - utils.trainer -   Recall: 1.00000
03/01/2026 03:26:09 - INFO - utils.trainer -   F_score: 0.61987
03/01/2026 03:26:09 - INFO - utils.trainer -   Specificity: 0.00000
03/01/2026 03:26:09 - INFO - utils.trainer -   Sensitivity: 1.00000
03/01/2026 03:26:09 - INFO - utils.trainer -   Loss: 0.36973
03/01/2026 03:26:09 - INFO - utils.trainer -   Epoch: 78, Train loss: 0.17028, Test loss: 0.36973,Epoch time = 5.915s
03/01/2026 03:26:15 - INFO - utils.trainer -   ***** Running evaluation on test2 dataset *****
03/01/2026 03:26:19 - INFO - utils.trainer -   AUC: 0.93480
03/01/2026 03:26:19 - INFO - utils.trainer -   Accuracy: 0.44914
03/01/2026 03:26:19 - INFO - utils.trainer -   Precision: 0.44914
03/01/2026 03:26:19 - INFO - utils.trainer -   Recall: 1.00000
03/01/2026 03:26:19 - INFO - utils.trainer -   F_score: 0.61987
03/01/2026 03:26:19 - INFO - utils.trainer -   Specificity: 0.00000
03/01/2026 03:26:19 - INFO - utils.trainer -   Sensitivity: 1.00000
03/01/2026 03:26:19 - INFO - utils.trainer -   Loss: 0.36956
03/01/2026 03:26:19 - INFO - utils.trainer -   Epoch: 79, Train loss: 0.19929, Test loss: 0.36956,Epoch time = 5.982s
03/01/2026 03:26:24 - INFO - utils.trainer -   ***** Running evaluation on test2 dataset *****
03/01/2026 03:26:28 - INFO - utils.trainer -   AUC: 0.93582
03/01/2026 03:26:28 - INFO - utils.trainer -   Accuracy: 0.44914
03/01/2026 03:26:28 - INFO - utils.trainer -   Precision: 0.44914
03/01/2026 03:26:28 - INFO - utils.trainer -   Recall: 1.00000
03/01/2026 03:26:28 - INFO - utils.trainer -   F_score: 0.61987
03/01/2026 03:26:28 - INFO - utils.trainer -   Specificity: 0.00000
03/01/2026 03:26:28 - INFO - utils.trainer -   Sensitivity: 1.00000
03/01/2026 03:26:28 - INFO - utils.trainer -   Loss: 0.36993
03/01/2026 03:26:28 - INFO - utils.trainer -   Epoch: 80, Train loss: 0.18749, Test loss: 0.36993,Epoch time = 5.869s
03/01/2026 03:26:34 - INFO - utils.trainer -   ***** Running evaluation on test2 dataset *****
03/01/2026 03:26:38 - INFO - utils.trainer -   AUC: 0.93830
03/01/2026 03:26:38 - INFO - utils.trainer -   Accuracy: 0.44914
03/01/2026 03:26:38 - INFO - utils.trainer -   Precision: 0.44914
03/01/2026 03:26:38 - INFO - utils.trainer -   Recall: 1.00000
03/01/2026 03:26:38 - INFO - utils.trainer -   F_score: 0.61987
03/01/2026 03:26:38 - INFO - utils.trainer -   Specificity: 0.00000
03/01/2026 03:26:38 - INFO - utils.trainer -   Sensitivity: 1.00000
03/01/2026 03:26:38 - INFO - utils.trainer -   Loss: 0.36981
03/01/2026 03:26:38 - INFO - utils.trainer -   Epoch: 81, Train loss: 0.18587, Test loss: 0.36981,Epoch time = 5.837s
03/01/2026 03:26:44 - INFO - utils.trainer -   ***** Running evaluation on test2 dataset *****
03/01/2026 03:26:48 - INFO - utils.trainer -   AUC: 0.93525
03/01/2026 03:26:48 - INFO - utils.trainer -   Accuracy: 0.44914
03/01/2026 03:26:48 - INFO - utils.trainer -   Precision: 0.44914
03/01/2026 03:26:48 - INFO - utils.trainer -   Recall: 1.00000
03/01/2026 03:26:48 - INFO - utils.trainer -   F_score: 0.61987
03/01/2026 03:26:48 - INFO - utils.trainer -   Specificity: 0.00000
03/01/2026 03:26:48 - INFO - utils.trainer -   Sensitivity: 1.00000
03/01/2026 03:26:48 - INFO - utils.trainer -   Loss: 0.36970
03/01/2026 03:26:48 - INFO - utils.trainer -   Epoch: 82, Train loss: 0.17306, Test loss: 0.36970,Epoch time = 5.903s
03/01/2026 03:26:54 - INFO - utils.trainer -   ***** Running evaluation on test2 dataset *****
03/01/2026 03:26:57 - INFO - utils.trainer -   AUC: 0.93284
03/01/2026 03:26:57 - INFO - utils.trainer -   Accuracy: 0.44914
03/01/2026 03:26:57 - INFO - utils.trainer -   Precision: 0.44914
03/01/2026 03:26:57 - INFO - utils.trainer -   Recall: 1.00000
03/01/2026 03:26:57 - INFO - utils.trainer -   F_score: 0.61987
03/01/2026 03:26:57 - INFO - utils.trainer -   Specificity: 0.00000
03/01/2026 03:26:57 - INFO - utils.trainer -   Sensitivity: 1.00000
03/01/2026 03:26:57 - INFO - utils.trainer -   Loss: 0.36971
03/01/2026 03:26:57 - INFO - utils.trainer -   Epoch: 83, Train loss: 0.17869, Test loss: 0.36971,Epoch time = 5.900s
03/01/2026 03:27:04 - INFO - utils.trainer -   ***** Running evaluation on test2 dataset *****
03/01/2026 03:27:07 - INFO - utils.trainer -   AUC: 0.93506
03/01/2026 03:27:07 - INFO - utils.trainer -   Accuracy: 0.44914
03/01/2026 03:27:07 - INFO - utils.trainer -   Precision: 0.44914
03/01/2026 03:27:07 - INFO - utils.trainer -   Recall: 1.00000
03/01/2026 03:27:07 - INFO - utils.trainer -   F_score: 0.61987
03/01/2026 03:27:07 - INFO - utils.trainer -   Specificity: 0.00000
03/01/2026 03:27:07 - INFO - utils.trainer -   Sensitivity: 1.00000
03/01/2026 03:27:07 - INFO - utils.trainer -   Loss: 0.36984
03/01/2026 03:27:07 - INFO - utils.trainer -   Epoch: 84, Train loss: 0.17677, Test loss: 0.36984,Epoch time = 6.247s
03/01/2026 03:27:14 - INFO - utils.trainer -   ***** Running evaluation on test2 dataset *****
03/01/2026 03:27:17 - INFO - utils.trainer -   AUC: 0.93785
03/01/2026 03:27:17 - INFO - utils.trainer -   Accuracy: 0.44914
03/01/2026 03:27:17 - INFO - utils.trainer -   Precision: 0.44914
03/01/2026 03:27:17 - INFO - utils.trainer -   Recall: 1.00000
03/01/2026 03:27:17 - INFO - utils.trainer -   F_score: 0.61987
03/01/2026 03:27:17 - INFO - utils.trainer -   Specificity: 0.00000
03/01/2026 03:27:17 - INFO - utils.trainer -   Sensitivity: 1.00000
03/01/2026 03:27:17 - INFO - utils.trainer -   Loss: 0.36941
03/01/2026 03:27:17 - INFO - utils.trainer -   Epoch: 85, Train loss: 0.17274, Test loss: 0.36941,Epoch time = 6.142s
03/01/2026 03:27:23 - INFO - utils.trainer -   ***** Running evaluation on test2 dataset *****
03/01/2026 03:27:27 - INFO - utils.trainer -   AUC: 0.93766
03/01/2026 03:27:27 - INFO - utils.trainer -   Accuracy: 0.44914
03/01/2026 03:27:27 - INFO - utils.trainer -   Precision: 0.44914
03/01/2026 03:27:27 - INFO - utils.trainer -   Recall: 1.00000
03/01/2026 03:27:27 - INFO - utils.trainer -   F_score: 0.61987
03/01/2026 03:27:27 - INFO - utils.trainer -   Specificity: 0.00000
03/01/2026 03:27:27 - INFO - utils.trainer -   Sensitivity: 1.00000
03/01/2026 03:27:27 - INFO - utils.trainer -   Loss: 0.36962
03/01/2026 03:27:27 - INFO - utils.trainer -   Epoch: 86, Train loss: 0.17182, Test loss: 0.36962,Epoch time = 5.794s
03/01/2026 03:27:33 - INFO - utils.trainer -   ***** Running evaluation on test2 dataset *****
03/01/2026 03:27:37 - INFO - utils.trainer -   AUC: 0.93772
03/01/2026 03:27:37 - INFO - utils.trainer -   Accuracy: 0.44914
03/01/2026 03:27:37 - INFO - utils.trainer -   Precision: 0.44914
03/01/2026 03:27:37 - INFO - utils.trainer -   Recall: 1.00000
03/01/2026 03:27:37 - INFO - utils.trainer -   F_score: 0.61987
03/01/2026 03:27:37 - INFO - utils.trainer -   Specificity: 0.00000
03/01/2026 03:27:37 - INFO - utils.trainer -   Sensitivity: 1.00000
03/01/2026 03:27:37 - INFO - utils.trainer -   Loss: 0.36912
03/01/2026 03:27:37 - INFO - utils.trainer -   Epoch: 87, Train loss: 0.16813, Test loss: 0.36912,Epoch time = 5.888s
03/01/2026 03:27:43 - INFO - utils.trainer -   ***** Running evaluation on test2 dataset *****
03/01/2026 03:27:47 - INFO - utils.trainer -   AUC: 0.93707
03/01/2026 03:27:47 - INFO - utils.trainer -   Accuracy: 0.44914
03/01/2026 03:27:47 - INFO - utils.trainer -   Precision: 0.44914
03/01/2026 03:27:47 - INFO - utils.trainer -   Recall: 1.00000
03/01/2026 03:27:47 - INFO - utils.trainer -   F_score: 0.61987
03/01/2026 03:27:47 - INFO - utils.trainer -   Specificity: 0.00000
03/01/2026 03:27:47 - INFO - utils.trainer -   Sensitivity: 1.00000
03/01/2026 03:27:47 - INFO - utils.trainer -   Loss: 0.36926
03/01/2026 03:27:47 - INFO - utils.trainer -   Epoch: 88, Train loss: 0.16642, Test loss: 0.36926,Epoch time = 6.030s
03/01/2026 03:27:52 - INFO - utils.trainer -   ***** Running evaluation on test2 dataset *****
03/01/2026 03:27:56 - INFO - utils.trainer -   AUC: 0.93882
03/01/2026 03:27:56 - INFO - utils.trainer -   Accuracy: 0.44914
03/01/2026 03:27:56 - INFO - utils.trainer -   Precision: 0.44914
03/01/2026 03:27:56 - INFO - utils.trainer -   Recall: 1.00000
03/01/2026 03:27:56 - INFO - utils.trainer -   F_score: 0.61987
03/01/2026 03:27:56 - INFO - utils.trainer -   Specificity: 0.00000
03/01/2026 03:27:56 - INFO - utils.trainer -   Sensitivity: 1.00000
03/01/2026 03:27:56 - INFO - utils.trainer -   Loss: 0.36959
03/01/2026 03:27:56 - INFO - utils.trainer -   Epoch: 89, Train loss: 0.16707, Test loss: 0.36959,Epoch time = 5.907s
03/01/2026 03:28:02 - INFO - utils.trainer -   ***** Running evaluation on test2 dataset *****
03/01/2026 03:28:06 - INFO - utils.trainer -   AUC: 0.93992
03/01/2026 03:28:06 - INFO - utils.trainer -   Accuracy: 0.44914
03/01/2026 03:28:06 - INFO - utils.trainer -   Precision: 0.44914
03/01/2026 03:28:06 - INFO - utils.trainer -   Recall: 1.00000
03/01/2026 03:28:06 - INFO - utils.trainer -   F_score: 0.61987
03/01/2026 03:28:06 - INFO - utils.trainer -   Specificity: 0.00000
03/01/2026 03:28:06 - INFO - utils.trainer -   Sensitivity: 1.00000
03/01/2026 03:28:06 - INFO - utils.trainer -   Loss: 0.36944
03/01/2026 03:28:06 - INFO - utils.trainer -   Epoch: 90, Train loss: 0.17347, Test loss: 0.36944,Epoch time = 5.808s
03/01/2026 03:28:12 - INFO - utils.trainer -   ***** Running evaluation on test2 dataset *****
03/01/2026 03:28:16 - INFO - utils.trainer -   AUC: 0.93730
03/01/2026 03:28:16 - INFO - utils.trainer -   Accuracy: 0.44914
03/01/2026 03:28:16 - INFO - utils.trainer -   Precision: 0.44914
03/01/2026 03:28:16 - INFO - utils.trainer -   Recall: 1.00000
03/01/2026 03:28:16 - INFO - utils.trainer -   F_score: 0.61987
03/01/2026 03:28:16 - INFO - utils.trainer -   Specificity: 0.00000
03/01/2026 03:28:16 - INFO - utils.trainer -   Sensitivity: 1.00000
03/01/2026 03:28:16 - INFO - utils.trainer -   Loss: 0.36947
03/01/2026 03:28:16 - INFO - utils.trainer -   Epoch: 91, Train loss: 0.16853, Test loss: 0.36947,Epoch time = 5.910s
03/01/2026 03:28:21 - INFO - utils.trainer -   ***** Running evaluation on test2 dataset *****
03/01/2026 03:28:25 - INFO - utils.trainer -   AUC: 0.93968
03/01/2026 03:28:25 - INFO - utils.trainer -   Accuracy: 0.44914
03/01/2026 03:28:25 - INFO - utils.trainer -   Precision: 0.44914
03/01/2026 03:28:25 - INFO - utils.trainer -   Recall: 1.00000
03/01/2026 03:28:25 - INFO - utils.trainer -   F_score: 0.61987
03/01/2026 03:28:25 - INFO - utils.trainer -   Specificity: 0.00000
03/01/2026 03:28:25 - INFO - utils.trainer -   Sensitivity: 1.00000
03/01/2026 03:28:25 - INFO - utils.trainer -   Loss: 0.36949
03/01/2026 03:28:25 - INFO - utils.trainer -   Epoch: 92, Train loss: 0.17483, Test loss: 0.36949,Epoch time = 5.917s
03/01/2026 03:28:31 - INFO - utils.trainer -   ***** Running evaluation on test2 dataset *****
03/01/2026 03:28:35 - INFO - utils.trainer -   AUC: 0.94106
03/01/2026 03:28:35 - INFO - utils.trainer -   Accuracy: 0.44914
03/01/2026 03:28:35 - INFO - utils.trainer -   Precision: 0.44914
03/01/2026 03:28:35 - INFO - utils.trainer -   Recall: 1.00000
03/01/2026 03:28:35 - INFO - utils.trainer -   F_score: 0.61987
03/01/2026 03:28:35 - INFO - utils.trainer -   Specificity: 0.00000
03/01/2026 03:28:35 - INFO - utils.trainer -   Sensitivity: 1.00000
03/01/2026 03:28:35 - INFO - utils.trainer -   Loss: 0.36923
03/01/2026 03:28:35 - INFO - utils.trainer -   Epoch: 93, Train loss: 0.16836, Test loss: 0.36923,Epoch time = 5.795s
03/01/2026 03:28:41 - INFO - utils.trainer -   ***** Running evaluation on test2 dataset *****
03/01/2026 03:28:45 - INFO - utils.trainer -   AUC: 0.94102
03/01/2026 03:28:45 - INFO - utils.trainer -   Accuracy: 0.44914
03/01/2026 03:28:45 - INFO - utils.trainer -   Precision: 0.44914
03/01/2026 03:28:45 - INFO - utils.trainer -   Recall: 1.00000
03/01/2026 03:28:45 - INFO - utils.trainer -   F_score: 0.61987
03/01/2026 03:28:45 - INFO - utils.trainer -   Specificity: 0.00000
03/01/2026 03:28:45 - INFO - utils.trainer -   Sensitivity: 1.00000
03/01/2026 03:28:45 - INFO - utils.trainer -   Loss: 0.36911
03/01/2026 03:28:45 - INFO - utils.trainer -   Epoch: 94, Train loss: 0.16194, Test loss: 0.36911,Epoch time = 6.160s
03/01/2026 03:28:51 - INFO - utils.trainer -   ***** Running evaluation on test2 dataset *****
03/01/2026 03:28:55 - INFO - utils.trainer -   AUC: 0.93644
03/01/2026 03:28:55 - INFO - utils.trainer -   Accuracy: 0.44914
03/01/2026 03:28:55 - INFO - utils.trainer -   Precision: 0.44914
03/01/2026 03:28:55 - INFO - utils.trainer -   Recall: 1.00000
03/01/2026 03:28:55 - INFO - utils.trainer -   F_score: 0.61987
03/01/2026 03:28:55 - INFO - utils.trainer -   Specificity: 0.00000
03/01/2026 03:28:55 - INFO - utils.trainer -   Sensitivity: 1.00000
03/01/2026 03:28:55 - INFO - utils.trainer -   Loss: 0.37001
03/01/2026 03:28:55 - INFO - utils.trainer -   Epoch: 95, Train loss: 0.17502, Test loss: 0.37001,Epoch time = 5.909s
03/01/2026 03:29:01 - INFO - utils.trainer -   ***** Running evaluation on test2 dataset *****
03/01/2026 03:29:05 - INFO - utils.trainer -   AUC: 0.93953
03/01/2026 03:29:05 - INFO - utils.trainer -   Accuracy: 0.44914
03/01/2026 03:29:05 - INFO - utils.trainer -   Precision: 0.44914
03/01/2026 03:29:05 - INFO - utils.trainer -   Recall: 1.00000
03/01/2026 03:29:05 - INFO - utils.trainer -   F_score: 0.61987
03/01/2026 03:29:05 - INFO - utils.trainer -   Specificity: 0.00000
03/01/2026 03:29:05 - INFO - utils.trainer -   Sensitivity: 1.00000
03/01/2026 03:29:05 - INFO - utils.trainer -   Loss: 0.36917
03/01/2026 03:29:05 - INFO - utils.trainer -   Epoch: 96, Train loss: 0.16330, Test loss: 0.36917,Epoch time = 5.905s
03/01/2026 03:29:11 - INFO - utils.trainer -   ***** Running evaluation on test2 dataset *****
03/01/2026 03:29:14 - INFO - utils.trainer -   AUC: 0.93677
03/01/2026 03:29:14 - INFO - utils.trainer -   Accuracy: 0.44914
03/01/2026 03:29:14 - INFO - utils.trainer -   Precision: 0.44914
03/01/2026 03:29:14 - INFO - utils.trainer -   Recall: 1.00000
03/01/2026 03:29:14 - INFO - utils.trainer -   F_score: 0.61987
03/01/2026 03:29:14 - INFO - utils.trainer -   Specificity: 0.00000
03/01/2026 03:29:14 - INFO - utils.trainer -   Sensitivity: 1.00000
03/01/2026 03:29:14 - INFO - utils.trainer -   Loss: 0.36965
03/01/2026 03:29:14 - INFO - utils.trainer -   Epoch: 97, Train loss: 0.16264, Test loss: 0.36965,Epoch time = 5.982s
03/01/2026 03:29:20 - INFO - utils.trainer -   ***** Running evaluation on test2 dataset *****
03/01/2026 03:29:24 - INFO - utils.trainer -   AUC: 0.93943
03/01/2026 03:29:24 - INFO - utils.trainer -   Accuracy: 0.44914
03/01/2026 03:29:24 - INFO - utils.trainer -   Precision: 0.44914
03/01/2026 03:29:24 - INFO - utils.trainer -   Recall: 1.00000
03/01/2026 03:29:24 - INFO - utils.trainer -   F_score: 0.61987
03/01/2026 03:29:24 - INFO - utils.trainer -   Specificity: 0.00000
03/01/2026 03:29:24 - INFO - utils.trainer -   Sensitivity: 1.00000
03/01/2026 03:29:24 - INFO - utils.trainer -   Loss: 0.36914
03/01/2026 03:29:24 - INFO - utils.trainer -   Epoch: 98, Train loss: 0.17238, Test loss: 0.36914,Epoch time = 5.872s
03/01/2026 03:29:30 - INFO - utils.trainer -   ***** Running evaluation on test2 dataset *****
03/01/2026 03:29:34 - INFO - utils.trainer -   AUC: 0.93960
03/01/2026 03:29:34 - INFO - utils.trainer -   Accuracy: 0.44914
03/01/2026 03:29:34 - INFO - utils.trainer -   Precision: 0.44914
03/01/2026 03:29:34 - INFO - utils.trainer -   Recall: 1.00000
03/01/2026 03:29:34 - INFO - utils.trainer -   F_score: 0.61987
03/01/2026 03:29:34 - INFO - utils.trainer -   Specificity: 0.00000
03/01/2026 03:29:34 - INFO - utils.trainer -   Sensitivity: 1.00000
03/01/2026 03:29:34 - INFO - utils.trainer -   Loss: 0.36917
03/01/2026 03:29:34 - INFO - utils.trainer -   Epoch: 99, Train loss: 0.15842, Test loss: 0.36917,Epoch time = 5.967s
03/01/2026 03:29:40 - INFO - utils.trainer -   ***** Running evaluation on test2 dataset *****
03/01/2026 03:29:44 - INFO - utils.trainer -   AUC: 0.93874
03/01/2026 03:29:44 - INFO - utils.trainer -   Accuracy: 0.44914
03/01/2026 03:29:44 - INFO - utils.trainer -   Precision: 0.44914
03/01/2026 03:29:44 - INFO - utils.trainer -   Recall: 1.00000
03/01/2026 03:29:44 - INFO - utils.trainer -   F_score: 0.61987
03/01/2026 03:29:44 - INFO - utils.trainer -   Specificity: 0.00000
03/01/2026 03:29:44 - INFO - utils.trainer -   Sensitivity: 1.00000
03/01/2026 03:29:44 - INFO - utils.trainer -   Loss: 0.36894
03/01/2026 03:29:44 - INFO - utils.trainer -   Epoch: 100, Train loss: 0.16181, Test loss: 0.36894,Epoch time = 5.857s
03/01/2026 03:29:49 - INFO - utils.trainer -   ***** Running evaluation on test2 dataset *****
03/01/2026 03:29:53 - INFO - utils.trainer -   AUC: 0.93340
03/01/2026 03:29:53 - INFO - utils.trainer -   Accuracy: 0.87898
03/01/2026 03:29:53 - INFO - utils.trainer -   Precision: 0.87307
03/01/2026 03:29:53 - INFO - utils.trainer -   Recall: 0.85482
03/01/2026 03:29:53 - INFO - utils.trainer -   F_score: 0.86385
03/01/2026 03:29:53 - INFO - utils.trainer -   Specificity: 0.89867
03/01/2026 03:29:53 - INFO - utils.trainer -   Sensitivity: 0.85482
03/01/2026 03:29:53 - INFO - utils.trainer -   Loss: 0.15948
03/01/2026 03:29:53 - INFO - utils.trainer -   Epoch: 101, Train loss: 0.07988, Test loss: 0.15948,Epoch time = 5.784s
03/01/2026 03:29:59 - INFO - utils.trainer -   ***** Running evaluation on test2 dataset *****
03/01/2026 03:30:03 - INFO - utils.trainer -   AUC: 0.93365
03/01/2026 03:30:03 - INFO - utils.trainer -   Accuracy: 0.88211
03/01/2026 03:30:03 - INFO - utils.trainer -   Precision: 0.87309
03/01/2026 03:30:03 - INFO - utils.trainer -   Recall: 0.86295
03/01/2026 03:30:03 - INFO - utils.trainer -   F_score: 0.86799
03/01/2026 03:30:03 - INFO - utils.trainer -   Specificity: 0.89773
03/01/2026 03:30:03 - INFO - utils.trainer -   Sensitivity: 0.86295
03/01/2026 03:30:03 - INFO - utils.trainer -   Loss: 0.15250
03/01/2026 03:30:03 - INFO - utils.trainer -   Epoch: 102, Train loss: 0.01064, Test loss: 0.15250,Epoch time = 5.843s
03/01/2026 03:30:09 - INFO - utils.trainer -   ***** Running evaluation on test2 dataset *****
03/01/2026 03:30:13 - INFO - utils.trainer -   AUC: 0.93467
03/01/2026 03:30:13 - INFO - utils.trainer -   Accuracy: 0.88002
03/01/2026 03:30:13 - INFO - utils.trainer -   Precision: 0.86474
03/01/2026 03:30:13 - INFO - utils.trainer -   Recall: 0.86876
03/01/2026 03:30:13 - INFO - utils.trainer -   F_score: 0.86674
03/01/2026 03:30:13 - INFO - utils.trainer -   Specificity: 0.88920
03/01/2026 03:30:13 - INFO - utils.trainer -   Sensitivity: 0.86876
03/01/2026 03:30:13 - INFO - utils.trainer -   Loss: 0.15078
03/01/2026 03:30:13 - INFO - utils.trainer -   Epoch: 103, Train loss: 0.01015, Test loss: 0.15078,Epoch time = 6.000s
03/01/2026 03:30:19 - INFO - utils.trainer -   ***** Running evaluation on test2 dataset *****
03/01/2026 03:30:23 - INFO - utils.trainer -   AUC: 0.93490
03/01/2026 03:30:23 - INFO - utils.trainer -   Accuracy: 0.87846
03/01/2026 03:30:23 - INFO - utils.trainer -   Precision: 0.86682
03/01/2026 03:30:23 - INFO - utils.trainer -   Recall: 0.86179
03/01/2026 03:30:23 - INFO - utils.trainer -   F_score: 0.86430
03/01/2026 03:30:23 - INFO - utils.trainer -   Specificity: 0.89205
03/01/2026 03:30:23 - INFO - utils.trainer -   Sensitivity: 0.86179
03/01/2026 03:30:23 - INFO - utils.trainer -   Loss: 0.15128
03/01/2026 03:30:23 - INFO - utils.trainer -   Epoch: 104, Train loss: 0.00946, Test loss: 0.15128,Epoch time = 5.934s
03/01/2026 03:30:29 - INFO - utils.trainer -   ***** Running evaluation on test2 dataset *****
03/01/2026 03:30:33 - INFO - utils.trainer -   AUC: 0.93503
03/01/2026 03:30:33 - INFO - utils.trainer -   Accuracy: 0.87950
03/01/2026 03:30:33 - INFO - utils.trainer -   Precision: 0.86290
03/01/2026 03:30:33 - INFO - utils.trainer -   Recall: 0.86992
03/01/2026 03:30:33 - INFO - utils.trainer -   F_score: 0.86640
03/01/2026 03:30:33 - INFO - utils.trainer -   Specificity: 0.88731
03/01/2026 03:30:33 - INFO - utils.trainer -   Sensitivity: 0.86992
03/01/2026 03:30:33 - INFO - utils.trainer -   Loss: 0.15092
03/01/2026 03:30:33 - INFO - utils.trainer -   Epoch: 105, Train loss: 0.00941, Test loss: 0.15092,Epoch time = 5.785s
03/01/2026 03:30:38 - INFO - utils.trainer -   ***** Running evaluation on test2 dataset *****
03/01/2026 03:30:42 - INFO - utils.trainer -   AUC: 0.93469
03/01/2026 03:30:42 - INFO - utils.trainer -   Accuracy: 0.87793
03/01/2026 03:30:42 - INFO - utils.trainer -   Precision: 0.86753
03/01/2026 03:30:42 - INFO - utils.trainer -   Recall: 0.85947
03/01/2026 03:30:42 - INFO - utils.trainer -   F_score: 0.86348
03/01/2026 03:30:42 - INFO - utils.trainer -   Specificity: 0.89299
03/01/2026 03:30:42 - INFO - utils.trainer -   Sensitivity: 0.85947
03/01/2026 03:30:42 - INFO - utils.trainer -   Loss: 0.15119
03/01/2026 03:30:42 - INFO - utils.trainer -   Epoch: 106, Train loss: 0.00908, Test loss: 0.15119,Epoch time = 5.874s
03/01/2026 03:30:48 - INFO - utils.trainer -   ***** Running evaluation on test2 dataset *****
03/01/2026 03:30:52 - INFO - utils.trainer -   AUC: 0.93510
03/01/2026 03:30:52 - INFO - utils.trainer -   Accuracy: 0.88002
03/01/2026 03:30:52 - INFO - utils.trainer -   Precision: 0.87966
03/01/2026 03:30:52 - INFO - utils.trainer -   Recall: 0.84901
03/01/2026 03:30:52 - INFO - utils.trainer -   F_score: 0.86407
03/01/2026 03:30:52 - INFO - utils.trainer -   Specificity: 0.90530
03/01/2026 03:30:52 - INFO - utils.trainer -   Sensitivity: 0.84901
03/01/2026 03:30:52 - INFO - utils.trainer -   Loss: 0.15062
03/01/2026 03:30:52 - INFO - utils.trainer -   Epoch: 107, Train loss: 0.00875, Test loss: 0.15062,Epoch time = 5.934s
03/01/2026 03:30:58 - INFO - utils.trainer -   ***** Running evaluation on test2 dataset *****
03/01/2026 03:31:02 - INFO - utils.trainer -   AUC: 0.93538
03/01/2026 03:31:02 - INFO - utils.trainer -   Accuracy: 0.88263
03/01/2026 03:31:02 - INFO - utils.trainer -   Precision: 0.87237
03/01/2026 03:31:02 - INFO - utils.trainer -   Recall: 0.86527
03/01/2026 03:31:02 - INFO - utils.trainer -   F_score: 0.86880
03/01/2026 03:31:02 - INFO - utils.trainer -   Specificity: 0.89678
03/01/2026 03:31:02 - INFO - utils.trainer -   Sensitivity: 0.86527
03/01/2026 03:31:02 - INFO - utils.trainer -   Loss: 0.14997
03/01/2026 03:31:02 - INFO - utils.trainer -   Epoch: 108, Train loss: 0.00861, Test loss: 0.14997,Epoch time = 5.937s
03/01/2026 03:31:08 - INFO - utils.trainer -   ***** Running evaluation on test2 dataset *****
03/01/2026 03:31:12 - INFO - utils.trainer -   AUC: 0.93591
03/01/2026 03:31:12 - INFO - utils.trainer -   Accuracy: 0.88054
03/01/2026 03:31:12 - INFO - utils.trainer -   Precision: 0.85991
03/01/2026 03:31:12 - INFO - utils.trainer -   Recall: 0.87689
03/01/2026 03:31:12 - INFO - utils.trainer -   F_score: 0.86832
03/01/2026 03:31:12 - INFO - utils.trainer -   Specificity: 0.88352
03/01/2026 03:31:12 - INFO - utils.trainer -   Sensitivity: 0.87689
03/01/2026 03:31:12 - INFO - utils.trainer -   Loss: 0.15046
03/01/2026 03:31:12 - INFO - utils.trainer -   Epoch: 109, Train loss: 0.00867, Test loss: 0.15046,Epoch time = 5.986s
03/01/2026 03:31:18 - INFO - utils.trainer -   ***** Running evaluation on test2 dataset *****
03/01/2026 03:31:22 - INFO - utils.trainer -   AUC: 0.93655
03/01/2026 03:31:22 - INFO - utils.trainer -   Accuracy: 0.88106
03/01/2026 03:31:22 - INFO - utils.trainer -   Precision: 0.86760
03/01/2026 03:31:22 - INFO - utils.trainer -   Recall: 0.86760
03/01/2026 03:31:22 - INFO - utils.trainer -   F_score: 0.86760
03/01/2026 03:31:22 - INFO - utils.trainer -   Specificity: 0.89205
03/01/2026 03:31:22 - INFO - utils.trainer -   Sensitivity: 0.86760
03/01/2026 03:31:22 - INFO - utils.trainer -   Loss: 0.15036
03/01/2026 03:31:22 - INFO - utils.trainer -   Epoch: 110, Train loss: 0.00841, Test loss: 0.15036,Epoch time = 5.935s
03/01/2026 03:31:28 - INFO - utils.trainer -   ***** Running evaluation on test2 dataset *****
03/01/2026 03:31:31 - INFO - utils.trainer -   AUC: 0.93719
03/01/2026 03:31:31 - INFO - utils.trainer -   Accuracy: 0.88263
03/01/2026 03:31:31 - INFO - utils.trainer -   Precision: 0.86552
03/01/2026 03:31:31 - INFO - utils.trainer -   Recall: 0.87456
03/01/2026 03:31:31 - INFO - utils.trainer -   F_score: 0.87002
03/01/2026 03:31:31 - INFO - utils.trainer -   Specificity: 0.88920
03/01/2026 03:31:31 - INFO - utils.trainer -   Sensitivity: 0.87456
03/01/2026 03:31:31 - INFO - utils.trainer -   Loss: 0.15034
03/01/2026 03:31:31 - INFO - utils.trainer -   Epoch: 111, Train loss: 0.00843, Test loss: 0.15034,Epoch time = 5.962s
03/01/2026 03:31:38 - INFO - utils.trainer -   ***** Running evaluation on test2 dataset *****
03/01/2026 03:31:41 - INFO - utils.trainer -   AUC: 0.93424
03/01/2026 03:31:41 - INFO - utils.trainer -   Accuracy: 0.87950
03/01/2026 03:31:41 - INFO - utils.trainer -   Precision: 0.87679
03/01/2026 03:31:41 - INFO - utils.trainer -   Recall: 0.85134
03/01/2026 03:31:41 - INFO - utils.trainer -   F_score: 0.86388
03/01/2026 03:31:41 - INFO - utils.trainer -   Specificity: 0.90246
03/01/2026 03:31:41 - INFO - utils.trainer -   Sensitivity: 0.85134
03/01/2026 03:31:41 - INFO - utils.trainer -   Loss: 0.15422
03/01/2026 03:31:41 - INFO - utils.trainer -   Epoch: 112, Train loss: 0.00972, Test loss: 0.15422,Epoch time = 6.202s
03/01/2026 03:31:48 - INFO - utils.trainer -   ***** Running evaluation on test2 dataset *****
03/01/2026 03:31:51 - INFO - utils.trainer -   AUC: 0.93843
03/01/2026 03:31:51 - INFO - utils.trainer -   Accuracy: 0.88054
03/01/2026 03:31:51 - INFO - utils.trainer -   Precision: 0.85426
03/01/2026 03:31:51 - INFO - utils.trainer -   Recall: 0.88502
03/01/2026 03:31:51 - INFO - utils.trainer -   F_score: 0.86937
03/01/2026 03:31:51 - INFO - utils.trainer -   Specificity: 0.87689
03/01/2026 03:31:51 - INFO - utils.trainer -   Sensitivity: 0.88502
03/01/2026 03:31:51 - INFO - utils.trainer -   Loss: 0.15088
03/01/2026 03:31:51 - INFO - utils.trainer -   Epoch: 113, Train loss: 0.01044, Test loss: 0.15088,Epoch time = 6.243s
03/01/2026 03:31:57 - INFO - utils.trainer -   ***** Running evaluation on test2 dataset *****
03/01/2026 03:32:01 - INFO - utils.trainer -   AUC: 0.93746
03/01/2026 03:32:01 - INFO - utils.trainer -   Accuracy: 0.88211
03/01/2026 03:32:01 - INFO - utils.trainer -   Precision: 0.86452
03/01/2026 03:32:01 - INFO - utils.trainer -   Recall: 0.87456
03/01/2026 03:32:01 - INFO - utils.trainer -   F_score: 0.86952
03/01/2026 03:32:01 - INFO - utils.trainer -   Specificity: 0.88826
03/01/2026 03:32:01 - INFO - utils.trainer -   Sensitivity: 0.87456
03/01/2026 03:32:01 - INFO - utils.trainer -   Loss: 0.15127
03/01/2026 03:32:01 - INFO - utils.trainer -   Epoch: 114, Train loss: 0.00846, Test loss: 0.15127,Epoch time = 5.898s
03/01/2026 03:32:07 - INFO - utils.trainer -   ***** Running evaluation on test2 dataset *****
03/01/2026 03:32:11 - INFO - utils.trainer -   AUC: 0.93639
03/01/2026 03:32:11 - INFO - utils.trainer -   Accuracy: 0.88419
03/01/2026 03:32:11 - INFO - utils.trainer -   Precision: 0.86936
03/01/2026 03:32:11 - INFO - utils.trainer -   Recall: 0.87340
03/01/2026 03:32:11 - INFO - utils.trainer -   F_score: 0.87138
03/01/2026 03:32:11 - INFO - utils.trainer -   Specificity: 0.89299
03/01/2026 03:32:11 - INFO - utils.trainer -   Sensitivity: 0.87340
03/01/2026 03:32:11 - INFO - utils.trainer -   Loss: 0.15061
03/01/2026 03:32:11 - INFO - utils.trainer -   Epoch: 115, Train loss: 0.00782, Test loss: 0.15061,Epoch time = 5.962s
03/01/2026 03:32:17 - INFO - utils.trainer -   ***** Running evaluation on test2 dataset *****
03/01/2026 03:32:21 - INFO - utils.trainer -   AUC: 0.93603
03/01/2026 03:32:21 - INFO - utils.trainer -   Accuracy: 0.88211
03/01/2026 03:32:21 - INFO - utils.trainer -   Precision: 0.86369
03/01/2026 03:32:21 - INFO - utils.trainer -   Recall: 0.87573
03/01/2026 03:32:21 - INFO - utils.trainer -   F_score: 0.86967
03/01/2026 03:32:21 - INFO - utils.trainer -   Specificity: 0.88731
03/01/2026 03:32:21 - INFO - utils.trainer -   Sensitivity: 0.87573
03/01/2026 03:32:21 - INFO - utils.trainer -   Loss: 0.15084
03/01/2026 03:32:21 - INFO - utils.trainer -   Epoch: 116, Train loss: 0.00677, Test loss: 0.15084,Epoch time = 6.003s
03/01/2026 03:32:27 - INFO - utils.trainer -   ***** Running evaluation on test2 dataset *****
03/01/2026 03:32:31 - INFO - utils.trainer -   AUC: 0.93666
03/01/2026 03:32:31 - INFO - utils.trainer -   Accuracy: 0.88419
03/01/2026 03:32:31 - INFO - utils.trainer -   Precision: 0.86514
03/01/2026 03:32:31 - INFO - utils.trainer -   Recall: 0.87921
03/01/2026 03:32:31 - INFO - utils.trainer -   F_score: 0.87212
03/01/2026 03:32:31 - INFO - utils.trainer -   Specificity: 0.88826
03/01/2026 03:32:31 - INFO - utils.trainer -   Sensitivity: 0.87921
03/01/2026 03:32:31 - INFO - utils.trainer -   Loss: 0.14969
03/01/2026 03:32:31 - INFO - utils.trainer -   Epoch: 117, Train loss: 0.00651, Test loss: 0.14969,Epoch time = 6.008s
03/01/2026 03:32:37 - INFO - utils.trainer -   ***** Running evaluation on test2 dataset *****
03/01/2026 03:32:40 - INFO - utils.trainer -   AUC: 0.93642
03/01/2026 03:32:40 - INFO - utils.trainer -   Accuracy: 0.88419
03/01/2026 03:32:40 - INFO - utils.trainer -   Precision: 0.87721
03/01/2026 03:32:40 - INFO - utils.trainer -   Recall: 0.86295
03/01/2026 03:32:40 - INFO - utils.trainer -   F_score: 0.87002
03/01/2026 03:32:40 - INFO - utils.trainer -   Specificity: 0.90152
03/01/2026 03:32:40 - INFO - utils.trainer -   Sensitivity: 0.86295
03/01/2026 03:32:40 - INFO - utils.trainer -   Loss: 0.15046
03/01/2026 03:32:40 - INFO - utils.trainer -   Epoch: 118, Train loss: 0.00634, Test loss: 0.15046,Epoch time = 5.988s
03/01/2026 03:32:46 - INFO - utils.trainer -   ***** Running evaluation on test2 dataset *****
03/01/2026 03:32:50 - INFO - utils.trainer -   AUC: 0.93792
03/01/2026 03:32:50 - INFO - utils.trainer -   Accuracy: 0.87898
03/01/2026 03:32:50 - INFO - utils.trainer -   Precision: 0.85218
03/01/2026 03:32:50 - INFO - utils.trainer -   Recall: 0.88386
03/01/2026 03:32:50 - INFO - utils.trainer -   F_score: 0.86773
03/01/2026 03:32:50 - INFO - utils.trainer -   Specificity: 0.87500
03/01/2026 03:32:50 - INFO - utils.trainer -   Sensitivity: 0.88386
03/01/2026 03:32:50 - INFO - utils.trainer -   Loss: 0.15012
03/01/2026 03:32:50 - INFO - utils.trainer -   Epoch: 119, Train loss: 0.00590, Test loss: 0.15012,Epoch time = 5.916s
03/01/2026 03:32:56 - INFO - utils.trainer -   ***** Running evaluation on test2 dataset *****
03/01/2026 03:33:00 - INFO - utils.trainer -   AUC: 0.93740
03/01/2026 03:33:00 - INFO - utils.trainer -   Accuracy: 0.88211
03/01/2026 03:33:00 - INFO - utils.trainer -   Precision: 0.86203
03/01/2026 03:33:00 - INFO - utils.trainer -   Recall: 0.87805
03/01/2026 03:33:00 - INFO - utils.trainer -   F_score: 0.86997
03/01/2026 03:33:00 - INFO - utils.trainer -   Specificity: 0.88542
03/01/2026 03:33:00 - INFO - utils.trainer -   Sensitivity: 0.87805
03/01/2026 03:33:00 - INFO - utils.trainer -   Loss: 0.14964
03/01/2026 03:33:00 - INFO - utils.trainer -   Epoch: 120, Train loss: 0.00543, Test loss: 0.14964,Epoch time = 5.957s
03/01/2026 03:33:06 - INFO - utils.trainer -   ***** Running evaluation on test2 dataset *****
03/01/2026 03:33:10 - INFO - utils.trainer -   AUC: 0.93685
03/01/2026 03:33:10 - INFO - utils.trainer -   Accuracy: 0.88263
03/01/2026 03:33:10 - INFO - utils.trainer -   Precision: 0.87412
03/01/2026 03:33:10 - INFO - utils.trainer -   Recall: 0.86295
03/01/2026 03:33:10 - INFO - utils.trainer -   F_score: 0.86850
03/01/2026 03:33:10 - INFO - utils.trainer -   Specificity: 0.89867
03/01/2026 03:33:10 - INFO - utils.trainer -   Sensitivity: 0.86295
03/01/2026 03:33:10 - INFO - utils.trainer -   Loss: 0.14909
03/01/2026 03:33:10 - INFO - utils.trainer -   Epoch: 121, Train loss: 0.00534, Test loss: 0.14909,Epoch time = 5.981s
03/01/2026 03:33:16 - INFO - utils.trainer -   ***** Running evaluation on test2 dataset *****
03/01/2026 03:33:20 - INFO - utils.trainer -   AUC: 0.93328
03/01/2026 03:33:20 - INFO - utils.trainer -   Accuracy: 0.87063
03/01/2026 03:33:20 - INFO - utils.trainer -   Precision: 0.83135
03/01/2026 03:33:20 - INFO - utils.trainer -   Recall: 0.89315
03/01/2026 03:33:20 - INFO - utils.trainer -   F_score: 0.86114
03/01/2026 03:33:20 - INFO - utils.trainer -   Specificity: 0.85227
03/01/2026 03:33:20 - INFO - utils.trainer -   Sensitivity: 0.89315
03/01/2026 03:33:20 - INFO - utils.trainer -   Loss: 0.17162
03/01/2026 03:33:20 - INFO - utils.trainer -   Epoch: 122, Train loss: 0.00860, Test loss: 0.17162,Epoch time = 6.044s
03/01/2026 03:33:26 - INFO - utils.trainer -   ***** Running evaluation on test2 dataset *****
03/01/2026 03:33:30 - INFO - utils.trainer -   AUC: 0.93525
03/01/2026 03:33:30 - INFO - utils.trainer -   Accuracy: 0.88106
03/01/2026 03:33:30 - INFO - utils.trainer -   Precision: 0.87456
03/01/2026 03:33:30 - INFO - utils.trainer -   Recall: 0.85830
03/01/2026 03:33:30 - INFO - utils.trainer -   F_score: 0.86635
03/01/2026 03:33:30 - INFO - utils.trainer -   Specificity: 0.89962
03/01/2026 03:33:30 - INFO - utils.trainer -   Sensitivity: 0.85830
03/01/2026 03:33:30 - INFO - utils.trainer -   Loss: 0.15155
03/01/2026 03:33:30 - INFO - utils.trainer -   Epoch: 123, Train loss: 0.00642, Test loss: 0.15155,Epoch time = 5.996s
03/01/2026 03:33:36 - INFO - utils.trainer -   ***** Running evaluation on test2 dataset *****
03/01/2026 03:33:39 - INFO - utils.trainer -   AUC: 0.93637
03/01/2026 03:33:39 - INFO - utils.trainer -   Accuracy: 0.88472
03/01/2026 03:33:39 - INFO - utils.trainer -   Precision: 0.87037
03/01/2026 03:33:39 - INFO - utils.trainer -   Recall: 0.87340
03/01/2026 03:33:39 - INFO - utils.trainer -   F_score: 0.87188
03/01/2026 03:33:39 - INFO - utils.trainer -   Specificity: 0.89394
03/01/2026 03:33:39 - INFO - utils.trainer -   Sensitivity: 0.87340
03/01/2026 03:33:39 - INFO - utils.trainer -   Loss: 0.15253
03/01/2026 03:33:39 - INFO - utils.trainer -   Epoch: 124, Train loss: 0.00626, Test loss: 0.15253,Epoch time = 5.904s
03/01/2026 03:33:45 - INFO - utils.trainer -   ***** Running evaluation on test2 dataset *****
03/01/2026 03:33:49 - INFO - utils.trainer -   AUC: 0.93704
03/01/2026 03:33:49 - INFO - utils.trainer -   Accuracy: 0.88732
03/01/2026 03:33:49 - INFO - utils.trainer -   Precision: 0.88347
03/01/2026 03:33:49 - INFO - utils.trainer -   Recall: 0.86295
03/01/2026 03:33:49 - INFO - utils.trainer -   F_score: 0.87309
03/01/2026 03:33:49 - INFO - utils.trainer -   Specificity: 0.90720
03/01/2026 03:33:49 - INFO - utils.trainer -   Sensitivity: 0.86295
03/01/2026 03:33:49 - INFO - utils.trainer -   Loss: 0.14868
03/01/2026 03:33:49 - INFO - utils.trainer -   Epoch: 125, Train loss: 0.00626, Test loss: 0.14868,Epoch time = 5.867s
03/01/2026 03:33:55 - INFO - utils.trainer -   ***** Running evaluation on test2 dataset *****
03/01/2026 03:33:59 - INFO - utils.trainer -   AUC: 0.93571
03/01/2026 03:33:59 - INFO - utils.trainer -   Accuracy: 0.88367
03/01/2026 03:33:59 - INFO - utils.trainer -   Precision: 0.87007
03/01/2026 03:33:59 - INFO - utils.trainer -   Recall: 0.87108
03/01/2026 03:33:59 - INFO - utils.trainer -   F_score: 0.87057
03/01/2026 03:33:59 - INFO - utils.trainer -   Specificity: 0.89394
03/01/2026 03:33:59 - INFO - utils.trainer -   Sensitivity: 0.87108
03/01/2026 03:33:59 - INFO - utils.trainer -   Loss: 0.14977
03/01/2026 03:33:59 - INFO - utils.trainer -   Epoch: 126, Train loss: 0.00498, Test loss: 0.14977,Epoch time = 5.881s
03/01/2026 03:34:05 - INFO - utils.trainer -   ***** Running evaluation on test2 dataset *****
03/01/2026 03:34:08 - INFO - utils.trainer -   AUC: 0.93700
03/01/2026 03:34:08 - INFO - utils.trainer -   Accuracy: 0.88315
03/01/2026 03:34:08 - INFO - utils.trainer -   Precision: 0.86317
03/01/2026 03:34:08 - INFO - utils.trainer -   Recall: 0.87921
03/01/2026 03:34:08 - INFO - utils.trainer -   F_score: 0.87112
03/01/2026 03:34:08 - INFO - utils.trainer -   Specificity: 0.88636
03/01/2026 03:34:08 - INFO - utils.trainer -   Sensitivity: 0.87921
03/01/2026 03:34:08 - INFO - utils.trainer -   Loss: 0.15046
03/01/2026 03:34:08 - INFO - utils.trainer -   Epoch: 127, Train loss: 0.00431, Test loss: 0.15046,Epoch time = 5.948s
03/01/2026 03:34:14 - INFO - utils.trainer -   ***** Running evaluation on test2 dataset *****
03/01/2026 03:34:18 - INFO - utils.trainer -   AUC: 0.93566
03/01/2026 03:34:18 - INFO - utils.trainer -   Accuracy: 0.88472
03/01/2026 03:34:18 - INFO - utils.trainer -   Precision: 0.86697
03/01/2026 03:34:18 - INFO - utils.trainer -   Recall: 0.87805
03/01/2026 03:34:18 - INFO - utils.trainer -   F_score: 0.87248
03/01/2026 03:34:18 - INFO - utils.trainer -   Specificity: 0.89015
03/01/2026 03:34:18 - INFO - utils.trainer -   Sensitivity: 0.87805
03/01/2026 03:34:18 - INFO - utils.trainer -   Loss: 0.15032
03/01/2026 03:34:18 - INFO - utils.trainer -   Epoch: 128, Train loss: 0.00389, Test loss: 0.15032,Epoch time = 5.948s
03/01/2026 03:34:24 - INFO - utils.trainer -   ***** Running evaluation on test2 dataset *****
03/01/2026 03:34:28 - INFO - utils.trainer -   AUC: 0.93642
03/01/2026 03:34:28 - INFO - utils.trainer -   Accuracy: 0.87898
03/01/2026 03:34:28 - INFO - utils.trainer -   Precision: 0.85218
03/01/2026 03:34:28 - INFO - utils.trainer -   Recall: 0.88386
03/01/2026 03:34:28 - INFO - utils.trainer -   F_score: 0.86773
03/01/2026 03:34:28 - INFO - utils.trainer -   Specificity: 0.87500
03/01/2026 03:34:28 - INFO - utils.trainer -   Sensitivity: 0.88386
03/01/2026 03:34:28 - INFO - utils.trainer -   Loss: 0.15113
03/01/2026 03:34:28 - INFO - utils.trainer -   Epoch: 129, Train loss: 0.00373, Test loss: 0.15113,Epoch time = 5.914s
03/01/2026 03:34:34 - INFO - utils.trainer -   ***** Running evaluation on test2 dataset *****
03/01/2026 03:34:38 - INFO - utils.trainer -   AUC: 0.93644
03/01/2026 03:34:38 - INFO - utils.trainer -   Accuracy: 0.88159
03/01/2026 03:34:38 - INFO - utils.trainer -   Precision: 0.85779
03/01/2026 03:34:38 - INFO - utils.trainer -   Recall: 0.88269
03/01/2026 03:34:38 - INFO - utils.trainer -   F_score: 0.87006
03/01/2026 03:34:38 - INFO - utils.trainer -   Specificity: 0.88068
03/01/2026 03:34:38 - INFO - utils.trainer -   Sensitivity: 0.88269
03/01/2026 03:34:38 - INFO - utils.trainer -   Loss: 0.15077
03/01/2026 03:34:38 - INFO - utils.trainer -   Epoch: 130, Train loss: 0.00374, Test loss: 0.15077,Epoch time = 5.955s
03/01/2026 03:34:44 - INFO - utils.trainer -   ***** Running evaluation on test2 dataset *****
03/01/2026 03:34:48 - INFO - utils.trainer -   AUC: 0.93421
03/01/2026 03:34:48 - INFO - utils.trainer -   Accuracy: 0.88576
03/01/2026 03:34:48 - INFO - utils.trainer -   Precision: 0.87153
03/01/2026 03:34:48 - INFO - utils.trainer -   Recall: 0.87456
03/01/2026 03:34:48 - INFO - utils.trainer -   F_score: 0.87304
03/01/2026 03:34:48 - INFO - utils.trainer -   Specificity: 0.89489
03/01/2026 03:34:48 - INFO - utils.trainer -   Sensitivity: 0.87456
03/01/2026 03:34:48 - INFO - utils.trainer -   Loss: 0.15218
03/01/2026 03:34:48 - INFO - utils.trainer -   Epoch: 131, Train loss: 0.00689, Test loss: 0.15218,Epoch time = 5.889s
03/01/2026 03:34:54 - INFO - utils.trainer -   ***** Running evaluation on test2 dataset *****
03/01/2026 03:34:58 - INFO - utils.trainer -   AUC: 0.93592
03/01/2026 03:34:58 - INFO - utils.trainer -   Accuracy: 0.87846
03/01/2026 03:34:58 - INFO - utils.trainer -   Precision: 0.85360
03/01/2026 03:34:58 - INFO - utils.trainer -   Recall: 0.88037
03/01/2026 03:34:58 - INFO - utils.trainer -   F_score: 0.86678
03/01/2026 03:34:58 - INFO - utils.trainer -   Specificity: 0.87689
03/01/2026 03:34:58 - INFO - utils.trainer -   Sensitivity: 0.88037
03/01/2026 03:34:58 - INFO - utils.trainer -   Loss: 0.15132
03/01/2026 03:34:58 - INFO - utils.trainer -   Epoch: 132, Train loss: 0.00371, Test loss: 0.15132,Epoch time = 6.014s
03/01/2026 03:35:03 - INFO - utils.trainer -   ***** Running evaluation on test2 dataset *****
03/01/2026 03:35:07 - INFO - utils.trainer -   AUC: 0.93526
03/01/2026 03:35:07 - INFO - utils.trainer -   Accuracy: 0.88159
03/01/2026 03:35:07 - INFO - utils.trainer -   Precision: 0.87207
03/01/2026 03:35:07 - INFO - utils.trainer -   Recall: 0.86295
03/01/2026 03:35:07 - INFO - utils.trainer -   F_score: 0.86748
03/01/2026 03:35:07 - INFO - utils.trainer -   Specificity: 0.89678
03/01/2026 03:35:07 - INFO - utils.trainer -   Sensitivity: 0.86295
03/01/2026 03:35:07 - INFO - utils.trainer -   Loss: 0.15069
03/01/2026 03:35:07 - INFO - utils.trainer -   Epoch: 133, Train loss: 0.00332, Test loss: 0.15069,Epoch time = 5.865s
03/01/2026 03:35:13 - INFO - utils.trainer -   ***** Running evaluation on test2 dataset *****
03/01/2026 03:35:17 - INFO - utils.trainer -   AUC: 0.93526
03/01/2026 03:35:17 - INFO - utils.trainer -   Accuracy: 0.88002
03/01/2026 03:35:17 - INFO - utils.trainer -   Precision: 0.85893
03/01/2026 03:35:17 - INFO - utils.trainer -   Recall: 0.87689
03/01/2026 03:35:17 - INFO - utils.trainer -   F_score: 0.86782
03/01/2026 03:35:17 - INFO - utils.trainer -   Specificity: 0.88258
03/01/2026 03:35:17 - INFO - utils.trainer -   Sensitivity: 0.87689
03/01/2026 03:35:17 - INFO - utils.trainer -   Loss: 0.15195
03/01/2026 03:35:17 - INFO - utils.trainer -   Epoch: 134, Train loss: 0.00366, Test loss: 0.15195,Epoch time = 5.877s
03/01/2026 03:35:23 - INFO - utils.trainer -   ***** Running evaluation on test2 dataset *****
03/01/2026 03:35:27 - INFO - utils.trainer -   AUC: 0.93515
03/01/2026 03:35:27 - INFO - utils.trainer -   Accuracy: 0.88263
03/01/2026 03:35:27 - INFO - utils.trainer -   Precision: 0.86891
03/01/2026 03:35:27 - INFO - utils.trainer -   Recall: 0.86992
03/01/2026 03:35:27 - INFO - utils.trainer -   F_score: 0.86941
03/01/2026 03:35:27 - INFO - utils.trainer -   Specificity: 0.89299
03/01/2026 03:35:27 - INFO - utils.trainer -   Sensitivity: 0.86992
03/01/2026 03:35:27 - INFO - utils.trainer -   Loss: 0.15172
03/01/2026 03:35:27 - INFO - utils.trainer -   Epoch: 135, Train loss: 0.00383, Test loss: 0.15172,Epoch time = 5.966s
03/01/2026 03:35:33 - INFO - utils.trainer -   ***** Running evaluation on test2 dataset *****
03/01/2026 03:35:36 - INFO - utils.trainer -   AUC: 0.93595
03/01/2026 03:35:36 - INFO - utils.trainer -   Accuracy: 0.88263
03/01/2026 03:35:36 - INFO - utils.trainer -   Precision: 0.86721
03/01/2026 03:35:36 - INFO - utils.trainer -   Recall: 0.87224
03/01/2026 03:35:36 - INFO - utils.trainer -   F_score: 0.86972
03/01/2026 03:35:36 - INFO - utils.trainer -   Specificity: 0.89110
03/01/2026 03:35:36 - INFO - utils.trainer -   Sensitivity: 0.87224
03/01/2026 03:35:36 - INFO - utils.trainer -   Loss: 0.14981
03/01/2026 03:35:36 - INFO - utils.trainer -   Epoch: 136, Train loss: 0.00343, Test loss: 0.14981,Epoch time = 5.893s
03/01/2026 03:35:43 - INFO - utils.trainer -   ***** Running evaluation on test2 dataset *****
03/01/2026 03:35:47 - INFO - utils.trainer -   AUC: 0.93548
03/01/2026 03:35:47 - INFO - utils.trainer -   Accuracy: 0.88106
03/01/2026 03:35:47 - INFO - utils.trainer -   Precision: 0.86171
03/01/2026 03:35:47 - INFO - utils.trainer -   Recall: 0.87573
03/01/2026 03:35:47 - INFO - utils.trainer -   F_score: 0.86866
03/01/2026 03:35:47 - INFO - utils.trainer -   Specificity: 0.88542
03/01/2026 03:35:47 - INFO - utils.trainer -   Sensitivity: 0.87573
03/01/2026 03:35:47 - INFO - utils.trainer -   Loss: 0.14861
03/01/2026 03:35:47 - INFO - utils.trainer -   Epoch: 137, Train loss: 0.00337, Test loss: 0.14861,Epoch time = 6.505s
03/01/2026 03:35:53 - INFO - utils.trainer -   ***** Running evaluation on test2 dataset *****
03/01/2026 03:35:57 - INFO - utils.trainer -   AUC: 0.93657
03/01/2026 03:35:57 - INFO - utils.trainer -   Accuracy: 0.88263
03/01/2026 03:35:57 - INFO - utils.trainer -   Precision: 0.86552
03/01/2026 03:35:57 - INFO - utils.trainer -   Recall: 0.87456
03/01/2026 03:35:57 - INFO - utils.trainer -   F_score: 0.87002
03/01/2026 03:35:57 - INFO - utils.trainer -   Specificity: 0.88920
03/01/2026 03:35:57 - INFO - utils.trainer -   Sensitivity: 0.87456
03/01/2026 03:35:57 - INFO - utils.trainer -   Loss: 0.14838
03/01/2026 03:35:57 - INFO - utils.trainer -   Epoch: 138, Train loss: 0.00336, Test loss: 0.14838,Epoch time = 6.110s
03/01/2026 03:36:03 - INFO - utils.trainer -   ***** Running evaluation on test2 dataset *****
03/01/2026 03:36:07 - INFO - utils.trainer -   AUC: 0.93323
03/01/2026 03:36:07 - INFO - utils.trainer -   Accuracy: 0.87950
03/01/2026 03:36:07 - INFO - utils.trainer -   Precision: 0.87679
03/01/2026 03:36:07 - INFO - utils.trainer -   Recall: 0.85134
03/01/2026 03:36:07 - INFO - utils.trainer -   F_score: 0.86388
03/01/2026 03:36:07 - INFO - utils.trainer -   Specificity: 0.90246
03/01/2026 03:36:07 - INFO - utils.trainer -   Sensitivity: 0.85134
03/01/2026 03:36:07 - INFO - utils.trainer -   Loss: 0.15323
03/01/2026 03:36:07 - INFO - utils.trainer -   Epoch: 139, Train loss: 0.00426, Test loss: 0.15323,Epoch time = 5.922s
03/01/2026 03:36:12 - INFO - utils.trainer -   ***** Running evaluation on test2 dataset *****
03/01/2026 03:36:16 - INFO - utils.trainer -   AUC: 0.93841
03/01/2026 03:36:16 - INFO - utils.trainer -   Accuracy: 0.88315
03/01/2026 03:36:16 - INFO - utils.trainer -   Precision: 0.86070
03/01/2026 03:36:16 - INFO - utils.trainer -   Recall: 0.88269
03/01/2026 03:36:16 - INFO - utils.trainer -   F_score: 0.87156
03/01/2026 03:36:16 - INFO - utils.trainer -   Specificity: 0.88352
03/01/2026 03:36:16 - INFO - utils.trainer -   Sensitivity: 0.88269
03/01/2026 03:36:16 - INFO - utils.trainer -   Loss: 0.14817
03/01/2026 03:36:16 - INFO - utils.trainer -   Epoch: 140, Train loss: 0.00317, Test loss: 0.14817,Epoch time = 5.857s
03/01/2026 03:36:22 - INFO - utils.trainer -   ***** Running evaluation on test2 dataset *****
03/01/2026 03:36:26 - INFO - utils.trainer -   AUC: 0.93853
03/01/2026 03:36:26 - INFO - utils.trainer -   Accuracy: 0.88315
03/01/2026 03:36:26 - INFO - utils.trainer -   Precision: 0.86152
03/01/2026 03:36:26 - INFO - utils.trainer -   Recall: 0.88153
03/01/2026 03:36:26 - INFO - utils.trainer -   F_score: 0.87141
03/01/2026 03:36:26 - INFO - utils.trainer -   Specificity: 0.88447
03/01/2026 03:36:26 - INFO - utils.trainer -   Sensitivity: 0.88153
03/01/2026 03:36:26 - INFO - utils.trainer -   Loss: 0.14862
03/01/2026 03:36:26 - INFO - utils.trainer -   Epoch: 141, Train loss: 0.00306, Test loss: 0.14862,Epoch time = 5.945s
03/01/2026 03:36:32 - INFO - utils.trainer -   ***** Running evaluation on test2 dataset *****
03/01/2026 03:36:36 - INFO - utils.trainer -   AUC: 0.93836
03/01/2026 03:36:36 - INFO - utils.trainer -   Accuracy: 0.88315
03/01/2026 03:36:36 - INFO - utils.trainer -   Precision: 0.86483
03/01/2026 03:36:36 - INFO - utils.trainer -   Recall: 0.87689
03/01/2026 03:36:36 - INFO - utils.trainer -   F_score: 0.87082
03/01/2026 03:36:36 - INFO - utils.trainer -   Specificity: 0.88826
03/01/2026 03:36:36 - INFO - utils.trainer -   Sensitivity: 0.87689
03/01/2026 03:36:36 - INFO - utils.trainer -   Loss: 0.14727
03/01/2026 03:36:36 - INFO - utils.trainer -   Epoch: 142, Train loss: 0.00315, Test loss: 0.14727,Epoch time = 5.990s
03/01/2026 03:36:42 - INFO - utils.trainer -   ***** Running evaluation on test2 dataset *****
03/01/2026 03:36:46 - INFO - utils.trainer -   AUC: 0.93808
03/01/2026 03:36:46 - INFO - utils.trainer -   Accuracy: 0.88211
03/01/2026 03:36:46 - INFO - utils.trainer -   Precision: 0.86286
03/01/2026 03:36:46 - INFO - utils.trainer -   Recall: 0.87689
03/01/2026 03:36:46 - INFO - utils.trainer -   F_score: 0.86982
03/01/2026 03:36:46 - INFO - utils.trainer -   Specificity: 0.88636
03/01/2026 03:36:46 - INFO - utils.trainer -   Sensitivity: 0.87689
03/01/2026 03:36:46 - INFO - utils.trainer -   Loss: 0.14872
03/01/2026 03:36:46 - INFO - utils.trainer -   Epoch: 143, Train loss: 0.00308, Test loss: 0.14872,Epoch time = 5.898s
03/01/2026 03:36:52 - INFO - utils.trainer -   ***** Running evaluation on test2 dataset *****
03/01/2026 03:36:55 - INFO - utils.trainer -   AUC: 0.93858
03/01/2026 03:36:56 - INFO - utils.trainer -   Accuracy: 0.88419
03/01/2026 03:36:56 - INFO - utils.trainer -   Precision: 0.86598
03/01/2026 03:36:56 - INFO - utils.trainer -   Recall: 0.87805
03/01/2026 03:36:56 - INFO - utils.trainer -   F_score: 0.87197
03/01/2026 03:36:56 - INFO - utils.trainer -   Specificity: 0.88920
03/01/2026 03:36:56 - INFO - utils.trainer -   Sensitivity: 0.87805
03/01/2026 03:36:56 - INFO - utils.trainer -   Loss: 0.14778
03/01/2026 03:36:56 - INFO - utils.trainer -   Epoch: 144, Train loss: 0.00313, Test loss: 0.14778,Epoch time = 6.065s
03/01/2026 03:37:01 - INFO - utils.trainer -   ***** Running evaluation on test2 dataset *****
03/01/2026 03:37:05 - INFO - utils.trainer -   AUC: 0.93835
03/01/2026 03:37:05 - INFO - utils.trainer -   Accuracy: 0.88524
03/01/2026 03:37:05 - INFO - utils.trainer -   Precision: 0.86967
03/01/2026 03:37:05 - INFO - utils.trainer -   Recall: 0.87573
03/01/2026 03:37:05 - INFO - utils.trainer -   F_score: 0.87269
03/01/2026 03:37:05 - INFO - utils.trainer -   Specificity: 0.89299
03/01/2026 03:37:05 - INFO - utils.trainer -   Sensitivity: 0.87573
03/01/2026 03:37:05 - INFO - utils.trainer -   Loss: 0.14888
03/01/2026 03:37:05 - INFO - utils.trainer -   Epoch: 145, Train loss: 0.00309, Test loss: 0.14888,Epoch time = 5.953s
03/01/2026 03:37:12 - INFO - utils.trainer -   ***** Running evaluation on test2 dataset *****
03/01/2026 03:37:15 - INFO - utils.trainer -   AUC: 0.93773
03/01/2026 03:37:15 - INFO - utils.trainer -   Accuracy: 0.88472
03/01/2026 03:37:15 - INFO - utils.trainer -   Precision: 0.86613
03/01/2026 03:37:15 - INFO - utils.trainer -   Recall: 0.87921
03/01/2026 03:37:15 - INFO - utils.trainer -   F_score: 0.87262
03/01/2026 03:37:15 - INFO - utils.trainer -   Specificity: 0.88920
03/01/2026 03:37:15 - INFO - utils.trainer -   Sensitivity: 0.87921
03/01/2026 03:37:15 - INFO - utils.trainer -   Loss: 0.14678
03/01/2026 03:37:15 - INFO - utils.trainer -   Epoch: 146, Train loss: 0.00301, Test loss: 0.14678,Epoch time = 6.255s
03/01/2026 03:37:21 - INFO - utils.trainer -   ***** Running evaluation on test2 dataset *****
03/01/2026 03:37:25 - INFO - utils.trainer -   AUC: 0.93894
03/01/2026 03:37:25 - INFO - utils.trainer -   Accuracy: 0.88315
03/01/2026 03:37:25 - INFO - utils.trainer -   Precision: 0.86317
03/01/2026 03:37:25 - INFO - utils.trainer -   Recall: 0.87921
03/01/2026 03:37:25 - INFO - utils.trainer -   F_score: 0.87112
03/01/2026 03:37:25 - INFO - utils.trainer -   Specificity: 0.88636
03/01/2026 03:37:25 - INFO - utils.trainer -   Sensitivity: 0.87921
03/01/2026 03:37:25 - INFO - utils.trainer -   Loss: 0.14495
03/01/2026 03:37:25 - INFO - utils.trainer -   Epoch: 147, Train loss: 0.00309, Test loss: 0.14495,Epoch time = 6.009s
03/01/2026 03:37:31 - INFO - utils.trainer -   ***** Running evaluation on test2 dataset *****
03/01/2026 03:37:35 - INFO - utils.trainer -   AUC: 0.93826
03/01/2026 03:37:35 - INFO - utils.trainer -   Accuracy: 0.88211
03/01/2026 03:37:35 - INFO - utils.trainer -   Precision: 0.87485
03/01/2026 03:37:35 - INFO - utils.trainer -   Recall: 0.86063
03/01/2026 03:37:35 - INFO - utils.trainer -   F_score: 0.86768
03/01/2026 03:37:35 - INFO - utils.trainer -   Specificity: 0.89962
03/01/2026 03:37:35 - INFO - utils.trainer -   Sensitivity: 0.86063
03/01/2026 03:37:35 - INFO - utils.trainer -   Loss: 0.14660
03/01/2026 03:37:35 - INFO - utils.trainer -   Epoch: 148, Train loss: 0.00323, Test loss: 0.14660,Epoch time = 5.986s
03/01/2026 03:37:41 - INFO - utils.trainer -   ***** Running evaluation on test2 dataset *****
03/01/2026 03:37:45 - INFO - utils.trainer -   AUC: 0.93913
03/01/2026 03:37:45 - INFO - utils.trainer -   Accuracy: 0.88472
03/01/2026 03:37:45 - INFO - utils.trainer -   Precision: 0.87647
03/01/2026 03:37:45 - INFO - utils.trainer -   Recall: 0.86527
03/01/2026 03:37:45 - INFO - utils.trainer -   F_score: 0.87084
03/01/2026 03:37:45 - INFO - utils.trainer -   Specificity: 0.90057
03/01/2026 03:37:45 - INFO - utils.trainer -   Sensitivity: 0.86527
03/01/2026 03:37:45 - INFO - utils.trainer -   Loss: 0.14685
03/01/2026 03:37:45 - INFO - utils.trainer -   Epoch: 149, Train loss: 0.00321, Test loss: 0.14685,Epoch time = 5.874s
03/01/2026 03:37:51 - INFO - utils.trainer -   ***** Running evaluation on test2 dataset *****
03/01/2026 03:37:55 - INFO - utils.trainer -   AUC: 0.93919
03/01/2026 03:37:55 - INFO - utils.trainer -   Accuracy: 0.88524
03/01/2026 03:37:55 - INFO - utils.trainer -   Precision: 0.87662
03/01/2026 03:37:55 - INFO - utils.trainer -   Recall: 0.86643
03/01/2026 03:37:55 - INFO - utils.trainer -   F_score: 0.87150
03/01/2026 03:37:55 - INFO - utils.trainer -   Specificity: 0.90057
03/01/2026 03:37:55 - INFO - utils.trainer -   Sensitivity: 0.86643
03/01/2026 03:37:55 - INFO - utils.trainer -   Loss: 0.14409
03/01/2026 03:37:55 - INFO - utils.trainer -   Epoch: 150, Train loss: 0.00312, Test loss: 0.14409,Epoch time = 6.287s
03/01/2026 03:38:01 - INFO - utils.trainer -   ***** Running evaluation on test2 dataset *****
03/01/2026 03:38:05 - INFO - utils.trainer -   AUC: 0.93840
03/01/2026 03:38:05 - INFO - utils.trainer -   Accuracy: 0.88524
03/01/2026 03:38:05 - INFO - utils.trainer -   Precision: 0.87398
03/01/2026 03:38:05 - INFO - utils.trainer -   Recall: 0.86992
03/01/2026 03:38:05 - INFO - utils.trainer -   F_score: 0.87194
03/01/2026 03:38:05 - INFO - utils.trainer -   Specificity: 0.89773
03/01/2026 03:38:05 - INFO - utils.trainer -   Sensitivity: 0.86992
03/01/2026 03:38:05 - INFO - utils.trainer -   Loss: 0.14666
03/01/2026 03:38:05 - INFO - utils.trainer -   Epoch: 151, Train loss: 0.00300, Test loss: 0.14666,Epoch time = 5.900s
03/01/2026 03:38:11 - INFO - utils.trainer -   ***** Running evaluation on test2 dataset *****
03/01/2026 03:38:14 - INFO - utils.trainer -   AUC: 0.93970
03/01/2026 03:38:14 - INFO - utils.trainer -   Accuracy: 0.88785
03/01/2026 03:38:14 - INFO - utils.trainer -   Precision: 0.87212
03/01/2026 03:38:14 - INFO - utils.trainer -   Recall: 0.87921
03/01/2026 03:38:14 - INFO - utils.trainer -   F_score: 0.87565
03/01/2026 03:38:14 - INFO - utils.trainer -   Specificity: 0.89489
03/01/2026 03:38:14 - INFO - utils.trainer -   Sensitivity: 0.87921
03/01/2026 03:38:14 - INFO - utils.trainer -   Loss: 0.14531
03/01/2026 03:38:14 - INFO - utils.trainer -   Epoch: 152, Train loss: 0.00305, Test loss: 0.14531,Epoch time = 5.940s
03/01/2026 03:38:20 - INFO - utils.trainer -   ***** Running evaluation on test2 dataset *****
03/01/2026 03:38:24 - INFO - utils.trainer -   AUC: 0.93742
03/01/2026 03:38:24 - INFO - utils.trainer -   Accuracy: 0.88576
03/01/2026 03:38:24 - INFO - utils.trainer -   Precision: 0.86897
03/01/2026 03:38:24 - INFO - utils.trainer -   Recall: 0.87805
03/01/2026 03:38:24 - INFO - utils.trainer -   F_score: 0.87348
03/01/2026 03:38:24 - INFO - utils.trainer -   Specificity: 0.89205
03/01/2026 03:38:24 - INFO - utils.trainer -   Sensitivity: 0.87805
03/01/2026 03:38:24 - INFO - utils.trainer -   Loss: 0.14803
03/01/2026 03:38:24 - INFO - utils.trainer -   Epoch: 153, Train loss: 0.00322, Test loss: 0.14803,Epoch time = 5.936s
03/01/2026 03:38:30 - INFO - utils.trainer -   ***** Running evaluation on test2 dataset *****
03/01/2026 03:38:34 - INFO - utils.trainer -   AUC: 0.93891
03/01/2026 03:38:34 - INFO - utils.trainer -   Accuracy: 0.88315
03/01/2026 03:38:34 - INFO - utils.trainer -   Precision: 0.86483
03/01/2026 03:38:34 - INFO - utils.trainer -   Recall: 0.87689
03/01/2026 03:38:34 - INFO - utils.trainer -   F_score: 0.87082
03/01/2026 03:38:34 - INFO - utils.trainer -   Specificity: 0.88826
03/01/2026 03:38:34 - INFO - utils.trainer -   Sensitivity: 0.87689
03/01/2026 03:38:34 - INFO - utils.trainer -   Loss: 0.14628
03/01/2026 03:38:34 - INFO - utils.trainer -   Epoch: 154, Train loss: 0.00359, Test loss: 0.14628,Epoch time = 5.912s
03/01/2026 03:38:40 - INFO - utils.trainer -   ***** Running evaluation on test2 dataset *****
03/01/2026 03:38:44 - INFO - utils.trainer -   AUC: 0.93914
03/01/2026 03:38:44 - INFO - utils.trainer -   Accuracy: 0.88367
03/01/2026 03:38:44 - INFO - utils.trainer -   Precision: 0.86086
03/01/2026 03:38:44 - INFO - utils.trainer -   Recall: 0.88386
03/01/2026 03:38:44 - INFO - utils.trainer -   F_score: 0.87221
03/01/2026 03:38:44 - INFO - utils.trainer -   Specificity: 0.88352
03/01/2026 03:38:44 - INFO - utils.trainer -   Sensitivity: 0.88386
03/01/2026 03:38:44 - INFO - utils.trainer -   Loss: 0.14596
03/01/2026 03:38:44 - INFO - utils.trainer -   Epoch: 155, Train loss: 0.00307, Test loss: 0.14596,Epoch time = 5.865s
03/01/2026 03:38:50 - INFO - utils.trainer -   ***** Running evaluation on test2 dataset *****
03/01/2026 03:38:53 - INFO - utils.trainer -   AUC: 0.93927
03/01/2026 03:38:53 - INFO - utils.trainer -   Accuracy: 0.88472
03/01/2026 03:38:53 - INFO - utils.trainer -   Precision: 0.87647
03/01/2026 03:38:53 - INFO - utils.trainer -   Recall: 0.86527
03/01/2026 03:38:53 - INFO - utils.trainer -   F_score: 0.87084
03/01/2026 03:38:53 - INFO - utils.trainer -   Specificity: 0.90057
03/01/2026 03:38:53 - INFO - utils.trainer -   Sensitivity: 0.86527
03/01/2026 03:38:53 - INFO - utils.trainer -   Loss: 0.14480
03/01/2026 03:38:53 - INFO - utils.trainer -   Epoch: 156, Train loss: 0.00310, Test loss: 0.14480,Epoch time = 5.853s
03/01/2026 03:38:59 - INFO - utils.trainer -   ***** Running evaluation on test2 dataset *****
03/01/2026 03:39:03 - INFO - utils.trainer -   AUC: 0.93897
03/01/2026 03:39:03 - INFO - utils.trainer -   Accuracy: 0.88106
03/01/2026 03:39:03 - INFO - utils.trainer -   Precision: 0.86171
03/01/2026 03:39:03 - INFO - utils.trainer -   Recall: 0.87573
03/01/2026 03:39:03 - INFO - utils.trainer -   F_score: 0.86866
03/01/2026 03:39:03 - INFO - utils.trainer -   Specificity: 0.88542
03/01/2026 03:39:03 - INFO - utils.trainer -   Sensitivity: 0.87573
03/01/2026 03:39:03 - INFO - utils.trainer -   Loss: 0.14593
03/01/2026 03:39:03 - INFO - utils.trainer -   Epoch: 157, Train loss: 0.00312, Test loss: 0.14593,Epoch time = 5.927s
03/01/2026 03:39:09 - INFO - utils.trainer -   ***** Running evaluation on test2 dataset *****
03/01/2026 03:39:13 - INFO - utils.trainer -   AUC: 0.93856
03/01/2026 03:39:13 - INFO - utils.trainer -   Accuracy: 0.88211
03/01/2026 03:39:13 - INFO - utils.trainer -   Precision: 0.86039
03/01/2026 03:39:13 - INFO - utils.trainer -   Recall: 0.88037
03/01/2026 03:39:13 - INFO - utils.trainer -   F_score: 0.87026
03/01/2026 03:39:13 - INFO - utils.trainer -   Specificity: 0.88352
03/01/2026 03:39:13 - INFO - utils.trainer -   Sensitivity: 0.88037
03/01/2026 03:39:13 - INFO - utils.trainer -   Loss: 0.14737
03/01/2026 03:39:13 - INFO - utils.trainer -   Epoch: 158, Train loss: 0.00298, Test loss: 0.14737,Epoch time = 5.884s
03/01/2026 03:39:19 - INFO - utils.trainer -   ***** Running evaluation on test2 dataset *****
03/01/2026 03:39:23 - INFO - utils.trainer -   AUC: 0.93849
03/01/2026 03:39:23 - INFO - utils.trainer -   Accuracy: 0.88628
03/01/2026 03:39:23 - INFO - utils.trainer -   Precision: 0.88047
03/01/2026 03:39:23 - INFO - utils.trainer -   Recall: 0.86411
03/01/2026 03:39:23 - INFO - utils.trainer -   F_score: 0.87222
03/01/2026 03:39:23 - INFO - utils.trainer -   Specificity: 0.90436
03/01/2026 03:39:23 - INFO - utils.trainer -   Sensitivity: 0.86411
03/01/2026 03:39:23 - INFO - utils.trainer -   Loss: 0.14586
03/01/2026 03:39:23 - INFO - utils.trainer -   Epoch: 159, Train loss: 0.00308, Test loss: 0.14586,Epoch time = 5.868s
03/01/2026 03:39:28 - INFO - utils.trainer -   ***** Running evaluation on test2 dataset *****
03/01/2026 03:39:32 - INFO - utils.trainer -   AUC: 0.93972
03/01/2026 03:39:32 - INFO - utils.trainer -   Accuracy: 0.88263
03/01/2026 03:39:32 - INFO - utils.trainer -   Precision: 0.86384
03/01/2026 03:39:32 - INFO - utils.trainer -   Recall: 0.87689
03/01/2026 03:39:32 - INFO - utils.trainer -   F_score: 0.87032
03/01/2026 03:39:32 - INFO - utils.trainer -   Specificity: 0.88731
03/01/2026 03:39:32 - INFO - utils.trainer -   Sensitivity: 0.87689
03/01/2026 03:39:32 - INFO - utils.trainer -   Loss: 0.14568
03/01/2026 03:39:32 - INFO - utils.trainer -   Epoch: 160, Train loss: 0.00289, Test loss: 0.14568,Epoch time = 5.923s
03/01/2026 03:39:38 - INFO - utils.trainer -   ***** Running evaluation on test2 dataset *****
03/01/2026 03:39:42 - INFO - utils.trainer -   AUC: 0.93934
03/01/2026 03:39:42 - INFO - utils.trainer -   Accuracy: 0.88367
03/01/2026 03:39:42 - INFO - utils.trainer -   Precision: 0.86667
03/01/2026 03:39:42 - INFO - utils.trainer -   Recall: 0.87573
03/01/2026 03:39:42 - INFO - utils.trainer -   F_score: 0.87117
03/01/2026 03:39:42 - INFO - utils.trainer -   Specificity: 0.89015
03/01/2026 03:39:42 - INFO - utils.trainer -   Sensitivity: 0.87573
03/01/2026 03:39:42 - INFO - utils.trainer -   Loss: 0.14572
03/01/2026 03:39:42 - INFO - utils.trainer -   Epoch: 161, Train loss: 0.00304, Test loss: 0.14572,Epoch time = 5.991s
03/01/2026 03:39:48 - INFO - utils.trainer -   ***** Running evaluation on test2 dataset *****
03/01/2026 03:39:52 - INFO - utils.trainer -   AUC: 0.93915
03/01/2026 03:39:52 - INFO - utils.trainer -   Accuracy: 0.88419
03/01/2026 03:39:52 - INFO - utils.trainer -   Precision: 0.87022
03/01/2026 03:39:52 - INFO - utils.trainer -   Recall: 0.87224
03/01/2026 03:39:52 - INFO - utils.trainer -   F_score: 0.87123
03/01/2026 03:39:52 - INFO - utils.trainer -   Specificity: 0.89394
03/01/2026 03:39:52 - INFO - utils.trainer -   Sensitivity: 0.87224
03/01/2026 03:39:52 - INFO - utils.trainer -   Loss: 0.14563
03/01/2026 03:39:52 - INFO - utils.trainer -   Epoch: 162, Train loss: 0.00286, Test loss: 0.14563,Epoch time = 6.044s
03/01/2026 03:39:58 - INFO - utils.trainer -   ***** Running evaluation on test2 dataset *****
03/01/2026 03:40:02 - INFO - utils.trainer -   AUC: 0.93915
03/01/2026 03:40:02 - INFO - utils.trainer -   Accuracy: 0.88576
03/01/2026 03:40:02 - INFO - utils.trainer -   Precision: 0.87413
03/01/2026 03:40:02 - INFO - utils.trainer -   Recall: 0.87108
03/01/2026 03:40:02 - INFO - utils.trainer -   F_score: 0.87260
03/01/2026 03:40:02 - INFO - utils.trainer -   Specificity: 0.89773
03/01/2026 03:40:02 - INFO - utils.trainer -   Sensitivity: 0.87108
03/01/2026 03:40:02 - INFO - utils.trainer -   Loss: 0.14512
03/01/2026 03:40:02 - INFO - utils.trainer -   Epoch: 163, Train loss: 0.00292, Test loss: 0.14512,Epoch time = 6.249s
03/01/2026 03:40:08 - INFO - utils.trainer -   ***** Running evaluation on test2 dataset *****
03/01/2026 03:40:12 - INFO - utils.trainer -   AUC: 0.93904
03/01/2026 03:40:12 - INFO - utils.trainer -   Accuracy: 0.88628
03/01/2026 03:40:12 - INFO - utils.trainer -   Precision: 0.86997
03/01/2026 03:40:12 - INFO - utils.trainer -   Recall: 0.87805
03/01/2026 03:40:12 - INFO - utils.trainer -   F_score: 0.87399
03/01/2026 03:40:12 - INFO - utils.trainer -   Specificity: 0.89299
03/01/2026 03:40:12 - INFO - utils.trainer -   Sensitivity: 0.87805
03/01/2026 03:40:12 - INFO - utils.trainer -   Loss: 0.14577
03/01/2026 03:40:12 - INFO - utils.trainer -   Epoch: 164, Train loss: 0.00298, Test loss: 0.14577,Epoch time = 5.784s
03/01/2026 03:40:18 - INFO - utils.trainer -   ***** Running evaluation on test2 dataset *****
03/01/2026 03:40:22 - INFO - utils.trainer -   AUC: 0.93936
03/01/2026 03:40:22 - INFO - utils.trainer -   Accuracy: 0.88732
03/01/2026 03:40:22 - INFO - utils.trainer -   Precision: 0.87370
03/01/2026 03:40:22 - INFO - utils.trainer -   Recall: 0.87573
03/01/2026 03:40:22 - INFO - utils.trainer -   F_score: 0.87471
03/01/2026 03:40:22 - INFO - utils.trainer -   Specificity: 0.89678
03/01/2026 03:40:22 - INFO - utils.trainer -   Sensitivity: 0.87573
03/01/2026 03:40:22 - INFO - utils.trainer -   Loss: 0.14430
03/01/2026 03:40:22 - INFO - utils.trainer -   Epoch: 165, Train loss: 0.00301, Test loss: 0.14430,Epoch time = 6.044s
03/01/2026 03:40:28 - INFO - utils.trainer -   ***** Running evaluation on test2 dataset *****
03/01/2026 03:40:32 - INFO - utils.trainer -   AUC: 0.93895
03/01/2026 03:40:32 - INFO - utils.trainer -   Accuracy: 0.88889
03/01/2026 03:40:32 - INFO - utils.trainer -   Precision: 0.87587
03/01/2026 03:40:32 - INFO - utils.trainer -   Recall: 0.87689
03/01/2026 03:40:32 - INFO - utils.trainer -   F_score: 0.87638
03/01/2026 03:40:32 - INFO - utils.trainer -   Specificity: 0.89867
03/01/2026 03:40:32 - INFO - utils.trainer -   Sensitivity: 0.87689
03/01/2026 03:40:32 - INFO - utils.trainer -   Loss: 0.14491
03/01/2026 03:40:32 - INFO - utils.trainer -   Epoch: 166, Train loss: 0.00302, Test loss: 0.14491,Epoch time = 5.885s
03/01/2026 03:40:37 - INFO - utils.trainer -   ***** Running evaluation on test2 dataset *****
03/01/2026 03:40:41 - INFO - utils.trainer -   AUC: 0.93816
03/01/2026 03:40:41 - INFO - utils.trainer -   Accuracy: 0.88837
03/01/2026 03:40:41 - INFO - utils.trainer -   Precision: 0.88194
03/01/2026 03:40:41 - INFO - utils.trainer -   Recall: 0.86760
03/01/2026 03:40:41 - INFO - utils.trainer -   F_score: 0.87471
03/01/2026 03:40:41 - INFO - utils.trainer -   Specificity: 0.90530
03/01/2026 03:40:41 - INFO - utils.trainer -   Sensitivity: 0.86760
03/01/2026 03:40:41 - INFO - utils.trainer -   Loss: 0.14586
03/01/2026 03:40:41 - INFO - utils.trainer -   Epoch: 167, Train loss: 0.00311, Test loss: 0.14586,Epoch time = 5.796s
03/01/2026 03:40:47 - INFO - utils.trainer -   ***** Running evaluation on test2 dataset *****
03/01/2026 03:40:51 - INFO - utils.trainer -   AUC: 0.93910
03/01/2026 03:40:51 - INFO - utils.trainer -   Accuracy: 0.88628
03/01/2026 03:40:51 - INFO - utils.trainer -   Precision: 0.87340
03/01/2026 03:40:51 - INFO - utils.trainer -   Recall: 0.87340
03/01/2026 03:40:51 - INFO - utils.trainer -   F_score: 0.87340
03/01/2026 03:40:51 - INFO - utils.trainer -   Specificity: 0.89678
03/01/2026 03:40:51 - INFO - utils.trainer -   Sensitivity: 0.87340
03/01/2026 03:40:51 - INFO - utils.trainer -   Loss: 0.14572
03/01/2026 03:40:51 - INFO - utils.trainer -   Epoch: 168, Train loss: 0.00296, Test loss: 0.14572,Epoch time = 5.860s
03/01/2026 03:40:57 - INFO - utils.trainer -   ***** Running evaluation on test2 dataset *****
03/01/2026 03:41:01 - INFO - utils.trainer -   AUC: 0.93875
03/01/2026 03:41:01 - INFO - utils.trainer -   Accuracy: 0.88367
03/01/2026 03:41:01 - INFO - utils.trainer -   Precision: 0.87354
03/01/2026 03:41:01 - INFO - utils.trainer -   Recall: 0.86643
03/01/2026 03:41:01 - INFO - utils.trainer -   F_score: 0.86997
03/01/2026 03:41:01 - INFO - utils.trainer -   Specificity: 0.89773
03/01/2026 03:41:01 - INFO - utils.trainer -   Sensitivity: 0.86643
03/01/2026 03:41:01 - INFO - utils.trainer -   Loss: 0.14547
03/01/2026 03:41:01 - INFO - utils.trainer -   Epoch: 169, Train loss: 0.00288, Test loss: 0.14547,Epoch time = 5.905s
03/01/2026 03:41:07 - INFO - utils.trainer -   ***** Running evaluation on test2 dataset *****
03/01/2026 03:41:11 - INFO - utils.trainer -   AUC: 0.93887
03/01/2026 03:41:11 - INFO - utils.trainer -   Accuracy: 0.88732
03/01/2026 03:41:11 - INFO - utils.trainer -   Precision: 0.87897
03/01/2026 03:41:11 - INFO - utils.trainer -   Recall: 0.86876
03/01/2026 03:41:11 - INFO - utils.trainer -   F_score: 0.87383
03/01/2026 03:41:11 - INFO - utils.trainer -   Specificity: 0.90246
03/01/2026 03:41:11 - INFO - utils.trainer -   Sensitivity: 0.86876
03/01/2026 03:41:11 - INFO - utils.trainer -   Loss: 0.14501
03/01/2026 03:41:11 - INFO - utils.trainer -   Epoch: 170, Train loss: 0.00288, Test loss: 0.14501,Epoch time = 6.160s
03/01/2026 03:41:17 - INFO - utils.trainer -   ***** Running evaluation on test2 dataset *****
03/01/2026 03:41:21 - INFO - utils.trainer -   AUC: 0.93980
03/01/2026 03:41:21 - INFO - utils.trainer -   Accuracy: 0.88263
03/01/2026 03:41:21 - INFO - utils.trainer -   Precision: 0.86384
03/01/2026 03:41:21 - INFO - utils.trainer -   Recall: 0.87689
03/01/2026 03:41:21 - INFO - utils.trainer -   F_score: 0.87032
03/01/2026 03:41:21 - INFO - utils.trainer -   Specificity: 0.88731
03/01/2026 03:41:21 - INFO - utils.trainer -   Sensitivity: 0.87689
03/01/2026 03:41:21 - INFO - utils.trainer -   Loss: 0.14577
03/01/2026 03:41:21 - INFO - utils.trainer -   Epoch: 171, Train loss: 0.00291, Test loss: 0.14577,Epoch time = 6.051s
03/01/2026 03:41:27 - INFO - utils.trainer -   ***** Running evaluation on test2 dataset *****
03/01/2026 03:41:31 - INFO - utils.trainer -   AUC: 0.93823
03/01/2026 03:41:31 - INFO - utils.trainer -   Accuracy: 0.88680
03/01/2026 03:41:31 - INFO - utils.trainer -   Precision: 0.87355
03/01/2026 03:41:31 - INFO - utils.trainer -   Recall: 0.87456
03/01/2026 03:41:31 - INFO - utils.trainer -   F_score: 0.87406
03/01/2026 03:41:31 - INFO - utils.trainer -   Specificity: 0.89678
03/01/2026 03:41:31 - INFO - utils.trainer -   Sensitivity: 0.87456
03/01/2026 03:41:31 - INFO - utils.trainer -   Loss: 0.14617
03/01/2026 03:41:31 - INFO - utils.trainer -   Epoch: 172, Train loss: 0.00291, Test loss: 0.14617,Epoch time = 5.872s
03/01/2026 03:41:36 - INFO - utils.trainer -   ***** Running evaluation on test2 dataset *****
03/01/2026 03:41:40 - INFO - utils.trainer -   AUC: 0.93909
03/01/2026 03:41:40 - INFO - utils.trainer -   Accuracy: 0.88419
03/01/2026 03:41:40 - INFO - utils.trainer -   Precision: 0.86682
03/01/2026 03:41:40 - INFO - utils.trainer -   Recall: 0.87689
03/01/2026 03:41:40 - INFO - utils.trainer -   F_score: 0.87182
03/01/2026 03:41:40 - INFO - utils.trainer -   Specificity: 0.89015
03/01/2026 03:41:40 - INFO - utils.trainer -   Sensitivity: 0.87689
03/01/2026 03:41:40 - INFO - utils.trainer -   Loss: 0.14558
03/01/2026 03:41:40 - INFO - utils.trainer -   Epoch: 173, Train loss: 0.00303, Test loss: 0.14558,Epoch time = 5.890s
03/01/2026 03:41:47 - INFO - utils.trainer -   ***** Running evaluation on test2 dataset *****
03/01/2026 03:41:50 - INFO - utils.trainer -   AUC: 0.93902
03/01/2026 03:41:50 - INFO - utils.trainer -   Accuracy: 0.88576
03/01/2026 03:41:50 - INFO - utils.trainer -   Precision: 0.87326
03/01/2026 03:41:50 - INFO - utils.trainer -   Recall: 0.87224
03/01/2026 03:41:50 - INFO - utils.trainer -   F_score: 0.87275
03/01/2026 03:41:50 - INFO - utils.trainer -   Specificity: 0.89678
03/01/2026 03:41:50 - INFO - utils.trainer -   Sensitivity: 0.87224
03/01/2026 03:41:50 - INFO - utils.trainer -   Loss: 0.14475
03/01/2026 03:41:50 - INFO - utils.trainer -   Epoch: 174, Train loss: 0.00284, Test loss: 0.14475,Epoch time = 6.238s
03/01/2026 03:41:56 - INFO - utils.trainer -   ***** Running evaluation on test2 dataset *****
03/01/2026 03:42:00 - INFO - utils.trainer -   AUC: 0.93907
03/01/2026 03:42:00 - INFO - utils.trainer -   Accuracy: 0.88732
03/01/2026 03:42:00 - INFO - utils.trainer -   Precision: 0.87719
03/01/2026 03:42:00 - INFO - utils.trainer -   Recall: 0.87108
03/01/2026 03:42:00 - INFO - utils.trainer -   F_score: 0.87413
03/01/2026 03:42:00 - INFO - utils.trainer -   Specificity: 0.90057
03/01/2026 03:42:00 - INFO - utils.trainer -   Sensitivity: 0.87108
03/01/2026 03:42:00 - INFO - utils.trainer -   Loss: 0.14502
03/01/2026 03:42:00 - INFO - utils.trainer -   Epoch: 175, Train loss: 0.00293, Test loss: 0.14502,Epoch time = 5.925s
03/01/2026 03:42:06 - INFO - utils.trainer -   ***** Running evaluation on test2 dataset *****
03/01/2026 03:42:10 - INFO - utils.trainer -   AUC: 0.93863
03/01/2026 03:42:10 - INFO - utils.trainer -   Accuracy: 0.88524
03/01/2026 03:42:10 - INFO - utils.trainer -   Precision: 0.87311
03/01/2026 03:42:10 - INFO - utils.trainer -   Recall: 0.87108
03/01/2026 03:42:10 - INFO - utils.trainer -   F_score: 0.87209
03/01/2026 03:42:10 - INFO - utils.trainer -   Specificity: 0.89678
03/01/2026 03:42:10 - INFO - utils.trainer -   Sensitivity: 0.87108
03/01/2026 03:42:10 - INFO - utils.trainer -   Loss: 0.14536
03/01/2026 03:42:10 - INFO - utils.trainer -   Epoch: 176, Train loss: 0.00282, Test loss: 0.14536,Epoch time = 6.215s
03/01/2026 03:42:16 - INFO - utils.trainer -   ***** Running evaluation on test2 dataset *****
03/01/2026 03:42:20 - INFO - utils.trainer -   AUC: 0.93871
03/01/2026 03:42:20 - INFO - utils.trainer -   Accuracy: 0.88576
03/01/2026 03:42:20 - INFO - utils.trainer -   Precision: 0.87067
03/01/2026 03:42:20 - INFO - utils.trainer -   Recall: 0.87573
03/01/2026 03:42:20 - INFO - utils.trainer -   F_score: 0.87319
03/01/2026 03:42:20 - INFO - utils.trainer -   Specificity: 0.89394
03/01/2026 03:42:20 - INFO - utils.trainer -   Sensitivity: 0.87573
03/01/2026 03:42:20 - INFO - utils.trainer -   Loss: 0.14506
03/01/2026 03:42:20 - INFO - utils.trainer -   Epoch: 177, Train loss: 0.00277, Test loss: 0.14506,Epoch time = 5.791s
03/01/2026 03:42:26 - INFO - utils.trainer -   ***** Running evaluation on test2 dataset *****
03/01/2026 03:42:30 - INFO - utils.trainer -   AUC: 0.93941
03/01/2026 03:42:30 - INFO - utils.trainer -   Accuracy: 0.88367
03/01/2026 03:42:30 - INFO - utils.trainer -   Precision: 0.86416
03/01/2026 03:42:30 - INFO - utils.trainer -   Recall: 0.87921
03/01/2026 03:42:30 - INFO - utils.trainer -   F_score: 0.87162
03/01/2026 03:42:30 - INFO - utils.trainer -   Specificity: 0.88731
03/01/2026 03:42:30 - INFO - utils.trainer -   Sensitivity: 0.87921
03/01/2026 03:42:30 - INFO - utils.trainer -   Loss: 0.14596
03/01/2026 03:42:30 - INFO - utils.trainer -   Epoch: 178, Train loss: 0.00290, Test loss: 0.14596,Epoch time = 6.032s
03/01/2026 03:42:36 - INFO - utils.trainer -   ***** Running evaluation on test2 dataset *****
03/01/2026 03:42:40 - INFO - utils.trainer -   AUC: 0.93921
03/01/2026 03:42:40 - INFO - utils.trainer -   Accuracy: 0.88680
03/01/2026 03:42:40 - INFO - utils.trainer -   Precision: 0.87182
03/01/2026 03:42:40 - INFO - utils.trainer -   Recall: 0.87689
03/01/2026 03:42:40 - INFO - utils.trainer -   F_score: 0.87435
03/01/2026 03:42:40 - INFO - utils.trainer -   Specificity: 0.89489
03/01/2026 03:42:40 - INFO - utils.trainer -   Sensitivity: 0.87689
03/01/2026 03:42:40 - INFO - utils.trainer -   Loss: 0.14523
03/01/2026 03:42:40 - INFO - utils.trainer -   Epoch: 179, Train loss: 0.00290, Test loss: 0.14523,Epoch time = 5.979s
03/01/2026 03:42:45 - INFO - utils.trainer -   ***** Running evaluation on test2 dataset *****
03/01/2026 03:42:49 - INFO - utils.trainer -   AUC: 0.93956
03/01/2026 03:42:49 - INFO - utils.trainer -   Accuracy: 0.88419
03/01/2026 03:42:49 - INFO - utils.trainer -   Precision: 0.87456
03/01/2026 03:42:49 - INFO - utils.trainer -   Recall: 0.86643
03/01/2026 03:42:49 - INFO - utils.trainer -   F_score: 0.87048
03/01/2026 03:42:49 - INFO - utils.trainer -   Specificity: 0.89867
03/01/2026 03:42:49 - INFO - utils.trainer -   Sensitivity: 0.86643
03/01/2026 03:42:49 - INFO - utils.trainer -   Loss: 0.14461
03/01/2026 03:42:49 - INFO - utils.trainer -   Epoch: 180, Train loss: 0.00288, Test loss: 0.14461,Epoch time = 5.872s
03/01/2026 03:42:55 - INFO - utils.trainer -   ***** Running evaluation on test2 dataset *****
03/01/2026 03:42:59 - INFO - utils.trainer -   AUC: 0.93935
03/01/2026 03:42:59 - INFO - utils.trainer -   Accuracy: 0.88419
03/01/2026 03:42:59 - INFO - utils.trainer -   Precision: 0.87022
03/01/2026 03:42:59 - INFO - utils.trainer -   Recall: 0.87224
03/01/2026 03:42:59 - INFO - utils.trainer -   F_score: 0.87123
03/01/2026 03:42:59 - INFO - utils.trainer -   Specificity: 0.89394
03/01/2026 03:42:59 - INFO - utils.trainer -   Sensitivity: 0.87224
03/01/2026 03:42:59 - INFO - utils.trainer -   Loss: 0.14514
03/01/2026 03:42:59 - INFO - utils.trainer -   Epoch: 181, Train loss: 0.00276, Test loss: 0.14514,Epoch time = 5.900s
03/01/2026 03:43:05 - INFO - utils.trainer -   ***** Running evaluation on test2 dataset *****
03/01/2026 03:43:09 - INFO - utils.trainer -   AUC: 0.93907
03/01/2026 03:43:09 - INFO - utils.trainer -   Accuracy: 0.88576
03/01/2026 03:43:09 - INFO - utils.trainer -   Precision: 0.87588
03/01/2026 03:43:09 - INFO - utils.trainer -   Recall: 0.86876
03/01/2026 03:43:09 - INFO - utils.trainer -   F_score: 0.87230
03/01/2026 03:43:09 - INFO - utils.trainer -   Specificity: 0.89962
03/01/2026 03:43:09 - INFO - utils.trainer -   Sensitivity: 0.86876
03/01/2026 03:43:09 - INFO - utils.trainer -   Loss: 0.14509
03/01/2026 03:43:09 - INFO - utils.trainer -   Epoch: 182, Train loss: 0.00282, Test loss: 0.14509,Epoch time = 6.034s
03/01/2026 03:43:15 - INFO - utils.trainer -   ***** Running evaluation on test2 dataset *****
03/01/2026 03:43:19 - INFO - utils.trainer -   AUC: 0.93925
03/01/2026 03:43:19 - INFO - utils.trainer -   Accuracy: 0.88524
03/01/2026 03:43:19 - INFO - utils.trainer -   Precision: 0.87750
03/01/2026 03:43:19 - INFO - utils.trainer -   Recall: 0.86527
03/01/2026 03:43:19 - INFO - utils.trainer -   F_score: 0.87135
03/01/2026 03:43:19 - INFO - utils.trainer -   Specificity: 0.90152
03/01/2026 03:43:19 - INFO - utils.trainer -   Sensitivity: 0.86527
03/01/2026 03:43:19 - INFO - utils.trainer -   Loss: 0.14490
03/01/2026 03:43:19 - INFO - utils.trainer -   Epoch: 183, Train loss: 0.00284, Test loss: 0.14490,Epoch time = 5.883s
03/01/2026 03:43:25 - INFO - utils.trainer -   ***** Running evaluation on test2 dataset *****
03/01/2026 03:43:28 - INFO - utils.trainer -   AUC: 0.93890
03/01/2026 03:43:28 - INFO - utils.trainer -   Accuracy: 0.88576
03/01/2026 03:43:28 - INFO - utils.trainer -   Precision: 0.86728
03/01/2026 03:43:28 - INFO - utils.trainer -   Recall: 0.88037
03/01/2026 03:43:28 - INFO - utils.trainer -   F_score: 0.87378
03/01/2026 03:43:28 - INFO - utils.trainer -   Specificity: 0.89015
03/01/2026 03:43:28 - INFO - utils.trainer -   Sensitivity: 0.88037
03/01/2026 03:43:28 - INFO - utils.trainer -   Loss: 0.14624
03/01/2026 03:43:28 - INFO - utils.trainer -   Epoch: 184, Train loss: 0.00282, Test loss: 0.14624,Epoch time = 5.917s
03/01/2026 03:43:34 - INFO - utils.trainer -   ***** Running evaluation on test2 dataset *****
03/01/2026 03:43:38 - INFO - utils.trainer -   AUC: 0.93919
03/01/2026 03:43:38 - INFO - utils.trainer -   Accuracy: 0.88628
03/01/2026 03:43:38 - INFO - utils.trainer -   Precision: 0.87082
03/01/2026 03:43:38 - INFO - utils.trainer -   Recall: 0.87689
03/01/2026 03:43:38 - INFO - utils.trainer -   F_score: 0.87384
03/01/2026 03:43:38 - INFO - utils.trainer -   Specificity: 0.89394
03/01/2026 03:43:38 - INFO - utils.trainer -   Sensitivity: 0.87689
03/01/2026 03:43:38 - INFO - utils.trainer -   Loss: 0.14519
03/01/2026 03:43:38 - INFO - utils.trainer -   Epoch: 185, Train loss: 0.00276, Test loss: 0.14519,Epoch time = 5.957s
03/01/2026 03:43:44 - INFO - utils.trainer -   ***** Running evaluation on test2 dataset *****
03/01/2026 03:43:48 - INFO - utils.trainer -   AUC: 0.93900
03/01/2026 03:43:48 - INFO - utils.trainer -   Accuracy: 0.88732
03/01/2026 03:43:48 - INFO - utils.trainer -   Precision: 0.87719
03/01/2026 03:43:48 - INFO - utils.trainer -   Recall: 0.87108
03/01/2026 03:43:48 - INFO - utils.trainer -   F_score: 0.87413
03/01/2026 03:43:48 - INFO - utils.trainer -   Specificity: 0.90057
03/01/2026 03:43:48 - INFO - utils.trainer -   Sensitivity: 0.87108
03/01/2026 03:43:48 - INFO - utils.trainer -   Loss: 0.14478
03/01/2026 03:43:48 - INFO - utils.trainer -   Epoch: 186, Train loss: 0.00285, Test loss: 0.14478,Epoch time = 5.891s
03/01/2026 03:43:54 - INFO - utils.trainer -   ***** Running evaluation on test2 dataset *****
03/01/2026 03:43:58 - INFO - utils.trainer -   AUC: 0.93931
03/01/2026 03:43:58 - INFO - utils.trainer -   Accuracy: 0.88680
03/01/2026 03:43:58 - INFO - utils.trainer -   Precision: 0.87097
03/01/2026 03:43:58 - INFO - utils.trainer -   Recall: 0.87805
03/01/2026 03:43:58 - INFO - utils.trainer -   F_score: 0.87449
03/01/2026 03:43:58 - INFO - utils.trainer -   Specificity: 0.89394
03/01/2026 03:43:58 - INFO - utils.trainer -   Sensitivity: 0.87805
03/01/2026 03:43:58 - INFO - utils.trainer -   Loss: 0.14495
03/01/2026 03:43:58 - INFO - utils.trainer -   Epoch: 187, Train loss: 0.00280, Test loss: 0.14495,Epoch time = 5.937s
03/01/2026 03:44:04 - INFO - utils.trainer -   ***** Running evaluation on test2 dataset *****
03/01/2026 03:44:08 - INFO - utils.trainer -   AUC: 0.93928
03/01/2026 03:44:08 - INFO - utils.trainer -   Accuracy: 0.88524
03/01/2026 03:44:08 - INFO - utils.trainer -   Precision: 0.87311
03/01/2026 03:44:08 - INFO - utils.trainer -   Recall: 0.87108
03/01/2026 03:44:08 - INFO - utils.trainer -   F_score: 0.87209
03/01/2026 03:44:08 - INFO - utils.trainer -   Specificity: 0.89678
03/01/2026 03:44:08 - INFO - utils.trainer -   Sensitivity: 0.87108
03/01/2026 03:44:08 - INFO - utils.trainer -   Loss: 0.14467
03/01/2026 03:44:08 - INFO - utils.trainer -   Epoch: 188, Train loss: 0.00296, Test loss: 0.14467,Epoch time = 5.977s
03/01/2026 03:44:14 - INFO - utils.trainer -   ***** Running evaluation on test2 dataset *****
03/01/2026 03:44:17 - INFO - utils.trainer -   AUC: 0.93910
03/01/2026 03:44:17 - INFO - utils.trainer -   Accuracy: 0.88524
03/01/2026 03:44:17 - INFO - utils.trainer -   Precision: 0.87573
03/01/2026 03:44:17 - INFO - utils.trainer -   Recall: 0.86760
03/01/2026 03:44:17 - INFO - utils.trainer -   F_score: 0.87165
03/01/2026 03:44:17 - INFO - utils.trainer -   Specificity: 0.89962
03/01/2026 03:44:17 - INFO - utils.trainer -   Sensitivity: 0.86760
03/01/2026 03:44:17 - INFO - utils.trainer -   Loss: 0.14472
03/01/2026 03:44:17 - INFO - utils.trainer -   Epoch: 189, Train loss: 0.00282, Test loss: 0.14472,Epoch time = 5.960s
03/01/2026 03:44:23 - INFO - utils.trainer -   ***** Running evaluation on test2 dataset *****
03/01/2026 03:44:27 - INFO - utils.trainer -   AUC: 0.93919
03/01/2026 03:44:27 - INFO - utils.trainer -   Accuracy: 0.88576
03/01/2026 03:44:27 - INFO - utils.trainer -   Precision: 0.86982
03/01/2026 03:44:27 - INFO - utils.trainer -   Recall: 0.87689
03/01/2026 03:44:27 - INFO - utils.trainer -   F_score: 0.87334
03/01/2026 03:44:27 - INFO - utils.trainer -   Specificity: 0.89299
03/01/2026 03:44:27 - INFO - utils.trainer -   Sensitivity: 0.87689
03/01/2026 03:44:27 - INFO - utils.trainer -   Loss: 0.14555
03/01/2026 03:44:27 - INFO - utils.trainer -   Epoch: 190, Train loss: 0.00294, Test loss: 0.14555,Epoch time = 5.878s
03/01/2026 03:44:33 - INFO - utils.trainer -   ***** Running evaluation on test2 dataset *****
03/01/2026 03:44:37 - INFO - utils.trainer -   AUC: 0.93908
03/01/2026 03:44:37 - INFO - utils.trainer -   Accuracy: 0.88576
03/01/2026 03:44:37 - INFO - utils.trainer -   Precision: 0.87326
03/01/2026 03:44:37 - INFO - utils.trainer -   Recall: 0.87224
03/01/2026 03:44:37 - INFO - utils.trainer -   F_score: 0.87275
03/01/2026 03:44:37 - INFO - utils.trainer -   Specificity: 0.89678
03/01/2026 03:44:37 - INFO - utils.trainer -   Sensitivity: 0.87224
03/01/2026 03:44:37 - INFO - utils.trainer -   Loss: 0.14493
03/01/2026 03:44:37 - INFO - utils.trainer -   Epoch: 191, Train loss: 0.00297, Test loss: 0.14493,Epoch time = 5.800s
03/01/2026 03:44:43 - INFO - utils.trainer -   ***** Running evaluation on test2 dataset *****
03/01/2026 03:44:46 - INFO - utils.trainer -   AUC: 0.93936
03/01/2026 03:44:46 - INFO - utils.trainer -   Accuracy: 0.88472
03/01/2026 03:44:46 - INFO - utils.trainer -   Precision: 0.87383
03/01/2026 03:44:46 - INFO - utils.trainer -   Recall: 0.86876
03/01/2026 03:44:46 - INFO - utils.trainer -   F_score: 0.87129
03/01/2026 03:44:46 - INFO - utils.trainer -   Specificity: 0.89773
03/01/2026 03:44:46 - INFO - utils.trainer -   Sensitivity: 0.86876
03/01/2026 03:44:46 - INFO - utils.trainer -   Loss: 0.14497
03/01/2026 03:44:46 - INFO - utils.trainer -   Epoch: 192, Train loss: 0.00291, Test loss: 0.14497,Epoch time = 5.840s
03/01/2026 03:44:52 - INFO - utils.trainer -   ***** Running evaluation on test2 dataset *****
03/01/2026 03:44:56 - INFO - utils.trainer -   AUC: 0.93916
03/01/2026 03:44:56 - INFO - utils.trainer -   Accuracy: 0.88472
03/01/2026 03:44:56 - INFO - utils.trainer -   Precision: 0.87296
03/01/2026 03:44:56 - INFO - utils.trainer -   Recall: 0.86992
03/01/2026 03:44:56 - INFO - utils.trainer -   F_score: 0.87144
03/01/2026 03:44:56 - INFO - utils.trainer -   Specificity: 0.89678
03/01/2026 03:44:56 - INFO - utils.trainer -   Sensitivity: 0.86992
03/01/2026 03:44:56 - INFO - utils.trainer -   Loss: 0.14516
03/01/2026 03:44:56 - INFO - utils.trainer -   Epoch: 193, Train loss: 0.00277, Test loss: 0.14516,Epoch time = 5.798s
03/01/2026 03:45:02 - INFO - utils.trainer -   ***** Running evaluation on test2 dataset *****
03/01/2026 03:45:06 - INFO - utils.trainer -   AUC: 0.93922
03/01/2026 03:45:06 - INFO - utils.trainer -   Accuracy: 0.88576
03/01/2026 03:45:06 - INFO - utils.trainer -   Precision: 0.87413
03/01/2026 03:45:06 - INFO - utils.trainer -   Recall: 0.87108
03/01/2026 03:45:06 - INFO - utils.trainer -   F_score: 0.87260
03/01/2026 03:45:06 - INFO - utils.trainer -   Specificity: 0.89773
03/01/2026 03:45:06 - INFO - utils.trainer -   Sensitivity: 0.87108
03/01/2026 03:45:06 - INFO - utils.trainer -   Loss: 0.14533
03/01/2026 03:45:06 - INFO - utils.trainer -   Epoch: 194, Train loss: 0.00283, Test loss: 0.14533,Epoch time = 5.915s
03/01/2026 03:45:12 - INFO - utils.trainer -   ***** Running evaluation on test2 dataset *****
03/01/2026 03:45:16 - INFO - utils.trainer -   AUC: 0.93918
03/01/2026 03:45:16 - INFO - utils.trainer -   Accuracy: 0.88524
03/01/2026 03:45:16 - INFO - utils.trainer -   Precision: 0.87750
03/01/2026 03:45:16 - INFO - utils.trainer -   Recall: 0.86527
03/01/2026 03:45:16 - INFO - utils.trainer -   F_score: 0.87135
03/01/2026 03:45:16 - INFO - utils.trainer -   Specificity: 0.90152
03/01/2026 03:45:16 - INFO - utils.trainer -   Sensitivity: 0.86527
03/01/2026 03:45:16 - INFO - utils.trainer -   Loss: 0.14505
03/01/2026 03:45:16 - INFO - utils.trainer -   Epoch: 195, Train loss: 0.00280, Test loss: 0.14505,Epoch time = 5.875s
03/01/2026 03:45:22 - INFO - utils.trainer -   ***** Running evaluation on test2 dataset *****
03/01/2026 03:45:25 - INFO - utils.trainer -   AUC: 0.93909
03/01/2026 03:45:25 - INFO - utils.trainer -   Accuracy: 0.88524
03/01/2026 03:45:25 - INFO - utils.trainer -   Precision: 0.87224
03/01/2026 03:45:25 - INFO - utils.trainer -   Recall: 0.87224
03/01/2026 03:45:25 - INFO - utils.trainer -   F_score: 0.87224
03/01/2026 03:45:25 - INFO - utils.trainer -   Specificity: 0.89583
03/01/2026 03:45:25 - INFO - utils.trainer -   Sensitivity: 0.87224
03/01/2026 03:45:25 - INFO - utils.trainer -   Loss: 0.14532
03/01/2026 03:45:25 - INFO - utils.trainer -   Epoch: 196, Train loss: 0.00288, Test loss: 0.14532,Epoch time = 5.856s
03/01/2026 03:45:31 - INFO - utils.trainer -   ***** Running evaluation on test2 dataset *****
03/01/2026 03:45:35 - INFO - utils.trainer -   AUC: 0.93930
03/01/2026 03:45:35 - INFO - utils.trainer -   Accuracy: 0.88524
03/01/2026 03:45:35 - INFO - utils.trainer -   Precision: 0.87311
03/01/2026 03:45:35 - INFO - utils.trainer -   Recall: 0.87108
03/01/2026 03:45:35 - INFO - utils.trainer -   F_score: 0.87209
03/01/2026 03:45:35 - INFO - utils.trainer -   Specificity: 0.89678
03/01/2026 03:45:35 - INFO - utils.trainer -   Sensitivity: 0.87108
03/01/2026 03:45:35 - INFO - utils.trainer -   Loss: 0.14488
03/01/2026 03:45:35 - INFO - utils.trainer -   Epoch: 197, Train loss: 0.00284, Test loss: 0.14488,Epoch time = 5.941s
03/01/2026 03:45:41 - INFO - utils.trainer -   ***** Running evaluation on test2 dataset *****
03/01/2026 03:45:45 - INFO - utils.trainer -   AUC: 0.93905
03/01/2026 03:45:45 - INFO - utils.trainer -   Accuracy: 0.88576
03/01/2026 03:45:45 - INFO - utils.trainer -   Precision: 0.87500
03/01/2026 03:45:45 - INFO - utils.trainer -   Recall: 0.86992
03/01/2026 03:45:45 - INFO - utils.trainer -   F_score: 0.87245
03/01/2026 03:45:45 - INFO - utils.trainer -   Specificity: 0.89867
03/01/2026 03:45:45 - INFO - utils.trainer -   Sensitivity: 0.86992
03/01/2026 03:45:45 - INFO - utils.trainer -   Loss: 0.14499
03/01/2026 03:45:45 - INFO - utils.trainer -   Epoch: 198, Train loss: 0.00283, Test loss: 0.14499,Epoch time = 5.875s
03/01/2026 03:45:51 - INFO - utils.trainer -   ***** Running evaluation on test2 dataset *****
03/01/2026 03:45:55 - INFO - utils.trainer -   AUC: 0.93933
03/01/2026 03:45:55 - INFO - utils.trainer -   Accuracy: 0.88472
03/01/2026 03:45:55 - INFO - utils.trainer -   Precision: 0.87209
03/01/2026 03:45:55 - INFO - utils.trainer -   Recall: 0.87108
03/01/2026 03:45:55 - INFO - utils.trainer -   F_score: 0.87159
03/01/2026 03:45:55 - INFO - utils.trainer -   Specificity: 0.89583
03/01/2026 03:45:55 - INFO - utils.trainer -   Sensitivity: 0.87108
03/01/2026 03:45:55 - INFO - utils.trainer -   Loss: 0.14520
03/01/2026 03:45:55 - INFO - utils.trainer -   Epoch: 199, Train loss: 0.00277, Test loss: 0.14520,Epoch time = 6.118s
03/01/2026 03:46:01 - INFO - utils.trainer -   ***** Running evaluation on test2 dataset *****
03/01/2026 03:46:05 - INFO - utils.trainer -   AUC: 0.93939
03/01/2026 03:46:05 - INFO - utils.trainer -   Accuracy: 0.88472
03/01/2026 03:46:05 - INFO - utils.trainer -   Precision: 0.87296
03/01/2026 03:46:05 - INFO - utils.trainer -   Recall: 0.86992
03/01/2026 03:46:05 - INFO - utils.trainer -   F_score: 0.87144
03/01/2026 03:46:05 - INFO - utils.trainer -   Specificity: 0.89678
03/01/2026 03:46:05 - INFO - utils.trainer -   Sensitivity: 0.86992
03/01/2026 03:46:05 - INFO - utils.trainer -   Loss: 0.14479
03/01/2026 03:46:05 - INFO - utils.trainer -   Epoch: 200, Train loss: 0.00292, Test loss: 0.14479,Epoch time = 5.927s
