04/17/2026 21:59:51 - INFO - __main__ -   ########## Repeat:0 ##########
04/17/2026 21:59:51 - INFO - utils.trainer -   ***** Running training *****
04/17/2026 21:59:51 - INFO - utils.trainer -     Num examples = 19
04/17/2026 21:59:51 - INFO - utils.trainer -     Num Epochs = 200
04/17/2026 21:59:51 - INFO - utils.trainer -     Total train batch size = 16
04/17/2026 21:59:51 - INFO - utils.trainer -     warmup steps = 400
04/17/2026 21:59:51 - INFO - utils.trainer -     Total optimization steps = 3800
04/17/2026 21:59:51 - INFO - utils.trainer -     Save steps = 200
04/17/2026 21:59:51 - INFO - root -   Parameters [normal] length [84]
04/17/2026 22:00:02 - INFO - utils.trainer -   ***** Running evaluation on test0 dataset *****
04/17/2026 22:00:04 - INFO - utils.trainer -   AUC: 0.52358
04/17/2026 22:00:04 - INFO - utils.trainer -   Accuracy: 0.29299
04/17/2026 22:00:04 - INFO - utils.trainer -   Precision: 0.20869
04/17/2026 22:00:04 - INFO - utils.trainer -   Recall: 0.27499
04/17/2026 22:00:04 - INFO - utils.trainer -   F_score: 0.21727
04/17/2026 22:00:04 - INFO - utils.trainer -   Loss: 2.74100
04/17/2026 22:00:04 - INFO - utils.trainer -   Saving model checkpoint to output_dir/SrCVIB
04/17/2026 22:00:04 - INFO - utils.trainer -   Epoch: 1, Train loss: 10.30405, Test loss: 2.74100,Epoch time = 11.020s
04/17/2026 22:00:19 - INFO - utils.trainer -   ***** Running evaluation on test0 dataset *****
04/17/2026 22:00:22 - INFO - utils.trainer -   AUC: 0.51196
04/17/2026 22:00:22 - INFO - utils.trainer -   Accuracy: 0.28025
04/17/2026 22:00:22 - INFO - utils.trainer -   Precision: 0.30725
04/17/2026 22:00:22 - INFO - utils.trainer -   Recall: 0.26758
04/17/2026 22:00:22 - INFO - utils.trainer -   F_score: 0.23573
04/17/2026 22:00:22 - INFO - utils.trainer -   Loss: 2.75225
04/17/2026 22:00:22 - INFO - utils.trainer -   Saving model checkpoint to output_dir/SrCVIB
04/17/2026 22:00:22 - INFO - utils.trainer -   Epoch: 2, Train loss: 2.84142, Test loss: 2.75225,Epoch time = 15.624s
04/17/2026 22:00:38 - INFO - utils.trainer -   ***** Running evaluation on test0 dataset *****
04/17/2026 22:00:41 - INFO - utils.trainer -   AUC: 0.47460
04/17/2026 22:00:41 - INFO - utils.trainer -   Accuracy: 0.24204
04/17/2026 22:00:41 - INFO - utils.trainer -   Precision: 0.27874
04/17/2026 22:00:41 - INFO - utils.trainer -   Recall: 0.23941
04/17/2026 22:00:41 - INFO - utils.trainer -   F_score: 0.21571
04/17/2026 22:00:41 - INFO - utils.trainer -   Loss: 2.79166
04/17/2026 22:00:41 - INFO - utils.trainer -   Epoch: 3, Train loss: 2.78803, Test loss: 2.79166,Epoch time = 16.357s
04/17/2026 22:00:56 - INFO - utils.trainer -   ***** Running evaluation on test0 dataset *****
04/17/2026 22:00:59 - INFO - utils.trainer -   AUC: 0.49561
04/17/2026 22:00:59 - INFO - utils.trainer -   Accuracy: 0.26115
04/17/2026 22:00:59 - INFO - utils.trainer -   Precision: 0.19001
04/17/2026 22:00:59 - INFO - utils.trainer -   Recall: 0.24299
04/17/2026 22:00:59 - INFO - utils.trainer -   F_score: 0.18401
04/17/2026 22:00:59 - INFO - utils.trainer -   Loss: 2.82882
04/17/2026 22:00:59 - INFO - utils.trainer -   Epoch: 4, Train loss: 2.85542, Test loss: 2.82882,Epoch time = 15.920s
04/17/2026 22:01:15 - INFO - utils.trainer -   ***** Running evaluation on test0 dataset *****
04/17/2026 22:01:18 - INFO - utils.trainer -   AUC: 0.55327
04/17/2026 22:01:18 - INFO - utils.trainer -   Accuracy: 0.29299
04/17/2026 22:01:18 - INFO - utils.trainer -   Precision: 0.30929
04/17/2026 22:01:18 - INFO - utils.trainer -   Recall: 0.29327
04/17/2026 22:01:18 - INFO - utils.trainer -   F_score: 0.28173
04/17/2026 22:01:18 - INFO - utils.trainer -   Loss: 4.54314
04/17/2026 22:01:18 - INFO - utils.trainer -   Saving model checkpoint to output_dir/SrCVIB
04/17/2026 22:01:18 - INFO - utils.trainer -   Epoch: 5, Train loss: 2.84005, Test loss: 4.54314,Epoch time = 16.422s
04/17/2026 22:01:34 - INFO - utils.trainer -   ***** Running evaluation on test0 dataset *****
04/17/2026 22:01:36 - INFO - utils.trainer -   AUC: 0.51205
04/17/2026 22:01:36 - INFO - utils.trainer -   Accuracy: 0.25478
04/17/2026 22:01:36 - INFO - utils.trainer -   Precision: 0.25189
04/17/2026 22:01:36 - INFO - utils.trainer -   Recall: 0.25274
04/17/2026 22:01:36 - INFO - utils.trainer -   F_score: 0.25116
04/17/2026 22:01:36 - INFO - utils.trainer -   Loss: 6.19298
04/17/2026 22:01:36 - INFO - utils.trainer -   Epoch: 6, Train loss: 2.92484, Test loss: 6.19298,Epoch time = 16.100s
04/17/2026 22:01:52 - INFO - utils.trainer -   ***** Running evaluation on test0 dataset *****
04/17/2026 22:01:54 - INFO - utils.trainer -   AUC: 0.45351
04/17/2026 22:01:54 - INFO - utils.trainer -   Accuracy: 0.19745
04/17/2026 22:01:54 - INFO - utils.trainer -   Precision: 0.20321
04/17/2026 22:01:54 - INFO - utils.trainer -   Recall: 0.19587
04/17/2026 22:01:54 - INFO - utils.trainer -   F_score: 0.18401
04/17/2026 22:01:54 - INFO - utils.trainer -   Loss: 10.99082
04/17/2026 22:01:54 - INFO - utils.trainer -   Epoch: 7, Train loss: 2.86387, Test loss: 10.99082,Epoch time = 15.883s
04/17/2026 22:02:10 - INFO - utils.trainer -   ***** Running evaluation on test0 dataset *****
04/17/2026 22:02:12 - INFO - utils.trainer -   AUC: 0.50007
04/17/2026 22:02:12 - INFO - utils.trainer -   Accuracy: 0.26115
04/17/2026 22:02:12 - INFO - utils.trainer -   Precision: 0.23274
04/17/2026 22:02:12 - INFO - utils.trainer -   Recall: 0.24964
04/17/2026 22:02:12 - INFO - utils.trainer -   F_score: 0.22798
04/17/2026 22:02:12 - INFO - utils.trainer -   Loss: 5.35015
04/17/2026 22:02:12 - INFO - utils.trainer -   Epoch: 8, Train loss: 2.90783, Test loss: 5.35015,Epoch time = 15.724s
04/17/2026 22:02:28 - INFO - utils.trainer -   ***** Running evaluation on test0 dataset *****
04/17/2026 22:02:30 - INFO - utils.trainer -   AUC: 0.52628
04/17/2026 22:02:30 - INFO - utils.trainer -   Accuracy: 0.26752
04/17/2026 22:02:30 - INFO - utils.trainer -   Precision: 0.20638
04/17/2026 22:02:30 - INFO - utils.trainer -   Recall: 0.24599
04/17/2026 22:02:30 - INFO - utils.trainer -   F_score: 0.18298
04/17/2026 22:02:30 - INFO - utils.trainer -   Loss: 3.44568
04/17/2026 22:02:30 - INFO - utils.trainer -   Epoch: 9, Train loss: 2.78814, Test loss: 3.44568,Epoch time = 15.566s
04/17/2026 22:02:46 - INFO - utils.trainer -   ***** Running evaluation on test0 dataset *****
04/17/2026 22:02:48 - INFO - utils.trainer -   AUC: 0.54017
04/17/2026 22:02:48 - INFO - utils.trainer -   Accuracy: 0.29299
04/17/2026 22:02:48 - INFO - utils.trainer -   Precision: 0.28817
04/17/2026 22:02:48 - INFO - utils.trainer -   Recall: 0.28145
04/17/2026 22:02:48 - INFO - utils.trainer -   F_score: 0.25189
04/17/2026 22:02:48 - INFO - utils.trainer -   Loss: 2.87115
04/17/2026 22:02:48 - INFO - utils.trainer -   Epoch: 10, Train loss: 2.75456, Test loss: 2.87115,Epoch time = 15.493s
04/17/2026 22:03:04 - INFO - utils.trainer -   ***** Running evaluation on test0 dataset *****
04/17/2026 22:03:06 - INFO - utils.trainer -   AUC: 0.48221
04/17/2026 22:03:06 - INFO - utils.trainer -   Accuracy: 0.24841
04/17/2026 22:03:06 - INFO - utils.trainer -   Precision: 0.25192
04/17/2026 22:03:06 - INFO - utils.trainer -   Recall: 0.23683
04/17/2026 22:03:06 - INFO - utils.trainer -   F_score: 0.21982
04/17/2026 22:03:06 - INFO - utils.trainer -   Loss: 2.95885
04/17/2026 22:03:06 - INFO - utils.trainer -   Epoch: 11, Train loss: 2.83644, Test loss: 2.95885,Epoch time = 15.705s
04/17/2026 22:03:22 - INFO - utils.trainer -   ***** Running evaluation on test0 dataset *****
04/17/2026 22:03:24 - INFO - utils.trainer -   AUC: 0.48870
04/17/2026 22:03:24 - INFO - utils.trainer -   Accuracy: 0.26115
04/17/2026 22:03:24 - INFO - utils.trainer -   Precision: 0.23576
04/17/2026 22:03:24 - INFO - utils.trainer -   Recall: 0.24623
04/17/2026 22:03:24 - INFO - utils.trainer -   F_score: 0.21117
04/17/2026 22:03:24 - INFO - utils.trainer -   Loss: 2.82261
04/17/2026 22:03:24 - INFO - utils.trainer -   Epoch: 12, Train loss: 2.78257, Test loss: 2.82261,Epoch time = 15.664s
04/17/2026 22:03:40 - INFO - utils.trainer -   ***** Running evaluation on test0 dataset *****
04/17/2026 22:03:42 - INFO - utils.trainer -   AUC: 0.46245
04/17/2026 22:03:42 - INFO - utils.trainer -   Accuracy: 0.18471
04/17/2026 22:03:42 - INFO - utils.trainer -   Precision: 0.18744
04/17/2026 22:03:42 - INFO - utils.trainer -   Recall: 0.18719
04/17/2026 22:03:42 - INFO - utils.trainer -   F_score: 0.18665
04/17/2026 22:03:42 - INFO - utils.trainer -   Loss: 2.86819
04/17/2026 22:03:42 - INFO - utils.trainer -   Epoch: 13, Train loss: 2.77925, Test loss: 2.86819,Epoch time = 15.556s
04/17/2026 22:03:58 - INFO - utils.trainer -   ***** Running evaluation on test0 dataset *****
04/17/2026 22:04:00 - INFO - utils.trainer -   AUC: 0.52326
04/17/2026 22:04:00 - INFO - utils.trainer -   Accuracy: 0.29299
04/17/2026 22:04:00 - INFO - utils.trainer -   Precision: 0.29096
04/17/2026 22:04:00 - INFO - utils.trainer -   Recall: 0.27661
04/17/2026 22:04:00 - INFO - utils.trainer -   F_score: 0.23934
04/17/2026 22:04:00 - INFO - utils.trainer -   Loss: 2.80818
04/17/2026 22:04:00 - INFO - utils.trainer -   Epoch: 14, Train loss: 2.86093, Test loss: 2.80818,Epoch time = 15.531s
04/17/2026 22:04:16 - INFO - utils.trainer -   ***** Running evaluation on test0 dataset *****
04/17/2026 22:04:18 - INFO - utils.trainer -   AUC: 0.48640
04/17/2026 22:04:18 - INFO - utils.trainer -   Accuracy: 0.29936
04/17/2026 22:04:18 - INFO - utils.trainer -   Precision: 0.32556
04/17/2026 22:04:18 - INFO - utils.trainer -   Recall: 0.29018
04/17/2026 22:04:18 - INFO - utils.trainer -   F_score: 0.27932
04/17/2026 22:04:18 - INFO - utils.trainer -   Loss: 3.03182
04/17/2026 22:04:18 - INFO - utils.trainer -   Epoch: 15, Train loss: 2.78803, Test loss: 3.03182,Epoch time = 15.855s
04/17/2026 22:04:34 - INFO - utils.trainer -   ***** Running evaluation on test0 dataset *****
04/17/2026 22:04:37 - INFO - utils.trainer -   AUC: 0.49040
04/17/2026 22:04:37 - INFO - utils.trainer -   Accuracy: 0.21656
04/17/2026 22:04:37 - INFO - utils.trainer -   Precision: 0.16687
04/17/2026 22:04:37 - INFO - utils.trainer -   Recall: 0.20592
04/17/2026 22:04:37 - INFO - utils.trainer -   F_score: 0.16822
04/17/2026 22:04:37 - INFO - utils.trainer -   Loss: 2.81063
04/17/2026 22:04:37 - INFO - utils.trainer -   Epoch: 16, Train loss: 2.77703, Test loss: 2.81063,Epoch time = 15.890s
04/17/2026 22:04:52 - INFO - utils.trainer -   ***** Running evaluation on test0 dataset *****
04/17/2026 22:04:55 - INFO - utils.trainer -   AUC: 0.48811
04/17/2026 22:04:55 - INFO - utils.trainer -   Accuracy: 0.26752
04/17/2026 22:04:55 - INFO - utils.trainer -   Precision: 0.21385
04/17/2026 22:04:55 - INFO - utils.trainer -   Recall: 0.25478
04/17/2026 22:04:55 - INFO - utils.trainer -   F_score: 0.21081
04/17/2026 22:04:55 - INFO - utils.trainer -   Loss: 2.84052
04/17/2026 22:04:55 - INFO - utils.trainer -   Epoch: 17, Train loss: 2.75337, Test loss: 2.84052,Epoch time = 15.847s
04/17/2026 22:05:11 - INFO - utils.trainer -   ***** Running evaluation on test0 dataset *****
04/17/2026 22:05:13 - INFO - utils.trainer -   AUC: 0.42484
04/17/2026 22:05:13 - INFO - utils.trainer -   Accuracy: 0.19745
04/17/2026 22:05:13 - INFO - utils.trainer -   Precision: 0.14376
04/17/2026 22:05:13 - INFO - utils.trainer -   Recall: 0.18779
04/17/2026 22:05:13 - INFO - utils.trainer -   F_score: 0.15730
04/17/2026 22:05:13 - INFO - utils.trainer -   Loss: 3.00735
04/17/2026 22:05:13 - INFO - utils.trainer -   Epoch: 18, Train loss: 2.82442, Test loss: 3.00735,Epoch time = 15.905s
04/17/2026 22:05:29 - INFO - utils.trainer -   ***** Running evaluation on test0 dataset *****
04/17/2026 22:05:31 - INFO - utils.trainer -   AUC: 0.51042
04/17/2026 22:05:31 - INFO - utils.trainer -   Accuracy: 0.25478
04/17/2026 22:05:31 - INFO - utils.trainer -   Precision: 0.26796
04/17/2026 22:05:31 - INFO - utils.trainer -   Recall: 0.24252
04/17/2026 22:05:31 - INFO - utils.trainer -   F_score: 0.22450
04/17/2026 22:05:31 - INFO - utils.trainer -   Loss: 2.82746
04/17/2026 22:05:31 - INFO - utils.trainer -   Epoch: 19, Train loss: 2.84427, Test loss: 2.82746,Epoch time = 15.831s
04/17/2026 22:05:48 - INFO - utils.trainer -   ***** Running evaluation on test0 dataset *****
04/17/2026 22:05:50 - INFO - utils.trainer -   AUC: 0.53504
04/17/2026 22:05:50 - INFO - utils.trainer -   Accuracy: 0.26115
04/17/2026 22:05:50 - INFO - utils.trainer -   Precision: 0.20676
04/17/2026 22:05:50 - INFO - utils.trainer -   Recall: 0.25628
04/17/2026 22:05:50 - INFO - utils.trainer -   F_score: 0.22458
04/17/2026 22:05:50 - INFO - utils.trainer -   Loss: 3.02713
04/17/2026 22:05:50 - INFO - utils.trainer -   Epoch: 20, Train loss: 2.79447, Test loss: 3.02713,Epoch time = 16.637s
04/17/2026 22:06:07 - INFO - utils.trainer -   ***** Running evaluation on test0 dataset *****
04/17/2026 22:06:09 - INFO - utils.trainer -   AUC: 0.50676
04/17/2026 22:06:09 - INFO - utils.trainer -   Accuracy: 0.26115
04/17/2026 22:06:09 - INFO - utils.trainer -   Precision: 0.31001
04/17/2026 22:06:09 - INFO - utils.trainer -   Recall: 0.25984
04/17/2026 22:06:09 - INFO - utils.trainer -   F_score: 0.21753
04/17/2026 22:06:09 - INFO - utils.trainer -   Loss: 2.81700
04/17/2026 22:06:09 - INFO - utils.trainer -   Epoch: 21, Train loss: 2.85398, Test loss: 2.81700,Epoch time = 16.613s
04/17/2026 22:06:27 - INFO - utils.trainer -   ***** Running evaluation on test0 dataset *****
04/17/2026 22:06:30 - INFO - utils.trainer -   AUC: 0.50842
04/17/2026 22:06:30 - INFO - utils.trainer -   Accuracy: 0.29936
04/17/2026 22:06:30 - INFO - utils.trainer -   Precision: 0.22402
04/17/2026 22:06:30 - INFO - utils.trainer -   Recall: 0.29306
04/17/2026 22:06:30 - INFO - utils.trainer -   F_score: 0.25175
04/17/2026 22:06:30 - INFO - utils.trainer -   Loss: 2.88937
04/17/2026 22:06:30 - INFO - utils.trainer -   Epoch: 22, Train loss: 2.79130, Test loss: 2.88937,Epoch time = 17.924s
04/17/2026 22:06:48 - INFO - utils.trainer -   ***** Running evaluation on test0 dataset *****
04/17/2026 22:06:51 - INFO - utils.trainer -   AUC: 0.52346
04/17/2026 22:06:51 - INFO - utils.trainer -   Accuracy: 0.27389
04/17/2026 22:06:51 - INFO - utils.trainer -   Precision: 0.26392
04/17/2026 22:06:51 - INFO - utils.trainer -   Recall: 0.28449
04/17/2026 22:06:51 - INFO - utils.trainer -   F_score: 0.26702
04/17/2026 22:06:51 - INFO - utils.trainer -   Loss: 2.89392
04/17/2026 22:06:51 - INFO - utils.trainer -   Epoch: 23, Train loss: 2.79529, Test loss: 2.89392,Epoch time = 17.612s
04/17/2026 22:07:08 - INFO - utils.trainer -   ***** Running evaluation on test0 dataset *****
04/17/2026 22:07:10 - INFO - utils.trainer -   AUC: 0.53271
04/17/2026 22:07:10 - INFO - utils.trainer -   Accuracy: 0.30573
04/17/2026 22:07:10 - INFO - utils.trainer -   Precision: 0.31866
04/17/2026 22:07:10 - INFO - utils.trainer -   Recall: 0.29013
04/17/2026 22:07:10 - INFO - utils.trainer -   F_score: 0.26838
04/17/2026 22:07:10 - INFO - utils.trainer -   Loss: 2.81493
04/17/2026 22:07:10 - INFO - utils.trainer -   Epoch: 24, Train loss: 2.81775, Test loss: 2.81493,Epoch time = 16.834s
04/17/2026 22:07:28 - INFO - utils.trainer -   ***** Running evaluation on test0 dataset *****
04/17/2026 22:07:30 - INFO - utils.trainer -   AUC: 0.46823
04/17/2026 22:07:30 - INFO - utils.trainer -   Accuracy: 0.29299
04/17/2026 22:07:30 - INFO - utils.trainer -   Precision: 0.23131
04/17/2026 22:07:30 - INFO - utils.trainer -   Recall: 0.27625
04/17/2026 22:07:30 - INFO - utils.trainer -   F_score: 0.21582
04/17/2026 22:07:30 - INFO - utils.trainer -   Loss: 2.87060
04/17/2026 22:07:30 - INFO - utils.trainer -   Epoch: 25, Train loss: 2.75760, Test loss: 2.87060,Epoch time = 17.347s
04/17/2026 22:07:47 - INFO - utils.trainer -   ***** Running evaluation on test0 dataset *****
04/17/2026 22:07:50 - INFO - utils.trainer -   AUC: 0.48089
04/17/2026 22:07:50 - INFO - utils.trainer -   Accuracy: 0.19745
04/17/2026 22:07:50 - INFO - utils.trainer -   Precision: 0.19195
04/17/2026 22:07:50 - INFO - utils.trainer -   Recall: 0.18546
04/17/2026 22:07:50 - INFO - utils.trainer -   F_score: 0.16003
04/17/2026 22:07:50 - INFO - utils.trainer -   Loss: 2.85112
04/17/2026 22:07:50 - INFO - utils.trainer -   Epoch: 26, Train loss: 2.78656, Test loss: 2.85112,Epoch time = 16.980s
04/17/2026 22:08:06 - INFO - utils.trainer -   ***** Running evaluation on test0 dataset *****
04/17/2026 22:08:09 - INFO - utils.trainer -   AUC: 0.45268
04/17/2026 22:08:09 - INFO - utils.trainer -   Accuracy: 0.24841
04/17/2026 22:08:09 - INFO - utils.trainer -   Precision: 0.26816
04/17/2026 22:08:09 - INFO - utils.trainer -   Recall: 0.23612
04/17/2026 22:08:09 - INFO - utils.trainer -   F_score: 0.20255
04/17/2026 22:08:09 - INFO - utils.trainer -   Loss: 2.89614
04/17/2026 22:08:09 - INFO - utils.trainer -   Epoch: 27, Train loss: 2.77730, Test loss: 2.89614,Epoch time = 16.434s
04/17/2026 22:08:25 - INFO - utils.trainer -   ***** Running evaluation on test0 dataset *****
04/17/2026 22:08:28 - INFO - utils.trainer -   AUC: 0.55490
04/17/2026 22:08:28 - INFO - utils.trainer -   Accuracy: 0.32484
04/17/2026 22:08:28 - INFO - utils.trainer -   Precision: 0.27033
04/17/2026 22:08:28 - INFO - utils.trainer -   Recall: 0.31057
04/17/2026 22:08:28 - INFO - utils.trainer -   F_score: 0.27139
04/17/2026 22:08:28 - INFO - utils.trainer -   Loss: 2.85446
04/17/2026 22:08:28 - INFO - utils.trainer -   Epoch: 28, Train loss: 2.76289, Test loss: 2.85446,Epoch time = 16.454s
04/17/2026 22:08:45 - INFO - utils.trainer -   ***** Running evaluation on test0 dataset *****
04/17/2026 22:08:48 - INFO - utils.trainer -   AUC: 0.55410
04/17/2026 22:08:48 - INFO - utils.trainer -   Accuracy: 0.33121
04/17/2026 22:08:48 - INFO - utils.trainer -   Precision: 0.33844
04/17/2026 22:08:48 - INFO - utils.trainer -   Recall: 0.31966
04/17/2026 22:08:48 - INFO - utils.trainer -   F_score: 0.28542
04/17/2026 22:08:48 - INFO - utils.trainer -   Loss: 2.88570
04/17/2026 22:08:48 - INFO - utils.trainer -   Saving model checkpoint to output_dir/SrCVIB
04/17/2026 22:08:48 - INFO - utils.trainer -   Epoch: 29, Train loss: 2.75854, Test loss: 2.88570,Epoch time = 17.457s
04/17/2026 22:09:05 - INFO - utils.trainer -   ***** Running evaluation on test0 dataset *****
04/17/2026 22:09:07 - INFO - utils.trainer -   AUC: 0.53313
04/17/2026 22:09:07 - INFO - utils.trainer -   Accuracy: 0.28662
04/17/2026 22:09:07 - INFO - utils.trainer -   Precision: 0.29152
04/17/2026 22:09:07 - INFO - utils.trainer -   Recall: 0.27864
04/17/2026 22:09:07 - INFO - utils.trainer -   F_score: 0.27242
04/17/2026 22:09:07 - INFO - utils.trainer -   Loss: 2.91509
04/17/2026 22:09:07 - INFO - utils.trainer -   Epoch: 30, Train loss: 2.76818, Test loss: 2.91509,Epoch time = 17.248s
04/17/2026 22:09:25 - INFO - utils.trainer -   ***** Running evaluation on test0 dataset *****
04/17/2026 22:09:28 - INFO - utils.trainer -   AUC: 0.49958
04/17/2026 22:09:28 - INFO - utils.trainer -   Accuracy: 0.25478
04/17/2026 22:09:28 - INFO - utils.trainer -   Precision: 0.22243
04/17/2026 22:09:28 - INFO - utils.trainer -   Recall: 0.24054
04/17/2026 22:09:28 - INFO - utils.trainer -   F_score: 0.20708
04/17/2026 22:09:28 - INFO - utils.trainer -   Loss: 2.95514
04/17/2026 22:09:28 - INFO - utils.trainer -   Epoch: 31, Train loss: 2.74972, Test loss: 2.95514,Epoch time = 17.324s
04/17/2026 22:09:44 - INFO - utils.trainer -   ***** Running evaluation on test0 dataset *****
04/17/2026 22:09:46 - INFO - utils.trainer -   AUC: 0.53872
04/17/2026 22:09:46 - INFO - utils.trainer -   Accuracy: 0.35032
04/17/2026 22:09:46 - INFO - utils.trainer -   Precision: 0.41002
04/17/2026 22:09:46 - INFO - utils.trainer -   Recall: 0.32882
04/17/2026 22:09:46 - INFO - utils.trainer -   F_score: 0.28524
04/17/2026 22:09:46 - INFO - utils.trainer -   Loss: 2.99577
04/17/2026 22:09:46 - INFO - utils.trainer -   Epoch: 32, Train loss: 2.74357, Test loss: 2.99577,Epoch time = 16.404s
04/17/2026 22:10:03 - INFO - utils.trainer -   ***** Running evaluation on test0 dataset *****
04/17/2026 22:10:05 - INFO - utils.trainer -   AUC: 0.56972
04/17/2026 22:10:05 - INFO - utils.trainer -   Accuracy: 0.29936
04/17/2026 22:10:05 - INFO - utils.trainer -   Precision: 0.34097
04/17/2026 22:10:05 - INFO - utils.trainer -   Recall: 0.28282
04/17/2026 22:10:05 - INFO - utils.trainer -   F_score: 0.24537
04/17/2026 22:10:05 - INFO - utils.trainer -   Loss: 3.04531
04/17/2026 22:10:05 - INFO - utils.trainer -   Epoch: 33, Train loss: 2.71636, Test loss: 3.04531,Epoch time = 16.442s
04/17/2026 22:10:22 - INFO - utils.trainer -   ***** Running evaluation on test0 dataset *****
04/17/2026 22:10:25 - INFO - utils.trainer -   AUC: 0.54539
04/17/2026 22:10:25 - INFO - utils.trainer -   Accuracy: 0.29936
04/17/2026 22:10:25 - INFO - utils.trainer -   Precision: 0.30542
04/17/2026 22:10:25 - INFO - utils.trainer -   Recall: 0.27924
04/17/2026 22:10:25 - INFO - utils.trainer -   F_score: 0.22619
04/17/2026 22:10:25 - INFO - utils.trainer -   Loss: 3.18836
04/17/2026 22:10:25 - INFO - utils.trainer -   Epoch: 34, Train loss: 2.72268, Test loss: 3.18836,Epoch time = 16.407s
04/17/2026 22:10:42 - INFO - utils.trainer -   ***** Running evaluation on test0 dataset *****
04/17/2026 22:10:44 - INFO - utils.trainer -   AUC: 0.47017
04/17/2026 22:10:44 - INFO - utils.trainer -   Accuracy: 0.24841
04/17/2026 22:10:44 - INFO - utils.trainer -   Precision: 0.20525
04/17/2026 22:10:44 - INFO - utils.trainer -   Recall: 0.23504
04/17/2026 22:10:44 - INFO - utils.trainer -   F_score: 0.20089
04/17/2026 22:10:44 - INFO - utils.trainer -   Loss: 3.32944
04/17/2026 22:10:44 - INFO - utils.trainer -   Epoch: 35, Train loss: 2.73867, Test loss: 3.32944,Epoch time = 16.998s
04/17/2026 22:11:01 - INFO - utils.trainer -   ***** Running evaluation on test0 dataset *****
04/17/2026 22:11:03 - INFO - utils.trainer -   AUC: 0.53257
04/17/2026 22:11:03 - INFO - utils.trainer -   Accuracy: 0.26115
04/17/2026 22:11:03 - INFO - utils.trainer -   Precision: 0.21861
04/17/2026 22:11:03 - INFO - utils.trainer -   Recall: 0.24031
04/17/2026 22:11:03 - INFO - utils.trainer -   F_score: 0.17016
04/17/2026 22:11:03 - INFO - utils.trainer -   Loss: 3.49528
04/17/2026 22:11:03 - INFO - utils.trainer -   Epoch: 36, Train loss: 2.72042, Test loss: 3.49528,Epoch time = 16.764s
04/17/2026 22:11:20 - INFO - utils.trainer -   ***** Running evaluation on test0 dataset *****
04/17/2026 22:11:23 - INFO - utils.trainer -   AUC: 0.44929
04/17/2026 22:11:23 - INFO - utils.trainer -   Accuracy: 0.24204
04/17/2026 22:11:23 - INFO - utils.trainer -   Precision: 0.32124
04/17/2026 22:11:23 - INFO - utils.trainer -   Recall: 0.23205
04/17/2026 22:11:23 - INFO - utils.trainer -   F_score: 0.20132
04/17/2026 22:11:23 - INFO - utils.trainer -   Loss: 3.87498
04/17/2026 22:11:23 - INFO - utils.trainer -   Epoch: 37, Train loss: 2.70419, Test loss: 3.87498,Epoch time = 16.464s
04/17/2026 22:11:39 - INFO - utils.trainer -   ***** Running evaluation on test0 dataset *****
04/17/2026 22:11:42 - INFO - utils.trainer -   AUC: 0.49120
04/17/2026 22:11:42 - INFO - utils.trainer -   Accuracy: 0.23567
04/17/2026 22:11:42 - INFO - utils.trainer -   Precision: 0.25891
04/17/2026 22:11:42 - INFO - utils.trainer -   Recall: 0.21704
04/17/2026 22:11:42 - INFO - utils.trainer -   F_score: 0.16163
04/17/2026 22:11:42 - INFO - utils.trainer -   Loss: 4.27185
04/17/2026 22:11:42 - INFO - utils.trainer -   Epoch: 38, Train loss: 2.73690, Test loss: 4.27185,Epoch time = 16.874s
04/17/2026 22:11:59 - INFO - utils.trainer -   ***** Running evaluation on test0 dataset *****
04/17/2026 22:12:02 - INFO - utils.trainer -   AUC: 0.46662
04/17/2026 22:12:02 - INFO - utils.trainer -   Accuracy: 0.26752
04/17/2026 22:12:02 - INFO - utils.trainer -   Precision: 0.28366
04/17/2026 22:12:02 - INFO - utils.trainer -   Recall: 0.24707
04/17/2026 22:12:02 - INFO - utils.trainer -   F_score: 0.18835
04/17/2026 22:12:02 - INFO - utils.trainer -   Loss: 4.83040
04/17/2026 22:12:02 - INFO - utils.trainer -   Epoch: 39, Train loss: 2.69513, Test loss: 4.83040,Epoch time = 17.097s
04/17/2026 22:12:18 - INFO - utils.trainer -   ***** Running evaluation on test0 dataset *****
04/17/2026 22:12:21 - INFO - utils.trainer -   AUC: 0.50721
04/17/2026 22:12:21 - INFO - utils.trainer -   Accuracy: 0.27389
04/17/2026 22:12:21 - INFO - utils.trainer -   Precision: 0.29294
04/17/2026 22:12:21 - INFO - utils.trainer -   Recall: 0.25400
04/17/2026 22:12:21 - INFO - utils.trainer -   F_score: 0.19629
04/17/2026 22:12:21 - INFO - utils.trainer -   Loss: 5.73245
04/17/2026 22:12:21 - INFO - utils.trainer -   Epoch: 40, Train loss: 2.70337, Test loss: 5.73245,Epoch time = 16.497s
04/17/2026 22:12:37 - INFO - utils.trainer -   ***** Running evaluation on test0 dataset *****
04/17/2026 22:12:39 - INFO - utils.trainer -   AUC: 0.51630
04/17/2026 22:12:39 - INFO - utils.trainer -   Accuracy: 0.25478
04/17/2026 22:12:39 - INFO - utils.trainer -   Precision: 0.17634
04/17/2026 22:12:39 - INFO - utils.trainer -   Recall: 0.23750
04/17/2026 22:12:39 - INFO - utils.trainer -   F_score: 0.17588
04/17/2026 22:12:39 - INFO - utils.trainer -   Loss: 7.16278
04/17/2026 22:12:39 - INFO - utils.trainer -   Epoch: 41, Train loss: 2.70237, Test loss: 7.16278,Epoch time = 15.976s
04/17/2026 22:12:55 - INFO - utils.trainer -   ***** Running evaluation on test0 dataset *****
04/17/2026 22:12:58 - INFO - utils.trainer -   AUC: 0.53750
04/17/2026 22:12:58 - INFO - utils.trainer -   Accuracy: 0.24841
04/17/2026 22:12:58 - INFO - utils.trainer -   Precision: 0.20687
04/17/2026 22:12:58 - INFO - utils.trainer -   Recall: 0.22464
04/17/2026 22:12:58 - INFO - utils.trainer -   F_score: 0.13460
04/17/2026 22:12:58 - INFO - utils.trainer -   Loss: 8.73566
04/17/2026 22:12:58 - INFO - utils.trainer -   Epoch: 42, Train loss: 2.69191, Test loss: 8.73566,Epoch time = 16.108s
04/17/2026 22:13:14 - INFO - utils.trainer -   ***** Running evaluation on test0 dataset *****
04/17/2026 22:13:16 - INFO - utils.trainer -   AUC: 0.45465
04/17/2026 22:13:16 - INFO - utils.trainer -   Accuracy: 0.25478
04/17/2026 22:13:16 - INFO - utils.trainer -   Precision: 0.11430
04/17/2026 22:13:16 - INFO - utils.trainer -   Recall: 0.22907
04/17/2026 22:13:16 - INFO - utils.trainer -   F_score: 0.12480
04/17/2026 22:13:16 - INFO - utils.trainer -   Loss: 12.61733
04/17/2026 22:13:16 - INFO - utils.trainer -   Epoch: 43, Train loss: 2.70134, Test loss: 12.61733,Epoch time = 16.159s
04/17/2026 22:13:33 - INFO - utils.trainer -   ***** Running evaluation on test0 dataset *****
04/17/2026 22:13:36 - INFO - utils.trainer -   AUC: 0.53761
04/17/2026 22:13:36 - INFO - utils.trainer -   Accuracy: 0.30573
04/17/2026 22:13:36 - INFO - utils.trainer -   Precision: 0.33504
04/17/2026 22:13:36 - INFO - utils.trainer -   Recall: 0.28151
04/17/2026 22:13:36 - INFO - utils.trainer -   F_score: 0.20447
04/17/2026 22:13:36 - INFO - utils.trainer -   Loss: 19.05093
04/17/2026 22:13:36 - INFO - utils.trainer -   Epoch: 44, Train loss: 2.69710, Test loss: 19.05093,Epoch time = 16.561s
04/17/2026 22:13:53 - INFO - utils.trainer -   ***** Running evaluation on test0 dataset *****
04/17/2026 22:13:55 - INFO - utils.trainer -   AUC: 0.48761
04/17/2026 22:13:55 - INFO - utils.trainer -   Accuracy: 0.28662
04/17/2026 22:13:55 - INFO - utils.trainer -   Precision: 0.25918
04/17/2026 22:13:55 - INFO - utils.trainer -   Recall: 0.25945
04/17/2026 22:13:55 - INFO - utils.trainer -   F_score: 0.15245
04/17/2026 22:13:55 - INFO - utils.trainer -   Loss: 24.91064
04/17/2026 22:13:55 - INFO - utils.trainer -   Epoch: 45, Train loss: 2.69644, Test loss: 24.91064,Epoch time = 17.195s
04/17/2026 22:14:13 - INFO - utils.trainer -   ***** Running evaluation on test0 dataset *****
04/17/2026 22:14:15 - INFO - utils.trainer -   AUC: 0.46082
04/17/2026 22:14:15 - INFO - utils.trainer -   Accuracy: 0.27389
04/17/2026 22:14:15 - INFO - utils.trainer -   Precision: 0.16127
04/17/2026 22:14:15 - INFO - utils.trainer -   Recall: 0.24970
04/17/2026 22:14:15 - INFO - utils.trainer -   F_score: 0.15777
04/17/2026 22:14:15 - INFO - utils.trainer -   Loss: 40.26918
04/17/2026 22:14:15 - INFO - utils.trainer -   Epoch: 46, Train loss: 2.69403, Test loss: 40.26918,Epoch time = 17.062s
04/17/2026 22:14:32 - INFO - utils.trainer -   ***** Running evaluation on test0 dataset *****
04/17/2026 22:14:34 - INFO - utils.trainer -   AUC: 0.49750
04/17/2026 22:14:34 - INFO - utils.trainer -   Accuracy: 0.28662
04/17/2026 22:14:34 - INFO - utils.trainer -   Precision: 0.18308
04/17/2026 22:14:34 - INFO - utils.trainer -   Recall: 0.26017
04/17/2026 22:14:34 - INFO - utils.trainer -   F_score: 0.15740
04/17/2026 22:14:34 - INFO - utils.trainer -   Loss: 71.78730
04/17/2026 22:14:34 - INFO - utils.trainer -   Epoch: 47, Train loss: 2.69017, Test loss: 71.78730,Epoch time = 16.441s
04/17/2026 22:14:52 - INFO - utils.trainer -   ***** Running evaluation on test0 dataset *****
04/17/2026 22:14:54 - INFO - utils.trainer -   AUC: 0.46848
04/17/2026 22:14:54 - INFO - utils.trainer -   Accuracy: 0.24841
04/17/2026 22:14:54 - INFO - utils.trainer -   Precision: 0.13047
04/17/2026 22:14:54 - INFO - utils.trainer -   Recall: 0.22356
04/17/2026 22:14:54 - INFO - utils.trainer -   F_score: 0.12238
04/17/2026 22:14:54 - INFO - utils.trainer -   Loss: 98.03816
04/17/2026 22:14:54 - INFO - utils.trainer -   Epoch: 48, Train loss: 2.70344, Test loss: 98.03816,Epoch time = 17.196s
04/17/2026 22:15:10 - INFO - utils.trainer -   ***** Running evaluation on test0 dataset *****
04/17/2026 22:15:13 - INFO - utils.trainer -   AUC: 0.48499
04/17/2026 22:15:13 - INFO - utils.trainer -   Accuracy: 0.27389
04/17/2026 22:15:13 - INFO - utils.trainer -   Precision: 0.24395
04/17/2026 22:15:13 - INFO - utils.trainer -   Recall: 0.25006
04/17/2026 22:15:13 - INFO - utils.trainer -   F_score: 0.16467
04/17/2026 22:15:13 - INFO - utils.trainer -   Loss: 126.23120
04/17/2026 22:15:13 - INFO - utils.trainer -   Epoch: 49, Train loss: 2.68667, Test loss: 126.23120,Epoch time = 16.325s
04/17/2026 22:15:29 - INFO - utils.trainer -   ***** Running evaluation on test0 dataset *****
04/17/2026 22:15:32 - INFO - utils.trainer -   AUC: 0.48717
04/17/2026 22:15:32 - INFO - utils.trainer -   Accuracy: 0.27389
04/17/2026 22:15:32 - INFO - utils.trainer -   Precision: 0.17431
04/17/2026 22:15:32 - INFO - utils.trainer -   Recall: 0.24808
04/17/2026 22:15:32 - INFO - utils.trainer -   F_score: 0.14819
04/17/2026 22:15:32 - INFO - utils.trainer -   Loss: 233.79624
04/17/2026 22:15:32 - INFO - utils.trainer -   Epoch: 50, Train loss: 2.70702, Test loss: 233.79624,Epoch time = 16.183s
04/17/2026 22:15:48 - INFO - utils.trainer -   ***** Running evaluation on test0 dataset *****
04/17/2026 22:15:51 - INFO - utils.trainer -   AUC: 0.45387
04/17/2026 22:15:51 - INFO - utils.trainer -   Accuracy: 0.26752
04/17/2026 22:15:51 - INFO - utils.trainer -   Precision: 0.13214
04/17/2026 22:15:51 - INFO - utils.trainer -   Recall: 0.24133
04/17/2026 22:15:51 - INFO - utils.trainer -   F_score: 0.13598
04/17/2026 22:15:51 - INFO - utils.trainer -   Loss: 381.66670
04/17/2026 22:15:51 - INFO - utils.trainer -   Epoch: 51, Train loss: 2.69454, Test loss: 381.66670,Epoch time = 16.570s
04/17/2026 22:16:07 - INFO - utils.trainer -   ***** Running evaluation on test0 dataset *****
04/17/2026 22:16:10 - INFO - utils.trainer -   AUC: 0.50505
04/17/2026 22:16:10 - INFO - utils.trainer -   Accuracy: 0.26752
04/17/2026 22:16:10 - INFO - utils.trainer -   Precision: 0.12118
04/17/2026 22:16:10 - INFO - utils.trainer -   Recall: 0.23953
04/17/2026 22:16:10 - INFO - utils.trainer -   F_score: 0.12067
04/17/2026 22:16:10 - INFO - utils.trainer -   Loss: 635.88875
04/17/2026 22:16:10 - INFO - utils.trainer -   Epoch: 52, Train loss: 2.69580, Test loss: 635.88875,Epoch time = 16.440s
04/17/2026 22:16:26 - INFO - utils.trainer -   ***** Running evaluation on test0 dataset *****
04/17/2026 22:16:28 - INFO - utils.trainer -   AUC: 0.50094
04/17/2026 22:16:28 - INFO - utils.trainer -   Accuracy: 0.29936
04/17/2026 22:16:28 - INFO - utils.trainer -   Precision: 0.41688
04/17/2026 22:16:28 - INFO - utils.trainer -   Recall: 0.27081
04/17/2026 22:16:28 - INFO - utils.trainer -   F_score: 0.15833
04/17/2026 22:16:28 - INFO - utils.trainer -   Loss: 1108.33478
04/17/2026 22:16:28 - INFO - utils.trainer -   Epoch: 53, Train loss: 2.69117, Test loss: 1108.33478,Epoch time = 16.339s
04/17/2026 22:16:45 - INFO - utils.trainer -   ***** Running evaluation on test0 dataset *****
04/17/2026 22:16:48 - INFO - utils.trainer -   AUC: 0.45392
04/17/2026 22:16:48 - INFO - utils.trainer -   Accuracy: 0.27389
04/17/2026 22:16:48 - INFO - utils.trainer -   Precision: 0.13292
04/17/2026 22:16:48 - INFO - utils.trainer -   Recall: 0.24701
04/17/2026 22:16:48 - INFO - utils.trainer -   F_score: 0.13753
04/17/2026 22:16:48 - INFO - utils.trainer -   Loss: 1609.66382
04/17/2026 22:16:48 - INFO - utils.trainer -   Epoch: 54, Train loss: 2.69638, Test loss: 1609.66382,Epoch time = 16.848s
04/17/2026 22:17:04 - INFO - utils.trainer -   ***** Running evaluation on test0 dataset *****
04/17/2026 22:17:07 - INFO - utils.trainer -   AUC: 0.52473
04/17/2026 22:17:07 - INFO - utils.trainer -   Accuracy: 0.27389
04/17/2026 22:17:07 - INFO - utils.trainer -   Precision: 0.13158
04/17/2026 22:17:07 - INFO - utils.trainer -   Recall: 0.24522
04/17/2026 22:17:07 - INFO - utils.trainer -   F_score: 0.11905
04/17/2026 22:17:07 - INFO - utils.trainer -   Loss: 2802.94993
04/17/2026 22:17:07 - INFO - utils.trainer -   Epoch: 55, Train loss: 2.70069, Test loss: 2802.94993,Epoch time = 16.264s
04/17/2026 22:17:23 - INFO - utils.trainer -   ***** Running evaluation on test0 dataset *****
04/17/2026 22:17:25 - INFO - utils.trainer -   AUC: 0.49389
04/17/2026 22:17:25 - INFO - utils.trainer -   Accuracy: 0.27389
04/17/2026 22:17:25 - INFO - utils.trainer -   Precision: 0.19408
04/17/2026 22:17:25 - INFO - utils.trainer -   Recall: 0.24522
04/17/2026 22:17:25 - INFO - utils.trainer -   F_score: 0.11964
04/17/2026 22:17:25 - INFO - utils.trainer -   Loss: 4905.64244
04/17/2026 22:17:25 - INFO - utils.trainer -   Epoch: 56, Train loss: 2.69176, Test loss: 4905.64244,Epoch time = 16.188s
04/17/2026 22:17:42 - INFO - utils.trainer -   ***** Running evaluation on test0 dataset *****
04/17/2026 22:17:45 - INFO - utils.trainer -   AUC: 0.44473
04/17/2026 22:17:45 - INFO - utils.trainer -   Accuracy: 0.28025
04/17/2026 22:17:45 - INFO - utils.trainer -   Precision: 0.27741
04/17/2026 22:17:45 - INFO - utils.trainer -   Recall: 0.25197
04/17/2026 22:17:45 - INFO - utils.trainer -   F_score: 0.13214
04/17/2026 22:17:45 - INFO - utils.trainer -   Loss: 7679.95824
04/17/2026 22:17:45 - INFO - utils.trainer -   Epoch: 57, Train loss: 2.69625, Test loss: 7679.95824,Epoch time = 17.239s
04/17/2026 22:18:02 - INFO - utils.trainer -   ***** Running evaluation on test0 dataset *****
04/17/2026 22:18:04 - INFO - utils.trainer -   AUC: 0.49712
04/17/2026 22:18:04 - INFO - utils.trainer -   Accuracy: 0.26752
04/17/2026 22:18:04 - INFO - utils.trainer -   Precision: 0.20045
04/17/2026 22:18:04 - INFO - utils.trainer -   Recall: 0.24061
04/17/2026 22:18:04 - INFO - utils.trainer -   F_score: 0.12775
04/17/2026 22:18:04 - INFO - utils.trainer -   Loss: 10992.97376
04/17/2026 22:18:04 - INFO - utils.trainer -   Epoch: 58, Train loss: 2.70005, Test loss: 10992.97376,Epoch time = 16.773s
04/17/2026 22:18:21 - INFO - utils.trainer -   ***** Running evaluation on test0 dataset *****
04/17/2026 22:18:24 - INFO - utils.trainer -   AUC: 0.46468
04/17/2026 22:18:24 - INFO - utils.trainer -   Accuracy: 0.27389
04/17/2026 22:18:24 - INFO - utils.trainer -   Precision: 0.20183
04/17/2026 22:18:24 - INFO - utils.trainer -   Recall: 0.24719
04/17/2026 22:18:24 - INFO - utils.trainer -   F_score: 0.13990
04/17/2026 22:18:24 - INFO - utils.trainer -   Loss: 20479.51990
04/17/2026 22:18:24 - INFO - utils.trainer -   Epoch: 59, Train loss: 2.70024, Test loss: 20479.51990,Epoch time = 16.973s
04/17/2026 22:18:40 - INFO - utils.trainer -   ***** Running evaluation on test0 dataset *****
04/17/2026 22:18:43 - INFO - utils.trainer -   AUC: 0.53375
04/17/2026 22:18:43 - INFO - utils.trainer -   Accuracy: 0.28025
04/17/2026 22:18:43 - INFO - utils.trainer -   Precision: 0.19408
04/17/2026 22:18:43 - INFO - utils.trainer -   Recall: 0.25179
04/17/2026 22:18:43 - INFO - utils.trainer -   F_score: 0.13095
04/17/2026 22:18:43 - INFO - utils.trainer -   Loss: 31336.45704
04/17/2026 22:18:43 - INFO - utils.trainer -   Epoch: 60, Train loss: 2.69879, Test loss: 31336.45704,Epoch time = 16.408s
04/17/2026 22:18:59 - INFO - utils.trainer -   ***** Running evaluation on test0 dataset *****
04/17/2026 22:19:02 - INFO - utils.trainer -   AUC: 0.46840
04/17/2026 22:19:02 - INFO - utils.trainer -   Accuracy: 0.27389
04/17/2026 22:19:02 - INFO - utils.trainer -   Precision: 0.07119
04/17/2026 22:19:02 - INFO - utils.trainer -   Recall: 0.24432
04/17/2026 22:19:02 - INFO - utils.trainer -   F_score: 0.11026
04/17/2026 22:19:02 - INFO - utils.trainer -   Loss: 46751.68705
04/17/2026 22:19:02 - INFO - utils.trainer -   Epoch: 61, Train loss: 2.69161, Test loss: 46751.68705,Epoch time = 16.191s
04/17/2026 22:19:18 - INFO - utils.trainer -   ***** Running evaluation on test0 dataset *****
04/17/2026 22:19:21 - INFO - utils.trainer -   AUC: 0.54085
04/17/2026 22:19:21 - INFO - utils.trainer -   Accuracy: 0.28025
04/17/2026 22:19:21 - INFO - utils.trainer -   Precision: 0.31863
04/17/2026 22:19:21 - INFO - utils.trainer -   Recall: 0.25197
04/17/2026 22:19:21 - INFO - utils.trainer -   F_score: 0.13192
04/17/2026 22:19:21 - INFO - utils.trainer -   Loss: 96247.16502
04/17/2026 22:19:21 - INFO - utils.trainer -   Epoch: 62, Train loss: 2.69435, Test loss: 96247.16502,Epoch time = 16.437s
04/17/2026 22:19:37 - INFO - utils.trainer -   ***** Running evaluation on test0 dataset *****
04/17/2026 22:19:39 - INFO - utils.trainer -   AUC: 0.49472
04/17/2026 22:19:39 - INFO - utils.trainer -   Accuracy: 0.26752
04/17/2026 22:19:39 - INFO - utils.trainer -   Precision: 0.06774
04/17/2026 22:19:39 - INFO - utils.trainer -   Recall: 0.23864
04/17/2026 22:19:39 - INFO - utils.trainer -   F_score: 0.10553
04/17/2026 22:19:39 - INFO - utils.trainer -   Loss: 170573.97279
04/17/2026 22:19:39 - INFO - utils.trainer -   Epoch: 63, Train loss: 2.69601, Test loss: 170573.97279,Epoch time = 16.302s
04/17/2026 22:19:56 - INFO - utils.trainer -   ***** Running evaluation on test0 dataset *****
04/17/2026 22:19:58 - INFO - utils.trainer -   AUC: 0.44415
04/17/2026 22:19:58 - INFO - utils.trainer -   Accuracy: 0.27389
04/17/2026 22:19:58 - INFO - utils.trainer -   Precision: 0.07026
04/17/2026 22:19:58 - INFO - utils.trainer -   Recall: 0.24432
04/17/2026 22:19:58 - INFO - utils.trainer -   F_score: 0.10914
04/17/2026 22:19:58 - INFO - utils.trainer -   Loss: 275928.08141
04/17/2026 22:19:58 - INFO - utils.trainer -   Epoch: 64, Train loss: 2.69073, Test loss: 275928.08141,Epoch time = 16.552s
04/17/2026 22:20:15 - INFO - utils.trainer -   ***** Running evaluation on test0 dataset *****
04/17/2026 22:20:17 - INFO - utils.trainer -   AUC: 0.52864
04/17/2026 22:20:17 - INFO - utils.trainer -   Accuracy: 0.29299
04/17/2026 22:20:17 - INFO - utils.trainer -   Precision: 0.16434
04/17/2026 22:20:17 - INFO - utils.trainer -   Recall: 0.26495
04/17/2026 22:20:17 - INFO - utils.trainer -   F_score: 0.15312
04/17/2026 22:20:17 - INFO - utils.trainer -   Loss: 504799.62161
04/17/2026 22:20:17 - INFO - utils.trainer -   Epoch: 65, Train loss: 2.70179, Test loss: 504799.62161,Epoch time = 16.432s
04/17/2026 22:20:34 - INFO - utils.trainer -   ***** Running evaluation on test0 dataset *****
04/17/2026 22:20:36 - INFO - utils.trainer -   AUC: 0.53782
04/17/2026 22:20:36 - INFO - utils.trainer -   Accuracy: 0.29299
04/17/2026 22:20:36 - INFO - utils.trainer -   Precision: 0.32097
04/17/2026 22:20:36 - INFO - utils.trainer -   Recall: 0.26316
04/17/2026 22:20:36 - INFO - utils.trainer -   F_score: 0.13555
04/17/2026 22:20:36 - INFO - utils.trainer -   Loss: 1069494.26738
04/17/2026 22:20:36 - INFO - utils.trainer -   Epoch: 66, Train loss: 2.69988, Test loss: 1069494.26738,Epoch time = 16.309s
04/17/2026 22:20:53 - INFO - utils.trainer -   ***** Running evaluation on test0 dataset *****
04/17/2026 22:20:56 - INFO - utils.trainer -   AUC: 0.54271
04/17/2026 22:20:56 - INFO - utils.trainer -   Accuracy: 0.28025
04/17/2026 22:20:56 - INFO - utils.trainer -   Precision: 0.19408
04/17/2026 22:20:56 - INFO - utils.trainer -   Recall: 0.25179
04/17/2026 22:20:56 - INFO - utils.trainer -   F_score: 0.13095
04/17/2026 22:20:56 - INFO - utils.trainer -   Loss: 1385336.26543
04/17/2026 22:20:56 - INFO - utils.trainer -   Epoch: 67, Train loss: 2.69310, Test loss: 1385336.26543,Epoch time = 16.800s
04/17/2026 22:21:12 - INFO - utils.trainer -   ***** Running evaluation on test0 dataset *****
04/17/2026 22:21:15 - INFO - utils.trainer -   AUC: 0.45309
04/17/2026 22:21:15 - INFO - utils.trainer -   Accuracy: 0.28662
04/17/2026 22:21:15 - INFO - utils.trainer -   Precision: 0.19271
04/17/2026 22:21:15 - INFO - utils.trainer -   Recall: 0.26106
04/17/2026 22:21:15 - INFO - utils.trainer -   F_score: 0.16372
04/17/2026 22:21:15 - INFO - utils.trainer -   Loss: 1963976.68526
04/17/2026 22:21:15 - INFO - utils.trainer -   Epoch: 68, Train loss: 2.70135, Test loss: 1963976.68526,Epoch time = 16.425s
04/17/2026 22:21:31 - INFO - utils.trainer -   ***** Running evaluation on test0 dataset *****
04/17/2026 22:21:33 - INFO - utils.trainer -   AUC: 0.45018
04/17/2026 22:21:33 - INFO - utils.trainer -   Accuracy: 0.28662
04/17/2026 22:21:33 - INFO - utils.trainer -   Precision: 0.33481
04/17/2026 22:21:33 - INFO - utils.trainer -   Recall: 0.26052
04/17/2026 22:21:33 - INFO - utils.trainer -   F_score: 0.16597
04/17/2026 22:21:33 - INFO - utils.trainer -   Loss: 2685938.48175
04/17/2026 22:21:33 - INFO - utils.trainer -   Epoch: 69, Train loss: 2.69495, Test loss: 2685938.48175,Epoch time = 16.342s
04/17/2026 22:21:50 - INFO - utils.trainer -   ***** Running evaluation on test0 dataset *****
04/17/2026 22:21:52 - INFO - utils.trainer -   AUC: 0.49862
04/17/2026 22:21:52 - INFO - utils.trainer -   Accuracy: 0.28025
04/17/2026 22:21:52 - INFO - utils.trainer -   Precision: 0.19526
04/17/2026 22:21:52 - INFO - utils.trainer -   Recall: 0.25090
04/17/2026 22:21:52 - INFO - utils.trainer -   F_score: 0.12164
04/17/2026 22:21:52 - INFO - utils.trainer -   Loss: 3958685.27428
04/17/2026 22:21:52 - INFO - utils.trainer -   Epoch: 70, Train loss: 2.68986, Test loss: 3958685.27428,Epoch time = 16.306s
04/17/2026 22:22:09 - INFO - utils.trainer -   ***** Running evaluation on test0 dataset *****
04/17/2026 22:22:12 - INFO - utils.trainer -   AUC: 0.47551
04/17/2026 22:22:12 - INFO - utils.trainer -   Accuracy: 0.26752
04/17/2026 22:22:12 - INFO - utils.trainer -   Precision: 0.13900
04/17/2026 22:22:12 - INFO - utils.trainer -   Recall: 0.24043
04/17/2026 22:22:12 - INFO - utils.trainer -   F_score: 0.12639
04/17/2026 22:22:12 - INFO - utils.trainer -   Loss: 5515756.88078
04/17/2026 22:22:12 - INFO - utils.trainer -   Epoch: 71, Train loss: 2.69374, Test loss: 5515756.88078,Epoch time = 16.604s
04/17/2026 22:22:29 - INFO - utils.trainer -   ***** Running evaluation on test0 dataset *****
04/17/2026 22:22:32 - INFO - utils.trainer -   AUC: 0.53221
04/17/2026 22:22:32 - INFO - utils.trainer -   Accuracy: 0.27389
04/17/2026 22:22:32 - INFO - utils.trainer -   Precision: 0.06935
04/17/2026 22:22:32 - INFO - utils.trainer -   Recall: 0.24432
04/17/2026 22:22:32 - INFO - utils.trainer -   F_score: 0.10804
04/17/2026 22:22:32 - INFO - utils.trainer -   Loss: 7044412.86847
04/17/2026 22:22:32 - INFO - utils.trainer -   Epoch: 72, Train loss: 2.68560, Test loss: 7044412.86847,Epoch time = 17.799s
04/17/2026 22:22:49 - INFO - utils.trainer -   ***** Running evaluation on test0 dataset *****
04/17/2026 22:22:51 - INFO - utils.trainer -   AUC: 0.50249
04/17/2026 22:22:51 - INFO - utils.trainer -   Accuracy: 0.25478
04/17/2026 22:22:51 - INFO - utils.trainer -   Precision: 0.06579
04/17/2026 22:22:51 - INFO - utils.trainer -   Recall: 0.22727
04/17/2026 22:22:51 - INFO - utils.trainer -   F_score: 0.10204
04/17/2026 22:22:51 - INFO - utils.trainer -   Loss: 8896454.47232
04/17/2026 22:22:51 - INFO - utils.trainer -   Epoch: 73, Train loss: 2.68846, Test loss: 8896454.47232,Epoch time = 16.579s
04/17/2026 22:23:08 - INFO - utils.trainer -   ***** Running evaluation on test0 dataset *****
04/17/2026 22:23:10 - INFO - utils.trainer -   AUC: 0.51931
04/17/2026 22:23:10 - INFO - utils.trainer -   Accuracy: 0.26752
04/17/2026 22:23:10 - INFO - utils.trainer -   Precision: 0.13007
04/17/2026 22:23:10 - INFO - utils.trainer -   Recall: 0.24043
04/17/2026 22:23:10 - INFO - utils.trainer -   F_score: 0.12591
04/17/2026 22:23:10 - INFO - utils.trainer -   Loss: 12882221.67606
04/17/2026 22:23:10 - INFO - utils.trainer -   Epoch: 74, Train loss: 2.67317, Test loss: 12882221.67606,Epoch time = 16.572s
04/17/2026 22:23:27 - INFO - utils.trainer -   ***** Running evaluation on test0 dataset *****
04/17/2026 22:23:30 - INFO - utils.trainer -   AUC: 0.49514
04/17/2026 22:23:30 - INFO - utils.trainer -   Accuracy: 0.27389
04/17/2026 22:23:30 - INFO - utils.trainer -   Precision: 0.06981
04/17/2026 22:23:30 - INFO - utils.trainer -   Recall: 0.24432
04/17/2026 22:23:30 - INFO - utils.trainer -   F_score: 0.10859
04/17/2026 22:23:30 - INFO - utils.trainer -   Loss: 19006624.87523
04/17/2026 22:23:30 - INFO - utils.trainer -   Epoch: 75, Train loss: 2.66342, Test loss: 19006624.87523,Epoch time = 16.537s
04/17/2026 22:23:47 - INFO - utils.trainer -   ***** Running evaluation on test0 dataset *****
04/17/2026 22:23:49 - INFO - utils.trainer -   AUC: 0.49131
04/17/2026 22:23:49 - INFO - utils.trainer -   Accuracy: 0.29936
04/17/2026 22:23:49 - INFO - utils.trainer -   Precision: 0.44595
04/17/2026 22:23:49 - INFO - utils.trainer -   Recall: 0.27171
04/17/2026 22:23:49 - INFO - utils.trainer -   F_score: 0.16601
04/17/2026 22:23:49 - INFO - utils.trainer -   Loss: 57144700.07400
04/17/2026 22:23:49 - INFO - utils.trainer -   Epoch: 76, Train loss: 2.62352, Test loss: 57144700.07400,Epoch time = 17.059s
04/17/2026 22:24:06 - INFO - utils.trainer -   ***** Running evaluation on test0 dataset *****
04/17/2026 22:24:09 - INFO - utils.trainer -   AUC: 0.48256
04/17/2026 22:24:09 - INFO - utils.trainer -   Accuracy: 0.28025
04/17/2026 22:24:09 - INFO - utils.trainer -   Precision: 0.10738
04/17/2026 22:24:09 - INFO - utils.trainer -   Recall: 0.25090
04/17/2026 22:24:09 - INFO - utils.trainer -   F_score: 0.12194
04/17/2026 22:24:09 - INFO - utils.trainer -   Loss: 1634876.67360
04/17/2026 22:24:09 - INFO - utils.trainer -   Epoch: 77, Train loss: 1.94754, Test loss: 1634876.67360,Epoch time = 16.883s
04/17/2026 22:24:25 - INFO - utils.trainer -   ***** Running evaluation on test0 dataset *****
04/17/2026 22:24:28 - INFO - utils.trainer -   AUC: 0.49635
04/17/2026 22:24:28 - INFO - utils.trainer -   Accuracy: 0.25478
04/17/2026 22:24:28 - INFO - utils.trainer -   Precision: 0.19014
04/17/2026 22:24:28 - INFO - utils.trainer -   Recall: 0.23014
04/17/2026 22:24:28 - INFO - utils.trainer -   F_score: 0.13196
04/17/2026 22:24:28 - INFO - utils.trainer -   Loss: 30163701.67193
04/17/2026 22:24:28 - INFO - utils.trainer -   Epoch: 78, Train loss: 2.66677, Test loss: 30163701.67193,Epoch time = 16.765s
04/17/2026 22:24:45 - INFO - utils.trainer -   ***** Running evaluation on test0 dataset *****
04/17/2026 22:24:47 - INFO - utils.trainer -   AUC: 0.48129
04/17/2026 22:24:47 - INFO - utils.trainer -   Accuracy: 0.29299
04/17/2026 22:24:47 - INFO - utils.trainer -   Precision: 0.21917
04/17/2026 22:24:47 - INFO - utils.trainer -   Recall: 0.26334
04/17/2026 22:24:47 - INFO - utils.trainer -   F_score: 0.13781
04/17/2026 22:24:47 - INFO - utils.trainer -   Loss: 81049954.47446
04/17/2026 22:24:47 - INFO - utils.trainer -   Epoch: 79, Train loss: 2.62472, Test loss: 81049954.47446,Epoch time = 16.875s
04/17/2026 22:25:04 - INFO - utils.trainer -   ***** Running evaluation on test0 dataset *****
04/17/2026 22:25:07 - INFO - utils.trainer -   AUC: 0.47991
04/17/2026 22:25:07 - INFO - utils.trainer -   Accuracy: 0.26752
04/17/2026 22:25:07 - INFO - utils.trainer -   Precision: 0.09473
04/17/2026 22:25:07 - INFO - utils.trainer -   Recall: 0.23953
04/17/2026 22:25:07 - INFO - utils.trainer -   F_score: 0.11775
04/17/2026 22:25:07 - INFO - utils.trainer -   Loss: 90788783.27613
04/17/2026 22:25:07 - INFO - utils.trainer -   Epoch: 80, Train loss: 2.62300, Test loss: 90788783.27613,Epoch time = 17.083s
04/17/2026 22:25:24 - INFO - utils.trainer -   ***** Running evaluation on test0 dataset *****
04/17/2026 22:25:27 - INFO - utils.trainer -   AUC: 0.50356
04/17/2026 22:25:27 - INFO - utils.trainer -   Accuracy: 0.28662
04/17/2026 22:25:27 - INFO - utils.trainer -   Precision: 0.16470
04/17/2026 22:25:27 - INFO - utils.trainer -   Recall: 0.25837
04/17/2026 22:25:27 - INFO - utils.trainer -   F_score: 0.14198
04/17/2026 22:25:27 - INFO - utils.trainer -   Loss: 315394536.87367
04/17/2026 22:25:27 - INFO - utils.trainer -   Epoch: 81, Train loss: 2.60665, Test loss: 315394536.87367,Epoch time = 16.955s
04/17/2026 22:25:43 - INFO - utils.trainer -   ***** Running evaluation on test0 dataset *****
04/17/2026 22:25:46 - INFO - utils.trainer -   AUC: 0.53503
04/17/2026 22:25:46 - INFO - utils.trainer -   Accuracy: 0.26115
04/17/2026 22:25:46 - INFO - utils.trainer -   Precision: 0.10891
04/17/2026 22:25:46 - INFO - utils.trainer -   Recall: 0.23475
04/17/2026 22:25:46 - INFO - utils.trainer -   F_score: 0.12317
04/17/2026 22:25:46 - INFO - utils.trainer -   Loss: 9725625.66028
04/17/2026 22:25:46 - INFO - utils.trainer -   Epoch: 82, Train loss: 5.76076, Test loss: 9725625.66028,Epoch time = 16.453s
04/17/2026 22:26:02 - INFO - utils.trainer -   ***** Running evaluation on test0 dataset *****
04/17/2026 22:26:05 - INFO - utils.trainer -   AUC: 0.58409
04/17/2026 22:26:05 - INFO - utils.trainer -   Accuracy: 0.29299
04/17/2026 22:26:05 - INFO - utils.trainer -   Precision: 0.14167
04/17/2026 22:26:05 - INFO - utils.trainer -   Recall: 0.26495
04/17/2026 22:26:05 - INFO - utils.trainer -   F_score: 0.15187
04/17/2026 22:26:05 - INFO - utils.trainer -   Loss: 22561498.45724
04/17/2026 22:26:05 - INFO - utils.trainer -   Epoch: 83, Train loss: 2.70142, Test loss: 22561498.45724,Epoch time = 16.480s
04/17/2026 22:26:22 - INFO - utils.trainer -   ***** Running evaluation on test0 dataset *****
04/17/2026 22:26:25 - INFO - utils.trainer -   AUC: 0.45220
04/17/2026 22:26:25 - INFO - utils.trainer -   Accuracy: 0.28025
04/17/2026 22:26:25 - INFO - utils.trainer -   Precision: 0.45230
04/17/2026 22:26:25 - INFO - utils.trainer -   Recall: 0.25377
04/17/2026 22:26:25 - INFO - utils.trainer -   F_score: 0.15327
04/17/2026 22:26:25 - INFO - utils.trainer -   Loss: 26584820.08376
04/17/2026 22:26:25 - INFO - utils.trainer -   Epoch: 84, Train loss: 2.69578, Test loss: 26584820.08376,Epoch time = 17.264s
04/17/2026 22:26:41 - INFO - utils.trainer -   ***** Running evaluation on test0 dataset *****
04/17/2026 22:26:44 - INFO - utils.trainer -   AUC: 0.50679
04/17/2026 22:26:44 - INFO - utils.trainer -   Accuracy: 0.28025
04/17/2026 22:26:44 - INFO - utils.trainer -   Precision: 0.25704
04/17/2026 22:26:44 - INFO - utils.trainer -   Recall: 0.25197
04/17/2026 22:26:44 - INFO - utils.trainer -   F_score: 0.13242
04/17/2026 22:26:44 - INFO - utils.trainer -   Loss: 30020082.47268
04/17/2026 22:26:44 - INFO - utils.trainer -   Epoch: 85, Train loss: 2.69053, Test loss: 30020082.47268,Epoch time = 16.708s
04/17/2026 22:27:00 - INFO - utils.trainer -   ***** Running evaluation on test0 dataset *****
04/17/2026 22:27:03 - INFO - utils.trainer -   AUC: 0.49781
04/17/2026 22:27:03 - INFO - utils.trainer -   Accuracy: 0.23567
04/17/2026 22:27:03 - INFO - utils.trainer -   Precision: 0.21818
04/17/2026 22:27:03 - INFO - utils.trainer -   Recall: 0.21686
04/17/2026 22:27:03 - INFO - utils.trainer -   F_score: 0.16643
04/17/2026 22:27:03 - INFO - utils.trainer -   Loss: 31243183.28060
04/17/2026 22:27:03 - INFO - utils.trainer -   Epoch: 86, Train loss: 2.69224, Test loss: 31243183.28060,Epoch time = 16.423s
04/17/2026 22:27:19 - INFO - utils.trainer -   ***** Running evaluation on test0 dataset *****
04/17/2026 22:27:22 - INFO - utils.trainer -   AUC: 0.48108
04/17/2026 22:27:22 - INFO - utils.trainer -   Accuracy: 0.25478
04/17/2026 22:27:22 - INFO - utils.trainer -   Precision: 0.06579
04/17/2026 22:27:22 - INFO - utils.trainer -   Recall: 0.22727
04/17/2026 22:27:22 - INFO - utils.trainer -   F_score: 0.10204
04/17/2026 22:27:22 - INFO - utils.trainer -   Loss: 36712092.08574
04/17/2026 22:27:22 - INFO - utils.trainer -   Epoch: 87, Train loss: 2.67905, Test loss: 36712092.08574,Epoch time = 16.447s
04/17/2026 22:27:38 - INFO - utils.trainer -   ***** Running evaluation on test0 dataset *****
04/17/2026 22:27:41 - INFO - utils.trainer -   AUC: 0.48286
04/17/2026 22:27:41 - INFO - utils.trainer -   Accuracy: 0.28025
04/17/2026 22:27:41 - INFO - utils.trainer -   Precision: 0.14237
04/17/2026 22:27:41 - INFO - utils.trainer -   Recall: 0.25179
04/17/2026 22:27:41 - INFO - utils.trainer -   F_score: 0.13160
04/17/2026 22:27:41 - INFO - utils.trainer -   Loss: 45429484.08835
04/17/2026 22:27:41 - INFO - utils.trainer -   Epoch: 88, Train loss: 2.68907, Test loss: 45429484.08835,Epoch time = 16.373s
04/17/2026 22:27:57 - INFO - utils.trainer -   ***** Running evaluation on test0 dataset *****
04/17/2026 22:27:59 - INFO - utils.trainer -   AUC: 0.53885
04/17/2026 22:27:59 - INFO - utils.trainer -   Accuracy: 0.27389
04/17/2026 22:27:59 - INFO - utils.trainer -   Precision: 0.13204
04/17/2026 22:27:59 - INFO - utils.trainer -   Recall: 0.24522
04/17/2026 22:27:59 - INFO - utils.trainer -   F_score: 0.11960
04/17/2026 22:27:59 - INFO - utils.trainer -   Loss: 49853717.66303
04/17/2026 22:27:59 - INFO - utils.trainer -   Epoch: 89, Train loss: 2.68083, Test loss: 49853717.66303,Epoch time = 16.319s
04/17/2026 22:28:16 - INFO - utils.trainer -   ***** Running evaluation on test0 dataset *****
04/17/2026 22:28:18 - INFO - utils.trainer -   AUC: 0.42795
04/17/2026 22:28:18 - INFO - utils.trainer -   Accuracy: 0.26115
04/17/2026 22:28:18 - INFO - utils.trainer -   Precision: 0.11771
04/17/2026 22:28:18 - INFO - utils.trainer -   Recall: 0.23475
04/17/2026 22:28:18 - INFO - utils.trainer -   F_score: 0.12456
04/17/2026 22:28:18 - INFO - utils.trainer -   Loss: 60393052.08411
04/17/2026 22:28:18 - INFO - utils.trainer -   Epoch: 90, Train loss: 2.68633, Test loss: 60393052.08411,Epoch time = 16.479s
04/17/2026 22:28:35 - INFO - utils.trainer -   ***** Running evaluation on test0 dataset *****
04/17/2026 22:28:38 - INFO - utils.trainer -   AUC: 0.50551
04/17/2026 22:28:38 - INFO - utils.trainer -   Accuracy: 0.27389
04/17/2026 22:28:38 - INFO - utils.trainer -   Precision: 0.07026
04/17/2026 22:28:38 - INFO - utils.trainer -   Recall: 0.24432
04/17/2026 22:28:38 - INFO - utils.trainer -   F_score: 0.10914
04/17/2026 22:28:38 - INFO - utils.trainer -   Loss: 80131996.06958
04/17/2026 22:28:38 - INFO - utils.trainer -   Epoch: 91, Train loss: 2.69037, Test loss: 80131996.06958,Epoch time = 16.960s
04/17/2026 22:28:54 - INFO - utils.trainer -   ***** Running evaluation on test0 dataset *****
04/17/2026 22:28:57 - INFO - utils.trainer -   AUC: 0.48104
04/17/2026 22:28:57 - INFO - utils.trainer -   Accuracy: 0.28662
04/17/2026 22:28:57 - INFO - utils.trainer -   Precision: 0.19597
04/17/2026 22:28:57 - INFO - utils.trainer -   Recall: 0.25658
04/17/2026 22:28:57 - INFO - utils.trainer -   F_score: 0.12305
04/17/2026 22:28:57 - INFO - utils.trainer -   Loss: 4157126248.87307
04/17/2026 22:28:57 - INFO - utils.trainer -   Epoch: 92, Train loss: 2.40878, Test loss: 4157126248.87307,Epoch time = 16.404s
04/17/2026 22:29:13 - INFO - utils.trainer -   ***** Running evaluation on test0 dataset *****
04/17/2026 22:29:16 - INFO - utils.trainer -   AUC: 0.47643
04/17/2026 22:29:16 - INFO - utils.trainer -   Accuracy: 0.27389
04/17/2026 22:29:16 - INFO - utils.trainer -   Precision: 0.07026
04/17/2026 22:29:16 - INFO - utils.trainer -   Recall: 0.24432
04/17/2026 22:29:16 - INFO - utils.trainer -   F_score: 0.10914
04/17/2026 22:29:16 - INFO - utils.trainer -   Loss: 52229749.67650
04/17/2026 22:29:16 - INFO - utils.trainer -   Epoch: 93, Train loss: 1.68732, Test loss: 52229749.67650,Epoch time = 16.275s
04/17/2026 22:29:32 - INFO - utils.trainer -   ***** Running evaluation on test0 dataset *****
04/17/2026 22:29:34 - INFO - utils.trainer -   AUC: 0.49614
04/17/2026 22:29:34 - INFO - utils.trainer -   Accuracy: 0.27389
04/17/2026 22:29:34 - INFO - utils.trainer -   Precision: 0.13158
04/17/2026 22:29:34 - INFO - utils.trainer -   Recall: 0.24522
04/17/2026 22:29:34 - INFO - utils.trainer -   F_score: 0.11905
04/17/2026 22:29:34 - INFO - utils.trainer -   Loss: 46223816.87445
04/17/2026 22:29:34 - INFO - utils.trainer -   Epoch: 94, Train loss: 2.70273, Test loss: 46223816.87445,Epoch time = 16.367s
04/17/2026 22:29:51 - INFO - utils.trainer -   ***** Running evaluation on test0 dataset *****
04/17/2026 22:29:53 - INFO - utils.trainer -   AUC: 0.52875
04/17/2026 22:29:53 - INFO - utils.trainer -   Accuracy: 0.28662
04/17/2026 22:29:53 - INFO - utils.trainer -   Precision: 0.11451
04/17/2026 22:29:53 - INFO - utils.trainer -   Recall: 0.25658
04/17/2026 22:29:53 - INFO - utils.trainer -   F_score: 0.12418
04/17/2026 22:29:53 - INFO - utils.trainer -   Loss: 49841704.86851
04/17/2026 22:29:53 - INFO - utils.trainer -   Epoch: 95, Train loss: 2.69958, Test loss: 49841704.86851,Epoch time = 16.274s
04/17/2026 22:30:09 - INFO - utils.trainer -   ***** Running evaluation on test0 dataset *****
04/17/2026 22:30:12 - INFO - utils.trainer -   AUC: 0.48610
04/17/2026 22:30:12 - INFO - utils.trainer -   Accuracy: 0.29299
04/17/2026 22:30:12 - INFO - utils.trainer -   Precision: 0.25632
04/17/2026 22:30:12 - INFO - utils.trainer -   Recall: 0.27212
04/17/2026 22:30:12 - INFO - utils.trainer -   F_score: 0.21352
04/17/2026 22:30:12 - INFO - utils.trainer -   Loss: 68689186.49443
04/17/2026 22:30:12 - INFO - utils.trainer -   Epoch: 96, Train loss: 2.67968, Test loss: 68689186.49443,Epoch time = 16.263s
04/17/2026 22:30:28 - INFO - utils.trainer -   ***** Running evaluation on test0 dataset *****
04/17/2026 22:30:31 - INFO - utils.trainer -   AUC: 0.49887
04/17/2026 22:30:31 - INFO - utils.trainer -   Accuracy: 0.28025
04/17/2026 22:30:31 - INFO - utils.trainer -   Precision: 0.12143
04/17/2026 22:30:31 - INFO - utils.trainer -   Recall: 0.25179
04/17/2026 22:30:31 - INFO - utils.trainer -   F_score: 0.13078
04/17/2026 22:30:31 - INFO - utils.trainer -   Loss: 79453282.47454
04/17/2026 22:30:31 - INFO - utils.trainer -   Epoch: 97, Train loss: 2.68919, Test loss: 79453282.47454,Epoch time = 16.534s
04/17/2026 22:30:48 - INFO - utils.trainer -   ***** Running evaluation on test0 dataset *****
04/17/2026 22:30:50 - INFO - utils.trainer -   AUC: 0.53003
04/17/2026 22:30:50 - INFO - utils.trainer -   Accuracy: 0.27389
04/17/2026 22:30:50 - INFO - utils.trainer -   Precision: 0.07167
04/17/2026 22:30:50 - INFO - utils.trainer -   Recall: 0.24432
04/17/2026 22:30:50 - INFO - utils.trainer -   F_score: 0.11082
04/17/2026 22:30:50 - INFO - utils.trainer -   Loss: 141630748.07598
04/17/2026 22:30:50 - INFO - utils.trainer -   Epoch: 98, Train loss: 2.71092, Test loss: 141630748.07598,Epoch time = 16.473s
04/17/2026 22:31:06 - INFO - utils.trainer -   ***** Running evaluation on test0 dataset *****
04/17/2026 22:31:09 - INFO - utils.trainer -   AUC: 0.52853
04/17/2026 22:31:09 - INFO - utils.trainer -   Accuracy: 0.26752
04/17/2026 22:31:09 - INFO - utils.trainer -   Precision: 0.26805
04/17/2026 22:31:09 - INFO - utils.trainer -   Recall: 0.24258
04/17/2026 22:31:09 - INFO - utils.trainer -   F_score: 0.15114
04/17/2026 22:31:09 - INFO - utils.trainer -   Loss: 385436264.86825
04/17/2026 22:31:09 - INFO - utils.trainer -   Epoch: 99, Train loss: 3.73292, Test loss: 385436264.86825,Epoch time = 16.336s
04/17/2026 22:31:25 - INFO - utils.trainer -   ***** Running evaluation on test0 dataset *****
04/17/2026 22:31:28 - INFO - utils.trainer -   AUC: 0.47400
04/17/2026 22:31:28 - INFO - utils.trainer -   Accuracy: 0.26115
04/17/2026 22:31:28 - INFO - utils.trainer -   Precision: 0.21051
04/17/2026 22:31:28 - INFO - utils.trainer -   Recall: 0.24138
04/17/2026 22:31:28 - INFO - utils.trainer -   F_score: 0.17367
04/17/2026 22:31:28 - INFO - utils.trainer -   Loss: 45447420.08208
04/17/2026 22:31:28 - INFO - utils.trainer -   Epoch: 100, Train loss: 2.42592, Test loss: 45447420.08208,Epoch time = 16.143s
04/17/2026 22:31:44 - INFO - utils.trainer -   ***** Running evaluation on test0 dataset *****
04/17/2026 22:31:46 - INFO - utils.trainer -   AUC: 0.47691
04/17/2026 22:31:46 - INFO - utils.trainer -   Accuracy: 0.26752
04/17/2026 22:31:46 - INFO - utils.trainer -   Precision: 0.36866
04/17/2026 22:31:46 - INFO - utils.trainer -   Recall: 0.24151
04/17/2026 22:31:46 - INFO - utils.trainer -   F_score: 0.13883
04/17/2026 22:31:46 - INFO - utils.trainer -   Loss: 43302200.89149
04/17/2026 22:31:46 - INFO - utils.trainer -   Epoch: 101, Train loss: 2.69894, Test loss: 43302200.89149,Epoch time = 16.194s
04/17/2026 22:32:04 - INFO - utils.trainer -   ***** Running evaluation on test0 dataset *****
04/17/2026 22:32:07 - INFO - utils.trainer -   AUC: 0.44076
04/17/2026 22:32:07 - INFO - utils.trainer -   Accuracy: 0.24204
04/17/2026 22:32:07 - INFO - utils.trainer -   Precision: 0.11716
04/17/2026 22:32:07 - INFO - utils.trainer -   Recall: 0.21770
04/17/2026 22:32:07 - INFO - utils.trainer -   F_score: 0.12196
04/17/2026 22:32:07 - INFO - utils.trainer -   Loss: 49913036.08991
04/17/2026 22:32:07 - INFO - utils.trainer -   Epoch: 102, Train loss: 2.69764, Test loss: 49913036.08991,Epoch time = 17.811s
04/17/2026 22:32:24 - INFO - utils.trainer -   ***** Running evaluation on test0 dataset *****
04/17/2026 22:32:26 - INFO - utils.trainer -   AUC: 0.48213
04/17/2026 22:32:26 - INFO - utils.trainer -   Accuracy: 0.22930
04/17/2026 22:32:26 - INFO - utils.trainer -   Precision: 0.21096
04/17/2026 22:32:26 - INFO - utils.trainer -   Recall: 0.21495
04/17/2026 22:32:26 - INFO - utils.trainer -   F_score: 0.17607
04/17/2026 22:32:26 - INFO - utils.trainer -   Loss: 54065071.28637
04/17/2026 22:32:26 - INFO - utils.trainer -   Epoch: 103, Train loss: 2.69570, Test loss: 54065071.28637,Epoch time = 16.747s
04/17/2026 22:32:43 - INFO - utils.trainer -   ***** Running evaluation on test0 dataset *****
04/17/2026 22:32:45 - INFO - utils.trainer -   AUC: 0.47216
04/17/2026 22:32:45 - INFO - utils.trainer -   Accuracy: 0.24841
04/17/2026 22:32:45 - INFO - utils.trainer -   Precision: 0.14987
04/17/2026 22:32:45 - INFO - utils.trainer -   Recall: 0.22715
04/17/2026 22:32:45 - INFO - utils.trainer -   F_score: 0.14965
04/17/2026 22:32:45 - INFO - utils.trainer -   Loss: 74537378.48358
04/17/2026 22:32:45 - INFO - utils.trainer -   Epoch: 104, Train loss: 2.68194, Test loss: 74537378.48358,Epoch time = 16.739s
04/17/2026 22:33:02 - INFO - utils.trainer -   ***** Running evaluation on test0 dataset *****
04/17/2026 22:33:05 - INFO - utils.trainer -   AUC: 0.53016
04/17/2026 22:33:05 - INFO - utils.trainer -   Accuracy: 0.29299
04/17/2026 22:33:05 - INFO - utils.trainer -   Precision: 0.41998
04/17/2026 22:33:05 - INFO - utils.trainer -   Recall: 0.26800
04/17/2026 22:33:05 - INFO - utils.trainer -   F_score: 0.18276
04/17/2026 22:33:05 - INFO - utils.trainer -   Loss: 117688693.67021
04/17/2026 22:33:05 - INFO - utils.trainer -   Epoch: 105, Train loss: 2.69131, Test loss: 117688693.67021,Epoch time = 16.625s
04/17/2026 22:33:21 - INFO - utils.trainer -   ***** Running evaluation on test0 dataset *****
04/17/2026 22:33:24 - INFO - utils.trainer -   AUC: 0.50931
04/17/2026 22:33:24 - INFO - utils.trainer -   Accuracy: 0.27389
04/17/2026 22:33:24 - INFO - utils.trainer -   Precision: 0.19941
04/17/2026 22:33:24 - INFO - utils.trainer -   Recall: 0.25257
04/17/2026 22:33:24 - INFO - utils.trainer -   F_score: 0.17405
04/17/2026 22:33:24 - INFO - utils.trainer -   Loss: 281793871.27190
04/17/2026 22:33:24 - INFO - utils.trainer -   Epoch: 106, Train loss: 2.69879, Test loss: 281793871.27190,Epoch time = 16.550s
04/17/2026 22:33:40 - INFO - utils.trainer -   ***** Running evaluation on test0 dataset *****
04/17/2026 22:33:43 - INFO - utils.trainer -   AUC: 0.50346
04/17/2026 22:33:43 - INFO - utils.trainer -   Accuracy: 0.29936
04/17/2026 22:33:43 - INFO - utils.trainer -   Precision: 0.29752
04/17/2026 22:33:43 - INFO - utils.trainer -   Recall: 0.27565
04/17/2026 22:33:43 - INFO - utils.trainer -   F_score: 0.19601
04/17/2026 22:33:43 - INFO - utils.trainer -   Loss: 76280348.07685
04/17/2026 22:33:43 - INFO - utils.trainer -   Epoch: 107, Train loss: 1.93569, Test loss: 76280348.07685,Epoch time = 16.558s
04/17/2026 22:33:59 - INFO - utils.trainer -   ***** Running evaluation on test0 dataset *****
04/17/2026 22:34:02 - INFO - utils.trainer -   AUC: 0.48759
04/17/2026 22:34:02 - INFO - utils.trainer -   Accuracy: 0.26115
04/17/2026 22:34:02 - INFO - utils.trainer -   Precision: 0.25489
04/17/2026 22:34:02 - INFO - utils.trainer -   Recall: 0.23762
04/17/2026 22:34:02 - INFO - utils.trainer -   F_score: 0.15804
04/17/2026 22:34:02 - INFO - utils.trainer -   Loss: 65636770.47808
04/17/2026 22:34:02 - INFO - utils.trainer -   Epoch: 108, Train loss: 2.70988, Test loss: 65636770.47808,Epoch time = 16.617s
04/17/2026 22:34:19 - INFO - utils.trainer -   ***** Running evaluation on test0 dataset *****
04/17/2026 22:34:21 - INFO - utils.trainer -   AUC: 0.54634
04/17/2026 22:34:21 - INFO - utils.trainer -   Accuracy: 0.29299
04/17/2026 22:34:21 - INFO - utils.trainer -   Precision: 0.21197
04/17/2026 22:34:21 - INFO - utils.trainer -   Recall: 0.26890
04/17/2026 22:34:21 - INFO - utils.trainer -   F_score: 0.18451
04/17/2026 22:34:21 - INFO - utils.trainer -   Loss: 79176380.06874
04/17/2026 22:34:21 - INFO - utils.trainer -   Epoch: 109, Train loss: 2.70879, Test loss: 79176380.06874,Epoch time = 16.613s
04/17/2026 22:34:38 - INFO - utils.trainer -   ***** Running evaluation on test0 dataset *****
04/17/2026 22:34:41 - INFO - utils.trainer -   AUC: 0.52481
04/17/2026 22:34:41 - INFO - utils.trainer -   Accuracy: 0.27389
04/17/2026 22:34:41 - INFO - utils.trainer -   Precision: 0.22437
04/17/2026 22:34:41 - INFO - utils.trainer -   Recall: 0.25221
04/17/2026 22:34:41 - INFO - utils.trainer -   F_score: 0.17928
04/17/2026 22:34:41 - INFO - utils.trainer -   Loss: 101924213.67441
04/17/2026 22:34:41 - INFO - utils.trainer -   Epoch: 110, Train loss: 2.69262, Test loss: 101924213.67441,Epoch time = 16.848s
04/17/2026 22:34:58 - INFO - utils.trainer -   ***** Running evaluation on test0 dataset *****
04/17/2026 22:35:00 - INFO - utils.trainer -   AUC: 0.54055
04/17/2026 22:35:00 - INFO - utils.trainer -   Accuracy: 0.28662
04/17/2026 22:35:00 - INFO - utils.trainer -   Precision: 0.31803
04/17/2026 22:35:00 - INFO - utils.trainer -   Recall: 0.26070
04/17/2026 22:35:00 - INFO - utils.trainer -   F_score: 0.16368
04/17/2026 22:35:00 - INFO - utils.trainer -   Loss: 118259957.67088
04/17/2026 22:35:00 - INFO - utils.trainer -   Epoch: 111, Train loss: 2.71233, Test loss: 118259957.67088,Epoch time = 16.774s
04/17/2026 22:35:17 - INFO - utils.trainer -   ***** Running evaluation on test0 dataset *****
04/17/2026 22:35:19 - INFO - utils.trainer -   AUC: 0.49314
04/17/2026 22:35:19 - INFO - utils.trainer -   Accuracy: 0.27389
04/17/2026 22:35:19 - INFO - utils.trainer -   Precision: 0.20614
04/17/2026 22:35:19 - INFO - utils.trainer -   Recall: 0.24719
04/17/2026 22:35:19 - INFO - utils.trainer -   F_score: 0.14215
04/17/2026 22:35:19 - INFO - utils.trainer -   Loss: 175700917.68358
04/17/2026 22:35:19 - INFO - utils.trainer -   Epoch: 112, Train loss: 2.70504, Test loss: 175700917.68358,Epoch time = 16.413s
04/17/2026 22:35:36 - INFO - utils.trainer -   ***** Running evaluation on test0 dataset *****
04/17/2026 22:35:38 - INFO - utils.trainer -   AUC: 0.47497
04/17/2026 22:35:38 - INFO - utils.trainer -   Accuracy: 0.28025
04/17/2026 22:35:38 - INFO - utils.trainer -   Precision: 0.13514
04/17/2026 22:35:38 - INFO - utils.trainer -   Recall: 0.25107
04/17/2026 22:35:38 - INFO - utils.trainer -   F_score: 0.12417
04/17/2026 22:35:38 - INFO - utils.trainer -   Loss: 208817000.87950
04/17/2026 22:35:38 - INFO - utils.trainer -   Epoch: 113, Train loss: 1.53864, Test loss: 208817000.87950,Epoch time = 16.446s
04/17/2026 22:35:55 - INFO - utils.trainer -   ***** Running evaluation on test0 dataset *****
04/17/2026 22:35:57 - INFO - utils.trainer -   AUC: 0.45829
04/17/2026 22:35:57 - INFO - utils.trainer -   Accuracy: 0.26752
04/17/2026 22:35:57 - INFO - utils.trainer -   Precision: 0.20045
04/17/2026 22:35:57 - INFO - utils.trainer -   Recall: 0.24061
04/17/2026 22:35:57 - INFO - utils.trainer -   F_score: 0.12775
04/17/2026 22:35:57 - INFO - utils.trainer -   Loss: 235384552.88930
04/17/2026 22:35:57 - INFO - utils.trainer -   Epoch: 114, Train loss: 2.85821, Test loss: 235384552.88930,Epoch time = 16.492s
04/17/2026 22:36:14 - INFO - utils.trainer -   ***** Running evaluation on test0 dataset *****
04/17/2026 22:36:16 - INFO - utils.trainer -   AUC: 0.46227
04/17/2026 22:36:16 - INFO - utils.trainer -   Accuracy: 0.27389
04/17/2026 22:36:16 - INFO - utils.trainer -   Precision: 0.19318
04/17/2026 22:36:16 - INFO - utils.trainer -   Recall: 0.24522
04/17/2026 22:36:16 - INFO - utils.trainer -   F_score: 0.11856
04/17/2026 22:36:16 - INFO - utils.trainer -   Loss: -481332375.11861
04/17/2026 22:36:16 - INFO - utils.trainer -   Epoch: 115, Train loss: 1.99573, Test loss: -481332375.11861,Epoch time = 16.519s
04/17/2026 22:36:33 - INFO - utils.trainer -   ***** Running evaluation on test0 dataset *****
04/17/2026 22:36:36 - INFO - utils.trainer -   AUC: 0.54186
04/17/2026 22:36:36 - INFO - utils.trainer -   Accuracy: 0.30573
04/17/2026 22:36:36 - INFO - utils.trainer -   Precision: 0.28682
04/17/2026 22:36:36 - INFO - utils.trainer -   Recall: 0.27649
04/17/2026 22:36:36 - INFO - utils.trainer -   F_score: 0.16166
04/17/2026 22:36:36 - INFO - utils.trainer -   Loss: -167106173.53458
04/17/2026 22:36:36 - INFO - utils.trainer -   Epoch: 116, Train loss: 1.46060, Test loss: -167106173.53458,Epoch time = 16.767s
04/17/2026 22:36:53 - INFO - utils.trainer -   ***** Running evaluation on test0 dataset *****
04/17/2026 22:36:56 - INFO - utils.trainer -   AUC: 0.50155
04/17/2026 22:36:56 - INFO - utils.trainer -   Accuracy: 0.25478
04/17/2026 22:36:56 - INFO - utils.trainer -   Precision: 0.06757
04/17/2026 22:36:56 - INFO - utils.trainer -   Recall: 0.22727
04/17/2026 22:36:56 - INFO - utils.trainer -   F_score: 0.10417
04/17/2026 22:36:56 - INFO - utils.trainer -   Loss: -342332234.32595
04/17/2026 22:36:56 - INFO - utils.trainer -   Epoch: 117, Train loss: 2.70780, Test loss: -342332234.32595,Epoch time = 17.277s
04/17/2026 22:37:13 - INFO - utils.trainer -   ***** Running evaluation on test0 dataset *****
04/17/2026 22:37:15 - INFO - utils.trainer -   AUC: 0.48526
04/17/2026 22:37:15 - INFO - utils.trainer -   Accuracy: 0.28025
04/17/2026 22:37:15 - INFO - utils.trainer -   Precision: 0.07051
04/17/2026 22:37:15 - INFO - utils.trainer -   Recall: 0.25000
04/17/2026 22:37:15 - INFO - utils.trainer -   F_score: 0.11000
04/17/2026 22:37:15 - INFO - utils.trainer -   Loss: 134746280.87391
04/17/2026 22:37:15 - INFO - utils.trainer -   Epoch: 118, Train loss: 3.10859, Test loss: 134746280.87391,Epoch time = 16.890s
04/17/2026 22:37:32 - INFO - utils.trainer -   ***** Running evaluation on test0 dataset *****
04/17/2026 22:37:34 - INFO - utils.trainer -   AUC: 0.49957
04/17/2026 22:37:34 - INFO - utils.trainer -   Accuracy: 0.28025
04/17/2026 22:37:34 - INFO - utils.trainer -   Precision: 0.07190
04/17/2026 22:37:34 - INFO - utils.trainer -   Recall: 0.25000
04/17/2026 22:37:34 - INFO - utils.trainer -   F_score: 0.11168
04/17/2026 22:37:34 - INFO - utils.trainer -   Loss: 162183618.47585
04/17/2026 22:37:34 - INFO - utils.trainer -   Epoch: 119, Train loss: 2.77652, Test loss: 162183618.47585,Epoch time = 16.646s
04/17/2026 22:37:52 - INFO - utils.trainer -   ***** Running evaluation on test0 dataset *****
04/17/2026 22:37:54 - INFO - utils.trainer -   AUC: 0.51083
04/17/2026 22:37:54 - INFO - utils.trainer -   Accuracy: 0.28025
04/17/2026 22:37:54 - INFO - utils.trainer -   Precision: 0.32072
04/17/2026 22:37:54 - INFO - utils.trainer -   Recall: 0.25107
04/17/2026 22:37:54 - INFO - utils.trainer -   F_score: 0.12285
04/17/2026 22:37:54 - INFO - utils.trainer -   Loss: 483044559.27530
04/17/2026 22:37:54 - INFO - utils.trainer -   Epoch: 120, Train loss: 2.33343, Test loss: 483044559.27530,Epoch time = 17.141s
04/17/2026 22:38:11 - INFO - utils.trainer -   ***** Running evaluation on test0 dataset *****
04/17/2026 22:38:14 - INFO - utils.trainer -   AUC: 0.44500
04/17/2026 22:38:14 - INFO - utils.trainer -   Accuracy: 0.24841
04/17/2026 22:38:14 - INFO - utils.trainer -   Precision: 0.06633
04/17/2026 22:38:14 - INFO - utils.trainer -   Recall: 0.22159
04/17/2026 22:38:14 - INFO - utils.trainer -   F_score: 0.10209
04/17/2026 22:38:14 - INFO - utils.trainer -   Loss: -95110109.51474
04/17/2026 22:38:14 - INFO - utils.trainer -   Epoch: 121, Train loss: 4.93663, Test loss: -95110109.51474,Epoch time = 17.127s
04/17/2026 22:38:31 - INFO - utils.trainer -   ***** Running evaluation on test0 dataset *****
04/17/2026 22:38:33 - INFO - utils.trainer -   AUC: 0.44330
04/17/2026 22:38:33 - INFO - utils.trainer -   Accuracy: 0.25478
04/17/2026 22:38:33 - INFO - utils.trainer -   Precision: 0.06849
04/17/2026 22:38:33 - INFO - utils.trainer -   Recall: 0.22727
04/17/2026 22:38:33 - INFO - utils.trainer -   F_score: 0.10526
04/17/2026 22:38:33 - INFO - utils.trainer -   Loss: -96397642.30889
04/17/2026 22:38:33 - INFO - utils.trainer -   Epoch: 122, Train loss: 2.70717, Test loss: -96397642.30889,Epoch time = 16.793s
04/17/2026 22:38:50 - INFO - utils.trainer -   ***** Running evaluation on test0 dataset *****
04/17/2026 22:38:53 - INFO - utils.trainer -   AUC: 0.51581
04/17/2026 22:38:53 - INFO - utils.trainer -   Accuracy: 0.27389
04/17/2026 22:38:53 - INFO - utils.trainer -   Precision: 0.12021
04/17/2026 22:38:53 - INFO - utils.trainer -   Recall: 0.24611
04/17/2026 22:38:53 - INFO - utils.trainer -   F_score: 0.12873
04/17/2026 22:38:53 - INFO - utils.trainer -   Loss: -151616163.92394
04/17/2026 22:38:53 - INFO - utils.trainer -   Epoch: 123, Train loss: 2.69448, Test loss: -151616163.92394,Epoch time = 17.007s
04/17/2026 22:39:10 - INFO - utils.trainer -   ***** Running evaluation on test0 dataset *****
04/17/2026 22:39:12 - INFO - utils.trainer -   AUC: 0.48800
04/17/2026 22:39:12 - INFO - utils.trainer -   Accuracy: 0.26752
04/17/2026 22:39:12 - INFO - utils.trainer -   Precision: 0.10497
04/17/2026 22:39:12 - INFO - utils.trainer -   Recall: 0.23953
04/17/2026 22:39:12 - INFO - utils.trainer -   F_score: 0.11788
04/17/2026 22:39:12 - INFO - utils.trainer -   Loss: -461205962.32350
04/17/2026 22:39:12 - INFO - utils.trainer -   Epoch: 124, Train loss: 2.63420, Test loss: -461205962.32350,Epoch time = 16.767s
04/17/2026 22:39:29 - INFO - utils.trainer -   ***** Running evaluation on test0 dataset *****
04/17/2026 22:39:31 - INFO - utils.trainer -   AUC: 0.56139
04/17/2026 22:39:31 - INFO - utils.trainer -   Accuracy: 0.27389
04/17/2026 22:39:31 - INFO - utils.trainer -   Precision: 0.19363
04/17/2026 22:39:31 - INFO - utils.trainer -   Recall: 0.24522
04/17/2026 22:39:31 - INFO - utils.trainer -   F_score: 0.11910
04/17/2026 22:39:31 - INFO - utils.trainer -   Loss: 1139816245.67025
04/17/2026 22:39:31 - INFO - utils.trainer -   Epoch: 125, Train loss: 6.09413, Test loss: 1139816245.67025,Epoch time = 16.457s
04/17/2026 22:39:48 - INFO - utils.trainer -   ***** Running evaluation on test0 dataset *****
04/17/2026 22:39:51 - INFO - utils.trainer -   AUC: 0.48266
04/17/2026 22:39:51 - INFO - utils.trainer -   Accuracy: 0.28662
04/17/2026 22:39:51 - INFO - utils.trainer -   Precision: 0.19643
04/17/2026 22:39:51 - INFO - utils.trainer -   Recall: 0.25658
04/17/2026 22:39:51 - INFO - utils.trainer -   F_score: 0.12361
04/17/2026 22:39:51 - INFO - utils.trainer -   Loss: 108734095.28035
04/17/2026 22:39:51 - INFO - utils.trainer -   Epoch: 126, Train loss: 2.96900, Test loss: 108734095.28035,Epoch time = 16.971s
04/17/2026 22:40:07 - INFO - utils.trainer -   ***** Running evaluation on test0 dataset *****
04/17/2026 22:40:10 - INFO - utils.trainer -   AUC: 0.46739
04/17/2026 22:40:10 - INFO - utils.trainer -   Accuracy: 0.26752
04/17/2026 22:40:10 - INFO - utils.trainer -   Precision: 0.06954
04/17/2026 22:40:10 - INFO - utils.trainer -   Recall: 0.23864
04/17/2026 22:40:10 - INFO - utils.trainer -   F_score: 0.10769
04/17/2026 22:40:10 - INFO - utils.trainer -   Loss: 146171394.48266
04/17/2026 22:40:10 - INFO - utils.trainer -   Epoch: 127, Train loss: 2.75396, Test loss: 146171394.48266,Epoch time = 16.490s
04/17/2026 22:40:27 - INFO - utils.trainer -   ***** Running evaluation on test0 dataset *****
04/17/2026 22:40:29 - INFO - utils.trainer -   AUC: 0.49177
04/17/2026 22:40:29 - INFO - utils.trainer -   Accuracy: 0.28025
04/17/2026 22:40:29 - INFO - utils.trainer -   Precision: 0.19619
04/17/2026 22:40:29 - INFO - utils.trainer -   Recall: 0.25090
04/17/2026 22:40:29 - INFO - utils.trainer -   F_score: 0.12276
04/17/2026 22:40:29 - INFO - utils.trainer -   Loss: 759025154.47644
04/17/2026 22:40:29 - INFO - utils.trainer -   Epoch: 128, Train loss: 2.91386, Test loss: 759025154.47644,Epoch time = 16.704s
04/17/2026 22:40:46 - INFO - utils.trainer -   ***** Running evaluation on test0 dataset *****
04/17/2026 22:40:49 - INFO - utils.trainer -   AUC: 0.44928
04/17/2026 22:40:49 - INFO - utils.trainer -   Accuracy: 0.27389
04/17/2026 22:40:49 - INFO - utils.trainer -   Precision: 0.21803
04/17/2026 22:40:49 - INFO - utils.trainer -   Recall: 0.24719
04/17/2026 22:40:49 - INFO - utils.trainer -   F_score: 0.13987
04/17/2026 22:40:49 - INFO - utils.trainer -   Loss: 293174402.48457
04/17/2026 22:40:49 - INFO - utils.trainer -   Epoch: 129, Train loss: 5.18188, Test loss: 293174402.48457,Epoch time = 16.765s
04/17/2026 22:41:05 - INFO - utils.trainer -   ***** Running evaluation on test0 dataset *****
04/17/2026 22:41:08 - INFO - utils.trainer -   AUC: 0.50997
04/17/2026 22:41:08 - INFO - utils.trainer -   Accuracy: 0.29299
04/17/2026 22:41:08 - INFO - utils.trainer -   Precision: 0.32143
04/17/2026 22:41:08 - INFO - utils.trainer -   Recall: 0.26316
04/17/2026 22:41:08 - INFO - utils.trainer -   F_score: 0.13611
04/17/2026 22:41:08 - INFO - utils.trainer -   Loss: 224875087.27466
04/17/2026 22:41:08 - INFO - utils.trainer -   Epoch: 130, Train loss: 2.72977, Test loss: 224875087.27466,Epoch time = 16.662s
04/17/2026 22:41:24 - INFO - utils.trainer -   ***** Running evaluation on test0 dataset *****
04/17/2026 22:41:27 - INFO - utils.trainer -   AUC: 0.48996
04/17/2026 22:41:27 - INFO - utils.trainer -   Accuracy: 0.28025
04/17/2026 22:41:27 - INFO - utils.trainer -   Precision: 0.11286
04/17/2026 22:41:27 - INFO - utils.trainer -   Recall: 0.25090
04/17/2026 22:41:27 - INFO - utils.trainer -   F_score: 0.12162
04/17/2026 22:41:27 - INFO - utils.trainer -   Loss: 244553602.47805
04/17/2026 22:41:27 - INFO - utils.trainer -   Epoch: 131, Train loss: 2.74655, Test loss: 244553602.47805,Epoch time = 16.533s
04/17/2026 22:41:43 - INFO - utils.trainer -   ***** Running evaluation on test0 dataset *****
04/17/2026 22:41:46 - INFO - utils.trainer -   AUC: 0.53292
04/17/2026 22:41:46 - INFO - utils.trainer -   Accuracy: 0.27389
04/17/2026 22:41:46 - INFO - utils.trainer -   Precision: 0.13113
04/17/2026 22:41:46 - INFO - utils.trainer -   Recall: 0.24522
04/17/2026 22:41:46 - INFO - utils.trainer -   F_score: 0.11850
04/17/2026 22:41:46 - INFO - utils.trainer -   Loss: 148626063.27203
04/17/2026 22:41:46 - INFO - utils.trainer -   Epoch: 132, Train loss: 7.80129, Test loss: 148626063.27203,Epoch time = 16.357s
04/17/2026 22:42:02 - INFO - utils.trainer -   ***** Running evaluation on test0 dataset *****
04/17/2026 22:42:05 - INFO - utils.trainer -   AUC: 0.52632
04/17/2026 22:42:05 - INFO - utils.trainer -   Accuracy: 0.28025
04/17/2026 22:42:05 - INFO - utils.trainer -   Precision: 0.13297
04/17/2026 22:42:05 - INFO - utils.trainer -   Recall: 0.25179
04/17/2026 22:42:05 - INFO - utils.trainer -   F_score: 0.13055
04/17/2026 22:42:05 - INFO - utils.trainer -   Loss: 81305154.46889
04/17/2026 22:42:05 - INFO - utils.trainer -   Epoch: 133, Train loss: 2.78470, Test loss: 81305154.46889,Epoch time = 16.532s
04/17/2026 22:42:21 - INFO - utils.trainer -   ***** Running evaluation on test0 dataset *****
04/17/2026 22:42:24 - INFO - utils.trainer -   AUC: 0.53499
04/17/2026 22:42:24 - INFO - utils.trainer -   Accuracy: 0.28025
04/17/2026 22:42:24 - INFO - utils.trainer -   Precision: 0.07006
04/17/2026 22:42:24 - INFO - utils.trainer -   Recall: 0.25000
04/17/2026 22:42:24 - INFO - utils.trainer -   F_score: 0.10945
04/17/2026 22:42:24 - INFO - utils.trainer -   Loss: 78676930.47131
04/17/2026 22:42:24 - INFO - utils.trainer -   Epoch: 134, Train loss: 2.70602, Test loss: 78676930.47131,Epoch time = 16.422s
04/17/2026 22:42:40 - INFO - utils.trainer -   ***** Running evaluation on test0 dataset *****
04/17/2026 22:42:43 - INFO - utils.trainer -   AUC: 0.56250
04/17/2026 22:42:43 - INFO - utils.trainer -   Accuracy: 0.28025
04/17/2026 22:42:43 - INFO - utils.trainer -   Precision: 0.07006
04/17/2026 22:42:43 - INFO - utils.trainer -   Recall: 0.25000
04/17/2026 22:42:43 - INFO - utils.trainer -   F_score: 0.10945
04/17/2026 22:42:43 - INFO - utils.trainer -   Loss: 90648213.67119
04/17/2026 22:42:43 - INFO - utils.trainer -   Epoch: 135, Train loss: 2.70051, Test loss: 90648213.67119,Epoch time = 16.617s
04/17/2026 22:43:00 - INFO - utils.trainer -   ***** Running evaluation on test0 dataset *****
04/17/2026 22:43:02 - INFO - utils.trainer -   AUC: 0.47164
04/17/2026 22:43:02 - INFO - utils.trainer -   Accuracy: 0.28025
04/17/2026 22:43:02 - INFO - utils.trainer -   Precision: 0.07006
04/17/2026 22:43:02 - INFO - utils.trainer -   Recall: 0.25000
04/17/2026 22:43:02 - INFO - utils.trainer -   F_score: 0.10945
04/17/2026 22:43:02 - INFO - utils.trainer -   Loss: 96222396.07728
04/17/2026 22:43:02 - INFO - utils.trainer -   Epoch: 136, Train loss: 2.69962, Test loss: 96222396.07728,Epoch time = 16.637s
04/17/2026 22:43:19 - INFO - utils.trainer -   ***** Running evaluation on test0 dataset *****
04/17/2026 22:43:21 - INFO - utils.trainer -   AUC: 0.53419
04/17/2026 22:43:21 - INFO - utils.trainer -   Accuracy: 0.28662
04/17/2026 22:43:21 - INFO - utils.trainer -   Precision: 0.32051
04/17/2026 22:43:21 - INFO - utils.trainer -   Recall: 0.25658
04/17/2026 22:43:21 - INFO - utils.trainer -   F_score: 0.12282
04/17/2026 22:43:21 - INFO - utils.trainer -   Loss: 111995394.47163
04/17/2026 22:43:21 - INFO - utils.trainer -   Epoch: 137, Train loss: 2.69251, Test loss: 111995394.47163,Epoch time = 16.421s
04/17/2026 22:43:38 - INFO - utils.trainer -   ***** Running evaluation on test0 dataset *****
04/17/2026 22:43:40 - INFO - utils.trainer -   AUC: 0.44922
04/17/2026 22:43:40 - INFO - utils.trainer -   Accuracy: 0.28662
04/17/2026 22:43:40 - INFO - utils.trainer -   Precision: 0.19597
04/17/2026 22:43:40 - INFO - utils.trainer -   Recall: 0.25658
04/17/2026 22:43:40 - INFO - utils.trainer -   F_score: 0.12305
04/17/2026 22:43:40 - INFO - utils.trainer -   Loss: 92556700.08105
04/17/2026 22:43:40 - INFO - utils.trainer -   Epoch: 138, Train loss: 2.73183, Test loss: 92556700.08105,Epoch time = 16.623s
04/17/2026 22:43:57 - INFO - utils.trainer -   ***** Running evaluation on test0 dataset *****
04/17/2026 22:44:00 - INFO - utils.trainer -   AUC: 0.49039
04/17/2026 22:44:00 - INFO - utils.trainer -   Accuracy: 0.28025
04/17/2026 22:44:00 - INFO - utils.trainer -   Precision: 0.07006
04/17/2026 22:44:00 - INFO - utils.trainer -   Recall: 0.25000
04/17/2026 22:44:00 - INFO - utils.trainer -   F_score: 0.10945
04/17/2026 22:44:00 - INFO - utils.trainer -   Loss: 115863708.07388
04/17/2026 22:44:00 - INFO - utils.trainer -   Epoch: 139, Train loss: 2.70504, Test loss: 115863708.07388,Epoch time = 16.463s
04/17/2026 22:44:16 - INFO - utils.trainer -   ***** Running evaluation on test0 dataset *****
04/17/2026 22:44:19 - INFO - utils.trainer -   AUC: 0.49872
04/17/2026 22:44:19 - INFO - utils.trainer -   Accuracy: 0.27389
04/17/2026 22:44:19 - INFO - utils.trainer -   Precision: 0.06981
04/17/2026 22:44:19 - INFO - utils.trainer -   Recall: 0.24432
04/17/2026 22:44:19 - INFO - utils.trainer -   F_score: 0.10859
04/17/2026 22:44:19 - INFO - utils.trainer -   Loss: 117410818.48100
04/17/2026 22:44:19 - INFO - utils.trainer -   Epoch: 140, Train loss: 2.70622, Test loss: 117410818.48100,Epoch time = 16.465s
04/17/2026 22:44:35 - INFO - utils.trainer -   ***** Running evaluation on test0 dataset *****
04/17/2026 22:44:38 - INFO - utils.trainer -   AUC: 0.55755
04/17/2026 22:44:38 - INFO - utils.trainer -   Accuracy: 0.27389
04/17/2026 22:44:38 - INFO - utils.trainer -   Precision: 0.06891
04/17/2026 22:44:38 - INFO - utils.trainer -   Recall: 0.24432
04/17/2026 22:44:38 - INFO - utils.trainer -   F_score: 0.10750
04/17/2026 22:44:38 - INFO - utils.trainer -   Loss: 126000552.86905
04/17/2026 22:44:38 - INFO - utils.trainer -   Epoch: 141, Train loss: 2.69693, Test loss: 126000552.86905,Epoch time = 16.377s
04/17/2026 22:44:55 - INFO - utils.trainer -   ***** Running evaluation on test0 dataset *****
04/17/2026 22:44:57 - INFO - utils.trainer -   AUC: 0.47169
04/17/2026 22:44:57 - INFO - utils.trainer -   Accuracy: 0.28025
04/17/2026 22:44:57 - INFO - utils.trainer -   Precision: 0.07051
04/17/2026 22:44:57 - INFO - utils.trainer -   Recall: 0.25000
04/17/2026 22:44:57 - INFO - utils.trainer -   F_score: 0.11000
04/17/2026 22:44:57 - INFO - utils.trainer -   Loss: 141833615.28294
04/17/2026 22:44:57 - INFO - utils.trainer -   Epoch: 142, Train loss: 2.68603, Test loss: 141833615.28294,Epoch time = 16.984s
04/17/2026 22:45:14 - INFO - utils.trainer -   ***** Running evaluation on test0 dataset *****
04/17/2026 22:45:16 - INFO - utils.trainer -   AUC: 0.54100
04/17/2026 22:45:16 - INFO - utils.trainer -   Accuracy: 0.28025
04/17/2026 22:45:16 - INFO - utils.trainer -   Precision: 0.07006
04/17/2026 22:45:16 - INFO - utils.trainer -   Recall: 0.25000
04/17/2026 22:45:16 - INFO - utils.trainer -   F_score: 0.10945
04/17/2026 22:45:16 - INFO - utils.trainer -   Loss: 142388392.86937
04/17/2026 22:45:16 - INFO - utils.trainer -   Epoch: 143, Train loss: 2.70156, Test loss: 142388392.86937,Epoch time = 16.590s
04/17/2026 22:45:33 - INFO - utils.trainer -   ***** Running evaluation on test0 dataset *****
04/17/2026 22:45:35 - INFO - utils.trainer -   AUC: 0.53523
04/17/2026 22:45:35 - INFO - utils.trainer -   Accuracy: 0.28025
04/17/2026 22:45:35 - INFO - utils.trainer -   Precision: 0.13276
04/17/2026 22:45:35 - INFO - utils.trainer -   Recall: 0.25090
04/17/2026 22:45:35 - INFO - utils.trainer -   F_score: 0.12104
04/17/2026 22:45:35 - INFO - utils.trainer -   Loss: 144306293.67266
04/17/2026 22:45:35 - INFO - utils.trainer -   Epoch: 144, Train loss: 2.73091, Test loss: 144306293.67266,Epoch time = 16.557s
04/17/2026 22:45:52 - INFO - utils.trainer -   ***** Running evaluation on test0 dataset *****
04/17/2026 22:45:55 - INFO - utils.trainer -   AUC: 0.54309
04/17/2026 22:45:55 - INFO - utils.trainer -   Accuracy: 0.29299
04/17/2026 22:45:55 - INFO - utils.trainer -   Precision: 0.32097
04/17/2026 22:45:55 - INFO - utils.trainer -   Recall: 0.26316
04/17/2026 22:45:55 - INFO - utils.trainer -   F_score: 0.13555
04/17/2026 22:45:55 - INFO - utils.trainer -   Loss: 164101928.86895
04/17/2026 22:45:55 - INFO - utils.trainer -   Epoch: 145, Train loss: 2.69560, Test loss: 164101928.86895,Epoch time = 16.554s
04/17/2026 22:46:11 - INFO - utils.trainer -   ***** Running evaluation on test0 dataset *****
04/17/2026 22:46:14 - INFO - utils.trainer -   AUC: 0.47381
04/17/2026 22:46:14 - INFO - utils.trainer -   Accuracy: 0.28025
04/17/2026 22:46:14 - INFO - utils.trainer -   Precision: 0.07006
04/17/2026 22:46:14 - INFO - utils.trainer -   Recall: 0.25000
04/17/2026 22:46:14 - INFO - utils.trainer -   F_score: 0.10945
04/17/2026 22:46:14 - INFO - utils.trainer -   Loss: 194663170.48593
04/17/2026 22:46:14 - INFO - utils.trainer -   Epoch: 146, Train loss: 2.70607, Test loss: 194663170.48593,Epoch time = 16.511s
04/17/2026 22:46:30 - INFO - utils.trainer -   ***** Running evaluation on test0 dataset *****
04/17/2026 22:46:33 - INFO - utils.trainer -   AUC: 0.47530
04/17/2026 22:46:33 - INFO - utils.trainer -   Accuracy: 0.28025
04/17/2026 22:46:33 - INFO - utils.trainer -   Precision: 0.07051
04/17/2026 22:46:33 - INFO - utils.trainer -   Recall: 0.25000
04/17/2026 22:46:33 - INFO - utils.trainer -   F_score: 0.11000
04/17/2026 22:46:33 - INFO - utils.trainer -   Loss: 202832693.67782
04/17/2026 22:46:33 - INFO - utils.trainer -   Epoch: 147, Train loss: 2.73605, Test loss: 202832693.67782,Epoch time = 16.652s
04/17/2026 22:46:50 - INFO - utils.trainer -   ***** Running evaluation on test0 dataset *****
04/17/2026 22:46:52 - INFO - utils.trainer -   AUC: 0.45499
04/17/2026 22:46:52 - INFO - utils.trainer -   Accuracy: 0.28025
04/17/2026 22:46:52 - INFO - utils.trainer -   Precision: 0.07006
04/17/2026 22:46:52 - INFO - utils.trainer -   Recall: 0.25000
04/17/2026 22:46:52 - INFO - utils.trainer -   F_score: 0.10945
04/17/2026 22:46:52 - INFO - utils.trainer -   Loss: 209166005.68026
04/17/2026 22:46:52 - INFO - utils.trainer -   Epoch: 148, Train loss: 2.73345, Test loss: 209166005.68026,Epoch time = 16.716s
04/17/2026 22:47:09 - INFO - utils.trainer -   ***** Running evaluation on test0 dataset *****
04/17/2026 22:47:11 - INFO - utils.trainer -   AUC: 0.51123
04/17/2026 22:47:11 - INFO - utils.trainer -   Accuracy: 0.28025
04/17/2026 22:47:11 - INFO - utils.trainer -   Precision: 0.07051
04/17/2026 22:47:11 - INFO - utils.trainer -   Recall: 0.25000
04/17/2026 22:47:11 - INFO - utils.trainer -   F_score: 0.11000
04/17/2026 22:47:11 - INFO - utils.trainer -   Loss: 213747432.87166
04/17/2026 22:47:11 - INFO - utils.trainer -   Epoch: 149, Train loss: 2.74808, Test loss: 213747432.87166,Epoch time = 16.660s
04/17/2026 22:47:28 - INFO - utils.trainer -   ***** Running evaluation on test0 dataset *****
04/17/2026 22:47:31 - INFO - utils.trainer -   AUC: 0.49813
04/17/2026 22:47:31 - INFO - utils.trainer -   Accuracy: 0.27389
04/17/2026 22:47:31 - INFO - utils.trainer -   Precision: 0.06891
04/17/2026 22:47:31 - INFO - utils.trainer -   Recall: 0.24432
04/17/2026 22:47:31 - INFO - utils.trainer -   F_score: 0.10750
04/17/2026 22:47:31 - INFO - utils.trainer -   Loss: 242190415.27515
04/17/2026 22:47:31 - INFO - utils.trainer -   Epoch: 150, Train loss: 2.74865, Test loss: 242190415.27515,Epoch time = 16.491s
04/17/2026 22:47:47 - INFO - utils.trainer -   ***** Running evaluation on test0 dataset *****
04/17/2026 22:47:50 - INFO - utils.trainer -   AUC: 0.48559
04/17/2026 22:47:50 - INFO - utils.trainer -   Accuracy: 0.27389
04/17/2026 22:47:50 - INFO - utils.trainer -   Precision: 0.06981
04/17/2026 22:47:50 - INFO - utils.trainer -   Recall: 0.24432
04/17/2026 22:47:50 - INFO - utils.trainer -   F_score: 0.10859
04/17/2026 22:47:50 - INFO - utils.trainer -   Loss: 342220956.07550
04/17/2026 22:47:50 - INFO - utils.trainer -   Epoch: 151, Train loss: 2.73886, Test loss: 342220956.07550,Epoch time = 16.680s
04/17/2026 22:48:07 - INFO - utils.trainer -   ***** Running evaluation on test0 dataset *****
04/17/2026 22:48:09 - INFO - utils.trainer -   AUC: 0.43245
04/17/2026 22:48:09 - INFO - utils.trainer -   Accuracy: 0.28025
04/17/2026 22:48:09 - INFO - utils.trainer -   Precision: 0.07006
04/17/2026 22:48:09 - INFO - utils.trainer -   Recall: 0.25000
04/17/2026 22:48:09 - INFO - utils.trainer -   F_score: 0.10945
04/17/2026 22:48:09 - INFO - utils.trainer -   Loss: 562690972.08142
04/17/2026 22:48:09 - INFO - utils.trainer -   Epoch: 152, Train loss: 2.91217, Test loss: 562690972.08142,Epoch time = 17.048s
04/17/2026 22:48:26 - INFO - utils.trainer -   ***** Running evaluation on test0 dataset *****
04/17/2026 22:48:28 - INFO - utils.trainer -   AUC: 0.47626
04/17/2026 22:48:28 - INFO - utils.trainer -   Accuracy: 0.28025
04/17/2026 22:48:28 - INFO - utils.trainer -   Precision: 0.07051
04/17/2026 22:48:28 - INFO - utils.trainer -   Recall: 0.25000
04/17/2026 22:48:28 - INFO - utils.trainer -   F_score: 0.11000
04/17/2026 22:48:28 - INFO - utils.trainer -   Loss: -835613079.12277
04/17/2026 22:48:28 - INFO - utils.trainer -   Epoch: 153, Train loss: 6.72873, Test loss: -835613079.12277,Epoch time = 16.428s
04/17/2026 22:48:45 - INFO - utils.trainer -   ***** Running evaluation on test0 dataset *****
04/17/2026 22:48:47 - INFO - utils.trainer -   AUC: 0.54822
04/17/2026 22:48:47 - INFO - utils.trainer -   Accuracy: 0.28662
04/17/2026 22:48:47 - INFO - utils.trainer -   Precision: 0.32051
04/17/2026 22:48:47 - INFO - utils.trainer -   Recall: 0.25658
04/17/2026 22:48:47 - INFO - utils.trainer -   F_score: 0.12282
04/17/2026 22:48:47 - INFO - utils.trainer -   Loss: 536021762.46805
04/17/2026 22:48:47 - INFO - utils.trainer -   Epoch: 154, Train loss: 2.21463, Test loss: 536021762.46805,Epoch time = 16.569s
04/17/2026 22:49:04 - INFO - utils.trainer -   ***** Running evaluation on test0 dataset *****
04/17/2026 22:49:07 - INFO - utils.trainer -   AUC: 0.52596
04/17/2026 22:49:07 - INFO - utils.trainer -   Accuracy: 0.28025
04/17/2026 22:49:07 - INFO - utils.trainer -   Precision: 0.07006
04/17/2026 22:49:07 - INFO - utils.trainer -   Recall: 0.25000
04/17/2026 22:49:07 - INFO - utils.trainer -   F_score: 0.10945
04/17/2026 22:49:07 - INFO - utils.trainer -   Loss: 396994869.66772
04/17/2026 22:49:07 - INFO - utils.trainer -   Epoch: 155, Train loss: 2.88389, Test loss: 396994869.66772,Epoch time = 16.596s
04/17/2026 22:49:23 - INFO - utils.trainer -   ***** Running evaluation on test0 dataset *****
04/17/2026 22:49:26 - INFO - utils.trainer -   AUC: 0.54678
04/17/2026 22:49:26 - INFO - utils.trainer -   Accuracy: 0.28025
04/17/2026 22:49:26 - INFO - utils.trainer -   Precision: 0.07006
04/17/2026 22:49:26 - INFO - utils.trainer -   Recall: 0.25000
04/17/2026 22:49:26 - INFO - utils.trainer -   F_score: 0.10945
04/17/2026 22:49:26 - INFO - utils.trainer -   Loss: 1386953628.06770
04/17/2026 22:49:26 - INFO - utils.trainer -   Epoch: 156, Train loss: 3.06663, Test loss: 1386953628.06770,Epoch time = 16.532s
04/17/2026 22:49:42 - INFO - utils.trainer -   ***** Running evaluation on test0 dataset *****
04/17/2026 22:49:45 - INFO - utils.trainer -   AUC: 0.49704
04/17/2026 22:49:45 - INFO - utils.trainer -   Accuracy: 0.27389
04/17/2026 22:49:45 - INFO - utils.trainer -   Precision: 0.06935
04/17/2026 22:49:45 - INFO - utils.trainer -   Recall: 0.24432
04/17/2026 22:49:45 - INFO - utils.trainer -   F_score: 0.10804
04/17/2026 22:49:45 - INFO - utils.trainer -   Loss: 1359471720.88196
04/17/2026 22:49:45 - INFO - utils.trainer -   Epoch: 157, Train loss: 0.60352, Test loss: 1359471720.88196,Epoch time = 16.590s
04/17/2026 22:50:02 - INFO - utils.trainer -   ***** Running evaluation on test0 dataset *****
04/17/2026 22:50:05 - INFO - utils.trainer -   AUC: 0.50894
04/17/2026 22:50:05 - INFO - utils.trainer -   Accuracy: 0.27389
04/17/2026 22:50:05 - INFO - utils.trainer -   Precision: 0.06935
04/17/2026 22:50:05 - INFO - utils.trainer -   Recall: 0.24432
04/17/2026 22:50:05 - INFO - utils.trainer -   F_score: 0.10804
04/17/2026 22:50:05 - INFO - utils.trainer -   Loss: -264668464.72236
04/17/2026 22:50:05 - INFO - utils.trainer -   Epoch: 158, Train loss: 6.63674, Test loss: -264668464.72236,Epoch time = 17.255s
04/17/2026 22:50:22 - INFO - utils.trainer -   ***** Running evaluation on test0 dataset *****
04/17/2026 22:50:24 - INFO - utils.trainer -   AUC: 0.50724
04/17/2026 22:50:24 - INFO - utils.trainer -   Accuracy: 0.28025
04/17/2026 22:50:24 - INFO - utils.trainer -   Precision: 0.07097
04/17/2026 22:50:24 - INFO - utils.trainer -   Recall: 0.25000
04/17/2026 22:50:24 - INFO - utils.trainer -   F_score: 0.11055
04/17/2026 22:50:24 - INFO - utils.trainer -   Loss: -154889008.72723
04/17/2026 22:50:24 - INFO - utils.trainer -   Epoch: 159, Train loss: 2.75290, Test loss: -154889008.72723,Epoch time = 16.673s
04/17/2026 22:50:41 - INFO - utils.trainer -   ***** Running evaluation on test0 dataset *****
04/17/2026 22:50:43 - INFO - utils.trainer -   AUC: 0.52915
04/17/2026 22:50:43 - INFO - utils.trainer -   Accuracy: 0.28662
04/17/2026 22:50:43 - INFO - utils.trainer -   Precision: 0.32051
04/17/2026 22:50:43 - INFO - utils.trainer -   Recall: 0.25658
04/17/2026 22:50:43 - INFO - utils.trainer -   F_score: 0.12282
04/17/2026 22:50:43 - INFO - utils.trainer -   Loss: -151188400.73117
04/17/2026 22:50:43 - INFO - utils.trainer -   Epoch: 160, Train loss: 2.74098, Test loss: -151188400.73117,Epoch time = 16.407s
04/17/2026 22:51:00 - INFO - utils.trainer -   ***** Running evaluation on test0 dataset *****
04/17/2026 22:51:03 - INFO - utils.trainer -   AUC: 0.49048
04/17/2026 22:51:03 - INFO - utils.trainer -   Accuracy: 0.27389
04/17/2026 22:51:03 - INFO - utils.trainer -   Precision: 0.06935
04/17/2026 22:51:03 - INFO - utils.trainer -   Recall: 0.24432
04/17/2026 22:51:03 - INFO - utils.trainer -   F_score: 0.10804
04/17/2026 22:51:03 - INFO - utils.trainer -   Loss: -162469719.12129
04/17/2026 22:51:03 - INFO - utils.trainer -   Epoch: 161, Train loss: 2.76137, Test loss: -162469719.12129,Epoch time = 16.856s
04/17/2026 22:51:19 - INFO - utils.trainer -   ***** Running evaluation on test0 dataset *****
04/17/2026 22:51:22 - INFO - utils.trainer -   AUC: 0.56364
04/17/2026 22:51:22 - INFO - utils.trainer -   Accuracy: 0.28025
04/17/2026 22:51:22 - INFO - utils.trainer -   Precision: 0.19333
04/17/2026 22:51:22 - INFO - utils.trainer -   Recall: 0.25269
04/17/2026 22:51:22 - INFO - utils.trainer -   F_score: 0.13976
04/17/2026 22:51:22 - INFO - utils.trainer -   Loss: -160341258.33575
04/17/2026 22:51:22 - INFO - utils.trainer -   Epoch: 162, Train loss: 2.75838, Test loss: -160341258.33575,Epoch time = 16.467s
04/17/2026 22:51:38 - INFO - utils.trainer -   ***** Running evaluation on test0 dataset *****
04/17/2026 22:51:41 - INFO - utils.trainer -   AUC: 0.51506
04/17/2026 22:51:41 - INFO - utils.trainer -   Accuracy: 0.27389
04/17/2026 22:51:41 - INFO - utils.trainer -   Precision: 0.06891
04/17/2026 22:51:41 - INFO - utils.trainer -   Recall: 0.24432
04/17/2026 22:51:41 - INFO - utils.trainer -   F_score: 0.10750
04/17/2026 22:51:41 - INFO - utils.trainer -   Loss: -175491594.32519
04/17/2026 22:51:41 - INFO - utils.trainer -   Epoch: 163, Train loss: 2.69715, Test loss: -175491594.32519,Epoch time = 16.631s
04/17/2026 22:51:57 - INFO - utils.trainer -   ***** Running evaluation on test0 dataset *****
04/17/2026 22:52:00 - INFO - utils.trainer -   AUC: 0.53636
04/17/2026 22:52:00 - INFO - utils.trainer -   Accuracy: 0.28025
04/17/2026 22:52:00 - INFO - utils.trainer -   Precision: 0.07051
04/17/2026 22:52:00 - INFO - utils.trainer -   Recall: 0.25000
04/17/2026 22:52:00 - INFO - utils.trainer -   F_score: 0.11000
04/17/2026 22:52:00 - INFO - utils.trainer -   Loss: -179271536.73555
04/17/2026 22:52:00 - INFO - utils.trainer -   Epoch: 164, Train loss: 2.77732, Test loss: -179271536.73555,Epoch time = 16.401s
04/17/2026 22:52:16 - INFO - utils.trainer -   ***** Running evaluation on test0 dataset *****
04/17/2026 22:52:19 - INFO - utils.trainer -   AUC: 0.49990
04/17/2026 22:52:19 - INFO - utils.trainer -   Accuracy: 0.27389
04/17/2026 22:52:19 - INFO - utils.trainer -   Precision: 0.06891
04/17/2026 22:52:19 - INFO - utils.trainer -   Recall: 0.24432
04/17/2026 22:52:19 - INFO - utils.trainer -   F_score: 0.10750
04/17/2026 22:52:19 - INFO - utils.trainer -   Loss: -155881251.92714
04/17/2026 22:52:19 - INFO - utils.trainer -   Epoch: 165, Train loss: 2.73467, Test loss: -155881251.92714,Epoch time = 16.281s
04/17/2026 22:52:35 - INFO - utils.trainer -   ***** Running evaluation on test0 dataset *****
04/17/2026 22:52:38 - INFO - utils.trainer -   AUC: 0.48309
04/17/2026 22:52:38 - INFO - utils.trainer -   Accuracy: 0.26752
04/17/2026 22:52:38 - INFO - utils.trainer -   Precision: 0.06774
04/17/2026 22:52:38 - INFO - utils.trainer -   Recall: 0.23864
04/17/2026 22:52:38 - INFO - utils.trainer -   F_score: 0.10553
04/17/2026 22:52:38 - INFO - utils.trainer -   Loss: -191912445.50411
04/17/2026 22:52:38 - INFO - utils.trainer -   Epoch: 166, Train loss: 2.70456, Test loss: -191912445.50411,Epoch time = 16.428s
04/17/2026 22:52:54 - INFO - utils.trainer -   ***** Running evaluation on test0 dataset *****
04/17/2026 22:52:57 - INFO - utils.trainer -   AUC: 0.50596
04/17/2026 22:52:57 - INFO - utils.trainer -   Accuracy: 0.28662
04/17/2026 22:52:57 - INFO - utils.trainer -   Precision: 0.32097
04/17/2026 22:52:57 - INFO - utils.trainer -   Recall: 0.25658
04/17/2026 22:52:57 - INFO - utils.trainer -   F_score: 0.12337
04/17/2026 22:52:57 - INFO - utils.trainer -   Loss: -274064151.12796
04/17/2026 22:52:57 - INFO - utils.trainer -   Epoch: 167, Train loss: 2.69580, Test loss: -274064151.12796,Epoch time = 16.530s
04/17/2026 22:53:13 - INFO - utils.trainer -   ***** Running evaluation on test0 dataset *****
04/17/2026 22:53:16 - INFO - utils.trainer -   AUC: 0.51647
04/17/2026 22:53:16 - INFO - utils.trainer -   Accuracy: 0.28025
04/17/2026 22:53:16 - INFO - utils.trainer -   Precision: 0.07051
04/17/2026 22:53:16 - INFO - utils.trainer -   Recall: 0.25000
04/17/2026 22:53:16 - INFO - utils.trainer -   F_score: 0.11000
04/17/2026 22:53:16 - INFO - utils.trainer -   Loss: -245773847.13039
04/17/2026 22:53:16 - INFO - utils.trainer -   Epoch: 168, Train loss: 2.69231, Test loss: -245773847.13039,Epoch time = 16.425s
04/17/2026 22:53:32 - INFO - utils.trainer -   ***** Running evaluation on test0 dataset *****
04/17/2026 22:53:35 - INFO - utils.trainer -   AUC: 0.56300
04/17/2026 22:53:35 - INFO - utils.trainer -   Accuracy: 0.28662
04/17/2026 22:53:35 - INFO - utils.trainer -   Precision: 0.19597
04/17/2026 22:53:35 - INFO - utils.trainer -   Recall: 0.25658
04/17/2026 22:53:35 - INFO - utils.trainer -   F_score: 0.12305
04/17/2026 22:53:35 - INFO - utils.trainer -   Loss: -188100643.93484
04/17/2026 22:53:35 - INFO - utils.trainer -   Epoch: 169, Train loss: 2.71473, Test loss: -188100643.93484,Epoch time = 16.671s
04/17/2026 22:53:51 - INFO - utils.trainer -   ***** Running evaluation on test0 dataset *****
04/17/2026 22:53:54 - INFO - utils.trainer -   AUC: 0.51698
04/17/2026 22:53:54 - INFO - utils.trainer -   Accuracy: 0.28025
04/17/2026 22:53:54 - INFO - utils.trainer -   Precision: 0.07006
04/17/2026 22:53:54 - INFO - utils.trainer -   Recall: 0.25000
04/17/2026 22:53:54 - INFO - utils.trainer -   F_score: 0.10945
04/17/2026 22:53:54 - INFO - utils.trainer -   Loss: -227681917.53925
04/17/2026 22:53:54 - INFO - utils.trainer -   Epoch: 170, Train loss: 2.73393, Test loss: -227681917.53925,Epoch time = 16.271s
04/17/2026 22:54:10 - INFO - utils.trainer -   ***** Running evaluation on test0 dataset *****
04/17/2026 22:54:13 - INFO - utils.trainer -   AUC: 0.52638
04/17/2026 22:54:13 - INFO - utils.trainer -   Accuracy: 0.26752
04/17/2026 22:54:13 - INFO - utils.trainer -   Precision: 0.06774
04/17/2026 22:54:13 - INFO - utils.trainer -   Recall: 0.23864
04/17/2026 22:54:13 - INFO - utils.trainer -   F_score: 0.10553
04/17/2026 22:54:13 - INFO - utils.trainer -   Loss: -267233943.12107
04/17/2026 22:54:13 - INFO - utils.trainer -   Epoch: 171, Train loss: 2.72709, Test loss: -267233943.12107,Epoch time = 16.433s
04/17/2026 22:54:29 - INFO - utils.trainer -   ***** Running evaluation on test0 dataset *****
04/17/2026 22:54:32 - INFO - utils.trainer -   AUC: 0.51197
04/17/2026 22:54:32 - INFO - utils.trainer -   Accuracy: 0.28025
04/17/2026 22:54:32 - INFO - utils.trainer -   Precision: 0.07006
04/17/2026 22:54:32 - INFO - utils.trainer -   Recall: 0.25000
04/17/2026 22:54:32 - INFO - utils.trainer -   F_score: 0.10945
04/17/2026 22:54:32 - INFO - utils.trainer -   Loss: -189560240.72510
04/17/2026 22:54:32 - INFO - utils.trainer -   Epoch: 172, Train loss: 2.75431, Test loss: -189560240.72510,Epoch time = 16.359s
04/17/2026 22:54:48 - INFO - utils.trainer -   ***** Running evaluation on test0 dataset *****
04/17/2026 22:54:51 - INFO - utils.trainer -   AUC: 0.49610
04/17/2026 22:54:51 - INFO - utils.trainer -   Accuracy: 0.27389
04/17/2026 22:54:51 - INFO - utils.trainer -   Precision: 0.06935
04/17/2026 22:54:51 - INFO - utils.trainer -   Recall: 0.24432
04/17/2026 22:54:51 - INFO - utils.trainer -   F_score: 0.10804
04/17/2026 22:54:51 - INFO - utils.trainer -   Loss: -190222461.52900
04/17/2026 22:54:51 - INFO - utils.trainer -   Epoch: 173, Train loss: 2.72959, Test loss: -190222461.52900,Epoch time = 16.543s
04/17/2026 22:55:07 - INFO - utils.trainer -   ***** Running evaluation on test0 dataset *****
04/17/2026 22:55:10 - INFO - utils.trainer -   AUC: 0.49807
04/17/2026 22:55:10 - INFO - utils.trainer -   Accuracy: 0.28025
04/17/2026 22:55:10 - INFO - utils.trainer -   Precision: 0.07051
04/17/2026 22:55:10 - INFO - utils.trainer -   Recall: 0.25000
04/17/2026 22:55:10 - INFO - utils.trainer -   F_score: 0.11000
04/17/2026 22:55:10 - INFO - utils.trainer -   Loss: -237745943.12748
04/17/2026 22:55:10 - INFO - utils.trainer -   Epoch: 174, Train loss: 2.71091, Test loss: -237745943.12748,Epoch time = 16.477s
04/17/2026 22:55:26 - INFO - utils.trainer -   ***** Running evaluation on test0 dataset *****
04/17/2026 22:55:29 - INFO - utils.trainer -   AUC: 0.53768
04/17/2026 22:55:29 - INFO - utils.trainer -   Accuracy: 0.28025
04/17/2026 22:55:29 - INFO - utils.trainer -   Precision: 0.07006
04/17/2026 22:55:29 - INFO - utils.trainer -   Recall: 0.25000
04/17/2026 22:55:29 - INFO - utils.trainer -   F_score: 0.10945
04/17/2026 22:55:29 - INFO - utils.trainer -   Loss: -220489111.15092
04/17/2026 22:55:29 - INFO - utils.trainer -   Epoch: 175, Train loss: 2.72129, Test loss: -220489111.15092,Epoch time = 16.585s
04/17/2026 22:55:45 - INFO - utils.trainer -   ***** Running evaluation on test0 dataset *****
04/17/2026 22:55:48 - INFO - utils.trainer -   AUC: 0.52402
04/17/2026 22:55:48 - INFO - utils.trainer -   Accuracy: 0.28662
04/17/2026 22:55:48 - INFO - utils.trainer -   Precision: 0.31954
04/17/2026 22:55:48 - INFO - utils.trainer -   Recall: 0.25837
04/17/2026 22:55:48 - INFO - utils.trainer -   F_score: 0.14400
04/17/2026 22:55:48 - INFO - utils.trainer -   Loss: -165511741.53093
04/17/2026 22:55:48 - INFO - utils.trainer -   Epoch: 176, Train loss: 2.81418, Test loss: -165511741.53093,Epoch time = 16.463s
04/17/2026 22:56:05 - INFO - utils.trainer -   ***** Running evaluation on test0 dataset *****
04/17/2026 22:56:07 - INFO - utils.trainer -   AUC: 0.52063
04/17/2026 22:56:07 - INFO - utils.trainer -   Accuracy: 0.28662
04/17/2026 22:56:07 - INFO - utils.trainer -   Precision: 0.15476
04/17/2026 22:56:07 - INFO - utils.trainer -   Recall: 0.25658
04/17/2026 22:56:07 - INFO - utils.trainer -   F_score: 0.12331
04/17/2026 22:56:07 - INFO - utils.trainer -   Loss: -246304099.93423
04/17/2026 22:56:08 - INFO - utils.trainer -   Epoch: 177, Train loss: 2.75872, Test loss: -246304099.93423,Epoch time = 16.686s
04/17/2026 22:56:24 - INFO - utils.trainer -   ***** Running evaluation on test0 dataset *****
04/17/2026 22:56:27 - INFO - utils.trainer -   AUC: 0.49670
04/17/2026 22:56:27 - INFO - utils.trainer -   Accuracy: 0.24841
04/17/2026 22:56:27 - INFO - utils.trainer -   Precision: 0.22048
04/17/2026 22:56:27 - INFO - utils.trainer -   Recall: 0.23917
04/17/2026 22:56:27 - INFO - utils.trainer -   F_score: 0.20514
04/17/2026 22:56:27 - INFO - utils.trainer -   Loss: -210665226.25609
04/17/2026 22:56:27 - INFO - utils.trainer -   Epoch: 178, Train loss: 2.70817, Test loss: -210665226.25609,Epoch time = 16.587s
04/17/2026 22:56:44 - INFO - utils.trainer -   ***** Running evaluation on test0 dataset *****
04/17/2026 22:56:47 - INFO - utils.trainer -   AUC: 0.51694
04/17/2026 22:56:47 - INFO - utils.trainer -   Accuracy: 0.28025
04/17/2026 22:56:47 - INFO - utils.trainer -   Precision: 0.07006
04/17/2026 22:56:47 - INFO - utils.trainer -   Recall: 0.25000
04/17/2026 22:56:47 - INFO - utils.trainer -   F_score: 0.10945
04/17/2026 22:56:47 - INFO - utils.trainer -   Loss: -185381475.91995
04/17/2026 22:56:47 - INFO - utils.trainer -   Epoch: 179, Train loss: 2.74119, Test loss: -185381475.91995,Epoch time = 17.142s
04/17/2026 22:57:03 - INFO - utils.trainer -   ***** Running evaluation on test0 dataset *****
04/17/2026 22:57:06 - INFO - utils.trainer -   AUC: 0.57190
04/17/2026 22:57:06 - INFO - utils.trainer -   Accuracy: 0.28025
04/17/2026 22:57:06 - INFO - utils.trainer -   Precision: 0.07006
04/17/2026 22:57:06 - INFO - utils.trainer -   Recall: 0.25000
04/17/2026 22:57:06 - INFO - utils.trainer -   F_score: 0.10945
04/17/2026 22:57:06 - INFO - utils.trainer -   Loss: -270864509.55821
04/17/2026 22:57:06 - INFO - utils.trainer -   Epoch: 180, Train loss: 2.75854, Test loss: -270864509.55821,Epoch time = 16.633s
04/17/2026 22:57:23 - INFO - utils.trainer -   ***** Running evaluation on test0 dataset *****
04/17/2026 22:57:25 - INFO - utils.trainer -   AUC: 0.56396
04/17/2026 22:57:25 - INFO - utils.trainer -   Accuracy: 0.27389
04/17/2026 22:57:25 - INFO - utils.trainer -   Precision: 0.06891
04/17/2026 22:57:25 - INFO - utils.trainer -   Recall: 0.24432
04/17/2026 22:57:25 - INFO - utils.trainer -   F_score: 0.10750
04/17/2026 22:57:25 - INFO - utils.trainer -   Loss: -201821923.94063
04/17/2026 22:57:25 - INFO - utils.trainer -   Epoch: 181, Train loss: 2.72562, Test loss: -201821923.94063,Epoch time = 16.831s
04/17/2026 22:57:43 - INFO - utils.trainer -   ***** Running evaluation on test0 dataset *****
04/17/2026 22:57:45 - INFO - utils.trainer -   AUC: 0.51638
04/17/2026 22:57:45 - INFO - utils.trainer -   Accuracy: 0.29299
04/17/2026 22:57:45 - INFO - utils.trainer -   Precision: 0.32190
04/17/2026 22:57:45 - INFO - utils.trainer -   Recall: 0.26316
04/17/2026 22:57:45 - INFO - utils.trainer -   F_score: 0.13668
04/17/2026 22:57:45 - INFO - utils.trainer -   Loss: -337742512.74943
04/17/2026 22:57:45 - INFO - utils.trainer -   Epoch: 182, Train loss: 2.80156, Test loss: -337742512.74943,Epoch time = 17.361s
04/17/2026 22:58:02 - INFO - utils.trainer -   ***** Running evaluation on test0 dataset *****
04/17/2026 22:58:05 - INFO - utils.trainer -   AUC: 0.53936
04/17/2026 22:58:05 - INFO - utils.trainer -   Accuracy: 0.26115
04/17/2026 22:58:05 - INFO - utils.trainer -   Precision: 0.06699
04/17/2026 22:58:05 - INFO - utils.trainer -   Recall: 0.23295
04/17/2026 22:58:05 - INFO - utils.trainer -   F_score: 0.10406
04/17/2026 22:58:05 - INFO - utils.trainer -   Loss: -279984842.33856
04/17/2026 22:58:05 - INFO - utils.trainer -   Epoch: 183, Train loss: 2.79249, Test loss: -279984842.33856,Epoch time = 16.841s
04/17/2026 22:58:22 - INFO - utils.trainer -   ***** Running evaluation on test0 dataset *****
04/17/2026 22:58:24 - INFO - utils.trainer -   AUC: 0.52906
04/17/2026 22:58:24 - INFO - utils.trainer -   Accuracy: 0.28025
04/17/2026 22:58:24 - INFO - utils.trainer -   Precision: 0.28151
04/17/2026 22:58:24 - INFO - utils.trainer -   Recall: 0.25753
04/17/2026 22:58:24 - INFO - utils.trainer -   F_score: 0.18510
04/17/2026 22:58:24 - INFO - utils.trainer -   Loss: -162869898.33357
04/17/2026 22:58:24 - INFO - utils.trainer -   Epoch: 184, Train loss: 2.76886, Test loss: -162869898.33357,Epoch time = 16.571s
04/17/2026 22:58:41 - INFO - utils.trainer -   ***** Running evaluation on test0 dataset *****
04/17/2026 22:58:43 - INFO - utils.trainer -   AUC: 0.48887
04/17/2026 22:58:43 - INFO - utils.trainer -   Accuracy: 0.26115
04/17/2026 22:58:43 - INFO - utils.trainer -   Precision: 0.11678
04/17/2026 22:58:43 - INFO - utils.trainer -   Recall: 0.23475
04/17/2026 22:58:43 - INFO - utils.trainer -   F_score: 0.12346
04/17/2026 22:58:43 - INFO - utils.trainer -   Loss: -270352944.73843
04/17/2026 22:58:43 - INFO - utils.trainer -   Epoch: 185, Train loss: 2.78599, Test loss: -270352944.73843,Epoch time = 16.528s
04/17/2026 22:59:00 - INFO - utils.trainer -   ***** Running evaluation on test0 dataset *****
04/17/2026 22:59:02 - INFO - utils.trainer -   AUC: 0.54613
04/17/2026 22:59:02 - INFO - utils.trainer -   Accuracy: 0.27389
04/17/2026 22:59:02 - INFO - utils.trainer -   Precision: 0.06891
04/17/2026 22:59:02 - INFO - utils.trainer -   Recall: 0.24432
04/17/2026 22:59:02 - INFO - utils.trainer -   F_score: 0.10750
04/17/2026 22:59:02 - INFO - utils.trainer -   Loss: -218186339.94075
04/17/2026 22:59:02 - INFO - utils.trainer -   Epoch: 186, Train loss: 2.70599, Test loss: -218186339.94075,Epoch time = 16.642s
04/17/2026 22:59:19 - INFO - utils.trainer -   ***** Running evaluation on test0 dataset *****
04/17/2026 22:59:22 - INFO - utils.trainer -   AUC: 0.51356
04/17/2026 22:59:22 - INFO - utils.trainer -   Accuracy: 0.27389
04/17/2026 22:59:22 - INFO - utils.trainer -   Precision: 0.06891
04/17/2026 22:59:22 - INFO - utils.trainer -   Recall: 0.24432
04/17/2026 22:59:22 - INFO - utils.trainer -   F_score: 0.10750
04/17/2026 22:59:22 - INFO - utils.trainer -   Loss: -212086154.31855
04/17/2026 22:59:22 - INFO - utils.trainer -   Epoch: 187, Train loss: 2.72637, Test loss: -212086154.31855,Epoch time = 16.822s
04/17/2026 22:59:39 - INFO - utils.trainer -   ***** Running evaluation on test0 dataset *****
04/17/2026 22:59:41 - INFO - utils.trainer -   AUC: 0.51335
04/17/2026 22:59:41 - INFO - utils.trainer -   Accuracy: 0.28025
04/17/2026 22:59:41 - INFO - utils.trainer -   Precision: 0.31935
04/17/2026 22:59:41 - INFO - utils.trainer -   Recall: 0.25090
04/17/2026 22:59:41 - INFO - utils.trainer -   F_score: 0.12086
04/17/2026 22:59:41 - INFO - utils.trainer -   Loss: -459024279.12729
04/17/2026 22:59:41 - INFO - utils.trainer -   Epoch: 188, Train loss: 2.72173, Test loss: -459024279.12729,Epoch time = 16.795s
04/17/2026 22:59:58 - INFO - utils.trainer -   ***** Running evaluation on test0 dataset *****
04/17/2026 23:00:00 - INFO - utils.trainer -   AUC: 0.48767
04/17/2026 23:00:00 - INFO - utils.trainer -   Accuracy: 0.28025
04/17/2026 23:00:00 - INFO - utils.trainer -   Precision: 0.25797
04/17/2026 23:00:00 - INFO - utils.trainer -   Recall: 0.25179
04/17/2026 23:00:00 - INFO - utils.trainer -   F_score: 0.13321
04/17/2026 23:00:00 - INFO - utils.trainer -   Loss: -296352253.53700
04/17/2026 23:00:00 - INFO - utils.trainer -   Epoch: 189, Train loss: 2.86583, Test loss: -296352253.53700,Epoch time = 16.618s
04/17/2026 23:00:18 - INFO - utils.trainer -   ***** Running evaluation on test0 dataset *****
04/17/2026 23:00:20 - INFO - utils.trainer -   AUC: 0.53289
04/17/2026 23:00:20 - INFO - utils.trainer -   Accuracy: 0.26752
04/17/2026 23:00:20 - INFO - utils.trainer -   Precision: 0.23389
04/17/2026 23:00:20 - INFO - utils.trainer -   Recall: 0.24761
04/17/2026 23:00:20 - INFO - utils.trainer -   F_score: 0.18024
04/17/2026 23:00:20 - INFO - utils.trainer -   Loss: -205383447.13800
04/17/2026 23:00:20 - INFO - utils.trainer -   Epoch: 190, Train loss: 2.82806, Test loss: -205383447.13800,Epoch time = 17.186s
04/17/2026 23:00:37 - INFO - utils.trainer -   ***** Running evaluation on test0 dataset *****
04/17/2026 23:00:40 - INFO - utils.trainer -   AUC: 0.52641
04/17/2026 23:00:40 - INFO - utils.trainer -   Accuracy: 0.29936
04/17/2026 23:00:40 - INFO - utils.trainer -   Precision: 0.23496
04/17/2026 23:00:40 - INFO - utils.trainer -   Recall: 0.27333
04/17/2026 23:00:40 - INFO - utils.trainer -   F_score: 0.17840
04/17/2026 23:00:40 - INFO - utils.trainer -   Loss: -192586941.54513
04/17/2026 23:00:40 - INFO - utils.trainer -   Epoch: 191, Train loss: 2.84995, Test loss: -192586941.54513,Epoch time = 16.698s
04/17/2026 23:00:57 - INFO - utils.trainer -   ***** Running evaluation on test0 dataset *****
04/17/2026 23:00:59 - INFO - utils.trainer -   AUC: 0.52163
04/17/2026 23:00:59 - INFO - utils.trainer -   Accuracy: 0.28662
04/17/2026 23:00:59 - INFO - utils.trainer -   Precision: 0.19619
04/17/2026 23:00:59 - INFO - utils.trainer -   Recall: 0.25748
04/17/2026 23:00:59 - INFO - utils.trainer -   F_score: 0.13407
04/17/2026 23:00:59 - INFO - utils.trainer -   Loss: -680634058.33590
04/17/2026 23:00:59 - INFO - utils.trainer -   Epoch: 192, Train loss: 2.80040, Test loss: -680634058.33590,Epoch time = 16.935s
04/17/2026 23:01:16 - INFO - utils.trainer -   ***** Running evaluation on test0 dataset *****
04/17/2026 23:01:19 - INFO - utils.trainer -   AUC: 0.53052
04/17/2026 23:01:19 - INFO - utils.trainer -   Accuracy: 0.28662
04/17/2026 23:01:19 - INFO - utils.trainer -   Precision: 0.15523
04/17/2026 23:01:19 - INFO - utils.trainer -   Recall: 0.25658
04/17/2026 23:01:19 - INFO - utils.trainer -   F_score: 0.12387
04/17/2026 23:01:19 - INFO - utils.trainer -   Loss: -284322045.54354
04/17/2026 23:01:19 - INFO - utils.trainer -   Epoch: 193, Train loss: 2.78441, Test loss: -284322045.54354,Epoch time = 16.764s
04/17/2026 23:01:36 - INFO - utils.trainer -   ***** Running evaluation on test0 dataset *****
04/17/2026 23:01:38 - INFO - utils.trainer -   AUC: 0.53009
04/17/2026 23:01:38 - INFO - utils.trainer -   Accuracy: 0.29299
04/17/2026 23:01:38 - INFO - utils.trainer -   Precision: 0.17952
04/17/2026 23:01:38 - INFO - utils.trainer -   Recall: 0.26764
04/17/2026 23:01:38 - INFO - utils.trainer -   F_score: 0.17137
04/17/2026 23:01:38 - INFO - utils.trainer -   Loss: -304990845.56615
04/17/2026 23:01:38 - INFO - utils.trainer -   Epoch: 194, Train loss: 2.74573, Test loss: -304990845.56615,Epoch time = 17.013s
04/17/2026 23:01:55 - INFO - utils.trainer -   ***** Running evaluation on test0 dataset *****
04/17/2026 23:01:58 - INFO - utils.trainer -   AUC: 0.51856
04/17/2026 23:01:58 - INFO - utils.trainer -   Accuracy: 0.27389
04/17/2026 23:01:58 - INFO - utils.trainer -   Precision: 0.18527
04/17/2026 23:01:58 - INFO - utils.trainer -   Recall: 0.24629
04/17/2026 23:01:58 - INFO - utils.trainer -   F_score: 0.13184
04/17/2026 23:01:58 - INFO - utils.trainer -   Loss: -233715197.52222
04/17/2026 23:01:58 - INFO - utils.trainer -   Epoch: 195, Train loss: 2.77526, Test loss: -233715197.52222,Epoch time = 16.811s
04/17/2026 23:02:14 - INFO - utils.trainer -   ***** Running evaluation on test0 dataset *****
04/17/2026 23:02:17 - INFO - utils.trainer -   AUC: 0.50304
04/17/2026 23:02:17 - INFO - utils.trainer -   Accuracy: 0.26115
04/17/2026 23:02:17 - INFO - utils.trainer -   Precision: 0.16913
04/17/2026 23:02:17 - INFO - utils.trainer -   Recall: 0.23923
04/17/2026 23:02:17 - INFO - utils.trainer -   F_score: 0.15898
04/17/2026 23:02:17 - INFO - utils.trainer -   Loss: -281260234.32511
04/17/2026 23:02:17 - INFO - utils.trainer -   Epoch: 196, Train loss: 2.95316, Test loss: -281260234.32511,Epoch time = 16.690s
04/17/2026 23:02:34 - INFO - utils.trainer -   ***** Running evaluation on test0 dataset *****
04/17/2026 23:02:36 - INFO - utils.trainer -   AUC: 0.53495
04/17/2026 23:02:36 - INFO - utils.trainer -   Accuracy: 0.26115
04/17/2026 23:02:36 - INFO - utils.trainer -   Precision: 0.14548
04/17/2026 23:02:36 - INFO - utils.trainer -   Recall: 0.24013
04/17/2026 23:02:36 - INFO - utils.trainer -   F_score: 0.16055
04/17/2026 23:02:36 - INFO - utils.trainer -   Loss: -207274979.93670
04/17/2026 23:02:36 - INFO - utils.trainer -   Epoch: 197, Train loss: 2.71616, Test loss: -207274979.93670,Epoch time = 16.791s
04/17/2026 23:02:53 - INFO - utils.trainer -   ***** Running evaluation on test0 dataset *****
04/17/2026 23:02:56 - INFO - utils.trainer -   AUC: 0.52631
04/17/2026 23:02:56 - INFO - utils.trainer -   Accuracy: 0.28025
04/17/2026 23:02:56 - INFO - utils.trainer -   Precision: 0.23485
04/17/2026 23:02:56 - INFO - utils.trainer -   Recall: 0.26525
04/17/2026 23:02:56 - INFO - utils.trainer -   F_score: 0.20749
04/17/2026 23:02:56 - INFO - utils.trainer -   Loss: -297962211.92772
04/17/2026 23:02:56 - INFO - utils.trainer -   Epoch: 198, Train loss: 2.81228, Test loss: -297962211.92772,Epoch time = 16.806s
04/17/2026 23:03:12 - INFO - utils.trainer -   ***** Running evaluation on test0 dataset *****
04/17/2026 23:03:15 - INFO - utils.trainer -   AUC: 0.52817
04/17/2026 23:03:15 - INFO - utils.trainer -   Accuracy: 0.27389
04/17/2026 23:03:15 - INFO - utils.trainer -   Precision: 0.14204
04/17/2026 23:03:15 - INFO - utils.trainer -   Recall: 0.24970
04/17/2026 23:03:15 - INFO - utils.trainer -   F_score: 0.15656
04/17/2026 23:03:15 - INFO - utils.trainer -   Loss: -291068362.33214
04/17/2026 23:03:15 - INFO - utils.trainer -   Epoch: 199, Train loss: 3.01372, Test loss: -291068362.33214,Epoch time = 16.705s
04/17/2026 23:03:32 - INFO - utils.trainer -   ***** Running evaluation on test0 dataset *****
04/17/2026 23:03:35 - INFO - utils.trainer -   AUC: 0.55548
04/17/2026 23:03:35 - INFO - utils.trainer -   Accuracy: 0.28662
04/17/2026 23:03:35 - INFO - utils.trainer -   Precision: 0.41844
04/17/2026 23:03:35 - INFO - utils.trainer -   Recall: 0.26573
04/17/2026 23:03:35 - INFO - utils.trainer -   F_score: 0.20843
04/17/2026 23:03:35 - INFO - utils.trainer -   Loss: -257273827.93327
04/17/2026 23:03:35 - INFO - utils.trainer -   Epoch: 200, Train loss: 3.01815, Test loss: -257273827.93327,Epoch time = 17.377s
04/17/2026 23:03:41 - INFO - __main__ -   ########## Repeat:1 ##########
04/17/2026 23:03:41 - INFO - utils.trainer -   ***** Running training *****
04/17/2026 23:03:41 - INFO - utils.trainer -     Num examples = 19
04/17/2026 23:03:41 - INFO - utils.trainer -     Num Epochs = 200
04/17/2026 23:03:41 - INFO - utils.trainer -     Total train batch size = 16
04/17/2026 23:03:41 - INFO - utils.trainer -     warmup steps = 400
04/17/2026 23:03:41 - INFO - utils.trainer -     Total optimization steps = 3800
04/17/2026 23:03:41 - INFO - utils.trainer -     Save steps = 200
04/17/2026 23:03:41 - INFO - root -   Parameters [normal] length [84]
04/17/2026 23:03:51 - INFO - utils.trainer -   ***** Running evaluation on test1 dataset *****
04/17/2026 23:03:54 - INFO - utils.trainer -   AUC: 0.52200
04/17/2026 23:03:54 - INFO - utils.trainer -   Accuracy: 0.31847
04/17/2026 23:03:54 - INFO - utils.trainer -   Precision: 0.30850
04/17/2026 23:03:54 - INFO - utils.trainer -   Recall: 0.30341
04/17/2026 23:03:54 - INFO - utils.trainer -   F_score: 0.27871
04/17/2026 23:03:54 - INFO - utils.trainer -   Loss: 2.75442
04/17/2026 23:03:54 - INFO - utils.trainer -   Saving model checkpoint to output_dir/SrCVIB
04/17/2026 23:03:54 - INFO - utils.trainer -   Epoch: 1, Train loss: 11.84668, Test loss: 2.75442,Epoch time = 10.220s
04/17/2026 23:04:10 - INFO - utils.trainer -   ***** Running evaluation on test1 dataset *****
04/17/2026 23:04:12 - INFO - utils.trainer -   AUC: 0.55151
04/17/2026 23:04:12 - INFO - utils.trainer -   Accuracy: 0.24841
04/17/2026 23:04:12 - INFO - utils.trainer -   Precision: 0.23907
04/17/2026 23:04:12 - INFO - utils.trainer -   Recall: 0.25275
04/17/2026 23:04:12 - INFO - utils.trainer -   F_score: 0.23832
04/17/2026 23:04:12 - INFO - utils.trainer -   Loss: 2.73733
04/17/2026 23:04:12 - INFO - utils.trainer -   Epoch: 2, Train loss: 2.83139, Test loss: 2.73733,Epoch time = 16.352s
04/17/2026 23:04:29 - INFO - utils.trainer -   ***** Running evaluation on test1 dataset *****
04/17/2026 23:04:31 - INFO - utils.trainer -   AUC: 0.47037
04/17/2026 23:04:31 - INFO - utils.trainer -   Accuracy: 0.22930
04/17/2026 23:04:31 - INFO - utils.trainer -   Precision: 0.19547
04/17/2026 23:04:31 - INFO - utils.trainer -   Recall: 0.21717
04/17/2026 23:04:31 - INFO - utils.trainer -   F_score: 0.18755
04/17/2026 23:04:31 - INFO - utils.trainer -   Loss: 2.75887
04/17/2026 23:04:31 - INFO - utils.trainer -   Epoch: 3, Train loss: 2.83731, Test loss: 2.75887,Epoch time = 16.171s
04/17/2026 23:04:48 - INFO - utils.trainer -   ***** Running evaluation on test1 dataset *****
04/17/2026 23:04:50 - INFO - utils.trainer -   AUC: 0.47557
04/17/2026 23:04:50 - INFO - utils.trainer -   Accuracy: 0.23567
04/17/2026 23:04:50 - INFO - utils.trainer -   Precision: 0.22551
04/17/2026 23:04:50 - INFO - utils.trainer -   Recall: 0.23465
04/17/2026 23:04:50 - INFO - utils.trainer -   F_score: 0.21848
04/17/2026 23:04:50 - INFO - utils.trainer -   Loss: 2.75331
04/17/2026 23:04:50 - INFO - utils.trainer -   Epoch: 4, Train loss: 2.80514, Test loss: 2.75331,Epoch time = 16.682s
04/17/2026 23:05:07 - INFO - utils.trainer -   ***** Running evaluation on test1 dataset *****
04/17/2026 23:05:10 - INFO - utils.trainer -   AUC: 0.49581
04/17/2026 23:05:10 - INFO - utils.trainer -   Accuracy: 0.26115
04/17/2026 23:05:10 - INFO - utils.trainer -   Precision: 0.30225
04/17/2026 23:05:10 - INFO - utils.trainer -   Recall: 0.25840
04/17/2026 23:05:10 - INFO - utils.trainer -   F_score: 0.19559
04/17/2026 23:05:10 - INFO - utils.trainer -   Loss: 2.77348
04/17/2026 23:05:10 - INFO - utils.trainer -   Epoch: 5, Train loss: 2.84444, Test loss: 2.77348,Epoch time = 16.809s
04/17/2026 23:05:26 - INFO - utils.trainer -   ***** Running evaluation on test1 dataset *****
04/17/2026 23:05:29 - INFO - utils.trainer -   AUC: 0.50692
04/17/2026 23:05:29 - INFO - utils.trainer -   Accuracy: 0.23567
04/17/2026 23:05:29 - INFO - utils.trainer -   Precision: 0.23755
04/17/2026 23:05:29 - INFO - utils.trainer -   Recall: 0.23086
04/17/2026 23:05:29 - INFO - utils.trainer -   F_score: 0.22181
04/17/2026 23:05:29 - INFO - utils.trainer -   Loss: 2.74520
04/17/2026 23:05:29 - INFO - utils.trainer -   Epoch: 6, Train loss: 2.82905, Test loss: 2.74520,Epoch time = 16.472s
04/17/2026 23:05:45 - INFO - utils.trainer -   ***** Running evaluation on test1 dataset *****
04/17/2026 23:05:48 - INFO - utils.trainer -   AUC: 0.50560
04/17/2026 23:05:48 - INFO - utils.trainer -   Accuracy: 0.29936
04/17/2026 23:05:48 - INFO - utils.trainer -   Precision: 0.35092
04/17/2026 23:05:48 - INFO - utils.trainer -   Recall: 0.29270
04/17/2026 23:05:48 - INFO - utils.trainer -   F_score: 0.28321
04/17/2026 23:05:48 - INFO - utils.trainer -   Loss: 2.75739
04/17/2026 23:05:48 - INFO - utils.trainer -   Saving model checkpoint to output_dir/SrCVIB
04/17/2026 23:05:48 - INFO - utils.trainer -   Epoch: 7, Train loss: 2.82258, Test loss: 2.75739,Epoch time = 16.540s
04/17/2026 23:06:04 - INFO - utils.trainer -   ***** Running evaluation on test1 dataset *****
04/17/2026 23:06:06 - INFO - utils.trainer -   AUC: 0.49221
04/17/2026 23:06:06 - INFO - utils.trainer -   Accuracy: 0.21656
04/17/2026 23:06:06 - INFO - utils.trainer -   Precision: 0.20182
04/17/2026 23:06:06 - INFO - utils.trainer -   Recall: 0.22510
04/17/2026 23:06:06 - INFO - utils.trainer -   F_score: 0.20714
04/17/2026 23:06:06 - INFO - utils.trainer -   Loss: 2.74909
04/17/2026 23:06:07 - INFO - utils.trainer -   Epoch: 8, Train loss: 2.80667, Test loss: 2.74909,Epoch time = 16.424s
04/17/2026 23:06:23 - INFO - utils.trainer -   ***** Running evaluation on test1 dataset *****
04/17/2026 23:06:26 - INFO - utils.trainer -   AUC: 0.47524
04/17/2026 23:06:26 - INFO - utils.trainer -   Accuracy: 0.24841
04/17/2026 23:06:26 - INFO - utils.trainer -   Precision: 0.24743
04/17/2026 23:06:26 - INFO - utils.trainer -   Recall: 0.23457
04/17/2026 23:06:26 - INFO - utils.trainer -   F_score: 0.20780
04/17/2026 23:06:26 - INFO - utils.trainer -   Loss: 3.65541
04/17/2026 23:06:26 - INFO - utils.trainer -   Epoch: 9, Train loss: 2.79474, Test loss: 3.65541,Epoch time = 16.715s
04/17/2026 23:06:42 - INFO - utils.trainer -   ***** Running evaluation on test1 dataset *****
04/17/2026 23:06:44 - INFO - utils.trainer -   AUC: 0.47235
04/17/2026 23:06:44 - INFO - utils.trainer -   Accuracy: 0.26115
04/17/2026 23:06:44 - INFO - utils.trainer -   Precision: 0.25561
04/17/2026 23:06:44 - INFO - utils.trainer -   Recall: 0.25985
04/17/2026 23:06:44 - INFO - utils.trainer -   F_score: 0.25373
04/17/2026 23:06:44 - INFO - utils.trainer -   Loss: 2.79941
04/17/2026 23:06:44 - INFO - utils.trainer -   Epoch: 10, Train loss: 2.84894, Test loss: 2.79941,Epoch time = 16.216s
04/17/2026 23:07:01 - INFO - utils.trainer -   ***** Running evaluation on test1 dataset *****
04/17/2026 23:07:04 - INFO - utils.trainer -   AUC: 0.46208
04/17/2026 23:07:04 - INFO - utils.trainer -   Accuracy: 0.27389
04/17/2026 23:07:04 - INFO - utils.trainer -   Precision: 0.26823
04/17/2026 23:07:04 - INFO - utils.trainer -   Recall: 0.26417
04/17/2026 23:07:04 - INFO - utils.trainer -   F_score: 0.25378
04/17/2026 23:07:04 - INFO - utils.trainer -   Loss: 2.80041
04/17/2026 23:07:04 - INFO - utils.trainer -   Epoch: 11, Train loss: 2.82289, Test loss: 2.80041,Epoch time = 16.918s
04/17/2026 23:07:21 - INFO - utils.trainer -   ***** Running evaluation on test1 dataset *****
04/17/2026 23:07:23 - INFO - utils.trainer -   AUC: 0.52465
04/17/2026 23:07:23 - INFO - utils.trainer -   Accuracy: 0.27389
04/17/2026 23:07:23 - INFO - utils.trainer -   Precision: 0.28201
04/17/2026 23:07:23 - INFO - utils.trainer -   Recall: 0.26053
04/17/2026 23:07:23 - INFO - utils.trainer -   F_score: 0.23256
04/17/2026 23:07:23 - INFO - utils.trainer -   Loss: 2.78699
04/17/2026 23:07:23 - INFO - utils.trainer -   Epoch: 12, Train loss: 2.85655, Test loss: 2.78699,Epoch time = 16.895s
04/17/2026 23:07:40 - INFO - utils.trainer -   ***** Running evaluation on test1 dataset *****
04/17/2026 23:07:42 - INFO - utils.trainer -   AUC: 0.46008
04/17/2026 23:07:42 - INFO - utils.trainer -   Accuracy: 0.21656
04/17/2026 23:07:42 - INFO - utils.trainer -   Precision: 0.21752
04/17/2026 23:07:42 - INFO - utils.trainer -   Recall: 0.21743
04/17/2026 23:07:42 - INFO - utils.trainer -   F_score: 0.20813
04/17/2026 23:07:42 - INFO - utils.trainer -   Loss: 2.81714
04/17/2026 23:07:42 - INFO - utils.trainer -   Epoch: 13, Train loss: 2.83471, Test loss: 2.81714,Epoch time = 16.544s
04/17/2026 23:07:59 - INFO - utils.trainer -   ***** Running evaluation on test1 dataset *****
04/17/2026 23:08:02 - INFO - utils.trainer -   AUC: 0.50403
04/17/2026 23:08:02 - INFO - utils.trainer -   Accuracy: 0.22930
04/17/2026 23:08:02 - INFO - utils.trainer -   Precision: 0.22907
04/17/2026 23:08:02 - INFO - utils.trainer -   Recall: 0.23087
04/17/2026 23:08:02 - INFO - utils.trainer -   F_score: 0.22623
04/17/2026 23:08:02 - INFO - utils.trainer -   Loss: 2.76640
04/17/2026 23:08:02 - INFO - utils.trainer -   Epoch: 14, Train loss: 2.82965, Test loss: 2.76640,Epoch time = 16.768s
04/17/2026 23:08:18 - INFO - utils.trainer -   ***** Running evaluation on test1 dataset *****
04/17/2026 23:08:21 - INFO - utils.trainer -   AUC: 0.53375
04/17/2026 23:08:21 - INFO - utils.trainer -   Accuracy: 0.31210
04/17/2026 23:08:21 - INFO - utils.trainer -   Precision: 0.32084
04/17/2026 23:08:21 - INFO - utils.trainer -   Recall: 0.31180
04/17/2026 23:08:21 - INFO - utils.trainer -   F_score: 0.31435
04/17/2026 23:08:21 - INFO - utils.trainer -   Loss: 2.82130
04/17/2026 23:08:21 - INFO - utils.trainer -   Saving model checkpoint to output_dir/SrCVIB
04/17/2026 23:08:21 - INFO - utils.trainer -   Epoch: 15, Train loss: 2.79455, Test loss: 2.82130,Epoch time = 16.463s
04/17/2026 23:08:37 - INFO - utils.trainer -   ***** Running evaluation on test1 dataset *****
04/17/2026 23:08:39 - INFO - utils.trainer -   AUC: 0.49261
04/17/2026 23:08:39 - INFO - utils.trainer -   Accuracy: 0.28662
04/17/2026 23:08:39 - INFO - utils.trainer -   Precision: 0.26780
04/17/2026 23:08:39 - INFO - utils.trainer -   Recall: 0.26866
04/17/2026 23:08:39 - INFO - utils.trainer -   F_score: 0.22764
04/17/2026 23:08:39 - INFO - utils.trainer -   Loss: 2.83762
04/17/2026 23:08:39 - INFO - utils.trainer -   Epoch: 16, Train loss: 2.82831, Test loss: 2.83762,Epoch time = 16.225s
04/17/2026 23:08:56 - INFO - utils.trainer -   ***** Running evaluation on test1 dataset *****
04/17/2026 23:08:58 - INFO - utils.trainer -   AUC: 0.45598
04/17/2026 23:08:58 - INFO - utils.trainer -   Accuracy: 0.20382
04/17/2026 23:08:58 - INFO - utils.trainer -   Precision: 0.20770
04/17/2026 23:08:58 - INFO - utils.trainer -   Recall: 0.19844
04/17/2026 23:08:58 - INFO - utils.trainer -   F_score: 0.19545
04/17/2026 23:08:58 - INFO - utils.trainer -   Loss: 2.89944
04/17/2026 23:08:58 - INFO - utils.trainer -   Epoch: 17, Train loss: 2.77236, Test loss: 2.89944,Epoch time = 16.427s
04/17/2026 23:09:15 - INFO - utils.trainer -   ***** Running evaluation on test1 dataset *****
04/17/2026 23:09:17 - INFO - utils.trainer -   AUC: 0.50483
04/17/2026 23:09:17 - INFO - utils.trainer -   Accuracy: 0.25478
04/17/2026 23:09:17 - INFO - utils.trainer -   Precision: 0.24771
04/17/2026 23:09:17 - INFO - utils.trainer -   Recall: 0.24174
04/17/2026 23:09:17 - INFO - utils.trainer -   F_score: 0.21928
04/17/2026 23:09:17 - INFO - utils.trainer -   Loss: 2.89746
04/17/2026 23:09:17 - INFO - utils.trainer -   Epoch: 18, Train loss: 2.81935, Test loss: 2.89746,Epoch time = 16.499s
04/17/2026 23:09:34 - INFO - utils.trainer -   ***** Running evaluation on test1 dataset *****
04/17/2026 23:09:36 - INFO - utils.trainer -   AUC: 0.47751
04/17/2026 23:09:36 - INFO - utils.trainer -   Accuracy: 0.21656
04/17/2026 23:09:36 - INFO - utils.trainer -   Precision: 0.20922
04/17/2026 23:09:36 - INFO - utils.trainer -   Recall: 0.20782
04/17/2026 23:09:36 - INFO - utils.trainer -   F_score: 0.19720
04/17/2026 23:09:36 - INFO - utils.trainer -   Loss: 3.04294
04/17/2026 23:09:36 - INFO - utils.trainer -   Epoch: 19, Train loss: 2.79409, Test loss: 3.04294,Epoch time = 16.256s
04/17/2026 23:09:53 - INFO - utils.trainer -   ***** Running evaluation on test1 dataset *****
04/17/2026 23:09:55 - INFO - utils.trainer -   AUC: 0.52636
04/17/2026 23:09:55 - INFO - utils.trainer -   Accuracy: 0.29299
04/17/2026 23:09:55 - INFO - utils.trainer -   Precision: 0.29980
04/17/2026 23:09:55 - INFO - utils.trainer -   Recall: 0.29058
04/17/2026 23:09:55 - INFO - utils.trainer -   F_score: 0.28858
04/17/2026 23:09:55 - INFO - utils.trainer -   Loss: 3.10492
04/17/2026 23:09:55 - INFO - utils.trainer -   Epoch: 20, Train loss: 2.78507, Test loss: 3.10492,Epoch time = 16.638s
04/17/2026 23:10:11 - INFO - utils.trainer -   ***** Running evaluation on test1 dataset *****
04/17/2026 23:10:14 - INFO - utils.trainer -   AUC: 0.43190
04/17/2026 23:10:14 - INFO - utils.trainer -   Accuracy: 0.15924
04/17/2026 23:10:14 - INFO - utils.trainer -   Precision: 0.16439
04/17/2026 23:10:14 - INFO - utils.trainer -   Recall: 0.15955
04/17/2026 23:10:14 - INFO - utils.trainer -   F_score: 0.15767
04/17/2026 23:10:14 - INFO - utils.trainer -   Loss: 3.37523
04/17/2026 23:10:14 - INFO - utils.trainer -   Epoch: 21, Train loss: 2.79935, Test loss: 3.37523,Epoch time = 16.238s
04/17/2026 23:10:30 - INFO - utils.trainer -   ***** Running evaluation on test1 dataset *****
04/17/2026 23:10:33 - INFO - utils.trainer -   AUC: 0.49473
04/17/2026 23:10:33 - INFO - utils.trainer -   Accuracy: 0.23567
04/17/2026 23:10:33 - INFO - utils.trainer -   Precision: 0.20451
04/17/2026 23:10:33 - INFO - utils.trainer -   Recall: 0.22037
04/17/2026 23:10:33 - INFO - utils.trainer -   F_score: 0.18567
04/17/2026 23:10:33 - INFO - utils.trainer -   Loss: 3.16341
04/17/2026 23:10:33 - INFO - utils.trainer -   Epoch: 22, Train loss: 2.85974, Test loss: 3.16341,Epoch time = 16.228s
04/17/2026 23:10:49 - INFO - utils.trainer -   ***** Running evaluation on test1 dataset *****
04/17/2026 23:10:51 - INFO - utils.trainer -   AUC: 0.48778
04/17/2026 23:10:51 - INFO - utils.trainer -   Accuracy: 0.26752
04/17/2026 23:10:51 - INFO - utils.trainer -   Precision: 0.28135
04/17/2026 23:10:51 - INFO - utils.trainer -   Recall: 0.26665
04/17/2026 23:10:51 - INFO - utils.trainer -   F_score: 0.25609
04/17/2026 23:10:51 - INFO - utils.trainer -   Loss: 3.15202
04/17/2026 23:10:51 - INFO - utils.trainer -   Epoch: 23, Train loss: 2.80394, Test loss: 3.15202,Epoch time = 16.178s
04/17/2026 23:11:08 - INFO - utils.trainer -   ***** Running evaluation on test1 dataset *****
04/17/2026 23:11:10 - INFO - utils.trainer -   AUC: 0.45519
04/17/2026 23:11:10 - INFO - utils.trainer -   Accuracy: 0.25478
04/17/2026 23:11:10 - INFO - utils.trainer -   Precision: 0.25296
04/17/2026 23:11:10 - INFO - utils.trainer -   Recall: 0.23958
04/17/2026 23:11:10 - INFO - utils.trainer -   F_score: 0.20933
04/17/2026 23:11:10 - INFO - utils.trainer -   Loss: 3.41833
04/17/2026 23:11:10 - INFO - utils.trainer -   Epoch: 24, Train loss: 2.80035, Test loss: 3.41833,Epoch time = 16.305s
04/17/2026 23:11:26 - INFO - utils.trainer -   ***** Running evaluation on test1 dataset *****
04/17/2026 23:11:29 - INFO - utils.trainer -   AUC: 0.51854
04/17/2026 23:11:29 - INFO - utils.trainer -   Accuracy: 0.24204
04/17/2026 23:11:29 - INFO - utils.trainer -   Precision: 0.24576
04/17/2026 23:11:29 - INFO - utils.trainer -   Recall: 0.22839
04/17/2026 23:11:29 - INFO - utils.trainer -   F_score: 0.19808
04/17/2026 23:11:29 - INFO - utils.trainer -   Loss: 3.45795
04/17/2026 23:11:29 - INFO - utils.trainer -   Epoch: 25, Train loss: 2.76935, Test loss: 3.45795,Epoch time = 16.105s
04/17/2026 23:11:45 - INFO - utils.trainer -   ***** Running evaluation on test1 dataset *****
04/17/2026 23:11:47 - INFO - utils.trainer -   AUC: 0.48002
04/17/2026 23:11:47 - INFO - utils.trainer -   Accuracy: 0.26115
04/17/2026 23:11:47 - INFO - utils.trainer -   Precision: 0.21313
04/17/2026 23:11:47 - INFO - utils.trainer -   Recall: 0.24254
04/17/2026 23:11:47 - INFO - utils.trainer -   F_score: 0.19030
04/17/2026 23:11:47 - INFO - utils.trainer -   Loss: 3.50440
04/17/2026 23:11:47 - INFO - utils.trainer -   Epoch: 26, Train loss: 2.75938, Test loss: 3.50440,Epoch time = 16.225s
04/17/2026 23:12:04 - INFO - utils.trainer -   ***** Running evaluation on test1 dataset *****
04/17/2026 23:12:06 - INFO - utils.trainer -   AUC: 0.50462
04/17/2026 23:12:06 - INFO - utils.trainer -   Accuracy: 0.28025
04/17/2026 23:12:06 - INFO - utils.trainer -   Precision: 0.28687
04/17/2026 23:12:06 - INFO - utils.trainer -   Recall: 0.26697
04/17/2026 23:12:06 - INFO - utils.trainer -   F_score: 0.21834
04/17/2026 23:12:06 - INFO - utils.trainer -   Loss: 3.63941
04/17/2026 23:12:06 - INFO - utils.trainer -   Epoch: 27, Train loss: 2.76136, Test loss: 3.63941,Epoch time = 16.240s
04/17/2026 23:12:22 - INFO - utils.trainer -   ***** Running evaluation on test1 dataset *****
04/17/2026 23:12:25 - INFO - utils.trainer -   AUC: 0.44949
04/17/2026 23:12:25 - INFO - utils.trainer -   Accuracy: 0.21019
04/17/2026 23:12:25 - INFO - utils.trainer -   Precision: 0.11607
04/17/2026 23:12:25 - INFO - utils.trainer -   Recall: 0.19002
04/17/2026 23:12:25 - INFO - utils.trainer -   F_score: 0.12013
04/17/2026 23:12:25 - INFO - utils.trainer -   Loss: 3.96902
04/17/2026 23:12:25 - INFO - utils.trainer -   Epoch: 28, Train loss: 2.75340, Test loss: 3.96902,Epoch time = 16.043s
04/17/2026 23:12:41 - INFO - utils.trainer -   ***** Running evaluation on test1 dataset *****
04/17/2026 23:12:43 - INFO - utils.trainer -   AUC: 0.56476
04/17/2026 23:12:43 - INFO - utils.trainer -   Accuracy: 0.29936
04/17/2026 23:12:43 - INFO - utils.trainer -   Precision: 0.31167
04/17/2026 23:12:43 - INFO - utils.trainer -   Recall: 0.28779
04/17/2026 23:12:43 - INFO - utils.trainer -   F_score: 0.27495
04/17/2026 23:12:43 - INFO - utils.trainer -   Loss: 4.28142
04/17/2026 23:12:43 - INFO - utils.trainer -   Epoch: 29, Train loss: 2.77344, Test loss: 4.28142,Epoch time = 16.307s
04/17/2026 23:13:00 - INFO - utils.trainer -   ***** Running evaluation on test1 dataset *****
04/17/2026 23:13:02 - INFO - utils.trainer -   AUC: 0.50093
04/17/2026 23:13:02 - INFO - utils.trainer -   Accuracy: 0.28025
04/17/2026 23:13:02 - INFO - utils.trainer -   Precision: 0.29168
04/17/2026 23:13:02 - INFO - utils.trainer -   Recall: 0.25956
04/17/2026 23:13:02 - INFO - utils.trainer -   F_score: 0.20372
04/17/2026 23:13:02 - INFO - utils.trainer -   Loss: 4.44289
04/17/2026 23:13:02 - INFO - utils.trainer -   Epoch: 30, Train loss: 2.73282, Test loss: 4.44289,Epoch time = 16.271s
04/17/2026 23:13:19 - INFO - utils.trainer -   ***** Running evaluation on test1 dataset *****
04/17/2026 23:13:21 - INFO - utils.trainer -   AUC: 0.48053
04/17/2026 23:13:21 - INFO - utils.trainer -   Accuracy: 0.22293
04/17/2026 23:13:21 - INFO - utils.trainer -   Precision: 0.16648
04/17/2026 23:13:21 - INFO - utils.trainer -   Recall: 0.20321
04/17/2026 23:13:21 - INFO - utils.trainer -   F_score: 0.13876
04/17/2026 23:13:21 - INFO - utils.trainer -   Loss: 5.48431
04/17/2026 23:13:21 - INFO - utils.trainer -   Epoch: 31, Train loss: 2.75613, Test loss: 5.48431,Epoch time = 16.730s
04/17/2026 23:13:38 - INFO - utils.trainer -   ***** Running evaluation on test1 dataset *****
04/17/2026 23:13:40 - INFO - utils.trainer -   AUC: 0.51365
04/17/2026 23:13:40 - INFO - utils.trainer -   Accuracy: 0.28662
04/17/2026 23:13:40 - INFO - utils.trainer -   Precision: 0.22141
04/17/2026 23:13:40 - INFO - utils.trainer -   Recall: 0.27380
04/17/2026 23:13:40 - INFO - utils.trainer -   F_score: 0.23293
04/17/2026 23:13:40 - INFO - utils.trainer -   Loss: 5.42034
04/17/2026 23:13:40 - INFO - utils.trainer -   Epoch: 32, Train loss: 2.74335, Test loss: 5.42034,Epoch time = 16.698s
04/17/2026 23:13:57 - INFO - utils.trainer -   ***** Running evaluation on test1 dataset *****
04/17/2026 23:14:00 - INFO - utils.trainer -   AUC: 0.49946
04/17/2026 23:14:00 - INFO - utils.trainer -   Accuracy: 0.27389
04/17/2026 23:14:00 - INFO - utils.trainer -   Precision: 0.23123
04/17/2026 23:14:00 - INFO - utils.trainer -   Recall: 0.25228
04/17/2026 23:14:00 - INFO - utils.trainer -   F_score: 0.19073
04/17/2026 23:14:00 - INFO - utils.trainer -   Loss: 5.37345
04/17/2026 23:14:00 - INFO - utils.trainer -   Epoch: 33, Train loss: 2.74266, Test loss: 5.37345,Epoch time = 16.534s
04/17/2026 23:14:16 - INFO - utils.trainer -   ***** Running evaluation on test1 dataset *****
04/17/2026 23:14:19 - INFO - utils.trainer -   AUC: 0.51846
04/17/2026 23:14:19 - INFO - utils.trainer -   Accuracy: 0.28662
04/17/2026 23:14:19 - INFO - utils.trainer -   Precision: 0.17733
04/17/2026 23:14:19 - INFO - utils.trainer -   Recall: 0.26641
04/17/2026 23:14:19 - INFO - utils.trainer -   F_score: 0.19814
04/17/2026 23:14:19 - INFO - utils.trainer -   Loss: 5.57712
04/17/2026 23:14:19 - INFO - utils.trainer -   Epoch: 34, Train loss: 2.72407, Test loss: 5.57712,Epoch time = 16.691s
04/17/2026 23:14:35 - INFO - utils.trainer -   ***** Running evaluation on test1 dataset *****
04/17/2026 23:14:38 - INFO - utils.trainer -   AUC: 0.45586
04/17/2026 23:14:38 - INFO - utils.trainer -   Accuracy: 0.27389
04/17/2026 23:14:38 - INFO - utils.trainer -   Precision: 0.30912
04/17/2026 23:14:38 - INFO - utils.trainer -   Recall: 0.25337
04/17/2026 23:14:38 - INFO - utils.trainer -   F_score: 0.19576
04/17/2026 23:14:38 - INFO - utils.trainer -   Loss: 7.28075
04/17/2026 23:14:38 - INFO - utils.trainer -   Epoch: 35, Train loss: 2.73541, Test loss: 7.28075,Epoch time = 16.790s
04/17/2026 23:14:54 - INFO - utils.trainer -   ***** Running evaluation on test1 dataset *****
04/17/2026 23:14:57 - INFO - utils.trainer -   AUC: 0.52398
04/17/2026 23:14:57 - INFO - utils.trainer -   Accuracy: 0.27389
04/17/2026 23:14:57 - INFO - utils.trainer -   Precision: 0.30953
04/17/2026 23:14:57 - INFO - utils.trainer -   Recall: 0.25665
04/17/2026 23:14:57 - INFO - utils.trainer -   F_score: 0.20941
04/17/2026 23:14:57 - INFO - utils.trainer -   Loss: 7.50587
04/17/2026 23:14:57 - INFO - utils.trainer -   Epoch: 36, Train loss: 2.73036, Test loss: 7.50587,Epoch time = 16.576s
04/17/2026 23:15:14 - INFO - utils.trainer -   ***** Running evaluation on test1 dataset *****
04/17/2026 23:15:16 - INFO - utils.trainer -   AUC: 0.47986
04/17/2026 23:15:16 - INFO - utils.trainer -   Accuracy: 0.27389
04/17/2026 23:15:16 - INFO - utils.trainer -   Precision: 0.20769
04/17/2026 23:15:16 - INFO - utils.trainer -   Recall: 0.25194
04/17/2026 23:15:16 - INFO - utils.trainer -   F_score: 0.18098
04/17/2026 23:15:16 - INFO - utils.trainer -   Loss: 8.89953
04/17/2026 23:15:16 - INFO - utils.trainer -   Epoch: 37, Train loss: 2.72104, Test loss: 8.89953,Epoch time = 16.754s
04/17/2026 23:15:33 - INFO - utils.trainer -   ***** Running evaluation on test1 dataset *****
04/17/2026 23:15:35 - INFO - utils.trainer -   AUC: 0.47347
04/17/2026 23:15:35 - INFO - utils.trainer -   Accuracy: 0.28662
04/17/2026 23:15:35 - INFO - utils.trainer -   Precision: 0.26425
04/17/2026 23:15:35 - INFO - utils.trainer -   Recall: 0.26510
04/17/2026 23:15:35 - INFO - utils.trainer -   F_score: 0.20581
04/17/2026 23:15:35 - INFO - utils.trainer -   Loss: 8.27813
04/17/2026 23:15:35 - INFO - utils.trainer -   Epoch: 38, Train loss: 2.71887, Test loss: 8.27813,Epoch time = 16.404s
04/17/2026 23:15:52 - INFO - utils.trainer -   ***** Running evaluation on test1 dataset *****
04/17/2026 23:15:54 - INFO - utils.trainer -   AUC: 0.47347
04/17/2026 23:15:54 - INFO - utils.trainer -   Accuracy: 0.24841
04/17/2026 23:15:54 - INFO - utils.trainer -   Precision: 0.19207
04/17/2026 23:15:54 - INFO - utils.trainer -   Recall: 0.22829
04/17/2026 23:15:54 - INFO - utils.trainer -   F_score: 0.17058
04/17/2026 23:15:54 - INFO - utils.trainer -   Loss: 8.68791
04/17/2026 23:15:54 - INFO - utils.trainer -   Epoch: 39, Train loss: 2.71662, Test loss: 8.68791,Epoch time = 16.609s
04/17/2026 23:16:11 - INFO - utils.trainer -   ***** Running evaluation on test1 dataset *****
04/17/2026 23:16:13 - INFO - utils.trainer -   AUC: 0.45363
04/17/2026 23:16:13 - INFO - utils.trainer -   Accuracy: 0.28662
04/17/2026 23:16:13 - INFO - utils.trainer -   Precision: 0.34464
04/17/2026 23:16:13 - INFO - utils.trainer -   Recall: 0.26182
04/17/2026 23:16:13 - INFO - utils.trainer -   F_score: 0.17574
04/17/2026 23:16:13 - INFO - utils.trainer -   Loss: 6.24918
04/17/2026 23:16:13 - INFO - utils.trainer -   Epoch: 40, Train loss: 2.70923, Test loss: 6.24918,Epoch time = 16.413s
04/17/2026 23:16:30 - INFO - utils.trainer -   ***** Running evaluation on test1 dataset *****
04/17/2026 23:16:32 - INFO - utils.trainer -   AUC: 0.54739
04/17/2026 23:16:32 - INFO - utils.trainer -   Accuracy: 0.28025
04/17/2026 23:16:32 - INFO - utils.trainer -   Precision: 0.18905
04/17/2026 23:16:32 - INFO - utils.trainer -   Recall: 0.25709
04/17/2026 23:16:32 - INFO - utils.trainer -   F_score: 0.17867
04/17/2026 23:16:32 - INFO - utils.trainer -   Loss: 4.75625
04/17/2026 23:16:32 - INFO - utils.trainer -   Epoch: 41, Train loss: 2.70932, Test loss: 4.75625,Epoch time = 16.354s
04/17/2026 23:16:48 - INFO - utils.trainer -   ***** Running evaluation on test1 dataset *****
04/17/2026 23:16:51 - INFO - utils.trainer -   AUC: 0.48091
04/17/2026 23:16:51 - INFO - utils.trainer -   Accuracy: 0.26752
04/17/2026 23:16:51 - INFO - utils.trainer -   Precision: 0.21664
04/17/2026 23:16:51 - INFO - utils.trainer -   Recall: 0.24626
04/17/2026 23:16:51 - INFO - utils.trainer -   F_score: 0.17529
04/17/2026 23:16:51 - INFO - utils.trainer -   Loss: 4.97578
04/17/2026 23:16:51 - INFO - utils.trainer -   Epoch: 42, Train loss: 2.71826, Test loss: 4.97578,Epoch time = 16.337s
04/17/2026 23:17:07 - INFO - utils.trainer -   ***** Running evaluation on test1 dataset *****
04/17/2026 23:17:10 - INFO - utils.trainer -   AUC: 0.47262
04/17/2026 23:17:10 - INFO - utils.trainer -   Accuracy: 0.26115
04/17/2026 23:17:10 - INFO - utils.trainer -   Precision: 0.34647
04/17/2026 23:17:10 - INFO - utils.trainer -   Recall: 0.23820
04/17/2026 23:17:10 - INFO - utils.trainer -   F_score: 0.15554
04/17/2026 23:17:10 - INFO - utils.trainer -   Loss: 5.79992
04/17/2026 23:17:10 - INFO - utils.trainer -   Epoch: 43, Train loss: 2.70703, Test loss: 5.79992,Epoch time = 16.387s
04/17/2026 23:17:26 - INFO - utils.trainer -   ***** Running evaluation on test1 dataset *****
04/17/2026 23:17:28 - INFO - utils.trainer -   AUC: 0.54524
04/17/2026 23:17:28 - INFO - utils.trainer -   Accuracy: 0.29936
04/17/2026 23:17:28 - INFO - utils.trainer -   Precision: 0.40134
04/17/2026 23:17:28 - INFO - utils.trainer -   Recall: 0.27195
04/17/2026 23:17:28 - INFO - utils.trainer -   F_score: 0.17038
04/17/2026 23:17:28 - INFO - utils.trainer -   Loss: 6.31762
04/17/2026 23:17:28 - INFO - utils.trainer -   Epoch: 44, Train loss: 2.70657, Test loss: 6.31762,Epoch time = 16.227s
04/17/2026 23:17:45 - INFO - utils.trainer -   ***** Running evaluation on test1 dataset *****
04/17/2026 23:17:47 - INFO - utils.trainer -   AUC: 0.47968
04/17/2026 23:17:47 - INFO - utils.trainer -   Accuracy: 0.28025
04/17/2026 23:17:47 - INFO - utils.trainer -   Precision: 0.18080
04/17/2026 23:17:47 - INFO - utils.trainer -   Recall: 0.25345
04/17/2026 23:17:47 - INFO - utils.trainer -   F_score: 0.15201
04/17/2026 23:17:47 - INFO - utils.trainer -   Loss: 7.23442
04/17/2026 23:17:47 - INFO - utils.trainer -   Epoch: 45, Train loss: 2.71299, Test loss: 7.23442,Epoch time = 16.407s
04/17/2026 23:18:04 - INFO - utils.trainer -   ***** Running evaluation on test1 dataset *****
04/17/2026 23:18:06 - INFO - utils.trainer -   AUC: 0.49269
04/17/2026 23:18:06 - INFO - utils.trainer -   Accuracy: 0.28025
04/17/2026 23:18:06 - INFO - utils.trainer -   Precision: 0.23834
04/17/2026 23:18:06 - INFO - utils.trainer -   Recall: 0.25289
04/17/2026 23:18:06 - INFO - utils.trainer -   F_score: 0.14506
04/17/2026 23:18:06 - INFO - utils.trainer -   Loss: 6.01769
04/17/2026 23:18:06 - INFO - utils.trainer -   Epoch: 46, Train loss: 2.70281, Test loss: 6.01769,Epoch time = 16.332s
04/17/2026 23:18:23 - INFO - utils.trainer -   ***** Running evaluation on test1 dataset *****
04/17/2026 23:18:26 - INFO - utils.trainer -   AUC: 0.55226
04/17/2026 23:18:26 - INFO - utils.trainer -   Accuracy: 0.24841
04/17/2026 23:18:26 - INFO - utils.trainer -   Precision: 0.06544
04/17/2026 23:18:26 - INFO - utils.trainer -   Recall: 0.22159
04/17/2026 23:18:26 - INFO - utils.trainer -   F_score: 0.10104
04/17/2026 23:18:26 - INFO - utils.trainer -   Loss: 6.20939
04/17/2026 23:18:26 - INFO - utils.trainer -   Epoch: 47, Train loss: 2.69963, Test loss: 6.20939,Epoch time = 17.164s
04/17/2026 23:18:42 - INFO - utils.trainer -   ***** Running evaluation on test1 dataset *****
04/17/2026 23:18:45 - INFO - utils.trainer -   AUC: 0.48227
04/17/2026 23:18:45 - INFO - utils.trainer -   Accuracy: 0.26115
04/17/2026 23:18:45 - INFO - utils.trainer -   Precision: 0.09397
04/17/2026 23:18:45 - INFO - utils.trainer -   Recall: 0.23368
04/17/2026 23:18:45 - INFO - utils.trainer -   F_score: 0.11602
04/17/2026 23:18:45 - INFO - utils.trainer -   Loss: 7.68757
04/17/2026 23:18:45 - INFO - utils.trainer -   Epoch: 48, Train loss: 2.70483, Test loss: 7.68757,Epoch time = 16.411s
04/17/2026 23:19:01 - INFO - utils.trainer -   ***** Running evaluation on test1 dataset *****
04/17/2026 23:19:04 - INFO - utils.trainer -   AUC: 0.43302
04/17/2026 23:19:04 - INFO - utils.trainer -   Accuracy: 0.26752
04/17/2026 23:19:04 - INFO - utils.trainer -   Precision: 0.22569
04/17/2026 23:19:04 - INFO - utils.trainer -   Recall: 0.24063
04/17/2026 23:19:04 - INFO - utils.trainer -   F_score: 0.13018
04/17/2026 23:19:04 - INFO - utils.trainer -   Loss: 8.48730
04/17/2026 23:19:04 - INFO - utils.trainer -   Epoch: 49, Train loss: 2.70181, Test loss: 8.48730,Epoch time = 16.519s
04/17/2026 23:19:20 - INFO - utils.trainer -   ***** Running evaluation on test1 dataset *****
04/17/2026 23:19:23 - INFO - utils.trainer -   AUC: 0.49572
04/17/2026 23:19:23 - INFO - utils.trainer -   Accuracy: 0.28662
04/17/2026 23:19:23 - INFO - utils.trainer -   Precision: 0.27680
04/17/2026 23:19:23 - INFO - utils.trainer -   Recall: 0.26454
04/17/2026 23:19:23 - INFO - utils.trainer -   F_score: 0.20365
04/17/2026 23:19:23 - INFO - utils.trainer -   Loss: 9.69637
04/17/2026 23:19:23 - INFO - utils.trainer -   Epoch: 50, Train loss: 2.69593, Test loss: 9.69637,Epoch time = 16.317s
04/17/2026 23:19:39 - INFO - utils.trainer -   ***** Running evaluation on test1 dataset *****
04/17/2026 23:19:41 - INFO - utils.trainer -   AUC: 0.49460
04/17/2026 23:19:41 - INFO - utils.trainer -   Accuracy: 0.28025
04/17/2026 23:19:41 - INFO - utils.trainer -   Precision: 0.40241
04/17/2026 23:19:41 - INFO - utils.trainer -   Recall: 0.25163
04/17/2026 23:19:41 - INFO - utils.trainer -   F_score: 0.13187
04/17/2026 23:19:41 - INFO - utils.trainer -   Loss: 11.45852
04/17/2026 23:19:42 - INFO - utils.trainer -   Epoch: 51, Train loss: 2.71056, Test loss: 11.45852,Epoch time = 16.524s
04/17/2026 23:19:58 - INFO - utils.trainer -   ***** Running evaluation on test1 dataset *****
04/17/2026 23:20:01 - INFO - utils.trainer -   AUC: 0.56913
04/17/2026 23:20:01 - INFO - utils.trainer -   Accuracy: 0.28662
04/17/2026 23:20:01 - INFO - utils.trainer -   Precision: 0.19597
04/17/2026 23:20:01 - INFO - utils.trainer -   Recall: 0.25641
04/17/2026 23:20:01 - INFO - utils.trainer -   F_score: 0.12275
04/17/2026 23:20:01 - INFO - utils.trainer -   Loss: 16.51330
04/17/2026 23:20:01 - INFO - utils.trainer -   Epoch: 52, Train loss: 2.69923, Test loss: 16.51330,Epoch time = 16.518s
04/17/2026 23:20:18 - INFO - utils.trainer -   ***** Running evaluation on test1 dataset *****
04/17/2026 23:20:21 - INFO - utils.trainer -   AUC: 0.46651
04/17/2026 23:20:21 - INFO - utils.trainer -   Accuracy: 0.22293
04/17/2026 23:20:21 - INFO - utils.trainer -   Precision: 0.10721
04/17/2026 23:20:21 - INFO - utils.trainer -   Recall: 0.20049
04/17/2026 23:20:21 - INFO - utils.trainer -   F_score: 0.11429
04/17/2026 23:20:21 - INFO - utils.trainer -   Loss: 18.54935
04/17/2026 23:20:21 - INFO - utils.trainer -   Epoch: 53, Train loss: 2.70106, Test loss: 18.54935,Epoch time = 17.367s
04/17/2026 23:20:37 - INFO - utils.trainer -   ***** Running evaluation on test1 dataset *****
04/17/2026 23:20:39 - INFO - utils.trainer -   AUC: 0.44611
04/17/2026 23:20:39 - INFO - utils.trainer -   Accuracy: 0.21019
04/17/2026 23:20:39 - INFO - utils.trainer -   Precision: 0.22057
04/17/2026 23:20:39 - INFO - utils.trainer -   Recall: 0.20626
04/17/2026 23:20:39 - INFO - utils.trainer -   F_score: 0.20776
04/17/2026 23:20:39 - INFO - utils.trainer -   Loss: 16.72664
04/17/2026 23:20:39 - INFO - utils.trainer -   Epoch: 54, Train loss: 2.69103, Test loss: 16.72664,Epoch time = 16.209s
04/17/2026 23:20:56 - INFO - utils.trainer -   ***** Running evaluation on test1 dataset *****
04/17/2026 23:20:58 - INFO - utils.trainer -   AUC: 0.50354
04/17/2026 23:20:58 - INFO - utils.trainer -   Accuracy: 0.25478
04/17/2026 23:20:58 - INFO - utils.trainer -   Precision: 0.14680
04/17/2026 23:20:58 - INFO - utils.trainer -   Recall: 0.23196
04/17/2026 23:20:58 - INFO - utils.trainer -   F_score: 0.14505
04/17/2026 23:20:58 - INFO - utils.trainer -   Loss: 20.94655
04/17/2026 23:20:58 - INFO - utils.trainer -   Epoch: 55, Train loss: 2.70450, Test loss: 20.94655,Epoch time = 16.358s
04/17/2026 23:21:14 - INFO - utils.trainer -   ***** Running evaluation on test1 dataset *****
04/17/2026 23:21:17 - INFO - utils.trainer -   AUC: 0.46399
04/17/2026 23:21:17 - INFO - utils.trainer -   Accuracy: 0.22293
04/17/2026 23:21:17 - INFO - utils.trainer -   Precision: 0.08712
04/17/2026 23:21:17 - INFO - utils.trainer -   Recall: 0.19959
04/17/2026 23:21:17 - INFO - utils.trainer -   F_score: 0.10659
04/17/2026 23:21:17 - INFO - utils.trainer -   Loss: 25.53590
04/17/2026 23:21:17 - INFO - utils.trainer -   Epoch: 56, Train loss: 2.70658, Test loss: 25.53590,Epoch time = 16.213s
04/17/2026 23:21:33 - INFO - utils.trainer -   ***** Running evaluation on test1 dataset *****
04/17/2026 23:21:35 - INFO - utils.trainer -   AUC: 0.46528
04/17/2026 23:21:35 - INFO - utils.trainer -   Accuracy: 0.19108
04/17/2026 23:21:35 - INFO - utils.trainer -   Precision: 0.13706
04/17/2026 23:21:35 - INFO - utils.trainer -   Recall: 0.17988
04/17/2026 23:21:35 - INFO - utils.trainer -   F_score: 0.14856
04/17/2026 23:21:35 - INFO - utils.trainer -   Loss: 33.64556
04/17/2026 23:21:35 - INFO - utils.trainer -   Epoch: 57, Train loss: 2.70903, Test loss: 33.64556,Epoch time = 16.186s
04/17/2026 23:21:52 - INFO - utils.trainer -   ***** Running evaluation on test1 dataset *****
04/17/2026 23:21:54 - INFO - utils.trainer -   AUC: 0.47284
04/17/2026 23:21:54 - INFO - utils.trainer -   Accuracy: 0.28025
04/17/2026 23:21:54 - INFO - utils.trainer -   Precision: 0.17695
04/17/2026 23:21:54 - INFO - utils.trainer -   Recall: 0.25252
04/17/2026 23:21:54 - INFO - utils.trainer -   F_score: 0.14550
04/17/2026 23:21:54 - INFO - utils.trainer -   Loss: 41.30461
04/17/2026 23:21:54 - INFO - utils.trainer -   Epoch: 58, Train loss: 2.70462, Test loss: 41.30461,Epoch time = 16.448s
04/17/2026 23:22:11 - INFO - utils.trainer -   ***** Running evaluation on test1 dataset *****
04/17/2026 23:22:13 - INFO - utils.trainer -   AUC: 0.42986
04/17/2026 23:22:13 - INFO - utils.trainer -   Accuracy: 0.25478
04/17/2026 23:22:13 - INFO - utils.trainer -   Precision: 0.15057
04/17/2026 23:22:13 - INFO - utils.trainer -   Recall: 0.22817
04/17/2026 23:22:13 - INFO - utils.trainer -   F_score: 0.11537
04/17/2026 23:22:13 - INFO - utils.trainer -   Loss: 65.41610
04/17/2026 23:22:13 - INFO - utils.trainer -   Epoch: 59, Train loss: 2.69972, Test loss: 65.41610,Epoch time = 16.725s
04/17/2026 23:22:30 - INFO - utils.trainer -   ***** Running evaluation on test1 dataset *****
04/17/2026 23:22:32 - INFO - utils.trainer -   AUC: 0.51302
04/17/2026 23:22:32 - INFO - utils.trainer -   Accuracy: 0.31210
04/17/2026 23:22:32 - INFO - utils.trainer -   Precision: 0.34990
04/17/2026 23:22:32 - INFO - utils.trainer -   Recall: 0.28491
04/17/2026 23:22:32 - INFO - utils.trainer -   F_score: 0.19453
04/17/2026 23:22:32 - INFO - utils.trainer -   Loss: 87.76022
04/17/2026 23:22:32 - INFO - utils.trainer -   Epoch: 60, Train loss: 2.68187, Test loss: 87.76022,Epoch time = 16.437s
04/17/2026 23:22:48 - INFO - utils.trainer -   ***** Running evaluation on test1 dataset *****
04/17/2026 23:22:51 - INFO - utils.trainer -   AUC: 0.52131
04/17/2026 23:22:51 - INFO - utils.trainer -   Accuracy: 0.28662
04/17/2026 23:22:51 - INFO - utils.trainer -   Precision: 0.36825
04/17/2026 23:22:51 - INFO - utils.trainer -   Recall: 0.26452
04/17/2026 23:22:51 - INFO - utils.trainer -   F_score: 0.20022
04/17/2026 23:22:51 - INFO - utils.trainer -   Loss: 98.23242
04/17/2026 23:22:51 - INFO - utils.trainer -   Epoch: 61, Train loss: 2.68129, Test loss: 98.23242,Epoch time = 16.141s
04/17/2026 23:23:07 - INFO - utils.trainer -   ***** Running evaluation on test1 dataset *****
04/17/2026 23:23:10 - INFO - utils.trainer -   AUC: 0.46316
04/17/2026 23:23:10 - INFO - utils.trainer -   Accuracy: 0.23567
04/17/2026 23:23:10 - INFO - utils.trainer -   Precision: 0.19519
04/17/2026 23:23:10 - INFO - utils.trainer -   Recall: 0.21295
04/17/2026 23:23:10 - INFO - utils.trainer -   F_score: 0.13166
04/17/2026 23:23:10 - INFO - utils.trainer -   Loss: 135.68749
04/17/2026 23:23:10 - INFO - utils.trainer -   Epoch: 62, Train loss: 2.70100, Test loss: 135.68749,Epoch time = 16.324s
04/17/2026 23:23:26 - INFO - utils.trainer -   ***** Running evaluation on test1 dataset *****
04/17/2026 23:23:29 - INFO - utils.trainer -   AUC: 0.50343
04/17/2026 23:23:29 - INFO - utils.trainer -   Accuracy: 0.26115
04/17/2026 23:23:29 - INFO - utils.trainer -   Precision: 0.24951
04/17/2026 23:23:29 - INFO - utils.trainer -   Recall: 0.23800
04/17/2026 23:23:29 - INFO - utils.trainer -   F_score: 0.15601
04/17/2026 23:23:29 - INFO - utils.trainer -   Loss: 223.19261
04/17/2026 23:23:29 - INFO - utils.trainer -   Epoch: 63, Train loss: 2.69160, Test loss: 223.19261,Epoch time = 16.706s
04/17/2026 23:23:45 - INFO - utils.trainer -   ***** Running evaluation on test1 dataset *****
04/17/2026 23:23:48 - INFO - utils.trainer -   AUC: 0.48187
04/17/2026 23:23:48 - INFO - utils.trainer -   Accuracy: 0.27389
04/17/2026 23:23:48 - INFO - utils.trainer -   Precision: 0.11385
04/17/2026 23:23:48 - INFO - utils.trainer -   Recall: 0.24578
04/17/2026 23:23:48 - INFO - utils.trainer -   F_score: 0.12982
04/17/2026 23:23:48 - INFO - utils.trainer -   Loss: 415.63501
04/17/2026 23:23:48 - INFO - utils.trainer -   Epoch: 64, Train loss: 2.70220, Test loss: 415.63501,Epoch time = 16.484s
04/17/2026 23:24:04 - INFO - utils.trainer -   ***** Running evaluation on test1 dataset *****
04/17/2026 23:24:07 - INFO - utils.trainer -   AUC: 0.46513
04/17/2026 23:24:07 - INFO - utils.trainer -   Accuracy: 0.28662
04/17/2026 23:24:07 - INFO - utils.trainer -   Precision: 0.27953
04/17/2026 23:24:07 - INFO - utils.trainer -   Recall: 0.25767
04/17/2026 23:24:07 - INFO - utils.trainer -   F_score: 0.13532
04/17/2026 23:24:07 - INFO - utils.trainer -   Loss: 639.60038
04/17/2026 23:24:07 - INFO - utils.trainer -   Epoch: 65, Train loss: 2.69752, Test loss: 639.60038,Epoch time = 16.545s
04/17/2026 23:24:24 - INFO - utils.trainer -   ***** Running evaluation on test1 dataset *****
04/17/2026 23:24:26 - INFO - utils.trainer -   AUC: 0.50380
04/17/2026 23:24:26 - INFO - utils.trainer -   Accuracy: 0.26752
04/17/2026 23:24:26 - INFO - utils.trainer -   Precision: 0.15167
04/17/2026 23:24:26 - INFO - utils.trainer -   Recall: 0.23990
04/17/2026 23:24:26 - INFO - utils.trainer -   F_score: 0.11849
04/17/2026 23:24:26 - INFO - utils.trainer -   Loss: 767.35369
04/17/2026 23:24:26 - INFO - utils.trainer -   Epoch: 66, Train loss: 2.68981, Test loss: 767.35369,Epoch time = 16.829s
04/17/2026 23:24:43 - INFO - utils.trainer -   ***** Running evaluation on test1 dataset *****
04/17/2026 23:24:45 - INFO - utils.trainer -   AUC: 0.44263
04/17/2026 23:24:45 - INFO - utils.trainer -   Accuracy: 0.26752
04/17/2026 23:24:45 - INFO - utils.trainer -   Precision: 0.14185
04/17/2026 23:24:45 - INFO - utils.trainer -   Recall: 0.24043
04/17/2026 23:24:45 - INFO - utils.trainer -   F_score: 0.12975
04/17/2026 23:24:45 - INFO - utils.trainer -   Loss: 881.05428
04/17/2026 23:24:45 - INFO - utils.trainer -   Epoch: 67, Train loss: 2.69207, Test loss: 881.05428,Epoch time = 16.216s
04/17/2026 23:25:02 - INFO - utils.trainer -   ***** Running evaluation on test1 dataset *****
04/17/2026 23:25:05 - INFO - utils.trainer -   AUC: 0.50733
04/17/2026 23:25:05 - INFO - utils.trainer -   Accuracy: 0.28025
04/17/2026 23:25:05 - INFO - utils.trainer -   Precision: 0.21652
04/17/2026 23:25:05 - INFO - utils.trainer -   Recall: 0.25342
04/17/2026 23:25:05 - INFO - utils.trainer -   F_score: 0.14418
04/17/2026 23:25:05 - INFO - utils.trainer -   Loss: 1077.13373
04/17/2026 23:25:05 - INFO - utils.trainer -   Epoch: 68, Train loss: 2.69521, Test loss: 1077.13373,Epoch time = 17.169s
04/17/2026 23:25:21 - INFO - utils.trainer -   ***** Running evaluation on test1 dataset *****
04/17/2026 23:25:24 - INFO - utils.trainer -   AUC: 0.51542
04/17/2026 23:25:24 - INFO - utils.trainer -   Accuracy: 0.26752
04/17/2026 23:25:24 - INFO - utils.trainer -   Precision: 0.06908
04/17/2026 23:25:24 - INFO - utils.trainer -   Recall: 0.23864
04/17/2026 23:25:24 - INFO - utils.trainer -   F_score: 0.10714
04/17/2026 23:25:24 - INFO - utils.trainer -   Loss: 1396.64624
04/17/2026 23:25:24 - INFO - utils.trainer -   Epoch: 69, Train loss: 2.69150, Test loss: 1396.64624,Epoch time = 16.390s
04/17/2026 23:25:40 - INFO - utils.trainer -   ***** Running evaluation on test1 dataset *****
04/17/2026 23:25:42 - INFO - utils.trainer -   AUC: 0.47982
04/17/2026 23:25:42 - INFO - utils.trainer -   Accuracy: 0.28025
04/17/2026 23:25:42 - INFO - utils.trainer -   Precision: 0.31981
04/17/2026 23:25:42 - INFO - utils.trainer -   Recall: 0.25073
04/17/2026 23:25:42 - INFO - utils.trainer -   F_score: 0.12109
04/17/2026 23:25:42 - INFO - utils.trainer -   Loss: 1763.13614
04/17/2026 23:25:42 - INFO - utils.trainer -   Epoch: 70, Train loss: 2.69531, Test loss: 1763.13614,Epoch time = 16.144s
04/17/2026 23:25:59 - INFO - utils.trainer -   ***** Running evaluation on test1 dataset *****
04/17/2026 23:26:01 - INFO - utils.trainer -   AUC: 0.51446
04/17/2026 23:26:01 - INFO - utils.trainer -   Accuracy: 0.29299
04/17/2026 23:26:01 - INFO - utils.trainer -   Precision: 0.24049
04/17/2026 23:26:01 - INFO - utils.trainer -   Recall: 0.26335
04/17/2026 23:26:01 - INFO - utils.trainer -   F_score: 0.13871
04/17/2026 23:26:01 - INFO - utils.trainer -   Loss: 2380.89034
04/17/2026 23:26:01 - INFO - utils.trainer -   Epoch: 71, Train loss: 2.68642, Test loss: 2380.89034,Epoch time = 16.449s
04/17/2026 23:26:18 - INFO - utils.trainer -   ***** Running evaluation on test1 dataset *****
04/17/2026 23:26:20 - INFO - utils.trainer -   AUC: 0.50287
04/17/2026 23:26:20 - INFO - utils.trainer -   Accuracy: 0.29936
04/17/2026 23:26:20 - INFO - utils.trainer -   Precision: 0.43305
04/17/2026 23:26:20 - INFO - utils.trainer -   Recall: 0.27338
04/17/2026 23:26:20 - INFO - utils.trainer -   F_score: 0.19001
04/17/2026 23:26:20 - INFO - utils.trainer -   Loss: 3245.90984
04/17/2026 23:26:20 - INFO - utils.trainer -   Epoch: 72, Train loss: 2.69125, Test loss: 3245.90984,Epoch time = 16.354s
04/17/2026 23:26:36 - INFO - utils.trainer -   ***** Running evaluation on test1 dataset *****
04/17/2026 23:26:39 - INFO - utils.trainer -   AUC: 0.49157
04/17/2026 23:26:39 - INFO - utils.trainer -   Accuracy: 0.29299
04/17/2026 23:26:39 - INFO - utils.trainer -   Precision: 0.34498
04/17/2026 23:26:39 - INFO - utils.trainer -   Recall: 0.26733
04/17/2026 23:26:39 - INFO - utils.trainer -   F_score: 0.18603
04/17/2026 23:26:39 - INFO - utils.trainer -   Loss: 4539.96129
04/17/2026 23:26:39 - INFO - utils.trainer -   Epoch: 73, Train loss: 2.69639, Test loss: 4539.96129,Epoch time = 16.067s
04/17/2026 23:26:55 - INFO - utils.trainer -   ***** Running evaluation on test1 dataset *****
04/17/2026 23:26:57 - INFO - utils.trainer -   AUC: 0.51348
04/17/2026 23:26:57 - INFO - utils.trainer -   Accuracy: 0.28025
04/17/2026 23:26:57 - INFO - utils.trainer -   Precision: 0.16867
04/17/2026 23:26:57 - INFO - utils.trainer -   Recall: 0.25272
04/17/2026 23:26:57 - INFO - utils.trainer -   F_score: 0.14361
04/17/2026 23:26:57 - INFO - utils.trainer -   Loss: 6415.20287
04/17/2026 23:26:57 - INFO - utils.trainer -   Epoch: 74, Train loss: 2.69507, Test loss: 6415.20287,Epoch time = 16.214s
04/17/2026 23:27:14 - INFO - utils.trainer -   ***** Running evaluation on test1 dataset *****
04/17/2026 23:27:16 - INFO - utils.trainer -   AUC: 0.56257
04/17/2026 23:27:16 - INFO - utils.trainer -   Accuracy: 0.28662
04/17/2026 23:27:16 - INFO - utils.trainer -   Precision: 0.19643
04/17/2026 23:27:16 - INFO - utils.trainer -   Recall: 0.25694
04/17/2026 23:27:16 - INFO - utils.trainer -   F_score: 0.12427
04/17/2026 23:27:16 - INFO - utils.trainer -   Loss: 8799.34143
04/17/2026 23:27:16 - INFO - utils.trainer -   Epoch: 75, Train loss: 2.69275, Test loss: 8799.34143,Epoch time = 16.489s
04/17/2026 23:27:33 - INFO - utils.trainer -   ***** Running evaluation on test1 dataset *****
04/17/2026 23:27:35 - INFO - utils.trainer -   AUC: 0.48914
04/17/2026 23:27:35 - INFO - utils.trainer -   Accuracy: 0.29299
04/17/2026 23:27:35 - INFO - utils.trainer -   Precision: 0.40523
04/17/2026 23:27:35 - INFO - utils.trainer -   Recall: 0.26299
04/17/2026 23:27:35 - INFO - utils.trainer -   F_score: 0.13640
04/17/2026 23:27:35 - INFO - utils.trainer -   Loss: 13024.09466
04/17/2026 23:27:35 - INFO - utils.trainer -   Epoch: 76, Train loss: 2.68966, Test loss: 13024.09466,Epoch time = 16.315s
04/17/2026 23:27:52 - INFO - utils.trainer -   ***** Running evaluation on test1 dataset *****
04/17/2026 23:27:54 - INFO - utils.trainer -   AUC: 0.50972
04/17/2026 23:27:54 - INFO - utils.trainer -   Accuracy: 0.27389
04/17/2026 23:27:54 - INFO - utils.trainer -   Precision: 0.15428
04/17/2026 23:27:54 - INFO - utils.trainer -   Recall: 0.24505
04/17/2026 23:27:54 - INFO - utils.trainer -   F_score: 0.12128
04/17/2026 23:27:54 - INFO - utils.trainer -   Loss: 18428.72935
04/17/2026 23:27:54 - INFO - utils.trainer -   Epoch: 77, Train loss: 2.68981, Test loss: 18428.72935,Epoch time = 16.259s
04/17/2026 23:28:11 - INFO - utils.trainer -   ***** Running evaluation on test1 dataset *****
04/17/2026 23:28:13 - INFO - utils.trainer -   AUC: 0.44903
04/17/2026 23:28:13 - INFO - utils.trainer -   Accuracy: 0.25478
04/17/2026 23:28:13 - INFO - utils.trainer -   Precision: 0.16968
04/17/2026 23:28:13 - INFO - utils.trainer -   Recall: 0.22890
04/17/2026 23:28:13 - INFO - utils.trainer -   F_score: 0.12354
04/17/2026 23:28:13 - INFO - utils.trainer -   Loss: 26122.02556
04/17/2026 23:28:13 - INFO - utils.trainer -   Epoch: 78, Train loss: 2.69303, Test loss: 26122.02556,Epoch time = 16.623s
04/17/2026 23:28:29 - INFO - utils.trainer -   ***** Running evaluation on test1 dataset *****
04/17/2026 23:28:32 - INFO - utils.trainer -   AUC: 0.52306
04/17/2026 23:28:32 - INFO - utils.trainer -   Accuracy: 0.27389
04/17/2026 23:28:32 - INFO - utils.trainer -   Precision: 0.06981
04/17/2026 23:28:32 - INFO - utils.trainer -   Recall: 0.24432
04/17/2026 23:28:32 - INFO - utils.trainer -   F_score: 0.10859
04/17/2026 23:28:32 - INFO - utils.trainer -   Loss: 37908.42986
04/17/2026 23:28:32 - INFO - utils.trainer -   Epoch: 79, Train loss: 2.69662, Test loss: 37908.42986,Epoch time = 16.351s
04/17/2026 23:28:48 - INFO - utils.trainer -   ***** Running evaluation on test1 dataset *****
04/17/2026 23:28:51 - INFO - utils.trainer -   AUC: 0.46593
04/17/2026 23:28:51 - INFO - utils.trainer -   Accuracy: 0.28025
04/17/2026 23:28:51 - INFO - utils.trainer -   Precision: 0.07006
04/17/2026 23:28:51 - INFO - utils.trainer -   Recall: 0.25000
04/17/2026 23:28:51 - INFO - utils.trainer -   F_score: 0.10945
04/17/2026 23:28:51 - INFO - utils.trainer -   Loss: 53008.19642
04/17/2026 23:28:51 - INFO - utils.trainer -   Epoch: 80, Train loss: 2.69530, Test loss: 53008.19642,Epoch time = 16.252s
04/17/2026 23:29:07 - INFO - utils.trainer -   ***** Running evaluation on test1 dataset *****
04/17/2026 23:29:09 - INFO - utils.trainer -   AUC: 0.45679
04/17/2026 23:29:09 - INFO - utils.trainer -   Accuracy: 0.26752
04/17/2026 23:29:09 - INFO - utils.trainer -   Precision: 0.06908
04/17/2026 23:29:09 - INFO - utils.trainer -   Recall: 0.23864
04/17/2026 23:29:09 - INFO - utils.trainer -   F_score: 0.10714
04/17/2026 23:29:09 - INFO - utils.trainer -   Loss: 79803.54275
04/17/2026 23:29:09 - INFO - utils.trainer -   Epoch: 81, Train loss: 2.68419, Test loss: 79803.54275,Epoch time = 16.096s
04/17/2026 23:29:25 - INFO - utils.trainer -   ***** Running evaluation on test1 dataset *****
04/17/2026 23:29:28 - INFO - utils.trainer -   AUC: 0.47003
04/17/2026 23:29:28 - INFO - utils.trainer -   Accuracy: 0.27389
04/17/2026 23:29:28 - INFO - utils.trainer -   Precision: 0.06891
04/17/2026 23:29:28 - INFO - utils.trainer -   Recall: 0.24432
04/17/2026 23:29:28 - INFO - utils.trainer -   F_score: 0.10750
04/17/2026 23:29:28 - INFO - utils.trainer -   Loss: 112362.32731
04/17/2026 23:29:28 - INFO - utils.trainer -   Epoch: 82, Train loss: 2.69470, Test loss: 112362.32731,Epoch time = 16.020s
04/17/2026 23:29:44 - INFO - utils.trainer -   ***** Running evaluation on test1 dataset *****
04/17/2026 23:29:46 - INFO - utils.trainer -   AUC: 0.46747
04/17/2026 23:29:46 - INFO - utils.trainer -   Accuracy: 0.28025
04/17/2026 23:29:46 - INFO - utils.trainer -   Precision: 0.31908
04/17/2026 23:29:46 - INFO - utils.trainer -   Recall: 0.25163
04/17/2026 23:29:46 - INFO - utils.trainer -   F_score: 0.13184
04/17/2026 23:29:46 - INFO - utils.trainer -   Loss: 167526.13827
04/17/2026 23:29:46 - INFO - utils.trainer -   Epoch: 83, Train loss: 2.69070, Test loss: 167526.13827,Epoch time = 16.066s
04/17/2026 23:30:02 - INFO - utils.trainer -   ***** Running evaluation on test1 dataset *****
04/17/2026 23:30:05 - INFO - utils.trainer -   AUC: 0.46611
04/17/2026 23:30:05 - INFO - utils.trainer -   Accuracy: 0.28025
04/17/2026 23:30:05 - INFO - utils.trainer -   Precision: 0.07006
04/17/2026 23:30:05 - INFO - utils.trainer -   Recall: 0.25000
04/17/2026 23:30:05 - INFO - utils.trainer -   F_score: 0.10945
04/17/2026 23:30:05 - INFO - utils.trainer -   Loss: 221967.14345
04/17/2026 23:30:05 - INFO - utils.trainer -   Epoch: 84, Train loss: 2.69802, Test loss: 221967.14345,Epoch time = 16.290s
04/17/2026 23:30:21 - INFO - utils.trainer -   ***** Running evaluation on test1 dataset *****
04/17/2026 23:30:23 - INFO - utils.trainer -   AUC: 0.52838
04/17/2026 23:30:23 - INFO - utils.trainer -   Accuracy: 0.28662
04/17/2026 23:30:23 - INFO - utils.trainer -   Precision: 0.19597
04/17/2026 23:30:23 - INFO - utils.trainer -   Recall: 0.25641
04/17/2026 23:30:23 - INFO - utils.trainer -   F_score: 0.12275
04/17/2026 23:30:23 - INFO - utils.trainer -   Loss: 320210.13734
04/17/2026 23:30:23 - INFO - utils.trainer -   Epoch: 85, Train loss: 2.69276, Test loss: 320210.13734,Epoch time = 16.196s
04/17/2026 23:30:40 - INFO - utils.trainer -   ***** Running evaluation on test1 dataset *****
04/17/2026 23:30:42 - INFO - utils.trainer -   AUC: 0.50545
04/17/2026 23:30:42 - INFO - utils.trainer -   Accuracy: 0.28025
04/17/2026 23:30:42 - INFO - utils.trainer -   Precision: 0.07051
04/17/2026 23:30:42 - INFO - utils.trainer -   Recall: 0.25000
04/17/2026 23:30:42 - INFO - utils.trainer -   F_score: 0.11000
04/17/2026 23:30:42 - INFO - utils.trainer -   Loss: 431680.18624
04/17/2026 23:30:42 - INFO - utils.trainer -   Epoch: 86, Train loss: 2.69541, Test loss: 431680.18624,Epoch time = 16.213s
04/17/2026 23:30:58 - INFO - utils.trainer -   ***** Running evaluation on test1 dataset *****
04/17/2026 23:31:01 - INFO - utils.trainer -   AUC: 0.50611
04/17/2026 23:31:01 - INFO - utils.trainer -   Accuracy: 0.28025
04/17/2026 23:31:01 - INFO - utils.trainer -   Precision: 0.07006
04/17/2026 23:31:01 - INFO - utils.trainer -   Recall: 0.25000
04/17/2026 23:31:01 - INFO - utils.trainer -   F_score: 0.10945
04/17/2026 23:31:01 - INFO - utils.trainer -   Loss: 561333.73403
04/17/2026 23:31:01 - INFO - utils.trainer -   Epoch: 87, Train loss: 2.69311, Test loss: 561333.73403,Epoch time = 15.995s
04/17/2026 23:31:17 - INFO - utils.trainer -   ***** Running evaluation on test1 dataset *****
04/17/2026 23:31:19 - INFO - utils.trainer -   AUC: 0.51664
04/17/2026 23:31:19 - INFO - utils.trainer -   Accuracy: 0.27389
04/17/2026 23:31:19 - INFO - utils.trainer -   Precision: 0.06935
04/17/2026 23:31:19 - INFO - utils.trainer -   Recall: 0.24432
04/17/2026 23:31:19 - INFO - utils.trainer -   F_score: 0.10804
04/17/2026 23:31:19 - INFO - utils.trainer -   Loss: 756881.78141
04/17/2026 23:31:19 - INFO - utils.trainer -   Epoch: 88, Train loss: 2.69221, Test loss: 756881.78141,Epoch time = 16.042s
04/17/2026 23:31:35 - INFO - utils.trainer -   ***** Running evaluation on test1 dataset *****
04/17/2026 23:31:37 - INFO - utils.trainer -   AUC: 0.48434
04/17/2026 23:31:37 - INFO - utils.trainer -   Accuracy: 0.29299
04/17/2026 23:31:37 - INFO - utils.trainer -   Precision: 0.44690
04/17/2026 23:31:37 - INFO - utils.trainer -   Recall: 0.26335
04/17/2026 23:31:37 - INFO - utils.trainer -   F_score: 0.13738
04/17/2026 23:31:37 - INFO - utils.trainer -   Loss: 1039379.09046
04/17/2026 23:31:37 - INFO - utils.trainer -   Epoch: 89, Train loss: 2.69565, Test loss: 1039379.09046,Epoch time = 16.057s
04/17/2026 23:31:54 - INFO - utils.trainer -   ***** Running evaluation on test1 dataset *****
04/17/2026 23:31:56 - INFO - utils.trainer -   AUC: 0.49459
04/17/2026 23:31:56 - INFO - utils.trainer -   Accuracy: 0.29299
04/17/2026 23:31:56 - INFO - utils.trainer -   Precision: 0.44643
04/17/2026 23:31:56 - INFO - utils.trainer -   Recall: 0.26299
04/17/2026 23:31:56 - INFO - utils.trainer -   F_score: 0.13611
04/17/2026 23:31:56 - INFO - utils.trainer -   Loss: 1233626.58172
04/17/2026 23:31:56 - INFO - utils.trainer -   Epoch: 90, Train loss: 2.69434, Test loss: 1233626.58172,Epoch time = 16.115s
04/17/2026 23:32:12 - INFO - utils.trainer -   ***** Running evaluation on test1 dataset *****
04/17/2026 23:32:15 - INFO - utils.trainer -   AUC: 0.43986
04/17/2026 23:32:15 - INFO - utils.trainer -   Accuracy: 0.28025
04/17/2026 23:32:15 - INFO - utils.trainer -   Precision: 0.07006
04/17/2026 23:32:15 - INFO - utils.trainer -   Recall: 0.25000
04/17/2026 23:32:15 - INFO - utils.trainer -   F_score: 0.10945
04/17/2026 23:32:15 - INFO - utils.trainer -   Loss: 1528250.18625
04/17/2026 23:32:15 - INFO - utils.trainer -   Epoch: 91, Train loss: 2.69698, Test loss: 1528250.18625,Epoch time = 16.211s
04/17/2026 23:32:31 - INFO - utils.trainer -   ***** Running evaluation on test1 dataset *****
04/17/2026 23:32:33 - INFO - utils.trainer -   AUC: 0.49345
04/17/2026 23:32:33 - INFO - utils.trainer -   Accuracy: 0.27389
04/17/2026 23:32:33 - INFO - utils.trainer -   Precision: 0.06891
04/17/2026 23:32:33 - INFO - utils.trainer -   Recall: 0.24432
04/17/2026 23:32:33 - INFO - utils.trainer -   F_score: 0.10750
04/17/2026 23:32:33 - INFO - utils.trainer -   Loss: 2031585.87632
04/17/2026 23:32:33 - INFO - utils.trainer -   Epoch: 92, Train loss: 2.68658, Test loss: 2031585.87632,Epoch time = 16.178s
04/17/2026 23:32:49 - INFO - utils.trainer -   ***** Running evaluation on test1 dataset *****
04/17/2026 23:32:52 - INFO - utils.trainer -   AUC: 0.48259
04/17/2026 23:32:52 - INFO - utils.trainer -   Accuracy: 0.28025
04/17/2026 23:32:52 - INFO - utils.trainer -   Precision: 0.07006
04/17/2026 23:32:52 - INFO - utils.trainer -   Recall: 0.25000
04/17/2026 23:32:52 - INFO - utils.trainer -   F_score: 0.10945
04/17/2026 23:32:52 - INFO - utils.trainer -   Loss: 2779974.27425
04/17/2026 23:32:52 - INFO - utils.trainer -   Epoch: 93, Train loss: 2.69634, Test loss: 2779974.27425,Epoch time = 16.136s
04/17/2026 23:33:08 - INFO - utils.trainer -   ***** Running evaluation on test1 dataset *****
04/17/2026 23:33:11 - INFO - utils.trainer -   AUC: 0.49762
04/17/2026 23:33:11 - INFO - utils.trainer -   Accuracy: 0.28025
04/17/2026 23:33:11 - INFO - utils.trainer -   Precision: 0.07006
04/17/2026 23:33:11 - INFO - utils.trainer -   Recall: 0.25000
04/17/2026 23:33:11 - INFO - utils.trainer -   F_score: 0.10945
04/17/2026 23:33:11 - INFO - utils.trainer -   Loss: 2858359.06918
04/17/2026 23:33:11 - INFO - utils.trainer -   Epoch: 94, Train loss: 2.69341, Test loss: 2858359.06918,Epoch time = 16.130s
04/17/2026 23:33:27 - INFO - utils.trainer -   ***** Running evaluation on test1 dataset *****
04/17/2026 23:33:29 - INFO - utils.trainer -   AUC: 0.49170
04/17/2026 23:33:29 - INFO - utils.trainer -   Accuracy: 0.28025
04/17/2026 23:33:29 - INFO - utils.trainer -   Precision: 0.07006
04/17/2026 23:33:29 - INFO - utils.trainer -   Recall: 0.25000
04/17/2026 23:33:29 - INFO - utils.trainer -   F_score: 0.10945
04/17/2026 23:33:29 - INFO - utils.trainer -   Loss: 3482871.27125
04/17/2026 23:33:29 - INFO - utils.trainer -   Epoch: 95, Train loss: 2.69615, Test loss: 3482871.27125,Epoch time = 16.196s
04/17/2026 23:33:45 - INFO - utils.trainer -   ***** Running evaluation on test1 dataset *****
04/17/2026 23:33:48 - INFO - utils.trainer -   AUC: 0.47297
04/17/2026 23:33:48 - INFO - utils.trainer -   Accuracy: 0.28025
04/17/2026 23:33:48 - INFO - utils.trainer -   Precision: 0.07006
04/17/2026 23:33:48 - INFO - utils.trainer -   Recall: 0.25000
04/17/2026 23:33:48 - INFO - utils.trainer -   F_score: 0.10945
04/17/2026 23:33:48 - INFO - utils.trainer -   Loss: 4073289.67186
04/17/2026 23:33:48 - INFO - utils.trainer -   Epoch: 96, Train loss: 2.68971, Test loss: 4073289.67186,Epoch time = 16.239s
04/17/2026 23:34:04 - INFO - utils.trainer -   ***** Running evaluation on test1 dataset *****
04/17/2026 23:34:06 - INFO - utils.trainer -   AUC: 0.56231
04/17/2026 23:34:06 - INFO - utils.trainer -   Accuracy: 0.28025
04/17/2026 23:34:06 - INFO - utils.trainer -   Precision: 0.07006
04/17/2026 23:34:06 - INFO - utils.trainer -   Recall: 0.25000
04/17/2026 23:34:06 - INFO - utils.trainer -   F_score: 0.10945
04/17/2026 23:34:06 - INFO - utils.trainer -   Loss: 5049183.26432
04/17/2026 23:34:06 - INFO - utils.trainer -   Epoch: 97, Train loss: 2.68603, Test loss: 5049183.26432,Epoch time = 16.023s
04/17/2026 23:34:23 - INFO - utils.trainer -   ***** Running evaluation on test1 dataset *****
04/17/2026 23:34:25 - INFO - utils.trainer -   AUC: 0.50427
04/17/2026 23:34:25 - INFO - utils.trainer -   Accuracy: 0.28025
04/17/2026 23:34:25 - INFO - utils.trainer -   Precision: 0.07006
04/17/2026 23:34:25 - INFO - utils.trainer -   Recall: 0.25000
04/17/2026 23:34:25 - INFO - utils.trainer -   F_score: 0.10945
04/17/2026 23:34:25 - INFO - utils.trainer -   Loss: 5888748.06854
04/17/2026 23:34:25 - INFO - utils.trainer -   Epoch: 98, Train loss: 2.69081, Test loss: 5888748.06854,Epoch time = 16.075s
04/17/2026 23:34:41 - INFO - utils.trainer -   ***** Running evaluation on test1 dataset *****
04/17/2026 23:34:44 - INFO - utils.trainer -   AUC: 0.48679
04/17/2026 23:34:44 - INFO - utils.trainer -   Accuracy: 0.28025
04/17/2026 23:34:44 - INFO - utils.trainer -   Precision: 0.07006
04/17/2026 23:34:44 - INFO - utils.trainer -   Recall: 0.25000
04/17/2026 23:34:44 - INFO - utils.trainer -   F_score: 0.10945
04/17/2026 23:34:44 - INFO - utils.trainer -   Loss: 6626508.46983
04/17/2026 23:34:44 - INFO - utils.trainer -   Epoch: 99, Train loss: 2.69809, Test loss: 6626508.46983,Epoch time = 16.417s
04/17/2026 23:35:00 - INFO - utils.trainer -   ***** Running evaluation on test1 dataset *****
04/17/2026 23:35:02 - INFO - utils.trainer -   AUC: 0.55756
04/17/2026 23:35:02 - INFO - utils.trainer -   Accuracy: 0.26752
04/17/2026 23:35:02 - INFO - utils.trainer -   Precision: 0.19333
04/17/2026 23:35:02 - INFO - utils.trainer -   Recall: 0.23953
04/17/2026 23:35:02 - INFO - utils.trainer -   F_score: 0.11817
04/17/2026 23:35:02 - INFO - utils.trainer -   Loss: 7619225.66207
04/17/2026 23:35:02 - INFO - utils.trainer -   Epoch: 100, Train loss: 2.69615, Test loss: 7619225.66207,Epoch time = 16.102s
04/17/2026 23:35:18 - INFO - utils.trainer -   ***** Running evaluation on test1 dataset *****
04/17/2026 23:35:21 - INFO - utils.trainer -   AUC: 0.49783
04/17/2026 23:35:21 - INFO - utils.trainer -   Accuracy: 0.27389
04/17/2026 23:35:21 - INFO - utils.trainer -   Precision: 0.40893
04/17/2026 23:35:21 - INFO - utils.trainer -   Recall: 0.25012
04/17/2026 23:35:21 - INFO - utils.trainer -   F_score: 0.17219
04/17/2026 23:35:21 - INFO - utils.trainer -   Loss: 8338796.86949
04/17/2026 23:35:21 - INFO - utils.trainer -   Epoch: 101, Train loss: 2.68986, Test loss: 8338796.86949,Epoch time = 15.768s
04/17/2026 23:35:37 - INFO - utils.trainer -   ***** Running evaluation on test1 dataset *****
04/17/2026 23:35:39 - INFO - utils.trainer -   AUC: 0.52480
04/17/2026 23:35:39 - INFO - utils.trainer -   Accuracy: 0.28662
04/17/2026 23:35:39 - INFO - utils.trainer -   Precision: 0.15570
04/17/2026 23:35:39 - INFO - utils.trainer -   Recall: 0.25658
04/17/2026 23:35:39 - INFO - utils.trainer -   F_score: 0.12444
04/17/2026 23:35:39 - INFO - utils.trainer -   Loss: 10090442.46405
04/17/2026 23:35:39 - INFO - utils.trainer -   Epoch: 102, Train loss: 2.67996, Test loss: 10090442.46405,Epoch time = 16.332s
04/17/2026 23:35:56 - INFO - utils.trainer -   ***** Running evaluation on test1 dataset *****
04/17/2026 23:35:58 - INFO - utils.trainer -   AUC: 0.47631
04/17/2026 23:35:58 - INFO - utils.trainer -   Accuracy: 0.28025
04/17/2026 23:35:58 - INFO - utils.trainer -   Precision: 0.07006
04/17/2026 23:35:58 - INFO - utils.trainer -   Recall: 0.25000
04/17/2026 23:35:58 - INFO - utils.trainer -   F_score: 0.10945
04/17/2026 23:35:58 - INFO - utils.trainer -   Loss: 11562900.87232
04/17/2026 23:35:58 - INFO - utils.trainer -   Epoch: 103, Train loss: 2.68774, Test loss: 11562900.87232,Epoch time = 16.418s
04/17/2026 23:36:15 - INFO - utils.trainer -   ***** Running evaluation on test1 dataset *****
04/17/2026 23:36:17 - INFO - utils.trainer -   AUC: 0.51753
04/17/2026 23:36:17 - INFO - utils.trainer -   Accuracy: 0.26752
04/17/2026 23:36:17 - INFO - utils.trainer -   Precision: 0.06774
04/17/2026 23:36:17 - INFO - utils.trainer -   Recall: 0.23864
04/17/2026 23:36:17 - INFO - utils.trainer -   F_score: 0.10553
04/17/2026 23:36:17 - INFO - utils.trainer -   Loss: 16418248.86956
04/17/2026 23:36:17 - INFO - utils.trainer -   Epoch: 104, Train loss: 2.67619, Test loss: 16418248.86956,Epoch time = 16.342s
04/17/2026 23:36:34 - INFO - utils.trainer -   ***** Running evaluation on test1 dataset *****
04/17/2026 23:36:36 - INFO - utils.trainer -   AUC: 0.47061
04/17/2026 23:36:36 - INFO - utils.trainer -   Accuracy: 0.28025
04/17/2026 23:36:36 - INFO - utils.trainer -   Precision: 0.15453
04/17/2026 23:36:36 - INFO - utils.trainer -   Recall: 0.25090
04/17/2026 23:36:36 - INFO - utils.trainer -   F_score: 0.12245
04/17/2026 23:36:36 - INFO - utils.trainer -   Loss: 23563704.87860
04/17/2026 23:36:36 - INFO - utils.trainer -   Epoch: 105, Train loss: 2.66280, Test loss: 23563704.87860,Epoch time = 16.709s
04/17/2026 23:36:53 - INFO - utils.trainer -   ***** Running evaluation on test1 dataset *****
04/17/2026 23:36:55 - INFO - utils.trainer -   AUC: 0.46369
04/17/2026 23:36:55 - INFO - utils.trainer -   Accuracy: 0.28025
04/17/2026 23:36:55 - INFO - utils.trainer -   Precision: 0.07006
04/17/2026 23:36:55 - INFO - utils.trainer -   Recall: 0.25000
04/17/2026 23:36:55 - INFO - utils.trainer -   F_score: 0.10945
04/17/2026 23:36:55 - INFO - utils.trainer -   Loss: 53859324.07267
04/17/2026 23:36:55 - INFO - utils.trainer -   Epoch: 106, Train loss: 2.65253, Test loss: 53859324.07267,Epoch time = 16.343s
04/17/2026 23:37:11 - INFO - utils.trainer -   ***** Running evaluation on test1 dataset *****
04/17/2026 23:37:14 - INFO - utils.trainer -   AUC: 0.50617
04/17/2026 23:37:14 - INFO - utils.trainer -   Accuracy: 0.28025
04/17/2026 23:37:14 - INFO - utils.trainer -   Precision: 0.07006
04/17/2026 23:37:14 - INFO - utils.trainer -   Recall: 0.25000
04/17/2026 23:37:14 - INFO - utils.trainer -   F_score: 0.10945
04/17/2026 23:37:14 - INFO - utils.trainer -   Loss: 62094268.06848
04/17/2026 23:37:14 - INFO - utils.trainer -   Epoch: 107, Train loss: 3.16809, Test loss: 62094268.06848,Epoch time = 16.200s
04/17/2026 23:37:31 - INFO - utils.trainer -   ***** Running evaluation on test1 dataset *****
04/17/2026 23:37:33 - INFO - utils.trainer -   AUC: 0.51092
04/17/2026 23:37:33 - INFO - utils.trainer -   Accuracy: 0.28025
04/17/2026 23:37:33 - INFO - utils.trainer -   Precision: 0.07006
04/17/2026 23:37:33 - INFO - utils.trainer -   Recall: 0.25000
04/17/2026 23:37:33 - INFO - utils.trainer -   F_score: 0.10945
04/17/2026 23:37:33 - INFO - utils.trainer -   Loss: -154942218.33348
04/17/2026 23:37:33 - INFO - utils.trainer -   Epoch: 108, Train loss: 2.53354, Test loss: -154942218.33348,Epoch time = 16.917s
04/17/2026 23:37:50 - INFO - utils.trainer -   ***** Running evaluation on test1 dataset *****
04/17/2026 23:37:52 - INFO - utils.trainer -   AUC: 0.53374
04/17/2026 23:37:52 - INFO - utils.trainer -   Accuracy: 0.28025
04/17/2026 23:37:52 - INFO - utils.trainer -   Precision: 0.07006
04/17/2026 23:37:52 - INFO - utils.trainer -   Recall: 0.25000
04/17/2026 23:37:52 - INFO - utils.trainer -   F_score: 0.10945
04/17/2026 23:37:52 - INFO - utils.trainer -   Loss: 127522012.06605
04/17/2026 23:37:52 - INFO - utils.trainer -   Epoch: 109, Train loss: 3.00347, Test loss: 127522012.06605,Epoch time = 16.223s
04/17/2026 23:38:08 - INFO - utils.trainer -   ***** Running evaluation on test1 dataset *****
04/17/2026 23:38:11 - INFO - utils.trainer -   AUC: 0.49157
04/17/2026 23:38:11 - INFO - utils.trainer -   Accuracy: 0.28025
04/17/2026 23:38:11 - INFO - utils.trainer -   Precision: 0.07006
04/17/2026 23:38:11 - INFO - utils.trainer -   Recall: 0.25000
04/17/2026 23:38:11 - INFO - utils.trainer -   F_score: 0.10945
04/17/2026 23:38:11 - INFO - utils.trainer -   Loss: 45243372.06535
04/17/2026 23:38:11 - INFO - utils.trainer -   Epoch: 110, Train loss: 1.99341, Test loss: 45243372.06535,Epoch time = 16.187s
04/17/2026 23:38:27 - INFO - utils.trainer -   ***** Running evaluation on test1 dataset *****
04/17/2026 23:38:30 - INFO - utils.trainer -   AUC: 0.51104
04/17/2026 23:38:30 - INFO - utils.trainer -   Accuracy: 0.28025
04/17/2026 23:38:30 - INFO - utils.trainer -   Precision: 0.07006
04/17/2026 23:38:30 - INFO - utils.trainer -   Recall: 0.25000
04/17/2026 23:38:30 - INFO - utils.trainer -   F_score: 0.10945
04/17/2026 23:38:30 - INFO - utils.trainer -   Loss: 277184719.26296
04/17/2026 23:38:30 - INFO - utils.trainer -   Epoch: 111, Train loss: 2.92067, Test loss: 277184719.26296,Epoch time = 16.419s
04/17/2026 23:38:46 - INFO - utils.trainer -   ***** Running evaluation on test1 dataset *****
04/17/2026 23:38:49 - INFO - utils.trainer -   AUC: 0.51240
04/17/2026 23:38:49 - INFO - utils.trainer -   Accuracy: 0.28025
04/17/2026 23:38:49 - INFO - utils.trainer -   Precision: 0.07006
04/17/2026 23:38:49 - INFO - utils.trainer -   Recall: 0.25000
04/17/2026 23:38:49 - INFO - utils.trainer -   F_score: 0.10945
04/17/2026 23:38:49 - INFO - utils.trainer -   Loss: -42029651.93472
04/17/2026 23:38:49 - INFO - utils.trainer -   Epoch: 112, Train loss: 2.69603, Test loss: -42029651.93472,Epoch time = 16.503s
04/17/2026 23:39:05 - INFO - utils.trainer -   ***** Running evaluation on test1 dataset *****
04/17/2026 23:39:08 - INFO - utils.trainer -   AUC: 0.50240
04/17/2026 23:39:08 - INFO - utils.trainer -   Accuracy: 0.28025
04/17/2026 23:39:08 - INFO - utils.trainer -   Precision: 0.07006
04/17/2026 23:39:08 - INFO - utils.trainer -   Recall: 0.25000
04/17/2026 23:39:08 - INFO - utils.trainer -   F_score: 0.10945
04/17/2026 23:39:08 - INFO - utils.trainer -   Loss: -74728599.13408
04/17/2026 23:39:08 - INFO - utils.trainer -   Epoch: 113, Train loss: 2.66951, Test loss: -74728599.13408,Epoch time = 16.317s
04/17/2026 23:39:24 - INFO - utils.trainer -   ***** Running evaluation on test1 dataset *****
04/17/2026 23:39:27 - INFO - utils.trainer -   AUC: 0.48007
04/17/2026 23:39:27 - INFO - utils.trainer -   Accuracy: 0.28025
04/17/2026 23:39:27 - INFO - utils.trainer -   Precision: 0.07006
04/17/2026 23:39:27 - INFO - utils.trainer -   Recall: 0.25000
04/17/2026 23:39:27 - INFO - utils.trainer -   F_score: 0.10945
04/17/2026 23:39:27 - INFO - utils.trainer -   Loss: 2134654978.46836
04/17/2026 23:39:27 - INFO - utils.trainer -   Epoch: 114, Train loss: 2.73333, Test loss: 2134654978.46836,Epoch time = 16.281s
04/17/2026 23:39:43 - INFO - utils.trainer -   ***** Running evaluation on test1 dataset *****
04/17/2026 23:39:45 - INFO - utils.trainer -   AUC: 0.54289
04/17/2026 23:39:45 - INFO - utils.trainer -   Accuracy: 0.28025
04/17/2026 23:39:45 - INFO - utils.trainer -   Precision: 0.07006
04/17/2026 23:39:45 - INFO - utils.trainer -   Recall: 0.25000
04/17/2026 23:39:45 - INFO - utils.trainer -   F_score: 0.10945
04/17/2026 23:39:45 - INFO - utils.trainer -   Loss: 120660610.46199
04/17/2026 23:39:45 - INFO - utils.trainer -   Epoch: 115, Train loss: 2.85437, Test loss: 120660610.46199,Epoch time = 16.169s
04/17/2026 23:40:01 - INFO - utils.trainer -   ***** Running evaluation on test1 dataset *****
04/17/2026 23:40:04 - INFO - utils.trainer -   AUC: 0.54843
04/17/2026 23:40:04 - INFO - utils.trainer -   Accuracy: 0.28025
04/17/2026 23:40:04 - INFO - utils.trainer -   Precision: 0.07006
04/17/2026 23:40:04 - INFO - utils.trainer -   Recall: 0.25000
04/17/2026 23:40:04 - INFO - utils.trainer -   F_score: 0.10945
04/17/2026 23:40:04 - INFO - utils.trainer -   Loss: 1476797032.86218
04/17/2026 23:40:04 - INFO - utils.trainer -   Epoch: 116, Train loss: 2.47827, Test loss: 1476797032.86218,Epoch time = 16.093s
04/17/2026 23:40:20 - INFO - utils.trainer -   ***** Running evaluation on test1 dataset *****
04/17/2026 23:40:23 - INFO - utils.trainer -   AUC: 0.51380
04/17/2026 23:40:23 - INFO - utils.trainer -   Accuracy: 0.28025
04/17/2026 23:40:23 - INFO - utils.trainer -   Precision: 0.07006
04/17/2026 23:40:23 - INFO - utils.trainer -   Recall: 0.25000
04/17/2026 23:40:23 - INFO - utils.trainer -   F_score: 0.10945
04/17/2026 23:40:23 - INFO - utils.trainer -   Loss: 150965020.06501
04/17/2026 23:40:23 - INFO - utils.trainer -   Epoch: 117, Train loss: 2.64801, Test loss: 150965020.06501,Epoch time = 16.255s
04/17/2026 23:40:39 - INFO - utils.trainer -   ***** Running evaluation on test1 dataset *****
04/17/2026 23:40:42 - INFO - utils.trainer -   AUC: 0.53184
04/17/2026 23:40:42 - INFO - utils.trainer -   Accuracy: 0.28025
04/17/2026 23:40:42 - INFO - utils.trainer -   Precision: 0.07006
04/17/2026 23:40:42 - INFO - utils.trainer -   Recall: 0.25000
04/17/2026 23:40:42 - INFO - utils.trainer -   F_score: 0.10945
04/17/2026 23:40:42 - INFO - utils.trainer -   Loss: -162767664.73726
04/17/2026 23:40:42 - INFO - utils.trainer -   Epoch: 118, Train loss: 2.64370, Test loss: -162767664.73726,Epoch time = 16.816s
04/17/2026 23:40:58 - INFO - utils.trainer -   ***** Running evaluation on test1 dataset *****
04/17/2026 23:41:01 - INFO - utils.trainer -   AUC: 0.48612
04/17/2026 23:41:01 - INFO - utils.trainer -   Accuracy: 0.28025
04/17/2026 23:41:01 - INFO - utils.trainer -   Precision: 0.07006
04/17/2026 23:41:01 - INFO - utils.trainer -   Recall: 0.25000
04/17/2026 23:41:01 - INFO - utils.trainer -   F_score: 0.10945
04/17/2026 23:41:01 - INFO - utils.trainer -   Loss: -139693783.13311
04/17/2026 23:41:01 - INFO - utils.trainer -   Epoch: 119, Train loss: 2.71765, Test loss: -139693783.13311,Epoch time = 16.454s
04/17/2026 23:41:17 - INFO - utils.trainer -   ***** Running evaluation on test1 dataset *****
04/17/2026 23:41:20 - INFO - utils.trainer -   AUC: 0.49966
04/17/2026 23:41:20 - INFO - utils.trainer -   Accuracy: 0.28025
04/17/2026 23:41:20 - INFO - utils.trainer -   Precision: 0.07006
04/17/2026 23:41:20 - INFO - utils.trainer -   Recall: 0.25000
04/17/2026 23:41:20 - INFO - utils.trainer -   F_score: 0.10945
04/17/2026 23:41:20 - INFO - utils.trainer -   Loss: 562453608.86510
04/17/2026 23:41:20 - INFO - utils.trainer -   Epoch: 120, Train loss: 2.53620, Test loss: 562453608.86510,Epoch time = 16.385s
04/17/2026 23:41:36 - INFO - utils.trainer -   ***** Running evaluation on test1 dataset *****
04/17/2026 23:41:39 - INFO - utils.trainer -   AUC: 0.51775
04/17/2026 23:41:39 - INFO - utils.trainer -   Accuracy: 0.28025
04/17/2026 23:41:39 - INFO - utils.trainer -   Precision: 0.07006
04/17/2026 23:41:39 - INFO - utils.trainer -   Recall: 0.25000
04/17/2026 23:41:39 - INFO - utils.trainer -   F_score: 0.10945
04/17/2026 23:41:39 - INFO - utils.trainer -   Loss: 121696770.46361
04/17/2026 23:41:39 - INFO - utils.trainer -   Epoch: 121, Train loss: 2.75517, Test loss: 121696770.46361,Epoch time = 16.612s
04/17/2026 23:41:55 - INFO - utils.trainer -   ***** Running evaluation on test1 dataset *****
04/17/2026 23:41:58 - INFO - utils.trainer -   AUC: 0.51961
04/17/2026 23:41:58 - INFO - utils.trainer -   Accuracy: 0.28025
04/17/2026 23:41:58 - INFO - utils.trainer -   Precision: 0.07006
04/17/2026 23:41:58 - INFO - utils.trainer -   Recall: 0.25000
04/17/2026 23:41:58 - INFO - utils.trainer -   F_score: 0.10945
04/17/2026 23:41:58 - INFO - utils.trainer -   Loss: 63436917.66512
04/17/2026 23:41:58 - INFO - utils.trainer -   Epoch: 122, Train loss: 2.68256, Test loss: 63436917.66512,Epoch time = 16.503s
04/17/2026 23:42:14 - INFO - utils.trainer -   ***** Running evaluation on test1 dataset *****
04/17/2026 23:42:16 - INFO - utils.trainer -   AUC: 0.48619
04/17/2026 23:42:16 - INFO - utils.trainer -   Accuracy: 0.28025
04/17/2026 23:42:16 - INFO - utils.trainer -   Precision: 0.07006
04/17/2026 23:42:16 - INFO - utils.trainer -   Recall: 0.25000
04/17/2026 23:42:16 - INFO - utils.trainer -   F_score: 0.10945
04/17/2026 23:42:16 - INFO - utils.trainer -   Loss: 141425090.46845
04/17/2026 23:42:16 - INFO - utils.trainer -   Epoch: 123, Train loss: 2.67108, Test loss: 141425090.46845,Epoch time = 16.179s
04/17/2026 23:42:33 - INFO - utils.trainer -   ***** Running evaluation on test1 dataset *****
04/17/2026 23:42:35 - INFO - utils.trainer -   AUC: 0.50497
04/17/2026 23:42:35 - INFO - utils.trainer -   Accuracy: 0.28025
04/17/2026 23:42:35 - INFO - utils.trainer -   Precision: 0.07006
04/17/2026 23:42:35 - INFO - utils.trainer -   Recall: 0.25000
04/17/2026 23:42:35 - INFO - utils.trainer -   F_score: 0.10945
04/17/2026 23:42:35 - INFO - utils.trainer -   Loss: -163643210.33479
04/17/2026 23:42:35 - INFO - utils.trainer -   Epoch: 124, Train loss: 2.86602, Test loss: -163643210.33479,Epoch time = 16.245s
04/17/2026 23:42:51 - INFO - utils.trainer -   ***** Running evaluation on test1 dataset *****
04/17/2026 23:42:54 - INFO - utils.trainer -   AUC: 0.44060
04/17/2026 23:42:54 - INFO - utils.trainer -   Accuracy: 0.27389
04/17/2026 23:42:54 - INFO - utils.trainer -   Precision: 0.06891
04/17/2026 23:42:54 - INFO - utils.trainer -   Recall: 0.24432
04/17/2026 23:42:54 - INFO - utils.trainer -   F_score: 0.10750
04/17/2026 23:42:54 - INFO - utils.trainer -   Loss: -86598455.12772
04/17/2026 23:42:54 - INFO - utils.trainer -   Epoch: 125, Train loss: 2.69242, Test loss: -86598455.12772,Epoch time = 16.412s
04/17/2026 23:43:10 - INFO - utils.trainer -   ***** Running evaluation on test1 dataset *****
04/17/2026 23:43:13 - INFO - utils.trainer -   AUC: 0.46141
04/17/2026 23:43:13 - INFO - utils.trainer -   Accuracy: 0.28025
04/17/2026 23:43:13 - INFO - utils.trainer -   Precision: 0.07006
04/17/2026 23:43:13 - INFO - utils.trainer -   Recall: 0.25000
04/17/2026 23:43:13 - INFO - utils.trainer -   F_score: 0.10945
04/17/2026 23:43:13 - INFO - utils.trainer -   Loss: -53304925.53150
04/17/2026 23:43:13 - INFO - utils.trainer -   Epoch: 126, Train loss: 2.69890, Test loss: -53304925.53150,Epoch time = 16.409s
04/17/2026 23:43:30 - INFO - utils.trainer -   ***** Running evaluation on test1 dataset *****
04/17/2026 23:43:32 - INFO - utils.trainer -   AUC: 0.48558
04/17/2026 23:43:32 - INFO - utils.trainer -   Accuracy: 0.28025
04/17/2026 23:43:32 - INFO - utils.trainer -   Precision: 0.07006
04/17/2026 23:43:32 - INFO - utils.trainer -   Recall: 0.25000
04/17/2026 23:43:32 - INFO - utils.trainer -   F_score: 0.10945
04/17/2026 23:43:32 - INFO - utils.trainer -   Loss: -51049741.53034
04/17/2026 23:43:32 - INFO - utils.trainer -   Epoch: 127, Train loss: 2.70149, Test loss: -51049741.53034,Epoch time = 16.546s
04/17/2026 23:43:49 - INFO - utils.trainer -   ***** Running evaluation on test1 dataset *****
04/17/2026 23:43:51 - INFO - utils.trainer -   AUC: 0.52119
04/17/2026 23:43:51 - INFO - utils.trainer -   Accuracy: 0.28025
04/17/2026 23:43:51 - INFO - utils.trainer -   Precision: 0.07006
04/17/2026 23:43:51 - INFO - utils.trainer -   Recall: 0.25000
04/17/2026 23:43:51 - INFO - utils.trainer -   F_score: 0.10945
04/17/2026 23:43:51 - INFO - utils.trainer -   Loss: -49168679.13701
04/17/2026 23:43:51 - INFO - utils.trainer -   Epoch: 128, Train loss: 2.69979, Test loss: -49168679.13701,Epoch time = 16.612s
04/17/2026 23:44:08 - INFO - utils.trainer -   ***** Running evaluation on test1 dataset *****
04/17/2026 23:44:10 - INFO - utils.trainer -   AUC: 0.52512
04/17/2026 23:44:10 - INFO - utils.trainer -   Accuracy: 0.28025
04/17/2026 23:44:10 - INFO - utils.trainer -   Precision: 0.07006
04/17/2026 23:44:10 - INFO - utils.trainer -   Recall: 0.25000
04/17/2026 23:44:10 - INFO - utils.trainer -   F_score: 0.10945
04/17/2026 23:44:10 - INFO - utils.trainer -   Loss: -55264157.53835
04/17/2026 23:44:10 - INFO - utils.trainer -   Epoch: 129, Train loss: 2.69391, Test loss: -55264157.53835,Epoch time = 16.473s
04/17/2026 23:44:27 - INFO - utils.trainer -   ***** Running evaluation on test1 dataset *****
04/17/2026 23:44:29 - INFO - utils.trainer -   AUC: 0.48217
04/17/2026 23:44:29 - INFO - utils.trainer -   Accuracy: 0.28025
04/17/2026 23:44:29 - INFO - utils.trainer -   Precision: 0.07006
04/17/2026 23:44:29 - INFO - utils.trainer -   Recall: 0.25000
04/17/2026 23:44:29 - INFO - utils.trainer -   F_score: 0.10945
04/17/2026 23:44:29 - INFO - utils.trainer -   Loss: -60262211.93431
04/17/2026 23:44:29 - INFO - utils.trainer -   Epoch: 130, Train loss: 2.68556, Test loss: -60262211.93431,Epoch time = 16.354s
04/17/2026 23:44:45 - INFO - utils.trainer -   ***** Running evaluation on test1 dataset *****
04/17/2026 23:44:48 - INFO - utils.trainer -   AUC: 0.53810
04/17/2026 23:44:48 - INFO - utils.trainer -   Accuracy: 0.28025
04/17/2026 23:44:48 - INFO - utils.trainer -   Precision: 0.07006
04/17/2026 23:44:48 - INFO - utils.trainer -   Recall: 0.25000
04/17/2026 23:44:48 - INFO - utils.trainer -   F_score: 0.10945
04/17/2026 23:44:48 - INFO - utils.trainer -   Loss: -60857514.33830
04/17/2026 23:44:48 - INFO - utils.trainer -   Epoch: 131, Train loss: 2.69667, Test loss: -60857514.33830,Epoch time = 16.189s
04/17/2026 23:45:04 - INFO - utils.trainer -   ***** Running evaluation on test1 dataset *****
04/17/2026 23:45:06 - INFO - utils.trainer -   AUC: 0.51122
04/17/2026 23:45:06 - INFO - utils.trainer -   Accuracy: 0.28025
04/17/2026 23:45:06 - INFO - utils.trainer -   Precision: 0.07006
04/17/2026 23:45:06 - INFO - utils.trainer -   Recall: 0.25000
04/17/2026 23:45:06 - INFO - utils.trainer -   F_score: 0.10945
04/17/2026 23:45:06 - INFO - utils.trainer -   Loss: -59933789.53908
04/17/2026 23:45:06 - INFO - utils.trainer -   Epoch: 132, Train loss: 2.69619, Test loss: -59933789.53908,Epoch time = 16.197s
04/17/2026 23:45:22 - INFO - utils.trainer -   ***** Running evaluation on test1 dataset *****
04/17/2026 23:45:25 - INFO - utils.trainer -   AUC: 0.52028
04/17/2026 23:45:25 - INFO - utils.trainer -   Accuracy: 0.28025
04/17/2026 23:45:25 - INFO - utils.trainer -   Precision: 0.07006
04/17/2026 23:45:25 - INFO - utils.trainer -   Recall: 0.25000
04/17/2026 23:45:25 - INFO - utils.trainer -   F_score: 0.10945
04/17/2026 23:45:25 - INFO - utils.trainer -   Loss: -65617040.73820
04/17/2026 23:45:25 - INFO - utils.trainer -   Epoch: 133, Train loss: 2.68898, Test loss: -65617040.73820,Epoch time = 16.004s
04/17/2026 23:45:41 - INFO - utils.trainer -   ***** Running evaluation on test1 dataset *****
04/17/2026 23:45:43 - INFO - utils.trainer -   AUC: 0.53348
04/17/2026 23:45:43 - INFO - utils.trainer -   Accuracy: 0.28025
04/17/2026 23:45:43 - INFO - utils.trainer -   Precision: 0.07006
04/17/2026 23:45:43 - INFO - utils.trainer -   Recall: 0.25000
04/17/2026 23:45:43 - INFO - utils.trainer -   F_score: 0.10945
04/17/2026 23:45:43 - INFO - utils.trainer -   Loss: -71359562.33997
04/17/2026 23:45:43 - INFO - utils.trainer -   Epoch: 134, Train loss: 2.69294, Test loss: -71359562.33997,Epoch time = 16.118s
04/17/2026 23:45:59 - INFO - utils.trainer -   ***** Running evaluation on test1 dataset *****
04/17/2026 23:46:02 - INFO - utils.trainer -   AUC: 0.48707
04/17/2026 23:46:02 - INFO - utils.trainer -   Accuracy: 0.28025
04/17/2026 23:46:02 - INFO - utils.trainer -   Precision: 0.07006
04/17/2026 23:46:02 - INFO - utils.trainer -   Recall: 0.25000
04/17/2026 23:46:02 - INFO - utils.trainer -   F_score: 0.10945
04/17/2026 23:46:02 - INFO - utils.trainer -   Loss: -135902179.93690
04/17/2026 23:46:02 - INFO - utils.trainer -   Epoch: 135, Train loss: 2.70808, Test loss: -135902179.93690,Epoch time = 16.090s
04/17/2026 23:46:18 - INFO - utils.trainer -   ***** Running evaluation on test1 dataset *****
04/17/2026 23:46:20 - INFO - utils.trainer -   AUC: 0.41027
04/17/2026 23:46:20 - INFO - utils.trainer -   Accuracy: 0.28025
04/17/2026 23:46:20 - INFO - utils.trainer -   Precision: 0.07006
04/17/2026 23:46:20 - INFO - utils.trainer -   Recall: 0.25000
04/17/2026 23:46:20 - INFO - utils.trainer -   F_score: 0.10945
04/17/2026 23:46:20 - INFO - utils.trainer -   Loss: -50860343.13347
04/17/2026 23:46:20 - INFO - utils.trainer -   Epoch: 136, Train loss: 2.52304, Test loss: -50860343.13347,Epoch time = 16.047s
04/17/2026 23:46:37 - INFO - utils.trainer -   ***** Running evaluation on test1 dataset *****
04/17/2026 23:46:39 - INFO - utils.trainer -   AUC: 0.49136
04/17/2026 23:46:39 - INFO - utils.trainer -   Accuracy: 0.28025
04/17/2026 23:46:39 - INFO - utils.trainer -   Precision: 0.07006
04/17/2026 23:46:39 - INFO - utils.trainer -   Recall: 0.25000
04/17/2026 23:46:39 - INFO - utils.trainer -   F_score: 0.10945
04/17/2026 23:46:39 - INFO - utils.trainer -   Loss: -56481757.53754
04/17/2026 23:46:39 - INFO - utils.trainer -   Epoch: 137, Train loss: 2.69568, Test loss: -56481757.53754,Epoch time = 16.401s
04/17/2026 23:46:55 - INFO - utils.trainer -   ***** Running evaluation on test1 dataset *****
04/17/2026 23:46:57 - INFO - utils.trainer -   AUC: 0.56037
04/17/2026 23:46:57 - INFO - utils.trainer -   Accuracy: 0.28025
04/17/2026 23:46:57 - INFO - utils.trainer -   Precision: 0.07006
04/17/2026 23:46:57 - INFO - utils.trainer -   Recall: 0.25000
04/17/2026 23:46:57 - INFO - utils.trainer -   F_score: 0.10945
04/17/2026 23:46:57 - INFO - utils.trainer -   Loss: -54143331.94234
04/17/2026 23:46:57 - INFO - utils.trainer -   Epoch: 138, Train loss: 2.69917, Test loss: -54143331.94234,Epoch time = 15.976s
04/17/2026 23:47:14 - INFO - utils.trainer -   ***** Running evaluation on test1 dataset *****
04/17/2026 23:47:16 - INFO - utils.trainer -   AUC: 0.47891
04/17/2026 23:47:16 - INFO - utils.trainer -   Accuracy: 0.28025
04/17/2026 23:47:16 - INFO - utils.trainer -   Precision: 0.07006
04/17/2026 23:47:16 - INFO - utils.trainer -   Recall: 0.25000
04/17/2026 23:47:16 - INFO - utils.trainer -   F_score: 0.10945
04/17/2026 23:47:16 - INFO - utils.trainer -   Loss: -62936682.33528
04/17/2026 23:47:16 - INFO - utils.trainer -   Epoch: 139, Train loss: 2.70311, Test loss: -62936682.33528,Epoch time = 16.194s
04/17/2026 23:47:32 - INFO - utils.trainer -   ***** Running evaluation on test1 dataset *****
04/17/2026 23:47:35 - INFO - utils.trainer -   AUC: 0.52669
04/17/2026 23:47:35 - INFO - utils.trainer -   Accuracy: 0.28025
04/17/2026 23:47:35 - INFO - utils.trainer -   Precision: 0.07006
04/17/2026 23:47:35 - INFO - utils.trainer -   Recall: 0.25000
04/17/2026 23:47:35 - INFO - utils.trainer -   F_score: 0.10945
04/17/2026 23:47:35 - INFO - utils.trainer -   Loss: -73478992.74001
04/17/2026 23:47:35 - INFO - utils.trainer -   Epoch: 140, Train loss: 2.68482, Test loss: -73478992.74001,Epoch time = 16.225s
04/17/2026 23:47:51 - INFO - utils.trainer -   ***** Running evaluation on test1 dataset *****
04/17/2026 23:47:53 - INFO - utils.trainer -   AUC: 0.49812
04/17/2026 23:47:53 - INFO - utils.trainer -   Accuracy: 0.28025
04/17/2026 23:47:53 - INFO - utils.trainer -   Precision: 0.07006
04/17/2026 23:47:53 - INFO - utils.trainer -   Recall: 0.25000
04/17/2026 23:47:53 - INFO - utils.trainer -   F_score: 0.10945
04/17/2026 23:47:53 - INFO - utils.trainer -   Loss: -73769303.13806
04/17/2026 23:47:53 - INFO - utils.trainer -   Epoch: 141, Train loss: 2.68916, Test loss: -73769303.13806,Epoch time = 16.138s
04/17/2026 23:48:09 - INFO - utils.trainer -   ***** Running evaluation on test1 dataset *****
04/17/2026 23:48:12 - INFO - utils.trainer -   AUC: 0.50627
04/17/2026 23:48:12 - INFO - utils.trainer -   Accuracy: 0.28025
04/17/2026 23:48:12 - INFO - utils.trainer -   Precision: 0.07006
04/17/2026 23:48:12 - INFO - utils.trainer -   Recall: 0.25000
04/17/2026 23:48:12 - INFO - utils.trainer -   F_score: 0.10945
04/17/2026 23:48:12 - INFO - utils.trainer -   Loss: -88724579.93791
04/17/2026 23:48:12 - INFO - utils.trainer -   Epoch: 142, Train loss: 2.68466, Test loss: -88724579.93791,Epoch time = 16.224s
04/17/2026 23:48:29 - INFO - utils.trainer -   ***** Running evaluation on test1 dataset *****
04/17/2026 23:48:31 - INFO - utils.trainer -   AUC: 0.53045
04/17/2026 23:48:31 - INFO - utils.trainer -   Accuracy: 0.28025
04/17/2026 23:48:31 - INFO - utils.trainer -   Precision: 0.07006
04/17/2026 23:48:31 - INFO - utils.trainer -   Recall: 0.25000
04/17/2026 23:48:31 - INFO - utils.trainer -   F_score: 0.10945
04/17/2026 23:48:31 - INFO - utils.trainer -   Loss: -103020247.14107
04/17/2026 23:48:31 - INFO - utils.trainer -   Epoch: 143, Train loss: 2.69715, Test loss: -103020247.14107,Epoch time = 16.649s
04/17/2026 23:48:47 - INFO - utils.trainer -   ***** Running evaluation on test1 dataset *****
04/17/2026 23:48:50 - INFO - utils.trainer -   AUC: 0.52801
04/17/2026 23:48:50 - INFO - utils.trainer -   Accuracy: 0.28025
04/17/2026 23:48:50 - INFO - utils.trainer -   Precision: 0.07006
04/17/2026 23:48:50 - INFO - utils.trainer -   Recall: 0.25000
04/17/2026 23:48:50 - INFO - utils.trainer -   F_score: 0.10945
04/17/2026 23:48:50 - INFO - utils.trainer -   Loss: -111220144.74058
04/17/2026 23:48:50 - INFO - utils.trainer -   Epoch: 144, Train loss: 2.70019, Test loss: -111220144.74058,Epoch time = 16.278s
04/17/2026 23:49:06 - INFO - utils.trainer -   ***** Running evaluation on test1 dataset *****
04/17/2026 23:49:08 - INFO - utils.trainer -   AUC: 0.51778
04/17/2026 23:49:08 - INFO - utils.trainer -   Accuracy: 0.28025
04/17/2026 23:49:08 - INFO - utils.trainer -   Precision: 0.07006
04/17/2026 23:49:08 - INFO - utils.trainer -   Recall: 0.25000
04/17/2026 23:49:08 - INFO - utils.trainer -   F_score: 0.10945
04/17/2026 23:49:08 - INFO - utils.trainer -   Loss: -164222064.74136
04/17/2026 23:49:08 - INFO - utils.trainer -   Epoch: 145, Train loss: 2.69158, Test loss: -164222064.74136,Epoch time = 16.079s
04/17/2026 23:49:24 - INFO - utils.trainer -   ***** Running evaluation on test1 dataset *****
04/17/2026 23:49:26 - INFO - utils.trainer -   AUC: 0.47586
04/17/2026 23:49:26 - INFO - utils.trainer -   Accuracy: 0.28025
04/17/2026 23:49:26 - INFO - utils.trainer -   Precision: 0.07006
04/17/2026 23:49:26 - INFO - utils.trainer -   Recall: 0.25000
04/17/2026 23:49:26 - INFO - utils.trainer -   F_score: 0.10945
04/17/2026 23:49:26 - INFO - utils.trainer -   Loss: 3134648527.26479
04/17/2026 23:49:26 - INFO - utils.trainer -   Epoch: 146, Train loss: 2.65440, Test loss: 3134648527.26479,Epoch time = 15.875s
04/17/2026 23:49:42 - INFO - utils.trainer -   ***** Running evaluation on test1 dataset *****
04/17/2026 23:49:44 - INFO - utils.trainer -   AUC: 0.50835
04/17/2026 23:49:44 - INFO - utils.trainer -   Accuracy: 0.28025
04/17/2026 23:49:44 - INFO - utils.trainer -   Precision: 0.07006
04/17/2026 23:49:44 - INFO - utils.trainer -   Recall: 0.25000
04/17/2026 23:49:44 - INFO - utils.trainer -   F_score: 0.10945
04/17/2026 23:49:44 - INFO - utils.trainer -   Loss: -338995248.73813
04/17/2026 23:49:44 - INFO - utils.trainer -   Epoch: 147, Train loss: 6.60804, Test loss: -338995248.73813,Epoch time = 15.794s
04/17/2026 23:50:00 - INFO - utils.trainer -   ***** Running evaluation on test1 dataset *****
04/17/2026 23:50:03 - INFO - utils.trainer -   AUC: 0.53225
04/17/2026 23:50:03 - INFO - utils.trainer -   Accuracy: 0.28025
04/17/2026 23:50:03 - INFO - utils.trainer -   Precision: 0.07006
04/17/2026 23:50:03 - INFO - utils.trainer -   Recall: 0.25000
04/17/2026 23:50:03 - INFO - utils.trainer -   F_score: 0.10945
04/17/2026 23:50:03 - INFO - utils.trainer -   Loss: -90576983.14078
04/17/2026 23:50:03 - INFO - utils.trainer -   Epoch: 148, Train loss: 2.85499, Test loss: -90576983.14078,Epoch time = 16.006s
04/17/2026 23:50:18 - INFO - utils.trainer -   ***** Running evaluation on test1 dataset *****
04/17/2026 23:50:21 - INFO - utils.trainer -   AUC: 0.50494
04/17/2026 23:50:21 - INFO - utils.trainer -   Accuracy: 0.28025
04/17/2026 23:50:21 - INFO - utils.trainer -   Precision: 0.07006
04/17/2026 23:50:21 - INFO - utils.trainer -   Recall: 0.25000
04/17/2026 23:50:21 - INFO - utils.trainer -   F_score: 0.10945
04/17/2026 23:50:21 - INFO - utils.trainer -   Loss: -79148144.73962
04/17/2026 23:50:21 - INFO - utils.trainer -   Epoch: 149, Train loss: 2.70163, Test loss: -79148144.73962,Epoch time = 15.618s
04/17/2026 23:50:37 - INFO - utils.trainer -   ***** Running evaluation on test1 dataset *****
04/17/2026 23:50:39 - INFO - utils.trainer -   AUC: 0.48796
04/17/2026 23:50:39 - INFO - utils.trainer -   Accuracy: 0.28025
04/17/2026 23:50:39 - INFO - utils.trainer -   Precision: 0.07006
04/17/2026 23:50:39 - INFO - utils.trainer -   Recall: 0.25000
04/17/2026 23:50:39 - INFO - utils.trainer -   F_score: 0.10945
04/17/2026 23:50:39 - INFO - utils.trainer -   Loss: -68391191.13830
04/17/2026 23:50:39 - INFO - utils.trainer -   Epoch: 150, Train loss: 2.69618, Test loss: -68391191.13830,Epoch time = 15.891s
04/17/2026 23:50:55 - INFO - utils.trainer -   ***** Running evaluation on test1 dataset *****
04/17/2026 23:50:57 - INFO - utils.trainer -   AUC: 0.51202
04/17/2026 23:50:57 - INFO - utils.trainer -   Accuracy: 0.28025
04/17/2026 23:50:57 - INFO - utils.trainer -   Precision: 0.07006
04/17/2026 23:50:57 - INFO - utils.trainer -   Recall: 0.25000
04/17/2026 23:50:57 - INFO - utils.trainer -   F_score: 0.10945
04/17/2026 23:50:57 - INFO - utils.trainer -   Loss: -65848125.54067
04/17/2026 23:50:57 - INFO - utils.trainer -   Epoch: 151, Train loss: 2.71246, Test loss: -65848125.54067,Epoch time = 15.805s
04/17/2026 23:51:13 - INFO - utils.trainer -   ***** Running evaluation on test1 dataset *****
04/17/2026 23:51:16 - INFO - utils.trainer -   AUC: 0.54042
04/17/2026 23:51:16 - INFO - utils.trainer -   Accuracy: 0.28025
04/17/2026 23:51:16 - INFO - utils.trainer -   Precision: 0.07006
04/17/2026 23:51:16 - INFO - utils.trainer -   Recall: 0.25000
04/17/2026 23:51:16 - INFO - utils.trainer -   F_score: 0.10945
04/17/2026 23:51:16 - INFO - utils.trainer -   Loss: -86422365.54291
04/17/2026 23:51:16 - INFO - utils.trainer -   Epoch: 152, Train loss: 2.68827, Test loss: -86422365.54291,Epoch time = 16.252s
04/17/2026 23:51:32 - INFO - utils.trainer -   ***** Running evaluation on test1 dataset *****
04/17/2026 23:51:35 - INFO - utils.trainer -   AUC: 0.51596
04/17/2026 23:51:35 - INFO - utils.trainer -   Accuracy: 0.28025
04/17/2026 23:51:35 - INFO - utils.trainer -   Precision: 0.07006
04/17/2026 23:51:35 - INFO - utils.trainer -   Recall: 0.25000
04/17/2026 23:51:35 - INFO - utils.trainer -   F_score: 0.10945
04/17/2026 23:51:35 - INFO - utils.trainer -   Loss: -74553079.13955
04/17/2026 23:51:35 - INFO - utils.trainer -   Epoch: 153, Train loss: 2.69520, Test loss: -74553079.13955,Epoch time = 16.497s
04/17/2026 23:51:51 - INFO - utils.trainer -   ***** Running evaluation on test1 dataset *****
04/17/2026 23:51:53 - INFO - utils.trainer -   AUC: 0.46621
04/17/2026 23:51:53 - INFO - utils.trainer -   Accuracy: 0.28025
04/17/2026 23:51:53 - INFO - utils.trainer -   Precision: 0.07006
04/17/2026 23:51:53 - INFO - utils.trainer -   Recall: 0.25000
04/17/2026 23:51:53 - INFO - utils.trainer -   F_score: 0.10945
04/17/2026 23:51:53 - INFO - utils.trainer -   Loss: -64630883.93740
04/17/2026 23:51:53 - INFO - utils.trainer -   Epoch: 154, Train loss: 2.71655, Test loss: -64630883.93740,Epoch time = 16.106s
04/17/2026 23:52:09 - INFO - utils.trainer -   ***** Running evaluation on test1 dataset *****
04/17/2026 23:52:12 - INFO - utils.trainer -   AUC: 0.47443
04/17/2026 23:52:12 - INFO - utils.trainer -   Accuracy: 0.28025
04/17/2026 23:52:12 - INFO - utils.trainer -   Precision: 0.07006
04/17/2026 23:52:12 - INFO - utils.trainer -   Recall: 0.25000
04/17/2026 23:52:12 - INFO - utils.trainer -   F_score: 0.10945
04/17/2026 23:52:12 - INFO - utils.trainer -   Loss: -80566583.13647
04/17/2026 23:52:12 - INFO - utils.trainer -   Epoch: 155, Train loss: 2.69574, Test loss: -80566583.13647,Epoch time = 15.909s
04/17/2026 23:52:28 - INFO - utils.trainer -   ***** Running evaluation on test1 dataset *****
04/17/2026 23:52:30 - INFO - utils.trainer -   AUC: 0.46540
04/17/2026 23:52:30 - INFO - utils.trainer -   Accuracy: 0.28025
04/17/2026 23:52:30 - INFO - utils.trainer -   Precision: 0.07006
04/17/2026 23:52:30 - INFO - utils.trainer -   Recall: 0.25000
04/17/2026 23:52:30 - INFO - utils.trainer -   F_score: 0.10945
04/17/2026 23:52:30 - INFO - utils.trainer -   Loss: -73894711.13583
04/17/2026 23:52:30 - INFO - utils.trainer -   Epoch: 156, Train loss: 2.69897, Test loss: -73894711.13583,Epoch time = 16.034s
04/17/2026 23:52:46 - INFO - utils.trainer -   ***** Running evaluation on test1 dataset *****
04/17/2026 23:52:48 - INFO - utils.trainer -   AUC: 0.54816
04/17/2026 23:52:48 - INFO - utils.trainer -   Accuracy: 0.28025
04/17/2026 23:52:48 - INFO - utils.trainer -   Precision: 0.07006
04/17/2026 23:52:48 - INFO - utils.trainer -   Recall: 0.25000
04/17/2026 23:52:48 - INFO - utils.trainer -   F_score: 0.10945
04/17/2026 23:52:48 - INFO - utils.trainer -   Loss: -79448016.74232
04/17/2026 23:52:48 - INFO - utils.trainer -   Epoch: 157, Train loss: 2.70097, Test loss: -79448016.74232,Epoch time = 15.952s
04/17/2026 23:53:05 - INFO - utils.trainer -   ***** Running evaluation on test1 dataset *****
04/17/2026 23:53:07 - INFO - utils.trainer -   AUC: 0.47461
04/17/2026 23:53:07 - INFO - utils.trainer -   Accuracy: 0.28025
04/17/2026 23:53:07 - INFO - utils.trainer -   Precision: 0.07006
04/17/2026 23:53:07 - INFO - utils.trainer -   Recall: 0.25000
04/17/2026 23:53:07 - INFO - utils.trainer -   F_score: 0.10945
04/17/2026 23:53:07 - INFO - utils.trainer -   Loss: -78957527.13500
04/17/2026 23:53:07 - INFO - utils.trainer -   Epoch: 158, Train loss: 2.70468, Test loss: -78957527.13500,Epoch time = 16.130s
04/17/2026 23:53:23 - INFO - utils.trainer -   ***** Running evaluation on test1 dataset *****
04/17/2026 23:53:25 - INFO - utils.trainer -   AUC: 0.55017
04/17/2026 23:53:25 - INFO - utils.trainer -   Accuracy: 0.28025
04/17/2026 23:53:25 - INFO - utils.trainer -   Precision: 0.07006
04/17/2026 23:53:25 - INFO - utils.trainer -   Recall: 0.25000
04/17/2026 23:53:25 - INFO - utils.trainer -   F_score: 0.10945
04/17/2026 23:53:25 - INFO - utils.trainer -   Loss: -73550839.14220
04/17/2026 23:53:25 - INFO - utils.trainer -   Epoch: 159, Train loss: 2.70006, Test loss: -73550839.14220,Epoch time = 15.810s
04/17/2026 23:53:41 - INFO - utils.trainer -   ***** Running evaluation on test1 dataset *****
04/17/2026 23:53:44 - INFO - utils.trainer -   AUC: 0.53262
04/17/2026 23:53:44 - INFO - utils.trainer -   Accuracy: 0.28025
04/17/2026 23:53:44 - INFO - utils.trainer -   Precision: 0.07006
04/17/2026 23:53:44 - INFO - utils.trainer -   Recall: 0.25000
04/17/2026 23:53:44 - INFO - utils.trainer -   F_score: 0.10945
04/17/2026 23:53:44 - INFO - utils.trainer -   Loss: -80429987.94314
04/17/2026 23:53:44 - INFO - utils.trainer -   Epoch: 160, Train loss: 2.69411, Test loss: -80429987.94314,Epoch time = 16.001s
04/17/2026 23:54:00 - INFO - utils.trainer -   ***** Running evaluation on test1 dataset *****
04/17/2026 23:54:02 - INFO - utils.trainer -   AUC: 0.54329
04/17/2026 23:54:02 - INFO - utils.trainer -   Accuracy: 0.28025
04/17/2026 23:54:02 - INFO - utils.trainer -   Precision: 0.07006
04/17/2026 23:54:02 - INFO - utils.trainer -   Recall: 0.25000
04/17/2026 23:54:02 - INFO - utils.trainer -   F_score: 0.10945
04/17/2026 23:54:02 - INFO - utils.trainer -   Loss: -77389955.94510
04/17/2026 23:54:02 - INFO - utils.trainer -   Epoch: 161, Train loss: 2.69693, Test loss: -77389955.94510,Epoch time = 16.090s
04/17/2026 23:54:18 - INFO - utils.trainer -   ***** Running evaluation on test1 dataset *****
04/17/2026 23:54:20 - INFO - utils.trainer -   AUC: 0.46833
04/17/2026 23:54:20 - INFO - utils.trainer -   Accuracy: 0.28025
04/17/2026 23:54:20 - INFO - utils.trainer -   Precision: 0.07006
04/17/2026 23:54:20 - INFO - utils.trainer -   Recall: 0.25000
04/17/2026 23:54:20 - INFO - utils.trainer -   F_score: 0.10945
04/17/2026 23:54:20 - INFO - utils.trainer -   Loss: -74503850.33490
04/17/2026 23:54:20 - INFO - utils.trainer -   Epoch: 162, Train loss: 2.69759, Test loss: -74503850.33490,Epoch time = 15.860s
04/17/2026 23:54:36 - INFO - utils.trainer -   ***** Running evaluation on test1 dataset *****
04/17/2026 23:54:39 - INFO - utils.trainer -   AUC: 0.49725
04/17/2026 23:54:39 - INFO - utils.trainer -   Accuracy: 0.28025
04/17/2026 23:54:39 - INFO - utils.trainer -   Precision: 0.07006
04/17/2026 23:54:39 - INFO - utils.trainer -   Recall: 0.25000
04/17/2026 23:54:39 - INFO - utils.trainer -   F_score: 0.10945
04/17/2026 23:54:39 - INFO - utils.trainer -   Loss: -75021539.93885
04/17/2026 23:54:39 - INFO - utils.trainer -   Epoch: 163, Train loss: 2.71334, Test loss: -75021539.93885,Epoch time = 15.831s
04/17/2026 23:54:54 - INFO - utils.trainer -   ***** Running evaluation on test1 dataset *****
04/17/2026 23:54:57 - INFO - utils.trainer -   AUC: 0.54567
04/17/2026 23:54:57 - INFO - utils.trainer -   Accuracy: 0.28025
04/17/2026 23:54:57 - INFO - utils.trainer -   Precision: 0.07006
04/17/2026 23:54:57 - INFO - utils.trainer -   Recall: 0.25000
04/17/2026 23:54:57 - INFO - utils.trainer -   F_score: 0.10945
04/17/2026 23:54:57 - INFO - utils.trainer -   Loss: -75523248.74416
04/17/2026 23:54:57 - INFO - utils.trainer -   Epoch: 164, Train loss: 2.70003, Test loss: -75523248.74416,Epoch time = 15.944s
04/17/2026 23:55:13 - INFO - utils.trainer -   ***** Running evaluation on test1 dataset *****
04/17/2026 23:55:15 - INFO - utils.trainer -   AUC: 0.47551
04/17/2026 23:55:15 - INFO - utils.trainer -   Accuracy: 0.28025
04/17/2026 23:55:15 - INFO - utils.trainer -   Precision: 0.07006
04/17/2026 23:55:15 - INFO - utils.trainer -   Recall: 0.25000
04/17/2026 23:55:15 - INFO - utils.trainer -   F_score: 0.10945
04/17/2026 23:55:15 - INFO - utils.trainer -   Loss: -76784023.13398
04/17/2026 23:55:15 - INFO - utils.trainer -   Epoch: 165, Train loss: 2.70018, Test loss: -76784023.13398,Epoch time = 16.126s
04/17/2026 23:55:31 - INFO - utils.trainer -   ***** Running evaluation on test1 dataset *****
04/17/2026 23:55:34 - INFO - utils.trainer -   AUC: 0.48554
04/17/2026 23:55:34 - INFO - utils.trainer -   Accuracy: 0.28025
04/17/2026 23:55:34 - INFO - utils.trainer -   Precision: 0.07006
04/17/2026 23:55:34 - INFO - utils.trainer -   Recall: 0.25000
04/17/2026 23:55:34 - INFO - utils.trainer -   F_score: 0.10945
04/17/2026 23:55:34 - INFO - utils.trainer -   Loss: -75529879.13533
04/17/2026 23:55:34 - INFO - utils.trainer -   Epoch: 166, Train loss: 2.70637, Test loss: -75529879.13533,Epoch time = 16.109s
04/17/2026 23:55:50 - INFO - utils.trainer -   ***** Running evaluation on test1 dataset *****
04/17/2026 23:55:52 - INFO - utils.trainer -   AUC: 0.51000
04/17/2026 23:55:52 - INFO - utils.trainer -   Accuracy: 0.28025
04/17/2026 23:55:52 - INFO - utils.trainer -   Precision: 0.07006
04/17/2026 23:55:52 - INFO - utils.trainer -   Recall: 0.25000
04/17/2026 23:55:52 - INFO - utils.trainer -   F_score: 0.10945
04/17/2026 23:55:52 - INFO - utils.trainer -   Loss: -84554519.13980
04/17/2026 23:55:52 - INFO - utils.trainer -   Epoch: 167, Train loss: 2.70658, Test loss: -84554519.13980,Epoch time = 15.913s
04/17/2026 23:56:08 - INFO - utils.trainer -   ***** Running evaluation on test1 dataset *****
04/17/2026 23:56:11 - INFO - utils.trainer -   AUC: 0.48186
04/17/2026 23:56:11 - INFO - utils.trainer -   Accuracy: 0.28025
04/17/2026 23:56:11 - INFO - utils.trainer -   Precision: 0.07006
04/17/2026 23:56:11 - INFO - utils.trainer -   Recall: 0.25000
04/17/2026 23:56:11 - INFO - utils.trainer -   F_score: 0.10945
04/17/2026 23:56:11 - INFO - utils.trainer -   Loss: -78720208.73519
04/17/2026 23:56:11 - INFO - utils.trainer -   Epoch: 168, Train loss: 2.70438, Test loss: -78720208.73519,Epoch time = 16.004s
04/17/2026 23:56:26 - INFO - utils.trainer -   ***** Running evaluation on test1 dataset *****
04/17/2026 23:56:29 - INFO - utils.trainer -   AUC: 0.42120
04/17/2026 23:56:29 - INFO - utils.trainer -   Accuracy: 0.28025
04/17/2026 23:56:29 - INFO - utils.trainer -   Precision: 0.07006
04/17/2026 23:56:29 - INFO - utils.trainer -   Recall: 0.25000
04/17/2026 23:56:29 - INFO - utils.trainer -   F_score: 0.10945
04/17/2026 23:56:29 - INFO - utils.trainer -   Loss: -81484131.92787
04/17/2026 23:56:29 - INFO - utils.trainer -   Epoch: 169, Train loss: 2.69871, Test loss: -81484131.92787,Epoch time = 15.954s
04/17/2026 23:56:45 - INFO - utils.trainer -   ***** Running evaluation on test1 dataset *****
04/17/2026 23:56:48 - INFO - utils.trainer -   AUC: 0.53841
04/17/2026 23:56:48 - INFO - utils.trainer -   Accuracy: 0.28025
04/17/2026 23:56:48 - INFO - utils.trainer -   Precision: 0.07006
04/17/2026 23:56:48 - INFO - utils.trainer -   Recall: 0.25000
04/17/2026 23:56:48 - INFO - utils.trainer -   F_score: 0.10945
04/17/2026 23:56:48 - INFO - utils.trainer -   Loss: -98070045.54125
04/17/2026 23:56:48 - INFO - utils.trainer -   Epoch: 170, Train loss: 2.69889, Test loss: -98070045.54125,Epoch time = 16.308s
04/17/2026 23:57:04 - INFO - utils.trainer -   ***** Running evaluation on test1 dataset *****
04/17/2026 23:57:06 - INFO - utils.trainer -   AUC: 0.51838
04/17/2026 23:57:06 - INFO - utils.trainer -   Accuracy: 0.28025
04/17/2026 23:57:06 - INFO - utils.trainer -   Precision: 0.07006
04/17/2026 23:57:06 - INFO - utils.trainer -   Recall: 0.25000
04/17/2026 23:57:06 - INFO - utils.trainer -   F_score: 0.10945
04/17/2026 23:57:06 - INFO - utils.trainer -   Loss: -86683869.53916
04/17/2026 23:57:06 - INFO - utils.trainer -   Epoch: 171, Train loss: 2.69924, Test loss: -86683869.53916,Epoch time = 16.296s
04/17/2026 23:57:23 - INFO - utils.trainer -   ***** Running evaluation on test1 dataset *****
04/17/2026 23:57:25 - INFO - utils.trainer -   AUC: 0.49667
04/17/2026 23:57:25 - INFO - utils.trainer -   Accuracy: 0.28025
04/17/2026 23:57:25 - INFO - utils.trainer -   Precision: 0.07006
04/17/2026 23:57:25 - INFO - utils.trainer -   Recall: 0.25000
04/17/2026 23:57:25 - INFO - utils.trainer -   F_score: 0.10945
04/17/2026 23:57:25 - INFO - utils.trainer -   Loss: -78484976.73836
04/17/2026 23:57:25 - INFO - utils.trainer -   Epoch: 172, Train loss: 2.70756, Test loss: -78484976.73836,Epoch time = 16.320s
04/17/2026 23:57:41 - INFO - utils.trainer -   ***** Running evaluation on test1 dataset *****
04/17/2026 23:57:44 - INFO - utils.trainer -   AUC: 0.52007
04/17/2026 23:57:44 - INFO - utils.trainer -   Accuracy: 0.28025
04/17/2026 23:57:44 - INFO - utils.trainer -   Precision: 0.07006
04/17/2026 23:57:44 - INFO - utils.trainer -   Recall: 0.25000
04/17/2026 23:57:44 - INFO - utils.trainer -   F_score: 0.10945
04/17/2026 23:57:44 - INFO - utils.trainer -   Loss: -80433834.34048
04/17/2026 23:57:44 - INFO - utils.trainer -   Epoch: 173, Train loss: 2.69328, Test loss: -80433834.34048,Epoch time = 16.180s
04/17/2026 23:58:00 - INFO - utils.trainer -   ***** Running evaluation on test1 dataset *****
04/17/2026 23:58:02 - INFO - utils.trainer -   AUC: 0.55249
04/17/2026 23:58:02 - INFO - utils.trainer -   Accuracy: 0.28025
04/17/2026 23:58:02 - INFO - utils.trainer -   Precision: 0.07006
04/17/2026 23:58:02 - INFO - utils.trainer -   Recall: 0.25000
04/17/2026 23:58:02 - INFO - utils.trainer -   F_score: 0.10945
04/17/2026 23:58:02 - INFO - utils.trainer -   Loss: -81537072.74277
04/17/2026 23:58:02 - INFO - utils.trainer -   Epoch: 174, Train loss: 2.70338, Test loss: -81537072.74277,Epoch time = 15.879s
04/17/2026 23:58:18 - INFO - utils.trainer -   ***** Running evaluation on test1 dataset *****
04/17/2026 23:58:21 - INFO - utils.trainer -   AUC: 0.44876
04/17/2026 23:58:21 - INFO - utils.trainer -   Accuracy: 0.28025
04/17/2026 23:58:21 - INFO - utils.trainer -   Precision: 0.07006
04/17/2026 23:58:21 - INFO - utils.trainer -   Recall: 0.25000
04/17/2026 23:58:21 - INFO - utils.trainer -   F_score: 0.10945
04/17/2026 23:58:21 - INFO - utils.trainer -   Loss: -78915261.53276
04/17/2026 23:58:21 - INFO - utils.trainer -   Epoch: 175, Train loss: 2.70180, Test loss: -78915261.53276,Epoch time = 16.103s
04/17/2026 23:58:36 - INFO - utils.trainer -   ***** Running evaluation on test1 dataset *****
04/17/2026 23:58:39 - INFO - utils.trainer -   AUC: 0.51623
04/17/2026 23:58:39 - INFO - utils.trainer -   Accuracy: 0.28025
04/17/2026 23:58:39 - INFO - utils.trainer -   Precision: 0.07006
04/17/2026 23:58:39 - INFO - utils.trainer -   Recall: 0.25000
04/17/2026 23:58:39 - INFO - utils.trainer -   F_score: 0.10945
04/17/2026 23:58:39 - INFO - utils.trainer -   Loss: -79708848.73990
04/17/2026 23:58:39 - INFO - utils.trainer -   Epoch: 176, Train loss: 2.69728, Test loss: -79708848.73990,Epoch time = 15.765s
04/17/2026 23:58:55 - INFO - utils.trainer -   ***** Running evaluation on test1 dataset *****
04/17/2026 23:58:57 - INFO - utils.trainer -   AUC: 0.50545
04/17/2026 23:58:57 - INFO - utils.trainer -   Accuracy: 0.28025
04/17/2026 23:58:57 - INFO - utils.trainer -   Precision: 0.07006
04/17/2026 23:58:57 - INFO - utils.trainer -   Recall: 0.25000
04/17/2026 23:58:57 - INFO - utils.trainer -   F_score: 0.10945
04/17/2026 23:58:57 - INFO - utils.trainer -   Loss: -84837840.73997
04/17/2026 23:58:57 - INFO - utils.trainer -   Epoch: 177, Train loss: 2.69158, Test loss: -84837840.73997,Epoch time = 15.938s
04/17/2026 23:59:14 - INFO - utils.trainer -   ***** Running evaluation on test1 dataset *****
04/17/2026 23:59:16 - INFO - utils.trainer -   AUC: 0.49286
04/17/2026 23:59:16 - INFO - utils.trainer -   Accuracy: 0.28025
04/17/2026 23:59:16 - INFO - utils.trainer -   Precision: 0.07006
04/17/2026 23:59:16 - INFO - utils.trainer -   Recall: 0.25000
04/17/2026 23:59:16 - INFO - utils.trainer -   F_score: 0.10945
04/17/2026 23:59:16 - INFO - utils.trainer -   Loss: -85202864.73940
04/17/2026 23:59:16 - INFO - utils.trainer -   Epoch: 178, Train loss: 2.70752, Test loss: -85202864.73940,Epoch time = 16.672s
04/17/2026 23:59:33 - INFO - utils.trainer -   ***** Running evaluation on test1 dataset *****
04/17/2026 23:59:35 - INFO - utils.trainer -   AUC: 0.55314
04/17/2026 23:59:35 - INFO - utils.trainer -   Accuracy: 0.28025
04/17/2026 23:59:35 - INFO - utils.trainer -   Precision: 0.07006
04/17/2026 23:59:35 - INFO - utils.trainer -   Recall: 0.25000
04/17/2026 23:59:35 - INFO - utils.trainer -   F_score: 0.10945
04/17/2026 23:59:35 - INFO - utils.trainer -   Loss: -87349975.14191
04/17/2026 23:59:35 - INFO - utils.trainer -   Epoch: 179, Train loss: 2.69153, Test loss: -87349975.14191,Epoch time = 16.260s
04/17/2026 23:59:51 - INFO - utils.trainer -   ***** Running evaluation on test1 dataset *****
04/17/2026 23:59:54 - INFO - utils.trainer -   AUC: 0.47701
04/17/2026 23:59:54 - INFO - utils.trainer -   Accuracy: 0.28025
04/17/2026 23:59:54 - INFO - utils.trainer -   Precision: 0.07006
04/17/2026 23:59:54 - INFO - utils.trainer -   Recall: 0.25000
04/17/2026 23:59:54 - INFO - utils.trainer -   F_score: 0.10945
04/17/2026 23:59:54 - INFO - utils.trainer -   Loss: -88789392.73693
04/17/2026 23:59:54 - INFO - utils.trainer -   Epoch: 180, Train loss: 2.69078, Test loss: -88789392.73693,Epoch time = 16.394s
04/18/2026 00:00:10 - INFO - utils.trainer -   ***** Running evaluation on test1 dataset *****
04/18/2026 00:00:13 - INFO - utils.trainer -   AUC: 0.43608
04/18/2026 00:00:13 - INFO - utils.trainer -   Accuracy: 0.28025
04/18/2026 00:00:13 - INFO - utils.trainer -   Precision: 0.07006
04/18/2026 00:00:13 - INFO - utils.trainer -   Recall: 0.25000
04/18/2026 00:00:13 - INFO - utils.trainer -   F_score: 0.10945
04/18/2026 00:00:13 - INFO - utils.trainer -   Loss: -77908912.73253
04/18/2026 00:00:13 - INFO - utils.trainer -   Epoch: 181, Train loss: 2.71579, Test loss: -77908912.73253,Epoch time = 16.426s
04/18/2026 00:00:29 - INFO - utils.trainer -   ***** Running evaluation on test1 dataset *****
04/18/2026 00:00:31 - INFO - utils.trainer -   AUC: 0.45821
04/18/2026 00:00:31 - INFO - utils.trainer -   Accuracy: 0.28025
04/18/2026 00:00:31 - INFO - utils.trainer -   Precision: 0.07006
04/18/2026 00:00:31 - INFO - utils.trainer -   Recall: 0.25000
04/18/2026 00:00:31 - INFO - utils.trainer -   F_score: 0.10945
04/18/2026 00:00:31 - INFO - utils.trainer -   Loss: -87649629.53492
04/18/2026 00:00:31 - INFO - utils.trainer -   Epoch: 182, Train loss: 2.69544, Test loss: -87649629.53492,Epoch time = 15.913s
04/18/2026 00:00:47 - INFO - utils.trainer -   ***** Running evaluation on test1 dataset *****
04/18/2026 00:00:49 - INFO - utils.trainer -   AUC: 0.53749
04/18/2026 00:00:49 - INFO - utils.trainer -   Accuracy: 0.28025
04/18/2026 00:00:49 - INFO - utils.trainer -   Precision: 0.07006
04/18/2026 00:00:49 - INFO - utils.trainer -   Recall: 0.25000
04/18/2026 00:00:49 - INFO - utils.trainer -   F_score: 0.10945
04/18/2026 00:00:49 - INFO - utils.trainer -   Loss: -94797360.74109
04/18/2026 00:00:49 - INFO - utils.trainer -   Epoch: 183, Train loss: 2.70468, Test loss: -94797360.74109,Epoch time = 15.956s
04/18/2026 00:01:06 - INFO - utils.trainer -   ***** Running evaluation on test1 dataset *****
04/18/2026 00:01:08 - INFO - utils.trainer -   AUC: 0.48140
04/18/2026 00:01:08 - INFO - utils.trainer -   Accuracy: 0.28025
04/18/2026 00:01:08 - INFO - utils.trainer -   Precision: 0.07006
04/18/2026 00:01:08 - INFO - utils.trainer -   Recall: 0.25000
04/18/2026 00:01:08 - INFO - utils.trainer -   F_score: 0.10945
04/18/2026 00:01:08 - INFO - utils.trainer -   Loss: -73101130.34020
04/18/2026 00:01:08 - INFO - utils.trainer -   Epoch: 184, Train loss: 2.71563, Test loss: -73101130.34020,Epoch time = 16.149s
04/18/2026 00:01:24 - INFO - utils.trainer -   ***** Running evaluation on test1 dataset *****
04/18/2026 00:01:27 - INFO - utils.trainer -   AUC: 0.50264
04/18/2026 00:01:27 - INFO - utils.trainer -   Accuracy: 0.28025
04/18/2026 00:01:27 - INFO - utils.trainer -   Precision: 0.07006
04/18/2026 00:01:27 - INFO - utils.trainer -   Recall: 0.25000
04/18/2026 00:01:27 - INFO - utils.trainer -   F_score: 0.10945
04/18/2026 00:01:27 - INFO - utils.trainer -   Loss: -86699120.73672
04/18/2026 00:01:27 - INFO - utils.trainer -   Epoch: 185, Train loss: 2.70778, Test loss: -86699120.73672,Epoch time = 16.438s
04/18/2026 00:01:44 - INFO - utils.trainer -   ***** Running evaluation on test1 dataset *****
04/18/2026 00:01:46 - INFO - utils.trainer -   AUC: 0.53187
04/18/2026 00:01:46 - INFO - utils.trainer -   Accuracy: 0.28025
04/18/2026 00:01:46 - INFO - utils.trainer -   Precision: 0.07006
04/18/2026 00:01:46 - INFO - utils.trainer -   Recall: 0.25000
04/18/2026 00:01:46 - INFO - utils.trainer -   F_score: 0.10945
04/18/2026 00:01:46 - INFO - utils.trainer -   Loss: -77320477.53960
04/18/2026 00:01:46 - INFO - utils.trainer -   Epoch: 186, Train loss: 2.71918, Test loss: -77320477.53960,Epoch time = 16.821s
04/18/2026 00:02:02 - INFO - utils.trainer -   ***** Running evaluation on test1 dataset *****
04/18/2026 00:02:05 - INFO - utils.trainer -   AUC: 0.50176
04/18/2026 00:02:05 - INFO - utils.trainer -   Accuracy: 0.28025
04/18/2026 00:02:05 - INFO - utils.trainer -   Precision: 0.07006
04/18/2026 00:02:05 - INFO - utils.trainer -   Recall: 0.25000
04/18/2026 00:02:05 - INFO - utils.trainer -   F_score: 0.10945
04/18/2026 00:02:05 - INFO - utils.trainer -   Loss: -92378941.53895
04/18/2026 00:02:05 - INFO - utils.trainer -   Epoch: 187, Train loss: 2.69771, Test loss: -92378941.53895,Epoch time = 16.260s
04/18/2026 00:02:21 - INFO - utils.trainer -   ***** Running evaluation on test1 dataset *****
04/18/2026 00:02:23 - INFO - utils.trainer -   AUC: 0.46405
04/18/2026 00:02:23 - INFO - utils.trainer -   Accuracy: 0.28025
04/18/2026 00:02:23 - INFO - utils.trainer -   Precision: 0.07006
04/18/2026 00:02:23 - INFO - utils.trainer -   Recall: 0.25000
04/18/2026 00:02:23 - INFO - utils.trainer -   F_score: 0.10945
04/18/2026 00:02:23 - INFO - utils.trainer -   Loss: -90554563.93368
04/18/2026 00:02:23 - INFO - utils.trainer -   Epoch: 188, Train loss: 2.69558, Test loss: -90554563.93368,Epoch time = 15.937s
04/18/2026 00:02:39 - INFO - utils.trainer -   ***** Running evaluation on test1 dataset *****
04/18/2026 00:02:41 - INFO - utils.trainer -   AUC: 0.51102
04/18/2026 00:02:41 - INFO - utils.trainer -   Accuracy: 0.28025
04/18/2026 00:02:41 - INFO - utils.trainer -   Precision: 0.07006
04/18/2026 00:02:41 - INFO - utils.trainer -   Recall: 0.25000
04/18/2026 00:02:41 - INFO - utils.trainer -   F_score: 0.10945
04/18/2026 00:02:41 - INFO - utils.trainer -   Loss: -86233315.93918
04/18/2026 00:02:41 - INFO - utils.trainer -   Epoch: 189, Train loss: 2.70599, Test loss: -86233315.93918,Epoch time = 15.904s
04/18/2026 00:02:57 - INFO - utils.trainer -   ***** Running evaluation on test1 dataset *****
04/18/2026 00:03:00 - INFO - utils.trainer -   AUC: 0.52300
04/18/2026 00:03:00 - INFO - utils.trainer -   Accuracy: 0.28025
04/18/2026 00:03:00 - INFO - utils.trainer -   Precision: 0.07006
04/18/2026 00:03:00 - INFO - utils.trainer -   Recall: 0.25000
04/18/2026 00:03:00 - INFO - utils.trainer -   F_score: 0.10945
04/18/2026 00:03:00 - INFO - utils.trainer -   Loss: -79916387.94123
04/18/2026 00:03:00 - INFO - utils.trainer -   Epoch: 190, Train loss: 2.71656, Test loss: -79916387.94123,Epoch time = 15.923s
04/18/2026 00:03:16 - INFO - utils.trainer -   ***** Running evaluation on test1 dataset *****
04/18/2026 00:03:18 - INFO - utils.trainer -   AUC: 0.48192
04/18/2026 00:03:18 - INFO - utils.trainer -   Accuracy: 0.28025
04/18/2026 00:03:18 - INFO - utils.trainer -   Precision: 0.07006
04/18/2026 00:03:18 - INFO - utils.trainer -   Recall: 0.25000
04/18/2026 00:03:18 - INFO - utils.trainer -   F_score: 0.10945
04/18/2026 00:03:18 - INFO - utils.trainer -   Loss: -87154403.93701
04/18/2026 00:03:18 - INFO - utils.trainer -   Epoch: 191, Train loss: 2.69180, Test loss: -87154403.93701,Epoch time = 16.165s
04/18/2026 00:03:35 - INFO - utils.trainer -   ***** Running evaluation on test1 dataset *****
04/18/2026 00:03:37 - INFO - utils.trainer -   AUC: 0.46500
04/18/2026 00:03:37 - INFO - utils.trainer -   Accuracy: 0.28025
04/18/2026 00:03:37 - INFO - utils.trainer -   Precision: 0.07006
04/18/2026 00:03:37 - INFO - utils.trainer -   Recall: 0.25000
04/18/2026 00:03:37 - INFO - utils.trainer -   F_score: 0.10945
04/18/2026 00:03:37 - INFO - utils.trainer -   Loss: -86977347.93509
04/18/2026 00:03:37 - INFO - utils.trainer -   Epoch: 192, Train loss: 2.69653, Test loss: -86977347.93509,Epoch time = 16.236s
04/18/2026 00:03:53 - INFO - utils.trainer -   ***** Running evaluation on test1 dataset *****
04/18/2026 00:03:56 - INFO - utils.trainer -   AUC: 0.44213
04/18/2026 00:03:56 - INFO - utils.trainer -   Accuracy: 0.28025
04/18/2026 00:03:56 - INFO - utils.trainer -   Precision: 0.07006
04/18/2026 00:03:56 - INFO - utils.trainer -   Recall: 0.25000
04/18/2026 00:03:56 - INFO - utils.trainer -   F_score: 0.10945
04/18/2026 00:03:56 - INFO - utils.trainer -   Loss: -90087805.53383
04/18/2026 00:03:56 - INFO - utils.trainer -   Epoch: 193, Train loss: 2.70200, Test loss: -90087805.53383,Epoch time = 16.266s
04/18/2026 00:04:12 - INFO - utils.trainer -   ***** Running evaluation on test1 dataset *****
04/18/2026 00:04:14 - INFO - utils.trainer -   AUC: 0.53083
04/18/2026 00:04:14 - INFO - utils.trainer -   Accuracy: 0.28025
04/18/2026 00:04:14 - INFO - utils.trainer -   Precision: 0.07006
04/18/2026 00:04:14 - INFO - utils.trainer -   Recall: 0.25000
04/18/2026 00:04:14 - INFO - utils.trainer -   F_score: 0.10945
04/18/2026 00:04:14 - INFO - utils.trainer -   Loss: -86242691.94172
04/18/2026 00:04:14 - INFO - utils.trainer -   Epoch: 194, Train loss: 2.69084, Test loss: -86242691.94172,Epoch time = 16.193s
04/18/2026 00:04:31 - INFO - utils.trainer -   ***** Running evaluation on test1 dataset *****
04/18/2026 00:04:33 - INFO - utils.trainer -   AUC: 0.47936
04/18/2026 00:04:33 - INFO - utils.trainer -   Accuracy: 0.28025
04/18/2026 00:04:33 - INFO - utils.trainer -   Precision: 0.07006
04/18/2026 00:04:33 - INFO - utils.trainer -   Recall: 0.25000
04/18/2026 00:04:33 - INFO - utils.trainer -   F_score: 0.10945
04/18/2026 00:04:33 - INFO - utils.trainer -   Loss: -91057392.73488
04/18/2026 00:04:33 - INFO - utils.trainer -   Epoch: 195, Train loss: 2.69303, Test loss: -91057392.73488,Epoch time = 16.477s
04/18/2026 00:04:50 - INFO - utils.trainer -   ***** Running evaluation on test1 dataset *****
04/18/2026 00:04:52 - INFO - utils.trainer -   AUC: 0.50179
04/18/2026 00:04:52 - INFO - utils.trainer -   Accuracy: 0.28025
04/18/2026 00:04:52 - INFO - utils.trainer -   Precision: 0.07006
04/18/2026 00:04:52 - INFO - utils.trainer -   Recall: 0.25000
04/18/2026 00:04:52 - INFO - utils.trainer -   F_score: 0.10945
04/18/2026 00:04:52 - INFO - utils.trainer -   Loss: -84742602.33825
04/18/2026 00:04:52 - INFO - utils.trainer -   Epoch: 196, Train loss: 2.70046, Test loss: -84742602.33825,Epoch time = 16.282s
04/18/2026 00:05:08 - INFO - utils.trainer -   ***** Running evaluation on test1 dataset *****
04/18/2026 00:05:11 - INFO - utils.trainer -   AUC: 0.56949
04/18/2026 00:05:11 - INFO - utils.trainer -   Accuracy: 0.28025
04/18/2026 00:05:11 - INFO - utils.trainer -   Precision: 0.07006
04/18/2026 00:05:11 - INFO - utils.trainer -   Recall: 0.25000
04/18/2026 00:05:11 - INFO - utils.trainer -   F_score: 0.10945
04/18/2026 00:05:11 - INFO - utils.trainer -   Loss: -98642538.34627
04/18/2026 00:05:11 - INFO - utils.trainer -   Epoch: 197, Train loss: 2.68792, Test loss: -98642538.34627,Epoch time = 15.884s
04/18/2026 00:05:27 - INFO - utils.trainer -   ***** Running evaluation on test1 dataset *****
04/18/2026 00:05:29 - INFO - utils.trainer -   AUC: 0.52755
04/18/2026 00:05:29 - INFO - utils.trainer -   Accuracy: 0.28025
04/18/2026 00:05:29 - INFO - utils.trainer -   Precision: 0.07006
04/18/2026 00:05:29 - INFO - utils.trainer -   Recall: 0.25000
04/18/2026 00:05:29 - INFO - utils.trainer -   F_score: 0.10945
04/18/2026 00:05:29 - INFO - utils.trainer -   Loss: -96462109.54229
04/18/2026 00:05:30 - INFO - utils.trainer -   Epoch: 198, Train loss: 2.70889, Test loss: -96462109.54229,Epoch time = 16.512s
04/18/2026 00:05:46 - INFO - utils.trainer -   ***** Running evaluation on test1 dataset *****
04/18/2026 00:05:49 - INFO - utils.trainer -   AUC: 0.50392
04/18/2026 00:05:49 - INFO - utils.trainer -   Accuracy: 0.28025
04/18/2026 00:05:49 - INFO - utils.trainer -   Precision: 0.07006
04/18/2026 00:05:49 - INFO - utils.trainer -   Recall: 0.25000
04/18/2026 00:05:49 - INFO - utils.trainer -   F_score: 0.10945
04/18/2026 00:05:49 - INFO - utils.trainer -   Loss: -91504330.34081
04/18/2026 00:05:49 - INFO - utils.trainer -   Epoch: 199, Train loss: 2.69065, Test loss: -91504330.34081,Epoch time = 16.635s
04/18/2026 00:06:05 - INFO - utils.trainer -   ***** Running evaluation on test1 dataset *****
04/18/2026 00:06:07 - INFO - utils.trainer -   AUC: 0.51069
04/18/2026 00:06:07 - INFO - utils.trainer -   Accuracy: 0.28025
04/18/2026 00:06:07 - INFO - utils.trainer -   Precision: 0.07006
04/18/2026 00:06:07 - INFO - utils.trainer -   Recall: 0.25000
04/18/2026 00:06:07 - INFO - utils.trainer -   F_score: 0.10945
04/18/2026 00:06:07 - INFO - utils.trainer -   Loss: -92814672.74041
04/18/2026 00:06:07 - INFO - utils.trainer -   Epoch: 200, Train loss: 2.70262, Test loss: -92814672.74041,Epoch time = 16.292s
04/18/2026 00:06:13 - INFO - __main__ -   ########## Repeat:2 ##########
04/18/2026 00:06:13 - INFO - utils.trainer -   ***** Running training *****
04/18/2026 00:06:13 - INFO - utils.trainer -     Num examples = 19
04/18/2026 00:06:13 - INFO - utils.trainer -     Num Epochs = 200
04/18/2026 00:06:13 - INFO - utils.trainer -     Total train batch size = 16
04/18/2026 00:06:13 - INFO - utils.trainer -     warmup steps = 400
04/18/2026 00:06:13 - INFO - utils.trainer -     Total optimization steps = 3800
04/18/2026 00:06:13 - INFO - utils.trainer -     Save steps = 200
04/18/2026 00:06:13 - INFO - root -   Parameters [normal] length [84]
04/18/2026 00:06:23 - INFO - utils.trainer -   ***** Running evaluation on test2 dataset *****
04/18/2026 00:06:25 - INFO - utils.trainer -   AUC: 0.46337
04/18/2026 00:06:25 - INFO - utils.trainer -   Accuracy: 0.22436
04/18/2026 00:06:25 - INFO - utils.trainer -   Precision: 0.26856
04/18/2026 00:06:25 - INFO - utils.trainer -   Recall: 0.21840
04/18/2026 00:06:25 - INFO - utils.trainer -   F_score: 0.21854
04/18/2026 00:06:25 - INFO - utils.trainer -   Loss: 2.82150
04/18/2026 00:06:26 - INFO - utils.trainer -   Saving model checkpoint to output_dir/SrCVIB
04/18/2026 00:06:26 - INFO - utils.trainer -   Epoch: 1, Train loss: 9.27917, Test loss: 2.82150,Epoch time = 10.309s
04/18/2026 00:06:41 - INFO - utils.trainer -   ***** Running evaluation on test2 dataset *****
04/18/2026 00:06:44 - INFO - utils.trainer -   AUC: 0.47131
04/18/2026 00:06:44 - INFO - utils.trainer -   Accuracy: 0.21795
04/18/2026 00:06:44 - INFO - utils.trainer -   Precision: 0.17951
04/18/2026 00:06:44 - INFO - utils.trainer -   Recall: 0.21020
04/18/2026 00:06:44 - INFO - utils.trainer -   F_score: 0.18919
04/18/2026 00:06:44 - INFO - utils.trainer -   Loss: 2.75851
04/18/2026 00:06:44 - INFO - utils.trainer -   Epoch: 2, Train loss: 2.83204, Test loss: 2.75851,Epoch time = 15.709s
04/18/2026 00:06:59 - INFO - utils.trainer -   ***** Running evaluation on test2 dataset *****
04/18/2026 00:07:02 - INFO - utils.trainer -   AUC: 0.52002
04/18/2026 00:07:02 - INFO - utils.trainer -   Accuracy: 0.26923
04/18/2026 00:07:02 - INFO - utils.trainer -   Precision: 0.26343
04/18/2026 00:07:02 - INFO - utils.trainer -   Recall: 0.25960
04/18/2026 00:07:02 - INFO - utils.trainer -   F_score: 0.23698
04/18/2026 00:07:02 - INFO - utils.trainer -   Loss: 2.73452
04/18/2026 00:07:02 - INFO - utils.trainer -   Saving model checkpoint to output_dir/SrCVIB
04/18/2026 00:07:02 - INFO - utils.trainer -   Epoch: 3, Train loss: 2.81992, Test loss: 2.73452,Epoch time = 15.608s
04/18/2026 00:07:17 - INFO - utils.trainer -   ***** Running evaluation on test2 dataset *****
04/18/2026 00:07:20 - INFO - utils.trainer -   AUC: 0.54930
04/18/2026 00:07:20 - INFO - utils.trainer -   Accuracy: 0.30769
04/18/2026 00:07:20 - INFO - utils.trainer -   Precision: 0.28606
04/18/2026 00:07:20 - INFO - utils.trainer -   Recall: 0.31806
04/18/2026 00:07:20 - INFO - utils.trainer -   F_score: 0.25884
04/18/2026 00:07:20 - INFO - utils.trainer -   Loss: 2.72514
04/18/2026 00:07:20 - INFO - utils.trainer -   Saving model checkpoint to output_dir/SrCVIB
04/18/2026 00:07:20 - INFO - utils.trainer -   Epoch: 4, Train loss: 2.79326, Test loss: 2.72514,Epoch time = 15.724s
04/18/2026 00:07:36 - INFO - utils.trainer -   ***** Running evaluation on test2 dataset *****
04/18/2026 00:07:38 - INFO - utils.trainer -   AUC: 0.53198
04/18/2026 00:07:38 - INFO - utils.trainer -   Accuracy: 0.26282
04/18/2026 00:07:38 - INFO - utils.trainer -   Precision: 0.26302
04/18/2026 00:07:38 - INFO - utils.trainer -   Recall: 0.26145
04/18/2026 00:07:38 - INFO - utils.trainer -   F_score: 0.24723
04/18/2026 00:07:38 - INFO - utils.trainer -   Loss: 2.73357
04/18/2026 00:07:38 - INFO - utils.trainer -   Epoch: 5, Train loss: 2.88340, Test loss: 2.73357,Epoch time = 15.819s
04/18/2026 00:07:54 - INFO - utils.trainer -   ***** Running evaluation on test2 dataset *****
04/18/2026 00:07:56 - INFO - utils.trainer -   AUC: 0.51100
04/18/2026 00:07:56 - INFO - utils.trainer -   Accuracy: 0.25641
04/18/2026 00:07:56 - INFO - utils.trainer -   Precision: 0.26983
04/18/2026 00:07:56 - INFO - utils.trainer -   Recall: 0.24735
04/18/2026 00:07:56 - INFO - utils.trainer -   F_score: 0.24040
04/18/2026 00:07:56 - INFO - utils.trainer -   Loss: 21.52270
04/18/2026 00:07:56 - INFO - utils.trainer -   Epoch: 6, Train loss: 2.84085, Test loss: 21.52270,Epoch time = 15.808s
04/18/2026 00:08:12 - INFO - utils.trainer -   ***** Running evaluation on test2 dataset *****
04/18/2026 00:08:14 - INFO - utils.trainer -   AUC: 0.51280
04/18/2026 00:08:14 - INFO - utils.trainer -   Accuracy: 0.27564
04/18/2026 00:08:14 - INFO - utils.trainer -   Precision: 0.26906
04/18/2026 00:08:14 - INFO - utils.trainer -   Recall: 0.26744
04/18/2026 00:08:14 - INFO - utils.trainer -   F_score: 0.26156
04/18/2026 00:08:14 - INFO - utils.trainer -   Loss: 29.72090
04/18/2026 00:08:14 - INFO - utils.trainer -   Saving model checkpoint to output_dir/SrCVIB
04/18/2026 00:08:14 - INFO - utils.trainer -   Epoch: 7, Train loss: 3.06836, Test loss: 29.72090,Epoch time = 15.822s
04/18/2026 00:08:30 - INFO - utils.trainer -   ***** Running evaluation on test2 dataset *****
04/18/2026 00:08:32 - INFO - utils.trainer -   AUC: 0.47532
04/18/2026 00:08:32 - INFO - utils.trainer -   Accuracy: 0.27564
04/18/2026 00:08:32 - INFO - utils.trainer -   Precision: 0.31308
04/18/2026 00:08:32 - INFO - utils.trainer -   Recall: 0.26780
04/18/2026 00:08:32 - INFO - utils.trainer -   F_score: 0.26568
04/18/2026 00:08:32 - INFO - utils.trainer -   Loss: 3.11990
04/18/2026 00:08:32 - INFO - utils.trainer -   Saving model checkpoint to output_dir/SrCVIB
04/18/2026 00:08:32 - INFO - utils.trainer -   Epoch: 8, Train loss: 2.96349, Test loss: 3.11990,Epoch time = 15.618s
04/18/2026 00:08:48 - INFO - utils.trainer -   ***** Running evaluation on test2 dataset *****
04/18/2026 00:08:50 - INFO - utils.trainer -   AUC: 0.50850
04/18/2026 00:08:50 - INFO - utils.trainer -   Accuracy: 0.28846
04/18/2026 00:08:50 - INFO - utils.trainer -   Precision: 0.29436
04/18/2026 00:08:50 - INFO - utils.trainer -   Recall: 0.29278
04/18/2026 00:08:50 - INFO - utils.trainer -   F_score: 0.28091
04/18/2026 00:08:50 - INFO - utils.trainer -   Loss: 3.44782
04/18/2026 00:08:50 - INFO - utils.trainer -   Saving model checkpoint to output_dir/SrCVIB
04/18/2026 00:08:50 - INFO - utils.trainer -   Epoch: 9, Train loss: 2.80837, Test loss: 3.44782,Epoch time = 15.732s
04/18/2026 00:09:06 - INFO - utils.trainer -   ***** Running evaluation on test2 dataset *****
04/18/2026 00:09:09 - INFO - utils.trainer -   AUC: 0.47701
04/18/2026 00:09:09 - INFO - utils.trainer -   Accuracy: 0.22436
04/18/2026 00:09:09 - INFO - utils.trainer -   Precision: 0.22284
04/18/2026 00:09:09 - INFO - utils.trainer -   Recall: 0.22718
04/18/2026 00:09:09 - INFO - utils.trainer -   F_score: 0.21415
04/18/2026 00:09:09 - INFO - utils.trainer -   Loss: 2.93259
04/18/2026 00:09:09 - INFO - utils.trainer -   Epoch: 10, Train loss: 3.09536, Test loss: 2.93259,Epoch time = 15.975s
04/18/2026 00:09:25 - INFO - utils.trainer -   ***** Running evaluation on test2 dataset *****
04/18/2026 00:09:27 - INFO - utils.trainer -   AUC: 0.49458
04/18/2026 00:09:27 - INFO - utils.trainer -   Accuracy: 0.24359
04/18/2026 00:09:27 - INFO - utils.trainer -   Precision: 0.19666
04/18/2026 00:09:27 - INFO - utils.trainer -   Recall: 0.25480
04/18/2026 00:09:27 - INFO - utils.trainer -   F_score: 0.21689
04/18/2026 00:09:27 - INFO - utils.trainer -   Loss: 9.77874
04/18/2026 00:09:27 - INFO - utils.trainer -   Epoch: 11, Train loss: 2.91648, Test loss: 9.77874,Epoch time = 15.883s
04/18/2026 00:09:43 - INFO - utils.trainer -   ***** Running evaluation on test2 dataset *****
04/18/2026 00:09:45 - INFO - utils.trainer -   AUC: 0.49675
04/18/2026 00:09:45 - INFO - utils.trainer -   Accuracy: 0.22436
04/18/2026 00:09:45 - INFO - utils.trainer -   Precision: 0.23062
04/18/2026 00:09:45 - INFO - utils.trainer -   Recall: 0.23131
04/18/2026 00:09:45 - INFO - utils.trainer -   F_score: 0.20909
04/18/2026 00:09:45 - INFO - utils.trainer -   Loss: 16.12831
04/18/2026 00:09:46 - INFO - utils.trainer -   Epoch: 12, Train loss: 3.34112, Test loss: 16.12831,Epoch time = 15.811s
04/18/2026 00:10:02 - INFO - utils.trainer -   ***** Running evaluation on test2 dataset *****
04/18/2026 00:10:05 - INFO - utils.trainer -   AUC: 0.52872
04/18/2026 00:10:05 - INFO - utils.trainer -   Accuracy: 0.26282
04/18/2026 00:10:05 - INFO - utils.trainer -   Precision: 0.19968
04/18/2026 00:10:05 - INFO - utils.trainer -   Recall: 0.27436
04/18/2026 00:10:05 - INFO - utils.trainer -   F_score: 0.22192
04/18/2026 00:10:05 - INFO - utils.trainer -   Loss: 6.83734
04/18/2026 00:10:05 - INFO - utils.trainer -   Epoch: 13, Train loss: 3.58212, Test loss: 6.83734,Epoch time = 16.555s
04/18/2026 00:10:21 - INFO - utils.trainer -   ***** Running evaluation on test2 dataset *****
04/18/2026 00:10:23 - INFO - utils.trainer -   AUC: 0.48148
04/18/2026 00:10:23 - INFO - utils.trainer -   Accuracy: 0.23718
04/18/2026 00:10:23 - INFO - utils.trainer -   Precision: 0.24119
04/18/2026 00:10:23 - INFO - utils.trainer -   Recall: 0.24374
04/18/2026 00:10:23 - INFO - utils.trainer -   F_score: 0.21940
04/18/2026 00:10:23 - INFO - utils.trainer -   Loss: 5.81354
04/18/2026 00:10:23 - INFO - utils.trainer -   Epoch: 14, Train loss: 3.14691, Test loss: 5.81354,Epoch time = 16.208s
04/18/2026 00:10:39 - INFO - utils.trainer -   ***** Running evaluation on test2 dataset *****
04/18/2026 00:10:42 - INFO - utils.trainer -   AUC: 0.52066
04/18/2026 00:10:42 - INFO - utils.trainer -   Accuracy: 0.28846
04/18/2026 00:10:42 - INFO - utils.trainer -   Precision: 0.29176
04/18/2026 00:10:42 - INFO - utils.trainer -   Recall: 0.29546
04/18/2026 00:10:42 - INFO - utils.trainer -   F_score: 0.27742
04/18/2026 00:10:42 - INFO - utils.trainer -   Loss: 5.53067
04/18/2026 00:10:42 - INFO - utils.trainer -   Epoch: 15, Train loss: 2.96791, Test loss: 5.53067,Epoch time = 16.196s
04/18/2026 00:10:58 - INFO - utils.trainer -   ***** Running evaluation on test2 dataset *****
04/18/2026 00:11:01 - INFO - utils.trainer -   AUC: 0.50522
04/18/2026 00:11:01 - INFO - utils.trainer -   Accuracy: 0.23718
04/18/2026 00:11:01 - INFO - utils.trainer -   Precision: 0.23907
04/18/2026 00:11:01 - INFO - utils.trainer -   Recall: 0.24338
04/18/2026 00:11:01 - INFO - utils.trainer -   F_score: 0.22485
04/18/2026 00:11:01 - INFO - utils.trainer -   Loss: 4.21949
04/18/2026 00:11:01 - INFO - utils.trainer -   Epoch: 16, Train loss: 2.88800, Test loss: 4.21949,Epoch time = 16.110s
04/18/2026 00:11:17 - INFO - utils.trainer -   ***** Running evaluation on test2 dataset *****
04/18/2026 00:11:19 - INFO - utils.trainer -   AUC: 0.52522
04/18/2026 00:11:19 - INFO - utils.trainer -   Accuracy: 0.23718
04/18/2026 00:11:19 - INFO - utils.trainer -   Precision: 0.24789
04/18/2026 00:11:19 - INFO - utils.trainer -   Recall: 0.22976
04/18/2026 00:11:19 - INFO - utils.trainer -   F_score: 0.22280
04/18/2026 00:11:19 - INFO - utils.trainer -   Loss: 2.97478
04/18/2026 00:11:19 - INFO - utils.trainer -   Epoch: 17, Train loss: 2.80703, Test loss: 2.97478,Epoch time = 16.221s
04/18/2026 00:11:35 - INFO - utils.trainer -   ***** Running evaluation on test2 dataset *****
04/18/2026 00:11:38 - INFO - utils.trainer -   AUC: 0.48972
04/18/2026 00:11:38 - INFO - utils.trainer -   Accuracy: 0.23077
04/18/2026 00:11:38 - INFO - utils.trainer -   Precision: 0.21560
04/18/2026 00:11:38 - INFO - utils.trainer -   Recall: 0.21996
04/18/2026 00:11:38 - INFO - utils.trainer -   F_score: 0.19930
04/18/2026 00:11:38 - INFO - utils.trainer -   Loss: 3.02954
04/18/2026 00:11:38 - INFO - utils.trainer -   Epoch: 18, Train loss: 2.75923, Test loss: 3.02954,Epoch time = 16.014s
04/18/2026 00:11:54 - INFO - utils.trainer -   ***** Running evaluation on test2 dataset *****
04/18/2026 00:11:57 - INFO - utils.trainer -   AUC: 0.50824
04/18/2026 00:11:57 - INFO - utils.trainer -   Accuracy: 0.21154
04/18/2026 00:11:57 - INFO - utils.trainer -   Precision: 0.20815
04/18/2026 00:11:57 - INFO - utils.trainer -   Recall: 0.21079
04/18/2026 00:11:57 - INFO - utils.trainer -   F_score: 0.19799
04/18/2026 00:11:57 - INFO - utils.trainer -   Loss: 3.23787
04/18/2026 00:11:57 - INFO - utils.trainer -   Epoch: 19, Train loss: 2.76789, Test loss: 3.23787,Epoch time = 16.203s
04/18/2026 00:12:13 - INFO - utils.trainer -   ***** Running evaluation on test2 dataset *****
04/18/2026 00:12:15 - INFO - utils.trainer -   AUC: 0.49805
04/18/2026 00:12:15 - INFO - utils.trainer -   Accuracy: 0.26282
04/18/2026 00:12:15 - INFO - utils.trainer -   Precision: 0.24628
04/18/2026 00:12:15 - INFO - utils.trainer -   Recall: 0.25519
04/18/2026 00:12:15 - INFO - utils.trainer -   F_score: 0.24346
04/18/2026 00:12:15 - INFO - utils.trainer -   Loss: 3.21318
04/18/2026 00:12:15 - INFO - utils.trainer -   Epoch: 20, Train loss: 2.73511, Test loss: 3.21318,Epoch time = 16.420s
04/18/2026 00:12:32 - INFO - utils.trainer -   ***** Running evaluation on test2 dataset *****
04/18/2026 00:12:34 - INFO - utils.trainer -   AUC: 0.48784
04/18/2026 00:12:34 - INFO - utils.trainer -   Accuracy: 0.26282
04/18/2026 00:12:34 - INFO - utils.trainer -   Precision: 0.30767
04/18/2026 00:12:34 - INFO - utils.trainer -   Recall: 0.25643
04/18/2026 00:12:34 - INFO - utils.trainer -   F_score: 0.24596
04/18/2026 00:12:34 - INFO - utils.trainer -   Loss: 3.30950
04/18/2026 00:12:34 - INFO - utils.trainer -   Epoch: 21, Train loss: 2.74430, Test loss: 3.30950,Epoch time = 16.510s
04/18/2026 00:12:51 - INFO - utils.trainer -   ***** Running evaluation on test2 dataset *****
04/18/2026 00:12:53 - INFO - utils.trainer -   AUC: 0.49546
04/18/2026 00:12:53 - INFO - utils.trainer -   Accuracy: 0.28846
04/18/2026 00:12:53 - INFO - utils.trainer -   Precision: 0.28280
04/18/2026 00:12:53 - INFO - utils.trainer -   Recall: 0.27451
04/18/2026 00:12:53 - INFO - utils.trainer -   F_score: 0.25549
04/18/2026 00:12:53 - INFO - utils.trainer -   Loss: 3.42982
04/18/2026 00:12:53 - INFO - utils.trainer -   Epoch: 22, Train loss: 2.73330, Test loss: 3.42982,Epoch time = 16.263s
04/18/2026 00:13:09 - INFO - utils.trainer -   ***** Running evaluation on test2 dataset *****
04/18/2026 00:13:12 - INFO - utils.trainer -   AUC: 0.45323
04/18/2026 00:13:12 - INFO - utils.trainer -   Accuracy: 0.19872
04/18/2026 00:13:12 - INFO - utils.trainer -   Precision: 0.16710
04/18/2026 00:13:12 - INFO - utils.trainer -   Recall: 0.18993
04/18/2026 00:13:12 - INFO - utils.trainer -   F_score: 0.17076
04/18/2026 00:13:12 - INFO - utils.trainer -   Loss: 3.65875
04/18/2026 00:13:12 - INFO - utils.trainer -   Epoch: 23, Train loss: 2.71156, Test loss: 3.65875,Epoch time = 16.245s
04/18/2026 00:13:28 - INFO - utils.trainer -   ***** Running evaluation on test2 dataset *****
04/18/2026 00:13:31 - INFO - utils.trainer -   AUC: 0.48282
04/18/2026 00:13:31 - INFO - utils.trainer -   Accuracy: 0.29487
04/18/2026 00:13:31 - INFO - utils.trainer -   Precision: 0.24957
04/18/2026 00:13:31 - INFO - utils.trainer -   Recall: 0.27678
04/18/2026 00:13:31 - INFO - utils.trainer -   F_score: 0.23447
04/18/2026 00:13:31 - INFO - utils.trainer -   Loss: 3.88119
04/18/2026 00:13:31 - INFO - utils.trainer -   Epoch: 24, Train loss: 2.73151, Test loss: 3.88119,Epoch time = 16.310s
04/18/2026 00:13:47 - INFO - utils.trainer -   ***** Running evaluation on test2 dataset *****
04/18/2026 00:13:50 - INFO - utils.trainer -   AUC: 0.46348
04/18/2026 00:13:50 - INFO - utils.trainer -   Accuracy: 0.23077
04/18/2026 00:13:50 - INFO - utils.trainer -   Precision: 0.20624
04/18/2026 00:13:50 - INFO - utils.trainer -   Recall: 0.22140
04/18/2026 00:13:50 - INFO - utils.trainer -   F_score: 0.20359
04/18/2026 00:13:50 - INFO - utils.trainer -   Loss: 4.37033
04/18/2026 00:13:50 - INFO - utils.trainer -   Epoch: 25, Train loss: 2.71710, Test loss: 4.37033,Epoch time = 16.736s
04/18/2026 00:14:07 - INFO - utils.trainer -   ***** Running evaluation on test2 dataset *****
04/18/2026 00:14:09 - INFO - utils.trainer -   AUC: 0.46987
04/18/2026 00:14:09 - INFO - utils.trainer -   Accuracy: 0.25641
04/18/2026 00:14:09 - INFO - utils.trainer -   Precision: 0.25377
04/18/2026 00:14:09 - INFO - utils.trainer -   Recall: 0.24627
04/18/2026 00:14:09 - INFO - utils.trainer -   F_score: 0.22938
04/18/2026 00:14:09 - INFO - utils.trainer -   Loss: 4.97940
04/18/2026 00:14:09 - INFO - utils.trainer -   Epoch: 26, Train loss: 2.72161, Test loss: 4.97940,Epoch time = 16.709s
04/18/2026 00:14:26 - INFO - utils.trainer -   ***** Running evaluation on test2 dataset *****
04/18/2026 00:14:28 - INFO - utils.trainer -   AUC: 0.51123
04/18/2026 00:14:28 - INFO - utils.trainer -   Accuracy: 0.25000
04/18/2026 00:14:28 - INFO - utils.trainer -   Precision: 0.32175
04/18/2026 00:14:28 - INFO - utils.trainer -   Recall: 0.23503
04/18/2026 00:14:28 - INFO - utils.trainer -   F_score: 0.20577
04/18/2026 00:14:28 - INFO - utils.trainer -   Loss: 6.29929
04/18/2026 00:14:28 - INFO - utils.trainer -   Epoch: 27, Train loss: 2.70332, Test loss: 6.29929,Epoch time = 16.789s
04/18/2026 00:14:45 - INFO - utils.trainer -   ***** Running evaluation on test2 dataset *****
04/18/2026 00:14:47 - INFO - utils.trainer -   AUC: 0.51198
04/18/2026 00:14:47 - INFO - utils.trainer -   Accuracy: 0.28846
04/18/2026 00:14:47 - INFO - utils.trainer -   Precision: 0.25562
04/18/2026 00:14:47 - INFO - utils.trainer -   Recall: 0.27897
04/18/2026 00:14:47 - INFO - utils.trainer -   F_score: 0.25512
04/18/2026 00:14:47 - INFO - utils.trainer -   Loss: 8.93843
04/18/2026 00:14:47 - INFO - utils.trainer -   Epoch: 28, Train loss: 2.70961, Test loss: 8.93843,Epoch time = 16.197s
04/18/2026 00:15:04 - INFO - utils.trainer -   ***** Running evaluation on test2 dataset *****
04/18/2026 00:15:06 - INFO - utils.trainer -   AUC: 0.50328
04/18/2026 00:15:06 - INFO - utils.trainer -   Accuracy: 0.26282
04/18/2026 00:15:06 - INFO - utils.trainer -   Precision: 0.21527
04/18/2026 00:15:06 - INFO - utils.trainer -   Recall: 0.24514
04/18/2026 00:15:06 - INFO - utils.trainer -   F_score: 0.20723
04/18/2026 00:15:06 - INFO - utils.trainer -   Loss: 12.80815
04/18/2026 00:15:06 - INFO - utils.trainer -   Epoch: 29, Train loss: 2.72210, Test loss: 12.80815,Epoch time = 16.292s
04/18/2026 00:15:22 - INFO - utils.trainer -   ***** Running evaluation on test2 dataset *****
04/18/2026 00:15:24 - INFO - utils.trainer -   AUC: 0.43793
04/18/2026 00:15:24 - INFO - utils.trainer -   Accuracy: 0.23077
04/18/2026 00:15:24 - INFO - utils.trainer -   Precision: 0.21851
04/18/2026 00:15:24 - INFO - utils.trainer -   Recall: 0.21601
04/18/2026 00:15:24 - INFO - utils.trainer -   F_score: 0.18258
04/18/2026 00:15:24 - INFO - utils.trainer -   Loss: 5.80146
04/18/2026 00:15:24 - INFO - utils.trainer -   Epoch: 30, Train loss: 2.70734, Test loss: 5.80146,Epoch time = 15.954s
04/18/2026 00:15:40 - INFO - utils.trainer -   ***** Running evaluation on test2 dataset *****
04/18/2026 00:15:43 - INFO - utils.trainer -   AUC: 0.45426
04/18/2026 00:15:43 - INFO - utils.trainer -   Accuracy: 0.25641
04/18/2026 00:15:43 - INFO - utils.trainer -   Precision: 0.19268
04/18/2026 00:15:43 - INFO - utils.trainer -   Recall: 0.23139
04/18/2026 00:15:43 - INFO - utils.trainer -   F_score: 0.14617
04/18/2026 00:15:43 - INFO - utils.trainer -   Loss: 6.14528
04/18/2026 00:15:43 - INFO - utils.trainer -   Epoch: 31, Train loss: 2.70312, Test loss: 6.14528,Epoch time = 15.757s
04/18/2026 00:15:59 - INFO - utils.trainer -   ***** Running evaluation on test2 dataset *****
04/18/2026 00:16:01 - INFO - utils.trainer -   AUC: 0.50837
04/18/2026 00:16:01 - INFO - utils.trainer -   Accuracy: 0.25000
04/18/2026 00:16:01 - INFO - utils.trainer -   Precision: 0.12285
04/18/2026 00:16:01 - INFO - utils.trainer -   Recall: 0.22356
04/18/2026 00:16:01 - INFO - utils.trainer -   F_score: 0.12639
04/18/2026 00:16:01 - INFO - utils.trainer -   Loss: 6.33443
04/18/2026 00:16:01 - INFO - utils.trainer -   Epoch: 32, Train loss: 2.69755, Test loss: 6.33443,Epoch time = 16.196s
04/18/2026 00:16:17 - INFO - utils.trainer -   ***** Running evaluation on test2 dataset *****
04/18/2026 00:16:20 - INFO - utils.trainer -   AUC: 0.47572
04/18/2026 00:16:20 - INFO - utils.trainer -   Accuracy: 0.26923
04/18/2026 00:16:20 - INFO - utils.trainer -   Precision: 0.21925
04/18/2026 00:16:20 - INFO - utils.trainer -   Recall: 0.24921
04/18/2026 00:16:20 - INFO - utils.trainer -   F_score: 0.18603
04/18/2026 00:16:20 - INFO - utils.trainer -   Loss: 7.16577
04/18/2026 00:16:20 - INFO - utils.trainer -   Epoch: 33, Train loss: 2.70469, Test loss: 7.16577,Epoch time = 16.105s
04/18/2026 00:16:36 - INFO - utils.trainer -   ***** Running evaluation on test2 dataset *****
04/18/2026 00:16:38 - INFO - utils.trainer -   AUC: 0.48506
04/18/2026 00:16:38 - INFO - utils.trainer -   Accuracy: 0.28846
04/18/2026 00:16:38 - INFO - utils.trainer -   Precision: 0.28085
04/18/2026 00:16:38 - INFO - utils.trainer -   Recall: 0.26303
04/18/2026 00:16:38 - INFO - utils.trainer -   F_score: 0.18370
04/18/2026 00:16:38 - INFO - utils.trainer -   Loss: 8.85812
04/18/2026 00:16:38 - INFO - utils.trainer -   Epoch: 34, Train loss: 2.71446, Test loss: 8.85812,Epoch time = 16.133s
04/18/2026 00:16:54 - INFO - utils.trainer -   ***** Running evaluation on test2 dataset *****
04/18/2026 00:16:57 - INFO - utils.trainer -   AUC: 0.50829
04/18/2026 00:16:57 - INFO - utils.trainer -   Accuracy: 0.27564
04/18/2026 00:16:57 - INFO - utils.trainer -   Precision: 0.17485
04/18/2026 00:16:57 - INFO - utils.trainer -   Recall: 0.25184
04/18/2026 00:16:57 - INFO - utils.trainer -   F_score: 0.17817
04/18/2026 00:16:57 - INFO - utils.trainer -   Loss: 11.49262
04/18/2026 00:16:57 - INFO - utils.trainer -   Epoch: 35, Train loss: 2.68851, Test loss: 11.49262,Epoch time = 16.059s
04/18/2026 00:17:13 - INFO - utils.trainer -   ***** Running evaluation on test2 dataset *****
04/18/2026 00:17:15 - INFO - utils.trainer -   AUC: 0.54156
04/18/2026 00:17:15 - INFO - utils.trainer -   Accuracy: 0.31410
04/18/2026 00:17:15 - INFO - utils.trainer -   Precision: 0.36011
04/18/2026 00:17:15 - INFO - utils.trainer -   Recall: 0.29060
04/18/2026 00:17:15 - INFO - utils.trainer -   F_score: 0.23452
04/18/2026 00:17:15 - INFO - utils.trainer -   Loss: 16.62476
04/18/2026 00:17:15 - INFO - utils.trainer -   Epoch: 36, Train loss: 2.68522, Test loss: 16.62476,Epoch time = 15.907s
04/18/2026 00:17:31 - INFO - utils.trainer -   ***** Running evaluation on test2 dataset *****
04/18/2026 00:17:34 - INFO - utils.trainer -   AUC: 0.47424
04/18/2026 00:17:34 - INFO - utils.trainer -   Accuracy: 0.23077
04/18/2026 00:17:34 - INFO - utils.trainer -   Precision: 0.21414
04/18/2026 00:17:34 - INFO - utils.trainer -   Recall: 0.21369
04/18/2026 00:17:34 - INFO - utils.trainer -   F_score: 0.17391
04/18/2026 00:17:34 - INFO - utils.trainer -   Loss: 22.31431
04/18/2026 00:17:34 - INFO - utils.trainer -   Epoch: 37, Train loss: 2.69509, Test loss: 22.31431,Epoch time = 16.208s
04/18/2026 00:17:49 - INFO - utils.trainer -   ***** Running evaluation on test2 dataset *****
04/18/2026 00:17:52 - INFO - utils.trainer -   AUC: 0.46963
04/18/2026 00:17:52 - INFO - utils.trainer -   Accuracy: 0.23718
04/18/2026 00:17:52 - INFO - utils.trainer -   Precision: 0.21938
04/18/2026 00:17:52 - INFO - utils.trainer -   Recall: 0.22493
04/18/2026 00:17:52 - INFO - utils.trainer -   F_score: 0.20602
04/18/2026 00:17:52 - INFO - utils.trainer -   Loss: 64.14943
04/18/2026 00:17:52 - INFO - utils.trainer -   Epoch: 38, Train loss: 2.71002, Test loss: 64.14943,Epoch time = 15.813s
04/18/2026 00:18:08 - INFO - utils.trainer -   ***** Running evaluation on test2 dataset *****
04/18/2026 00:18:10 - INFO - utils.trainer -   AUC: 0.58074
04/18/2026 00:18:10 - INFO - utils.trainer -   Accuracy: 0.29487
04/18/2026 00:18:10 - INFO - utils.trainer -   Precision: 0.29189
04/18/2026 00:18:10 - INFO - utils.trainer -   Recall: 0.28018
04/18/2026 00:18:10 - INFO - utils.trainer -   F_score: 0.25281
04/18/2026 00:18:10 - INFO - utils.trainer -   Loss: 88.65585
04/18/2026 00:18:10 - INFO - utils.trainer -   Epoch: 39, Train loss: 2.70855, Test loss: 88.65585,Epoch time = 15.978s
04/18/2026 00:18:26 - INFO - utils.trainer -   ***** Running evaluation on test2 dataset *****
04/18/2026 00:18:29 - INFO - utils.trainer -   AUC: 0.50223
04/18/2026 00:18:29 - INFO - utils.trainer -   Accuracy: 0.30769
04/18/2026 00:18:29 - INFO - utils.trainer -   Precision: 0.32320
04/18/2026 00:18:29 - INFO - utils.trainer -   Recall: 0.28384
04/18/2026 00:18:29 - INFO - utils.trainer -   F_score: 0.22469
04/18/2026 00:18:29 - INFO - utils.trainer -   Loss: 101.86251
04/18/2026 00:18:29 - INFO - utils.trainer -   Epoch: 40, Train loss: 2.69930, Test loss: 101.86251,Epoch time = 16.143s
04/18/2026 00:18:45 - INFO - utils.trainer -   ***** Running evaluation on test2 dataset *****
04/18/2026 00:18:47 - INFO - utils.trainer -   AUC: 0.52274
04/18/2026 00:18:47 - INFO - utils.trainer -   Accuracy: 0.26923
04/18/2026 00:18:47 - INFO - utils.trainer -   Precision: 0.25853
04/18/2026 00:18:47 - INFO - utils.trainer -   Recall: 0.24993
04/18/2026 00:18:47 - INFO - utils.trainer -   F_score: 0.20537
04/18/2026 00:18:47 - INFO - utils.trainer -   Loss: 131.47813
04/18/2026 00:18:47 - INFO - utils.trainer -   Epoch: 41, Train loss: 2.69084, Test loss: 131.47813,Epoch time = 15.930s
04/18/2026 00:19:03 - INFO - utils.trainer -   ***** Running evaluation on test2 dataset *****
04/18/2026 00:19:06 - INFO - utils.trainer -   AUC: 0.51053
04/18/2026 00:19:06 - INFO - utils.trainer -   Accuracy: 0.27564
04/18/2026 00:19:06 - INFO - utils.trainer -   Precision: 0.26305
04/18/2026 00:19:06 - INFO - utils.trainer -   Recall: 0.25364
04/18/2026 00:19:06 - INFO - utils.trainer -   F_score: 0.19409
04/18/2026 00:19:06 - INFO - utils.trainer -   Loss: 118.07267
04/18/2026 00:19:06 - INFO - utils.trainer -   Epoch: 42, Train loss: 2.69685, Test loss: 118.07267,Epoch time = 16.373s
04/18/2026 00:19:22 - INFO - utils.trainer -   ***** Running evaluation on test2 dataset *****
04/18/2026 00:19:24 - INFO - utils.trainer -   AUC: 0.52416
04/18/2026 00:19:24 - INFO - utils.trainer -   Accuracy: 0.27564
04/18/2026 00:19:24 - INFO - utils.trainer -   Precision: 0.22574
04/18/2026 00:19:24 - INFO - utils.trainer -   Recall: 0.24934
04/18/2026 00:19:24 - INFO - utils.trainer -   F_score: 0.16280
04/18/2026 00:19:24 - INFO - utils.trainer -   Loss: 1928.61428
04/18/2026 00:19:24 - INFO - utils.trainer -   Epoch: 43, Train loss: 2.69629, Test loss: 1928.61428,Epoch time = 15.941s
04/18/2026 00:19:40 - INFO - utils.trainer -   ***** Running evaluation on test2 dataset *****
04/18/2026 00:19:42 - INFO - utils.trainer -   AUC: 0.49501
04/18/2026 00:19:42 - INFO - utils.trainer -   Accuracy: 0.29487
04/18/2026 00:19:42 - INFO - utils.trainer -   Precision: 0.28783
04/18/2026 00:19:42 - INFO - utils.trainer -   Recall: 0.27606
04/18/2026 00:19:42 - INFO - utils.trainer -   F_score: 0.23023
04/18/2026 00:19:42 - INFO - utils.trainer -   Loss: 9115.16095
04/18/2026 00:19:42 - INFO - utils.trainer -   Epoch: 44, Train loss: 2.67006, Test loss: 9115.16095,Epoch time = 15.668s
04/18/2026 00:19:58 - INFO - utils.trainer -   ***** Running evaluation on test2 dataset *****
04/18/2026 00:20:00 - INFO - utils.trainer -   AUC: 0.53874
04/18/2026 00:20:00 - INFO - utils.trainer -   Accuracy: 0.27564
04/18/2026 00:20:00 - INFO - utils.trainer -   Precision: 0.28919
04/18/2026 00:20:00 - INFO - utils.trainer -   Recall: 0.25346
04/18/2026 00:20:00 - INFO - utils.trainer -   F_score: 0.19252
04/18/2026 00:20:00 - INFO - utils.trainer -   Loss: 405.11200
04/18/2026 00:20:00 - INFO - utils.trainer -   Epoch: 45, Train loss: 2.69755, Test loss: 405.11200,Epoch time = 15.787s
04/18/2026 00:20:16 - INFO - utils.trainer -   ***** Running evaluation on test2 dataset *****
04/18/2026 00:20:19 - INFO - utils.trainer -   AUC: 0.49257
04/18/2026 00:20:19 - INFO - utils.trainer -   Accuracy: 0.28846
04/18/2026 00:20:19 - INFO - utils.trainer -   Precision: 0.33646
04/18/2026 00:20:19 - INFO - utils.trainer -   Recall: 0.26590
04/18/2026 00:20:19 - INFO - utils.trainer -   F_score: 0.20835
04/18/2026 00:20:19 - INFO - utils.trainer -   Loss: 541.63182
04/18/2026 00:20:19 - INFO - utils.trainer -   Epoch: 46, Train loss: 2.70448, Test loss: 541.63182,Epoch time = 16.050s
04/18/2026 00:20:35 - INFO - utils.trainer -   ***** Running evaluation on test2 dataset *****
04/18/2026 00:20:37 - INFO - utils.trainer -   AUC: 0.51246
04/18/2026 00:20:37 - INFO - utils.trainer -   Accuracy: 0.23718
04/18/2026 00:20:37 - INFO - utils.trainer -   Precision: 0.22322
04/18/2026 00:20:37 - INFO - utils.trainer -   Recall: 0.22672
04/18/2026 00:20:37 - INFO - utils.trainer -   F_score: 0.20592
04/18/2026 00:20:37 - INFO - utils.trainer -   Loss: 1116.61776
04/18/2026 00:20:37 - INFO - utils.trainer -   Epoch: 47, Train loss: 2.70198, Test loss: 1116.61776,Epoch time = 16.224s
04/18/2026 00:20:54 - INFO - utils.trainer -   ***** Running evaluation on test2 dataset *****
04/18/2026 00:20:56 - INFO - utils.trainer -   AUC: 0.48246
04/18/2026 00:20:56 - INFO - utils.trainer -   Accuracy: 0.26923
04/18/2026 00:20:56 - INFO - utils.trainer -   Precision: 0.24406
04/18/2026 00:20:56 - INFO - utils.trainer -   Recall: 0.25011
04/18/2026 00:20:56 - INFO - utils.trainer -   F_score: 0.20067
04/18/2026 00:20:56 - INFO - utils.trainer -   Loss: 2446.84069
04/18/2026 00:20:56 - INFO - utils.trainer -   Epoch: 48, Train loss: 2.69678, Test loss: 2446.84069,Epoch time = 16.530s
04/18/2026 00:21:13 - INFO - utils.trainer -   ***** Running evaluation on test2 dataset *****
04/18/2026 00:21:15 - INFO - utils.trainer -   AUC: 0.49812
04/18/2026 00:21:15 - INFO - utils.trainer -   Accuracy: 0.26923
04/18/2026 00:21:15 - INFO - utils.trainer -   Precision: 0.22730
04/18/2026 00:21:15 - INFO - utils.trainer -   Recall: 0.24939
04/18/2026 00:21:15 - INFO - utils.trainer -   F_score: 0.19226
04/18/2026 00:21:15 - INFO - utils.trainer -   Loss: 3068.39090
04/18/2026 00:21:15 - INFO - utils.trainer -   Epoch: 49, Train loss: 2.69302, Test loss: 3068.39090,Epoch time = 16.657s
04/18/2026 00:21:32 - INFO - utils.trainer -   ***** Running evaluation on test2 dataset *****
04/18/2026 00:21:34 - INFO - utils.trainer -   AUC: 0.49499
04/18/2026 00:21:34 - INFO - utils.trainer -   Accuracy: 0.27564
04/18/2026 00:21:34 - INFO - utils.trainer -   Precision: 0.29998
04/18/2026 00:21:34 - INFO - utils.trainer -   Recall: 0.25364
04/18/2026 00:21:34 - INFO - utils.trainer -   F_score: 0.19356
04/18/2026 00:21:34 - INFO - utils.trainer -   Loss: 2472.77155
04/18/2026 00:21:34 - INFO - utils.trainer -   Epoch: 50, Train loss: 2.70873, Test loss: 2472.77155,Epoch time = 16.176s
04/18/2026 00:21:50 - INFO - utils.trainer -   ***** Running evaluation on test2 dataset *****
04/18/2026 00:21:53 - INFO - utils.trainer -   AUC: 0.52915
04/18/2026 00:21:53 - INFO - utils.trainer -   Accuracy: 0.25641
04/18/2026 00:21:53 - INFO - utils.trainer -   Precision: 0.24823
04/18/2026 00:21:53 - INFO - utils.trainer -   Recall: 0.23139
04/18/2026 00:21:53 - INFO - utils.trainer -   F_score: 0.14524
04/18/2026 00:21:53 - INFO - utils.trainer -   Loss: 22285.65922
04/18/2026 00:21:53 - INFO - utils.trainer -   Epoch: 51, Train loss: 2.68799, Test loss: 22285.65922,Epoch time = 16.190s
04/18/2026 00:22:09 - INFO - utils.trainer -   ***** Running evaluation on test2 dataset *****
04/18/2026 00:22:12 - INFO - utils.trainer -   AUC: 0.46788
04/18/2026 00:22:12 - INFO - utils.trainer -   Accuracy: 0.28846
04/18/2026 00:22:12 - INFO - utils.trainer -   Precision: 0.34302
04/18/2026 00:22:12 - INFO - utils.trainer -   Recall: 0.26554
04/18/2026 00:22:12 - INFO - utils.trainer -   F_score: 0.20844
04/18/2026 00:22:12 - INFO - utils.trainer -   Loss: 16150.67502
04/18/2026 00:22:12 - INFO - utils.trainer -   Epoch: 52, Train loss: 2.70060, Test loss: 16150.67502,Epoch time = 16.573s
04/18/2026 00:22:28 - INFO - utils.trainer -   ***** Running evaluation on test2 dataset *****
04/18/2026 00:22:30 - INFO - utils.trainer -   AUC: 0.45776
04/18/2026 00:22:30 - INFO - utils.trainer -   Accuracy: 0.25000
04/18/2026 00:22:30 - INFO - utils.trainer -   Precision: 0.21430
04/18/2026 00:22:30 - INFO - utils.trainer -   Recall: 0.23342
04/18/2026 00:22:30 - INFO - utils.trainer -   F_score: 0.19580
04/18/2026 00:22:30 - INFO - utils.trainer -   Loss: 36438.83916
04/18/2026 00:22:30 - INFO - utils.trainer -   Epoch: 53, Train loss: 2.69413, Test loss: 36438.83916,Epoch time = 16.075s
04/18/2026 00:22:46 - INFO - utils.trainer -   ***** Running evaluation on test2 dataset *****
04/18/2026 00:22:49 - INFO - utils.trainer -   AUC: 0.52826
04/18/2026 00:22:49 - INFO - utils.trainer -   Accuracy: 0.26282
04/18/2026 00:22:49 - INFO - utils.trainer -   Precision: 0.18740
04/18/2026 00:22:49 - INFO - utils.trainer -   Recall: 0.23618
04/18/2026 00:22:49 - INFO - utils.trainer -   F_score: 0.13891
04/18/2026 00:22:49 - INFO - utils.trainer -   Loss: 44823.32115
04/18/2026 00:22:49 - INFO - utils.trainer -   Epoch: 54, Train loss: 2.71259, Test loss: 44823.32115,Epoch time = 16.064s
04/18/2026 00:23:05 - INFO - utils.trainer -   ***** Running evaluation on test2 dataset *****
04/18/2026 00:23:07 - INFO - utils.trainer -   AUC: 0.49743
04/18/2026 00:23:07 - INFO - utils.trainer -   Accuracy: 0.25000
04/18/2026 00:23:07 - INFO - utils.trainer -   Precision: 0.12528
04/18/2026 00:23:07 - INFO - utils.trainer -   Recall: 0.22374
04/18/2026 00:23:07 - INFO - utils.trainer -   F_score: 0.12568
04/18/2026 00:23:07 - INFO - utils.trainer -   Loss: 65083.47290
04/18/2026 00:23:07 - INFO - utils.trainer -   Epoch: 55, Train loss: 2.69451, Test loss: 65083.47290,Epoch time = 15.986s
04/18/2026 00:23:23 - INFO - utils.trainer -   ***** Running evaluation on test2 dataset *****
04/18/2026 00:23:25 - INFO - utils.trainer -   AUC: 0.52414
04/18/2026 00:23:25 - INFO - utils.trainer -   Accuracy: 0.27564
04/18/2026 00:23:25 - INFO - utils.trainer -   Precision: 0.17960
04/18/2026 00:23:25 - INFO - utils.trainer -   Recall: 0.24969
04/18/2026 00:23:25 - INFO - utils.trainer -   F_score: 0.15846
04/18/2026 00:23:25 - INFO - utils.trainer -   Loss: 32674.02832
04/18/2026 00:23:25 - INFO - utils.trainer -   Epoch: 56, Train loss: 2.70031, Test loss: 32674.02832,Epoch time = 15.737s
04/18/2026 00:23:41 - INFO - utils.trainer -   ***** Running evaluation on test2 dataset *****
04/18/2026 00:23:44 - INFO - utils.trainer -   AUC: 0.48731
04/18/2026 00:23:44 - INFO - utils.trainer -   Accuracy: 0.26923
04/18/2026 00:23:44 - INFO - utils.trainer -   Precision: 0.29965
04/18/2026 00:23:44 - INFO - utils.trainer -   Recall: 0.24993
04/18/2026 00:23:44 - INFO - utils.trainer -   F_score: 0.19695
04/18/2026 00:23:44 - INFO - utils.trainer -   Loss: 46240.53067
04/18/2026 00:23:44 - INFO - utils.trainer -   Epoch: 57, Train loss: 2.69926, Test loss: 46240.53067,Epoch time = 15.895s
04/18/2026 00:24:00 - INFO - utils.trainer -   ***** Running evaluation on test2 dataset *****
04/18/2026 00:24:02 - INFO - utils.trainer -   AUC: 0.47104
04/18/2026 00:24:02 - INFO - utils.trainer -   Accuracy: 0.28846
04/18/2026 00:24:02 - INFO - utils.trainer -   Precision: 0.42669
04/18/2026 00:24:02 - INFO - utils.trainer -   Recall: 0.26232
04/18/2026 00:24:02 - INFO - utils.trainer -   F_score: 0.18421
04/18/2026 00:24:02 - INFO - utils.trainer -   Loss: 83807.67918
04/18/2026 00:24:02 - INFO - utils.trainer -   Epoch: 58, Train loss: 2.69433, Test loss: 83807.67918,Epoch time = 15.995s
04/18/2026 00:24:18 - INFO - utils.trainer -   ***** Running evaluation on test2 dataset *****
04/18/2026 00:24:21 - INFO - utils.trainer -   AUC: 0.46037
04/18/2026 00:24:21 - INFO - utils.trainer -   Accuracy: 0.25641
04/18/2026 00:24:21 - INFO - utils.trainer -   Precision: 0.23887
04/18/2026 00:24:21 - INFO - utils.trainer -   Recall: 0.23839
04/18/2026 00:24:21 - INFO - utils.trainer -   F_score: 0.19419
04/18/2026 00:24:21 - INFO - utils.trainer -   Loss: 248700.56641
04/18/2026 00:24:21 - INFO - utils.trainer -   Epoch: 59, Train loss: 2.69946, Test loss: 248700.56641,Epoch time = 16.070s
04/18/2026 00:24:37 - INFO - utils.trainer -   ***** Running evaluation on test2 dataset *****
04/18/2026 00:24:40 - INFO - utils.trainer -   AUC: 0.47581
04/18/2026 00:24:40 - INFO - utils.trainer -   Accuracy: 0.25000
04/18/2026 00:24:40 - INFO - utils.trainer -   Precision: 0.21123
04/18/2026 00:24:40 - INFO - utils.trainer -   Recall: 0.23486
04/18/2026 00:24:40 - INFO - utils.trainer -   F_score: 0.19729
04/18/2026 00:24:40 - INFO - utils.trainer -   Loss: 444830.46671
04/18/2026 00:24:40 - INFO - utils.trainer -   Epoch: 60, Train loss: 2.70966, Test loss: 444830.46671,Epoch time = 16.269s
04/18/2026 00:24:56 - INFO - utils.trainer -   ***** Running evaluation on test2 dataset *****
04/18/2026 00:24:58 - INFO - utils.trainer -   AUC: 0.47264
04/18/2026 00:24:58 - INFO - utils.trainer -   Accuracy: 0.22436
04/18/2026 00:24:58 - INFO - utils.trainer -   Precision: 0.15780
04/18/2026 00:24:58 - INFO - utils.trainer -   Recall: 0.20299
04/18/2026 00:24:58 - INFO - utils.trainer -   F_score: 0.13171
04/18/2026 00:24:58 - INFO - utils.trainer -   Loss: 532403.11562
04/18/2026 00:24:59 - INFO - utils.trainer -   Epoch: 61, Train loss: 2.69658, Test loss: 532403.11562,Epoch time = 16.392s
04/18/2026 00:25:14 - INFO - utils.trainer -   ***** Running evaluation on test2 dataset *****
04/18/2026 00:25:17 - INFO - utils.trainer -   AUC: 0.48584
04/18/2026 00:25:17 - INFO - utils.trainer -   Accuracy: 0.29487
04/18/2026 00:25:17 - INFO - utils.trainer -   Precision: 0.37945
04/18/2026 00:25:17 - INFO - utils.trainer -   Recall: 0.26781
04/18/2026 00:25:17 - INFO - utils.trainer -   F_score: 0.17741
04/18/2026 00:25:17 - INFO - utils.trainer -   Loss: 844107.76003
04/18/2026 00:25:17 - INFO - utils.trainer -   Epoch: 62, Train loss: 2.70856, Test loss: 844107.76003,Epoch time = 15.906s
04/18/2026 00:25:33 - INFO - utils.trainer -   ***** Running evaluation on test2 dataset *****
04/18/2026 00:25:35 - INFO - utils.trainer -   AUC: 0.48752
04/18/2026 00:25:35 - INFO - utils.trainer -   Accuracy: 0.26923
04/18/2026 00:25:35 - INFO - utils.trainer -   Precision: 0.45870
04/18/2026 00:25:35 - INFO - utils.trainer -   Recall: 0.24366
04/18/2026 00:25:35 - INFO - utils.trainer -   F_score: 0.15847
04/18/2026 00:25:35 - INFO - utils.trainer -   Loss: 2350978.05791
04/18/2026 00:25:35 - INFO - utils.trainer -   Epoch: 63, Train loss: 2.69365, Test loss: 2350978.05791,Epoch time = 16.097s
04/18/2026 00:25:51 - INFO - utils.trainer -   ***** Running evaluation on test2 dataset *****
04/18/2026 00:25:54 - INFO - utils.trainer -   AUC: 0.46644
04/18/2026 00:25:54 - INFO - utils.trainer -   Accuracy: 0.25000
04/18/2026 00:25:54 - INFO - utils.trainer -   Precision: 0.10262
04/18/2026 00:25:54 - INFO - utils.trainer -   Recall: 0.22249
04/18/2026 00:25:54 - INFO - utils.trainer -   F_score: 0.11326
04/18/2026 00:25:54 - INFO - utils.trainer -   Loss: 1747228.26631
04/18/2026 00:25:54 - INFO - utils.trainer -   Epoch: 64, Train loss: 2.69781, Test loss: 1747228.26631,Epoch time = 15.935s
04/18/2026 00:26:10 - INFO - utils.trainer -   ***** Running evaluation on test2 dataset *****
04/18/2026 00:26:12 - INFO - utils.trainer -   AUC: 0.59618
04/18/2026 00:26:12 - INFO - utils.trainer -   Accuracy: 0.34615
04/18/2026 00:26:12 - INFO - utils.trainer -   Precision: 0.39984
04/18/2026 00:26:12 - INFO - utils.trainer -   Recall: 0.32671
04/18/2026 00:26:12 - INFO - utils.trainer -   F_score: 0.29557
04/18/2026 00:26:12 - INFO - utils.trainer -   Loss: 1899028.03392
04/18/2026 00:26:12 - INFO - utils.trainer -   Saving model checkpoint to output_dir/SrCVIB
04/18/2026 00:26:12 - INFO - utils.trainer -   Epoch: 65, Train loss: 2.69769, Test loss: 1899028.03392,Epoch time = 15.791s
04/18/2026 00:26:28 - INFO - utils.trainer -   ***** Running evaluation on test2 dataset *****
04/18/2026 00:26:30 - INFO - utils.trainer -   AUC: 0.48799
04/18/2026 00:26:30 - INFO - utils.trainer -   Accuracy: 0.25641
04/18/2026 00:26:30 - INFO - utils.trainer -   Precision: 0.19971
04/18/2026 00:26:30 - INFO - utils.trainer -   Recall: 0.23319
04/18/2026 00:26:30 - INFO - utils.trainer -   F_score: 0.16326
04/18/2026 00:26:30 - INFO - utils.trainer -   Loss: 1446996.36287
04/18/2026 00:26:30 - INFO - utils.trainer -   Epoch: 66, Train loss: 2.70276, Test loss: 1446996.36287,Epoch time = 15.669s
04/18/2026 00:26:46 - INFO - utils.trainer -   ***** Running evaluation on test2 dataset *****
04/18/2026 00:26:48 - INFO - utils.trainer -   AUC: 0.46138
04/18/2026 00:26:48 - INFO - utils.trainer -   Accuracy: 0.26923
04/18/2026 00:26:48 - INFO - utils.trainer -   Precision: 0.19415
04/18/2026 00:26:48 - INFO - utils.trainer -   Recall: 0.24151
04/18/2026 00:26:48 - INFO - utils.trainer -   F_score: 0.13934
04/18/2026 00:26:48 - INFO - utils.trainer -   Loss: 10840297.66446
04/18/2026 00:26:48 - INFO - utils.trainer -   Epoch: 67, Train loss: 2.70152, Test loss: 10840297.66446,Epoch time = 15.852s
04/18/2026 00:27:05 - INFO - utils.trainer -   ***** Running evaluation on test2 dataset *****
04/18/2026 00:27:07 - INFO - utils.trainer -   AUC: 0.50188
04/18/2026 00:27:07 - INFO - utils.trainer -   Accuracy: 0.28205
04/18/2026 00:27:07 - INFO - utils.trainer -   Precision: 0.07285
04/18/2026 00:27:07 - INFO - utils.trainer -   Recall: 0.25000
04/18/2026 00:27:07 - INFO - utils.trainer -   F_score: 0.11282
04/18/2026 00:27:07 - INFO - utils.trainer -   Loss: 20431447.26056
04/18/2026 00:27:07 - INFO - utils.trainer -   Epoch: 68, Train loss: 2.70451, Test loss: 20431447.26056,Epoch time = 16.318s
04/18/2026 00:27:23 - INFO - utils.trainer -   ***** Running evaluation on test2 dataset *****
04/18/2026 00:27:25 - INFO - utils.trainer -   AUC: 0.49613
04/18/2026 00:27:25 - INFO - utils.trainer -   Accuracy: 0.27564
04/18/2026 00:27:25 - INFO - utils.trainer -   Precision: 0.35474
04/18/2026 00:27:25 - INFO - utils.trainer -   Recall: 0.24844
04/18/2026 00:27:25 - INFO - utils.trainer -   F_score: 0.15168
04/18/2026 00:27:25 - INFO - utils.trainer -   Loss: 6078757.26188
04/18/2026 00:27:25 - INFO - utils.trainer -   Epoch: 69, Train loss: 2.68839, Test loss: 6078757.26188,Epoch time = 15.923s
04/18/2026 00:27:41 - INFO - utils.trainer -   ***** Running evaluation on test2 dataset *****
04/18/2026 00:27:44 - INFO - utils.trainer -   AUC: 0.54915
04/18/2026 00:27:44 - INFO - utils.trainer -   Accuracy: 0.30128
04/18/2026 00:27:44 - INFO - utils.trainer -   Precision: 0.33368
04/18/2026 00:27:44 - INFO - utils.trainer -   Recall: 0.27009
04/18/2026 00:27:44 - INFO - utils.trainer -   F_score: 0.15271
04/18/2026 00:27:44 - INFO - utils.trainer -   Loss: 7151311.25385
04/18/2026 00:27:44 - INFO - utils.trainer -   Epoch: 70, Train loss: 2.69551, Test loss: 7151311.25385,Epoch time = 15.924s
04/18/2026 00:28:00 - INFO - utils.trainer -   ***** Running evaluation on test2 dataset *****
04/18/2026 00:28:02 - INFO - utils.trainer -   AUC: 0.53821
04/18/2026 00:28:02 - INFO - utils.trainer -   Accuracy: 0.30128
04/18/2026 00:28:02 - INFO - utils.trainer -   Precision: 0.31079
04/18/2026 00:28:02 - INFO - utils.trainer -   Recall: 0.27278
04/18/2026 00:28:02 - INFO - utils.trainer -   F_score: 0.17899
04/18/2026 00:28:02 - INFO - utils.trainer -   Loss: 8183318.45642
04/18/2026 00:28:02 - INFO - utils.trainer -   Epoch: 71, Train loss: 2.69263, Test loss: 8183318.45642,Epoch time = 16.018s
04/18/2026 00:28:19 - INFO - utils.trainer -   ***** Running evaluation on test2 dataset *****
04/18/2026 00:28:21 - INFO - utils.trainer -   AUC: 0.43797
04/18/2026 00:28:21 - INFO - utils.trainer -   Accuracy: 0.25641
04/18/2026 00:28:21 - INFO - utils.trainer -   Precision: 0.10204
04/18/2026 00:28:21 - INFO - utils.trainer -   Recall: 0.22817
04/18/2026 00:28:21 - INFO - utils.trainer -   F_score: 0.11321
04/18/2026 00:28:21 - INFO - utils.trainer -   Loss: 28568229.67492
04/18/2026 00:28:21 - INFO - utils.trainer -   Epoch: 72, Train loss: 2.69455, Test loss: 28568229.67492,Epoch time = 16.713s
04/18/2026 00:28:38 - INFO - utils.trainer -   ***** Running evaluation on test2 dataset *****
04/18/2026 00:28:41 - INFO - utils.trainer -   AUC: 0.44093
04/18/2026 00:28:41 - INFO - utils.trainer -   Accuracy: 0.26923
04/18/2026 00:28:41 - INFO - utils.trainer -   Precision: 0.19426
04/18/2026 00:28:41 - INFO - utils.trainer -   Recall: 0.23971
04/18/2026 00:28:41 - INFO - utils.trainer -   F_score: 0.11959
04/18/2026 00:28:41 - INFO - utils.trainer -   Loss: 43135404.07866
04/18/2026 00:28:41 - INFO - utils.trainer -   Epoch: 73, Train loss: 2.66693, Test loss: 43135404.07866,Epoch time = 16.818s
04/18/2026 00:28:57 - INFO - utils.trainer -   ***** Running evaluation on test2 dataset *****
04/18/2026 00:29:00 - INFO - utils.trainer -   AUC: 0.49331
04/18/2026 00:29:00 - INFO - utils.trainer -   Accuracy: 0.23077
04/18/2026 00:29:00 - INFO - utils.trainer -   Precision: 0.10189
04/18/2026 00:29:00 - INFO - utils.trainer -   Recall: 0.20634
04/18/2026 00:29:00 - INFO - utils.trainer -   F_score: 0.11511
04/18/2026 00:29:00 - INFO - utils.trainer -   Loss: 11825754.46991
04/18/2026 00:29:00 - INFO - utils.trainer -   Epoch: 74, Train loss: 6.21966, Test loss: 11825754.46991,Epoch time = 16.611s
04/18/2026 00:29:16 - INFO - utils.trainer -   ***** Running evaluation on test2 dataset *****
04/18/2026 00:29:18 - INFO - utils.trainer -   AUC: 0.52357
04/18/2026 00:29:18 - INFO - utils.trainer -   Accuracy: 0.26923
04/18/2026 00:29:18 - INFO - utils.trainer -   Precision: 0.15278
04/18/2026 00:29:18 - INFO - utils.trainer -   Recall: 0.24079
04/18/2026 00:29:18 - INFO - utils.trainer -   F_score: 0.12964
04/18/2026 00:29:18 - INFO - utils.trainer -   Loss: 24862626.45777
04/18/2026 00:29:18 - INFO - utils.trainer -   Epoch: 75, Train loss: 2.68447, Test loss: 24862626.45777,Epoch time = 15.924s
04/18/2026 00:29:34 - INFO - utils.trainer -   ***** Running evaluation on test2 dataset *****
04/18/2026 00:29:37 - INFO - utils.trainer -   AUC: 0.46641
04/18/2026 00:29:37 - INFO - utils.trainer -   Accuracy: 0.25641
04/18/2026 00:29:37 - INFO - utils.trainer -   Precision: 0.22006
04/18/2026 00:29:37 - INFO - utils.trainer -   Recall: 0.23229
04/18/2026 00:29:37 - INFO - utils.trainer -   F_score: 0.15429
04/18/2026 00:29:37 - INFO - utils.trainer -   Loss: 24671263.28083
04/18/2026 00:29:37 - INFO - utils.trainer -   Epoch: 76, Train loss: 2.67839, Test loss: 24671263.28083,Epoch time = 16.267s
04/18/2026 00:29:53 - INFO - utils.trainer -   ***** Running evaluation on test2 dataset *****
04/18/2026 00:29:55 - INFO - utils.trainer -   AUC: 0.54155
04/18/2026 00:29:55 - INFO - utils.trainer -   Accuracy: 0.26923
04/18/2026 00:29:55 - INFO - utils.trainer -   Precision: 0.18116
04/18/2026 00:29:55 - INFO - utils.trainer -   Recall: 0.24168
04/18/2026 00:29:55 - INFO - utils.trainer -   F_score: 0.13869
04/18/2026 00:29:55 - INFO - utils.trainer -   Loss: 23801573.65426
04/18/2026 00:29:55 - INFO - utils.trainer -   Epoch: 77, Train loss: 2.68112, Test loss: 23801573.65426,Epoch time = 15.968s
04/18/2026 00:30:11 - INFO - utils.trainer -   ***** Running evaluation on test2 dataset *****
04/18/2026 00:30:14 - INFO - utils.trainer -   AUC: 0.46310
04/18/2026 00:30:14 - INFO - utils.trainer -   Accuracy: 0.28205
04/18/2026 00:30:14 - INFO - utils.trainer -   Precision: 0.15597
04/18/2026 00:30:14 - INFO - utils.trainer -   Recall: 0.25090
04/18/2026 00:30:14 - INFO - utils.trainer -   F_score: 0.12417
04/18/2026 00:30:14 - INFO - utils.trainer -   Loss: 48679794.48103
04/18/2026 00:30:14 - INFO - utils.trainer -   Epoch: 78, Train loss: 2.66223, Test loss: 48679794.48103,Epoch time = 16.000s
04/18/2026 00:30:31 - INFO - utils.trainer -   ***** Running evaluation on test2 dataset *****
04/18/2026 00:30:33 - INFO - utils.trainer -   AUC: 0.52023
04/18/2026 00:30:33 - INFO - utils.trainer -   Accuracy: 0.30128
04/18/2026 00:30:33 - INFO - utils.trainer -   Precision: 0.28228
04/18/2026 00:30:33 - INFO - utils.trainer -   Recall: 0.27242
04/18/2026 00:30:33 - INFO - utils.trainer -   F_score: 0.16985
04/18/2026 00:30:33 - INFO - utils.trainer -   Loss: -525542397.54052
04/18/2026 00:30:33 - INFO - utils.trainer -   Epoch: 79, Train loss: 2.64771, Test loss: -525542397.54052,Epoch time = 17.102s
04/18/2026 00:30:50 - INFO - utils.trainer -   ***** Running evaluation on test2 dataset *****
04/18/2026 00:30:52 - INFO - utils.trainer -   AUC: 0.50327
04/18/2026 00:30:52 - INFO - utils.trainer -   Accuracy: 0.25000
04/18/2026 00:30:52 - INFO - utils.trainer -   Precision: 0.19232
04/18/2026 00:30:52 - INFO - utils.trainer -   Recall: 0.23055
04/18/2026 00:30:52 - INFO - utils.trainer -   F_score: 0.18476
04/18/2026 00:30:52 - INFO - utils.trainer -   Loss: 10740477.66169
04/18/2026 00:30:52 - INFO - utils.trainer -   Epoch: 80, Train loss: -1.14345, Test loss: 10740477.66169,Epoch time = 16.262s
04/18/2026 00:31:08 - INFO - utils.trainer -   ***** Running evaluation on test2 dataset *****
04/18/2026 00:31:11 - INFO - utils.trainer -   AUC: 0.55870
04/18/2026 00:31:11 - INFO - utils.trainer -   Accuracy: 0.33974
04/18/2026 00:31:11 - INFO - utils.trainer -   Precision: 0.47020
04/18/2026 00:31:11 - INFO - utils.trainer -   Recall: 0.31690
04/18/2026 00:31:11 - INFO - utils.trainer -   F_score: 0.26677
04/18/2026 00:31:11 - INFO - utils.trainer -   Loss: 27700764.04148
04/18/2026 00:31:11 - INFO - utils.trainer -   Epoch: 81, Train loss: 2.68514, Test loss: 27700764.04148,Epoch time = 16.158s
04/18/2026 00:31:27 - INFO - utils.trainer -   ***** Running evaluation on test2 dataset *****
04/18/2026 00:31:29 - INFO - utils.trainer -   AUC: 0.52676
04/18/2026 00:31:29 - INFO - utils.trainer -   Accuracy: 0.30769
04/18/2026 00:31:29 - INFO - utils.trainer -   Precision: 0.32141
04/18/2026 00:31:29 - INFO - utils.trainer -   Recall: 0.28205
04/18/2026 00:31:29 - INFO - utils.trainer -   F_score: 0.20962
04/18/2026 00:31:29 - INFO - utils.trainer -   Loss: 44146552.85762
04/18/2026 00:31:29 - INFO - utils.trainer -   Epoch: 82, Train loss: 2.68388, Test loss: 44146552.85762,Epoch time = 16.176s
04/18/2026 00:31:45 - INFO - utils.trainer -   ***** Running evaluation on test2 dataset *****
04/18/2026 00:31:48 - INFO - utils.trainer -   AUC: 0.44709
04/18/2026 00:31:48 - INFO - utils.trainer -   Accuracy: 0.26282
04/18/2026 00:31:48 - INFO - utils.trainer -   Precision: 0.16607
04/18/2026 00:31:48 - INFO - utils.trainer -   Recall: 0.23618
04/18/2026 00:31:48 - INFO - utils.trainer -   F_score: 0.13685
04/18/2026 00:31:48 - INFO - utils.trainer -   Loss: 57803445.67825
04/18/2026 00:31:48 - INFO - utils.trainer -   Epoch: 83, Train loss: 2.67406, Test loss: 57803445.67825,Epoch time = 15.953s
04/18/2026 00:32:04 - INFO - utils.trainer -   ***** Running evaluation on test2 dataset *****
04/18/2026 00:32:06 - INFO - utils.trainer -   AUC: 0.49255
04/18/2026 00:32:06 - INFO - utils.trainer -   Accuracy: 0.26923
04/18/2026 00:32:06 - INFO - utils.trainer -   Precision: 0.25194
04/18/2026 00:32:06 - INFO - utils.trainer -   Recall: 0.24366
04/18/2026 00:32:06 - INFO - utils.trainer -   F_score: 0.15913
04/18/2026 00:32:06 - INFO - utils.trainer -   Loss: 65470114.46268
04/18/2026 00:32:06 - INFO - utils.trainer -   Epoch: 84, Train loss: 2.68026, Test loss: 65470114.46268,Epoch time = 15.813s
04/18/2026 00:32:22 - INFO - utils.trainer -   ***** Running evaluation on test2 dataset *****
04/18/2026 00:32:24 - INFO - utils.trainer -   AUC: 0.50263
04/18/2026 00:32:24 - INFO - utils.trainer -   Accuracy: 0.26923
04/18/2026 00:32:24 - INFO - utils.trainer -   Precision: 0.14244
04/18/2026 00:32:24 - INFO - utils.trainer -   Recall: 0.24061
04/18/2026 00:32:24 - INFO - utils.trainer -   F_score: 0.13276
04/18/2026 00:32:24 - INFO - utils.trainer -   Loss: 100878165.65823
04/18/2026 00:32:24 - INFO - utils.trainer -   Epoch: 85, Train loss: 2.66906, Test loss: 100878165.65823,Epoch time = 15.898s
04/18/2026 00:32:41 - INFO - utils.trainer -   ***** Running evaluation on test2 dataset *****
04/18/2026 00:32:43 - INFO - utils.trainer -   AUC: 0.49711
04/18/2026 00:32:43 - INFO - utils.trainer -   Accuracy: 0.28205
04/18/2026 00:32:43 - INFO - utils.trainer -   Precision: 0.38250
04/18/2026 00:32:43 - INFO - utils.trainer -   Recall: 0.25197
04/18/2026 00:32:43 - INFO - utils.trainer -   F_score: 0.13326
04/18/2026 00:32:43 - INFO - utils.trainer -   Loss: 369421672.86238
04/18/2026 00:32:43 - INFO - utils.trainer -   Epoch: 86, Train loss: 2.63323, Test loss: 369421672.86238,Epoch time = 16.387s
04/18/2026 00:32:59 - INFO - utils.trainer -   ***** Running evaluation on test2 dataset *****
04/18/2026 00:33:02 - INFO - utils.trainer -   AUC: 0.49121
04/18/2026 00:33:02 - INFO - utils.trainer -   Accuracy: 0.27564
04/18/2026 00:33:02 - INFO - utils.trainer -   Precision: 0.40230
04/18/2026 00:33:02 - INFO - utils.trainer -   Recall: 0.24737
04/18/2026 00:33:02 - INFO - utils.trainer -   F_score: 0.14190
04/18/2026 00:33:02 - INFO - utils.trainer -   Loss: 77814645.66534
04/18/2026 00:33:02 - INFO - utils.trainer -   Epoch: 87, Train loss: 1.67218, Test loss: 77814645.66534,Epoch time = 16.083s
04/18/2026 00:33:18 - INFO - utils.trainer -   ***** Running evaluation on test2 dataset *****
04/18/2026 00:33:20 - INFO - utils.trainer -   AUC: 0.49238
04/18/2026 00:33:20 - INFO - utils.trainer -   Accuracy: 0.26923
04/18/2026 00:33:20 - INFO - utils.trainer -   Precision: 0.31655
04/18/2026 00:33:20 - INFO - utils.trainer -   Recall: 0.24383
04/18/2026 00:33:20 - INFO - utils.trainer -   F_score: 0.15741
04/18/2026 00:33:20 - INFO - utils.trainer -   Loss: 75927631.26301
04/18/2026 00:33:20 - INFO - utils.trainer -   Epoch: 88, Train loss: 2.69806, Test loss: 75927631.26301,Epoch time = 16.305s
04/18/2026 00:33:36 - INFO - utils.trainer -   ***** Running evaluation on test2 dataset *****
04/18/2026 00:33:39 - INFO - utils.trainer -   AUC: 0.49779
04/18/2026 00:33:39 - INFO - utils.trainer -   Accuracy: 0.25641
04/18/2026 00:33:39 - INFO - utils.trainer -   Precision: 0.23991
04/18/2026 00:33:39 - INFO - utils.trainer -   Recall: 0.24358
04/18/2026 00:33:39 - INFO - utils.trainer -   F_score: 0.22419
04/18/2026 00:33:39 - INFO - utils.trainer -   Loss: 84749122.46358
04/18/2026 00:33:39 - INFO - utils.trainer -   Epoch: 89, Train loss: 2.68608, Test loss: 84749122.46358,Epoch time = 15.911s
04/18/2026 00:33:55 - INFO - utils.trainer -   ***** Running evaluation on test2 dataset *****
04/18/2026 00:33:57 - INFO - utils.trainer -   AUC: 0.51993
04/18/2026 00:33:57 - INFO - utils.trainer -   Accuracy: 0.28846
04/18/2026 00:33:57 - INFO - utils.trainer -   Precision: 0.24289
04/18/2026 00:33:57 - INFO - utils.trainer -   Recall: 0.27055
04/18/2026 00:33:57 - INFO - utils.trainer -   F_score: 0.22231
04/18/2026 00:33:57 - INFO - utils.trainer -   Loss: 109396239.26081
04/18/2026 00:33:57 - INFO - utils.trainer -   Epoch: 90, Train loss: 2.70002, Test loss: 109396239.26081,Epoch time = 16.043s
04/18/2026 00:34:14 - INFO - utils.trainer -   ***** Running evaluation on test2 dataset *****
04/18/2026 00:34:16 - INFO - utils.trainer -   AUC: 0.49515
04/18/2026 00:34:16 - INFO - utils.trainer -   Accuracy: 0.29487
04/18/2026 00:34:16 - INFO - utils.trainer -   Precision: 0.20034
04/18/2026 00:34:16 - INFO - utils.trainer -   Recall: 0.26351
04/18/2026 00:34:16 - INFO - utils.trainer -   F_score: 0.14018
04/18/2026 00:34:16 - INFO - utils.trainer -   Loss: 260827676.06189
04/18/2026 00:34:16 - INFO - utils.trainer -   Epoch: 91, Train loss: 2.65840, Test loss: 260827676.06189,Epoch time = 16.880s
04/18/2026 00:34:33 - INFO - utils.trainer -   ***** Running evaluation on test2 dataset *****
04/18/2026 00:34:35 - INFO - utils.trainer -   AUC: 0.54687
04/18/2026 00:34:35 - INFO - utils.trainer -   Accuracy: 0.27564
04/18/2026 00:34:35 - INFO - utils.trainer -   Precision: 0.14069
04/18/2026 00:34:35 - INFO - utils.trainer -   Recall: 0.24647
04/18/2026 00:34:35 - INFO - utils.trainer -   F_score: 0.12950
04/18/2026 00:34:35 - INFO - utils.trainer -   Loss: -271539197.54745
04/18/2026 00:34:35 - INFO - utils.trainer -   Epoch: 92, Train loss: 2.61873, Test loss: -271539197.54745,Epoch time = 16.231s
04/18/2026 00:34:51 - INFO - utils.trainer -   ***** Running evaluation on test2 dataset *****
04/18/2026 00:34:54 - INFO - utils.trainer -   AUC: 0.47464
04/18/2026 00:34:54 - INFO - utils.trainer -   Accuracy: 0.26923
04/18/2026 00:34:54 - INFO - utils.trainer -   Precision: 0.06908
04/18/2026 00:34:54 - INFO - utils.trainer -   Recall: 0.23864
04/18/2026 00:34:54 - INFO - utils.trainer -   F_score: 0.10714
04/18/2026 00:34:54 - INFO - utils.trainer -   Loss: 84868194.46531
04/18/2026 00:34:54 - INFO - utils.trainer -   Epoch: 93, Train loss: -2.10780, Test loss: 84868194.46531,Epoch time = 16.505s
04/18/2026 00:35:10 - INFO - utils.trainer -   ***** Running evaluation on test2 dataset *****
04/18/2026 00:35:13 - INFO - utils.trainer -   AUC: 0.47207
04/18/2026 00:35:13 - INFO - utils.trainer -   Accuracy: 0.29487
04/18/2026 00:35:13 - INFO - utils.trainer -   Precision: 0.19737
04/18/2026 00:35:13 - INFO - utils.trainer -   Recall: 0.26316
04/18/2026 00:35:13 - INFO - utils.trainer -   F_score: 0.13605
04/18/2026 00:35:13 - INFO - utils.trainer -   Loss: 18650050.46380
04/18/2026 00:35:13 - INFO - utils.trainer -   Epoch: 94, Train loss: 2.79273, Test loss: 18650050.46380,Epoch time = 16.457s
04/18/2026 00:35:29 - INFO - utils.trainer -   ***** Running evaluation on test2 dataset *****
04/18/2026 00:35:32 - INFO - utils.trainer -   AUC: 0.54317
04/18/2026 00:35:32 - INFO - utils.trainer -   Accuracy: 0.30128
04/18/2026 00:35:32 - INFO - utils.trainer -   Precision: 0.31113
04/18/2026 00:35:32 - INFO - utils.trainer -   Recall: 0.27117
04/18/2026 00:35:32 - INFO - utils.trainer -   F_score: 0.16137
04/18/2026 00:35:32 - INFO - utils.trainer -   Loss: 34721020.05721
04/18/2026 00:35:32 - INFO - utils.trainer -   Epoch: 95, Train loss: 2.70121, Test loss: 34721020.05721,Epoch time = 16.546s
04/18/2026 00:35:48 - INFO - utils.trainer -   ***** Running evaluation on test2 dataset *****
04/18/2026 00:35:51 - INFO - utils.trainer -   AUC: 0.50598
04/18/2026 00:35:51 - INFO - utils.trainer -   Accuracy: 0.29487
04/18/2026 00:35:51 - INFO - utils.trainer -   Precision: 0.57119
04/18/2026 00:35:51 - INFO - utils.trainer -   Recall: 0.26441
04/18/2026 00:35:51 - INFO - utils.trainer -   F_score: 0.14873
04/18/2026 00:35:51 - INFO - utils.trainer -   Loss: 32828719.26305
04/18/2026 00:35:51 - INFO - utils.trainer -   Epoch: 96, Train loss: 2.69876, Test loss: 32828719.26305,Epoch time = 16.347s
04/18/2026 00:36:07 - INFO - utils.trainer -   ***** Running evaluation on test2 dataset *****
04/18/2026 00:36:09 - INFO - utils.trainer -   AUC: 0.49392
04/18/2026 00:36:09 - INFO - utils.trainer -   Accuracy: 0.25000
04/18/2026 00:36:09 - INFO - utils.trainer -   Precision: 0.22185
04/18/2026 00:36:09 - INFO - utils.trainer -   Recall: 0.22356
04/18/2026 00:36:09 - INFO - utils.trainer -   F_score: 0.12369
04/18/2026 00:36:09 - INFO - utils.trainer -   Loss: 36737605.66298
04/18/2026 00:36:09 - INFO - utils.trainer -   Epoch: 97, Train loss: 2.70221, Test loss: 36737605.66298,Epoch time = 15.878s
04/18/2026 00:36:25 - INFO - utils.trainer -   ***** Running evaluation on test2 dataset *****
04/18/2026 00:36:28 - INFO - utils.trainer -   AUC: 0.47061
04/18/2026 00:36:28 - INFO - utils.trainer -   Accuracy: 0.25000
04/18/2026 00:36:28 - INFO - utils.trainer -   Precision: 0.13201
04/18/2026 00:36:28 - INFO - utils.trainer -   Recall: 0.22482
04/18/2026 00:36:28 - INFO - utils.trainer -   F_score: 0.12855
04/18/2026 00:36:28 - INFO - utils.trainer -   Loss: 35294111.27356
04/18/2026 00:36:28 - INFO - utils.trainer -   Epoch: 98, Train loss: 2.67473, Test loss: 35294111.27356,Epoch time = 16.052s
04/18/2026 00:36:44 - INFO - utils.trainer -   ***** Running evaluation on test2 dataset *****
04/18/2026 00:36:46 - INFO - utils.trainer -   AUC: 0.44765
04/18/2026 00:36:46 - INFO - utils.trainer -   Accuracy: 0.29487
04/18/2026 00:36:46 - INFO - utils.trainer -   Precision: 0.35644
04/18/2026 00:36:46 - INFO - utils.trainer -   Recall: 0.26728
04/18/2026 00:36:46 - INFO - utils.trainer -   F_score: 0.18081
04/18/2026 00:36:46 - INFO - utils.trainer -   Loss: 31995759.27564
04/18/2026 00:36:46 - INFO - utils.trainer -   Epoch: 99, Train loss: 2.68512, Test loss: 31995759.27564,Epoch time = 16.381s
04/18/2026 00:37:03 - INFO - utils.trainer -   ***** Running evaluation on test2 dataset *****
04/18/2026 00:37:05 - INFO - utils.trainer -   AUC: 0.48779
04/18/2026 00:37:05 - INFO - utils.trainer -   Accuracy: 0.28846
04/18/2026 00:37:05 - INFO - utils.trainer -   Precision: 0.46050
04/18/2026 00:37:05 - INFO - utils.trainer -   Recall: 0.26608
04/18/2026 00:37:05 - INFO - utils.trainer -   F_score: 0.20192
04/18/2026 00:37:05 - INFO - utils.trainer -   Loss: 37674735.24348
04/18/2026 00:37:05 - INFO - utils.trainer -   Epoch: 100, Train loss: 2.68472, Test loss: 37674735.24348,Epoch time = 16.095s
04/18/2026 00:37:22 - INFO - utils.trainer -   ***** Running evaluation on test2 dataset *****
04/18/2026 00:37:24 - INFO - utils.trainer -   AUC: 0.49441
04/18/2026 00:37:24 - INFO - utils.trainer -   Accuracy: 0.26282
04/18/2026 00:37:24 - INFO - utils.trainer -   Precision: 0.18629
04/18/2026 00:37:24 - INFO - utils.trainer -   Recall: 0.23493
04/18/2026 00:37:24 - INFO - utils.trainer -   F_score: 0.12673
04/18/2026 00:37:24 - INFO - utils.trainer -   Loss: 39124197.65607
04/18/2026 00:37:24 - INFO - utils.trainer -   Epoch: 101, Train loss: 2.70962, Test loss: 39124197.65607,Epoch time = 16.636s
04/18/2026 00:37:41 - INFO - utils.trainer -   ***** Running evaluation on test2 dataset *****
04/18/2026 00:37:43 - INFO - utils.trainer -   AUC: 0.53118
04/18/2026 00:37:43 - INFO - utils.trainer -   Accuracy: 0.28846
04/18/2026 00:37:43 - INFO - utils.trainer -   Precision: 0.32119
04/18/2026 00:37:43 - INFO - utils.trainer -   Recall: 0.25748
04/18/2026 00:37:43 - INFO - utils.trainer -   F_score: 0.13526
04/18/2026 00:37:43 - INFO - utils.trainer -   Loss: 40215228.05771
04/18/2026 00:37:43 - INFO - utils.trainer -   Epoch: 102, Train loss: 2.69656, Test loss: 40215228.05771,Epoch time = 16.526s
04/18/2026 00:37:59 - INFO - utils.trainer -   ***** Running evaluation on test2 dataset *****
04/18/2026 00:38:02 - INFO - utils.trainer -   AUC: 0.52135
04/18/2026 00:38:02 - INFO - utils.trainer -   Accuracy: 0.26923
04/18/2026 00:38:02 - INFO - utils.trainer -   Precision: 0.20339
04/18/2026 00:38:02 - INFO - utils.trainer -   Recall: 0.24599
04/18/2026 00:38:02 - INFO - utils.trainer -   F_score: 0.17052
04/18/2026 00:38:02 - INFO - utils.trainer -   Loss: 41103234.45631
04/18/2026 00:38:02 - INFO - utils.trainer -   Epoch: 103, Train loss: 2.68635, Test loss: 41103234.45631,Epoch time = 16.237s
04/18/2026 00:38:18 - INFO - utils.trainer -   ***** Running evaluation on test2 dataset *****
04/18/2026 00:38:21 - INFO - utils.trainer -   AUC: 0.50509
04/18/2026 00:38:21 - INFO - utils.trainer -   Accuracy: 0.26282
04/18/2026 00:38:21 - INFO - utils.trainer -   Precision: 0.11443
04/18/2026 00:38:21 - INFO - utils.trainer -   Recall: 0.23475
04/18/2026 00:38:21 - INFO - utils.trainer -   F_score: 0.12955
04/18/2026 00:38:21 - INFO - utils.trainer -   Loss: 42626815.26100
04/18/2026 00:38:21 - INFO - utils.trainer -   Epoch: 104, Train loss: 2.68409, Test loss: 42626815.26100,Epoch time = 16.338s
04/18/2026 00:38:37 - INFO - utils.trainer -   ***** Running evaluation on test2 dataset *****
04/18/2026 00:38:39 - INFO - utils.trainer -   AUC: 0.56003
04/18/2026 00:38:39 - INFO - utils.trainer -   Accuracy: 0.26923
04/18/2026 00:38:39 - INFO - utils.trainer -   Precision: 0.13733
04/18/2026 00:38:39 - INFO - utils.trainer -   Recall: 0.24133
04/18/2026 00:38:39 - INFO - utils.trainer -   F_score: 0.13602
04/18/2026 00:38:39 - INFO - utils.trainer -   Loss: 46551384.84781
04/18/2026 00:38:39 - INFO - utils.trainer -   Epoch: 105, Train loss: 2.68305, Test loss: 46551384.84781,Epoch time = 16.021s
04/18/2026 00:38:55 - INFO - utils.trainer -   ***** Running evaluation on test2 dataset *****
04/18/2026 00:38:58 - INFO - utils.trainer -   AUC: 0.51171
04/18/2026 00:38:58 - INFO - utils.trainer -   Accuracy: 0.30769
04/18/2026 00:38:58 - INFO - utils.trainer -   Precision: 0.25044
04/18/2026 00:38:58 - INFO - utils.trainer -   Recall: 0.28205
04/18/2026 00:38:58 - INFO - utils.trainer -   F_score: 0.19730
04/18/2026 00:38:58 - INFO - utils.trainer -   Loss: 45288498.45081
04/18/2026 00:38:58 - INFO - utils.trainer -   Epoch: 106, Train loss: 2.69489, Test loss: 45288498.45081,Epoch time = 16.137s
04/18/2026 00:39:14 - INFO - utils.trainer -   ***** Running evaluation on test2 dataset *****
04/18/2026 00:39:17 - INFO - utils.trainer -   AUC: 0.46817
04/18/2026 00:39:17 - INFO - utils.trainer -   Accuracy: 0.26282
04/18/2026 00:39:17 - INFO - utils.trainer -   Precision: 0.20141
04/18/2026 00:39:17 - INFO - utils.trainer -   Recall: 0.24299
04/18/2026 00:39:17 - INFO - utils.trainer -   F_score: 0.19662
04/18/2026 00:39:17 - INFO - utils.trainer -   Loss: 42625359.27918
04/18/2026 00:39:17 - INFO - utils.trainer -   Epoch: 107, Train loss: 2.70571, Test loss: 42625359.27918,Epoch time = 16.266s
04/18/2026 00:39:33 - INFO - utils.trainer -   ***** Running evaluation on test2 dataset *****
04/18/2026 00:39:35 - INFO - utils.trainer -   AUC: 0.56463
04/18/2026 00:39:35 - INFO - utils.trainer -   Accuracy: 0.28846
04/18/2026 00:39:35 - INFO - utils.trainer -   Precision: 0.32167
04/18/2026 00:39:35 - INFO - utils.trainer -   Recall: 0.25765
04/18/2026 00:39:35 - INFO - utils.trainer -   F_score: 0.13615
04/18/2026 00:39:35 - INFO - utils.trainer -   Loss: 48662207.23920
04/18/2026 00:39:35 - INFO - utils.trainer -   Epoch: 108, Train loss: 2.68608, Test loss: 48662207.23920,Epoch time = 16.200s
04/18/2026 00:39:52 - INFO - utils.trainer -   ***** Running evaluation on test2 dataset *****
04/18/2026 00:39:54 - INFO - utils.trainer -   AUC: 0.51462
04/18/2026 00:39:54 - INFO - utils.trainer -   Accuracy: 0.28205
04/18/2026 00:39:54 - INFO - utils.trainer -   Precision: 0.11381
04/18/2026 00:39:54 - INFO - utils.trainer -   Recall: 0.25107
04/18/2026 00:39:54 - INFO - utils.trainer -   F_score: 0.12303
04/18/2026 00:39:54 - INFO - utils.trainer -   Loss: 53953973.63261
04/18/2026 00:39:54 - INFO - utils.trainer -   Epoch: 109, Train loss: 2.69497, Test loss: 53953973.63261,Epoch time = 16.449s
04/18/2026 00:40:10 - INFO - utils.trainer -   ***** Running evaluation on test2 dataset *****
04/18/2026 00:40:13 - INFO - utils.trainer -   AUC: 0.53554
04/18/2026 00:40:13 - INFO - utils.trainer -   Accuracy: 0.26923
04/18/2026 00:40:13 - INFO - utils.trainer -   Precision: 0.07241
04/18/2026 00:40:13 - INFO - utils.trainer -   Recall: 0.23864
04/18/2026 00:40:13 - INFO - utils.trainer -   F_score: 0.11111
04/18/2026 00:40:13 - INFO - utils.trainer -   Loss: 53470108.04440
04/18/2026 00:40:13 - INFO - utils.trainer -   Epoch: 110, Train loss: 2.67800, Test loss: 53470108.04440,Epoch time = 16.074s
04/18/2026 00:40:29 - INFO - utils.trainer -   ***** Running evaluation on test2 dataset *****
04/18/2026 00:40:31 - INFO - utils.trainer -   AUC: 0.53101
04/18/2026 00:40:31 - INFO - utils.trainer -   Accuracy: 0.30128
04/18/2026 00:40:31 - INFO - utils.trainer -   Precision: 0.26962
04/18/2026 00:40:31 - INFO - utils.trainer -   Recall: 0.27476
04/18/2026 00:40:31 - INFO - utils.trainer -   F_score: 0.19530
04/18/2026 00:40:31 - INFO - utils.trainer -   Loss: 55594255.23945
04/18/2026 00:40:31 - INFO - utils.trainer -   Epoch: 111, Train loss: 2.68135, Test loss: 55594255.23945,Epoch time = 16.249s
04/18/2026 00:40:47 - INFO - utils.trainer -   ***** Running evaluation on test2 dataset *****
04/18/2026 00:40:50 - INFO - utils.trainer -   AUC: 0.54801
04/18/2026 00:40:50 - INFO - utils.trainer -   Accuracy: 0.28205
04/18/2026 00:40:50 - INFO - utils.trainer -   Precision: 0.16954
04/18/2026 00:40:50 - INFO - utils.trainer -   Recall: 0.25179
04/18/2026 00:40:50 - INFO - utils.trainer -   F_score: 0.13095
04/18/2026 00:40:50 - INFO - utils.trainer -   Loss: 51626466.44305
04/18/2026 00:40:50 - INFO - utils.trainer -   Epoch: 112, Train loss: 2.65219, Test loss: 51626466.44305,Epoch time = 15.842s
04/18/2026 00:41:06 - INFO - utils.trainer -   ***** Running evaluation on test2 dataset *****
04/18/2026 00:41:08 - INFO - utils.trainer -   AUC: 0.53987
04/18/2026 00:41:08 - INFO - utils.trainer -   Accuracy: 0.24359
04/18/2026 00:41:08 - INFO - utils.trainer -   Precision: 0.24013
04/18/2026 00:41:08 - INFO - utils.trainer -   Recall: 0.23885
04/18/2026 00:41:08 - INFO - utils.trainer -   F_score: 0.23271
04/18/2026 00:41:08 - INFO - utils.trainer -   Loss: 58755080.84947
04/18/2026 00:41:08 - INFO - utils.trainer -   Epoch: 113, Train loss: 2.65915, Test loss: 58755080.84947,Epoch time = 15.986s
04/18/2026 00:41:25 - INFO - utils.trainer -   ***** Running evaluation on test2 dataset *****
04/18/2026 00:41:27 - INFO - utils.trainer -   AUC: 0.50378
04/18/2026 00:41:27 - INFO - utils.trainer -   Accuracy: 0.28205
04/18/2026 00:41:27 - INFO - utils.trainer -   Precision: 0.19146
04/18/2026 00:41:27 - INFO - utils.trainer -   Recall: 0.25215
04/18/2026 00:41:27 - INFO - utils.trainer -   F_score: 0.13497
04/18/2026 00:41:27 - INFO - utils.trainer -   Loss: 56958792.85862
04/18/2026 00:41:27 - INFO - utils.trainer -   Epoch: 114, Train loss: 2.71238, Test loss: 56958792.85862,Epoch time = 16.331s
04/18/2026 00:41:44 - INFO - utils.trainer -   ***** Running evaluation on test2 dataset *****
04/18/2026 00:41:46 - INFO - utils.trainer -   AUC: 0.54804
04/18/2026 00:41:46 - INFO - utils.trainer -   Accuracy: 0.28846
04/18/2026 00:41:46 - INFO - utils.trainer -   Precision: 0.19619
04/18/2026 00:41:46 - INFO - utils.trainer -   Recall: 0.25748
04/18/2026 00:41:46 - INFO - utils.trainer -   F_score: 0.13407
04/18/2026 00:41:46 - INFO - utils.trainer -   Loss: 67523893.62765
04/18/2026 00:41:46 - INFO - utils.trainer -   Epoch: 115, Train loss: 2.70456, Test loss: 67523893.62765,Epoch time = 16.746s
04/18/2026 00:42:02 - INFO - utils.trainer -   ***** Running evaluation on test2 dataset *****
04/18/2026 00:42:05 - INFO - utils.trainer -   AUC: 0.55614
04/18/2026 00:42:05 - INFO - utils.trainer -   Accuracy: 0.30769
04/18/2026 00:42:05 - INFO - utils.trainer -   Precision: 0.38942
04/18/2026 00:42:05 - INFO - utils.trainer -   Recall: 0.27900
04/18/2026 00:42:05 - INFO - utils.trainer -   F_score: 0.18358
04/18/2026 00:42:05 - INFO - utils.trainer -   Loss: 69012072.81215
04/18/2026 00:42:05 - INFO - utils.trainer -   Epoch: 116, Train loss: 2.66669, Test loss: 69012072.81215,Epoch time = 16.149s
04/18/2026 00:42:21 - INFO - utils.trainer -   ***** Running evaluation on test2 dataset *****
04/18/2026 00:42:24 - INFO - utils.trainer -   AUC: 0.51013
04/18/2026 00:42:24 - INFO - utils.trainer -   Accuracy: 0.30128
04/18/2026 00:42:24 - INFO - utils.trainer -   Precision: 0.28129
04/18/2026 00:42:24 - INFO - utils.trainer -   Recall: 0.27493
04/18/2026 00:42:24 - INFO - utils.trainer -   F_score: 0.19795
04/18/2026 00:42:24 - INFO - utils.trainer -   Loss: 68641615.29745
04/18/2026 00:42:24 - INFO - utils.trainer -   Epoch: 117, Train loss: 2.68009, Test loss: 68641615.29745,Epoch time = 16.172s
04/18/2026 00:42:40 - INFO - utils.trainer -   ***** Running evaluation on test2 dataset *****
04/18/2026 00:42:42 - INFO - utils.trainer -   AUC: 0.54778
04/18/2026 00:42:42 - INFO - utils.trainer -   Accuracy: 0.28846
04/18/2026 00:42:42 - INFO - utils.trainer -   Precision: 0.29167
04/18/2026 00:42:42 - INFO - utils.trainer -   Recall: 0.26572
04/18/2026 00:42:42 - INFO - utils.trainer -   F_score: 0.20731
04/18/2026 00:42:42 - INFO - utils.trainer -   Loss: 87755919.24656
04/18/2026 00:42:42 - INFO - utils.trainer -   Epoch: 118, Train loss: 2.68019, Test loss: 87755919.24656,Epoch time = 15.918s
04/18/2026 00:42:58 - INFO - utils.trainer -   ***** Running evaluation on test2 dataset *****
04/18/2026 00:43:00 - INFO - utils.trainer -   AUC: 0.53147
04/18/2026 00:43:00 - INFO - utils.trainer -   Accuracy: 0.28846
04/18/2026 00:43:00 - INFO - utils.trainer -   Precision: 0.25316
04/18/2026 00:43:00 - INFO - utils.trainer -   Recall: 0.27307
04/18/2026 00:43:00 - INFO - utils.trainer -   F_score: 0.24511
04/18/2026 00:43:00 - INFO - utils.trainer -   Loss: 87139125.65606
04/18/2026 00:43:00 - INFO - utils.trainer -   Epoch: 119, Train loss: 2.67970, Test loss: 87139125.65606,Epoch time = 15.986s
04/18/2026 00:43:17 - INFO - utils.trainer -   ***** Running evaluation on test2 dataset *****
04/18/2026 00:43:19 - INFO - utils.trainer -   AUC: 0.56194
04/18/2026 00:43:19 - INFO - utils.trainer -   Accuracy: 0.28846
04/18/2026 00:43:19 - INFO - utils.trainer -   Precision: 0.27934
04/18/2026 00:43:19 - INFO - utils.trainer -   Recall: 0.28167
04/18/2026 00:43:19 - INFO - utils.trainer -   F_score: 0.27549
04/18/2026 00:43:19 - INFO - utils.trainer -   Loss: 96734415.24370
04/18/2026 00:43:19 - INFO - utils.trainer -   Epoch: 120, Train loss: 2.67802, Test loss: 96734415.24370,Epoch time = 16.155s
04/18/2026 00:43:35 - INFO - utils.trainer -   ***** Running evaluation on test2 dataset *****
04/18/2026 00:43:38 - INFO - utils.trainer -   AUC: 0.49885
04/18/2026 00:43:38 - INFO - utils.trainer -   Accuracy: 0.26923
04/18/2026 00:43:38 - INFO - utils.trainer -   Precision: 0.20431
04/18/2026 00:43:38 - INFO - utils.trainer -   Recall: 0.24903
04/18/2026 00:43:38 - INFO - utils.trainer -   F_score: 0.18871
04/18/2026 00:43:38 - INFO - utils.trainer -   Loss: 108899663.25186
04/18/2026 00:43:38 - INFO - utils.trainer -   Epoch: 121, Train loss: 2.71921, Test loss: 108899663.25186,Epoch time = 16.306s
04/18/2026 00:43:54 - INFO - utils.trainer -   ***** Running evaluation on test2 dataset *****
04/18/2026 00:43:56 - INFO - utils.trainer -   AUC: 0.52880
04/18/2026 00:43:56 - INFO - utils.trainer -   Accuracy: 0.26923
04/18/2026 00:43:56 - INFO - utils.trainer -   Precision: 0.23469
04/18/2026 00:43:56 - INFO - utils.trainer -   Recall: 0.24079
04/18/2026 00:43:56 - INFO - utils.trainer -   F_score: 0.12971
04/18/2026 00:43:56 - INFO - utils.trainer -   Loss: 88568335.25387
04/18/2026 00:43:56 - INFO - utils.trainer -   Epoch: 122, Train loss: 2.71989, Test loss: 88568335.25387,Epoch time = 15.940s
04/18/2026 00:44:12 - INFO - utils.trainer -   ***** Running evaluation on test2 dataset *****
04/18/2026 00:44:14 - INFO - utils.trainer -   AUC: 0.54888
04/18/2026 00:44:14 - INFO - utils.trainer -   Accuracy: 0.28205
04/18/2026 00:44:14 - INFO - utils.trainer -   Precision: 0.31993
04/18/2026 00:44:14 - INFO - utils.trainer -   Recall: 0.25430
04/18/2026 00:44:14 - INFO - utils.trainer -   F_score: 0.15573
04/18/2026 00:44:14 - INFO - utils.trainer -   Loss: 126769244.04647
04/18/2026 00:44:14 - INFO - utils.trainer -   Epoch: 123, Train loss: 2.71048, Test loss: 126769244.04647,Epoch time = 16.018s
04/18/2026 00:44:30 - INFO - utils.trainer -   ***** Running evaluation on test2 dataset *****
04/18/2026 00:44:32 - INFO - utils.trainer -   AUC: 0.48484
04/18/2026 00:44:32 - INFO - utils.trainer -   Accuracy: 0.24359
04/18/2026 00:44:32 - INFO - utils.trainer -   Precision: 0.24280
04/18/2026 00:44:32 - INFO - utils.trainer -   Recall: 0.22505
04/18/2026 00:44:32 - INFO - utils.trainer -   F_score: 0.18093
04/18/2026 00:44:32 - INFO - utils.trainer -   Loss: 137542594.45762
04/18/2026 00:44:33 - INFO - utils.trainer -   Epoch: 124, Train loss: 2.69089, Test loss: 137542594.45762,Epoch time = 15.719s
04/18/2026 00:44:48 - INFO - utils.trainer -   ***** Running evaluation on test2 dataset *****
04/18/2026 00:44:51 - INFO - utils.trainer -   AUC: 0.48056
04/18/2026 00:44:51 - INFO - utils.trainer -   Accuracy: 0.28846
04/18/2026 00:44:51 - INFO - utils.trainer -   Precision: 0.20091
04/18/2026 00:44:51 - INFO - utils.trainer -   Recall: 0.26357
04/18/2026 00:44:51 - INFO - utils.trainer -   F_score: 0.19461
04/18/2026 00:44:51 - INFO - utils.trainer -   Loss: 203534018.46330
04/18/2026 00:44:51 - INFO - utils.trainer -   Epoch: 125, Train loss: 2.69075, Test loss: 203534018.46330,Epoch time = 15.982s
04/18/2026 00:45:08 - INFO - utils.trainer -   ***** Running evaluation on test2 dataset *****
04/18/2026 00:45:10 - INFO - utils.trainer -   AUC: 0.54300
04/18/2026 00:45:10 - INFO - utils.trainer -   Accuracy: 0.30128
04/18/2026 00:45:10 - INFO - utils.trainer -   Precision: 0.19741
04/18/2026 00:45:10 - INFO - utils.trainer -   Recall: 0.27153
04/18/2026 00:45:10 - INFO - utils.trainer -   F_score: 0.16319
04/18/2026 00:45:10 - INFO - utils.trainer -   Loss: 291851036.04936
04/18/2026 00:45:10 - INFO - utils.trainer -   Epoch: 126, Train loss: 2.74360, Test loss: 291851036.04936,Epoch time = 16.963s
04/18/2026 00:45:27 - INFO - utils.trainer -   ***** Running evaluation on test2 dataset *****
04/18/2026 00:45:29 - INFO - utils.trainer -   AUC: 0.50044
04/18/2026 00:45:29 - INFO - utils.trainer -   Accuracy: 0.23718
04/18/2026 00:45:29 - INFO - utils.trainer -   Precision: 0.06560
04/18/2026 00:45:29 - INFO - utils.trainer -   Recall: 0.21023
04/18/2026 00:45:29 - INFO - utils.trainer -   F_score: 0.10000
04/18/2026 00:45:29 - INFO - utils.trainer -   Loss: 346611842.46209
04/18/2026 00:45:29 - INFO - utils.trainer -   Epoch: 127, Train loss: 2.71143, Test loss: 346611842.46209,Epoch time = 16.735s
04/18/2026 00:45:46 - INFO - utils.trainer -   ***** Running evaluation on test2 dataset *****
04/18/2026 00:45:48 - INFO - utils.trainer -   AUC: 0.50445
04/18/2026 00:45:48 - INFO - utils.trainer -   Accuracy: 0.28205
04/18/2026 00:45:48 - INFO - utils.trainer -   Precision: 0.07097
04/18/2026 00:45:48 - INFO - utils.trainer -   Recall: 0.25000
04/18/2026 00:45:48 - INFO - utils.trainer -   F_score: 0.11055
04/18/2026 00:45:48 - INFO - utils.trainer -   Loss: 61177519.36738
04/18/2026 00:45:48 - INFO - utils.trainer -   Epoch: 128, Train loss: 5.21656, Test loss: 61177519.36738,Epoch time = 16.212s
04/18/2026 00:46:04 - INFO - utils.trainer -   ***** Running evaluation on test2 dataset *****
04/18/2026 00:46:07 - INFO - utils.trainer -   AUC: 0.53161
04/18/2026 00:46:07 - INFO - utils.trainer -   Accuracy: 0.28205
04/18/2026 00:46:07 - INFO - utils.trainer -   Precision: 0.20141
04/18/2026 00:46:07 - INFO - utils.trainer -   Recall: 0.25412
04/18/2026 00:46:07 - INFO - utils.trainer -   F_score: 0.15373
04/18/2026 00:46:07 - INFO - utils.trainer -   Loss: 91479938.46845
04/18/2026 00:46:07 - INFO - utils.trainer -   Epoch: 129, Train loss: 2.73316, Test loss: 91479938.46845,Epoch time = 16.110s
04/18/2026 00:46:23 - INFO - utils.trainer -   ***** Running evaluation on test2 dataset *****
04/18/2026 00:46:25 - INFO - utils.trainer -   AUC: 0.53611
04/18/2026 00:46:25 - INFO - utils.trainer -   Accuracy: 0.28205
04/18/2026 00:46:25 - INFO - utils.trainer -   Precision: 0.13465
04/18/2026 00:46:25 - INFO - utils.trainer -   Recall: 0.25090
04/18/2026 00:46:25 - INFO - utils.trainer -   F_score: 0.12330
04/18/2026 00:46:25 - INFO - utils.trainer -   Loss: 96550146.42666
04/18/2026 00:46:25 - INFO - utils.trainer -   Epoch: 130, Train loss: 2.69312, Test loss: 96550146.42666,Epoch time = 15.931s
04/18/2026 00:46:41 - INFO - utils.trainer -   ***** Running evaluation on test2 dataset *****
04/18/2026 00:46:44 - INFO - utils.trainer -   AUC: 0.54126
04/18/2026 00:46:44 - INFO - utils.trainer -   Accuracy: 0.27564
04/18/2026 00:46:44 - INFO - utils.trainer -   Precision: 0.07026
04/18/2026 00:46:44 - INFO - utils.trainer -   Recall: 0.24432
04/18/2026 00:46:44 - INFO - utils.trainer -   F_score: 0.10914
04/18/2026 00:46:44 - INFO - utils.trainer -   Loss: 106668655.28580
04/18/2026 00:46:44 - INFO - utils.trainer -   Epoch: 131, Train loss: 2.66551, Test loss: 106668655.28580,Epoch time = 16.031s
04/18/2026 00:46:59 - INFO - utils.trainer -   ***** Running evaluation on test2 dataset *****
04/18/2026 00:47:02 - INFO - utils.trainer -   AUC: 0.54703
04/18/2026 00:47:02 - INFO - utils.trainer -   Accuracy: 0.28205
04/18/2026 00:47:02 - INFO - utils.trainer -   Precision: 0.28641
04/18/2026 00:47:02 - INFO - utils.trainer -   Recall: 0.27510
04/18/2026 00:47:02 - INFO - utils.trainer -   F_score: 0.26783
04/18/2026 00:47:02 - INFO - utils.trainer -   Loss: 118389506.43026
04/18/2026 00:47:02 - INFO - utils.trainer -   Epoch: 132, Train loss: 2.64944, Test loss: 118389506.43026,Epoch time = 15.744s
04/18/2026 00:47:17 - INFO - utils.trainer -   ***** Running evaluation on test2 dataset *****
04/18/2026 00:47:20 - INFO - utils.trainer -   AUC: 0.55894
04/18/2026 00:47:20 - INFO - utils.trainer -   Accuracy: 0.28846
04/18/2026 00:47:20 - INFO - utils.trainer -   Precision: 0.26148
04/18/2026 00:47:20 - INFO - utils.trainer -   Recall: 0.27414
04/18/2026 00:47:20 - INFO - utils.trainer -   F_score: 0.24191
04/18/2026 00:47:20 - INFO - utils.trainer -   Loss: 149804687.24488
04/18/2026 00:47:20 - INFO - utils.trainer -   Epoch: 133, Train loss: 2.70408, Test loss: 149804687.24488,Epoch time = 15.642s
04/18/2026 00:47:36 - INFO - utils.trainer -   ***** Running evaluation on test2 dataset *****
04/18/2026 00:47:38 - INFO - utils.trainer -   AUC: 0.51278
04/18/2026 00:47:38 - INFO - utils.trainer -   Accuracy: 0.27564
04/18/2026 00:47:38 - INFO - utils.trainer -   Precision: 0.07119
04/18/2026 00:47:38 - INFO - utils.trainer -   Recall: 0.24432
04/18/2026 00:47:38 - INFO - utils.trainer -   F_score: 0.11026
04/18/2026 00:47:38 - INFO - utils.trainer -   Loss: 138423042.50374
04/18/2026 00:47:38 - INFO - utils.trainer -   Epoch: 134, Train loss: 2.69888, Test loss: 138423042.50374,Epoch time = 15.995s
04/18/2026 00:47:55 - INFO - utils.trainer -   ***** Running evaluation on test2 dataset *****
04/18/2026 00:47:57 - INFO - utils.trainer -   AUC: 0.52825
04/18/2026 00:47:57 - INFO - utils.trainer -   Accuracy: 0.30128
04/18/2026 00:47:57 - INFO - utils.trainer -   Precision: 0.23097
04/18/2026 00:47:57 - INFO - utils.trainer -   Recall: 0.29284
04/18/2026 00:47:57 - INFO - utils.trainer -   F_score: 0.23021
04/18/2026 00:47:57 - INFO - utils.trainer -   Loss: 131979957.66662
04/18/2026 00:47:57 - INFO - utils.trainer -   Epoch: 135, Train loss: 2.70217, Test loss: 131979957.66662,Epoch time = 16.168s
04/18/2026 00:48:13 - INFO - utils.trainer -   ***** Running evaluation on test2 dataset *****
04/18/2026 00:48:15 - INFO - utils.trainer -   AUC: 0.49999
04/18/2026 00:48:15 - INFO - utils.trainer -   Accuracy: 0.27564
04/18/2026 00:48:15 - INFO - utils.trainer -   Precision: 0.28611
04/18/2026 00:48:15 - INFO - utils.trainer -   Recall: 0.27460
04/18/2026 00:48:15 - INFO - utils.trainer -   F_score: 0.25390
04/18/2026 00:48:15 - INFO - utils.trainer -   Loss: 127445224.88769
04/18/2026 00:48:15 - INFO - utils.trainer -   Epoch: 136, Train loss: 2.71426, Test loss: 127445224.88769,Epoch time = 15.763s
04/18/2026 00:48:31 - INFO - utils.trainer -   ***** Running evaluation on test2 dataset *****
04/18/2026 00:48:33 - INFO - utils.trainer -   AUC: 0.54981
04/18/2026 00:48:33 - INFO - utils.trainer -   Accuracy: 0.27564
04/18/2026 00:48:33 - INFO - utils.trainer -   Precision: 0.33900
04/18/2026 00:48:33 - INFO - utils.trainer -   Recall: 0.26385
04/18/2026 00:48:33 - INFO - utils.trainer -   F_score: 0.24105
04/18/2026 00:48:33 - INFO - utils.trainer -   Loss: 165965237.63543
04/18/2026 00:48:33 - INFO - utils.trainer -   Epoch: 137, Train loss: 2.76047, Test loss: 165965237.63543,Epoch time = 15.941s
04/18/2026 00:48:49 - INFO - utils.trainer -   ***** Running evaluation on test2 dataset *****
04/18/2026 00:48:51 - INFO - utils.trainer -   AUC: 0.53588
04/18/2026 00:48:51 - INFO - utils.trainer -   Accuracy: 0.28846
04/18/2026 00:48:51 - INFO - utils.trainer -   Precision: 0.28658
04/18/2026 00:48:51 - INFO - utils.trainer -   Recall: 0.27557
04/18/2026 00:48:51 - INFO - utils.trainer -   F_score: 0.24783
04/18/2026 00:48:51 - INFO - utils.trainer -   Loss: 252774172.06890
04/18/2026 00:48:51 - INFO - utils.trainer -   Epoch: 138, Train loss: 2.71969, Test loss: 252774172.06890,Epoch time = 15.520s
04/18/2026 00:49:07 - INFO - utils.trainer -   ***** Running evaluation on test2 dataset *****
04/18/2026 00:49:09 - INFO - utils.trainer -   AUC: 0.49101
04/18/2026 00:49:09 - INFO - utils.trainer -   Accuracy: 0.28846
04/18/2026 00:49:09 - INFO - utils.trainer -   Precision: 0.29467
04/18/2026 00:49:09 - INFO - utils.trainer -   Recall: 0.26590
04/18/2026 00:49:09 - INFO - utils.trainer -   F_score: 0.20130
04/18/2026 00:49:09 - INFO - utils.trainer -   Loss: 161896821.73103
04/18/2026 00:49:09 - INFO - utils.trainer -   Epoch: 139, Train loss: 2.71496, Test loss: 161896821.73103,Epoch time = 15.643s
04/18/2026 00:49:25 - INFO - utils.trainer -   ***** Running evaluation on test2 dataset *****
04/18/2026 00:49:27 - INFO - utils.trainer -   AUC: 0.55654
04/18/2026 00:49:27 - INFO - utils.trainer -   Accuracy: 0.31410
04/18/2026 00:49:27 - INFO - utils.trainer -   Precision: 0.31353
04/18/2026 00:49:27 - INFO - utils.trainer -   Recall: 0.29400
04/18/2026 00:49:27 - INFO - utils.trainer -   F_score: 0.23852
04/18/2026 00:49:27 - INFO - utils.trainer -   Loss: 565722268.03195
04/18/2026 00:49:27 - INFO - utils.trainer -   Epoch: 140, Train loss: 2.73671, Test loss: 565722268.03195,Epoch time = 15.706s
04/18/2026 00:49:43 - INFO - utils.trainer -   ***** Running evaluation on test2 dataset *****
04/18/2026 00:49:45 - INFO - utils.trainer -   AUC: 0.50750
04/18/2026 00:49:45 - INFO - utils.trainer -   Accuracy: 0.29487
04/18/2026 00:49:45 - INFO - utils.trainer -   Precision: 0.42167
04/18/2026 00:49:45 - INFO - utils.trainer -   Recall: 0.26459
04/18/2026 00:49:45 - INFO - utils.trainer -   F_score: 0.14779
04/18/2026 00:49:45 - INFO - utils.trainer -   Loss: 606221826.45195
04/18/2026 00:49:45 - INFO - utils.trainer -   Epoch: 141, Train loss: 2.84034, Test loss: 606221826.45195,Epoch time = 15.601s
04/18/2026 00:50:01 - INFO - utils.trainer -   ***** Running evaluation on test2 dataset *****
04/18/2026 00:50:04 - INFO - utils.trainer -   AUC: 0.53867
04/18/2026 00:50:04 - INFO - utils.trainer -   Accuracy: 0.28846
04/18/2026 00:50:04 - INFO - utils.trainer -   Precision: 0.38465
04/18/2026 00:50:04 - INFO - utils.trainer -   Recall: 0.25765
04/18/2026 00:50:04 - INFO - utils.trainer -   F_score: 0.13641
04/18/2026 00:50:04 - INFO - utils.trainer -   Loss: 1805800245.63845
04/18/2026 00:50:04 - INFO - utils.trainer -   Epoch: 142, Train loss: 3.41560, Test loss: 1805800245.63845,Epoch time = 15.807s
04/18/2026 00:50:19 - INFO - utils.trainer -   ***** Running evaluation on test2 dataset *****
04/18/2026 00:50:22 - INFO - utils.trainer -   AUC: 0.53006
04/18/2026 00:50:22 - INFO - utils.trainer -   Accuracy: 0.28205
04/18/2026 00:50:22 - INFO - utils.trainer -   Precision: 0.07051
04/18/2026 00:50:22 - INFO - utils.trainer -   Recall: 0.25000
04/18/2026 00:50:22 - INFO - utils.trainer -   F_score: 0.11000
04/18/2026 00:50:22 - INFO - utils.trainer -   Loss: 739599976.85738
04/18/2026 00:50:22 - INFO - utils.trainer -   Epoch: 143, Train loss: 1.59991, Test loss: 739599976.85738,Epoch time = 15.824s
04/18/2026 00:50:38 - INFO - utils.trainer -   ***** Running evaluation on test2 dataset *****
04/18/2026 00:50:41 - INFO - utils.trainer -   AUC: 0.52497
04/18/2026 00:50:41 - INFO - utils.trainer -   Accuracy: 0.28205
04/18/2026 00:50:41 - INFO - utils.trainer -   Precision: 0.22281
04/18/2026 00:50:41 - INFO - utils.trainer -   Recall: 0.26720
04/18/2026 00:50:41 - INFO - utils.trainer -   F_score: 0.20120
04/18/2026 00:50:41 - INFO - utils.trainer -   Loss: 450963663.24214
04/18/2026 00:50:41 - INFO - utils.trainer -   Epoch: 144, Train loss: 2.80889, Test loss: 450963663.24214,Epoch time = 15.944s
04/18/2026 00:50:59 - INFO - utils.trainer -   ***** Running evaluation on test2 dataset *****
04/18/2026 00:51:01 - INFO - utils.trainer -   AUC: 0.57337
04/18/2026 00:51:01 - INFO - utils.trainer -   Accuracy: 0.30769
04/18/2026 00:51:01 - INFO - utils.trainer -   Precision: 0.38021
04/18/2026 00:51:01 - INFO - utils.trainer -   Recall: 0.27810
04/18/2026 00:51:01 - INFO - utils.trainer -   F_score: 0.17360
04/18/2026 00:51:01 - INFO - utils.trainer -   Loss: 349107944.83990
04/18/2026 00:51:01 - INFO - utils.trainer -   Epoch: 145, Train loss: 2.89188, Test loss: 349107944.83990,Epoch time = 17.887s
04/18/2026 00:51:17 - INFO - utils.trainer -   ***** Running evaluation on test2 dataset *****
04/18/2026 00:51:20 - INFO - utils.trainer -   AUC: 0.51456
04/18/2026 00:51:20 - INFO - utils.trainer -   Accuracy: 0.28205
04/18/2026 00:51:20 - INFO - utils.trainer -   Precision: 0.07051
04/18/2026 00:51:20 - INFO - utils.trainer -   Recall: 0.25000
04/18/2026 00:51:20 - INFO - utils.trainer -   F_score: 0.11000
04/18/2026 00:51:20 - INFO - utils.trainer -   Loss: 913340520.85155
04/18/2026 00:51:20 - INFO - utils.trainer -   Epoch: 146, Train loss: 2.70052, Test loss: 913340520.85155,Epoch time = 16.044s
04/18/2026 00:51:35 - INFO - utils.trainer -   ***** Running evaluation on test2 dataset *****
04/18/2026 00:51:38 - INFO - utils.trainer -   AUC: 0.52997
04/18/2026 00:51:38 - INFO - utils.trainer -   Accuracy: 0.28846
04/18/2026 00:51:38 - INFO - utils.trainer -   Precision: 0.25991
04/18/2026 00:51:38 - INFO - utils.trainer -   Recall: 0.25873
04/18/2026 00:51:38 - INFO - utils.trainer -   F_score: 0.14583
04/18/2026 00:51:38 - INFO - utils.trainer -   Loss: 150054184.91321
04/18/2026 00:51:38 - INFO - utils.trainer -   Epoch: 147, Train loss: -15.44116, Test loss: 150054184.91321,Epoch time = 15.765s
04/18/2026 00:51:54 - INFO - utils.trainer -   ***** Running evaluation on test2 dataset *****
04/18/2026 00:51:56 - INFO - utils.trainer -   AUC: 0.54873
04/18/2026 00:51:56 - INFO - utils.trainer -   Accuracy: 0.30128
04/18/2026 00:51:56 - INFO - utils.trainer -   Precision: 0.23398
04/18/2026 00:51:56 - INFO - utils.trainer -   Recall: 0.28424
04/18/2026 00:51:56 - INFO - utils.trainer -   F_score: 0.20576
04/18/2026 00:51:56 - INFO - utils.trainer -   Loss: 97297884.08551
04/18/2026 00:51:56 - INFO - utils.trainer -   Epoch: 148, Train loss: 2.70143, Test loss: 97297884.08551,Epoch time = 16.028s
04/18/2026 00:52:13 - INFO - utils.trainer -   ***** Running evaluation on test2 dataset *****
04/18/2026 00:52:15 - INFO - utils.trainer -   AUC: 0.51952
04/18/2026 00:52:15 - INFO - utils.trainer -   Accuracy: 0.23718
04/18/2026 00:52:15 - INFO - utils.trainer -   Precision: 0.10652
04/18/2026 00:52:15 - INFO - utils.trainer -   Recall: 0.21668
04/18/2026 00:52:15 - INFO - utils.trainer -   F_score: 0.13969
04/18/2026 00:52:15 - INFO - utils.trainer -   Loss: 98614415.27370
04/18/2026 00:52:15 - INFO - utils.trainer -   Epoch: 149, Train loss: 2.68502, Test loss: 98614415.27370,Epoch time = 16.105s
04/18/2026 00:52:33 - INFO - utils.trainer -   ***** Running evaluation on test2 dataset *****
04/18/2026 00:52:36 - INFO - utils.trainer -   AUC: 0.52289
04/18/2026 00:52:36 - INFO - utils.trainer -   Accuracy: 0.25641
04/18/2026 00:52:36 - INFO - utils.trainer -   Precision: 0.16789
04/18/2026 00:52:36 - INFO - utils.trainer -   Recall: 0.22942
04/18/2026 00:52:36 - INFO - utils.trainer -   F_score: 0.12731
04/18/2026 00:52:36 - INFO - utils.trainer -   Loss: 91780520.88057
04/18/2026 00:52:36 - INFO - utils.trainer -   Epoch: 150, Train loss: 2.61810, Test loss: 91780520.88057,Epoch time = 17.590s
04/18/2026 00:52:52 - INFO - utils.trainer -   ***** Running evaluation on test2 dataset *****
04/18/2026 00:52:54 - INFO - utils.trainer -   AUC: 0.55474
04/18/2026 00:52:54 - INFO - utils.trainer -   Accuracy: 0.28846
04/18/2026 00:52:54 - INFO - utils.trainer -   Precision: 0.23882
04/18/2026 00:52:54 - INFO - utils.trainer -   Recall: 0.27718
04/18/2026 00:52:54 - INFO - utils.trainer -   F_score: 0.22110
04/18/2026 00:52:54 - INFO - utils.trainer -   Loss: 110442165.65128
04/18/2026 00:52:55 - INFO - utils.trainer -   Epoch: 151, Train loss: 2.68502, Test loss: 110442165.65128,Epoch time = 16.479s
04/18/2026 00:53:11 - INFO - utils.trainer -   ***** Running evaluation on test2 dataset *****
04/18/2026 00:53:13 - INFO - utils.trainer -   AUC: 0.53802
04/18/2026 00:53:13 - INFO - utils.trainer -   Accuracy: 0.28205
04/18/2026 00:53:13 - INFO - utils.trainer -   Precision: 0.14088
04/18/2026 00:53:13 - INFO - utils.trainer -   Recall: 0.25322
04/18/2026 00:53:13 - INFO - utils.trainer -   F_score: 0.14206
04/18/2026 00:53:13 - INFO - utils.trainer -   Loss: 80787368.89658
04/18/2026 00:53:13 - INFO - utils.trainer -   Epoch: 152, Train loss: 2.63783, Test loss: 80787368.89658,Epoch time = 16.146s
04/18/2026 00:53:29 - INFO - utils.trainer -   ***** Running evaluation on test2 dataset *****
04/18/2026 00:53:32 - INFO - utils.trainer -   AUC: 0.54374
04/18/2026 00:53:32 - INFO - utils.trainer -   Accuracy: 0.32051
04/18/2026 00:53:32 - INFO - utils.trainer -   Precision: 0.45158
04/18/2026 00:53:32 - INFO - utils.trainer -   Recall: 0.29986
04/18/2026 00:53:32 - INFO - utils.trainer -   F_score: 0.23061
04/18/2026 00:53:32 - INFO - utils.trainer -   Loss: 91042600.83319
04/18/2026 00:53:32 - INFO - utils.trainer -   Epoch: 153, Train loss: 2.67016, Test loss: 91042600.83319,Epoch time = 15.980s
04/18/2026 00:53:48 - INFO - utils.trainer -   ***** Running evaluation on test2 dataset *****
04/18/2026 00:53:50 - INFO - utils.trainer -   AUC: 0.50760
04/18/2026 00:53:50 - INFO - utils.trainer -   Accuracy: 0.28205
04/18/2026 00:53:50 - INFO - utils.trainer -   Precision: 0.39052
04/18/2026 00:53:50 - INFO - utils.trainer -   Recall: 0.26487
04/18/2026 00:53:50 - INFO - utils.trainer -   F_score: 0.19133
04/18/2026 00:53:50 - INFO - utils.trainer -   Loss: 113044956.05170
04/18/2026 00:53:50 - INFO - utils.trainer -   Epoch: 154, Train loss: 2.66828, Test loss: 113044956.05170,Epoch time = 16.263s
04/18/2026 00:54:07 - INFO - utils.trainer -   ***** Running evaluation on test2 dataset *****
04/18/2026 00:54:09 - INFO - utils.trainer -   AUC: 0.53941
04/18/2026 00:54:09 - INFO - utils.trainer -   Accuracy: 0.28205
04/18/2026 00:54:09 - INFO - utils.trainer -   Precision: 0.13882
04/18/2026 00:54:09 - INFO - utils.trainer -   Recall: 0.26290
04/18/2026 00:54:09 - INFO - utils.trainer -   F_score: 0.17929
04/18/2026 00:54:09 - INFO - utils.trainer -   Loss: 88424514.42287
04/18/2026 00:54:09 - INFO - utils.trainer -   Epoch: 155, Train loss: 2.69932, Test loss: 88424514.42287,Epoch time = 16.345s
04/18/2026 00:54:25 - INFO - utils.trainer -   ***** Running evaluation on test2 dataset *****
04/18/2026 00:54:28 - INFO - utils.trainer -   AUC: 0.59517
04/18/2026 00:54:28 - INFO - utils.trainer -   Accuracy: 0.28205
04/18/2026 00:54:28 - INFO - utils.trainer -   Precision: 0.07097
04/18/2026 00:54:28 - INFO - utils.trainer -   Recall: 0.25000
04/18/2026 00:54:28 - INFO - utils.trainer -   F_score: 0.11055
04/18/2026 00:54:28 - INFO - utils.trainer -   Loss: 116102632.89495
04/18/2026 00:54:28 - INFO - utils.trainer -   Epoch: 156, Train loss: 2.63271, Test loss: 116102632.89495,Epoch time = 16.011s
04/18/2026 00:54:44 - INFO - utils.trainer -   ***** Running evaluation on test2 dataset *****
04/18/2026 00:54:46 - INFO - utils.trainer -   AUC: 0.52533
04/18/2026 00:54:46 - INFO - utils.trainer -   Accuracy: 0.27564
04/18/2026 00:54:46 - INFO - utils.trainer -   Precision: 0.36702
04/18/2026 00:54:46 - INFO - utils.trainer -   Recall: 0.24844
04/18/2026 00:54:46 - INFO - utils.trainer -   F_score: 0.14768
04/18/2026 00:54:46 - INFO - utils.trainer -   Loss: 95444028.05173
04/18/2026 00:54:46 - INFO - utils.trainer -   Epoch: 157, Train loss: 2.65872, Test loss: 95444028.05173,Epoch time = 16.034s
04/18/2026 00:55:02 - INFO - utils.trainer -   ***** Running evaluation on test2 dataset *****
04/18/2026 00:55:05 - INFO - utils.trainer -   AUC: 0.55916
04/18/2026 00:55:05 - INFO - utils.trainer -   Accuracy: 0.30769
04/18/2026 00:55:05 - INFO - utils.trainer -   Precision: 0.15874
04/18/2026 00:55:05 - INFO - utils.trainer -   Recall: 0.28133
04/18/2026 00:55:05 - INFO - utils.trainer -   F_score: 0.18148
04/18/2026 00:55:05 - INFO - utils.trainer -   Loss: 87974536.87162
04/18/2026 00:55:05 - INFO - utils.trainer -   Epoch: 158, Train loss: 2.68483, Test loss: 87974536.87162,Epoch time = 16.083s
04/18/2026 00:55:21 - INFO - utils.trainer -   ***** Running evaluation on test2 dataset *****
04/18/2026 00:55:23 - INFO - utils.trainer -   AUC: 0.57082
04/18/2026 00:55:23 - INFO - utils.trainer -   Accuracy: 0.32051
04/18/2026 00:55:23 - INFO - utils.trainer -   Precision: 0.52836
04/18/2026 00:55:23 - INFO - utils.trainer -   Recall: 0.29681
04/18/2026 00:55:23 - INFO - utils.trainer -   F_score: 0.21263
04/18/2026 00:55:23 - INFO - utils.trainer -   Loss: 110593436.03890
04/18/2026 00:55:23 - INFO - utils.trainer -   Epoch: 159, Train loss: 2.67742, Test loss: 110593436.03890,Epoch time = 16.217s
04/18/2026 00:55:39 - INFO - utils.trainer -   ***** Running evaluation on test2 dataset *****
04/18/2026 00:55:42 - INFO - utils.trainer -   AUC: 0.54591
04/18/2026 00:55:42 - INFO - utils.trainer -   Accuracy: 0.28205
04/18/2026 00:55:42 - INFO - utils.trainer -   Precision: 0.38909
04/18/2026 00:55:42 - INFO - utils.trainer -   Recall: 0.26702
04/18/2026 00:55:42 - INFO - utils.trainer -   F_score: 0.19404
04/18/2026 00:55:42 - INFO - utils.trainer -   Loss: 106944860.03617
04/18/2026 00:55:42 - INFO - utils.trainer -   Epoch: 160, Train loss: 2.68591, Test loss: 106944860.03617,Epoch time = 16.003s
04/18/2026 00:55:58 - INFO - utils.trainer -   ***** Running evaluation on test2 dataset *****
04/18/2026 00:56:01 - INFO - utils.trainer -   AUC: 0.54017
04/18/2026 00:56:01 - INFO - utils.trainer -   Accuracy: 0.32692
04/18/2026 00:56:01 - INFO - utils.trainer -   Precision: 0.35847
04/18/2026 00:56:01 - INFO - utils.trainer -   Recall: 0.31109
04/18/2026 00:56:01 - INFO - utils.trainer -   F_score: 0.24177
04/18/2026 00:56:01 - INFO - utils.trainer -   Loss: 89239964.05849
04/18/2026 00:56:01 - INFO - utils.trainer -   Epoch: 161, Train loss: 2.65827, Test loss: 89239964.05849,Epoch time = 16.471s
04/18/2026 00:56:17 - INFO - utils.trainer -   ***** Running evaluation on test2 dataset *****
04/18/2026 00:56:20 - INFO - utils.trainer -   AUC: 0.55371
04/18/2026 00:56:20 - INFO - utils.trainer -   Accuracy: 0.30769
04/18/2026 00:56:20 - INFO - utils.trainer -   Precision: 0.19354
04/18/2026 00:56:20 - INFO - utils.trainer -   Recall: 0.29423
04/18/2026 00:56:20 - INFO - utils.trainer -   F_score: 0.21816
04/18/2026 00:56:20 - INFO - utils.trainer -   Loss: 101857231.28596
04/18/2026 00:56:20 - INFO - utils.trainer -   Epoch: 162, Train loss: 2.65838, Test loss: 101857231.28596,Epoch time = 16.529s
04/18/2026 00:56:36 - INFO - utils.trainer -   ***** Running evaluation on test2 dataset *****
04/18/2026 00:56:38 - INFO - utils.trainer -   AUC: 0.59738
04/18/2026 00:56:38 - INFO - utils.trainer -   Accuracy: 0.32692
04/18/2026 00:56:38 - INFO - utils.trainer -   Precision: 0.41635
04/18/2026 00:56:38 - INFO - utils.trainer -   Recall: 0.30017
04/18/2026 00:56:38 - INFO - utils.trainer -   F_score: 0.21611
04/18/2026 00:56:38 - INFO - utils.trainer -   Loss: 109174504.81067
04/18/2026 00:56:38 - INFO - utils.trainer -   Epoch: 163, Train loss: 2.67800, Test loss: 109174504.81067,Epoch time = 15.949s
04/18/2026 00:56:54 - INFO - utils.trainer -   ***** Running evaluation on test2 dataset *****
04/18/2026 00:56:57 - INFO - utils.trainer -   AUC: 0.55020
04/18/2026 00:56:57 - INFO - utils.trainer -   Accuracy: 0.26282
04/18/2026 00:56:57 - INFO - utils.trainer -   Precision: 0.14040
04/18/2026 00:56:57 - INFO - utils.trainer -   Recall: 0.23510
04/18/2026 00:56:57 - INFO - utils.trainer -   F_score: 0.12964
04/18/2026 00:56:57 - INFO - utils.trainer -   Loss: 100591317.69585
04/18/2026 00:56:57 - INFO - utils.trainer -   Epoch: 164, Train loss: 2.65536, Test loss: 100591317.69585,Epoch time = 16.090s
04/18/2026 00:57:13 - INFO - utils.trainer -   ***** Running evaluation on test2 dataset *****
04/18/2026 00:57:15 - INFO - utils.trainer -   AUC: 0.53923
04/18/2026 00:57:15 - INFO - utils.trainer -   Accuracy: 0.27564
04/18/2026 00:57:15 - INFO - utils.trainer -   Precision: 0.23731
04/18/2026 00:57:15 - INFO - utils.trainer -   Recall: 0.25937
04/18/2026 00:57:15 - INFO - utils.trainer -   F_score: 0.19900
04/18/2026 00:57:15 - INFO - utils.trainer -   Loss: 97573807.24551
04/18/2026 00:57:15 - INFO - utils.trainer -   Epoch: 165, Train loss: 2.65837, Test loss: 97573807.24551,Epoch time = 15.943s
04/18/2026 00:57:31 - INFO - utils.trainer -   ***** Running evaluation on test2 dataset *****
04/18/2026 00:57:34 - INFO - utils.trainer -   AUC: 0.57126
04/18/2026 00:57:34 - INFO - utils.trainer -   Accuracy: 0.30128
04/18/2026 00:57:34 - INFO - utils.trainer -   Precision: 0.15113
04/18/2026 00:57:34 - INFO - utils.trainer -   Recall: 0.28209
04/18/2026 00:57:34 - INFO - utils.trainer -   F_score: 0.19413
04/18/2026 00:57:34 - INFO - utils.trainer -   Loss: 142784271.25420
04/18/2026 00:57:34 - INFO - utils.trainer -   Epoch: 166, Train loss: 2.65616, Test loss: 142784271.25420,Epoch time = 16.187s
04/18/2026 00:57:50 - INFO - utils.trainer -   ***** Running evaluation on test2 dataset *****
04/18/2026 00:57:52 - INFO - utils.trainer -   AUC: 0.56805
04/18/2026 00:57:52 - INFO - utils.trainer -   Accuracy: 0.30128
04/18/2026 00:57:52 - INFO - utils.trainer -   Precision: 0.18474
04/18/2026 00:57:52 - INFO - utils.trainer -   Recall: 0.27135
04/18/2026 00:57:52 - INFO - utils.trainer -   F_score: 0.15664
04/18/2026 00:57:52 - INFO - utils.trainer -   Loss: 115853967.25339
04/18/2026 00:57:52 - INFO - utils.trainer -   Epoch: 167, Train loss: 2.66590, Test loss: 115853967.25339,Epoch time = 16.118s
04/18/2026 00:58:09 - INFO - utils.trainer -   ***** Running evaluation on test2 dataset *****
04/18/2026 00:58:11 - INFO - utils.trainer -   AUC: 0.51426
04/18/2026 00:58:11 - INFO - utils.trainer -   Accuracy: 0.28846
04/18/2026 00:58:11 - INFO - utils.trainer -   Precision: 0.21458
04/18/2026 00:58:11 - INFO - utils.trainer -   Recall: 0.26213
04/18/2026 00:58:11 - INFO - utils.trainer -   F_score: 0.16630
04/18/2026 00:58:11 - INFO - utils.trainer -   Loss: 129496962.50977
04/18/2026 00:58:11 - INFO - utils.trainer -   Epoch: 168, Train loss: 2.65548, Test loss: 129496962.50977,Epoch time = 16.265s
04/18/2026 00:58:28 - INFO - utils.trainer -   ***** Running evaluation on test2 dataset *****
04/18/2026 00:58:30 - INFO - utils.trainer -   AUC: 0.52833
04/18/2026 00:58:30 - INFO - utils.trainer -   Accuracy: 0.28205
04/18/2026 00:58:30 - INFO - utils.trainer -   Precision: 0.13641
04/18/2026 00:58:30 - INFO - utils.trainer -   Recall: 0.25860
04/18/2026 00:58:30 - INFO - utils.trainer -   F_score: 0.16884
04/18/2026 00:58:30 - INFO - utils.trainer -   Loss: 103166684.09466
04/18/2026 00:58:30 - INFO - utils.trainer -   Epoch: 169, Train loss: 2.66042, Test loss: 103166684.09466,Epoch time = 16.522s
04/18/2026 00:58:46 - INFO - utils.trainer -   ***** Running evaluation on test2 dataset *****
04/18/2026 00:58:48 - INFO - utils.trainer -   AUC: 0.55037
04/18/2026 00:58:48 - INFO - utils.trainer -   Accuracy: 0.30769
04/18/2026 00:58:48 - INFO - utils.trainer -   Precision: 0.40010
04/18/2026 00:58:48 - INFO - utils.trainer -   Recall: 0.28885
04/18/2026 00:58:48 - INFO - utils.trainer -   F_score: 0.20586
04/18/2026 00:58:48 - INFO - utils.trainer -   Loss: 110100188.05955
04/18/2026 00:58:48 - INFO - utils.trainer -   Epoch: 170, Train loss: 2.66727, Test loss: 110100188.05955,Epoch time = 15.761s
04/18/2026 00:59:04 - INFO - utils.trainer -   ***** Running evaluation on test2 dataset *****
04/18/2026 00:59:06 - INFO - utils.trainer -   AUC: 0.55066
04/18/2026 00:59:06 - INFO - utils.trainer -   Accuracy: 0.28846
04/18/2026 00:59:06 - INFO - utils.trainer -   Precision: 0.13624
04/18/2026 00:59:06 - INFO - utils.trainer -   Recall: 0.25998
04/18/2026 00:59:06 - INFO - utils.trainer -   F_score: 0.14976
04/18/2026 00:59:06 - INFO - utils.trainer -   Loss: 98320943.24119
04/18/2026 00:59:06 - INFO - utils.trainer -   Epoch: 171, Train loss: 2.67367, Test loss: 98320943.24119,Epoch time = 15.566s
04/18/2026 00:59:22 - INFO - utils.trainer -   ***** Running evaluation on test2 dataset *****
04/18/2026 00:59:24 - INFO - utils.trainer -   AUC: 0.53254
04/18/2026 00:59:24 - INFO - utils.trainer -   Accuracy: 0.30769
04/18/2026 00:59:24 - INFO - utils.trainer -   Precision: 0.21551
04/18/2026 00:59:24 - INFO - utils.trainer -   Recall: 0.29315
04/18/2026 00:59:24 - INFO - utils.trainer -   F_score: 0.21964
04/18/2026 00:59:24 - INFO - utils.trainer -   Loss: 154270632.89452
04/18/2026 00:59:24 - INFO - utils.trainer -   Epoch: 172, Train loss: 2.65947, Test loss: 154270632.89452,Epoch time = 15.815s
04/18/2026 00:59:40 - INFO - utils.trainer -   ***** Running evaluation on test2 dataset *****
04/18/2026 00:59:43 - INFO - utils.trainer -   AUC: 0.51267
04/18/2026 00:59:43 - INFO - utils.trainer -   Accuracy: 0.27564
04/18/2026 00:59:43 - INFO - utils.trainer -   Precision: 0.14117
04/18/2026 00:59:43 - INFO - utils.trainer -   Recall: 0.26152
04/18/2026 00:59:43 - INFO - utils.trainer -   F_score: 0.18260
04/18/2026 00:59:43 - INFO - utils.trainer -   Loss: 113930063.27586
04/18/2026 00:59:43 - INFO - utils.trainer -   Epoch: 173, Train loss: 2.64050, Test loss: 113930063.27586,Epoch time = 15.850s
04/18/2026 00:59:59 - INFO - utils.trainer -   ***** Running evaluation on test2 dataset *****
04/18/2026 01:00:01 - INFO - utils.trainer -   AUC: 0.52167
04/18/2026 01:00:01 - INFO - utils.trainer -   Accuracy: 0.30128
04/18/2026 01:00:01 - INFO - utils.trainer -   Precision: 0.36635
04/18/2026 01:00:01 - INFO - utils.trainer -   Recall: 0.28407
04/18/2026 01:00:01 - INFO - utils.trainer -   F_score: 0.22006
04/18/2026 01:00:01 - INFO - utils.trainer -   Loss: 134178152.89605
04/18/2026 01:00:01 - INFO - utils.trainer -   Epoch: 174, Train loss: 2.68813, Test loss: 134178152.89605,Epoch time = 15.946s
04/18/2026 01:00:17 - INFO - utils.trainer -   ***** Running evaluation on test2 dataset *****
04/18/2026 01:00:20 - INFO - utils.trainer -   AUC: 0.55619
04/18/2026 01:00:20 - INFO - utils.trainer -   Accuracy: 0.26923
04/18/2026 01:00:20 - INFO - utils.trainer -   Precision: 0.22229
04/18/2026 01:00:20 - INFO - utils.trainer -   Recall: 0.25888
04/18/2026 01:00:20 - INFO - utils.trainer -   F_score: 0.19141
04/18/2026 01:00:20 - INFO - utils.trainer -   Loss: 132075330.45247
04/18/2026 01:00:20 - INFO - utils.trainer -   Epoch: 175, Train loss: 2.67030, Test loss: 132075330.45247,Epoch time = 16.029s
04/18/2026 01:00:36 - INFO - utils.trainer -   ***** Running evaluation on test2 dataset *****
04/18/2026 01:00:39 - INFO - utils.trainer -   AUC: 0.57788
04/18/2026 01:00:39 - INFO - utils.trainer -   Accuracy: 0.30128
04/18/2026 01:00:39 - INFO - utils.trainer -   Precision: 0.27544
04/18/2026 01:00:39 - INFO - utils.trainer -   Recall: 0.28084
04/18/2026 01:00:39 - INFO - utils.trainer -   F_score: 0.19981
04/18/2026 01:00:39 - INFO - utils.trainer -   Loss: 111291727.29682
04/18/2026 01:00:39 - INFO - utils.trainer -   Epoch: 176, Train loss: 2.69824, Test loss: 111291727.29682,Epoch time = 16.254s
04/18/2026 01:00:56 - INFO - utils.trainer -   ***** Running evaluation on test2 dataset *****
04/18/2026 01:00:58 - INFO - utils.trainer -   AUC: 0.49263
04/18/2026 01:00:58 - INFO - utils.trainer -   Accuracy: 0.23718
04/18/2026 01:00:58 - INFO - utils.trainer -   Precision: 0.11440
04/18/2026 01:00:58 - INFO - utils.trainer -   Recall: 0.21775
04/18/2026 01:00:58 - INFO - utils.trainer -   F_score: 0.14288
04/18/2026 01:00:58 - INFO - utils.trainer -   Loss: 102665864.87611
04/18/2026 01:00:58 - INFO - utils.trainer -   Epoch: 177, Train loss: 2.65926, Test loss: 102665864.87611,Epoch time = 17.449s
04/18/2026 01:01:14 - INFO - utils.trainer -   ***** Running evaluation on test2 dataset *****
04/18/2026 01:01:17 - INFO - utils.trainer -   AUC: 0.54541
04/18/2026 01:01:17 - INFO - utils.trainer -   Accuracy: 0.31410
04/18/2026 01:01:17 - INFO - utils.trainer -   Precision: 0.27744
04/18/2026 01:01:17 - INFO - utils.trainer -   Recall: 0.29543
04/18/2026 01:01:17 - INFO - utils.trainer -   F_score: 0.20963
04/18/2026 01:01:17 - INFO - utils.trainer -   Loss: 128539023.24804
04/18/2026 01:01:17 - INFO - utils.trainer -   Epoch: 178, Train loss: 2.66324, Test loss: 128539023.24804,Epoch time = 15.706s
04/18/2026 01:01:32 - INFO - utils.trainer -   ***** Running evaluation on test2 dataset *****
04/18/2026 01:01:35 - INFO - utils.trainer -   AUC: 0.50818
04/18/2026 01:01:35 - INFO - utils.trainer -   Accuracy: 0.30128
04/18/2026 01:01:35 - INFO - utils.trainer -   Precision: 0.33194
04/18/2026 01:01:35 - INFO - utils.trainer -   Recall: 0.28407
04/18/2026 01:01:35 - INFO - utils.trainer -   F_score: 0.21253
04/18/2026 01:01:35 - INFO - utils.trainer -   Loss: 104521525.65770
04/18/2026 01:01:35 - INFO - utils.trainer -   Epoch: 179, Train loss: 2.67577, Test loss: 104521525.65770,Epoch time = 15.854s
04/18/2026 01:01:51 - INFO - utils.trainer -   ***** Running evaluation on test2 dataset *****
04/18/2026 01:01:53 - INFO - utils.trainer -   AUC: 0.54943
04/18/2026 01:01:53 - INFO - utils.trainer -   Accuracy: 0.29487
04/18/2026 01:01:53 - INFO - utils.trainer -   Precision: 0.14951
04/18/2026 01:01:53 - INFO - utils.trainer -   Recall: 0.27749
04/18/2026 01:01:53 - INFO - utils.trainer -   F_score: 0.19139
04/18/2026 01:01:53 - INFO - utils.trainer -   Loss: 130328501.68846
04/18/2026 01:01:53 - INFO - utils.trainer -   Epoch: 180, Train loss: 2.63924, Test loss: 130328501.68846,Epoch time = 15.891s
04/18/2026 01:02:10 - INFO - utils.trainer -   ***** Running evaluation on test2 dataset *****
04/18/2026 01:02:12 - INFO - utils.trainer -   AUC: 0.52961
04/18/2026 01:02:12 - INFO - utils.trainer -   Accuracy: 0.26923
04/18/2026 01:02:12 - INFO - utils.trainer -   Precision: 0.26234
04/18/2026 01:02:12 - INFO - utils.trainer -   Recall: 0.25243
04/18/2026 01:02:12 - INFO - utils.trainer -   F_score: 0.18261
04/18/2026 01:02:12 - INFO - utils.trainer -   Loss: 106211522.47560
04/18/2026 01:02:12 - INFO - utils.trainer -   Epoch: 181, Train loss: 2.64027, Test loss: 106211522.47560,Epoch time = 16.360s
04/18/2026 01:02:28 - INFO - utils.trainer -   ***** Running evaluation on test2 dataset *****
04/18/2026 01:02:31 - INFO - utils.trainer -   AUC: 0.55240
04/18/2026 01:02:31 - INFO - utils.trainer -   Accuracy: 0.28205
04/18/2026 01:02:31 - INFO - utils.trainer -   Precision: 0.21415
04/18/2026 01:02:31 - INFO - utils.trainer -   Recall: 0.27150
04/18/2026 01:02:31 - INFO - utils.trainer -   F_score: 0.20624
04/18/2026 01:02:31 - INFO - utils.trainer -   Loss: 94242696.85427
04/18/2026 01:02:31 - INFO - utils.trainer -   Epoch: 182, Train loss: 2.66714, Test loss: 94242696.85427,Epoch time = 16.088s
04/18/2026 01:02:48 - INFO - utils.trainer -   ***** Running evaluation on test2 dataset *****
04/18/2026 01:02:50 - INFO - utils.trainer -   AUC: 0.53921
04/18/2026 01:02:50 - INFO - utils.trainer -   Accuracy: 0.33974
04/18/2026 01:02:50 - INFO - utils.trainer -   Precision: 0.36250
04/18/2026 01:02:50 - INFO - utils.trainer -   Recall: 0.32586
04/18/2026 01:02:50 - INFO - utils.trainer -   F_score: 0.25750
04/18/2026 01:02:50 - INFO - utils.trainer -   Loss: 101455528.89276
04/18/2026 01:02:50 - INFO - utils.trainer -   Epoch: 183, Train loss: 2.66263, Test loss: 101455528.89276,Epoch time = 16.891s
04/18/2026 01:03:06 - INFO - utils.trainer -   ***** Running evaluation on test2 dataset *****
04/18/2026 01:03:09 - INFO - utils.trainer -   AUC: 0.52760
04/18/2026 01:03:09 - INFO - utils.trainer -   Accuracy: 0.27564
04/18/2026 01:03:09 - INFO - utils.trainer -   Precision: 0.19513
04/18/2026 01:03:09 - INFO - utils.trainer -   Recall: 0.26904
04/18/2026 01:03:09 - INFO - utils.trainer -   F_score: 0.19536
04/18/2026 01:03:09 - INFO - utils.trainer -   Loss: 136332725.64637
04/18/2026 01:03:09 - INFO - utils.trainer -   Epoch: 184, Train loss: 2.65394, Test loss: 136332725.64637,Epoch time = 16.135s
04/18/2026 01:03:24 - INFO - utils.trainer -   ***** Running evaluation on test2 dataset *****
04/18/2026 01:03:27 - INFO - utils.trainer -   AUC: 0.53350
04/18/2026 01:03:27 - INFO - utils.trainer -   Accuracy: 0.32692
04/18/2026 01:03:27 - INFO - utils.trainer -   Precision: 0.26422
04/18/2026 01:03:27 - INFO - utils.trainer -   Recall: 0.31450
04/18/2026 01:03:27 - INFO - utils.trainer -   F_score: 0.23529
04/18/2026 01:03:27 - INFO - utils.trainer -   Loss: 105731964.06911
04/18/2026 01:03:27 - INFO - utils.trainer -   Epoch: 185, Train loss: 2.64597, Test loss: 105731964.06911,Epoch time = 15.959s
04/18/2026 01:03:43 - INFO - utils.trainer -   ***** Running evaluation on test2 dataset *****
04/18/2026 01:03:45 - INFO - utils.trainer -   AUC: 0.52382
04/18/2026 01:03:45 - INFO - utils.trainer -   Accuracy: 0.30128
04/18/2026 01:03:45 - INFO - utils.trainer -   Precision: 0.15321
04/18/2026 01:03:45 - INFO - utils.trainer -   Recall: 0.28962
04/18/2026 01:03:45 - INFO - utils.trainer -   F_score: 0.20040
04/18/2026 01:03:45 - INFO - utils.trainer -   Loss: 110430824.85357
04/18/2026 01:03:45 - INFO - utils.trainer -   Epoch: 186, Train loss: 2.67526, Test loss: 110430824.85357,Epoch time = 15.924s
04/18/2026 01:04:01 - INFO - utils.trainer -   ***** Running evaluation on test2 dataset *****
04/18/2026 01:04:04 - INFO - utils.trainer -   AUC: 0.55152
04/18/2026 01:04:04 - INFO - utils.trainer -   Accuracy: 0.30128
04/18/2026 01:04:04 - INFO - utils.trainer -   Precision: 0.33493
04/18/2026 01:04:04 - INFO - utils.trainer -   Recall: 0.28944
04/18/2026 01:04:04 - INFO - utils.trainer -   F_score: 0.22685
04/18/2026 01:04:04 - INFO - utils.trainer -   Loss: 126005045.68914
04/18/2026 01:04:04 - INFO - utils.trainer -   Epoch: 187, Train loss: 2.64399, Test loss: 126005045.68914,Epoch time = 16.168s
04/18/2026 01:04:21 - INFO - utils.trainer -   ***** Running evaluation on test2 dataset *****
04/18/2026 01:04:23 - INFO - utils.trainer -   AUC: 0.54387
04/18/2026 01:04:23 - INFO - utils.trainer -   Accuracy: 0.28205
04/18/2026 01:04:23 - INFO - utils.trainer -   Precision: 0.14889
04/18/2026 01:04:23 - INFO - utils.trainer -   Recall: 0.27257
04/18/2026 01:04:23 - INFO - utils.trainer -   F_score: 0.19061
04/18/2026 01:04:23 - INFO - utils.trainer -   Loss: 128929064.85211
04/18/2026 01:04:23 - INFO - utils.trainer -   Epoch: 188, Train loss: 2.68110, Test loss: 128929064.85211,Epoch time = 16.697s
04/18/2026 01:04:40 - INFO - utils.trainer -   ***** Running evaluation on test2 dataset *****
04/18/2026 01:04:42 - INFO - utils.trainer -   AUC: 0.51907
04/18/2026 01:04:42 - INFO - utils.trainer -   Accuracy: 0.26923
04/18/2026 01:04:42 - INFO - utils.trainer -   Precision: 0.25346
04/18/2026 01:04:42 - INFO - utils.trainer -   Recall: 0.25691
04/18/2026 01:04:42 - INFO - utils.trainer -   F_score: 0.20140
04/18/2026 01:04:42 - INFO - utils.trainer -   Loss: 111010831.23415
04/18/2026 01:04:42 - INFO - utils.trainer -   Epoch: 189, Train loss: 2.67539, Test loss: 111010831.23415,Epoch time = 16.224s
04/18/2026 01:04:58 - INFO - utils.trainer -   ***** Running evaluation on test2 dataset *****
04/18/2026 01:05:01 - INFO - utils.trainer -   AUC: 0.58398
04/18/2026 01:05:01 - INFO - utils.trainer -   Accuracy: 0.29487
04/18/2026 01:05:01 - INFO - utils.trainer -   Precision: 0.19787
04/18/2026 01:05:01 - INFO - utils.trainer -   Recall: 0.28071
04/18/2026 01:05:01 - INFO - utils.trainer -   F_score: 0.20397
04/18/2026 01:05:01 - INFO - utils.trainer -   Loss: 148825704.82965
04/18/2026 01:05:01 - INFO - utils.trainer -   Epoch: 190, Train loss: 2.66853, Test loss: 148825704.82965,Epoch time = 16.239s
04/18/2026 01:05:17 - INFO - utils.trainer -   ***** Running evaluation on test2 dataset *****
04/18/2026 01:05:19 - INFO - utils.trainer -   AUC: 0.53059
04/18/2026 01:05:19 - INFO - utils.trainer -   Accuracy: 0.32051
04/18/2026 01:05:19 - INFO - utils.trainer -   Precision: 0.34722
04/18/2026 01:05:19 - INFO - utils.trainer -   Recall: 0.30881
04/18/2026 01:05:19 - INFO - utils.trainer -   F_score: 0.24121
04/18/2026 01:05:19 - INFO - utils.trainer -   Loss: 185460098.44221
04/18/2026 01:05:19 - INFO - utils.trainer -   Epoch: 191, Train loss: 2.64617, Test loss: 185460098.44221,Epoch time = 15.883s
04/18/2026 01:05:35 - INFO - utils.trainer -   ***** Running evaluation on test2 dataset *****
04/18/2026 01:05:38 - INFO - utils.trainer -   AUC: 0.56046
04/18/2026 01:05:38 - INFO - utils.trainer -   Accuracy: 0.29487
04/18/2026 01:05:38 - INFO - utils.trainer -   Precision: 0.28819
04/18/2026 01:05:38 - INFO - utils.trainer -   Recall: 0.28376
04/18/2026 01:05:38 - INFO - utils.trainer -   F_score: 0.22426
04/18/2026 01:05:38 - INFO - utils.trainer -   Loss: 105506812.08074
04/18/2026 01:05:38 - INFO - utils.trainer -   Epoch: 192, Train loss: 2.67191, Test loss: 105506812.08074,Epoch time = 16.118s
04/18/2026 01:05:54 - INFO - utils.trainer -   ***** Running evaluation on test2 dataset *****
04/18/2026 01:05:56 - INFO - utils.trainer -   AUC: 0.51457
04/18/2026 01:05:56 - INFO - utils.trainer -   Accuracy: 0.28205
04/18/2026 01:05:56 - INFO - utils.trainer -   Precision: 0.30560
04/18/2026 01:05:56 - INFO - utils.trainer -   Recall: 0.26810
04/18/2026 01:05:56 - INFO - utils.trainer -   F_score: 0.20378
04/18/2026 01:05:56 - INFO - utils.trainer -   Loss: 128041039.25051
04/18/2026 01:05:56 - INFO - utils.trainer -   Epoch: 193, Train loss: 2.63945, Test loss: 128041039.25051,Epoch time = 16.081s
04/18/2026 01:06:13 - INFO - utils.trainer -   ***** Running evaluation on test2 dataset *****
04/18/2026 01:06:15 - INFO - utils.trainer -   AUC: 0.53345
04/18/2026 01:06:15 - INFO - utils.trainer -   Accuracy: 0.30128
04/18/2026 01:06:15 - INFO - utils.trainer -   Precision: 0.39194
04/18/2026 01:06:15 - INFO - utils.trainer -   Recall: 0.28729
04/18/2026 01:06:15 - INFO - utils.trainer -   F_score: 0.23189
04/18/2026 01:06:15 - INFO - utils.trainer -   Loss: 133872821.68904
04/18/2026 01:06:15 - INFO - utils.trainer -   Epoch: 194, Train loss: 2.63725, Test loss: 133872821.68904,Epoch time = 16.302s
04/18/2026 01:06:32 - INFO - utils.trainer -   ***** Running evaluation on test2 dataset *****
04/18/2026 01:06:35 - INFO - utils.trainer -   AUC: 0.52049
04/18/2026 01:06:35 - INFO - utils.trainer -   Accuracy: 0.26282
04/18/2026 01:06:35 - INFO - utils.trainer -   Precision: 0.25289
04/18/2026 01:06:35 - INFO - utils.trainer -   Recall: 0.25015
04/18/2026 01:06:35 - INFO - utils.trainer -   F_score: 0.19043
04/18/2026 01:06:35 - INFO - utils.trainer -   Loss: 123982082.49474
04/18/2026 01:06:35 - INFO - utils.trainer -   Epoch: 195, Train loss: 2.65804, Test loss: 123982082.49474,Epoch time = 17.048s
04/18/2026 01:06:51 - INFO - utils.trainer -   ***** Running evaluation on test2 dataset *****
04/18/2026 01:06:53 - INFO - utils.trainer -   AUC: 0.52979
04/18/2026 01:06:53 - INFO - utils.trainer -   Accuracy: 0.28846
04/18/2026 01:06:53 - INFO - utils.trainer -   Precision: 0.35663
04/18/2026 01:06:53 - INFO - utils.trainer -   Recall: 0.27575
04/18/2026 01:06:53 - INFO - utils.trainer -   F_score: 0.21707
04/18/2026 01:06:53 - INFO - utils.trainer -   Loss: 145569640.85233
04/18/2026 01:06:53 - INFO - utils.trainer -   Epoch: 196, Train loss: 2.66116, Test loss: 145569640.85233,Epoch time = 16.268s
04/18/2026 01:07:09 - INFO - utils.trainer -   ***** Running evaluation on test2 dataset *****
04/18/2026 01:07:11 - INFO - utils.trainer -   AUC: 0.54889
04/18/2026 01:07:11 - INFO - utils.trainer -   Accuracy: 0.28205
04/18/2026 01:07:11 - INFO - utils.trainer -   Precision: 0.19589
04/18/2026 01:07:11 - INFO - utils.trainer -   Recall: 0.26182
04/18/2026 01:07:11 - INFO - utils.trainer -   F_score: 0.18317
04/18/2026 01:07:11 - INFO - utils.trainer -   Loss: 145043458.44957
04/18/2026 01:07:11 - INFO - utils.trainer -   Epoch: 197, Train loss: 2.65365, Test loss: 145043458.44957,Epoch time = 15.681s
04/18/2026 01:07:28 - INFO - utils.trainer -   ***** Running evaluation on test2 dataset *****
04/18/2026 01:07:30 - INFO - utils.trainer -   AUC: 0.53793
04/18/2026 01:07:30 - INFO - utils.trainer -   Accuracy: 0.28846
04/18/2026 01:07:30 - INFO - utils.trainer -   Precision: 0.23976
04/18/2026 01:07:30 - INFO - utils.trainer -   Recall: 0.27288
04/18/2026 01:07:30 - INFO - utils.trainer -   F_score: 0.20509
04/18/2026 01:07:30 - INFO - utils.trainer -   Loss: 117205941.67942
04/18/2026 01:07:30 - INFO - utils.trainer -   Epoch: 198, Train loss: 2.67859, Test loss: 117205941.67942,Epoch time = 16.181s
04/18/2026 01:07:46 - INFO - utils.trainer -   ***** Running evaluation on test2 dataset *****
04/18/2026 01:07:49 - INFO - utils.trainer -   AUC: 0.52017
04/18/2026 01:07:49 - INFO - utils.trainer -   Accuracy: 0.28846
04/18/2026 01:07:49 - INFO - utils.trainer -   Precision: 0.14646
04/18/2026 01:07:49 - INFO - utils.trainer -   Recall: 0.27073
04/18/2026 01:07:49 - INFO - utils.trainer -   F_score: 0.18975
04/18/2026 01:07:49 - INFO - utils.trainer -   Loss: 155812149.66706
04/18/2026 01:07:49 - INFO - utils.trainer -   Epoch: 199, Train loss: 2.63368, Test loss: 155812149.66706,Epoch time = 16.148s
04/18/2026 01:08:05 - INFO - utils.trainer -   ***** Running evaluation on test2 dataset *****
04/18/2026 01:08:08 - INFO - utils.trainer -   AUC: 0.53420
04/18/2026 01:08:08 - INFO - utils.trainer -   Accuracy: 0.26923
04/18/2026 01:08:08 - INFO - utils.trainer -   Precision: 0.25558
04/18/2026 01:08:08 - INFO - utils.trainer -   Recall: 0.25351
04/18/2026 01:08:08 - INFO - utils.trainer -   F_score: 0.19274
04/18/2026 01:08:08 - INFO - utils.trainer -   Loss: 120616437.67472
04/18/2026 01:08:08 - INFO - utils.trainer -   Epoch: 200, Train loss: 2.63476, Test loss: 120616437.67472,Epoch time = 16.059s
