03/26/2026 19:22:09 - INFO - __main__ -   ########## Repeat:0 ##########
03/26/2026 19:22:09 - INFO - utils.trainer -   ***** Running training *****
03/26/2026 19:22:09 - INFO - utils.trainer -     Num examples = 230
03/26/2026 19:22:09 - INFO - utils.trainer -     Num Epochs = 200
03/26/2026 19:22:09 - INFO - utils.trainer -     Total train batch size = 16
03/26/2026 19:22:09 - INFO - utils.trainer -     warmup steps = 400
03/26/2026 19:22:09 - INFO - utils.trainer -     Total optimization steps = 46000
03/26/2026 19:22:09 - INFO - utils.trainer -     Save steps = 200
03/26/2026 19:22:09 - INFO - root -   Parameters [normal] length [17]
03/26/2026 19:22:10 - INFO - utils.trainer -   ***** Running evaluation on test0 dataset *****
03/26/2026 19:22:11 - INFO - utils.trainer -   AUC: 0.48859
03/26/2026 19:22:11 - INFO - utils.trainer -   Accuracy: 0.49331
03/26/2026 19:22:11 - INFO - utils.trainer -   Precision: 0.49170
03/26/2026 19:22:11 - INFO - utils.trainer -   Recall: 0.39648
03/26/2026 19:22:11 - INFO - utils.trainer -   F_score: 0.43899
03/26/2026 19:22:11 - INFO - utils.trainer -   Specificity: 0.59014
03/26/2026 19:22:11 - INFO - utils.trainer -   Sensitivity: 0.39648
03/26/2026 19:22:11 - INFO - utils.trainer -   Loss: 0.69512
03/26/2026 19:22:11 - INFO - utils.trainer -    Train loss: 0.72940, Test loss: 0.69512,Epoch time = 1.564s
03/26/2026 19:22:11 - INFO - utils.trainer -   Saving model checkpoint to output_dir/LMDA
03/26/2026 19:22:13 - INFO - utils.trainer -   ***** Running evaluation on test0 dataset *****
03/26/2026 19:22:14 - INFO - utils.trainer -   AUC: 0.48956
03/26/2026 19:22:14 - INFO - utils.trainer -   Accuracy: 0.49437
03/26/2026 19:22:14 - INFO - utils.trainer -   Precision: 0.49404
03/26/2026 19:22:14 - INFO - utils.trainer -   Recall: 0.46690
03/26/2026 19:22:14 - INFO - utils.trainer -   F_score: 0.48009
03/26/2026 19:22:14 - INFO - utils.trainer -   Specificity: 0.52183
03/26/2026 19:22:14 - INFO - utils.trainer -   Sensitivity: 0.46690
03/26/2026 19:22:14 - INFO - utils.trainer -   Loss: 0.69499
03/26/2026 19:22:14 - INFO - utils.trainer -    Train loss: 0.73029, Test loss: 0.69499,Epoch time = 1.873s
03/26/2026 19:22:14 - INFO - utils.trainer -   Saving model checkpoint to output_dir/LMDA
03/26/2026 19:22:16 - INFO - utils.trainer -   ***** Running evaluation on test0 dataset *****
03/26/2026 19:22:17 - INFO - utils.trainer -   AUC: 0.49063
03/26/2026 19:22:17 - INFO - utils.trainer -   Accuracy: 0.49366
03/26/2026 19:22:17 - INFO - utils.trainer -   Precision: 0.49353
03/26/2026 19:22:17 - INFO - utils.trainer -   Recall: 0.48310
03/26/2026 19:22:17 - INFO - utils.trainer -   F_score: 0.48826
03/26/2026 19:22:17 - INFO - utils.trainer -   Specificity: 0.50423
03/26/2026 19:22:17 - INFO - utils.trainer -   Sensitivity: 0.48310
03/26/2026 19:22:17 - INFO - utils.trainer -   Loss: 0.69484
03/26/2026 19:22:17 - INFO - utils.trainer -    Train loss: 0.73207, Test loss: 0.69484,Epoch time = 1.873s
03/26/2026 19:22:18 - INFO - utils.trainer -   ***** Running evaluation on test0 dataset *****
03/26/2026 19:22:19 - INFO - utils.trainer -   AUC: 0.49119
03/26/2026 19:22:19 - INFO - utils.trainer -   Accuracy: 0.49261
03/26/2026 19:22:19 - INFO - utils.trainer -   Precision: 0.49263
03/26/2026 19:22:19 - INFO - utils.trainer -   Recall: 0.49437
03/26/2026 19:22:19 - INFO - utils.trainer -   F_score: 0.49350
03/26/2026 19:22:19 - INFO - utils.trainer -   Specificity: 0.49085
03/26/2026 19:22:19 - INFO - utils.trainer -   Sensitivity: 0.49437
03/26/2026 19:22:19 - INFO - utils.trainer -   Loss: 0.69469
03/26/2026 19:22:19 - INFO - utils.trainer -    Train loss: 0.73000, Test loss: 0.69469,Epoch time = 1.645s
03/26/2026 19:22:21 - INFO - utils.trainer -   ***** Running evaluation on test0 dataset *****
03/26/2026 19:22:22 - INFO - utils.trainer -   AUC: 0.49064
03/26/2026 19:22:22 - INFO - utils.trainer -   Accuracy: 0.49085
03/26/2026 19:22:22 - INFO - utils.trainer -   Precision: 0.49118
03/26/2026 19:22:22 - INFO - utils.trainer -   Recall: 0.50986
03/26/2026 19:22:22 - INFO - utils.trainer -   F_score: 0.50035
03/26/2026 19:22:22 - INFO - utils.trainer -   Specificity: 0.47183
03/26/2026 19:22:22 - INFO - utils.trainer -   Sensitivity: 0.50986
03/26/2026 19:22:22 - INFO - utils.trainer -   Loss: 0.69471
03/26/2026 19:22:22 - INFO - utils.trainer -    Train loss: 0.72995, Test loss: 0.69471,Epoch time = 1.509s
03/26/2026 19:22:23 - INFO - utils.trainer -   ***** Running evaluation on test0 dataset *****
03/26/2026 19:22:24 - INFO - utils.trainer -   AUC: 0.49072
03/26/2026 19:22:24 - INFO - utils.trainer -   Accuracy: 0.49155
03/26/2026 19:22:24 - INFO - utils.trainer -   Precision: 0.49205
03/26/2026 19:22:24 - INFO - utils.trainer -   Recall: 0.52324
03/26/2026 19:22:24 - INFO - utils.trainer -   F_score: 0.50717
03/26/2026 19:22:24 - INFO - utils.trainer -   Specificity: 0.45986
03/26/2026 19:22:24 - INFO - utils.trainer -   Sensitivity: 0.52324
03/26/2026 19:22:24 - INFO - utils.trainer -   Loss: 0.69464
03/26/2026 19:22:24 - INFO - utils.trainer -    Train loss: 0.72212, Test loss: 0.69464,Epoch time = 1.398s
03/26/2026 19:22:25 - INFO - utils.trainer -   ***** Running evaluation on test0 dataset *****
03/26/2026 19:22:26 - INFO - utils.trainer -   AUC: 0.49271
03/26/2026 19:22:26 - INFO - utils.trainer -   Accuracy: 0.49613
03/26/2026 19:22:26 - INFO - utils.trainer -   Precision: 0.49651
03/26/2026 19:22:26 - INFO - utils.trainer -   Recall: 0.55070
03/26/2026 19:22:26 - INFO - utils.trainer -   F_score: 0.52220
03/26/2026 19:22:26 - INFO - utils.trainer -   Specificity: 0.44155
03/26/2026 19:22:26 - INFO - utils.trainer -   Sensitivity: 0.55070
03/26/2026 19:22:26 - INFO - utils.trainer -   Loss: 0.69451
03/26/2026 19:22:26 - INFO - utils.trainer -    Train loss: 0.72692, Test loss: 0.69451,Epoch time = 1.318s
03/26/2026 19:22:26 - INFO - utils.trainer -   Saving model checkpoint to output_dir/LMDA
03/26/2026 19:22:28 - INFO - utils.trainer -   ***** Running evaluation on test0 dataset *****
03/26/2026 19:22:29 - INFO - utils.trainer -   AUC: 0.49496
03/26/2026 19:22:29 - INFO - utils.trainer -   Accuracy: 0.49894
03/26/2026 19:22:29 - INFO - utils.trainer -   Precision: 0.49907
03/26/2026 19:22:29 - INFO - utils.trainer -   Recall: 0.56831
03/26/2026 19:22:29 - INFO - utils.trainer -   F_score: 0.53145
03/26/2026 19:22:29 - INFO - utils.trainer -   Specificity: 0.42958
03/26/2026 19:22:29 - INFO - utils.trainer -   Sensitivity: 0.56831
03/26/2026 19:22:29 - INFO - utils.trainer -   Loss: 0.69436
03/26/2026 19:22:29 - INFO - utils.trainer -    Train loss: 0.72081, Test loss: 0.69436,Epoch time = 1.859s
03/26/2026 19:22:29 - INFO - utils.trainer -   Saving model checkpoint to output_dir/LMDA
03/26/2026 19:22:31 - INFO - utils.trainer -   ***** Running evaluation on test0 dataset *****
03/26/2026 19:22:32 - INFO - utils.trainer -   AUC: 0.49697
03/26/2026 19:22:32 - INFO - utils.trainer -   Accuracy: 0.50141
03/26/2026 19:22:32 - INFO - utils.trainer -   Precision: 0.50125
03/26/2026 19:22:32 - INFO - utils.trainer -   Recall: 0.56690
03/26/2026 19:22:32 - INFO - utils.trainer -   F_score: 0.53206
03/26/2026 19:22:32 - INFO - utils.trainer -   Specificity: 0.43592
03/26/2026 19:22:32 - INFO - utils.trainer -   Sensitivity: 0.56690
03/26/2026 19:22:32 - INFO - utils.trainer -   Loss: 0.69414
03/26/2026 19:22:32 - INFO - utils.trainer -    Train loss: 0.72604, Test loss: 0.69414,Epoch time = 2.358s
03/26/2026 19:22:32 - INFO - utils.trainer -   Saving model checkpoint to output_dir/LMDA
03/26/2026 19:22:34 - INFO - utils.trainer -   ***** Running evaluation on test0 dataset *****
03/26/2026 19:22:35 - INFO - utils.trainer -   AUC: 0.49881
03/26/2026 19:22:35 - INFO - utils.trainer -   Accuracy: 0.50035
03/26/2026 19:22:35 - INFO - utils.trainer -   Precision: 0.50031
03/26/2026 19:22:35 - INFO - utils.trainer -   Recall: 0.57324
03/26/2026 19:22:35 - INFO - utils.trainer -   F_score: 0.53430
03/26/2026 19:22:35 - INFO - utils.trainer -   Specificity: 0.42746
03/26/2026 19:22:35 - INFO - utils.trainer -   Sensitivity: 0.57324
03/26/2026 19:22:35 - INFO - utils.trainer -   Loss: 0.69400
03/26/2026 19:22:35 - INFO - utils.trainer -    Train loss: 0.72233, Test loss: 0.69400,Epoch time = 1.500s
03/26/2026 19:22:36 - INFO - utils.trainer -   ***** Running evaluation on test0 dataset *****
03/26/2026 19:22:37 - INFO - utils.trainer -   AUC: 0.49978
03/26/2026 19:22:37 - INFO - utils.trainer -   Accuracy: 0.50352
03/26/2026 19:22:37 - INFO - utils.trainer -   Precision: 0.50297
03/26/2026 19:22:37 - INFO - utils.trainer -   Recall: 0.59718
03/26/2026 19:22:37 - INFO - utils.trainer -   F_score: 0.54604
03/26/2026 19:22:37 - INFO - utils.trainer -   Specificity: 0.40986
03/26/2026 19:22:37 - INFO - utils.trainer -   Sensitivity: 0.59718
03/26/2026 19:22:37 - INFO - utils.trainer -   Loss: 0.69392
03/26/2026 19:22:37 - INFO - utils.trainer -    Train loss: 0.71819, Test loss: 0.69392,Epoch time = 1.539s
03/26/2026 19:22:37 - INFO - utils.trainer -   Saving model checkpoint to output_dir/LMDA
03/26/2026 19:22:38 - INFO - utils.trainer -   ***** Running evaluation on test0 dataset *****
03/26/2026 19:22:39 - INFO - utils.trainer -   AUC: 0.50375
03/26/2026 19:22:39 - INFO - utils.trainer -   Accuracy: 0.50915
03/26/2026 19:22:39 - INFO - utils.trainer -   Precision: 0.50772
03/26/2026 19:22:39 - INFO - utils.trainer -   Recall: 0.60211
03/26/2026 19:22:39 - INFO - utils.trainer -   F_score: 0.55090
03/26/2026 19:22:39 - INFO - utils.trainer -   Specificity: 0.41620
03/26/2026 19:22:39 - INFO - utils.trainer -   Sensitivity: 0.60211
03/26/2026 19:22:39 - INFO - utils.trainer -   Loss: 0.69370
03/26/2026 19:22:39 - INFO - utils.trainer -    Train loss: 0.71992, Test loss: 0.69370,Epoch time = 1.401s
03/26/2026 19:22:39 - INFO - utils.trainer -   Saving model checkpoint to output_dir/LMDA
03/26/2026 19:22:41 - INFO - utils.trainer -   ***** Running evaluation on test0 dataset *****
03/26/2026 19:22:42 - INFO - utils.trainer -   AUC: 0.50584
03/26/2026 19:22:42 - INFO - utils.trainer -   Accuracy: 0.51232
03/26/2026 19:22:42 - INFO - utils.trainer -   Precision: 0.51022
03/26/2026 19:22:42 - INFO - utils.trainer -   Recall: 0.61549
03/26/2026 19:22:42 - INFO - utils.trainer -   F_score: 0.55793
03/26/2026 19:22:42 - INFO - utils.trainer -   Specificity: 0.40915
03/26/2026 19:22:42 - INFO - utils.trainer -   Sensitivity: 0.61549
03/26/2026 19:22:42 - INFO - utils.trainer -   Loss: 0.69351
03/26/2026 19:22:42 - INFO - utils.trainer -    Train loss: 0.72013, Test loss: 0.69351,Epoch time = 1.909s
03/26/2026 19:22:42 - INFO - utils.trainer -   Saving model checkpoint to output_dir/LMDA
03/26/2026 19:22:44 - INFO - utils.trainer -   ***** Running evaluation on test0 dataset *****
03/26/2026 19:22:45 - INFO - utils.trainer -   AUC: 0.50715
03/26/2026 19:22:45 - INFO - utils.trainer -   Accuracy: 0.51338
03/26/2026 19:22:45 - INFO - utils.trainer -   Precision: 0.51053
03/26/2026 19:22:45 - INFO - utils.trainer -   Recall: 0.64859
03/26/2026 19:22:45 - INFO - utils.trainer -   F_score: 0.57134
03/26/2026 19:22:45 - INFO - utils.trainer -   Specificity: 0.37817
03/26/2026 19:22:45 - INFO - utils.trainer -   Sensitivity: 0.64859
03/26/2026 19:22:45 - INFO - utils.trainer -   Loss: 0.69346
03/26/2026 19:22:45 - INFO - utils.trainer -    Train loss: 0.71412, Test loss: 0.69346,Epoch time = 1.623s
03/26/2026 19:22:45 - INFO - utils.trainer -   Saving model checkpoint to output_dir/LMDA
03/26/2026 19:22:46 - INFO - utils.trainer -   ***** Running evaluation on test0 dataset *****
03/26/2026 19:22:47 - INFO - utils.trainer -   AUC: 0.50860
03/26/2026 19:22:47 - INFO - utils.trainer -   Accuracy: 0.51303
03/26/2026 19:22:47 - INFO - utils.trainer -   Precision: 0.51024
03/26/2026 19:22:47 - INFO - utils.trainer -   Recall: 0.64930
03/26/2026 19:22:47 - INFO - utils.trainer -   F_score: 0.57143
03/26/2026 19:22:47 - INFO - utils.trainer -   Specificity: 0.37676
03/26/2026 19:22:47 - INFO - utils.trainer -   Sensitivity: 0.64930
03/26/2026 19:22:47 - INFO - utils.trainer -   Loss: 0.69333
03/26/2026 19:22:47 - INFO - utils.trainer -    Train loss: 0.71944, Test loss: 0.69333,Epoch time = 1.872s
03/26/2026 19:22:49 - INFO - utils.trainer -   ***** Running evaluation on test0 dataset *****
03/26/2026 19:22:50 - INFO - utils.trainer -   AUC: 0.51194
03/26/2026 19:22:50 - INFO - utils.trainer -   Accuracy: 0.51408
03/26/2026 19:22:50 - INFO - utils.trainer -   Precision: 0.51072
03/26/2026 19:22:50 - INFO - utils.trainer -   Recall: 0.67113
03/26/2026 19:22:50 - INFO - utils.trainer -   F_score: 0.58004
03/26/2026 19:22:50 - INFO - utils.trainer -   Specificity: 0.35704
03/26/2026 19:22:50 - INFO - utils.trainer -   Sensitivity: 0.67113
03/26/2026 19:22:50 - INFO - utils.trainer -   Loss: 0.69314
03/26/2026 19:22:50 - INFO - utils.trainer -    Train loss: 0.71522, Test loss: 0.69314,Epoch time = 1.484s
03/26/2026 19:22:50 - INFO - utils.trainer -   Saving model checkpoint to output_dir/LMDA
03/26/2026 19:22:52 - INFO - utils.trainer -   ***** Running evaluation on test0 dataset *****
03/26/2026 19:22:53 - INFO - utils.trainer -   AUC: 0.51800
03/26/2026 19:22:53 - INFO - utils.trainer -   Accuracy: 0.52042
03/26/2026 19:22:53 - INFO - utils.trainer -   Precision: 0.51571
03/26/2026 19:22:53 - INFO - utils.trainer -   Recall: 0.67042
03/26/2026 19:22:53 - INFO - utils.trainer -   F_score: 0.58298
03/26/2026 19:22:53 - INFO - utils.trainer -   Specificity: 0.37042
03/26/2026 19:22:53 - INFO - utils.trainer -   Sensitivity: 0.67042
03/26/2026 19:22:53 - INFO - utils.trainer -   Loss: 0.69279
03/26/2026 19:22:53 - INFO - utils.trainer -    Train loss: 0.71604, Test loss: 0.69279,Epoch time = 2.218s
03/26/2026 19:22:53 - INFO - utils.trainer -   Saving model checkpoint to output_dir/LMDA
03/26/2026 19:22:55 - INFO - utils.trainer -   ***** Running evaluation on test0 dataset *****
03/26/2026 19:22:56 - INFO - utils.trainer -   AUC: 0.52269
03/26/2026 19:22:56 - INFO - utils.trainer -   Accuracy: 0.52042
03/26/2026 19:22:56 - INFO - utils.trainer -   Precision: 0.51531
03/26/2026 19:22:56 - INFO - utils.trainer -   Recall: 0.68732
03/26/2026 19:22:56 - INFO - utils.trainer -   F_score: 0.58902
03/26/2026 19:22:56 - INFO - utils.trainer -   Specificity: 0.35352
03/26/2026 19:22:56 - INFO - utils.trainer -   Sensitivity: 0.68732
03/26/2026 19:22:56 - INFO - utils.trainer -   Loss: 0.69255
03/26/2026 19:22:56 - INFO - utils.trainer -    Train loss: 0.70694, Test loss: 0.69255,Epoch time = 1.690s
03/26/2026 19:22:56 - INFO - utils.trainer -   Saving model checkpoint to output_dir/LMDA
03/26/2026 19:22:57 - INFO - utils.trainer -   ***** Running evaluation on test0 dataset *****
03/26/2026 19:22:58 - INFO - utils.trainer -   AUC: 0.52251
03/26/2026 19:22:58 - INFO - utils.trainer -   Accuracy: 0.52077
03/26/2026 19:22:58 - INFO - utils.trainer -   Precision: 0.51526
03/26/2026 19:22:58 - INFO - utils.trainer -   Recall: 0.70141
03/26/2026 19:22:58 - INFO - utils.trainer -   F_score: 0.59409
03/26/2026 19:22:58 - INFO - utils.trainer -   Specificity: 0.34014
03/26/2026 19:22:58 - INFO - utils.trainer -   Sensitivity: 0.70141
03/26/2026 19:22:58 - INFO - utils.trainer -   Loss: 0.69256
03/26/2026 19:22:58 - INFO - utils.trainer -    Train loss: 0.71640, Test loss: 0.69256,Epoch time = 1.441s
03/26/2026 19:22:58 - INFO - utils.trainer -   Saving model checkpoint to output_dir/LMDA
03/26/2026 19:23:00 - INFO - utils.trainer -   ***** Running evaluation on test0 dataset *****
03/26/2026 19:23:01 - INFO - utils.trainer -   AUC: 0.52791
03/26/2026 19:23:01 - INFO - utils.trainer -   Accuracy: 0.52465
03/26/2026 19:23:01 - INFO - utils.trainer -   Precision: 0.51813
03/26/2026 19:23:01 - INFO - utils.trainer -   Recall: 0.70423
03/26/2026 19:23:01 - INFO - utils.trainer -   F_score: 0.59701
03/26/2026 19:23:01 - INFO - utils.trainer -   Specificity: 0.34507
03/26/2026 19:23:01 - INFO - utils.trainer -   Sensitivity: 0.70423
03/26/2026 19:23:01 - INFO - utils.trainer -   Loss: 0.69226
03/26/2026 19:23:01 - INFO - utils.trainer -    Train loss: 0.70759, Test loss: 0.69226,Epoch time = 2.188s
03/26/2026 19:23:01 - INFO - utils.trainer -   Saving model checkpoint to output_dir/LMDA
03/26/2026 19:23:03 - INFO - utils.trainer -   ***** Running evaluation on test0 dataset *****
03/26/2026 19:23:04 - INFO - utils.trainer -   AUC: 0.53290
03/26/2026 19:23:04 - INFO - utils.trainer -   Accuracy: 0.52535
03/26/2026 19:23:04 - INFO - utils.trainer -   Precision: 0.51775
03/26/2026 19:23:04 - INFO - utils.trainer -   Recall: 0.73944
03/26/2026 19:23:04 - INFO - utils.trainer -   F_score: 0.60905
03/26/2026 19:23:04 - INFO - utils.trainer -   Specificity: 0.31127
03/26/2026 19:23:04 - INFO - utils.trainer -   Sensitivity: 0.73944
03/26/2026 19:23:04 - INFO - utils.trainer -   Loss: 0.69209
03/26/2026 19:23:04 - INFO - utils.trainer -    Train loss: 0.71321, Test loss: 0.69209,Epoch time = 1.630s
03/26/2026 19:23:04 - INFO - utils.trainer -   Saving model checkpoint to output_dir/LMDA
03/26/2026 19:23:05 - INFO - utils.trainer -   ***** Running evaluation on test0 dataset *****
03/26/2026 19:23:06 - INFO - utils.trainer -   AUC: 0.53293
03/26/2026 19:23:06 - INFO - utils.trainer -   Accuracy: 0.52570
03/26/2026 19:23:06 - INFO - utils.trainer -   Precision: 0.51741
03/26/2026 19:23:06 - INFO - utils.trainer -   Recall: 0.76408
03/26/2026 19:23:06 - INFO - utils.trainer -   F_score: 0.61700
03/26/2026 19:23:06 - INFO - utils.trainer -   Specificity: 0.28732
03/26/2026 19:23:06 - INFO - utils.trainer -   Sensitivity: 0.76408
03/26/2026 19:23:06 - INFO - utils.trainer -   Loss: 0.69212
03/26/2026 19:23:06 - INFO - utils.trainer -    Train loss: 0.70974, Test loss: 0.69212,Epoch time = 1.684s
03/26/2026 19:23:06 - INFO - utils.trainer -   Saving model checkpoint to output_dir/LMDA
03/26/2026 19:23:08 - INFO - utils.trainer -   ***** Running evaluation on test0 dataset *****
03/26/2026 19:23:09 - INFO - utils.trainer -   AUC: 0.54356
03/26/2026 19:23:09 - INFO - utils.trainer -   Accuracy: 0.52817
03/26/2026 19:23:09 - INFO - utils.trainer -   Precision: 0.51938
03/26/2026 19:23:09 - INFO - utils.trainer -   Recall: 0.75493
03/26/2026 19:23:09 - INFO - utils.trainer -   F_score: 0.61538
03/26/2026 19:23:09 - INFO - utils.trainer -   Specificity: 0.30141
03/26/2026 19:23:09 - INFO - utils.trainer -   Sensitivity: 0.75493
03/26/2026 19:23:09 - INFO - utils.trainer -   Loss: 0.69161
03/26/2026 19:23:09 - INFO - utils.trainer -    Train loss: 0.71343, Test loss: 0.69161,Epoch time = 1.806s
03/26/2026 19:23:09 - INFO - utils.trainer -   Saving model checkpoint to output_dir/LMDA
03/26/2026 19:23:10 - INFO - utils.trainer -   ***** Running evaluation on test0 dataset *****
03/26/2026 19:23:11 - INFO - utils.trainer -   AUC: 0.54915
03/26/2026 19:23:11 - INFO - utils.trainer -   Accuracy: 0.52993
03/26/2026 19:23:11 - INFO - utils.trainer -   Precision: 0.52058
03/26/2026 19:23:11 - INFO - utils.trainer -   Recall: 0.75704
03/26/2026 19:23:11 - INFO - utils.trainer -   F_score: 0.61693
03/26/2026 19:23:11 - INFO - utils.trainer -   Specificity: 0.30282
03/26/2026 19:23:11 - INFO - utils.trainer -   Sensitivity: 0.75704
03/26/2026 19:23:11 - INFO - utils.trainer -   Loss: 0.69134
03/26/2026 19:23:11 - INFO - utils.trainer -    Train loss: 0.70853, Test loss: 0.69134,Epoch time = 1.364s
03/26/2026 19:23:11 - INFO - utils.trainer -   Saving model checkpoint to output_dir/LMDA
03/26/2026 19:23:13 - INFO - utils.trainer -   ***** Running evaluation on test0 dataset *****
03/26/2026 19:23:14 - INFO - utils.trainer -   AUC: 0.55500
03/26/2026 19:23:14 - INFO - utils.trainer -   Accuracy: 0.52852
03/26/2026 19:23:14 - INFO - utils.trainer -   Precision: 0.51869
03/26/2026 19:23:14 - INFO - utils.trainer -   Recall: 0.79155
03/26/2026 19:23:14 - INFO - utils.trainer -   F_score: 0.62671
03/26/2026 19:23:14 - INFO - utils.trainer -   Specificity: 0.26549
03/26/2026 19:23:14 - INFO - utils.trainer -   Sensitivity: 0.79155
03/26/2026 19:23:14 - INFO - utils.trainer -   Loss: 0.69118
03/26/2026 19:23:14 - INFO - utils.trainer -    Train loss: 0.71249, Test loss: 0.69118,Epoch time = 1.756s
03/26/2026 19:23:15 - INFO - utils.trainer -   ***** Running evaluation on test0 dataset *****
03/26/2026 19:23:16 - INFO - utils.trainer -   AUC: 0.56671
03/26/2026 19:23:16 - INFO - utils.trainer -   Accuracy: 0.53697
03/26/2026 19:23:16 - INFO - utils.trainer -   Precision: 0.52370
03/26/2026 19:23:16 - INFO - utils.trainer -   Recall: 0.81690
03/26/2026 19:23:16 - INFO - utils.trainer -   F_score: 0.63824
03/26/2026 19:23:16 - INFO - utils.trainer -   Specificity: 0.25704
03/26/2026 19:23:16 - INFO - utils.trainer -   Sensitivity: 0.81690
03/26/2026 19:23:16 - INFO - utils.trainer -   Loss: 0.69067
03/26/2026 19:23:16 - INFO - utils.trainer -    Train loss: 0.71132, Test loss: 0.69067,Epoch time = 1.545s
03/26/2026 19:23:16 - INFO - utils.trainer -   Saving model checkpoint to output_dir/LMDA
03/26/2026 19:23:18 - INFO - utils.trainer -   ***** Running evaluation on test0 dataset *****
03/26/2026 19:23:19 - INFO - utils.trainer -   AUC: 0.57417
03/26/2026 19:23:19 - INFO - utils.trainer -   Accuracy: 0.54085
03/26/2026 19:23:19 - INFO - utils.trainer -   Precision: 0.52668
03/26/2026 19:23:19 - INFO - utils.trainer -   Recall: 0.80634
03/26/2026 19:23:19 - INFO - utils.trainer -   F_score: 0.63717
03/26/2026 19:23:19 - INFO - utils.trainer -   Specificity: 0.27535
03/26/2026 19:23:19 - INFO - utils.trainer -   Sensitivity: 0.80634
03/26/2026 19:23:19 - INFO - utils.trainer -   Loss: 0.69031
03/26/2026 19:23:19 - INFO - utils.trainer -    Train loss: 0.70472, Test loss: 0.69031,Epoch time = 1.668s
03/26/2026 19:23:19 - INFO - utils.trainer -   Saving model checkpoint to output_dir/LMDA
03/26/2026 19:23:21 - INFO - utils.trainer -   ***** Running evaluation on test0 dataset *****
03/26/2026 19:23:21 - INFO - utils.trainer -   AUC: 0.58229
03/26/2026 19:23:21 - INFO - utils.trainer -   Accuracy: 0.53768
03/26/2026 19:23:21 - INFO - utils.trainer -   Precision: 0.52329
03/26/2026 19:23:21 - INFO - utils.trainer -   Recall: 0.84648
03/26/2026 19:23:21 - INFO - utils.trainer -   F_score: 0.64676
03/26/2026 19:23:21 - INFO - utils.trainer -   Specificity: 0.22887
03/26/2026 19:23:21 - INFO - utils.trainer -   Sensitivity: 0.84648
03/26/2026 19:23:21 - INFO - utils.trainer -   Loss: 0.69006
03/26/2026 19:23:21 - INFO - utils.trainer -    Train loss: 0.70744, Test loss: 0.69006,Epoch time = 1.764s
03/26/2026 19:23:23 - INFO - utils.trainer -   ***** Running evaluation on test0 dataset *****
03/26/2026 19:23:24 - INFO - utils.trainer -   AUC: 0.58611
03/26/2026 19:23:24 - INFO - utils.trainer -   Accuracy: 0.52887
03/26/2026 19:23:24 - INFO - utils.trainer -   Precision: 0.51736
03/26/2026 19:23:24 - INFO - utils.trainer -   Recall: 0.86056
03/26/2026 19:23:24 - INFO - utils.trainer -   F_score: 0.64622
03/26/2026 19:23:24 - INFO - utils.trainer -   Specificity: 0.19718
03/26/2026 19:23:24 - INFO - utils.trainer -   Sensitivity: 0.86056
03/26/2026 19:23:24 - INFO - utils.trainer -   Loss: 0.68994
03/26/2026 19:23:24 - INFO - utils.trainer -    Train loss: 0.70148, Test loss: 0.68994,Epoch time = 1.676s
03/26/2026 19:23:26 - INFO - utils.trainer -   ***** Running evaluation on test0 dataset *****
03/26/2026 19:23:27 - INFO - utils.trainer -   AUC: 0.59777
03/26/2026 19:23:27 - INFO - utils.trainer -   Accuracy: 0.53099
03/26/2026 19:23:27 - INFO - utils.trainer -   Precision: 0.51868
03/26/2026 19:23:27 - INFO - utils.trainer -   Recall: 0.86056
03/26/2026 19:23:27 - INFO - utils.trainer -   F_score: 0.64725
03/26/2026 19:23:27 - INFO - utils.trainer -   Specificity: 0.20141
03/26/2026 19:23:27 - INFO - utils.trainer -   Sensitivity: 0.86056
03/26/2026 19:23:27 - INFO - utils.trainer -   Loss: 0.68937
03/26/2026 19:23:27 - INFO - utils.trainer -    Train loss: 0.70326, Test loss: 0.68937,Epoch time = 1.655s
03/26/2026 19:23:28 - INFO - utils.trainer -   ***** Running evaluation on test0 dataset *****
03/26/2026 19:23:29 - INFO - utils.trainer -   AUC: 0.60981
03/26/2026 19:23:29 - INFO - utils.trainer -   Accuracy: 0.53380
03/26/2026 19:23:29 - INFO - utils.trainer -   Precision: 0.52000
03/26/2026 19:23:29 - INFO - utils.trainer -   Recall: 0.87887
03/26/2026 19:23:29 - INFO - utils.trainer -   F_score: 0.65340
03/26/2026 19:23:29 - INFO - utils.trainer -   Specificity: 0.18873
03/26/2026 19:23:29 - INFO - utils.trainer -   Sensitivity: 0.87887
03/26/2026 19:23:29 - INFO - utils.trainer -   Loss: 0.68894
03/26/2026 19:23:29 - INFO - utils.trainer -    Train loss: 0.70661, Test loss: 0.68894,Epoch time = 1.909s
03/26/2026 19:23:31 - INFO - utils.trainer -   ***** Running evaluation on test0 dataset *****
03/26/2026 19:23:32 - INFO - utils.trainer -   AUC: 0.61702
03/26/2026 19:23:32 - INFO - utils.trainer -   Accuracy: 0.52923
03/26/2026 19:23:32 - INFO - utils.trainer -   Precision: 0.51677
03/26/2026 19:23:32 - INFO - utils.trainer -   Recall: 0.90070
03/26/2026 19:23:32 - INFO - utils.trainer -   F_score: 0.65674
03/26/2026 19:23:32 - INFO - utils.trainer -   Specificity: 0.15775
03/26/2026 19:23:32 - INFO - utils.trainer -   Sensitivity: 0.90070
03/26/2026 19:23:32 - INFO - utils.trainer -   Loss: 0.68869
03/26/2026 19:23:32 - INFO - utils.trainer -    Train loss: 0.70234, Test loss: 0.68869,Epoch time = 1.787s
03/26/2026 19:23:34 - INFO - utils.trainer -   ***** Running evaluation on test0 dataset *****
03/26/2026 19:23:34 - INFO - utils.trainer -   AUC: 0.62744
03/26/2026 19:23:34 - INFO - utils.trainer -   Accuracy: 0.53556
03/26/2026 19:23:34 - INFO - utils.trainer -   Precision: 0.52035
03/26/2026 19:23:34 - INFO - utils.trainer -   Recall: 0.90915
03/26/2026 19:23:34 - INFO - utils.trainer -   F_score: 0.66188
03/26/2026 19:23:34 - INFO - utils.trainer -   Specificity: 0.16197
03/26/2026 19:23:34 - INFO - utils.trainer -   Sensitivity: 0.90915
03/26/2026 19:23:34 - INFO - utils.trainer -   Loss: 0.68822
03/26/2026 19:23:34 - INFO - utils.trainer -    Train loss: 0.69763, Test loss: 0.68822,Epoch time = 1.665s
03/26/2026 19:23:36 - INFO - utils.trainer -   ***** Running evaluation on test0 dataset *****
03/26/2026 19:23:37 - INFO - utils.trainer -   AUC: 0.63843
03/26/2026 19:23:37 - INFO - utils.trainer -   Accuracy: 0.53768
03/26/2026 19:23:37 - INFO - utils.trainer -   Precision: 0.52099
03/26/2026 19:23:37 - INFO - utils.trainer -   Recall: 0.93521
03/26/2026 19:23:37 - INFO - utils.trainer -   F_score: 0.66919
03/26/2026 19:23:37 - INFO - utils.trainer -   Specificity: 0.14014
03/26/2026 19:23:37 - INFO - utils.trainer -   Sensitivity: 0.93521
03/26/2026 19:23:37 - INFO - utils.trainer -   Loss: 0.68796
03/26/2026 19:23:37 - INFO - utils.trainer -    Train loss: 0.70396, Test loss: 0.68796,Epoch time = 1.889s
03/26/2026 19:23:39 - INFO - utils.trainer -   ***** Running evaluation on test0 dataset *****
03/26/2026 19:23:40 - INFO - utils.trainer -   AUC: 0.65358
03/26/2026 19:23:40 - INFO - utils.trainer -   Accuracy: 0.54120
03/26/2026 19:23:40 - INFO - utils.trainer -   Precision: 0.52291
03/26/2026 19:23:40 - INFO - utils.trainer -   Recall: 0.94014
03/26/2026 19:23:40 - INFO - utils.trainer -   F_score: 0.67204
03/26/2026 19:23:40 - INFO - utils.trainer -   Specificity: 0.14225
03/26/2026 19:23:40 - INFO - utils.trainer -   Sensitivity: 0.94014
03/26/2026 19:23:40 - INFO - utils.trainer -   Loss: 0.68707
03/26/2026 19:23:40 - INFO - utils.trainer -    Train loss: 0.70102, Test loss: 0.68707,Epoch time = 1.996s
03/26/2026 19:23:40 - INFO - utils.trainer -   Saving model checkpoint to output_dir/LMDA
03/26/2026 19:23:42 - INFO - utils.trainer -   ***** Running evaluation on test0 dataset *****
03/26/2026 19:23:43 - INFO - utils.trainer -   AUC: 0.66196
03/26/2026 19:23:43 - INFO - utils.trainer -   Accuracy: 0.54120
03/26/2026 19:23:43 - INFO - utils.trainer -   Precision: 0.52261
03/26/2026 19:23:43 - INFO - utils.trainer -   Recall: 0.95211
03/26/2026 19:23:43 - INFO - utils.trainer -   F_score: 0.67482
03/26/2026 19:23:43 - INFO - utils.trainer -   Specificity: 0.13028
03/26/2026 19:23:43 - INFO - utils.trainer -   Sensitivity: 0.95211
03/26/2026 19:23:43 - INFO - utils.trainer -   Loss: 0.68676
03/26/2026 19:23:43 - INFO - utils.trainer -    Train loss: 0.69951, Test loss: 0.68676,Epoch time = 1.845s
03/26/2026 19:23:43 - INFO - utils.trainer -   Saving model checkpoint to output_dir/LMDA
03/26/2026 19:23:45 - INFO - utils.trainer -   ***** Running evaluation on test0 dataset *****
03/26/2026 19:23:46 - INFO - utils.trainer -   AUC: 0.66866
03/26/2026 19:23:46 - INFO - utils.trainer -   Accuracy: 0.54789
03/26/2026 19:23:46 - INFO - utils.trainer -   Precision: 0.52650
03/26/2026 19:23:46 - INFO - utils.trainer -   Recall: 0.95141
03/26/2026 19:23:46 - INFO - utils.trainer -   F_score: 0.67787
03/26/2026 19:23:46 - INFO - utils.trainer -   Specificity: 0.14437
03/26/2026 19:23:46 - INFO - utils.trainer -   Sensitivity: 0.95141
03/26/2026 19:23:46 - INFO - utils.trainer -   Loss: 0.68632
03/26/2026 19:23:46 - INFO - utils.trainer -    Train loss: 0.69607, Test loss: 0.68632,Epoch time = 1.844s
03/26/2026 19:23:46 - INFO - utils.trainer -   Saving model checkpoint to output_dir/LMDA
03/26/2026 19:23:47 - INFO - utils.trainer -   ***** Running evaluation on test0 dataset *****
03/26/2026 19:23:48 - INFO - utils.trainer -   AUC: 0.68392
03/26/2026 19:23:48 - INFO - utils.trainer -   Accuracy: 0.54789
03/26/2026 19:23:48 - INFO - utils.trainer -   Precision: 0.52615
03/26/2026 19:23:48 - INFO - utils.trainer -   Recall: 0.96338
03/26/2026 19:23:48 - INFO - utils.trainer -   F_score: 0.68060
03/26/2026 19:23:48 - INFO - utils.trainer -   Specificity: 0.13239
03/26/2026 19:23:48 - INFO - utils.trainer -   Sensitivity: 0.96338
03/26/2026 19:23:48 - INFO - utils.trainer -   Loss: 0.68542
03/26/2026 19:23:48 - INFO - utils.trainer -    Train loss: 0.69843, Test loss: 0.68542,Epoch time = 1.111s
03/26/2026 19:23:48 - INFO - utils.trainer -   Saving model checkpoint to output_dir/LMDA
03/26/2026 19:23:49 - INFO - utils.trainer -   ***** Running evaluation on test0 dataset *****
03/26/2026 19:23:50 - INFO - utils.trainer -   AUC: 0.69188
03/26/2026 19:23:50 - INFO - utils.trainer -   Accuracy: 0.55035
03/26/2026 19:23:50 - INFO - utils.trainer -   Precision: 0.52738
03/26/2026 19:23:50 - INFO - utils.trainer -   Recall: 0.96972
03/26/2026 19:23:50 - INFO - utils.trainer -   F_score: 0.68321
03/26/2026 19:23:50 - INFO - utils.trainer -   Specificity: 0.13099
03/26/2026 19:23:50 - INFO - utils.trainer -   Sensitivity: 0.96972
03/26/2026 19:23:50 - INFO - utils.trainer -   Loss: 0.68484
03/26/2026 19:23:50 - INFO - utils.trainer -    Train loss: 0.69756, Test loss: 0.68484,Epoch time = 1.320s
03/26/2026 19:23:50 - INFO - utils.trainer -   Saving model checkpoint to output_dir/LMDA
03/26/2026 19:23:52 - INFO - utils.trainer -   ***** Running evaluation on test0 dataset *****
03/26/2026 19:23:53 - INFO - utils.trainer -   AUC: 0.71115
03/26/2026 19:23:53 - INFO - utils.trainer -   Accuracy: 0.56162
03/26/2026 19:23:53 - INFO - utils.trainer -   Precision: 0.53369
03/26/2026 19:23:53 - INFO - utils.trainer -   Recall: 0.97606
03/26/2026 19:23:53 - INFO - utils.trainer -   F_score: 0.69007
03/26/2026 19:23:53 - INFO - utils.trainer -   Specificity: 0.14718
03/26/2026 19:23:53 - INFO - utils.trainer -   Sensitivity: 0.97606
03/26/2026 19:23:53 - INFO - utils.trainer -   Loss: 0.68311
03/26/2026 19:23:53 - INFO - utils.trainer -    Train loss: 0.69507, Test loss: 0.68311,Epoch time = 1.902s
03/26/2026 19:23:53 - INFO - utils.trainer -   Saving model checkpoint to output_dir/LMDA
03/26/2026 19:23:55 - INFO - utils.trainer -   ***** Running evaluation on test0 dataset *****
03/26/2026 19:23:56 - INFO - utils.trainer -   AUC: 0.71742
03/26/2026 19:23:56 - INFO - utils.trainer -   Accuracy: 0.56373
03/26/2026 19:23:56 - INFO - utils.trainer -   Precision: 0.53493
03/26/2026 19:23:56 - INFO - utils.trainer -   Recall: 0.97606
03/26/2026 19:23:56 - INFO - utils.trainer -   F_score: 0.69110
03/26/2026 19:23:56 - INFO - utils.trainer -   Specificity: 0.15141
03/26/2026 19:23:56 - INFO - utils.trainer -   Sensitivity: 0.97606
03/26/2026 19:23:56 - INFO - utils.trainer -   Loss: 0.68259
03/26/2026 19:23:56 - INFO - utils.trainer -    Train loss: 0.69494, Test loss: 0.68259,Epoch time = 2.293s
03/26/2026 19:23:56 - INFO - utils.trainer -   Saving model checkpoint to output_dir/LMDA
03/26/2026 19:23:57 - INFO - utils.trainer -   ***** Running evaluation on test0 dataset *****
03/26/2026 19:23:58 - INFO - utils.trainer -   AUC: 0.72629
03/26/2026 19:23:58 - INFO - utils.trainer -   Accuracy: 0.56655
03/26/2026 19:23:58 - INFO - utils.trainer -   Precision: 0.53644
03/26/2026 19:23:58 - INFO - utils.trainer -   Recall: 0.97958
03/26/2026 19:23:58 - INFO - utils.trainer -   F_score: 0.69325
03/26/2026 19:23:58 - INFO - utils.trainer -   Specificity: 0.15352
03/26/2026 19:23:58 - INFO - utils.trainer -   Sensitivity: 0.97958
03/26/2026 19:23:58 - INFO - utils.trainer -   Loss: 0.68151
03/26/2026 19:23:58 - INFO - utils.trainer -    Train loss: 0.69211, Test loss: 0.68151,Epoch time = 1.340s
03/26/2026 19:23:58 - INFO - utils.trainer -   Saving model checkpoint to output_dir/LMDA
03/26/2026 19:24:00 - INFO - utils.trainer -   ***** Running evaluation on test0 dataset *****
03/26/2026 19:24:01 - INFO - utils.trainer -   AUC: 0.73454
03/26/2026 19:24:01 - INFO - utils.trainer -   Accuracy: 0.57394
03/26/2026 19:24:01 - INFO - utils.trainer -   Precision: 0.54086
03/26/2026 19:24:01 - INFO - utils.trainer -   Recall: 0.97887
03/26/2026 19:24:01 - INFO - utils.trainer -   F_score: 0.69674
03/26/2026 19:24:01 - INFO - utils.trainer -   Specificity: 0.16901
03/26/2026 19:24:01 - INFO - utils.trainer -   Sensitivity: 0.97887
03/26/2026 19:24:01 - INFO - utils.trainer -   Loss: 0.68046
03/26/2026 19:24:01 - INFO - utils.trainer -    Train loss: 0.69299, Test loss: 0.68046,Epoch time = 1.898s
03/26/2026 19:24:01 - INFO - utils.trainer -   Saving model checkpoint to output_dir/LMDA
03/26/2026 19:24:03 - INFO - utils.trainer -   ***** Running evaluation on test0 dataset *****
03/26/2026 19:24:04 - INFO - utils.trainer -   AUC: 0.74321
03/26/2026 19:24:04 - INFO - utils.trainer -   Accuracy: 0.56901
03/26/2026 19:24:04 - INFO - utils.trainer -   Precision: 0.53763
03/26/2026 19:24:04 - INFO - utils.trainer -   Recall: 0.98592
03/26/2026 19:24:04 - INFO - utils.trainer -   F_score: 0.69583
03/26/2026 19:24:04 - INFO - utils.trainer -   Specificity: 0.15211
03/26/2026 19:24:04 - INFO - utils.trainer -   Sensitivity: 0.98592
03/26/2026 19:24:04 - INFO - utils.trainer -   Loss: 0.67956
03/26/2026 19:24:04 - INFO - utils.trainer -    Train loss: 0.69430, Test loss: 0.67956,Epoch time = 1.922s
03/26/2026 19:24:05 - INFO - utils.trainer -   ***** Running evaluation on test0 dataset *****
03/26/2026 19:24:06 - INFO - utils.trainer -   AUC: 0.74948
03/26/2026 19:24:06 - INFO - utils.trainer -   Accuracy: 0.57993
03/26/2026 19:24:06 - INFO - utils.trainer -   Precision: 0.54432
03/26/2026 19:24:06 - INFO - utils.trainer -   Recall: 0.98169
03/26/2026 19:24:06 - INFO - utils.trainer -   F_score: 0.70033
03/26/2026 19:24:06 - INFO - utils.trainer -   Specificity: 0.17817
03/26/2026 19:24:06 - INFO - utils.trainer -   Sensitivity: 0.98169
03/26/2026 19:24:06 - INFO - utils.trainer -   Loss: 0.67844
03/26/2026 19:24:06 - INFO - utils.trainer -    Train loss: 0.68976, Test loss: 0.67844,Epoch time = 1.365s
03/26/2026 19:24:06 - INFO - utils.trainer -   Saving model checkpoint to output_dir/LMDA
03/26/2026 19:24:07 - INFO - utils.trainer -   ***** Running evaluation on test0 dataset *****
03/26/2026 19:24:08 - INFO - utils.trainer -   AUC: 0.75834
03/26/2026 19:24:08 - INFO - utils.trainer -   Accuracy: 0.58134
03/26/2026 19:24:08 - INFO - utils.trainer -   Precision: 0.54492
03/26/2026 19:24:08 - INFO - utils.trainer -   Recall: 0.98662
03/26/2026 19:24:08 - INFO - utils.trainer -   F_score: 0.70208
03/26/2026 19:24:08 - INFO - utils.trainer -   Specificity: 0.17606
03/26/2026 19:24:08 - INFO - utils.trainer -   Sensitivity: 0.98662
03/26/2026 19:24:08 - INFO - utils.trainer -   Loss: 0.67670
03/26/2026 19:24:08 - INFO - utils.trainer -    Train loss: 0.69025, Test loss: 0.67670,Epoch time = 1.318s
03/26/2026 19:24:08 - INFO - utils.trainer -   Saving model checkpoint to output_dir/LMDA
03/26/2026 19:24:10 - INFO - utils.trainer -   ***** Running evaluation on test0 dataset *****
03/26/2026 19:24:11 - INFO - utils.trainer -   AUC: 0.76498
03/26/2026 19:24:11 - INFO - utils.trainer -   Accuracy: 0.59331
03/26/2026 19:24:11 - INFO - utils.trainer -   Precision: 0.55231
03/26/2026 19:24:11 - INFO - utils.trainer -   Recall: 0.98521
03/26/2026 19:24:11 - INFO - utils.trainer -   F_score: 0.70782
03/26/2026 19:24:11 - INFO - utils.trainer -   Specificity: 0.20141
03/26/2026 19:24:11 - INFO - utils.trainer -   Sensitivity: 0.98521
03/26/2026 19:24:11 - INFO - utils.trainer -   Loss: 0.67524
03/26/2026 19:24:11 - INFO - utils.trainer -    Train loss: 0.68923, Test loss: 0.67524,Epoch time = 1.629s
03/26/2026 19:24:11 - INFO - utils.trainer -   Saving model checkpoint to output_dir/LMDA
03/26/2026 19:24:12 - INFO - utils.trainer -   ***** Running evaluation on test0 dataset *****
03/26/2026 19:24:13 - INFO - utils.trainer -   AUC: 0.76976
03/26/2026 19:24:13 - INFO - utils.trainer -   Accuracy: 0.58908
03/26/2026 19:24:13 - INFO - utils.trainer -   Precision: 0.54943
03/26/2026 19:24:13 - INFO - utils.trainer -   Recall: 0.99014
03/26/2026 19:24:13 - INFO - utils.trainer -   F_score: 0.70671
03/26/2026 19:24:13 - INFO - utils.trainer -   Specificity: 0.18803
03/26/2026 19:24:13 - INFO - utils.trainer -   Sensitivity: 0.99014
03/26/2026 19:24:13 - INFO - utils.trainer -   Loss: 0.67474
03/26/2026 19:24:13 - INFO - utils.trainer -    Train loss: 0.68894, Test loss: 0.67474,Epoch time = 1.324s
03/26/2026 19:24:15 - INFO - utils.trainer -   ***** Running evaluation on test0 dataset *****
03/26/2026 19:24:15 - INFO - utils.trainer -   AUC: 0.77782
03/26/2026 19:24:15 - INFO - utils.trainer -   Accuracy: 0.60387
03/26/2026 19:24:15 - INFO - utils.trainer -   Precision: 0.55874
03/26/2026 19:24:15 - INFO - utils.trainer -   Recall: 0.98803
03/26/2026 19:24:15 - INFO - utils.trainer -   F_score: 0.71381
03/26/2026 19:24:15 - INFO - utils.trainer -   Specificity: 0.21972
03/26/2026 19:24:15 - INFO - utils.trainer -   Sensitivity: 0.98803
03/26/2026 19:24:15 - INFO - utils.trainer -   Loss: 0.67226
03/26/2026 19:24:15 - INFO - utils.trainer -    Train loss: 0.68840, Test loss: 0.67226,Epoch time = 1.698s
03/26/2026 19:24:15 - INFO - utils.trainer -   Saving model checkpoint to output_dir/LMDA
03/26/2026 19:24:17 - INFO - utils.trainer -   ***** Running evaluation on test0 dataset *****
03/26/2026 19:24:18 - INFO - utils.trainer -   AUC: 0.78344
03/26/2026 19:24:18 - INFO - utils.trainer -   Accuracy: 0.61162
03/26/2026 19:24:18 - INFO - utils.trainer -   Precision: 0.56404
03/26/2026 19:24:18 - INFO - utils.trainer -   Recall: 0.98310
03/26/2026 19:24:18 - INFO - utils.trainer -   F_score: 0.71682
03/26/2026 19:24:18 - INFO - utils.trainer -   Specificity: 0.24014
03/26/2026 19:24:18 - INFO - utils.trainer -   Sensitivity: 0.98310
03/26/2026 19:24:18 - INFO - utils.trainer -   Loss: 0.67046
03/26/2026 19:24:18 - INFO - utils.trainer -    Train loss: 0.68583, Test loss: 0.67046,Epoch time = 1.454s
03/26/2026 19:24:18 - INFO - utils.trainer -   Saving model checkpoint to output_dir/LMDA
03/26/2026 19:24:20 - INFO - utils.trainer -   ***** Running evaluation on test0 dataset *****
03/26/2026 19:24:20 - INFO - utils.trainer -   AUC: 0.78691
03/26/2026 19:24:20 - INFO - utils.trainer -   Accuracy: 0.59789
03/26/2026 19:24:20 - INFO - utils.trainer -   Precision: 0.55468
03/26/2026 19:24:20 - INFO - utils.trainer -   Recall: 0.99296
03/26/2026 19:24:20 - INFO - utils.trainer -   F_score: 0.71176
03/26/2026 19:24:20 - INFO - utils.trainer -   Specificity: 0.20282
03/26/2026 19:24:20 - INFO - utils.trainer -   Sensitivity: 0.99296
03/26/2026 19:24:20 - INFO - utils.trainer -   Loss: 0.67052
03/26/2026 19:24:20 - INFO - utils.trainer -    Train loss: 0.68743, Test loss: 0.67052,Epoch time = 1.808s
03/26/2026 19:24:22 - INFO - utils.trainer -   ***** Running evaluation on test0 dataset *****
03/26/2026 19:24:23 - INFO - utils.trainer -   AUC: 0.79186
03/26/2026 19:24:23 - INFO - utils.trainer -   Accuracy: 0.60176
03/26/2026 19:24:23 - INFO - utils.trainer -   Precision: 0.55705
03/26/2026 19:24:23 - INFO - utils.trainer -   Recall: 0.99366
03/26/2026 19:24:23 - INFO - utils.trainer -   F_score: 0.71389
03/26/2026 19:24:23 - INFO - utils.trainer -   Specificity: 0.20986
03/26/2026 19:24:23 - INFO - utils.trainer -   Sensitivity: 0.99366
03/26/2026 19:24:23 - INFO - utils.trainer -   Loss: 0.66873
03/26/2026 19:24:23 - INFO - utils.trainer -    Train loss: 0.68219, Test loss: 0.66873,Epoch time = 1.995s
03/26/2026 19:24:25 - INFO - utils.trainer -   ***** Running evaluation on test0 dataset *****
03/26/2026 19:24:26 - INFO - utils.trainer -   AUC: 0.79718
03/26/2026 19:24:26 - INFO - utils.trainer -   Accuracy: 0.60563
03/26/2026 19:24:26 - INFO - utils.trainer -   Precision: 0.55957
03/26/2026 19:24:26 - INFO - utils.trainer -   Recall: 0.99225
03/26/2026 19:24:26 - INFO - utils.trainer -   F_score: 0.71559
03/26/2026 19:24:26 - INFO - utils.trainer -   Specificity: 0.21901
03/26/2026 19:24:26 - INFO - utils.trainer -   Sensitivity: 0.99225
03/26/2026 19:24:26 - INFO - utils.trainer -   Loss: 0.66634
03/26/2026 19:24:26 - INFO - utils.trainer -    Train loss: 0.67931, Test loss: 0.66634,Epoch time = 1.663s
03/26/2026 19:24:27 - INFO - utils.trainer -   ***** Running evaluation on test0 dataset *****
03/26/2026 19:24:28 - INFO - utils.trainer -   AUC: 0.79896
03/26/2026 19:24:28 - INFO - utils.trainer -   Accuracy: 0.60423
03/26/2026 19:24:28 - INFO - utils.trainer -   Precision: 0.55864
03/26/2026 19:24:28 - INFO - utils.trainer -   Recall: 0.99296
03/26/2026 19:24:28 - INFO - utils.trainer -   F_score: 0.71501
03/26/2026 19:24:28 - INFO - utils.trainer -   Specificity: 0.21549
03/26/2026 19:24:28 - INFO - utils.trainer -   Sensitivity: 0.99296
03/26/2026 19:24:28 - INFO - utils.trainer -   Loss: 0.66551
03/26/2026 19:24:28 - INFO - utils.trainer -    Train loss: 0.68410, Test loss: 0.66551,Epoch time = 1.369s
03/26/2026 19:24:30 - INFO - utils.trainer -   ***** Running evaluation on test0 dataset *****
03/26/2026 19:24:31 - INFO - utils.trainer -   AUC: 0.80237
03/26/2026 19:24:31 - INFO - utils.trainer -   Accuracy: 0.60845
03/26/2026 19:24:31 - INFO - utils.trainer -   Precision: 0.56145
03/26/2026 19:24:31 - INFO - utils.trainer -   Recall: 0.99085
03/26/2026 19:24:31 - INFO - utils.trainer -   F_score: 0.71676
03/26/2026 19:24:31 - INFO - utils.trainer -   Specificity: 0.22606
03/26/2026 19:24:31 - INFO - utils.trainer -   Sensitivity: 0.99085
03/26/2026 19:24:31 - INFO - utils.trainer -   Loss: 0.66379
03/26/2026 19:24:31 - INFO - utils.trainer -    Train loss: 0.67907, Test loss: 0.66379,Epoch time = 1.619s
03/26/2026 19:24:32 - INFO - utils.trainer -   ***** Running evaluation on test0 dataset *****
03/26/2026 19:24:33 - INFO - utils.trainer -   AUC: 0.80748
03/26/2026 19:24:33 - INFO - utils.trainer -   Accuracy: 0.61585
03/26/2026 19:24:33 - INFO - utils.trainer -   Precision: 0.56646
03/26/2026 19:24:33 - INFO - utils.trainer -   Recall: 0.98732
03/26/2026 19:24:33 - INFO - utils.trainer -   F_score: 0.71990
03/26/2026 19:24:33 - INFO - utils.trainer -   Specificity: 0.24437
03/26/2026 19:24:33 - INFO - utils.trainer -   Sensitivity: 0.98732
03/26/2026 19:24:33 - INFO - utils.trainer -   Loss: 0.65953
03/26/2026 19:24:33 - INFO - utils.trainer -    Train loss: 0.67639, Test loss: 0.65953,Epoch time = 1.129s
03/26/2026 19:24:33 - INFO - utils.trainer -   Saving model checkpoint to output_dir/LMDA
03/26/2026 19:24:34 - INFO - utils.trainer -   ***** Running evaluation on test0 dataset *****
03/26/2026 19:24:35 - INFO - utils.trainer -   AUC: 0.81101
03/26/2026 19:24:35 - INFO - utils.trainer -   Accuracy: 0.61690
03/26/2026 19:24:35 - INFO - utils.trainer -   Precision: 0.56715
03/26/2026 19:24:35 - INFO - utils.trainer -   Recall: 0.98732
03/26/2026 19:24:35 - INFO - utils.trainer -   F_score: 0.72045
03/26/2026 19:24:35 - INFO - utils.trainer -   Specificity: 0.24648
03/26/2026 19:24:35 - INFO - utils.trainer -   Sensitivity: 0.98732
03/26/2026 19:24:35 - INFO - utils.trainer -   Loss: 0.65866
03/26/2026 19:24:35 - INFO - utils.trainer -    Train loss: 0.67305, Test loss: 0.65866,Epoch time = 1.459s
03/26/2026 19:24:35 - INFO - utils.trainer -   Saving model checkpoint to output_dir/LMDA
03/26/2026 19:24:36 - INFO - utils.trainer -   ***** Running evaluation on test0 dataset *****
03/26/2026 19:24:37 - INFO - utils.trainer -   AUC: 0.81322
03/26/2026 19:24:37 - INFO - utils.trainer -   Accuracy: 0.61901
03/26/2026 19:24:37 - INFO - utils.trainer -   Precision: 0.56864
03/26/2026 19:24:37 - INFO - utils.trainer -   Recall: 0.98592
03/26/2026 19:24:37 - INFO - utils.trainer -   F_score: 0.72128
03/26/2026 19:24:37 - INFO - utils.trainer -   Specificity: 0.25211
03/26/2026 19:24:37 - INFO - utils.trainer -   Sensitivity: 0.98592
03/26/2026 19:24:37 - INFO - utils.trainer -   Loss: 0.65759
03/26/2026 19:24:37 - INFO - utils.trainer -    Train loss: 0.67461, Test loss: 0.65759,Epoch time = 1.319s
03/26/2026 19:24:37 - INFO - utils.trainer -   Saving model checkpoint to output_dir/LMDA
03/26/2026 19:24:38 - INFO - utils.trainer -   ***** Running evaluation on test0 dataset *****
03/26/2026 19:24:39 - INFO - utils.trainer -   AUC: 0.81600
03/26/2026 19:24:39 - INFO - utils.trainer -   Accuracy: 0.62746
03/26/2026 19:24:39 - INFO - utils.trainer -   Precision: 0.57449
03/26/2026 19:24:39 - INFO - utils.trainer -   Recall: 0.98310
03/26/2026 19:24:39 - INFO - utils.trainer -   F_score: 0.72519
03/26/2026 19:24:39 - INFO - utils.trainer -   Specificity: 0.27183
03/26/2026 19:24:39 - INFO - utils.trainer -   Sensitivity: 0.98310
03/26/2026 19:24:39 - INFO - utils.trainer -   Loss: 0.65385
03/26/2026 19:24:39 - INFO - utils.trainer -    Train loss: 0.67139, Test loss: 0.65385,Epoch time = 1.268s
03/26/2026 19:24:39 - INFO - utils.trainer -   Saving model checkpoint to output_dir/LMDA
03/26/2026 19:24:41 - INFO - utils.trainer -   ***** Running evaluation on test0 dataset *****
03/26/2026 19:24:42 - INFO - utils.trainer -   AUC: 0.81720
03/26/2026 19:24:42 - INFO - utils.trainer -   Accuracy: 0.62430
03/26/2026 19:24:42 - INFO - utils.trainer -   Precision: 0.57237
03/26/2026 19:24:42 - INFO - utils.trainer -   Recall: 0.98310
03/26/2026 19:24:42 - INFO - utils.trainer -   F_score: 0.72350
03/26/2026 19:24:42 - INFO - utils.trainer -   Specificity: 0.26549
03/26/2026 19:24:42 - INFO - utils.trainer -   Sensitivity: 0.98310
03/26/2026 19:24:42 - INFO - utils.trainer -   Loss: 0.65238
03/26/2026 19:24:42 - INFO - utils.trainer -    Train loss: 0.67556, Test loss: 0.65238,Epoch time = 1.722s
03/26/2026 19:24:43 - INFO - utils.trainer -   ***** Running evaluation on test0 dataset *****
03/26/2026 19:24:43 - INFO - utils.trainer -   AUC: 0.81914
03/26/2026 19:24:43 - INFO - utils.trainer -   Accuracy: 0.63204
03/26/2026 19:24:43 - INFO - utils.trainer -   Precision: 0.57777
03/26/2026 19:24:43 - INFO - utils.trainer -   Recall: 0.98099
03/26/2026 19:24:43 - INFO - utils.trainer -   F_score: 0.72723
03/26/2026 19:24:43 - INFO - utils.trainer -   Specificity: 0.28310
03/26/2026 19:24:43 - INFO - utils.trainer -   Sensitivity: 0.98099
03/26/2026 19:24:43 - INFO - utils.trainer -   Loss: 0.64925
03/26/2026 19:24:43 - INFO - utils.trainer -    Train loss: 0.67126, Test loss: 0.64925,Epoch time = 1.097s
03/26/2026 19:24:43 - INFO - utils.trainer -   Saving model checkpoint to output_dir/LMDA
03/26/2026 19:24:45 - INFO - utils.trainer -   ***** Running evaluation on test0 dataset *****
03/26/2026 19:24:46 - INFO - utils.trainer -   AUC: 0.82177
03/26/2026 19:24:46 - INFO - utils.trainer -   Accuracy: 0.63944
03/26/2026 19:24:46 - INFO - utils.trainer -   Precision: 0.58305
03/26/2026 19:24:46 - INFO - utils.trainer -   Recall: 0.97887
03/26/2026 19:24:46 - INFO - utils.trainer -   F_score: 0.73081
03/26/2026 19:24:46 - INFO - utils.trainer -   Specificity: 0.30000
03/26/2026 19:24:46 - INFO - utils.trainer -   Sensitivity: 0.97887
03/26/2026 19:24:46 - INFO - utils.trainer -   Loss: 0.64695
03/26/2026 19:24:46 - INFO - utils.trainer -    Train loss: 0.66952, Test loss: 0.64695,Epoch time = 1.632s
03/26/2026 19:24:46 - INFO - utils.trainer -   Saving model checkpoint to output_dir/LMDA
03/26/2026 19:24:47 - INFO - utils.trainer -   ***** Running evaluation on test0 dataset *****
03/26/2026 19:24:48 - INFO - utils.trainer -   AUC: 0.82224
03/26/2026 19:24:48 - INFO - utils.trainer -   Accuracy: 0.63662
03/26/2026 19:24:48 - INFO - utils.trainer -   Precision: 0.58097
03/26/2026 19:24:48 - INFO - utils.trainer -   Recall: 0.98028
03/26/2026 19:24:48 - INFO - utils.trainer -   F_score: 0.72956
03/26/2026 19:24:48 - INFO - utils.trainer -   Specificity: 0.29296
03/26/2026 19:24:48 - INFO - utils.trainer -   Sensitivity: 0.98028
03/26/2026 19:24:48 - INFO - utils.trainer -   Loss: 0.64691
03/26/2026 19:24:48 - INFO - utils.trainer -    Train loss: 0.67239, Test loss: 0.64691,Epoch time = 1.332s
03/26/2026 19:24:50 - INFO - utils.trainer -   ***** Running evaluation on test0 dataset *****
03/26/2026 19:24:51 - INFO - utils.trainer -   AUC: 0.82442
03/26/2026 19:24:51 - INFO - utils.trainer -   Accuracy: 0.63627
03/26/2026 19:24:51 - INFO - utils.trainer -   Precision: 0.58086
03/26/2026 19:24:51 - INFO - utils.trainer -   Recall: 0.97887
03/26/2026 19:24:51 - INFO - utils.trainer -   F_score: 0.72908
03/26/2026 19:24:51 - INFO - utils.trainer -   Specificity: 0.29366
03/26/2026 19:24:51 - INFO - utils.trainer -   Sensitivity: 0.97887
03/26/2026 19:24:51 - INFO - utils.trainer -   Loss: 0.64316
03/26/2026 19:24:51 - INFO - utils.trainer -    Train loss: 0.66890, Test loss: 0.64316,Epoch time = 1.818s
03/26/2026 19:24:52 - INFO - utils.trainer -   ***** Running evaluation on test0 dataset *****
03/26/2026 19:24:53 - INFO - utils.trainer -   AUC: 0.82556
03/26/2026 19:24:53 - INFO - utils.trainer -   Accuracy: 0.63451
03/26/2026 19:24:53 - INFO - utils.trainer -   Precision: 0.57945
03/26/2026 19:24:53 - INFO - utils.trainer -   Recall: 0.98099
03/26/2026 19:24:53 - INFO - utils.trainer -   F_score: 0.72856
03/26/2026 19:24:53 - INFO - utils.trainer -   Specificity: 0.28803
03/26/2026 19:24:53 - INFO - utils.trainer -   Sensitivity: 0.98099
03/26/2026 19:24:53 - INFO - utils.trainer -   Loss: 0.64179
03/26/2026 19:24:53 - INFO - utils.trainer -    Train loss: 0.66381, Test loss: 0.64179,Epoch time = 1.551s
03/26/2026 19:24:55 - INFO - utils.trainer -   ***** Running evaluation on test0 dataset *****
03/26/2026 19:24:56 - INFO - utils.trainer -   AUC: 0.82662
03/26/2026 19:24:56 - INFO - utils.trainer -   Accuracy: 0.63908
03/26/2026 19:24:56 - INFO - utils.trainer -   Precision: 0.58267
03/26/2026 19:24:56 - INFO - utils.trainer -   Recall: 0.98028
03/26/2026 19:24:56 - INFO - utils.trainer -   F_score: 0.73090
03/26/2026 19:24:56 - INFO - utils.trainer -   Specificity: 0.29789
03/26/2026 19:24:56 - INFO - utils.trainer -   Sensitivity: 0.98028
03/26/2026 19:24:56 - INFO - utils.trainer -   Loss: 0.64022
03/26/2026 19:24:56 - INFO - utils.trainer -    Train loss: 0.66507, Test loss: 0.64022,Epoch time = 2.057s
03/26/2026 19:24:57 - INFO - utils.trainer -   ***** Running evaluation on test0 dataset *****
03/26/2026 19:24:58 - INFO - utils.trainer -   AUC: 0.82755
03/26/2026 19:24:58 - INFO - utils.trainer -   Accuracy: 0.64190
03/26/2026 19:24:58 - INFO - utils.trainer -   Precision: 0.58470
03/26/2026 19:24:58 - INFO - utils.trainer -   Recall: 0.97958
03/26/2026 19:24:58 - INFO - utils.trainer -   F_score: 0.73230
03/26/2026 19:24:58 - INFO - utils.trainer -   Specificity: 0.30423
03/26/2026 19:24:58 - INFO - utils.trainer -   Sensitivity: 0.97958
03/26/2026 19:24:58 - INFO - utils.trainer -   Loss: 0.63867
03/26/2026 19:24:58 - INFO - utils.trainer -    Train loss: 0.66899, Test loss: 0.63867,Epoch time = 1.327s
03/26/2026 19:24:58 - INFO - utils.trainer -   Saving model checkpoint to output_dir/LMDA
03/26/2026 19:25:00 - INFO - utils.trainer -   ***** Running evaluation on test0 dataset *****
03/26/2026 19:25:01 - INFO - utils.trainer -   AUC: 0.82899
03/26/2026 19:25:01 - INFO - utils.trainer -   Accuracy: 0.63908
03/26/2026 19:25:01 - INFO - utils.trainer -   Precision: 0.58267
03/26/2026 19:25:01 - INFO - utils.trainer -   Recall: 0.98028
03/26/2026 19:25:01 - INFO - utils.trainer -   F_score: 0.73090
03/26/2026 19:25:01 - INFO - utils.trainer -   Specificity: 0.29789
03/26/2026 19:25:01 - INFO - utils.trainer -   Sensitivity: 0.98028
03/26/2026 19:25:01 - INFO - utils.trainer -   Loss: 0.63712
03/26/2026 19:25:01 - INFO - utils.trainer -    Train loss: 0.66011, Test loss: 0.63712,Epoch time = 2.149s
03/26/2026 19:25:03 - INFO - utils.trainer -   ***** Running evaluation on test0 dataset *****
03/26/2026 19:25:03 - INFO - utils.trainer -   AUC: 0.82987
03/26/2026 19:25:03 - INFO - utils.trainer -   Accuracy: 0.65211
03/26/2026 19:25:03 - INFO - utils.trainer -   Precision: 0.59294
03/26/2026 19:25:03 - INFO - utils.trainer -   Recall: 0.97042
03/26/2026 19:25:03 - INFO - utils.trainer -   F_score: 0.73611
03/26/2026 19:25:03 - INFO - utils.trainer -   Specificity: 0.33380
03/26/2026 19:25:03 - INFO - utils.trainer -   Sensitivity: 0.97042
03/26/2026 19:25:03 - INFO - utils.trainer -   Loss: 0.63187
03/26/2026 19:25:03 - INFO - utils.trainer -    Train loss: 0.66779, Test loss: 0.63187,Epoch time = 1.289s
03/26/2026 19:25:03 - INFO - utils.trainer -   Saving model checkpoint to output_dir/LMDA
03/26/2026 19:25:05 - INFO - utils.trainer -   ***** Running evaluation on test0 dataset *****
03/26/2026 19:25:06 - INFO - utils.trainer -   AUC: 0.83145
03/26/2026 19:25:06 - INFO - utils.trainer -   Accuracy: 0.63627
03/26/2026 19:25:06 - INFO - utils.trainer -   Precision: 0.58073
03/26/2026 19:25:06 - INFO - utils.trainer -   Recall: 0.98028
03/26/2026 19:25:06 - INFO - utils.trainer -   F_score: 0.72937
03/26/2026 19:25:06 - INFO - utils.trainer -   Specificity: 0.29225
03/26/2026 19:25:06 - INFO - utils.trainer -   Sensitivity: 0.98028
03/26/2026 19:25:06 - INFO - utils.trainer -   Loss: 0.63605
03/26/2026 19:25:06 - INFO - utils.trainer -    Train loss: 0.66222, Test loss: 0.63605,Epoch time = 1.850s
03/26/2026 19:25:08 - INFO - utils.trainer -   ***** Running evaluation on test0 dataset *****
03/26/2026 19:25:09 - INFO - utils.trainer -   AUC: 0.83160
03/26/2026 19:25:09 - INFO - utils.trainer -   Accuracy: 0.64648
03/26/2026 19:25:09 - INFO - utils.trainer -   Precision: 0.58859
03/26/2026 19:25:09 - INFO - utils.trainer -   Recall: 0.97324
03/26/2026 19:25:09 - INFO - utils.trainer -   F_score: 0.73355
03/26/2026 19:25:09 - INFO - utils.trainer -   Specificity: 0.31972
03/26/2026 19:25:09 - INFO - utils.trainer -   Sensitivity: 0.97324
03/26/2026 19:25:09 - INFO - utils.trainer -   Loss: 0.63307
03/26/2026 19:25:09 - INFO - utils.trainer -    Train loss: 0.66087, Test loss: 0.63307,Epoch time = 1.468s
03/26/2026 19:25:11 - INFO - utils.trainer -   ***** Running evaluation on test0 dataset *****
03/26/2026 19:25:12 - INFO - utils.trainer -   AUC: 0.83176
03/26/2026 19:25:12 - INFO - utils.trainer -   Accuracy: 0.65035
03/26/2026 19:25:12 - INFO - utils.trainer -   Precision: 0.59151
03/26/2026 19:25:12 - INFO - utils.trainer -   Recall: 0.97183
03/26/2026 19:25:12 - INFO - utils.trainer -   F_score: 0.73541
03/26/2026 19:25:12 - INFO - utils.trainer -   Specificity: 0.32887
03/26/2026 19:25:12 - INFO - utils.trainer -   Sensitivity: 0.97183
03/26/2026 19:25:12 - INFO - utils.trainer -   Loss: 0.62981
03/26/2026 19:25:12 - INFO - utils.trainer -    Train loss: 0.65808, Test loss: 0.62981,Epoch time = 2.391s
03/26/2026 19:25:14 - INFO - utils.trainer -   ***** Running evaluation on test0 dataset *****
03/26/2026 19:25:15 - INFO - utils.trainer -   AUC: 0.83284
03/26/2026 19:25:15 - INFO - utils.trainer -   Accuracy: 0.64401
03/26/2026 19:25:15 - INFO - utils.trainer -   Precision: 0.58662
03/26/2026 19:25:15 - INFO - utils.trainer -   Recall: 0.97535
03/26/2026 19:25:15 - INFO - utils.trainer -   F_score: 0.73261
03/26/2026 19:25:15 - INFO - utils.trainer -   Specificity: 0.31268
03/26/2026 19:25:15 - INFO - utils.trainer -   Sensitivity: 0.97535
03/26/2026 19:25:15 - INFO - utils.trainer -   Loss: 0.62933
03/26/2026 19:25:15 - INFO - utils.trainer -    Train loss: 0.65741, Test loss: 0.62933,Epoch time = 1.899s
03/26/2026 19:25:17 - INFO - utils.trainer -   ***** Running evaluation on test0 dataset *****
03/26/2026 19:25:17 - INFO - utils.trainer -   AUC: 0.83329
03/26/2026 19:25:17 - INFO - utils.trainer -   Accuracy: 0.65106
03/26/2026 19:25:17 - INFO - utils.trainer -   Precision: 0.59210
03/26/2026 19:25:17 - INFO - utils.trainer -   Recall: 0.97113
03/26/2026 19:25:17 - INFO - utils.trainer -   F_score: 0.73566
03/26/2026 19:25:17 - INFO - utils.trainer -   Specificity: 0.33099
03/26/2026 19:25:17 - INFO - utils.trainer -   Sensitivity: 0.97113
03/26/2026 19:25:17 - INFO - utils.trainer -   Loss: 0.62415
03/26/2026 19:25:17 - INFO - utils.trainer -    Train loss: 0.65490, Test loss: 0.62415,Epoch time = 1.795s
03/26/2026 19:25:19 - INFO - utils.trainer -   ***** Running evaluation on test0 dataset *****
03/26/2026 19:25:20 - INFO - utils.trainer -   AUC: 0.83317
03/26/2026 19:25:20 - INFO - utils.trainer -   Accuracy: 0.64718
03/26/2026 19:25:20 - INFO - utils.trainer -   Precision: 0.58916
03/26/2026 19:25:20 - INFO - utils.trainer -   Recall: 0.97254
03/26/2026 19:25:20 - INFO - utils.trainer -   F_score: 0.73379
03/26/2026 19:25:20 - INFO - utils.trainer -   Specificity: 0.32183
03/26/2026 19:25:20 - INFO - utils.trainer -   Sensitivity: 0.97254
03/26/2026 19:25:20 - INFO - utils.trainer -   Loss: 0.62594
03/26/2026 19:25:20 - INFO - utils.trainer -    Train loss: 0.65852, Test loss: 0.62594,Epoch time = 1.993s
03/26/2026 19:25:22 - INFO - utils.trainer -   ***** Running evaluation on test0 dataset *****
03/26/2026 19:25:23 - INFO - utils.trainer -   AUC: 0.83374
03/26/2026 19:25:23 - INFO - utils.trainer -   Accuracy: 0.65035
03/26/2026 19:25:23 - INFO - utils.trainer -   Precision: 0.59151
03/26/2026 19:25:23 - INFO - utils.trainer -   Recall: 0.97183
03/26/2026 19:25:23 - INFO - utils.trainer -   F_score: 0.73541
03/26/2026 19:25:23 - INFO - utils.trainer -   Specificity: 0.32887
03/26/2026 19:25:23 - INFO - utils.trainer -   Sensitivity: 0.97183
03/26/2026 19:25:23 - INFO - utils.trainer -   Loss: 0.62419
03/26/2026 19:25:23 - INFO - utils.trainer -    Train loss: 0.65768, Test loss: 0.62419,Epoch time = 1.980s
03/26/2026 19:25:25 - INFO - utils.trainer -   ***** Running evaluation on test0 dataset *****
03/26/2026 19:25:26 - INFO - utils.trainer -   AUC: 0.83426
03/26/2026 19:25:26 - INFO - utils.trainer -   Accuracy: 0.65176
03/26/2026 19:25:26 - INFO - utils.trainer -   Precision: 0.59261
03/26/2026 19:25:26 - INFO - utils.trainer -   Recall: 0.97113
03/26/2026 19:25:26 - INFO - utils.trainer -   F_score: 0.73606
03/26/2026 19:25:26 - INFO - utils.trainer -   Specificity: 0.33239
03/26/2026 19:25:26 - INFO - utils.trainer -   Sensitivity: 0.97113
03/26/2026 19:25:26 - INFO - utils.trainer -   Loss: 0.62496
03/26/2026 19:25:26 - INFO - utils.trainer -    Train loss: 0.64991, Test loss: 0.62496,Epoch time = 1.369s
03/26/2026 19:25:27 - INFO - utils.trainer -   ***** Running evaluation on test0 dataset *****
03/26/2026 19:25:28 - INFO - utils.trainer -   AUC: 0.83517
03/26/2026 19:25:28 - INFO - utils.trainer -   Accuracy: 0.66197
03/26/2026 19:25:28 - INFO - utils.trainer -   Precision: 0.60132
03/26/2026 19:25:28 - INFO - utils.trainer -   Recall: 0.96127
03/26/2026 19:25:28 - INFO - utils.trainer -   F_score: 0.73984
03/26/2026 19:25:28 - INFO - utils.trainer -   Specificity: 0.36268
03/26/2026 19:25:28 - INFO - utils.trainer -   Sensitivity: 0.96127
03/26/2026 19:25:28 - INFO - utils.trainer -   Loss: 0.61890
03/26/2026 19:25:28 - INFO - utils.trainer -    Train loss: 0.65173, Test loss: 0.61890,Epoch time = 1.782s
03/26/2026 19:25:28 - INFO - utils.trainer -   Saving model checkpoint to output_dir/LMDA
03/26/2026 19:25:30 - INFO - utils.trainer -   ***** Running evaluation on test0 dataset *****
03/26/2026 19:25:31 - INFO - utils.trainer -   AUC: 0.83557
03/26/2026 19:25:31 - INFO - utils.trainer -   Accuracy: 0.66232
03/26/2026 19:25:31 - INFO - utils.trainer -   Precision: 0.60159
03/26/2026 19:25:31 - INFO - utils.trainer -   Recall: 0.96127
03/26/2026 19:25:31 - INFO - utils.trainer -   F_score: 0.74004
03/26/2026 19:25:31 - INFO - utils.trainer -   Specificity: 0.36338
03/26/2026 19:25:31 - INFO - utils.trainer -   Sensitivity: 0.96127
03/26/2026 19:25:31 - INFO - utils.trainer -   Loss: 0.61990
03/26/2026 19:25:31 - INFO - utils.trainer -    Train loss: 0.64745, Test loss: 0.61990,Epoch time = 1.795s
03/26/2026 19:25:31 - INFO - utils.trainer -   Saving model checkpoint to output_dir/LMDA
03/26/2026 19:25:32 - INFO - utils.trainer -   ***** Running evaluation on test0 dataset *****
03/26/2026 19:25:33 - INFO - utils.trainer -   AUC: 0.83660
03/26/2026 19:25:33 - INFO - utils.trainer -   Accuracy: 0.66056
03/26/2026 19:25:33 - INFO - utils.trainer -   Precision: 0.59939
03/26/2026 19:25:33 - INFO - utils.trainer -   Recall: 0.96831
03/26/2026 19:25:33 - INFO - utils.trainer -   F_score: 0.74044
03/26/2026 19:25:33 - INFO - utils.trainer -   Specificity: 0.35282
03/26/2026 19:25:33 - INFO - utils.trainer -   Sensitivity: 0.96831
03/26/2026 19:25:33 - INFO - utils.trainer -   Loss: 0.61861
03/26/2026 19:25:33 - INFO - utils.trainer -    Train loss: 0.64481, Test loss: 0.61861,Epoch time = 1.523s
03/26/2026 19:25:35 - INFO - utils.trainer -   ***** Running evaluation on test0 dataset *****
03/26/2026 19:25:36 - INFO - utils.trainer -   AUC: 0.83648
03/26/2026 19:25:36 - INFO - utils.trainer -   Accuracy: 0.67324
03/26/2026 19:25:36 - INFO - utils.trainer -   Precision: 0.61162
03/26/2026 19:25:36 - INFO - utils.trainer -   Recall: 0.94930
03/26/2026 19:25:36 - INFO - utils.trainer -   F_score: 0.74393
03/26/2026 19:25:36 - INFO - utils.trainer -   Specificity: 0.39718
03/26/2026 19:25:36 - INFO - utils.trainer -   Sensitivity: 0.94930
03/26/2026 19:25:36 - INFO - utils.trainer -   Loss: 0.61287
03/26/2026 19:25:36 - INFO - utils.trainer -    Train loss: 0.65042, Test loss: 0.61287,Epoch time = 1.676s
03/26/2026 19:25:36 - INFO - utils.trainer -   Saving model checkpoint to output_dir/LMDA
03/26/2026 19:25:37 - INFO - utils.trainer -   ***** Running evaluation on test0 dataset *****
03/26/2026 19:25:38 - INFO - utils.trainer -   AUC: 0.83728
03/26/2026 19:25:38 - INFO - utils.trainer -   Accuracy: 0.66725
03/26/2026 19:25:38 - INFO - utils.trainer -   Precision: 0.60626
03/26/2026 19:25:38 - INFO - utils.trainer -   Recall: 0.95423
03/26/2026 19:25:38 - INFO - utils.trainer -   F_score: 0.74145
03/26/2026 19:25:38 - INFO - utils.trainer -   Specificity: 0.38028
03/26/2026 19:25:38 - INFO - utils.trainer -   Sensitivity: 0.95423
03/26/2026 19:25:38 - INFO - utils.trainer -   Loss: 0.61299
03/26/2026 19:25:38 - INFO - utils.trainer -    Train loss: 0.64852, Test loss: 0.61299,Epoch time = 1.301s
03/26/2026 19:25:39 - INFO - utils.trainer -   ***** Running evaluation on test0 dataset *****
03/26/2026 19:25:40 - INFO - utils.trainer -   AUC: 0.83786
03/26/2026 19:25:40 - INFO - utils.trainer -   Accuracy: 0.66021
03/26/2026 19:25:40 - INFO - utils.trainer -   Precision: 0.59922
03/26/2026 19:25:40 - INFO - utils.trainer -   Recall: 0.96761
03/26/2026 19:25:40 - INFO - utils.trainer -   F_score: 0.74010
03/26/2026 19:25:40 - INFO - utils.trainer -   Specificity: 0.35282
03/26/2026 19:25:40 - INFO - utils.trainer -   Sensitivity: 0.96761
03/26/2026 19:25:40 - INFO - utils.trainer -   Loss: 0.61551
03/26/2026 19:25:40 - INFO - utils.trainer -    Train loss: 0.65114, Test loss: 0.61551,Epoch time = 1.483s
03/26/2026 19:25:43 - INFO - utils.trainer -   ***** Running evaluation on test0 dataset *****
03/26/2026 19:25:43 - INFO - utils.trainer -   AUC: 0.83761
03/26/2026 19:25:43 - INFO - utils.trainer -   Accuracy: 0.66444
03/26/2026 19:25:43 - INFO - utils.trainer -   Precision: 0.60373
03/26/2026 19:25:43 - INFO - utils.trainer -   Recall: 0.95704
03/26/2026 19:25:43 - INFO - utils.trainer -   F_score: 0.74040
03/26/2026 19:25:43 - INFO - utils.trainer -   Specificity: 0.37183
03/26/2026 19:25:43 - INFO - utils.trainer -   Sensitivity: 0.95704
03/26/2026 19:25:43 - INFO - utils.trainer -   Loss: 0.61277
03/26/2026 19:25:43 - INFO - utils.trainer -    Train loss: 0.64460, Test loss: 0.61277,Epoch time = 2.211s
03/26/2026 19:25:45 - INFO - utils.trainer -   ***** Running evaluation on test0 dataset *****
03/26/2026 19:25:46 - INFO - utils.trainer -   AUC: 0.83767
03/26/2026 19:25:46 - INFO - utils.trainer -   Accuracy: 0.68134
03/26/2026 19:25:46 - INFO - utils.trainer -   Precision: 0.61839
03/26/2026 19:25:46 - INFO - utils.trainer -   Recall: 0.94718
03/26/2026 19:25:46 - INFO - utils.trainer -   F_score: 0.74826
03/26/2026 19:25:46 - INFO - utils.trainer -   Specificity: 0.41549
03/26/2026 19:25:46 - INFO - utils.trainer -   Sensitivity: 0.94718
03/26/2026 19:25:46 - INFO - utils.trainer -   Loss: 0.61079
03/26/2026 19:25:46 - INFO - utils.trainer -    Train loss: 0.64292, Test loss: 0.61079,Epoch time = 1.536s
03/26/2026 19:25:46 - INFO - utils.trainer -   Saving model checkpoint to output_dir/LMDA
03/26/2026 19:25:47 - INFO - utils.trainer -   ***** Running evaluation on test0 dataset *****
03/26/2026 19:25:48 - INFO - utils.trainer -   AUC: 0.83884
03/26/2026 19:25:48 - INFO - utils.trainer -   Accuracy: 0.68275
03/26/2026 19:25:48 - INFO - utils.trainer -   Precision: 0.61931
03/26/2026 19:25:48 - INFO - utils.trainer -   Recall: 0.94859
03/26/2026 19:25:48 - INFO - utils.trainer -   F_score: 0.74937
03/26/2026 19:25:48 - INFO - utils.trainer -   Specificity: 0.41690
03/26/2026 19:25:48 - INFO - utils.trainer -   Sensitivity: 0.94859
03/26/2026 19:25:48 - INFO - utils.trainer -   Loss: 0.60827
03/26/2026 19:25:48 - INFO - utils.trainer -    Train loss: 0.64084, Test loss: 0.60827,Epoch time = 1.410s
03/26/2026 19:25:48 - INFO - utils.trainer -   Saving model checkpoint to output_dir/LMDA
03/26/2026 19:25:49 - INFO - utils.trainer -   ***** Running evaluation on test0 dataset *****
03/26/2026 19:25:50 - INFO - utils.trainer -   AUC: 0.83971
03/26/2026 19:25:50 - INFO - utils.trainer -   Accuracy: 0.67183
03/26/2026 19:25:50 - INFO - utils.trainer -   Precision: 0.61001
03/26/2026 19:25:50 - INFO - utils.trainer -   Recall: 0.95282
03/26/2026 19:25:50 - INFO - utils.trainer -   F_score: 0.74382
03/26/2026 19:25:50 - INFO - utils.trainer -   Specificity: 0.39085
03/26/2026 19:25:50 - INFO - utils.trainer -   Sensitivity: 0.95282
03/26/2026 19:25:50 - INFO - utils.trainer -   Loss: 0.60821
03/26/2026 19:25:50 - INFO - utils.trainer -    Train loss: 0.64423, Test loss: 0.60821,Epoch time = 1.492s
03/26/2026 19:25:52 - INFO - utils.trainer -   ***** Running evaluation on test0 dataset *****
03/26/2026 19:25:53 - INFO - utils.trainer -   AUC: 0.83969
03/26/2026 19:25:53 - INFO - utils.trainer -   Accuracy: 0.68099
03/26/2026 19:25:53 - INFO - utils.trainer -   Precision: 0.61778
03/26/2026 19:25:53 - INFO - utils.trainer -   Recall: 0.94930
03/26/2026 19:25:53 - INFO - utils.trainer -   F_score: 0.74847
03/26/2026 19:25:53 - INFO - utils.trainer -   Specificity: 0.41268
03/26/2026 19:25:53 - INFO - utils.trainer -   Sensitivity: 0.94930
03/26/2026 19:25:53 - INFO - utils.trainer -   Loss: 0.60696
03/26/2026 19:25:53 - INFO - utils.trainer -    Train loss: 0.64719, Test loss: 0.60696,Epoch time = 1.581s
03/26/2026 19:25:54 - INFO - utils.trainer -   ***** Running evaluation on test0 dataset *****
03/26/2026 19:25:55 - INFO - utils.trainer -   AUC: 0.84029
03/26/2026 19:25:55 - INFO - utils.trainer -   Accuracy: 0.67465
03/26/2026 19:25:55 - INFO - utils.trainer -   Precision: 0.61222
03/26/2026 19:25:55 - INFO - utils.trainer -   Recall: 0.95282
03/26/2026 19:25:55 - INFO - utils.trainer -   F_score: 0.74545
03/26/2026 19:25:55 - INFO - utils.trainer -   Specificity: 0.39648
03/26/2026 19:25:55 - INFO - utils.trainer -   Sensitivity: 0.95282
03/26/2026 19:25:55 - INFO - utils.trainer -   Loss: 0.60702
03/26/2026 19:25:55 - INFO - utils.trainer -    Train loss: 0.63980, Test loss: 0.60702,Epoch time = 1.360s
03/26/2026 19:25:57 - INFO - utils.trainer -   ***** Running evaluation on test0 dataset *****
03/26/2026 19:25:58 - INFO - utils.trainer -   AUC: 0.83949
03/26/2026 19:25:58 - INFO - utils.trainer -   Accuracy: 0.69542
03/26/2026 19:25:58 - INFO - utils.trainer -   Precision: 0.63233
03/26/2026 19:25:58 - INFO - utils.trainer -   Recall: 0.93380
03/26/2026 19:25:58 - INFO - utils.trainer -   F_score: 0.75405
03/26/2026 19:25:58 - INFO - utils.trainer -   Specificity: 0.45704
03/26/2026 19:25:58 - INFO - utils.trainer -   Sensitivity: 0.93380
03/26/2026 19:25:58 - INFO - utils.trainer -   Loss: 0.60366
03/26/2026 19:25:58 - INFO - utils.trainer -    Train loss: 0.64182, Test loss: 0.60366,Epoch time = 1.879s
03/26/2026 19:25:58 - INFO - utils.trainer -   Saving model checkpoint to output_dir/LMDA
03/26/2026 19:25:59 - INFO - utils.trainer -   ***** Running evaluation on test0 dataset *****
03/26/2026 19:26:00 - INFO - utils.trainer -   AUC: 0.84059
03/26/2026 19:26:00 - INFO - utils.trainer -   Accuracy: 0.68768
03/26/2026 19:26:00 - INFO - utils.trainer -   Precision: 0.62424
03/26/2026 19:26:00 - INFO - utils.trainer -   Recall: 0.94296
03/26/2026 19:26:00 - INFO - utils.trainer -   F_score: 0.75119
03/26/2026 19:26:00 - INFO - utils.trainer -   Specificity: 0.43239
03/26/2026 19:26:00 - INFO - utils.trainer -   Sensitivity: 0.94296
03/26/2026 19:26:00 - INFO - utils.trainer -   Loss: 0.60363
03/26/2026 19:26:00 - INFO - utils.trainer -    Train loss: 0.64077, Test loss: 0.60363,Epoch time = 1.337s
03/26/2026 19:26:02 - INFO - utils.trainer -   ***** Running evaluation on test0 dataset *****
03/26/2026 19:26:03 - INFO - utils.trainer -   AUC: 0.84118
03/26/2026 19:26:03 - INFO - utils.trainer -   Accuracy: 0.68169
03/26/2026 19:26:03 - INFO - utils.trainer -   Precision: 0.61857
03/26/2026 19:26:03 - INFO - utils.trainer -   Recall: 0.94789
03/26/2026 19:26:03 - INFO - utils.trainer -   F_score: 0.74861
03/26/2026 19:26:03 - INFO - utils.trainer -   Specificity: 0.41549
03/26/2026 19:26:03 - INFO - utils.trainer -   Sensitivity: 0.94789
03/26/2026 19:26:03 - INFO - utils.trainer -   Loss: 0.60342
03/26/2026 19:26:03 - INFO - utils.trainer -    Train loss: 0.64072, Test loss: 0.60342,Epoch time = 1.943s
03/26/2026 19:26:04 - INFO - utils.trainer -   ***** Running evaluation on test0 dataset *****
03/26/2026 19:26:05 - INFO - utils.trainer -   AUC: 0.84104
03/26/2026 19:26:05 - INFO - utils.trainer -   Accuracy: 0.69331
03/26/2026 19:26:05 - INFO - utils.trainer -   Precision: 0.63003
03/26/2026 19:26:05 - INFO - utils.trainer -   Recall: 0.93662
03/26/2026 19:26:05 - INFO - utils.trainer -   F_score: 0.75333
03/26/2026 19:26:05 - INFO - utils.trainer -   Specificity: 0.45000
03/26/2026 19:26:05 - INFO - utils.trainer -   Sensitivity: 0.93662
03/26/2026 19:26:05 - INFO - utils.trainer -   Loss: 0.60265
03/26/2026 19:26:05 - INFO - utils.trainer -    Train loss: 0.64199, Test loss: 0.60265,Epoch time = 1.368s
03/26/2026 19:26:07 - INFO - utils.trainer -   ***** Running evaluation on test0 dataset *****
03/26/2026 19:26:07 - INFO - utils.trainer -   AUC: 0.84140
03/26/2026 19:26:07 - INFO - utils.trainer -   Accuracy: 0.69190
03/26/2026 19:26:07 - INFO - utils.trainer -   Precision: 0.62872
03/26/2026 19:26:07 - INFO - utils.trainer -   Recall: 0.93732
03/26/2026 19:26:07 - INFO - utils.trainer -   F_score: 0.75262
03/26/2026 19:26:07 - INFO - utils.trainer -   Specificity: 0.44648
03/26/2026 19:26:07 - INFO - utils.trainer -   Sensitivity: 0.93732
03/26/2026 19:26:07 - INFO - utils.trainer -   Loss: 0.60378
03/26/2026 19:26:07 - INFO - utils.trainer -    Train loss: 0.63691, Test loss: 0.60378,Epoch time = 1.799s
03/26/2026 19:26:09 - INFO - utils.trainer -   ***** Running evaluation on test0 dataset *****
03/26/2026 19:26:10 - INFO - utils.trainer -   AUC: 0.84253
03/26/2026 19:26:10 - INFO - utils.trainer -   Accuracy: 0.68451
03/26/2026 19:26:10 - INFO - utils.trainer -   Precision: 0.62096
03/26/2026 19:26:10 - INFO - utils.trainer -   Recall: 0.94718
03/26/2026 19:26:10 - INFO - utils.trainer -   F_score: 0.75014
03/26/2026 19:26:10 - INFO - utils.trainer -   Specificity: 0.42183
03/26/2026 19:26:10 - INFO - utils.trainer -   Sensitivity: 0.94718
03/26/2026 19:26:10 - INFO - utils.trainer -   Loss: 0.60293
03/26/2026 19:26:10 - INFO - utils.trainer -    Train loss: 0.63778, Test loss: 0.60293,Epoch time = 1.343s
03/26/2026 19:26:11 - INFO - utils.trainer -   ***** Running evaluation on test0 dataset *****
03/26/2026 19:26:12 - INFO - utils.trainer -   AUC: 0.84281
03/26/2026 19:26:12 - INFO - utils.trainer -   Accuracy: 0.67500
03/26/2026 19:26:12 - INFO - utils.trainer -   Precision: 0.61189
03/26/2026 19:26:12 - INFO - utils.trainer -   Recall: 0.95704
03/26/2026 19:26:12 - INFO - utils.trainer -   F_score: 0.74650
03/26/2026 19:26:12 - INFO - utils.trainer -   Specificity: 0.39296
03/26/2026 19:26:12 - INFO - utils.trainer -   Sensitivity: 0.95704
03/26/2026 19:26:12 - INFO - utils.trainer -   Loss: 0.60327
03/26/2026 19:26:12 - INFO - utils.trainer -    Train loss: 0.64025, Test loss: 0.60327,Epoch time = 1.358s
03/26/2026 19:26:13 - INFO - utils.trainer -   ***** Running evaluation on test0 dataset *****
03/26/2026 19:26:14 - INFO - utils.trainer -   AUC: 0.84237
03/26/2026 19:26:14 - INFO - utils.trainer -   Accuracy: 0.69366
03/26/2026 19:26:14 - INFO - utils.trainer -   Precision: 0.63021
03/26/2026 19:26:14 - INFO - utils.trainer -   Recall: 0.93732
03/26/2026 19:26:14 - INFO - utils.trainer -   F_score: 0.75368
03/26/2026 19:26:14 - INFO - utils.trainer -   Specificity: 0.45000
03/26/2026 19:26:14 - INFO - utils.trainer -   Sensitivity: 0.93732
03/26/2026 19:26:14 - INFO - utils.trainer -   Loss: 0.60153
03/26/2026 19:26:14 - INFO - utils.trainer -    Train loss: 0.63974, Test loss: 0.60153,Epoch time = 1.302s
03/26/2026 19:26:16 - INFO - utils.trainer -   ***** Running evaluation on test0 dataset *****
03/26/2026 19:26:16 - INFO - utils.trainer -   AUC: 0.84275
03/26/2026 19:26:16 - INFO - utils.trainer -   Accuracy: 0.69437
03/26/2026 19:26:16 - INFO - utils.trainer -   Precision: 0.63093
03/26/2026 19:26:16 - INFO - utils.trainer -   Recall: 0.93662
03/26/2026 19:26:16 - INFO - utils.trainer -   F_score: 0.75397
03/26/2026 19:26:16 - INFO - utils.trainer -   Specificity: 0.45211
03/26/2026 19:26:16 - INFO - utils.trainer -   Sensitivity: 0.93662
03/26/2026 19:26:16 - INFO - utils.trainer -   Loss: 0.59857
03/26/2026 19:26:16 - INFO - utils.trainer -    Train loss: 0.63425, Test loss: 0.59857,Epoch time = 1.541s
03/26/2026 19:26:18 - INFO - utils.trainer -   ***** Running evaluation on test0 dataset *****
03/26/2026 19:26:19 - INFO - utils.trainer -   AUC: 0.84272
03/26/2026 19:26:19 - INFO - utils.trainer -   Accuracy: 0.69155
03/26/2026 19:26:19 - INFO - utils.trainer -   Precision: 0.62782
03/26/2026 19:26:19 - INFO - utils.trainer -   Recall: 0.94085
03/26/2026 19:26:19 - INFO - utils.trainer -   F_score: 0.75310
03/26/2026 19:26:19 - INFO - utils.trainer -   Specificity: 0.44225
03/26/2026 19:26:19 - INFO - utils.trainer -   Sensitivity: 0.94085
03/26/2026 19:26:19 - INFO - utils.trainer -   Loss: 0.59973
03/26/2026 19:26:19 - INFO - utils.trainer -    Train loss: 0.63397, Test loss: 0.59973,Epoch time = 1.870s
03/26/2026 19:26:21 - INFO - utils.trainer -   ***** Running evaluation on test0 dataset *****
03/26/2026 19:26:22 - INFO - utils.trainer -   AUC: 0.84274
03/26/2026 19:26:22 - INFO - utils.trainer -   Accuracy: 0.70704
03/26/2026 19:26:22 - INFO - utils.trainer -   Precision: 0.64384
03/26/2026 19:26:22 - INFO - utils.trainer -   Recall: 0.92676
03/26/2026 19:26:22 - INFO - utils.trainer -   F_score: 0.75982
03/26/2026 19:26:22 - INFO - utils.trainer -   Specificity: 0.48732
03/26/2026 19:26:22 - INFO - utils.trainer -   Sensitivity: 0.92676
03/26/2026 19:26:22 - INFO - utils.trainer -   Loss: 0.59607
03/26/2026 19:26:22 - INFO - utils.trainer -    Train loss: 0.63318, Test loss: 0.59607,Epoch time = 1.879s
03/26/2026 19:26:22 - INFO - utils.trainer -   Saving model checkpoint to output_dir/LMDA
03/26/2026 19:26:23 - INFO - utils.trainer -   ***** Running evaluation on test0 dataset *****
03/26/2026 19:26:24 - INFO - utils.trainer -   AUC: 0.84355
03/26/2026 19:26:24 - INFO - utils.trainer -   Accuracy: 0.69577
03/26/2026 19:26:24 - INFO - utils.trainer -   Precision: 0.63213
03/26/2026 19:26:24 - INFO - utils.trainer -   Recall: 0.93662
03/26/2026 19:26:24 - INFO - utils.trainer -   F_score: 0.75482
03/26/2026 19:26:24 - INFO - utils.trainer -   Specificity: 0.45493
03/26/2026 19:26:24 - INFO - utils.trainer -   Sensitivity: 0.93662
03/26/2026 19:26:24 - INFO - utils.trainer -   Loss: 0.59742
03/26/2026 19:26:24 - INFO - utils.trainer -    Train loss: 0.63481, Test loss: 0.59742,Epoch time = 1.624s
03/26/2026 19:26:26 - INFO - utils.trainer -   ***** Running evaluation on test0 dataset *****
03/26/2026 19:26:26 - INFO - utils.trainer -   AUC: 0.84388
03/26/2026 19:26:26 - INFO - utils.trainer -   Accuracy: 0.69613
03/26/2026 19:26:26 - INFO - utils.trainer -   Precision: 0.63268
03/26/2026 19:26:26 - INFO - utils.trainer -   Recall: 0.93521
03/26/2026 19:26:26 - INFO - utils.trainer -   F_score: 0.75476
03/26/2026 19:26:26 - INFO - utils.trainer -   Specificity: 0.45704
03/26/2026 19:26:26 - INFO - utils.trainer -   Sensitivity: 0.93521
03/26/2026 19:26:26 - INFO - utils.trainer -   Loss: 0.59697
03/26/2026 19:26:26 - INFO - utils.trainer -    Train loss: 0.63248, Test loss: 0.59697,Epoch time = 1.309s
03/26/2026 19:26:28 - INFO - utils.trainer -   ***** Running evaluation on test0 dataset *****
03/26/2026 19:26:29 - INFO - utils.trainer -   AUC: 0.84440
03/26/2026 19:26:29 - INFO - utils.trainer -   Accuracy: 0.69401
03/26/2026 19:26:29 - INFO - utils.trainer -   Precision: 0.62989
03/26/2026 19:26:29 - INFO - utils.trainer -   Recall: 0.94085
03/26/2026 19:26:29 - INFO - utils.trainer -   F_score: 0.75459
03/26/2026 19:26:29 - INFO - utils.trainer -   Specificity: 0.44718
03/26/2026 19:26:29 - INFO - utils.trainer -   Sensitivity: 0.94085
03/26/2026 19:26:29 - INFO - utils.trainer -   Loss: 0.59687
03/26/2026 19:26:29 - INFO - utils.trainer -    Train loss: 0.63056, Test loss: 0.59687,Epoch time = 1.961s
03/26/2026 19:26:31 - INFO - utils.trainer -   ***** Running evaluation on test0 dataset *****
03/26/2026 19:26:32 - INFO - utils.trainer -   AUC: 0.84417
03/26/2026 19:26:32 - INFO - utils.trainer -   Accuracy: 0.69613
03/26/2026 19:26:32 - INFO - utils.trainer -   Precision: 0.63268
03/26/2026 19:26:32 - INFO - utils.trainer -   Recall: 0.93521
03/26/2026 19:26:32 - INFO - utils.trainer -   F_score: 0.75476
03/26/2026 19:26:32 - INFO - utils.trainer -   Specificity: 0.45704
03/26/2026 19:26:32 - INFO - utils.trainer -   Sensitivity: 0.93521
03/26/2026 19:26:32 - INFO - utils.trainer -   Loss: 0.59770
03/26/2026 19:26:32 - INFO - utils.trainer -    Train loss: 0.63005, Test loss: 0.59770,Epoch time = 1.695s
03/26/2026 19:26:34 - INFO - utils.trainer -   ***** Running evaluation on test0 dataset *****
03/26/2026 19:26:35 - INFO - utils.trainer -   AUC: 0.84490
03/26/2026 19:26:35 - INFO - utils.trainer -   Accuracy: 0.70282
03/26/2026 19:26:35 - INFO - utils.trainer -   Precision: 0.63926
03/26/2026 19:26:35 - INFO - utils.trainer -   Recall: 0.93099
03/26/2026 19:26:35 - INFO - utils.trainer -   F_score: 0.75803
03/26/2026 19:26:35 - INFO - utils.trainer -   Specificity: 0.47465
03/26/2026 19:26:35 - INFO - utils.trainer -   Sensitivity: 0.93099
03/26/2026 19:26:35 - INFO - utils.trainer -   Loss: 0.59436
03/26/2026 19:26:35 - INFO - utils.trainer -    Train loss: 0.63077, Test loss: 0.59436,Epoch time = 2.050s
03/26/2026 19:26:36 - INFO - utils.trainer -   ***** Running evaluation on test0 dataset *****
03/26/2026 19:26:37 - INFO - utils.trainer -   AUC: 0.84488
03/26/2026 19:26:37 - INFO - utils.trainer -   Accuracy: 0.69577
03/26/2026 19:26:37 - INFO - utils.trainer -   Precision: 0.63150
03/26/2026 19:26:37 - INFO - utils.trainer -   Recall: 0.94014
03/26/2026 19:26:37 - INFO - utils.trainer -   F_score: 0.75552
03/26/2026 19:26:37 - INFO - utils.trainer -   Specificity: 0.45141
03/26/2026 19:26:37 - INFO - utils.trainer -   Sensitivity: 0.94014
03/26/2026 19:26:37 - INFO - utils.trainer -   Loss: 0.59649
03/26/2026 19:26:37 - INFO - utils.trainer -    Train loss: 0.63127, Test loss: 0.59649,Epoch time = 1.708s
03/26/2026 19:26:39 - INFO - utils.trainer -   ***** Running evaluation on test0 dataset *****
03/26/2026 19:26:40 - INFO - utils.trainer -   AUC: 0.84417
03/26/2026 19:26:40 - INFO - utils.trainer -   Accuracy: 0.71303
03/26/2026 19:26:40 - INFO - utils.trainer -   Precision: 0.64968
03/26/2026 19:26:40 - INFO - utils.trainer -   Recall: 0.92465
03/26/2026 19:26:40 - INFO - utils.trainer -   F_score: 0.76315
03/26/2026 19:26:40 - INFO - utils.trainer -   Specificity: 0.50141
03/26/2026 19:26:40 - INFO - utils.trainer -   Sensitivity: 0.92465
03/26/2026 19:26:40 - INFO - utils.trainer -   Loss: 0.59449
03/26/2026 19:26:40 - INFO - utils.trainer -    Train loss: 0.62836, Test loss: 0.59449,Epoch time = 1.926s
03/26/2026 19:26:40 - INFO - utils.trainer -   Saving model checkpoint to output_dir/LMDA
03/26/2026 19:26:41 - INFO - utils.trainer -   ***** Running evaluation on test0 dataset *****
03/26/2026 19:26:42 - INFO - utils.trainer -   AUC: 0.84544
03/26/2026 19:26:42 - INFO - utils.trainer -   Accuracy: 0.69824
03/26/2026 19:26:42 - INFO - utils.trainer -   Precision: 0.63437
03/26/2026 19:26:42 - INFO - utils.trainer -   Recall: 0.93592
03/26/2026 19:26:42 - INFO - utils.trainer -   F_score: 0.75619
03/26/2026 19:26:42 - INFO - utils.trainer -   Specificity: 0.46056
03/26/2026 19:26:42 - INFO - utils.trainer -   Sensitivity: 0.93592
03/26/2026 19:26:42 - INFO - utils.trainer -   Loss: 0.59438
03/26/2026 19:26:42 - INFO - utils.trainer -    Train loss: 0.62912, Test loss: 0.59438,Epoch time = 1.538s
03/26/2026 19:26:44 - INFO - utils.trainer -   ***** Running evaluation on test0 dataset *****
03/26/2026 19:26:45 - INFO - utils.trainer -   AUC: 0.84561
03/26/2026 19:26:45 - INFO - utils.trainer -   Accuracy: 0.69225
03/26/2026 19:26:45 - INFO - utils.trainer -   Precision: 0.62757
03/26/2026 19:26:45 - INFO - utils.trainer -   Recall: 0.94577
03/26/2026 19:26:45 - INFO - utils.trainer -   F_score: 0.75449
03/26/2026 19:26:45 - INFO - utils.trainer -   Specificity: 0.43873
03/26/2026 19:26:45 - INFO - utils.trainer -   Sensitivity: 0.94577
03/26/2026 19:26:45 - INFO - utils.trainer -   Loss: 0.59730
03/26/2026 19:26:45 - INFO - utils.trainer -    Train loss: 0.62944, Test loss: 0.59730,Epoch time = 1.564s
03/26/2026 19:26:46 - INFO - utils.trainer -   ***** Running evaluation on test0 dataset *****
03/26/2026 19:26:47 - INFO - utils.trainer -   AUC: 0.84609
03/26/2026 19:26:47 - INFO - utils.trainer -   Accuracy: 0.71338
03/26/2026 19:26:47 - INFO - utils.trainer -   Precision: 0.65000
03/26/2026 19:26:47 - INFO - utils.trainer -   Recall: 0.92465
03/26/2026 19:26:47 - INFO - utils.trainer -   F_score: 0.76337
03/26/2026 19:26:47 - INFO - utils.trainer -   Specificity: 0.50211
03/26/2026 19:26:47 - INFO - utils.trainer -   Sensitivity: 0.92465
03/26/2026 19:26:47 - INFO - utils.trainer -   Loss: 0.59288
03/26/2026 19:26:47 - INFO - utils.trainer -    Train loss: 0.62765, Test loss: 0.59288,Epoch time = 1.552s
03/26/2026 19:26:47 - INFO - utils.trainer -   Saving model checkpoint to output_dir/LMDA
03/26/2026 19:26:49 - INFO - utils.trainer -   ***** Running evaluation on test0 dataset *****
03/26/2026 19:26:50 - INFO - utils.trainer -   AUC: 0.84604
03/26/2026 19:26:50 - INFO - utils.trainer -   Accuracy: 0.71620
03/26/2026 19:26:50 - INFO - utils.trainer -   Precision: 0.65458
03/26/2026 19:26:50 - INFO - utils.trainer -   Recall: 0.91549
03/26/2026 19:26:50 - INFO - utils.trainer -   F_score: 0.76336
03/26/2026 19:26:50 - INFO - utils.trainer -   Specificity: 0.51690
03/26/2026 19:26:50 - INFO - utils.trainer -   Sensitivity: 0.91549
03/26/2026 19:26:50 - INFO - utils.trainer -   Loss: 0.59236
03/26/2026 19:26:50 - INFO - utils.trainer -    Train loss: 0.62703, Test loss: 0.59236,Epoch time = 1.896s
03/26/2026 19:26:50 - INFO - utils.trainer -   Saving model checkpoint to output_dir/LMDA
03/26/2026 19:26:51 - INFO - utils.trainer -   ***** Running evaluation on test0 dataset *****
03/26/2026 19:26:52 - INFO - utils.trainer -   AUC: 0.84590
03/26/2026 19:26:52 - INFO - utils.trainer -   Accuracy: 0.73627
03/26/2026 19:26:52 - INFO - utils.trainer -   Precision: 0.68712
03/26/2026 19:26:52 - INFO - utils.trainer -   Recall: 0.86761
03/26/2026 19:26:52 - INFO - utils.trainer -   F_score: 0.76688
03/26/2026 19:26:52 - INFO - utils.trainer -   Specificity: 0.60493
03/26/2026 19:26:52 - INFO - utils.trainer -   Sensitivity: 0.86761
03/26/2026 19:26:52 - INFO - utils.trainer -   Loss: 0.58806
03/26/2026 19:26:52 - INFO - utils.trainer -    Train loss: 0.63143, Test loss: 0.58806,Epoch time = 1.439s
03/26/2026 19:26:52 - INFO - utils.trainer -   Saving model checkpoint to output_dir/LMDA
03/26/2026 19:26:54 - INFO - utils.trainer -   ***** Running evaluation on test0 dataset *****
03/26/2026 19:26:55 - INFO - utils.trainer -   AUC: 0.84646
03/26/2026 19:26:55 - INFO - utils.trainer -   Accuracy: 0.71232
03/26/2026 19:26:55 - INFO - utils.trainer -   Precision: 0.64904
03/26/2026 19:26:55 - INFO - utils.trainer -   Recall: 0.92465
03/26/2026 19:26:55 - INFO - utils.trainer -   F_score: 0.76271
03/26/2026 19:26:55 - INFO - utils.trainer -   Specificity: 0.50000
03/26/2026 19:26:55 - INFO - utils.trainer -   Sensitivity: 0.92465
03/26/2026 19:26:55 - INFO - utils.trainer -   Loss: 0.59122
03/26/2026 19:26:55 - INFO - utils.trainer -    Train loss: 0.62083, Test loss: 0.59122,Epoch time = 1.684s
03/26/2026 19:26:56 - INFO - utils.trainer -   ***** Running evaluation on test0 dataset *****
03/26/2026 19:26:57 - INFO - utils.trainer -   AUC: 0.84646
03/26/2026 19:26:57 - INFO - utils.trainer -   Accuracy: 0.71655
03/26/2026 19:26:57 - INFO - utils.trainer -   Precision: 0.65554
03/26/2026 19:26:57 - INFO - utils.trainer -   Recall: 0.91268
03/26/2026 19:26:57 - INFO - utils.trainer -   F_score: 0.76303
03/26/2026 19:26:57 - INFO - utils.trainer -   Specificity: 0.52042
03/26/2026 19:26:57 - INFO - utils.trainer -   Sensitivity: 0.91268
03/26/2026 19:26:57 - INFO - utils.trainer -   Loss: 0.59144
03/26/2026 19:26:57 - INFO - utils.trainer -    Train loss: 0.62739, Test loss: 0.59144,Epoch time = 1.576s
03/26/2026 19:26:59 - INFO - utils.trainer -   ***** Running evaluation on test0 dataset *****
03/26/2026 19:27:00 - INFO - utils.trainer -   AUC: 0.84663
03/26/2026 19:27:00 - INFO - utils.trainer -   Accuracy: 0.71549
03/26/2026 19:27:00 - INFO - utils.trainer -   Precision: 0.65209
03/26/2026 19:27:00 - INFO - utils.trainer -   Recall: 0.92394
03/26/2026 19:27:00 - INFO - utils.trainer -   F_score: 0.76457
03/26/2026 19:27:00 - INFO - utils.trainer -   Specificity: 0.50704
03/26/2026 19:27:00 - INFO - utils.trainer -   Sensitivity: 0.92394
03/26/2026 19:27:00 - INFO - utils.trainer -   Loss: 0.59214
03/26/2026 19:27:00 - INFO - utils.trainer -    Train loss: 0.62846, Test loss: 0.59214,Epoch time = 2.337s
03/26/2026 19:27:02 - INFO - utils.trainer -   ***** Running evaluation on test0 dataset *****
03/26/2026 19:27:03 - INFO - utils.trainer -   AUC: 0.84687
03/26/2026 19:27:03 - INFO - utils.trainer -   Accuracy: 0.71831
03/26/2026 19:27:03 - INFO - utils.trainer -   Precision: 0.65768
03/26/2026 19:27:03 - INFO - utils.trainer -   Recall: 0.91056
03/26/2026 19:27:03 - INFO - utils.trainer -   F_score: 0.76373
03/26/2026 19:27:03 - INFO - utils.trainer -   Specificity: 0.52606
03/26/2026 19:27:03 - INFO - utils.trainer -   Sensitivity: 0.91056
03/26/2026 19:27:03 - INFO - utils.trainer -   Loss: 0.58927
03/26/2026 19:27:03 - INFO - utils.trainer -    Train loss: 0.62715, Test loss: 0.58927,Epoch time = 1.721s
03/26/2026 19:27:04 - INFO - utils.trainer -   ***** Running evaluation on test0 dataset *****
03/26/2026 19:27:05 - INFO - utils.trainer -   AUC: 0.84705
03/26/2026 19:27:05 - INFO - utils.trainer -   Accuracy: 0.71549
03/26/2026 19:27:05 - INFO - utils.trainer -   Precision: 0.65315
03/26/2026 19:27:05 - INFO - utils.trainer -   Recall: 0.91901
03/26/2026 19:27:05 - INFO - utils.trainer -   F_score: 0.76360
03/26/2026 19:27:05 - INFO - utils.trainer -   Specificity: 0.51197
03/26/2026 19:27:05 - INFO - utils.trainer -   Sensitivity: 0.91901
03/26/2026 19:27:05 - INFO - utils.trainer -   Loss: 0.58982
03/26/2026 19:27:05 - INFO - utils.trainer -    Train loss: 0.62577, Test loss: 0.58982,Epoch time = 1.132s
03/26/2026 19:27:07 - INFO - utils.trainer -   ***** Running evaluation on test0 dataset *****
03/26/2026 19:27:08 - INFO - utils.trainer -   AUC: 0.84695
03/26/2026 19:27:08 - INFO - utils.trainer -   Accuracy: 0.70634
03/26/2026 19:27:08 - INFO - utils.trainer -   Precision: 0.64223
03/26/2026 19:27:08 - INFO - utils.trainer -   Recall: 0.93169
03/26/2026 19:27:08 - INFO - utils.trainer -   F_score: 0.76034
03/26/2026 19:27:08 - INFO - utils.trainer -   Specificity: 0.48099
03/26/2026 19:27:08 - INFO - utils.trainer -   Sensitivity: 0.93169
03/26/2026 19:27:08 - INFO - utils.trainer -   Loss: 0.59009
03/26/2026 19:27:08 - INFO - utils.trainer -    Train loss: 0.62600, Test loss: 0.59009,Epoch time = 2.209s
03/26/2026 19:27:10 - INFO - utils.trainer -   ***** Running evaluation on test0 dataset *****
03/26/2026 19:27:11 - INFO - utils.trainer -   AUC: 0.84726
03/26/2026 19:27:11 - INFO - utils.trainer -   Accuracy: 0.71655
03/26/2026 19:27:11 - INFO - utils.trainer -   Precision: 0.65445
03/26/2026 19:27:11 - INFO - utils.trainer -   Recall: 0.91761
03/26/2026 19:27:11 - INFO - utils.trainer -   F_score: 0.76400
03/26/2026 19:27:11 - INFO - utils.trainer -   Specificity: 0.51549
03/26/2026 19:27:11 - INFO - utils.trainer -   Sensitivity: 0.91761
03/26/2026 19:27:11 - INFO - utils.trainer -   Loss: 0.58988
03/26/2026 19:27:11 - INFO - utils.trainer -    Train loss: 0.62424, Test loss: 0.58988,Epoch time = 1.403s
03/26/2026 19:27:13 - INFO - utils.trainer -   ***** Running evaluation on test0 dataset *****
03/26/2026 19:27:14 - INFO - utils.trainer -   AUC: 0.84761
03/26/2026 19:27:14 - INFO - utils.trainer -   Accuracy: 0.72746
03/26/2026 19:27:14 - INFO - utils.trainer -   Precision: 0.67018
03/26/2026 19:27:14 - INFO - utils.trainer -   Recall: 0.89577
03/26/2026 19:27:14 - INFO - utils.trainer -   F_score: 0.76673
03/26/2026 19:27:14 - INFO - utils.trainer -   Specificity: 0.55915
03/26/2026 19:27:14 - INFO - utils.trainer -   Sensitivity: 0.89577
03/26/2026 19:27:14 - INFO - utils.trainer -   Loss: 0.58718
03/26/2026 19:27:14 - INFO - utils.trainer -    Train loss: 0.62816, Test loss: 0.58718,Epoch time = 2.037s
03/26/2026 19:27:15 - INFO - utils.trainer -   ***** Running evaluation on test0 dataset *****
03/26/2026 19:27:16 - INFO - utils.trainer -   AUC: 0.84720
03/26/2026 19:27:16 - INFO - utils.trainer -   Accuracy: 0.72042
03/26/2026 19:27:16 - INFO - utils.trainer -   Precision: 0.65969
03/26/2026 19:27:16 - INFO - utils.trainer -   Recall: 0.91056
03/26/2026 19:27:16 - INFO - utils.trainer -   F_score: 0.76509
03/26/2026 19:27:16 - INFO - utils.trainer -   Specificity: 0.53028
03/26/2026 19:27:16 - INFO - utils.trainer -   Sensitivity: 0.91056
03/26/2026 19:27:16 - INFO - utils.trainer -   Loss: 0.58801
03/26/2026 19:27:16 - INFO - utils.trainer -    Train loss: 0.62906, Test loss: 0.58801,Epoch time = 1.513s
03/26/2026 19:27:18 - INFO - utils.trainer -   ***** Running evaluation on test0 dataset *****
03/26/2026 19:27:19 - INFO - utils.trainer -   AUC: 0.84770
03/26/2026 19:27:19 - INFO - utils.trainer -   Accuracy: 0.72394
03/26/2026 19:27:19 - INFO - utils.trainer -   Precision: 0.66443
03/26/2026 19:27:19 - INFO - utils.trainer -   Recall: 0.90493
03/26/2026 19:27:19 - INFO - utils.trainer -   F_score: 0.76625
03/26/2026 19:27:19 - INFO - utils.trainer -   Specificity: 0.54296
03/26/2026 19:27:19 - INFO - utils.trainer -   Sensitivity: 0.90493
03/26/2026 19:27:19 - INFO - utils.trainer -   Loss: 0.58842
03/26/2026 19:27:19 - INFO - utils.trainer -    Train loss: 0.62556, Test loss: 0.58842,Epoch time = 2.042s
03/26/2026 19:27:20 - INFO - utils.trainer -   ***** Running evaluation on test0 dataset *****
03/26/2026 19:27:21 - INFO - utils.trainer -   AUC: 0.84791
03/26/2026 19:27:21 - INFO - utils.trainer -   Accuracy: 0.72500
03/26/2026 19:27:21 - INFO - utils.trainer -   Precision: 0.66649
03/26/2026 19:27:21 - INFO - utils.trainer -   Recall: 0.90070
03/26/2026 19:27:21 - INFO - utils.trainer -   F_score: 0.76610
03/26/2026 19:27:21 - INFO - utils.trainer -   Specificity: 0.54930
03/26/2026 19:27:21 - INFO - utils.trainer -   Sensitivity: 0.90070
03/26/2026 19:27:21 - INFO - utils.trainer -   Loss: 0.58748
03/26/2026 19:27:21 - INFO - utils.trainer -    Train loss: 0.62237, Test loss: 0.58748,Epoch time = 1.383s
03/26/2026 19:27:23 - INFO - utils.trainer -   ***** Running evaluation on test0 dataset *****
03/26/2026 19:27:24 - INFO - utils.trainer -   AUC: 0.84762
03/26/2026 19:27:24 - INFO - utils.trainer -   Accuracy: 0.72113
03/26/2026 19:27:24 - INFO - utils.trainer -   Precision: 0.66070
03/26/2026 19:27:24 - INFO - utils.trainer -   Recall: 0.90915
03/26/2026 19:27:24 - INFO - utils.trainer -   F_score: 0.76526
03/26/2026 19:27:24 - INFO - utils.trainer -   Specificity: 0.53310
03/26/2026 19:27:24 - INFO - utils.trainer -   Sensitivity: 0.90915
03/26/2026 19:27:24 - INFO - utils.trainer -   Loss: 0.58782
03/26/2026 19:27:24 - INFO - utils.trainer -    Train loss: 0.62645, Test loss: 0.58782,Epoch time = 1.887s
03/26/2026 19:27:25 - INFO - utils.trainer -   ***** Running evaluation on test0 dataset *****
03/26/2026 19:27:26 - INFO - utils.trainer -   AUC: 0.84750
03/26/2026 19:27:26 - INFO - utils.trainer -   Accuracy: 0.72148
03/26/2026 19:27:26 - INFO - utils.trainer -   Precision: 0.66103
03/26/2026 19:27:26 - INFO - utils.trainer -   Recall: 0.90915
03/26/2026 19:27:26 - INFO - utils.trainer -   F_score: 0.76549
03/26/2026 19:27:26 - INFO - utils.trainer -   Specificity: 0.53380
03/26/2026 19:27:26 - INFO - utils.trainer -   Sensitivity: 0.90915
03/26/2026 19:27:26 - INFO - utils.trainer -   Loss: 0.58670
03/26/2026 19:27:26 - INFO - utils.trainer -    Train loss: 0.62888, Test loss: 0.58670,Epoch time = 1.297s
03/26/2026 19:27:28 - INFO - utils.trainer -   ***** Running evaluation on test0 dataset *****
03/26/2026 19:27:29 - INFO - utils.trainer -   AUC: 0.84742
03/26/2026 19:27:29 - INFO - utils.trainer -   Accuracy: 0.71937
03/26/2026 19:27:29 - INFO - utils.trainer -   Precision: 0.65852
03/26/2026 19:27:29 - INFO - utils.trainer -   Recall: 0.91127
03/26/2026 19:27:29 - INFO - utils.trainer -   F_score: 0.76455
03/26/2026 19:27:29 - INFO - utils.trainer -   Specificity: 0.52746
03/26/2026 19:27:29 - INFO - utils.trainer -   Sensitivity: 0.91127
03/26/2026 19:27:29 - INFO - utils.trainer -   Loss: 0.58631
03/26/2026 19:27:29 - INFO - utils.trainer -    Train loss: 0.62898, Test loss: 0.58631,Epoch time = 1.827s
03/26/2026 19:27:30 - INFO - utils.trainer -   ***** Running evaluation on test0 dataset *****
03/26/2026 19:27:31 - INFO - utils.trainer -   AUC: 0.84789
03/26/2026 19:27:31 - INFO - utils.trainer -   Accuracy: 0.73239
03/26/2026 19:27:31 - INFO - utils.trainer -   Precision: 0.67857
03/26/2026 19:27:31 - INFO - utils.trainer -   Recall: 0.88310
03/26/2026 19:27:31 - INFO - utils.trainer -   F_score: 0.76744
03/26/2026 19:27:31 - INFO - utils.trainer -   Specificity: 0.58169
03/26/2026 19:27:31 - INFO - utils.trainer -   Sensitivity: 0.88310
03/26/2026 19:27:31 - INFO - utils.trainer -   Loss: 0.58603
03/26/2026 19:27:31 - INFO - utils.trainer -    Train loss: 0.61913, Test loss: 0.58603,Epoch time = 1.417s
03/26/2026 19:27:33 - INFO - utils.trainer -   ***** Running evaluation on test0 dataset *****
03/26/2026 19:27:33 - INFO - utils.trainer -   AUC: 0.84789
03/26/2026 19:27:33 - INFO - utils.trainer -   Accuracy: 0.72007
03/26/2026 19:27:33 - INFO - utils.trainer -   Precision: 0.65871
03/26/2026 19:27:33 - INFO - utils.trainer -   Recall: 0.91338
03/26/2026 19:27:33 - INFO - utils.trainer -   F_score: 0.76542
03/26/2026 19:27:33 - INFO - utils.trainer -   Specificity: 0.52676
03/26/2026 19:27:33 - INFO - utils.trainer -   Sensitivity: 0.91338
03/26/2026 19:27:33 - INFO - utils.trainer -   Loss: 0.58794
03/26/2026 19:27:33 - INFO - utils.trainer -    Train loss: 0.62060, Test loss: 0.58794,Epoch time = 1.316s
03/26/2026 19:27:35 - INFO - utils.trainer -   ***** Running evaluation on test0 dataset *****
03/26/2026 19:27:36 - INFO - utils.trainer -   AUC: 0.84757
03/26/2026 19:27:36 - INFO - utils.trainer -   Accuracy: 0.71761
03/26/2026 19:27:36 - INFO - utils.trainer -   Precision: 0.65590
03/26/2026 19:27:36 - INFO - utils.trainer -   Recall: 0.91549
03/26/2026 19:27:36 - INFO - utils.trainer -   F_score: 0.76426
03/26/2026 19:27:36 - INFO - utils.trainer -   Specificity: 0.51972
03/26/2026 19:27:36 - INFO - utils.trainer -   Sensitivity: 0.91549
03/26/2026 19:27:36 - INFO - utils.trainer -   Loss: 0.58835
03/26/2026 19:27:36 - INFO - utils.trainer -    Train loss: 0.62688, Test loss: 0.58835,Epoch time = 1.794s
03/26/2026 19:27:38 - INFO - utils.trainer -   ***** Running evaluation on test0 dataset *****
03/26/2026 19:27:39 - INFO - utils.trainer -   AUC: 0.84795
03/26/2026 19:27:39 - INFO - utils.trainer -   Accuracy: 0.72782
03/26/2026 19:27:39 - INFO - utils.trainer -   Precision: 0.67017
03/26/2026 19:27:39 - INFO - utils.trainer -   Recall: 0.89718
03/26/2026 19:27:39 - INFO - utils.trainer -   F_score: 0.76724
03/26/2026 19:27:39 - INFO - utils.trainer -   Specificity: 0.55845
03/26/2026 19:27:39 - INFO - utils.trainer -   Sensitivity: 0.89718
03/26/2026 19:27:39 - INFO - utils.trainer -   Loss: 0.58542
03/26/2026 19:27:39 - INFO - utils.trainer -    Train loss: 0.62022, Test loss: 0.58542,Epoch time = 1.831s
03/26/2026 19:27:41 - INFO - utils.trainer -   ***** Running evaluation on test0 dataset *****
03/26/2026 19:27:41 - INFO - utils.trainer -   AUC: 0.84784
03/26/2026 19:27:41 - INFO - utils.trainer -   Accuracy: 0.72183
03/26/2026 19:27:41 - INFO - utils.trainer -   Precision: 0.66071
03/26/2026 19:27:41 - INFO - utils.trainer -   Recall: 0.91197
03/26/2026 19:27:41 - INFO - utils.trainer -   F_score: 0.76627
03/26/2026 19:27:41 - INFO - utils.trainer -   Specificity: 0.53169
03/26/2026 19:27:41 - INFO - utils.trainer -   Sensitivity: 0.91197
03/26/2026 19:27:41 - INFO - utils.trainer -   Loss: 0.58603
03/26/2026 19:27:41 - INFO - utils.trainer -    Train loss: 0.62486, Test loss: 0.58603,Epoch time = 1.773s
03/26/2026 19:27:43 - INFO - utils.trainer -   ***** Running evaluation on test0 dataset *****
03/26/2026 19:27:44 - INFO - utils.trainer -   AUC: 0.84824
03/26/2026 19:27:44 - INFO - utils.trainer -   Accuracy: 0.71761
03/26/2026 19:27:44 - INFO - utils.trainer -   Precision: 0.65606
03/26/2026 19:27:44 - INFO - utils.trainer -   Recall: 0.91479
03/26/2026 19:27:44 - INFO - utils.trainer -   F_score: 0.76412
03/26/2026 19:27:44 - INFO - utils.trainer -   Specificity: 0.52042
03/26/2026 19:27:44 - INFO - utils.trainer -   Sensitivity: 0.91479
03/26/2026 19:27:44 - INFO - utils.trainer -   Loss: 0.58497
03/26/2026 19:27:44 - INFO - utils.trainer -    Train loss: 0.62684, Test loss: 0.58497,Epoch time = 1.888s
03/26/2026 19:27:46 - INFO - utils.trainer -   ***** Running evaluation on test0 dataset *****
03/26/2026 19:27:47 - INFO - utils.trainer -   AUC: 0.84875
03/26/2026 19:27:47 - INFO - utils.trainer -   Accuracy: 0.72394
03/26/2026 19:27:47 - INFO - utils.trainer -   Precision: 0.66545
03/26/2026 19:27:47 - INFO - utils.trainer -   Recall: 0.90070
03/26/2026 19:27:47 - INFO - utils.trainer -   F_score: 0.76541
03/26/2026 19:27:47 - INFO - utils.trainer -   Specificity: 0.54718
03/26/2026 19:27:47 - INFO - utils.trainer -   Sensitivity: 0.90070
03/26/2026 19:27:47 - INFO - utils.trainer -   Loss: 0.58609
03/26/2026 19:27:47 - INFO - utils.trainer -    Train loss: 0.62557, Test loss: 0.58609,Epoch time = 1.861s
03/26/2026 19:27:48 - INFO - utils.trainer -   ***** Running evaluation on test0 dataset *****
03/26/2026 19:27:49 - INFO - utils.trainer -   AUC: 0.84862
03/26/2026 19:27:49 - INFO - utils.trainer -   Accuracy: 0.71690
03/26/2026 19:27:49 - INFO - utils.trainer -   Precision: 0.65323
03/26/2026 19:27:49 - INFO - utils.trainer -   Recall: 0.92465
03/26/2026 19:27:49 - INFO - utils.trainer -   F_score: 0.76560
03/26/2026 19:27:49 - INFO - utils.trainer -   Specificity: 0.50915
03/26/2026 19:27:49 - INFO - utils.trainer -   Sensitivity: 0.92465
03/26/2026 19:27:49 - INFO - utils.trainer -   Loss: 0.58668
03/26/2026 19:27:49 - INFO - utils.trainer -    Train loss: 0.62495, Test loss: 0.58668,Epoch time = 1.184s
03/26/2026 19:27:51 - INFO - utils.trainer -   ***** Running evaluation on test0 dataset *****
03/26/2026 19:27:52 - INFO - utils.trainer -   AUC: 0.84833
03/26/2026 19:27:52 - INFO - utils.trainer -   Accuracy: 0.72113
03/26/2026 19:27:52 - INFO - utils.trainer -   Precision: 0.65972
03/26/2026 19:27:52 - INFO - utils.trainer -   Recall: 0.91338
03/26/2026 19:27:52 - INFO - utils.trainer -   F_score: 0.76610
03/26/2026 19:27:52 - INFO - utils.trainer -   Specificity: 0.52887
03/26/2026 19:27:52 - INFO - utils.trainer -   Sensitivity: 0.91338
03/26/2026 19:27:52 - INFO - utils.trainer -   Loss: 0.58469
03/26/2026 19:27:52 - INFO - utils.trainer -    Train loss: 0.62770, Test loss: 0.58469,Epoch time = 1.760s
03/26/2026 19:27:53 - INFO - utils.trainer -   ***** Running evaluation on test0 dataset *****
03/26/2026 19:27:54 - INFO - utils.trainer -   AUC: 0.84889
03/26/2026 19:27:54 - INFO - utils.trainer -   Accuracy: 0.72782
03/26/2026 19:27:54 - INFO - utils.trainer -   Precision: 0.67144
03/26/2026 19:27:54 - INFO - utils.trainer -   Recall: 0.89225
03/26/2026 19:27:54 - INFO - utils.trainer -   F_score: 0.76625
03/26/2026 19:27:54 - INFO - utils.trainer -   Specificity: 0.56338
03/26/2026 19:27:54 - INFO - utils.trainer -   Sensitivity: 0.89225
03/26/2026 19:27:54 - INFO - utils.trainer -   Loss: 0.58510
03/26/2026 19:27:54 - INFO - utils.trainer -    Train loss: 0.63112, Test loss: 0.58510,Epoch time = 1.392s
03/26/2026 19:27:55 - INFO - utils.trainer -   ***** Running evaluation on test0 dataset *****
03/26/2026 19:27:56 - INFO - utils.trainer -   AUC: 0.84896
03/26/2026 19:27:56 - INFO - utils.trainer -   Accuracy: 0.72218
03/26/2026 19:27:56 - INFO - utils.trainer -   Precision: 0.66171
03/26/2026 19:27:56 - INFO - utils.trainer -   Recall: 0.90915
03/26/2026 19:27:56 - INFO - utils.trainer -   F_score: 0.76594
03/26/2026 19:27:56 - INFO - utils.trainer -   Specificity: 0.53521
03/26/2026 19:27:56 - INFO - utils.trainer -   Sensitivity: 0.90915
03/26/2026 19:27:56 - INFO - utils.trainer -   Loss: 0.58601
03/26/2026 19:27:56 - INFO - utils.trainer -    Train loss: 0.61991, Test loss: 0.58601,Epoch time = 1.246s
03/26/2026 19:27:57 - INFO - utils.trainer -   ***** Running evaluation on test0 dataset *****
03/26/2026 19:27:58 - INFO - utils.trainer -   AUC: 0.84890
03/26/2026 19:27:58 - INFO - utils.trainer -   Accuracy: 0.72782
03/26/2026 19:27:58 - INFO - utils.trainer -   Precision: 0.67107
03/26/2026 19:27:58 - INFO - utils.trainer -   Recall: 0.89366
03/26/2026 19:27:58 - INFO - utils.trainer -   F_score: 0.76654
03/26/2026 19:27:58 - INFO - utils.trainer -   Specificity: 0.56197
03/26/2026 19:27:58 - INFO - utils.trainer -   Sensitivity: 0.89366
03/26/2026 19:27:58 - INFO - utils.trainer -   Loss: 0.58688
03/26/2026 19:27:58 - INFO - utils.trainer -    Train loss: 0.62231, Test loss: 0.58688,Epoch time = 1.703s
03/26/2026 19:28:00 - INFO - utils.trainer -   ***** Running evaluation on test0 dataset *****
03/26/2026 19:28:00 - INFO - utils.trainer -   AUC: 0.84876
03/26/2026 19:28:00 - INFO - utils.trainer -   Accuracy: 0.71796
03/26/2026 19:28:00 - INFO - utils.trainer -   Precision: 0.65592
03/26/2026 19:28:00 - INFO - utils.trainer -   Recall: 0.91690
03/26/2026 19:28:00 - INFO - utils.trainer -   F_score: 0.76476
03/26/2026 19:28:00 - INFO - utils.trainer -   Specificity: 0.51901
03/26/2026 19:28:00 - INFO - utils.trainer -   Sensitivity: 0.91690
03/26/2026 19:28:00 - INFO - utils.trainer -   Loss: 0.58595
03/26/2026 19:28:00 - INFO - utils.trainer -    Train loss: 0.62751, Test loss: 0.58595,Epoch time = 1.299s
03/26/2026 19:28:03 - INFO - utils.trainer -   ***** Running evaluation on test0 dataset *****
03/26/2026 19:28:04 - INFO - utils.trainer -   AUC: 0.84921
03/26/2026 19:28:04 - INFO - utils.trainer -   Accuracy: 0.74507
03/26/2026 19:28:04 - INFO - utils.trainer -   Precision: 0.70838
03/26/2026 19:28:04 - INFO - utils.trainer -   Recall: 0.83310
03/26/2026 19:28:04 - INFO - utils.trainer -   F_score: 0.76570
03/26/2026 19:28:04 - INFO - utils.trainer -   Specificity: 0.65704
03/26/2026 19:28:04 - INFO - utils.trainer -   Sensitivity: 0.83310
03/26/2026 19:28:04 - INFO - utils.trainer -   Loss: 0.58245
03/26/2026 19:28:04 - INFO - utils.trainer -    Train loss: 0.62395, Test loss: 0.58245,Epoch time = 2.340s
03/26/2026 19:28:04 - INFO - utils.trainer -   Saving model checkpoint to output_dir/LMDA
03/26/2026 19:28:05 - INFO - utils.trainer -   ***** Running evaluation on test0 dataset *****
03/26/2026 19:28:06 - INFO - utils.trainer -   AUC: 0.84931
03/26/2026 19:28:06 - INFO - utils.trainer -   Accuracy: 0.74049
03/26/2026 19:28:06 - INFO - utils.trainer -   Precision: 0.68899
03/26/2026 19:28:06 - INFO - utils.trainer -   Recall: 0.87676
03/26/2026 19:28:06 - INFO - utils.trainer -   F_score: 0.77161
03/26/2026 19:28:06 - INFO - utils.trainer -   Specificity: 0.60423
03/26/2026 19:28:06 - INFO - utils.trainer -   Sensitivity: 0.87676
03/26/2026 19:28:06 - INFO - utils.trainer -   Loss: 0.58422
03/26/2026 19:28:06 - INFO - utils.trainer -    Train loss: 0.61757, Test loss: 0.58422,Epoch time = 1.385s
03/26/2026 19:28:08 - INFO - utils.trainer -   ***** Running evaluation on test0 dataset *****
03/26/2026 19:28:09 - INFO - utils.trainer -   AUC: 0.84902
03/26/2026 19:28:09 - INFO - utils.trainer -   Accuracy: 0.72641
03/26/2026 19:28:09 - INFO - utils.trainer -   Precision: 0.66912
03/26/2026 19:28:09 - INFO - utils.trainer -   Recall: 0.89577
03/26/2026 19:28:09 - INFO - utils.trainer -   F_score: 0.76603
03/26/2026 19:28:09 - INFO - utils.trainer -   Specificity: 0.55704
03/26/2026 19:28:09 - INFO - utils.trainer -   Sensitivity: 0.89577
03/26/2026 19:28:09 - INFO - utils.trainer -   Loss: 0.58521
03/26/2026 19:28:09 - INFO - utils.trainer -    Train loss: 0.62677, Test loss: 0.58521,Epoch time = 1.760s
03/26/2026 19:28:10 - INFO - utils.trainer -   ***** Running evaluation on test0 dataset *****
03/26/2026 19:28:11 - INFO - utils.trainer -   AUC: 0.84922
03/26/2026 19:28:11 - INFO - utils.trainer -   Accuracy: 0.73239
03/26/2026 19:28:11 - INFO - utils.trainer -   Precision: 0.67723
03/26/2026 19:28:11 - INFO - utils.trainer -   Recall: 0.88803
03/26/2026 19:28:11 - INFO - utils.trainer -   F_score: 0.76843
03/26/2026 19:28:11 - INFO - utils.trainer -   Specificity: 0.57676
03/26/2026 19:28:11 - INFO - utils.trainer -   Sensitivity: 0.88803
03/26/2026 19:28:11 - INFO - utils.trainer -   Loss: 0.58247
03/26/2026 19:28:11 - INFO - utils.trainer -    Train loss: 0.62227, Test loss: 0.58247,Epoch time = 1.842s
03/26/2026 19:28:13 - INFO - utils.trainer -   ***** Running evaluation on test0 dataset *****
03/26/2026 19:28:14 - INFO - utils.trainer -   AUC: 0.84932
03/26/2026 19:28:14 - INFO - utils.trainer -   Accuracy: 0.73380
03/26/2026 19:28:14 - INFO - utils.trainer -   Precision: 0.67985
03/26/2026 19:28:14 - INFO - utils.trainer -   Recall: 0.88380
03/26/2026 19:28:14 - INFO - utils.trainer -   F_score: 0.76852
03/26/2026 19:28:14 - INFO - utils.trainer -   Specificity: 0.58380
03/26/2026 19:28:14 - INFO - utils.trainer -   Sensitivity: 0.88380
03/26/2026 19:28:14 - INFO - utils.trainer -   Loss: 0.58287
03/26/2026 19:28:14 - INFO - utils.trainer -    Train loss: 0.62350, Test loss: 0.58287,Epoch time = 1.967s
03/26/2026 19:28:16 - INFO - utils.trainer -   ***** Running evaluation on test0 dataset *****
03/26/2026 19:28:17 - INFO - utils.trainer -   AUC: 0.84921
03/26/2026 19:28:17 - INFO - utils.trainer -   Accuracy: 0.73662
03/26/2026 19:28:17 - INFO - utils.trainer -   Precision: 0.68401
03/26/2026 19:28:17 - INFO - utils.trainer -   Recall: 0.87958
03/26/2026 19:28:17 - INFO - utils.trainer -   F_score: 0.76956
03/26/2026 19:28:17 - INFO - utils.trainer -   Specificity: 0.59366
03/26/2026 19:28:17 - INFO - utils.trainer -   Sensitivity: 0.87958
03/26/2026 19:28:17 - INFO - utils.trainer -   Loss: 0.58377
03/26/2026 19:28:17 - INFO - utils.trainer -    Train loss: 0.61998, Test loss: 0.58377,Epoch time = 2.396s
03/26/2026 19:28:19 - INFO - utils.trainer -   ***** Running evaluation on test0 dataset *****
03/26/2026 19:28:20 - INFO - utils.trainer -   AUC: 0.84958
03/26/2026 19:28:20 - INFO - utils.trainer -   Accuracy: 0.73873
03/26/2026 19:28:20 - INFO - utils.trainer -   Precision: 0.68709
03/26/2026 19:28:20 - INFO - utils.trainer -   Recall: 0.87676
03/26/2026 19:28:20 - INFO - utils.trainer -   F_score: 0.77042
03/26/2026 19:28:20 - INFO - utils.trainer -   Specificity: 0.60070
03/26/2026 19:28:20 - INFO - utils.trainer -   Sensitivity: 0.87676
03/26/2026 19:28:20 - INFO - utils.trainer -   Loss: 0.58220
03/26/2026 19:28:20 - INFO - utils.trainer -    Train loss: 0.62027, Test loss: 0.58220,Epoch time = 1.313s
03/26/2026 19:28:22 - INFO - utils.trainer -   ***** Running evaluation on test0 dataset *****
03/26/2026 19:28:22 - INFO - utils.trainer -   AUC: 0.84945
03/26/2026 19:28:22 - INFO - utils.trainer -   Accuracy: 0.72465
03/26/2026 19:28:22 - INFO - utils.trainer -   Precision: 0.66667
03/26/2026 19:28:22 - INFO - utils.trainer -   Recall: 0.89859
03/26/2026 19:28:22 - INFO - utils.trainer -   F_score: 0.76545
03/26/2026 19:28:22 - INFO - utils.trainer -   Specificity: 0.55070
03/26/2026 19:28:22 - INFO - utils.trainer -   Sensitivity: 0.89859
03/26/2026 19:28:22 - INFO - utils.trainer -   Loss: 0.58336
03/26/2026 19:28:22 - INFO - utils.trainer -    Train loss: 0.62592, Test loss: 0.58336,Epoch time = 1.921s
03/26/2026 19:28:25 - INFO - utils.trainer -   ***** Running evaluation on test0 dataset *****
03/26/2026 19:28:25 - INFO - utils.trainer -   AUC: 0.84960
03/26/2026 19:28:25 - INFO - utils.trainer -   Accuracy: 0.73873
03/26/2026 19:28:25 - INFO - utils.trainer -   Precision: 0.68626
03/26/2026 19:28:25 - INFO - utils.trainer -   Recall: 0.87958
03/26/2026 19:28:25 - INFO - utils.trainer -   F_score: 0.77099
03/26/2026 19:28:25 - INFO - utils.trainer -   Specificity: 0.59789
03/26/2026 19:28:25 - INFO - utils.trainer -   Sensitivity: 0.87958
03/26/2026 19:28:25 - INFO - utils.trainer -   Loss: 0.58239
03/26/2026 19:28:25 - INFO - utils.trainer -    Train loss: 0.61765, Test loss: 0.58239,Epoch time = 2.031s
03/26/2026 19:28:27 - INFO - utils.trainer -   ***** Running evaluation on test0 dataset *****
03/26/2026 19:28:28 - INFO - utils.trainer -   AUC: 0.84958
03/26/2026 19:28:28 - INFO - utils.trainer -   Accuracy: 0.73732
03/26/2026 19:28:28 - INFO - utils.trainer -   Precision: 0.68415
03/26/2026 19:28:28 - INFO - utils.trainer -   Recall: 0.88169
03/26/2026 19:28:28 - INFO - utils.trainer -   F_score: 0.77046
03/26/2026 19:28:28 - INFO - utils.trainer -   Specificity: 0.59296
03/26/2026 19:28:28 - INFO - utils.trainer -   Sensitivity: 0.88169
03/26/2026 19:28:28 - INFO - utils.trainer -   Loss: 0.58373
03/26/2026 19:28:28 - INFO - utils.trainer -    Train loss: 0.62593, Test loss: 0.58373,Epoch time = 1.464s
03/26/2026 19:28:29 - INFO - utils.trainer -   ***** Running evaluation on test0 dataset *****
03/26/2026 19:28:30 - INFO - utils.trainer -   AUC: 0.84958
03/26/2026 19:28:30 - INFO - utils.trainer -   Accuracy: 0.73662
03/26/2026 19:28:30 - INFO - utils.trainer -   Precision: 0.68381
03/26/2026 19:28:30 - INFO - utils.trainer -   Recall: 0.88028
03/26/2026 19:28:30 - INFO - utils.trainer -   F_score: 0.76970
03/26/2026 19:28:30 - INFO - utils.trainer -   Specificity: 0.59296
03/26/2026 19:28:30 - INFO - utils.trainer -   Sensitivity: 0.88028
03/26/2026 19:28:30 - INFO - utils.trainer -   Loss: 0.58002
03/26/2026 19:28:30 - INFO - utils.trainer -    Train loss: 0.61983, Test loss: 0.58002,Epoch time = 1.419s
03/26/2026 19:28:31 - INFO - utils.trainer -   ***** Running evaluation on test0 dataset *****
03/26/2026 19:28:32 - INFO - utils.trainer -   AUC: 0.84960
03/26/2026 19:28:32 - INFO - utils.trainer -   Accuracy: 0.73908
03/26/2026 19:28:32 - INFO - utils.trainer -   Precision: 0.68685
03/26/2026 19:28:32 - INFO - utils.trainer -   Recall: 0.87887
03/26/2026 19:28:32 - INFO - utils.trainer -   F_score: 0.77108
03/26/2026 19:28:32 - INFO - utils.trainer -   Specificity: 0.59930
03/26/2026 19:28:32 - INFO - utils.trainer -   Sensitivity: 0.87887
03/26/2026 19:28:32 - INFO - utils.trainer -   Loss: 0.58116
03/26/2026 19:28:32 - INFO - utils.trainer -    Train loss: 0.62479, Test loss: 0.58116,Epoch time = 1.513s
03/26/2026 19:28:34 - INFO - utils.trainer -   ***** Running evaluation on test0 dataset *****
03/26/2026 19:28:34 - INFO - utils.trainer -   AUC: 0.84939
03/26/2026 19:28:34 - INFO - utils.trainer -   Accuracy: 0.72817
03/26/2026 19:28:34 - INFO - utils.trainer -   Precision: 0.67035
03/26/2026 19:28:34 - INFO - utils.trainer -   Recall: 0.89789
03/26/2026 19:28:34 - INFO - utils.trainer -   F_score: 0.76761
03/26/2026 19:28:34 - INFO - utils.trainer -   Specificity: 0.55845
03/26/2026 19:28:34 - INFO - utils.trainer -   Sensitivity: 0.89789
03/26/2026 19:28:34 - INFO - utils.trainer -   Loss: 0.58328
03/26/2026 19:28:34 - INFO - utils.trainer -    Train loss: 0.62391, Test loss: 0.58328,Epoch time = 1.291s
03/26/2026 19:28:36 - INFO - utils.trainer -   ***** Running evaluation on test0 dataset *****
03/26/2026 19:28:37 - INFO - utils.trainer -   AUC: 0.84947
03/26/2026 19:28:37 - INFO - utils.trainer -   Accuracy: 0.73063
03/26/2026 19:28:37 - INFO - utils.trainer -   Precision: 0.67228
03/26/2026 19:28:37 - INFO - utils.trainer -   Recall: 0.90000
03/26/2026 19:28:37 - INFO - utils.trainer -   F_score: 0.76965
03/26/2026 19:28:37 - INFO - utils.trainer -   Specificity: 0.56127
03/26/2026 19:28:37 - INFO - utils.trainer -   Sensitivity: 0.90000
03/26/2026 19:28:37 - INFO - utils.trainer -   Loss: 0.57989
03/26/2026 19:28:37 - INFO - utils.trainer -    Train loss: 0.62028, Test loss: 0.57989,Epoch time = 1.501s
03/26/2026 19:28:38 - INFO - utils.trainer -   ***** Running evaluation on test0 dataset *****
03/26/2026 19:28:39 - INFO - utils.trainer -   AUC: 0.84972
03/26/2026 19:28:39 - INFO - utils.trainer -   Accuracy: 0.73838
03/26/2026 19:28:39 - INFO - utils.trainer -   Precision: 0.68507
03/26/2026 19:28:39 - INFO - utils.trainer -   Recall: 0.88239
03/26/2026 19:28:39 - INFO - utils.trainer -   F_score: 0.77131
03/26/2026 19:28:39 - INFO - utils.trainer -   Specificity: 0.59437
03/26/2026 19:28:39 - INFO - utils.trainer -   Sensitivity: 0.88239
03/26/2026 19:28:39 - INFO - utils.trainer -   Loss: 0.58104
03/26/2026 19:28:39 - INFO - utils.trainer -    Train loss: 0.62614, Test loss: 0.58104,Epoch time = 1.337s
03/26/2026 19:28:41 - INFO - utils.trainer -   ***** Running evaluation on test0 dataset *****
03/26/2026 19:28:41 - INFO - utils.trainer -   AUC: 0.84939
03/26/2026 19:28:41 - INFO - utils.trainer -   Accuracy: 0.72077
03/26/2026 19:28:41 - INFO - utils.trainer -   Precision: 0.65954
03/26/2026 19:28:41 - INFO - utils.trainer -   Recall: 0.91268
03/26/2026 19:28:41 - INFO - utils.trainer -   F_score: 0.76573
03/26/2026 19:28:41 - INFO - utils.trainer -   Specificity: 0.52887
03/26/2026 19:28:41 - INFO - utils.trainer -   Sensitivity: 0.91268
03/26/2026 19:28:41 - INFO - utils.trainer -   Loss: 0.58297
03/26/2026 19:28:41 - INFO - utils.trainer -    Train loss: 0.61756, Test loss: 0.58297,Epoch time = 1.816s
03/26/2026 19:28:43 - INFO - utils.trainer -   ***** Running evaluation on test0 dataset *****
03/26/2026 19:28:44 - INFO - utils.trainer -   AUC: 0.84969
03/26/2026 19:28:44 - INFO - utils.trainer -   Accuracy: 0.73204
03/26/2026 19:28:44 - INFO - utils.trainer -   Precision: 0.67706
03/26/2026 19:28:44 - INFO - utils.trainer -   Recall: 0.88732
03/26/2026 19:28:44 - INFO - utils.trainer -   F_score: 0.76806
03/26/2026 19:28:44 - INFO - utils.trainer -   Specificity: 0.57676
03/26/2026 19:28:44 - INFO - utils.trainer -   Sensitivity: 0.88732
03/26/2026 19:28:44 - INFO - utils.trainer -   Loss: 0.58162
03/26/2026 19:28:44 - INFO - utils.trainer -    Train loss: 0.61450, Test loss: 0.58162,Epoch time = 1.594s
03/26/2026 19:28:46 - INFO - utils.trainer -   ***** Running evaluation on test0 dataset *****
03/26/2026 19:28:46 - INFO - utils.trainer -   AUC: 0.84990
03/26/2026 19:28:46 - INFO - utils.trainer -   Accuracy: 0.73486
03/26/2026 19:28:46 - INFO - utils.trainer -   Precision: 0.68017
03/26/2026 19:28:46 - INFO - utils.trainer -   Recall: 0.88662
03/26/2026 19:28:46 - INFO - utils.trainer -   F_score: 0.76980
03/26/2026 19:28:46 - INFO - utils.trainer -   Specificity: 0.58310
03/26/2026 19:28:46 - INFO - utils.trainer -   Sensitivity: 0.88662
03/26/2026 19:28:46 - INFO - utils.trainer -   Loss: 0.58157
03/26/2026 19:28:46 - INFO - utils.trainer -    Train loss: 0.62418, Test loss: 0.58157,Epoch time = 1.687s
03/26/2026 19:28:48 - INFO - utils.trainer -   ***** Running evaluation on test0 dataset *****
03/26/2026 19:28:49 - INFO - utils.trainer -   AUC: 0.85004
03/26/2026 19:28:49 - INFO - utils.trainer -   Accuracy: 0.73873
03/26/2026 19:28:49 - INFO - utils.trainer -   Precision: 0.68525
03/26/2026 19:28:49 - INFO - utils.trainer -   Recall: 0.88310
03/26/2026 19:28:49 - INFO - utils.trainer -   F_score: 0.77169
03/26/2026 19:28:49 - INFO - utils.trainer -   Specificity: 0.59437
03/26/2026 19:28:49 - INFO - utils.trainer -   Sensitivity: 0.88310
03/26/2026 19:28:49 - INFO - utils.trainer -   Loss: 0.58178
03/26/2026 19:28:49 - INFO - utils.trainer -    Train loss: 0.62073, Test loss: 0.58178,Epoch time = 1.527s
03/26/2026 19:28:51 - INFO - utils.trainer -   ***** Running evaluation on test0 dataset *****
03/26/2026 19:28:51 - INFO - utils.trainer -   AUC: 0.84987
03/26/2026 19:28:51 - INFO - utils.trainer -   Accuracy: 0.72394
03/26/2026 19:28:51 - INFO - utils.trainer -   Precision: 0.66409
03/26/2026 19:28:51 - INFO - utils.trainer -   Recall: 0.90634
03/26/2026 19:28:51 - INFO - utils.trainer -   F_score: 0.76653
03/26/2026 19:28:51 - INFO - utils.trainer -   Specificity: 0.54155
03/26/2026 19:28:51 - INFO - utils.trainer -   Sensitivity: 0.90634
03/26/2026 19:28:51 - INFO - utils.trainer -   Loss: 0.58232
03/26/2026 19:28:51 - INFO - utils.trainer -    Train loss: 0.61767, Test loss: 0.58232,Epoch time = 1.859s
03/26/2026 19:28:53 - INFO - utils.trainer -   ***** Running evaluation on test0 dataset *****
03/26/2026 19:28:54 - INFO - utils.trainer -   AUC: 0.85024
03/26/2026 19:28:54 - INFO - utils.trainer -   Accuracy: 0.74120
03/26/2026 19:28:54 - INFO - utils.trainer -   Precision: 0.69405
03/26/2026 19:28:54 - INFO - utils.trainer -   Recall: 0.86268
03/26/2026 19:28:54 - INFO - utils.trainer -   F_score: 0.76923
03/26/2026 19:28:54 - INFO - utils.trainer -   Specificity: 0.61972
03/26/2026 19:28:54 - INFO - utils.trainer -   Sensitivity: 0.86268
03/26/2026 19:28:54 - INFO - utils.trainer -   Loss: 0.58055
03/26/2026 19:28:54 - INFO - utils.trainer -    Train loss: 0.61871, Test loss: 0.58055,Epoch time = 1.546s
03/26/2026 19:28:55 - INFO - utils.trainer -   ***** Running evaluation on test0 dataset *****
03/26/2026 19:28:56 - INFO - utils.trainer -   AUC: 0.85005
03/26/2026 19:28:56 - INFO - utils.trainer -   Accuracy: 0.72535
03/26/2026 19:28:56 - INFO - utils.trainer -   Precision: 0.66546
03/26/2026 19:28:56 - INFO - utils.trainer -   Recall: 0.90634
03/26/2026 19:28:56 - INFO - utils.trainer -   F_score: 0.76744
03/26/2026 19:28:56 - INFO - utils.trainer -   Specificity: 0.54437
03/26/2026 19:28:56 - INFO - utils.trainer -   Sensitivity: 0.90634
03/26/2026 19:28:56 - INFO - utils.trainer -   Loss: 0.58201
03/26/2026 19:28:56 - INFO - utils.trainer -    Train loss: 0.61855, Test loss: 0.58201,Epoch time = 1.735s
03/26/2026 19:28:58 - INFO - utils.trainer -   ***** Running evaluation on test0 dataset *****
03/26/2026 19:28:58 - INFO - utils.trainer -   AUC: 0.85010
03/26/2026 19:28:58 - INFO - utils.trainer -   Accuracy: 0.73099
03/26/2026 19:28:58 - INFO - utils.trainer -   Precision: 0.67447
03/26/2026 19:28:58 - INFO - utils.trainer -   Recall: 0.89296
03/26/2026 19:28:58 - INFO - utils.trainer -   F_score: 0.76848
03/26/2026 19:28:58 - INFO - utils.trainer -   Specificity: 0.56901
03/26/2026 19:28:58 - INFO - utils.trainer -   Sensitivity: 0.89296
03/26/2026 19:28:58 - INFO - utils.trainer -   Loss: 0.58200
03/26/2026 19:28:58 - INFO - utils.trainer -    Train loss: 0.62045, Test loss: 0.58200,Epoch time = 1.323s
03/26/2026 19:29:00 - INFO - utils.trainer -   ***** Running evaluation on test0 dataset *****
03/26/2026 19:29:01 - INFO - utils.trainer -   AUC: 0.85028
03/26/2026 19:29:01 - INFO - utils.trainer -   Accuracy: 0.73627
03/26/2026 19:29:01 - INFO - utils.trainer -   Precision: 0.68224
03/26/2026 19:29:01 - INFO - utils.trainer -   Recall: 0.88451
03/26/2026 19:29:01 - INFO - utils.trainer -   F_score: 0.77032
03/26/2026 19:29:01 - INFO - utils.trainer -   Specificity: 0.58803
03/26/2026 19:29:01 - INFO - utils.trainer -   Sensitivity: 0.88451
03/26/2026 19:29:01 - INFO - utils.trainer -   Loss: 0.58039
03/26/2026 19:29:01 - INFO - utils.trainer -    Train loss: 0.61954, Test loss: 0.58039,Epoch time = 1.900s
03/26/2026 19:29:03 - INFO - utils.trainer -   ***** Running evaluation on test0 dataset *****
03/26/2026 19:29:04 - INFO - utils.trainer -   AUC: 0.85015
03/26/2026 19:29:04 - INFO - utils.trainer -   Accuracy: 0.72852
03/26/2026 19:29:04 - INFO - utils.trainer -   Precision: 0.66963
03/26/2026 19:29:04 - INFO - utils.trainer -   Recall: 0.90211
03/26/2026 19:29:04 - INFO - utils.trainer -   F_score: 0.76868
03/26/2026 19:29:04 - INFO - utils.trainer -   Specificity: 0.55493
03/26/2026 19:29:04 - INFO - utils.trainer -   Sensitivity: 0.90211
03/26/2026 19:29:04 - INFO - utils.trainer -   Loss: 0.58153
03/26/2026 19:29:04 - INFO - utils.trainer -    Train loss: 0.62441, Test loss: 0.58153,Epoch time = 1.903s
03/26/2026 19:29:06 - INFO - utils.trainer -   ***** Running evaluation on test0 dataset *****
03/26/2026 19:29:07 - INFO - utils.trainer -   AUC: 0.85025
03/26/2026 19:29:07 - INFO - utils.trainer -   Accuracy: 0.74085
03/26/2026 19:29:07 - INFO - utils.trainer -   Precision: 0.69815
03/26/2026 19:29:07 - INFO - utils.trainer -   Recall: 0.84859
03/26/2026 19:29:07 - INFO - utils.trainer -   F_score: 0.76605
03/26/2026 19:29:07 - INFO - utils.trainer -   Specificity: 0.63310
03/26/2026 19:29:07 - INFO - utils.trainer -   Sensitivity: 0.84859
03/26/2026 19:29:07 - INFO - utils.trainer -   Loss: 0.57860
03/26/2026 19:29:07 - INFO - utils.trainer -    Train loss: 0.61496, Test loss: 0.57860,Epoch time = 1.887s
03/26/2026 19:29:09 - INFO - utils.trainer -   ***** Running evaluation on test0 dataset *****
03/26/2026 19:29:10 - INFO - utils.trainer -   AUC: 0.85030
03/26/2026 19:29:10 - INFO - utils.trainer -   Accuracy: 0.73697
03/26/2026 19:29:10 - INFO - utils.trainer -   Precision: 0.68258
03/26/2026 19:29:10 - INFO - utils.trainer -   Recall: 0.88592
03/26/2026 19:29:10 - INFO - utils.trainer -   F_score: 0.77107
03/26/2026 19:29:10 - INFO - utils.trainer -   Specificity: 0.58803
03/26/2026 19:29:10 - INFO - utils.trainer -   Sensitivity: 0.88592
03/26/2026 19:29:10 - INFO - utils.trainer -   Loss: 0.58138
03/26/2026 19:29:10 - INFO - utils.trainer -    Train loss: 0.62190, Test loss: 0.58138,Epoch time = 2.051s
03/26/2026 19:29:11 - INFO - utils.trainer -   ***** Running evaluation on test0 dataset *****
03/26/2026 19:29:12 - INFO - utils.trainer -   AUC: 0.85034
03/26/2026 19:29:12 - INFO - utils.trainer -   Accuracy: 0.73204
03/26/2026 19:29:12 - INFO - utils.trainer -   Precision: 0.67555
03/26/2026 19:29:12 - INFO - utils.trainer -   Recall: 0.89296
03/26/2026 19:29:12 - INFO - utils.trainer -   F_score: 0.76918
03/26/2026 19:29:12 - INFO - utils.trainer -   Specificity: 0.57113
03/26/2026 19:29:12 - INFO - utils.trainer -   Sensitivity: 0.89296
03/26/2026 19:29:12 - INFO - utils.trainer -   Loss: 0.57986
03/26/2026 19:29:12 - INFO - utils.trainer -    Train loss: 0.62009, Test loss: 0.57986,Epoch time = 1.676s
03/26/2026 19:29:14 - INFO - utils.trainer -   ***** Running evaluation on test0 dataset *****
03/26/2026 19:29:15 - INFO - utils.trainer -   AUC: 0.85038
03/26/2026 19:29:15 - INFO - utils.trainer -   Accuracy: 0.74049
03/26/2026 19:29:15 - INFO - utils.trainer -   Precision: 0.69175
03/26/2026 19:29:15 - INFO - utils.trainer -   Recall: 0.86761
03/26/2026 19:29:15 - INFO - utils.trainer -   F_score: 0.76976
03/26/2026 19:29:15 - INFO - utils.trainer -   Specificity: 0.61338
03/26/2026 19:29:15 - INFO - utils.trainer -   Sensitivity: 0.86761
03/26/2026 19:29:15 - INFO - utils.trainer -   Loss: 0.58068
03/26/2026 19:29:15 - INFO - utils.trainer -    Train loss: 0.62577, Test loss: 0.58068,Epoch time = 1.770s
03/26/2026 19:29:17 - INFO - utils.trainer -   ***** Running evaluation on test0 dataset *****
03/26/2026 19:29:17 - INFO - utils.trainer -   AUC: 0.85022
03/26/2026 19:29:17 - INFO - utils.trainer -   Accuracy: 0.72958
03/26/2026 19:29:17 - INFO - utils.trainer -   Precision: 0.67212
03/26/2026 19:29:17 - INFO - utils.trainer -   Recall: 0.89648
03/26/2026 19:29:17 - INFO - utils.trainer -   F_score: 0.76826
03/26/2026 19:29:17 - INFO - utils.trainer -   Specificity: 0.56268
03/26/2026 19:29:17 - INFO - utils.trainer -   Sensitivity: 0.89648
03/26/2026 19:29:17 - INFO - utils.trainer -   Loss: 0.58209
03/26/2026 19:29:17 - INFO - utils.trainer -    Train loss: 0.61751, Test loss: 0.58209,Epoch time = 1.660s
03/26/2026 19:29:19 - INFO - utils.trainer -   ***** Running evaluation on test0 dataset *****
03/26/2026 19:29:20 - INFO - utils.trainer -   AUC: 0.85052
03/26/2026 19:29:20 - INFO - utils.trainer -   Accuracy: 0.73873
03/26/2026 19:29:20 - INFO - utils.trainer -   Precision: 0.68545
03/26/2026 19:29:20 - INFO - utils.trainer -   Recall: 0.88239
03/26/2026 19:29:20 - INFO - utils.trainer -   F_score: 0.77155
03/26/2026 19:29:20 - INFO - utils.trainer -   Specificity: 0.59507
03/26/2026 19:29:20 - INFO - utils.trainer -   Sensitivity: 0.88239
03/26/2026 19:29:20 - INFO - utils.trainer -   Loss: 0.58017
03/26/2026 19:29:20 - INFO - utils.trainer -    Train loss: 0.62241, Test loss: 0.58017,Epoch time = 1.313s
03/26/2026 19:29:21 - INFO - utils.trainer -   ***** Running evaluation on test0 dataset *****
03/26/2026 19:29:22 - INFO - utils.trainer -   AUC: 0.85046
03/26/2026 19:29:22 - INFO - utils.trainer -   Accuracy: 0.74085
03/26/2026 19:29:22 - INFO - utils.trainer -   Precision: 0.69042
03/26/2026 19:29:22 - INFO - utils.trainer -   Recall: 0.87324
03/26/2026 19:29:22 - INFO - utils.trainer -   F_score: 0.77114
03/26/2026 19:29:22 - INFO - utils.trainer -   Specificity: 0.60845
03/26/2026 19:29:22 - INFO - utils.trainer -   Sensitivity: 0.87324
03/26/2026 19:29:22 - INFO - utils.trainer -   Loss: 0.57963
03/26/2026 19:29:22 - INFO - utils.trainer -    Train loss: 0.62218, Test loss: 0.57963,Epoch time = 1.318s
03/26/2026 19:29:23 - INFO - utils.trainer -   ***** Running evaluation on test0 dataset *****
03/26/2026 19:29:24 - INFO - utils.trainer -   AUC: 0.85026
03/26/2026 19:29:24 - INFO - utils.trainer -   Accuracy: 0.73099
03/26/2026 19:29:24 - INFO - utils.trainer -   Precision: 0.67391
03/26/2026 19:29:24 - INFO - utils.trainer -   Recall: 0.89507
03/26/2026 19:29:24 - INFO - utils.trainer -   F_score: 0.76891
03/26/2026 19:29:24 - INFO - utils.trainer -   Specificity: 0.56690
03/26/2026 19:29:24 - INFO - utils.trainer -   Sensitivity: 0.89507
03/26/2026 19:29:24 - INFO - utils.trainer -   Loss: 0.58074
03/26/2026 19:29:24 - INFO - utils.trainer -    Train loss: 0.61644, Test loss: 0.58074,Epoch time = 1.780s
03/26/2026 19:29:26 - INFO - utils.trainer -   ***** Running evaluation on test0 dataset *****
03/26/2026 19:29:27 - INFO - utils.trainer -   AUC: 0.85049
03/26/2026 19:29:27 - INFO - utils.trainer -   Accuracy: 0.74014
03/26/2026 19:29:27 - INFO - utils.trainer -   Precision: 0.69463
03/26/2026 19:29:27 - INFO - utils.trainer -   Recall: 0.85704
03/26/2026 19:29:27 - INFO - utils.trainer -   F_score: 0.76734
03/26/2026 19:29:27 - INFO - utils.trainer -   Specificity: 0.62324
03/26/2026 19:29:27 - INFO - utils.trainer -   Sensitivity: 0.85704
03/26/2026 19:29:27 - INFO - utils.trainer -   Loss: 0.58115
03/26/2026 19:29:27 - INFO - utils.trainer -    Train loss: 0.61859, Test loss: 0.58115,Epoch time = 1.695s
03/26/2026 19:29:29 - INFO - utils.trainer -   ***** Running evaluation on test0 dataset *****
03/26/2026 19:29:29 - INFO - utils.trainer -   AUC: 0.85058
03/26/2026 19:29:29 - INFO - utils.trainer -   Accuracy: 0.74049
03/26/2026 19:29:29 - INFO - utils.trainer -   Precision: 0.69459
03/26/2026 19:29:29 - INFO - utils.trainer -   Recall: 0.85845
03/26/2026 19:29:29 - INFO - utils.trainer -   F_score: 0.76787
03/26/2026 19:29:29 - INFO - utils.trainer -   Specificity: 0.62254
03/26/2026 19:29:29 - INFO - utils.trainer -   Sensitivity: 0.85845
03/26/2026 19:29:29 - INFO - utils.trainer -   Loss: 0.57967
03/26/2026 19:29:29 - INFO - utils.trainer -    Train loss: 0.62224, Test loss: 0.57967,Epoch time = 1.609s
03/26/2026 19:29:31 - INFO - utils.trainer -   ***** Running evaluation on test0 dataset *****
03/26/2026 19:29:32 - INFO - utils.trainer -   AUC: 0.85044
03/26/2026 19:29:32 - INFO - utils.trainer -   Accuracy: 0.72535
03/26/2026 19:29:32 - INFO - utils.trainer -   Precision: 0.66563
03/26/2026 19:29:32 - INFO - utils.trainer -   Recall: 0.90563
03/26/2026 19:29:32 - INFO - utils.trainer -   F_score: 0.76730
03/26/2026 19:29:32 - INFO - utils.trainer -   Specificity: 0.54507
03/26/2026 19:29:32 - INFO - utils.trainer -   Sensitivity: 0.90563
03/26/2026 19:29:32 - INFO - utils.trainer -   Loss: 0.58134
03/26/2026 19:29:32 - INFO - utils.trainer -    Train loss: 0.62090, Test loss: 0.58134,Epoch time = 1.295s
03/26/2026 19:29:34 - INFO - utils.trainer -   ***** Running evaluation on test0 dataset *****
03/26/2026 19:29:34 - INFO - utils.trainer -   AUC: 0.85050
03/26/2026 19:29:34 - INFO - utils.trainer -   Accuracy: 0.73838
03/26/2026 19:29:34 - INFO - utils.trainer -   Precision: 0.68307
03/26/2026 19:29:34 - INFO - utils.trainer -   Recall: 0.88944
03/26/2026 19:29:34 - INFO - utils.trainer -   F_score: 0.77271
03/26/2026 19:29:34 - INFO - utils.trainer -   Specificity: 0.58732
03/26/2026 19:29:34 - INFO - utils.trainer -   Sensitivity: 0.88944
03/26/2026 19:29:34 - INFO - utils.trainer -   Loss: 0.58078
03/26/2026 19:29:34 - INFO - utils.trainer -    Train loss: 0.62276, Test loss: 0.58078,Epoch time = 2.087s
03/26/2026 19:29:37 - INFO - utils.trainer -   ***** Running evaluation on test0 dataset *****
03/26/2026 19:29:38 - INFO - utils.trainer -   AUC: 0.85075
03/26/2026 19:29:38 - INFO - utils.trainer -   Accuracy: 0.73979
03/26/2026 19:29:38 - INFO - utils.trainer -   Precision: 0.69513
03/26/2026 19:29:38 - INFO - utils.trainer -   Recall: 0.85423
03/26/2026 19:29:38 - INFO - utils.trainer -   F_score: 0.76651
03/26/2026 19:29:38 - INFO - utils.trainer -   Specificity: 0.62535
03/26/2026 19:29:38 - INFO - utils.trainer -   Sensitivity: 0.85423
03/26/2026 19:29:38 - INFO - utils.trainer -   Loss: 0.57859
03/26/2026 19:29:38 - INFO - utils.trainer -    Train loss: 0.61914, Test loss: 0.57859,Epoch time = 2.216s
03/26/2026 19:29:39 - INFO - utils.trainer -   ***** Running evaluation on test0 dataset *****
03/26/2026 19:29:40 - INFO - utils.trainer -   AUC: 0.85072
03/26/2026 19:29:40 - INFO - utils.trainer -   Accuracy: 0.74155
03/26/2026 19:29:40 - INFO - utils.trainer -   Precision: 0.69141
03/26/2026 19:29:40 - INFO - utils.trainer -   Recall: 0.87254
03/26/2026 19:29:40 - INFO - utils.trainer -   F_score: 0.77148
03/26/2026 19:29:40 - INFO - utils.trainer -   Specificity: 0.61056
03/26/2026 19:29:40 - INFO - utils.trainer -   Sensitivity: 0.87254
03/26/2026 19:29:40 - INFO - utils.trainer -   Loss: 0.57976
03/26/2026 19:29:40 - INFO - utils.trainer -    Train loss: 0.62141, Test loss: 0.57976,Epoch time = 1.581s
03/26/2026 19:29:42 - INFO - utils.trainer -   ***** Running evaluation on test0 dataset *****
03/26/2026 19:29:43 - INFO - utils.trainer -   AUC: 0.85088
03/26/2026 19:29:43 - INFO - utils.trainer -   Accuracy: 0.74049
03/26/2026 19:29:43 - INFO - utils.trainer -   Precision: 0.69683
03/26/2026 19:29:43 - INFO - utils.trainer -   Recall: 0.85141
03/26/2026 19:29:43 - INFO - utils.trainer -   F_score: 0.76640
03/26/2026 19:29:43 - INFO - utils.trainer -   Specificity: 0.62958
03/26/2026 19:29:43 - INFO - utils.trainer -   Sensitivity: 0.85141
03/26/2026 19:29:43 - INFO - utils.trainer -   Loss: 0.58045
03/26/2026 19:29:43 - INFO - utils.trainer -    Train loss: 0.61849, Test loss: 0.58045,Epoch time = 2.059s
03/26/2026 19:29:44 - INFO - utils.trainer -   ***** Running evaluation on test0 dataset *****
03/26/2026 19:29:45 - INFO - utils.trainer -   AUC: 0.85089
03/26/2026 19:29:45 - INFO - utils.trainer -   Accuracy: 0.74225
03/26/2026 19:29:45 - INFO - utils.trainer -   Precision: 0.70212
03/26/2026 19:29:45 - INFO - utils.trainer -   Recall: 0.84155
03/26/2026 19:29:45 - INFO - utils.trainer -   F_score: 0.76553
03/26/2026 19:29:45 - INFO - utils.trainer -   Specificity: 0.64296
03/26/2026 19:29:45 - INFO - utils.trainer -   Sensitivity: 0.84155
03/26/2026 19:29:45 - INFO - utils.trainer -   Loss: 0.58037
03/26/2026 19:29:45 - INFO - utils.trainer -    Train loss: 0.61998, Test loss: 0.58037,Epoch time = 1.368s
03/26/2026 19:29:47 - INFO - utils.trainer -   ***** Running evaluation on test0 dataset *****
03/26/2026 19:29:48 - INFO - utils.trainer -   AUC: 0.85080
03/26/2026 19:29:48 - INFO - utils.trainer -   Accuracy: 0.73944
03/26/2026 19:29:48 - INFO - utils.trainer -   Precision: 0.68640
03/26/2026 19:29:48 - INFO - utils.trainer -   Recall: 0.88169
03/26/2026 19:29:48 - INFO - utils.trainer -   F_score: 0.77189
03/26/2026 19:29:48 - INFO - utils.trainer -   Specificity: 0.59718
03/26/2026 19:29:48 - INFO - utils.trainer -   Sensitivity: 0.88169
03/26/2026 19:29:48 - INFO - utils.trainer -   Loss: 0.58065
03/26/2026 19:29:48 - INFO - utils.trainer -    Train loss: 0.62131, Test loss: 0.58065,Epoch time = 1.792s
03/26/2026 19:29:50 - INFO - utils.trainer -   ***** Running evaluation on test0 dataset *****
03/26/2026 19:29:51 - INFO - utils.trainer -   AUC: 0.85082
03/26/2026 19:29:51 - INFO - utils.trainer -   Accuracy: 0.73873
03/26/2026 19:29:51 - INFO - utils.trainer -   Precision: 0.68606
03/26/2026 19:29:51 - INFO - utils.trainer -   Recall: 0.88028
03/26/2026 19:29:51 - INFO - utils.trainer -   F_score: 0.77113
03/26/2026 19:29:51 - INFO - utils.trainer -   Specificity: 0.59718
03/26/2026 19:29:51 - INFO - utils.trainer -   Sensitivity: 0.88028
03/26/2026 19:29:51 - INFO - utils.trainer -   Loss: 0.58069
03/26/2026 19:29:51 - INFO - utils.trainer -    Train loss: 0.62316, Test loss: 0.58069,Epoch time = 2.010s
03/26/2026 19:29:53 - INFO - utils.trainer -   ***** Running evaluation on test0 dataset *****
03/26/2026 19:29:54 - INFO - utils.trainer -   AUC: 0.85052
03/26/2026 19:29:54 - INFO - utils.trainer -   Accuracy: 0.72711
03/26/2026 19:29:54 - INFO - utils.trainer -   Precision: 0.66771
03/26/2026 19:29:54 - INFO - utils.trainer -   Recall: 0.90423
03/26/2026 19:29:54 - INFO - utils.trainer -   F_score: 0.76817
03/26/2026 19:29:54 - INFO - utils.trainer -   Specificity: 0.55000
03/26/2026 19:29:54 - INFO - utils.trainer -   Sensitivity: 0.90423
03/26/2026 19:29:54 - INFO - utils.trainer -   Loss: 0.58097
03/26/2026 19:29:54 - INFO - utils.trainer -    Train loss: 0.61995, Test loss: 0.58097,Epoch time = 1.824s
03/26/2026 19:29:55 - INFO - utils.trainer -   ***** Running evaluation on test0 dataset *****
03/26/2026 19:29:56 - INFO - utils.trainer -   AUC: 0.85077
03/26/2026 19:29:56 - INFO - utils.trainer -   Accuracy: 0.74120
03/26/2026 19:29:56 - INFO - utils.trainer -   Precision: 0.69741
03/26/2026 19:29:56 - INFO - utils.trainer -   Recall: 0.85211
03/26/2026 19:29:56 - INFO - utils.trainer -   F_score: 0.76704
03/26/2026 19:29:56 - INFO - utils.trainer -   Specificity: 0.63028
03/26/2026 19:29:56 - INFO - utils.trainer -   Sensitivity: 0.85211
03/26/2026 19:29:56 - INFO - utils.trainer -   Loss: 0.57939
03/26/2026 19:29:56 - INFO - utils.trainer -    Train loss: 0.61732, Test loss: 0.57939,Epoch time = 1.340s
03/26/2026 19:29:58 - INFO - utils.trainer -   ***** Running evaluation on test0 dataset *****
03/26/2026 19:29:59 - INFO - utils.trainer -   AUC: 0.85006
03/26/2026 19:29:59 - INFO - utils.trainer -   Accuracy: 0.71796
03/26/2026 19:29:59 - INFO - utils.trainer -   Precision: 0.65329
03/26/2026 19:29:59 - INFO - utils.trainer -   Recall: 0.92887
03/26/2026 19:29:59 - INFO - utils.trainer -   F_score: 0.76708
03/26/2026 19:29:59 - INFO - utils.trainer -   Specificity: 0.50704
03/26/2026 19:29:59 - INFO - utils.trainer -   Sensitivity: 0.92887
03/26/2026 19:29:59 - INFO - utils.trainer -   Loss: 0.58236
03/26/2026 19:29:59 - INFO - utils.trainer -    Train loss: 0.61432, Test loss: 0.58236,Epoch time = 1.812s
03/26/2026 19:30:01 - INFO - utils.trainer -   ***** Running evaluation on test0 dataset *****
03/26/2026 19:30:01 - INFO - utils.trainer -   AUC: 0.85084
03/26/2026 19:30:01 - INFO - utils.trainer -   Accuracy: 0.74190
03/26/2026 19:30:01 - INFO - utils.trainer -   Precision: 0.69201
03/26/2026 19:30:01 - INFO - utils.trainer -   Recall: 0.87183
03/26/2026 19:30:01 - INFO - utils.trainer -   F_score: 0.77158
03/26/2026 19:30:01 - INFO - utils.trainer -   Specificity: 0.61197
03/26/2026 19:30:01 - INFO - utils.trainer -   Sensitivity: 0.87183
03/26/2026 19:30:01 - INFO - utils.trainer -   Loss: 0.58063
03/26/2026 19:30:01 - INFO - utils.trainer -    Train loss: 0.61645, Test loss: 0.58063,Epoch time = 1.986s
03/26/2026 19:30:03 - INFO - utils.trainer -   ***** Running evaluation on test0 dataset *****
03/26/2026 19:30:04 - INFO - utils.trainer -   AUC: 0.85083
03/26/2026 19:30:04 - INFO - utils.trainer -   Accuracy: 0.74049
03/26/2026 19:30:04 - INFO - utils.trainer -   Precision: 0.69196
03/26/2026 19:30:04 - INFO - utils.trainer -   Recall: 0.86690
03/26/2026 19:30:04 - INFO - utils.trainer -   F_score: 0.76962
03/26/2026 19:30:04 - INFO - utils.trainer -   Specificity: 0.61408
03/26/2026 19:30:04 - INFO - utils.trainer -   Sensitivity: 0.86690
03/26/2026 19:30:04 - INFO - utils.trainer -   Loss: 0.58059
03/26/2026 19:30:04 - INFO - utils.trainer -    Train loss: 0.62158, Test loss: 0.58059,Epoch time = 1.680s
03/26/2026 19:30:06 - INFO - utils.trainer -   ***** Running evaluation on test0 dataset *****
03/26/2026 19:30:07 - INFO - utils.trainer -   AUC: 0.85075
03/26/2026 19:30:07 - INFO - utils.trainer -   Accuracy: 0.73556
03/26/2026 19:30:07 - INFO - utils.trainer -   Precision: 0.67994
03/26/2026 19:30:07 - INFO - utils.trainer -   Recall: 0.89014
03/26/2026 19:30:07 - INFO - utils.trainer -   F_score: 0.77097
03/26/2026 19:30:07 - INFO - utils.trainer -   Specificity: 0.58099
03/26/2026 19:30:07 - INFO - utils.trainer -   Sensitivity: 0.89014
03/26/2026 19:30:07 - INFO - utils.trainer -   Loss: 0.57940
03/26/2026 19:30:07 - INFO - utils.trainer -    Train loss: 0.61541, Test loss: 0.57940,Epoch time = 1.909s
03/26/2026 19:30:09 - INFO - utils.trainer -   ***** Running evaluation on test0 dataset *****
03/26/2026 19:30:10 - INFO - utils.trainer -   AUC: 0.85073
03/26/2026 19:30:10 - INFO - utils.trainer -   Accuracy: 0.73979
03/26/2026 19:30:10 - INFO - utils.trainer -   Precision: 0.68617
03/26/2026 19:30:10 - INFO - utils.trainer -   Recall: 0.88380
03/26/2026 19:30:10 - INFO - utils.trainer -   F_score: 0.77255
03/26/2026 19:30:10 - INFO - utils.trainer -   Specificity: 0.59577
03/26/2026 19:30:10 - INFO - utils.trainer -   Sensitivity: 0.88380
03/26/2026 19:30:10 - INFO - utils.trainer -   Loss: 0.58077
03/26/2026 19:30:10 - INFO - utils.trainer -    Train loss: 0.61651, Test loss: 0.58077,Epoch time = 1.933s
03/26/2026 19:30:12 - INFO - utils.trainer -   ***** Running evaluation on test0 dataset *****
03/26/2026 19:30:13 - INFO - utils.trainer -   AUC: 0.85089
03/26/2026 19:30:13 - INFO - utils.trainer -   Accuracy: 0.74296
03/26/2026 19:30:13 - INFO - utils.trainer -   Precision: 0.69470
03/26/2026 19:30:13 - INFO - utils.trainer -   Recall: 0.86690
03/26/2026 19:30:13 - INFO - utils.trainer -   F_score: 0.77130
03/26/2026 19:30:13 - INFO - utils.trainer -   Specificity: 0.61901
03/26/2026 19:30:13 - INFO - utils.trainer -   Sensitivity: 0.86690
03/26/2026 19:30:13 - INFO - utils.trainer -   Loss: 0.57976
03/26/2026 19:30:13 - INFO - utils.trainer -    Train loss: 0.62631, Test loss: 0.57976,Epoch time = 2.171s
03/26/2026 19:30:15 - INFO - utils.trainer -   ***** Running evaluation on test0 dataset *****
03/26/2026 19:30:16 - INFO - utils.trainer -   AUC: 0.85096
03/26/2026 19:30:16 - INFO - utils.trainer -   Accuracy: 0.74437
03/26/2026 19:30:16 - INFO - utils.trainer -   Precision: 0.69761
03/26/2026 19:30:16 - INFO - utils.trainer -   Recall: 0.86268
03/26/2026 19:30:16 - INFO - utils.trainer -   F_score: 0.77141
03/26/2026 19:30:16 - INFO - utils.trainer -   Specificity: 0.62606
03/26/2026 19:30:16 - INFO - utils.trainer -   Sensitivity: 0.86268
03/26/2026 19:30:16 - INFO - utils.trainer -   Loss: 0.57846
03/26/2026 19:30:16 - INFO - utils.trainer -    Train loss: 0.62123, Test loss: 0.57846,Epoch time = 2.200s
03/26/2026 19:30:18 - INFO - utils.trainer -   ***** Running evaluation on test0 dataset *****
03/26/2026 19:30:19 - INFO - utils.trainer -   AUC: 0.85110
03/26/2026 19:30:19 - INFO - utils.trainer -   Accuracy: 0.74120
03/26/2026 19:30:19 - INFO - utils.trainer -   Precision: 0.69786
03/26/2026 19:30:19 - INFO - utils.trainer -   Recall: 0.85070
03/26/2026 19:30:19 - INFO - utils.trainer -   F_score: 0.76674
03/26/2026 19:30:19 - INFO - utils.trainer -   Specificity: 0.63169
03/26/2026 19:30:19 - INFO - utils.trainer -   Sensitivity: 0.85070
03/26/2026 19:30:19 - INFO - utils.trainer -   Loss: 0.57791
03/26/2026 19:30:19 - INFO - utils.trainer -    Train loss: 0.62068, Test loss: 0.57791,Epoch time = 1.865s
03/26/2026 19:30:21 - INFO - utils.trainer -   ***** Running evaluation on test0 dataset *****
03/26/2026 19:30:21 - INFO - utils.trainer -   AUC: 0.85093
03/26/2026 19:30:21 - INFO - utils.trainer -   Accuracy: 0.73908
03/26/2026 19:30:21 - INFO - utils.trainer -   Precision: 0.68361
03/26/2026 19:30:21 - INFO - utils.trainer -   Recall: 0.89014
03/26/2026 19:30:21 - INFO - utils.trainer -   F_score: 0.77333
03/26/2026 19:30:21 - INFO - utils.trainer -   Specificity: 0.58803
03/26/2026 19:30:21 - INFO - utils.trainer -   Sensitivity: 0.89014
03/26/2026 19:30:21 - INFO - utils.trainer -   Loss: 0.57884
03/26/2026 19:30:21 - INFO - utils.trainer -    Train loss: 0.61932, Test loss: 0.57884,Epoch time = 1.872s
03/26/2026 19:30:23 - INFO - utils.trainer -   ***** Running evaluation on test0 dataset *****
03/26/2026 19:30:24 - INFO - utils.trainer -   AUC: 0.85101
03/26/2026 19:30:24 - INFO - utils.trainer -   Accuracy: 0.74366
03/26/2026 19:30:24 - INFO - utils.trainer -   Precision: 0.70281
03/26/2026 19:30:24 - INFO - utils.trainer -   Recall: 0.84437
03/26/2026 19:30:24 - INFO - utils.trainer -   F_score: 0.76711
03/26/2026 19:30:24 - INFO - utils.trainer -   Specificity: 0.64296
03/26/2026 19:30:24 - INFO - utils.trainer -   Sensitivity: 0.84437
03/26/2026 19:30:24 - INFO - utils.trainer -   Loss: 0.57996
03/26/2026 19:30:24 - INFO - utils.trainer -    Train loss: 0.61375, Test loss: 0.57996,Epoch time = 1.750s
03/26/2026 19:30:26 - INFO - utils.trainer -   ***** Running evaluation on test0 dataset *****
03/26/2026 19:30:27 - INFO - utils.trainer -   AUC: 0.85068
03/26/2026 19:30:27 - INFO - utils.trainer -   Accuracy: 0.72817
03/26/2026 19:30:27 - INFO - utils.trainer -   Precision: 0.66875
03/26/2026 19:30:27 - INFO - utils.trainer -   Recall: 0.90423
03/26/2026 19:30:27 - INFO - utils.trainer -   F_score: 0.76886
03/26/2026 19:30:27 - INFO - utils.trainer -   Specificity: 0.55211
03/26/2026 19:30:27 - INFO - utils.trainer -   Sensitivity: 0.90423
03/26/2026 19:30:27 - INFO - utils.trainer -   Loss: 0.58223
03/26/2026 19:30:27 - INFO - utils.trainer -    Train loss: 0.61730, Test loss: 0.58223,Epoch time = 2.018s
03/26/2026 19:30:29 - INFO - utils.trainer -   ***** Running evaluation on test0 dataset *****
03/26/2026 19:30:30 - INFO - utils.trainer -   AUC: 0.85108
03/26/2026 19:30:30 - INFO - utils.trainer -   Accuracy: 0.74120
03/26/2026 19:30:30 - INFO - utils.trainer -   Precision: 0.69060
03/26/2026 19:30:30 - INFO - utils.trainer -   Recall: 0.87394
03/26/2026 19:30:30 - INFO - utils.trainer -   F_score: 0.77153
03/26/2026 19:30:30 - INFO - utils.trainer -   Specificity: 0.60845
03/26/2026 19:30:30 - INFO - utils.trainer -   Sensitivity: 0.87394
03/26/2026 19:30:30 - INFO - utils.trainer -   Loss: 0.58103
03/26/2026 19:30:30 - INFO - utils.trainer -    Train loss: 0.61978, Test loss: 0.58103,Epoch time = 1.836s
03/26/2026 19:30:31 - INFO - utils.trainer -   ***** Running evaluation on test0 dataset *****
03/26/2026 19:30:32 - INFO - utils.trainer -   AUC: 0.85120
03/26/2026 19:30:32 - INFO - utils.trainer -   Accuracy: 0.74190
03/26/2026 19:30:32 - INFO - utils.trainer -   Precision: 0.69136
03/26/2026 19:30:32 - INFO - utils.trainer -   Recall: 0.87394
03/26/2026 19:30:32 - INFO - utils.trainer -   F_score: 0.77201
03/26/2026 19:30:32 - INFO - utils.trainer -   Specificity: 0.60986
03/26/2026 19:30:32 - INFO - utils.trainer -   Sensitivity: 0.87394
03/26/2026 19:30:32 - INFO - utils.trainer -   Loss: 0.57852
03/26/2026 19:30:32 - INFO - utils.trainer -    Train loss: 0.62253, Test loss: 0.57852,Epoch time = 1.451s
03/26/2026 19:30:34 - INFO - utils.trainer -   ***** Running evaluation on test0 dataset *****
03/26/2026 19:30:35 - INFO - utils.trainer -   AUC: 0.85095
03/26/2026 19:30:35 - INFO - utils.trainer -   Accuracy: 0.72676
03/26/2026 19:30:35 - INFO - utils.trainer -   Precision: 0.66736
03/26/2026 19:30:35 - INFO - utils.trainer -   Recall: 0.90423
03/26/2026 19:30:35 - INFO - utils.trainer -   F_score: 0.76794
03/26/2026 19:30:35 - INFO - utils.trainer -   Specificity: 0.54930
03/26/2026 19:30:35 - INFO - utils.trainer -   Sensitivity: 0.90423
03/26/2026 19:30:35 - INFO - utils.trainer -   Loss: 0.58118
03/26/2026 19:30:35 - INFO - utils.trainer -    Train loss: 0.61921, Test loss: 0.58118,Epoch time = 1.798s
03/26/2026 19:30:36 - INFO - utils.trainer -   ***** Running evaluation on test0 dataset *****
03/26/2026 19:30:37 - INFO - utils.trainer -   AUC: 0.85101
03/26/2026 19:30:37 - INFO - utils.trainer -   Accuracy: 0.73979
03/26/2026 19:30:37 - INFO - utils.trainer -   Precision: 0.68475
03/26/2026 19:30:37 - INFO - utils.trainer -   Recall: 0.88873
03/26/2026 19:30:37 - INFO - utils.trainer -   F_score: 0.77352
03/26/2026 19:30:37 - INFO - utils.trainer -   Specificity: 0.59085
03/26/2026 19:30:37 - INFO - utils.trainer -   Sensitivity: 0.88873
03/26/2026 19:30:37 - INFO - utils.trainer -   Loss: 0.57973
03/26/2026 19:30:37 - INFO - utils.trainer -    Train loss: 0.61551, Test loss: 0.57973,Epoch time = 1.533s
03/26/2026 19:30:38 - INFO - utils.trainer -   ***** Running evaluation on test0 dataset *****
03/26/2026 19:30:39 - INFO - utils.trainer -   AUC: 0.85127
03/26/2026 19:30:39 - INFO - utils.trainer -   Accuracy: 0.74190
03/26/2026 19:30:39 - INFO - utils.trainer -   Precision: 0.69730
03/26/2026 19:30:39 - INFO - utils.trainer -   Recall: 0.85493
03/26/2026 19:30:39 - INFO - utils.trainer -   F_score: 0.76811
03/26/2026 19:30:39 - INFO - utils.trainer -   Specificity: 0.62887
03/26/2026 19:30:39 - INFO - utils.trainer -   Sensitivity: 0.85493
03/26/2026 19:30:39 - INFO - utils.trainer -   Loss: 0.57984
03/26/2026 19:30:39 - INFO - utils.trainer -    Train loss: 0.61567, Test loss: 0.57984,Epoch time = 1.333s
03/26/2026 19:30:40 - INFO - __main__ -   ########## Repeat:1 ##########
03/26/2026 19:30:40 - INFO - utils.trainer -   ***** Running training *****
03/26/2026 19:30:40 - INFO - utils.trainer -     Num examples = 230
03/26/2026 19:30:40 - INFO - utils.trainer -     Num Epochs = 200
03/26/2026 19:30:40 - INFO - utils.trainer -     Total train batch size = 16
03/26/2026 19:30:40 - INFO - utils.trainer -     warmup steps = 400
03/26/2026 19:30:40 - INFO - utils.trainer -     Total optimization steps = 46000
03/26/2026 19:30:40 - INFO - utils.trainer -     Save steps = 200
03/26/2026 19:30:40 - INFO - root -   Parameters [normal] length [17]
03/26/2026 19:30:41 - INFO - utils.trainer -   ***** Running evaluation on test1 dataset *****
03/26/2026 19:30:42 - INFO - utils.trainer -   AUC: 0.44711
03/26/2026 19:30:42 - INFO - utils.trainer -   Accuracy: 0.45669
03/26/2026 19:30:42 - INFO - utils.trainer -   Precision: 0.40032
03/26/2026 19:30:42 - INFO - utils.trainer -   Recall: 0.17394
03/26/2026 19:30:42 - INFO - utils.trainer -   F_score: 0.24251
03/26/2026 19:30:42 - INFO - utils.trainer -   Specificity: 0.73944
03/26/2026 19:30:42 - INFO - utils.trainer -   Sensitivity: 0.17394
03/26/2026 19:30:42 - INFO - utils.trainer -   Loss: 0.69584
03/26/2026 19:30:42 - INFO - utils.trainer -    Train loss: 0.73366, Test loss: 0.69584,Epoch time = 1.720s
03/26/2026 19:30:42 - INFO - utils.trainer -   Saving model checkpoint to output_dir/LMDA
03/26/2026 19:30:45 - INFO - utils.trainer -   ***** Running evaluation on test1 dataset *****
03/26/2026 19:30:46 - INFO - utils.trainer -   AUC: 0.46527
03/26/2026 19:30:46 - INFO - utils.trainer -   Accuracy: 0.46303
03/26/2026 19:30:46 - INFO - utils.trainer -   Precision: 0.42739
03/26/2026 19:30:46 - INFO - utils.trainer -   Recall: 0.21761
03/26/2026 19:30:46 - INFO - utils.trainer -   F_score: 0.28838
03/26/2026 19:30:46 - INFO - utils.trainer -   Specificity: 0.70845
03/26/2026 19:30:46 - INFO - utils.trainer -   Sensitivity: 0.21761
03/26/2026 19:30:46 - INFO - utils.trainer -   Loss: 0.69496
03/26/2026 19:30:46 - INFO - utils.trainer -    Train loss: 0.72858, Test loss: 0.69496,Epoch time = 2.118s
03/26/2026 19:30:46 - INFO - utils.trainer -   Saving model checkpoint to output_dir/LMDA
03/26/2026 19:30:47 - INFO - utils.trainer -   ***** Running evaluation on test1 dataset *****
03/26/2026 19:30:48 - INFO - utils.trainer -   AUC: 0.49214
03/26/2026 19:30:48 - INFO - utils.trainer -   Accuracy: 0.48838
03/26/2026 19:30:48 - INFO - utils.trainer -   Precision: 0.47893
03/26/2026 19:30:48 - INFO - utils.trainer -   Recall: 0.26408
03/26/2026 19:30:48 - INFO - utils.trainer -   F_score: 0.34044
03/26/2026 19:30:48 - INFO - utils.trainer -   Specificity: 0.71268
03/26/2026 19:30:48 - INFO - utils.trainer -   Sensitivity: 0.26408
03/26/2026 19:30:48 - INFO - utils.trainer -   Loss: 0.69380
03/26/2026 19:30:48 - INFO - utils.trainer -    Train loss: 0.73340, Test loss: 0.69380,Epoch time = 1.865s
03/26/2026 19:30:48 - INFO - utils.trainer -   Saving model checkpoint to output_dir/LMDA
03/26/2026 19:30:50 - INFO - utils.trainer -   ***** Running evaluation on test1 dataset *****
03/26/2026 19:30:51 - INFO - utils.trainer -   AUC: 0.51244
03/26/2026 19:30:51 - INFO - utils.trainer -   Accuracy: 0.50669
03/26/2026 19:30:51 - INFO - utils.trainer -   Precision: 0.50918
03/26/2026 19:30:51 - INFO - utils.trainer -   Recall: 0.37113
03/26/2026 19:30:51 - INFO - utils.trainer -   F_score: 0.42933
03/26/2026 19:30:51 - INFO - utils.trainer -   Specificity: 0.64225
03/26/2026 19:30:51 - INFO - utils.trainer -   Sensitivity: 0.37113
03/26/2026 19:30:51 - INFO - utils.trainer -   Loss: 0.69301
03/26/2026 19:30:51 - INFO - utils.trainer -    Train loss: 0.73294, Test loss: 0.69301,Epoch time = 2.050s
03/26/2026 19:30:51 - INFO - utils.trainer -   Saving model checkpoint to output_dir/LMDA
03/26/2026 19:30:53 - INFO - utils.trainer -   ***** Running evaluation on test1 dataset *****
03/26/2026 19:30:54 - INFO - utils.trainer -   AUC: 0.53422
03/26/2026 19:30:54 - INFO - utils.trainer -   Accuracy: 0.52500
03/26/2026 19:30:54 - INFO - utils.trainer -   Precision: 0.53111
03/26/2026 19:30:54 - INFO - utils.trainer -   Recall: 0.42676
03/26/2026 19:30:54 - INFO - utils.trainer -   F_score: 0.47325
03/26/2026 19:30:54 - INFO - utils.trainer -   Specificity: 0.62324
03/26/2026 19:30:54 - INFO - utils.trainer -   Sensitivity: 0.42676
03/26/2026 19:30:54 - INFO - utils.trainer -   Loss: 0.69221
03/26/2026 19:30:54 - INFO - utils.trainer -    Train loss: 0.74039, Test loss: 0.69221,Epoch time = 1.512s
03/26/2026 19:30:54 - INFO - utils.trainer -   Saving model checkpoint to output_dir/LMDA
03/26/2026 19:30:55 - INFO - utils.trainer -   ***** Running evaluation on test1 dataset *****
03/26/2026 19:30:56 - INFO - utils.trainer -   AUC: 0.54948
03/26/2026 19:30:56 - INFO - utils.trainer -   Accuracy: 0.53873
03/26/2026 19:30:56 - INFO - utils.trainer -   Precision: 0.53906
03/26/2026 19:30:56 - INFO - utils.trainer -   Recall: 0.53451
03/26/2026 19:30:56 - INFO - utils.trainer -   F_score: 0.53678
03/26/2026 19:30:56 - INFO - utils.trainer -   Specificity: 0.54296
03/26/2026 19:30:56 - INFO - utils.trainer -   Sensitivity: 0.53451
03/26/2026 19:30:56 - INFO - utils.trainer -   Loss: 0.69167
03/26/2026 19:30:56 - INFO - utils.trainer -    Train loss: 0.73040, Test loss: 0.69167,Epoch time = 1.615s
03/26/2026 19:30:56 - INFO - utils.trainer -   Saving model checkpoint to output_dir/LMDA
03/26/2026 19:30:58 - INFO - utils.trainer -   ***** Running evaluation on test1 dataset *****
03/26/2026 19:30:59 - INFO - utils.trainer -   AUC: 0.57853
03/26/2026 19:30:59 - INFO - utils.trainer -   Accuracy: 0.56585
03/26/2026 19:30:59 - INFO - utils.trainer -   Precision: 0.56172
03/26/2026 19:30:59 - INFO - utils.trainer -   Recall: 0.59930
03/26/2026 19:30:59 - INFO - utils.trainer -   F_score: 0.57990
03/26/2026 19:30:59 - INFO - utils.trainer -   Specificity: 0.53239
03/26/2026 19:30:59 - INFO - utils.trainer -   Sensitivity: 0.59930
03/26/2026 19:30:59 - INFO - utils.trainer -   Loss: 0.69060
03/26/2026 19:30:59 - INFO - utils.trainer -    Train loss: 0.71880, Test loss: 0.69060,Epoch time = 1.756s
03/26/2026 19:30:59 - INFO - utils.trainer -   Saving model checkpoint to output_dir/LMDA
03/26/2026 19:31:01 - INFO - utils.trainer -   ***** Running evaluation on test1 dataset *****
03/26/2026 19:31:02 - INFO - utils.trainer -   AUC: 0.60848
03/26/2026 19:31:02 - INFO - utils.trainer -   Accuracy: 0.58662
03/26/2026 19:31:02 - INFO - utils.trainer -   Precision: 0.57500
03/26/2026 19:31:02 - INFO - utils.trainer -   Recall: 0.66408
03/26/2026 19:31:02 - INFO - utils.trainer -   F_score: 0.61634
03/26/2026 19:31:02 - INFO - utils.trainer -   Specificity: 0.50915
03/26/2026 19:31:02 - INFO - utils.trainer -   Sensitivity: 0.66408
03/26/2026 19:31:02 - INFO - utils.trainer -   Loss: 0.68927
03/26/2026 19:31:02 - INFO - utils.trainer -    Train loss: 0.72039, Test loss: 0.68927,Epoch time = 2.302s
03/26/2026 19:31:02 - INFO - utils.trainer -   Saving model checkpoint to output_dir/LMDA
03/26/2026 19:31:04 - INFO - utils.trainer -   ***** Running evaluation on test1 dataset *****
03/26/2026 19:31:05 - INFO - utils.trainer -   AUC: 0.61972
03/26/2026 19:31:05 - INFO - utils.trainer -   Accuracy: 0.58944
03/26/2026 19:31:05 - INFO - utils.trainer -   Precision: 0.56895
03/26/2026 19:31:05 - INFO - utils.trainer -   Recall: 0.73803
03/26/2026 19:31:05 - INFO - utils.trainer -   F_score: 0.64255
03/26/2026 19:31:05 - INFO - utils.trainer -   Specificity: 0.44085
03/26/2026 19:31:05 - INFO - utils.trainer -   Sensitivity: 0.73803
03/26/2026 19:31:05 - INFO - utils.trainer -   Loss: 0.68898
03/26/2026 19:31:05 - INFO - utils.trainer -    Train loss: 0.71492, Test loss: 0.68898,Epoch time = 1.901s
03/26/2026 19:31:05 - INFO - utils.trainer -   Saving model checkpoint to output_dir/LMDA
03/26/2026 19:31:07 - INFO - utils.trainer -   ***** Running evaluation on test1 dataset *****
03/26/2026 19:31:08 - INFO - utils.trainer -   AUC: 0.64312
03/26/2026 19:31:08 - INFO - utils.trainer -   Accuracy: 0.59085
03/26/2026 19:31:08 - INFO - utils.trainer -   Precision: 0.56476
03/26/2026 19:31:08 - INFO - utils.trainer -   Recall: 0.79225
03/26/2026 19:31:08 - INFO - utils.trainer -   F_score: 0.65944
03/26/2026 19:31:08 - INFO - utils.trainer -   Specificity: 0.38944
03/26/2026 19:31:08 - INFO - utils.trainer -   Sensitivity: 0.79225
03/26/2026 19:31:08 - INFO - utils.trainer -   Loss: 0.68813
03/26/2026 19:31:08 - INFO - utils.trainer -    Train loss: 0.71141, Test loss: 0.68813,Epoch time = 1.754s
03/26/2026 19:31:08 - INFO - utils.trainer -   Saving model checkpoint to output_dir/LMDA
03/26/2026 19:31:09 - INFO - utils.trainer -   ***** Running evaluation on test1 dataset *****
03/26/2026 19:31:10 - INFO - utils.trainer -   AUC: 0.65776
03/26/2026 19:31:10 - INFO - utils.trainer -   Accuracy: 0.57500
03/26/2026 19:31:10 - INFO - utils.trainer -   Precision: 0.54719
03/26/2026 19:31:10 - INFO - utils.trainer -   Recall: 0.86972
03/26/2026 19:31:10 - INFO - utils.trainer -   F_score: 0.67174
03/26/2026 19:31:10 - INFO - utils.trainer -   Specificity: 0.28028
03/26/2026 19:31:10 - INFO - utils.trainer -   Sensitivity: 0.86972
03/26/2026 19:31:10 - INFO - utils.trainer -   Loss: 0.68768
03/26/2026 19:31:10 - INFO - utils.trainer -    Train loss: 0.71414, Test loss: 0.68768,Epoch time = 1.847s
03/26/2026 19:31:12 - INFO - utils.trainer -   ***** Running evaluation on test1 dataset *****
03/26/2026 19:31:13 - INFO - utils.trainer -   AUC: 0.67656
03/26/2026 19:31:13 - INFO - utils.trainer -   Accuracy: 0.58803
03/26/2026 19:31:13 - INFO - utils.trainer -   Precision: 0.55600
03/26/2026 19:31:13 - INFO - utils.trainer -   Recall: 0.87394
03/26/2026 19:31:13 - INFO - utils.trainer -   F_score: 0.67963
03/26/2026 19:31:13 - INFO - utils.trainer -   Specificity: 0.30211
03/26/2026 19:31:13 - INFO - utils.trainer -   Sensitivity: 0.87394
03/26/2026 19:31:13 - INFO - utils.trainer -   Loss: 0.68665
03/26/2026 19:31:13 - INFO - utils.trainer -    Train loss: 0.72027, Test loss: 0.68665,Epoch time = 1.592s
03/26/2026 19:31:15 - INFO - utils.trainer -   ***** Running evaluation on test1 dataset *****
03/26/2026 19:31:16 - INFO - utils.trainer -   AUC: 0.69589
03/26/2026 19:31:16 - INFO - utils.trainer -   Accuracy: 0.58908
03/26/2026 19:31:16 - INFO - utils.trainer -   Precision: 0.55413
03/26/2026 19:31:16 - INFO - utils.trainer -   Recall: 0.91197
03/26/2026 19:31:16 - INFO - utils.trainer -   F_score: 0.68938
03/26/2026 19:31:16 - INFO - utils.trainer -   Specificity: 0.26620
03/26/2026 19:31:16 - INFO - utils.trainer -   Sensitivity: 0.91197
03/26/2026 19:31:16 - INFO - utils.trainer -   Loss: 0.68551
03/26/2026 19:31:16 - INFO - utils.trainer -    Train loss: 0.70801, Test loss: 0.68551,Epoch time = 1.781s
03/26/2026 19:31:18 - INFO - utils.trainer -   ***** Running evaluation on test1 dataset *****
03/26/2026 19:31:19 - INFO - utils.trainer -   AUC: 0.70564
03/26/2026 19:31:19 - INFO - utils.trainer -   Accuracy: 0.57465
03/26/2026 19:31:19 - INFO - utils.trainer -   Precision: 0.54210
03/26/2026 19:31:19 - INFO - utils.trainer -   Recall: 0.96127
03/26/2026 19:31:19 - INFO - utils.trainer -   F_score: 0.69325
03/26/2026 19:31:19 - INFO - utils.trainer -   Specificity: 0.18803
03/26/2026 19:31:19 - INFO - utils.trainer -   Sensitivity: 0.96127
03/26/2026 19:31:19 - INFO - utils.trainer -   Loss: 0.68535
03/26/2026 19:31:19 - INFO - utils.trainer -    Train loss: 0.71006, Test loss: 0.68535,Epoch time = 2.112s
03/26/2026 19:31:21 - INFO - utils.trainer -   ***** Running evaluation on test1 dataset *****
03/26/2026 19:31:22 - INFO - utils.trainer -   AUC: 0.72622
03/26/2026 19:31:22 - INFO - utils.trainer -   Accuracy: 0.58944
03/26/2026 19:31:22 - INFO - utils.trainer -   Precision: 0.55113
03/26/2026 19:31:22 - INFO - utils.trainer -   Recall: 0.96408
03/26/2026 19:31:22 - INFO - utils.trainer -   F_score: 0.70133
03/26/2026 19:31:22 - INFO - utils.trainer -   Specificity: 0.21479
03/26/2026 19:31:22 - INFO - utils.trainer -   Sensitivity: 0.96408
03/26/2026 19:31:22 - INFO - utils.trainer -   Loss: 0.68372
03/26/2026 19:31:22 - INFO - utils.trainer -    Train loss: 0.70500, Test loss: 0.68372,Epoch time = 2.204s
03/26/2026 19:31:23 - INFO - utils.trainer -   ***** Running evaluation on test1 dataset *****
03/26/2026 19:31:24 - INFO - utils.trainer -   AUC: 0.73359
03/26/2026 19:31:24 - INFO - utils.trainer -   Accuracy: 0.57042
03/26/2026 19:31:24 - INFO - utils.trainer -   Precision: 0.53873
03/26/2026 19:31:24 - INFO - utils.trainer -   Recall: 0.97958
03/26/2026 19:31:24 - INFO - utils.trainer -   F_score: 0.69515
03/26/2026 19:31:24 - INFO - utils.trainer -   Specificity: 0.16127
03/26/2026 19:31:24 - INFO - utils.trainer -   Sensitivity: 0.97958
03/26/2026 19:31:24 - INFO - utils.trainer -   Loss: 0.68332
03/26/2026 19:31:24 - INFO - utils.trainer -    Train loss: 0.70612, Test loss: 0.68332,Epoch time = 1.045s
03/26/2026 19:31:25 - INFO - utils.trainer -   ***** Running evaluation on test1 dataset *****
03/26/2026 19:31:26 - INFO - utils.trainer -   AUC: 0.74694
03/26/2026 19:31:26 - INFO - utils.trainer -   Accuracy: 0.57007
03/26/2026 19:31:26 - INFO - utils.trainer -   Precision: 0.53828
03/26/2026 19:31:26 - INFO - utils.trainer -   Recall: 0.98521
03/26/2026 19:31:26 - INFO - utils.trainer -   F_score: 0.69619
03/26/2026 19:31:26 - INFO - utils.trainer -   Specificity: 0.15493
03/26/2026 19:31:26 - INFO - utils.trainer -   Sensitivity: 0.98521
03/26/2026 19:31:26 - INFO - utils.trainer -   Loss: 0.68229
03/26/2026 19:31:26 - INFO - utils.trainer -    Train loss: 0.70304, Test loss: 0.68229,Epoch time = 1.367s
03/26/2026 19:31:28 - INFO - utils.trainer -   ***** Running evaluation on test1 dataset *****
03/26/2026 19:31:29 - INFO - utils.trainer -   AUC: 0.75683
03/26/2026 19:31:29 - INFO - utils.trainer -   Accuracy: 0.56761
03/26/2026 19:31:29 - INFO - utils.trainer -   Precision: 0.53664
03/26/2026 19:31:29 - INFO - utils.trainer -   Recall: 0.99014
03/26/2026 19:31:29 - INFO - utils.trainer -   F_score: 0.69604
03/26/2026 19:31:29 - INFO - utils.trainer -   Specificity: 0.14507
03/26/2026 19:31:29 - INFO - utils.trainer -   Sensitivity: 0.99014
03/26/2026 19:31:29 - INFO - utils.trainer -   Loss: 0.68116
03/26/2026 19:31:29 - INFO - utils.trainer -    Train loss: 0.70209, Test loss: 0.68116,Epoch time = 2.233s
03/26/2026 19:31:31 - INFO - utils.trainer -   ***** Running evaluation on test1 dataset *****
03/26/2026 19:31:32 - INFO - utils.trainer -   AUC: 0.76783
03/26/2026 19:31:32 - INFO - utils.trainer -   Accuracy: 0.56937
03/26/2026 19:31:32 - INFO - utils.trainer -   Precision: 0.53758
03/26/2026 19:31:32 - INFO - utils.trainer -   Recall: 0.99225
03/26/2026 19:31:32 - INFO - utils.trainer -   F_score: 0.69735
03/26/2026 19:31:32 - INFO - utils.trainer -   Specificity: 0.14648
03/26/2026 19:31:32 - INFO - utils.trainer -   Sensitivity: 0.99225
03/26/2026 19:31:32 - INFO - utils.trainer -   Loss: 0.67997
03/26/2026 19:31:32 - INFO - utils.trainer -    Train loss: 0.69849, Test loss: 0.67997,Epoch time = 2.107s
03/26/2026 19:31:34 - INFO - utils.trainer -   ***** Running evaluation on test1 dataset *****
03/26/2026 19:31:34 - INFO - utils.trainer -   AUC: 0.77531
03/26/2026 19:31:34 - INFO - utils.trainer -   Accuracy: 0.56338
03/26/2026 19:31:34 - INFO - utils.trainer -   Precision: 0.53401
03/26/2026 19:31:34 - INFO - utils.trainer -   Recall: 0.99507
03/26/2026 19:31:34 - INFO - utils.trainer -   F_score: 0.69503
03/26/2026 19:31:34 - INFO - utils.trainer -   Specificity: 0.13169
03/26/2026 19:31:34 - INFO - utils.trainer -   Sensitivity: 0.99507
03/26/2026 19:31:34 - INFO - utils.trainer -   Loss: 0.67929
03/26/2026 19:31:34 - INFO - utils.trainer -    Train loss: 0.69682, Test loss: 0.67929,Epoch time = 1.322s
03/26/2026 19:31:36 - INFO - utils.trainer -   ***** Running evaluation on test1 dataset *****
03/26/2026 19:31:37 - INFO - utils.trainer -   AUC: 0.78545
03/26/2026 19:31:37 - INFO - utils.trainer -   Accuracy: 0.57254
03/26/2026 19:31:37 - INFO - utils.trainer -   Precision: 0.53934
03/26/2026 19:31:37 - INFO - utils.trainer -   Recall: 0.99437
03/26/2026 19:31:37 - INFO - utils.trainer -   F_score: 0.69936
03/26/2026 19:31:37 - INFO - utils.trainer -   Specificity: 0.15070
03/26/2026 19:31:37 - INFO - utils.trainer -   Sensitivity: 0.99437
03/26/2026 19:31:37 - INFO - utils.trainer -   Loss: 0.67782
03/26/2026 19:31:37 - INFO - utils.trainer -    Train loss: 0.69729, Test loss: 0.67782,Epoch time = 1.737s
03/26/2026 19:31:39 - INFO - utils.trainer -   ***** Running evaluation on test1 dataset *****
03/26/2026 19:31:40 - INFO - utils.trainer -   AUC: 0.79285
03/26/2026 19:31:40 - INFO - utils.trainer -   Accuracy: 0.58169
03/26/2026 19:31:40 - INFO - utils.trainer -   Precision: 0.54472
03/26/2026 19:31:40 - INFO - utils.trainer -   Recall: 0.99507
03/26/2026 19:31:40 - INFO - utils.trainer -   F_score: 0.70404
03/26/2026 19:31:40 - INFO - utils.trainer -   Specificity: 0.16831
03/26/2026 19:31:40 - INFO - utils.trainer -   Sensitivity: 0.99507
03/26/2026 19:31:40 - INFO - utils.trainer -   Loss: 0.67552
03/26/2026 19:31:40 - INFO - utils.trainer -    Train loss: 0.69295, Test loss: 0.67552,Epoch time = 1.969s
03/26/2026 19:31:42 - INFO - utils.trainer -   ***** Running evaluation on test1 dataset *****
03/26/2026 19:31:43 - INFO - utils.trainer -   AUC: 0.79950
03/26/2026 19:31:43 - INFO - utils.trainer -   Accuracy: 0.59437
03/26/2026 19:31:43 - INFO - utils.trainer -   Precision: 0.55238
03/26/2026 19:31:43 - INFO - utils.trainer -   Recall: 0.99507
03/26/2026 19:31:43 - INFO - utils.trainer -   F_score: 0.71041
03/26/2026 19:31:43 - INFO - utils.trainer -   Specificity: 0.19366
03/26/2026 19:31:43 - INFO - utils.trainer -   Sensitivity: 0.99507
03/26/2026 19:31:43 - INFO - utils.trainer -   Loss: 0.67283
03/26/2026 19:31:43 - INFO - utils.trainer -    Train loss: 0.69091, Test loss: 0.67283,Epoch time = 1.817s
03/26/2026 19:31:43 - INFO - utils.trainer -   Saving model checkpoint to output_dir/LMDA
03/26/2026 19:31:45 - INFO - utils.trainer -   ***** Running evaluation on test1 dataset *****
03/26/2026 19:31:46 - INFO - utils.trainer -   AUC: 0.80451
03/26/2026 19:31:46 - INFO - utils.trainer -   Accuracy: 0.59296
03/26/2026 19:31:46 - INFO - utils.trainer -   Precision: 0.55152
03/26/2026 19:31:46 - INFO - utils.trainer -   Recall: 0.99507
03/26/2026 19:31:46 - INFO - utils.trainer -   F_score: 0.70969
03/26/2026 19:31:46 - INFO - utils.trainer -   Specificity: 0.19085
03/26/2026 19:31:46 - INFO - utils.trainer -   Sensitivity: 0.99507
03/26/2026 19:31:46 - INFO - utils.trainer -   Loss: 0.67229
03/26/2026 19:31:46 - INFO - utils.trainer -    Train loss: 0.68786, Test loss: 0.67229,Epoch time = 2.076s
03/26/2026 19:31:48 - INFO - utils.trainer -   ***** Running evaluation on test1 dataset *****
03/26/2026 19:31:49 - INFO - utils.trainer -   AUC: 0.81071
03/26/2026 19:31:49 - INFO - utils.trainer -   Accuracy: 0.60599
03/26/2026 19:31:49 - INFO - utils.trainer -   Precision: 0.55994
03/26/2026 19:31:49 - INFO - utils.trainer -   Recall: 0.99014
03/26/2026 19:31:49 - INFO - utils.trainer -   F_score: 0.71534
03/26/2026 19:31:49 - INFO - utils.trainer -   Specificity: 0.22183
03/26/2026 19:31:49 - INFO - utils.trainer -   Sensitivity: 0.99014
03/26/2026 19:31:49 - INFO - utils.trainer -   Loss: 0.66825
03/26/2026 19:31:49 - INFO - utils.trainer -    Train loss: 0.68234, Test loss: 0.66825,Epoch time = 1.883s
03/26/2026 19:31:49 - INFO - utils.trainer -   Saving model checkpoint to output_dir/LMDA
03/26/2026 19:31:50 - INFO - utils.trainer -   ***** Running evaluation on test1 dataset *****
03/26/2026 19:31:51 - INFO - utils.trainer -   AUC: 0.81234
03/26/2026 19:31:51 - INFO - utils.trainer -   Accuracy: 0.60282
03/26/2026 19:31:51 - INFO - utils.trainer -   Precision: 0.55784
03/26/2026 19:31:51 - INFO - utils.trainer -   Recall: 0.99155
03/26/2026 19:31:51 - INFO - utils.trainer -   F_score: 0.71400
03/26/2026 19:31:51 - INFO - utils.trainer -   Specificity: 0.21408
03/26/2026 19:31:51 - INFO - utils.trainer -   Sensitivity: 0.99155
03/26/2026 19:31:51 - INFO - utils.trainer -   Loss: 0.66706
03/26/2026 19:31:51 - INFO - utils.trainer -    Train loss: 0.68212, Test loss: 0.66706,Epoch time = 1.597s
03/26/2026 19:31:53 - INFO - utils.trainer -   ***** Running evaluation on test1 dataset *****
03/26/2026 19:31:54 - INFO - utils.trainer -   AUC: 0.81726
03/26/2026 19:31:54 - INFO - utils.trainer -   Accuracy: 0.60387
03/26/2026 19:31:54 - INFO - utils.trainer -   Precision: 0.55846
03/26/2026 19:31:54 - INFO - utils.trainer -   Recall: 0.99225
03/26/2026 19:31:54 - INFO - utils.trainer -   F_score: 0.71468
03/26/2026 19:31:54 - INFO - utils.trainer -   Specificity: 0.21549
03/26/2026 19:31:54 - INFO - utils.trainer -   Sensitivity: 0.99225
03/26/2026 19:31:54 - INFO - utils.trainer -   Loss: 0.66637
03/26/2026 19:31:54 - INFO - utils.trainer -    Train loss: 0.67720, Test loss: 0.66637,Epoch time = 2.059s
03/26/2026 19:31:56 - INFO - utils.trainer -   ***** Running evaluation on test1 dataset *****
03/26/2026 19:31:57 - INFO - utils.trainer -   AUC: 0.82077
03/26/2026 19:31:57 - INFO - utils.trainer -   Accuracy: 0.61092
03/26/2026 19:31:57 - INFO - utils.trainer -   Precision: 0.56308
03/26/2026 19:31:57 - INFO - utils.trainer -   Recall: 0.99014
03/26/2026 19:31:57 - INFO - utils.trainer -   F_score: 0.71790
03/26/2026 19:31:57 - INFO - utils.trainer -   Specificity: 0.23169
03/26/2026 19:31:57 - INFO - utils.trainer -   Sensitivity: 0.99014
03/26/2026 19:31:57 - INFO - utils.trainer -   Loss: 0.66280
03/26/2026 19:31:57 - INFO - utils.trainer -    Train loss: 0.67326, Test loss: 0.66280,Epoch time = 1.868s
03/26/2026 19:31:57 - INFO - utils.trainer -   Saving model checkpoint to output_dir/LMDA
03/26/2026 19:31:59 - INFO - utils.trainer -   ***** Running evaluation on test1 dataset *****
03/26/2026 19:32:00 - INFO - utils.trainer -   AUC: 0.82228
03/26/2026 19:32:00 - INFO - utils.trainer -   Accuracy: 0.61232
03/26/2026 19:32:00 - INFO - utils.trainer -   Precision: 0.56398
03/26/2026 19:32:00 - INFO - utils.trainer -   Recall: 0.99014
03/26/2026 19:32:00 - INFO - utils.trainer -   F_score: 0.71863
03/26/2026 19:32:00 - INFO - utils.trainer -   Specificity: 0.23451
03/26/2026 19:32:00 - INFO - utils.trainer -   Sensitivity: 0.99014
03/26/2026 19:32:00 - INFO - utils.trainer -   Loss: 0.66160
03/26/2026 19:32:00 - INFO - utils.trainer -    Train loss: 0.67251, Test loss: 0.66160,Epoch time = 1.824s
03/26/2026 19:32:00 - INFO - utils.trainer -   Saving model checkpoint to output_dir/LMDA
03/26/2026 19:32:01 - INFO - utils.trainer -   ***** Running evaluation on test1 dataset *****
03/26/2026 19:32:02 - INFO - utils.trainer -   AUC: 0.82398
03/26/2026 19:32:02 - INFO - utils.trainer -   Accuracy: 0.61479
03/26/2026 19:32:02 - INFO - utils.trainer -   Precision: 0.56573
03/26/2026 19:32:02 - INFO - utils.trainer -   Recall: 0.98803
03/26/2026 19:32:02 - INFO - utils.trainer -   F_score: 0.71949
03/26/2026 19:32:02 - INFO - utils.trainer -   Specificity: 0.24155
03/26/2026 19:32:02 - INFO - utils.trainer -   Sensitivity: 0.98803
03/26/2026 19:32:02 - INFO - utils.trainer -   Loss: 0.65900
03/26/2026 19:32:02 - INFO - utils.trainer -    Train loss: 0.66895, Test loss: 0.65900,Epoch time = 1.297s
03/26/2026 19:32:02 - INFO - utils.trainer -   Saving model checkpoint to output_dir/LMDA
03/26/2026 19:32:04 - INFO - utils.trainer -   ***** Running evaluation on test1 dataset *****
03/26/2026 19:32:05 - INFO - utils.trainer -   AUC: 0.82728
03/26/2026 19:32:05 - INFO - utils.trainer -   Accuracy: 0.61303
03/26/2026 19:32:05 - INFO - utils.trainer -   Precision: 0.56443
03/26/2026 19:32:05 - INFO - utils.trainer -   Recall: 0.99014
03/26/2026 19:32:05 - INFO - utils.trainer -   F_score: 0.71900
03/26/2026 19:32:05 - INFO - utils.trainer -   Specificity: 0.23592
03/26/2026 19:32:05 - INFO - utils.trainer -   Sensitivity: 0.99014
03/26/2026 19:32:05 - INFO - utils.trainer -   Loss: 0.65854
03/26/2026 19:32:05 - INFO - utils.trainer -    Train loss: 0.66524, Test loss: 0.65854,Epoch time = 1.729s
03/26/2026 19:32:07 - INFO - utils.trainer -   ***** Running evaluation on test1 dataset *****
03/26/2026 19:32:08 - INFO - utils.trainer -   AUC: 0.83114
03/26/2026 19:32:08 - INFO - utils.trainer -   Accuracy: 0.61373
03/26/2026 19:32:08 - INFO - utils.trainer -   Precision: 0.56489
03/26/2026 19:32:08 - INFO - utils.trainer -   Recall: 0.99014
03/26/2026 19:32:08 - INFO - utils.trainer -   F_score: 0.71937
03/26/2026 19:32:08 - INFO - utils.trainer -   Specificity: 0.23732
03/26/2026 19:32:08 - INFO - utils.trainer -   Sensitivity: 0.99014
03/26/2026 19:32:08 - INFO - utils.trainer -   Loss: 0.65653
03/26/2026 19:32:08 - INFO - utils.trainer -    Train loss: 0.67193, Test loss: 0.65653,Epoch time = 1.862s
03/26/2026 19:32:10 - INFO - utils.trainer -   ***** Running evaluation on test1 dataset *****
03/26/2026 19:32:11 - INFO - utils.trainer -   AUC: 0.83080
03/26/2026 19:32:11 - INFO - utils.trainer -   Accuracy: 0.60282
03/26/2026 19:32:11 - INFO - utils.trainer -   Precision: 0.55775
03/26/2026 19:32:11 - INFO - utils.trainer -   Recall: 0.99296
03/26/2026 19:32:11 - INFO - utils.trainer -   F_score: 0.71429
03/26/2026 19:32:11 - INFO - utils.trainer -   Specificity: 0.21268
03/26/2026 19:32:11 - INFO - utils.trainer -   Sensitivity: 0.99296
03/26/2026 19:32:11 - INFO - utils.trainer -   Loss: 0.65884
03/26/2026 19:32:11 - INFO - utils.trainer -    Train loss: 0.66713, Test loss: 0.65884,Epoch time = 2.149s
03/26/2026 19:32:13 - INFO - utils.trainer -   ***** Running evaluation on test1 dataset *****
03/26/2026 19:32:14 - INFO - utils.trainer -   AUC: 0.83061
03/26/2026 19:32:14 - INFO - utils.trainer -   Accuracy: 0.61690
03/26/2026 19:32:14 - INFO - utils.trainer -   Precision: 0.56715
03/26/2026 19:32:14 - INFO - utils.trainer -   Recall: 0.98732
03/26/2026 19:32:14 - INFO - utils.trainer -   F_score: 0.72045
03/26/2026 19:32:14 - INFO - utils.trainer -   Specificity: 0.24648
03/26/2026 19:32:14 - INFO - utils.trainer -   Sensitivity: 0.98732
03/26/2026 19:32:14 - INFO - utils.trainer -   Loss: 0.65458
03/26/2026 19:32:14 - INFO - utils.trainer -    Train loss: 0.66381, Test loss: 0.65458,Epoch time = 2.233s
03/26/2026 19:32:14 - INFO - utils.trainer -   Saving model checkpoint to output_dir/LMDA
03/26/2026 19:32:16 - INFO - utils.trainer -   ***** Running evaluation on test1 dataset *****
03/26/2026 19:32:17 - INFO - utils.trainer -   AUC: 0.83344
03/26/2026 19:32:17 - INFO - utils.trainer -   Accuracy: 0.61197
03/26/2026 19:32:17 - INFO - utils.trainer -   Precision: 0.56365
03/26/2026 19:32:17 - INFO - utils.trainer -   Recall: 0.99155
03/26/2026 19:32:17 - INFO - utils.trainer -   F_score: 0.71873
03/26/2026 19:32:17 - INFO - utils.trainer -   Specificity: 0.23239
03/26/2026 19:32:17 - INFO - utils.trainer -   Sensitivity: 0.99155
03/26/2026 19:32:17 - INFO - utils.trainer -   Loss: 0.65434
03/26/2026 19:32:17 - INFO - utils.trainer -    Train loss: 0.66640, Test loss: 0.65434,Epoch time = 1.930s
03/26/2026 19:32:19 - INFO - utils.trainer -   ***** Running evaluation on test1 dataset *****
03/26/2026 19:32:19 - INFO - utils.trainer -   AUC: 0.83642
03/26/2026 19:32:19 - INFO - utils.trainer -   Accuracy: 0.61232
03/26/2026 19:32:19 - INFO - utils.trainer -   Precision: 0.56383
03/26/2026 19:32:19 - INFO - utils.trainer -   Recall: 0.99225
03/26/2026 19:32:19 - INFO - utils.trainer -   F_score: 0.71906
03/26/2026 19:32:19 - INFO - utils.trainer -   Specificity: 0.23239
03/26/2026 19:32:19 - INFO - utils.trainer -   Sensitivity: 0.99225
03/26/2026 19:32:19 - INFO - utils.trainer -   Loss: 0.65344
03/26/2026 19:32:19 - INFO - utils.trainer -    Train loss: 0.65725, Test loss: 0.65344,Epoch time = 1.767s
03/26/2026 19:32:20 - INFO - utils.trainer -   ***** Running evaluation on test1 dataset *****
03/26/2026 19:32:21 - INFO - utils.trainer -   AUC: 0.83570
03/26/2026 19:32:21 - INFO - utils.trainer -   Accuracy: 0.61761
03/26/2026 19:32:21 - INFO - utils.trainer -   Precision: 0.56767
03/26/2026 19:32:21 - INFO - utils.trainer -   Recall: 0.98662
03/26/2026 19:32:21 - INFO - utils.trainer -   F_score: 0.72068
03/26/2026 19:32:21 - INFO - utils.trainer -   Specificity: 0.24859
03/26/2026 19:32:21 - INFO - utils.trainer -   Sensitivity: 0.98662
03/26/2026 19:32:21 - INFO - utils.trainer -   Loss: 0.65137
03/26/2026 19:32:21 - INFO - utils.trainer -    Train loss: 0.65528, Test loss: 0.65137,Epoch time = 1.118s
03/26/2026 19:32:21 - INFO - utils.trainer -   Saving model checkpoint to output_dir/LMDA
03/26/2026 19:32:23 - INFO - utils.trainer -   ***** Running evaluation on test1 dataset *****
03/26/2026 19:32:24 - INFO - utils.trainer -   AUC: 0.83524
03/26/2026 19:32:24 - INFO - utils.trainer -   Accuracy: 0.61937
03/26/2026 19:32:24 - INFO - utils.trainer -   Precision: 0.56893
03/26/2026 19:32:24 - INFO - utils.trainer -   Recall: 0.98521
03/26/2026 19:32:24 - INFO - utils.trainer -   F_score: 0.72132
03/26/2026 19:32:24 - INFO - utils.trainer -   Specificity: 0.25352
03/26/2026 19:32:24 - INFO - utils.trainer -   Sensitivity: 0.98521
03/26/2026 19:32:24 - INFO - utils.trainer -   Loss: 0.65034
03/26/2026 19:32:24 - INFO - utils.trainer -    Train loss: 0.66198, Test loss: 0.65034,Epoch time = 2.146s
03/26/2026 19:32:24 - INFO - utils.trainer -   Saving model checkpoint to output_dir/LMDA
03/26/2026 19:32:26 - INFO - utils.trainer -   ***** Running evaluation on test1 dataset *****
03/26/2026 19:32:27 - INFO - utils.trainer -   AUC: 0.83806
03/26/2026 19:32:27 - INFO - utils.trainer -   Accuracy: 0.61796
03/26/2026 19:32:27 - INFO - utils.trainer -   Precision: 0.56784
03/26/2026 19:32:27 - INFO - utils.trainer -   Recall: 0.98732
03/26/2026 19:32:27 - INFO - utils.trainer -   F_score: 0.72101
03/26/2026 19:32:27 - INFO - utils.trainer -   Specificity: 0.24859
03/26/2026 19:32:27 - INFO - utils.trainer -   Sensitivity: 0.98732
03/26/2026 19:32:27 - INFO - utils.trainer -   Loss: 0.64939
03/26/2026 19:32:27 - INFO - utils.trainer -    Train loss: 0.65101, Test loss: 0.64939,Epoch time = 2.056s
03/26/2026 19:32:29 - INFO - utils.trainer -   ***** Running evaluation on test1 dataset *****
03/26/2026 19:32:30 - INFO - utils.trainer -   AUC: 0.84216
03/26/2026 19:32:30 - INFO - utils.trainer -   Accuracy: 0.61761
03/26/2026 19:32:30 - INFO - utils.trainer -   Precision: 0.56728
03/26/2026 19:32:30 - INFO - utils.trainer -   Recall: 0.99155
03/26/2026 19:32:30 - INFO - utils.trainer -   F_score: 0.72168
03/26/2026 19:32:30 - INFO - utils.trainer -   Specificity: 0.24366
03/26/2026 19:32:30 - INFO - utils.trainer -   Sensitivity: 0.99155
03/26/2026 19:32:30 - INFO - utils.trainer -   Loss: 0.64932
03/26/2026 19:32:30 - INFO - utils.trainer -    Train loss: 0.65634, Test loss: 0.64932,Epoch time = 1.822s
03/26/2026 19:32:32 - INFO - utils.trainer -   ***** Running evaluation on test1 dataset *****
03/26/2026 19:32:33 - INFO - utils.trainer -   AUC: 0.83957
03/26/2026 19:32:33 - INFO - utils.trainer -   Accuracy: 0.61690
03/26/2026 19:32:33 - INFO - utils.trainer -   Precision: 0.56704
03/26/2026 19:32:33 - INFO - utils.trainer -   Recall: 0.98873
03/26/2026 19:32:33 - INFO - utils.trainer -   F_score: 0.72074
03/26/2026 19:32:33 - INFO - utils.trainer -   Specificity: 0.24507
03/26/2026 19:32:33 - INFO - utils.trainer -   Sensitivity: 0.98873
03/26/2026 19:32:33 - INFO - utils.trainer -   Loss: 0.64924
03/26/2026 19:32:33 - INFO - utils.trainer -    Train loss: 0.65467, Test loss: 0.64924,Epoch time = 1.630s
03/26/2026 19:32:34 - INFO - utils.trainer -   ***** Running evaluation on test1 dataset *****
03/26/2026 19:32:35 - INFO - utils.trainer -   AUC: 0.84194
03/26/2026 19:32:35 - INFO - utils.trainer -   Accuracy: 0.61725
03/26/2026 19:32:35 - INFO - utils.trainer -   Precision: 0.56711
03/26/2026 19:32:35 - INFO - utils.trainer -   Recall: 0.99085
03/26/2026 19:32:35 - INFO - utils.trainer -   F_score: 0.72135
03/26/2026 19:32:35 - INFO - utils.trainer -   Specificity: 0.24366
03/26/2026 19:32:35 - INFO - utils.trainer -   Sensitivity: 0.99085
03/26/2026 19:32:35 - INFO - utils.trainer -   Loss: 0.64744
03/26/2026 19:32:35 - INFO - utils.trainer -    Train loss: 0.65926, Test loss: 0.64744,Epoch time = 1.941s
03/26/2026 19:32:38 - INFO - utils.trainer -   ***** Running evaluation on test1 dataset *****
03/26/2026 19:32:38 - INFO - utils.trainer -   AUC: 0.84083
03/26/2026 19:32:38 - INFO - utils.trainer -   Accuracy: 0.62711
03/26/2026 19:32:38 - INFO - utils.trainer -   Precision: 0.57462
03/26/2026 19:32:38 - INFO - utils.trainer -   Recall: 0.97887
03/26/2026 19:32:38 - INFO - utils.trainer -   F_score: 0.72415
03/26/2026 19:32:38 - INFO - utils.trainer -   Specificity: 0.27535
03/26/2026 19:32:38 - INFO - utils.trainer -   Sensitivity: 0.97887
03/26/2026 19:32:38 - INFO - utils.trainer -   Loss: 0.64188
03/26/2026 19:32:38 - INFO - utils.trainer -    Train loss: 0.65132, Test loss: 0.64188,Epoch time = 2.080s
03/26/2026 19:32:38 - INFO - utils.trainer -   Saving model checkpoint to output_dir/LMDA
03/26/2026 19:32:41 - INFO - utils.trainer -   ***** Running evaluation on test1 dataset *****
03/26/2026 19:32:42 - INFO - utils.trainer -   AUC: 0.84402
03/26/2026 19:32:42 - INFO - utils.trainer -   Accuracy: 0.62113
03/26/2026 19:32:42 - INFO - utils.trainer -   Precision: 0.56975
03/26/2026 19:32:42 - INFO - utils.trainer -   Recall: 0.98944
03/26/2026 19:32:42 - INFO - utils.trainer -   F_score: 0.72311
03/26/2026 19:32:42 - INFO - utils.trainer -   Specificity: 0.25282
03/26/2026 19:32:42 - INFO - utils.trainer -   Sensitivity: 0.98944
03/26/2026 19:32:42 - INFO - utils.trainer -   Loss: 0.64505
03/26/2026 19:32:42 - INFO - utils.trainer -    Train loss: 0.65079, Test loss: 0.64505,Epoch time = 2.199s
03/26/2026 19:32:44 - INFO - utils.trainer -   ***** Running evaluation on test1 dataset *****
03/26/2026 19:32:45 - INFO - utils.trainer -   AUC: 0.84270
03/26/2026 19:32:45 - INFO - utils.trainer -   Accuracy: 0.62887
03/26/2026 19:32:45 - INFO - utils.trainer -   Precision: 0.57575
03/26/2026 19:32:45 - INFO - utils.trainer -   Recall: 0.97958
03/26/2026 19:32:45 - INFO - utils.trainer -   F_score: 0.72523
03/26/2026 19:32:45 - INFO - utils.trainer -   Specificity: 0.27817
03/26/2026 19:32:45 - INFO - utils.trainer -   Sensitivity: 0.97958
03/26/2026 19:32:45 - INFO - utils.trainer -   Loss: 0.64040
03/26/2026 19:32:45 - INFO - utils.trainer -    Train loss: 0.64644, Test loss: 0.64040,Epoch time = 2.286s
03/26/2026 19:32:45 - INFO - utils.trainer -   Saving model checkpoint to output_dir/LMDA
03/26/2026 19:32:47 - INFO - utils.trainer -   ***** Running evaluation on test1 dataset *****
03/26/2026 19:32:48 - INFO - utils.trainer -   AUC: 0.84130
03/26/2026 19:32:48 - INFO - utils.trainer -   Accuracy: 0.62852
03/26/2026 19:32:48 - INFO - utils.trainer -   Precision: 0.57551
03/26/2026 19:32:48 - INFO - utils.trainer -   Recall: 0.97958
03/26/2026 19:32:48 - INFO - utils.trainer -   F_score: 0.72505
03/26/2026 19:32:48 - INFO - utils.trainer -   Specificity: 0.27746
03/26/2026 19:32:48 - INFO - utils.trainer -   Sensitivity: 0.97958
03/26/2026 19:32:48 - INFO - utils.trainer -   Loss: 0.64022
03/26/2026 19:32:48 - INFO - utils.trainer -    Train loss: 0.65337, Test loss: 0.64022,Epoch time = 2.000s
03/26/2026 19:32:50 - INFO - utils.trainer -   ***** Running evaluation on test1 dataset *****
03/26/2026 19:32:51 - INFO - utils.trainer -   AUC: 0.84341
03/26/2026 19:32:51 - INFO - utils.trainer -   Accuracy: 0.62535
03/26/2026 19:32:51 - INFO - utils.trainer -   Precision: 0.57331
03/26/2026 19:32:51 - INFO - utils.trainer -   Recall: 0.98028
03/26/2026 19:32:51 - INFO - utils.trainer -   F_score: 0.72349
03/26/2026 19:32:51 - INFO - utils.trainer -   Specificity: 0.27042
03/26/2026 19:32:51 - INFO - utils.trainer -   Sensitivity: 0.98028
03/26/2026 19:32:51 - INFO - utils.trainer -   Loss: 0.64215
03/26/2026 19:32:51 - INFO - utils.trainer -    Train loss: 0.65391, Test loss: 0.64215,Epoch time = 2.032s
03/26/2026 19:32:53 - INFO - utils.trainer -   ***** Running evaluation on test1 dataset *****
03/26/2026 19:32:54 - INFO - utils.trainer -   AUC: 0.84247
03/26/2026 19:32:54 - INFO - utils.trainer -   Accuracy: 0.62746
03/26/2026 19:32:54 - INFO - utils.trainer -   Precision: 0.57473
03/26/2026 19:32:54 - INFO - utils.trainer -   Recall: 0.98028
03/26/2026 19:32:54 - INFO - utils.trainer -   F_score: 0.72462
03/26/2026 19:32:54 - INFO - utils.trainer -   Specificity: 0.27465
03/26/2026 19:32:54 - INFO - utils.trainer -   Sensitivity: 0.98028
03/26/2026 19:32:54 - INFO - utils.trainer -   Loss: 0.64195
03/26/2026 19:32:54 - INFO - utils.trainer -    Train loss: 0.64606, Test loss: 0.64195,Epoch time = 1.885s
03/26/2026 19:32:56 - INFO - utils.trainer -   ***** Running evaluation on test1 dataset *****
03/26/2026 19:32:57 - INFO - utils.trainer -   AUC: 0.84276
03/26/2026 19:32:57 - INFO - utils.trainer -   Accuracy: 0.62958
03/26/2026 19:32:57 - INFO - utils.trainer -   Precision: 0.57641
03/26/2026 19:32:57 - INFO - utils.trainer -   Recall: 0.97746
03/26/2026 19:32:57 - INFO - utils.trainer -   F_score: 0.72518
03/26/2026 19:32:57 - INFO - utils.trainer -   Specificity: 0.28169
03/26/2026 19:32:57 - INFO - utils.trainer -   Sensitivity: 0.97746
03/26/2026 19:32:57 - INFO - utils.trainer -   Loss: 0.63947
03/26/2026 19:32:57 - INFO - utils.trainer -    Train loss: 0.64150, Test loss: 0.63947,Epoch time = 2.358s
03/26/2026 19:32:57 - INFO - utils.trainer -   Saving model checkpoint to output_dir/LMDA
03/26/2026 19:32:58 - INFO - utils.trainer -   ***** Running evaluation on test1 dataset *****
03/26/2026 19:32:59 - INFO - utils.trainer -   AUC: 0.84316
03/26/2026 19:32:59 - INFO - utils.trainer -   Accuracy: 0.64401
03/26/2026 19:32:59 - INFO - utils.trainer -   Precision: 0.58669
03/26/2026 19:32:59 - INFO - utils.trainer -   Recall: 0.97465
03/26/2026 19:32:59 - INFO - utils.trainer -   F_score: 0.73247
03/26/2026 19:32:59 - INFO - utils.trainer -   Specificity: 0.31338
03/26/2026 19:32:59 - INFO - utils.trainer -   Sensitivity: 0.97465
03/26/2026 19:32:59 - INFO - utils.trainer -   Loss: 0.63486
03/26/2026 19:32:59 - INFO - utils.trainer -    Train loss: 0.64227, Test loss: 0.63486,Epoch time = 1.554s
03/26/2026 19:32:59 - INFO - utils.trainer -   Saving model checkpoint to output_dir/LMDA
03/26/2026 19:33:01 - INFO - utils.trainer -   ***** Running evaluation on test1 dataset *****
03/26/2026 19:33:02 - INFO - utils.trainer -   AUC: 0.84489
03/26/2026 19:33:02 - INFO - utils.trainer -   Accuracy: 0.62782
03/26/2026 19:33:02 - INFO - utils.trainer -   Precision: 0.57503
03/26/2026 19:33:02 - INFO - utils.trainer -   Recall: 0.97958
03/26/2026 19:33:02 - INFO - utils.trainer -   F_score: 0.72467
03/26/2026 19:33:02 - INFO - utils.trainer -   Specificity: 0.27606
03/26/2026 19:33:02 - INFO - utils.trainer -   Sensitivity: 0.97958
03/26/2026 19:33:02 - INFO - utils.trainer -   Loss: 0.63901
03/26/2026 19:33:02 - INFO - utils.trainer -    Train loss: 0.64371, Test loss: 0.63901,Epoch time = 1.711s
03/26/2026 19:33:04 - INFO - utils.trainer -   ***** Running evaluation on test1 dataset *****
03/26/2026 19:33:05 - INFO - utils.trainer -   AUC: 0.84485
03/26/2026 19:33:05 - INFO - utils.trainer -   Accuracy: 0.63310
03/26/2026 19:33:05 - INFO - utils.trainer -   Precision: 0.57882
03/26/2026 19:33:05 - INFO - utils.trainer -   Recall: 0.97746
03/26/2026 19:33:05 - INFO - utils.trainer -   F_score: 0.72708
03/26/2026 19:33:05 - INFO - utils.trainer -   Specificity: 0.28873
03/26/2026 19:33:05 - INFO - utils.trainer -   Sensitivity: 0.97746
03/26/2026 19:33:05 - INFO - utils.trainer -   Loss: 0.63724
03/26/2026 19:33:05 - INFO - utils.trainer -    Train loss: 0.64025, Test loss: 0.63724,Epoch time = 1.977s
03/26/2026 19:33:07 - INFO - utils.trainer -   ***** Running evaluation on test1 dataset *****
03/26/2026 19:33:08 - INFO - utils.trainer -   AUC: 0.84573
03/26/2026 19:33:08 - INFO - utils.trainer -   Accuracy: 0.62535
03/26/2026 19:33:08 - INFO - utils.trainer -   Precision: 0.57301
03/26/2026 19:33:08 - INFO - utils.trainer -   Recall: 0.98380
03/26/2026 19:33:08 - INFO - utils.trainer -   F_score: 0.72421
03/26/2026 19:33:08 - INFO - utils.trainer -   Specificity: 0.26690
03/26/2026 19:33:08 - INFO - utils.trainer -   Sensitivity: 0.98380
03/26/2026 19:33:08 - INFO - utils.trainer -   Loss: 0.64029
03/26/2026 19:33:08 - INFO - utils.trainer -    Train loss: 0.64326, Test loss: 0.64029,Epoch time = 1.935s
03/26/2026 19:33:09 - INFO - utils.trainer -   ***** Running evaluation on test1 dataset *****
03/26/2026 19:33:10 - INFO - utils.trainer -   AUC: 0.84538
03/26/2026 19:33:10 - INFO - utils.trainer -   Accuracy: 0.63979
03/26/2026 19:33:10 - INFO - utils.trainer -   Precision: 0.58351
03/26/2026 19:33:10 - INFO - utils.trainer -   Recall: 0.97676
03/26/2026 19:33:10 - INFO - utils.trainer -   F_score: 0.73058
03/26/2026 19:33:10 - INFO - utils.trainer -   Specificity: 0.30282
03/26/2026 19:33:10 - INFO - utils.trainer -   Sensitivity: 0.97676
03/26/2026 19:33:10 - INFO - utils.trainer -   Loss: 0.63515
03/26/2026 19:33:10 - INFO - utils.trainer -    Train loss: 0.64111, Test loss: 0.63515,Epoch time = 1.415s
03/26/2026 19:33:12 - INFO - utils.trainer -   ***** Running evaluation on test1 dataset *****
03/26/2026 19:33:13 - INFO - utils.trainer -   AUC: 0.84625
03/26/2026 19:33:13 - INFO - utils.trainer -   Accuracy: 0.63908
03/26/2026 19:33:13 - INFO - utils.trainer -   Precision: 0.58281
03/26/2026 19:33:13 - INFO - utils.trainer -   Recall: 0.97887
03/26/2026 19:33:13 - INFO - utils.trainer -   F_score: 0.73062
03/26/2026 19:33:13 - INFO - utils.trainer -   Specificity: 0.29930
03/26/2026 19:33:13 - INFO - utils.trainer -   Sensitivity: 0.97887
03/26/2026 19:33:13 - INFO - utils.trainer -   Loss: 0.63463
03/26/2026 19:33:13 - INFO - utils.trainer -    Train loss: 0.64323, Test loss: 0.63463,Epoch time = 1.815s
03/26/2026 19:33:15 - INFO - utils.trainer -   ***** Running evaluation on test1 dataset *****
03/26/2026 19:33:16 - INFO - utils.trainer -   AUC: 0.84545
03/26/2026 19:33:16 - INFO - utils.trainer -   Accuracy: 0.65493
03/26/2026 19:33:16 - INFO - utils.trainer -   Precision: 0.59532
03/26/2026 19:33:16 - INFO - utils.trainer -   Recall: 0.96761
03/26/2026 19:33:16 - INFO - utils.trainer -   F_score: 0.73712
03/26/2026 19:33:16 - INFO - utils.trainer -   Specificity: 0.34225
03/26/2026 19:33:16 - INFO - utils.trainer -   Sensitivity: 0.96761
03/26/2026 19:33:16 - INFO - utils.trainer -   Loss: 0.63082
03/26/2026 19:33:16 - INFO - utils.trainer -    Train loss: 0.64036, Test loss: 0.63082,Epoch time = 2.120s
03/26/2026 19:33:16 - INFO - utils.trainer -   Saving model checkpoint to output_dir/LMDA
03/26/2026 19:33:18 - INFO - utils.trainer -   ***** Running evaluation on test1 dataset *****
03/26/2026 19:33:19 - INFO - utils.trainer -   AUC: 0.84676
03/26/2026 19:33:19 - INFO - utils.trainer -   Accuracy: 0.65106
03/26/2026 19:33:19 - INFO - utils.trainer -   Precision: 0.59194
03/26/2026 19:33:19 - INFO - utils.trainer -   Recall: 0.97254
03/26/2026 19:33:19 - INFO - utils.trainer -   F_score: 0.73594
03/26/2026 19:33:19 - INFO - utils.trainer -   Specificity: 0.32958
03/26/2026 19:33:19 - INFO - utils.trainer -   Sensitivity: 0.97254
03/26/2026 19:33:19 - INFO - utils.trainer -   Loss: 0.63034
03/26/2026 19:33:19 - INFO - utils.trainer -    Train loss: 0.63799, Test loss: 0.63034,Epoch time = 1.565s
03/26/2026 19:33:20 - INFO - utils.trainer -   ***** Running evaluation on test1 dataset *****
03/26/2026 19:33:21 - INFO - utils.trainer -   AUC: 0.84630
03/26/2026 19:33:21 - INFO - utils.trainer -   Accuracy: 0.65000
03/26/2026 19:33:21 - INFO - utils.trainer -   Precision: 0.59134
03/26/2026 19:33:21 - INFO - utils.trainer -   Recall: 0.97113
03/26/2026 19:33:21 - INFO - utils.trainer -   F_score: 0.73507
03/26/2026 19:33:21 - INFO - utils.trainer -   Specificity: 0.32887
03/26/2026 19:33:21 - INFO - utils.trainer -   Sensitivity: 0.97113
03/26/2026 19:33:21 - INFO - utils.trainer -   Loss: 0.63247
03/26/2026 19:33:21 - INFO - utils.trainer -    Train loss: 0.63819, Test loss: 0.63247,Epoch time = 1.547s
03/26/2026 19:33:22 - INFO - utils.trainer -   ***** Running evaluation on test1 dataset *****
03/26/2026 19:33:23 - INFO - utils.trainer -   AUC: 0.84715
03/26/2026 19:33:23 - INFO - utils.trainer -   Accuracy: 0.64683
03/26/2026 19:33:23 - INFO - utils.trainer -   Precision: 0.58869
03/26/2026 19:33:23 - INFO - utils.trainer -   Recall: 0.97465
03/26/2026 19:33:23 - INFO - utils.trainer -   F_score: 0.73402
03/26/2026 19:33:23 - INFO - utils.trainer -   Specificity: 0.31901
03/26/2026 19:33:23 - INFO - utils.trainer -   Sensitivity: 0.97465
03/26/2026 19:33:23 - INFO - utils.trainer -   Loss: 0.63172
03/26/2026 19:33:23 - INFO - utils.trainer -    Train loss: 0.63428, Test loss: 0.63172,Epoch time = 1.109s
03/26/2026 19:33:25 - INFO - utils.trainer -   ***** Running evaluation on test1 dataset *****
03/26/2026 19:33:26 - INFO - utils.trainer -   AUC: 0.84605
03/26/2026 19:33:26 - INFO - utils.trainer -   Accuracy: 0.65739
03/26/2026 19:33:26 - INFO - utils.trainer -   Precision: 0.59756
03/26/2026 19:33:26 - INFO - utils.trainer -   Recall: 0.96408
03/26/2026 19:33:26 - INFO - utils.trainer -   F_score: 0.73781
03/26/2026 19:33:26 - INFO - utils.trainer -   Specificity: 0.35070
03/26/2026 19:33:26 - INFO - utils.trainer -   Sensitivity: 0.96408
03/26/2026 19:33:26 - INFO - utils.trainer -   Loss: 0.62779
03/26/2026 19:33:26 - INFO - utils.trainer -    Train loss: 0.63600, Test loss: 0.62779,Epoch time = 1.782s
03/26/2026 19:33:26 - INFO - utils.trainer -   Saving model checkpoint to output_dir/LMDA
03/26/2026 19:33:28 - INFO - utils.trainer -   ***** Running evaluation on test1 dataset *****
03/26/2026 19:33:29 - INFO - utils.trainer -   AUC: 0.84822
03/26/2026 19:33:29 - INFO - utils.trainer -   Accuracy: 0.65000
03/26/2026 19:33:29 - INFO - utils.trainer -   Precision: 0.59110
03/26/2026 19:33:29 - INFO - utils.trainer -   Recall: 0.97324
03/26/2026 19:33:29 - INFO - utils.trainer -   F_score: 0.73550
03/26/2026 19:33:29 - INFO - utils.trainer -   Specificity: 0.32676
03/26/2026 19:33:29 - INFO - utils.trainer -   Sensitivity: 0.97324
03/26/2026 19:33:29 - INFO - utils.trainer -   Loss: 0.62930
03/26/2026 19:33:29 - INFO - utils.trainer -    Train loss: 0.64115, Test loss: 0.62930,Epoch time = 1.585s
03/26/2026 19:33:30 - INFO - utils.trainer -   ***** Running evaluation on test1 dataset *****
03/26/2026 19:33:31 - INFO - utils.trainer -   AUC: 0.84842
03/26/2026 19:33:31 - INFO - utils.trainer -   Accuracy: 0.65599
03/26/2026 19:33:31 - INFO - utils.trainer -   Precision: 0.59610
03/26/2026 19:33:31 - INFO - utils.trainer -   Recall: 0.96761
03/26/2026 19:33:31 - INFO - utils.trainer -   F_score: 0.73772
03/26/2026 19:33:31 - INFO - utils.trainer -   Specificity: 0.34437
03/26/2026 19:33:31 - INFO - utils.trainer -   Sensitivity: 0.96761
03/26/2026 19:33:31 - INFO - utils.trainer -   Loss: 0.62918
03/26/2026 19:33:31 - INFO - utils.trainer -    Train loss: 0.64172, Test loss: 0.62918,Epoch time = 1.908s
03/26/2026 19:33:34 - INFO - utils.trainer -   ***** Running evaluation on test1 dataset *****
03/26/2026 19:33:35 - INFO - utils.trainer -   AUC: 0.84820
03/26/2026 19:33:35 - INFO - utils.trainer -   Accuracy: 0.65915
03/26/2026 19:33:35 - INFO - utils.trainer -   Precision: 0.59860
03/26/2026 19:33:35 - INFO - utils.trainer -   Recall: 0.96620
03/26/2026 19:33:35 - INFO - utils.trainer -   F_score: 0.73922
03/26/2026 19:33:35 - INFO - utils.trainer -   Specificity: 0.35211
03/26/2026 19:33:35 - INFO - utils.trainer -   Sensitivity: 0.96620
03/26/2026 19:33:35 - INFO - utils.trainer -   Loss: 0.62763
03/26/2026 19:33:35 - INFO - utils.trainer -    Train loss: 0.63653, Test loss: 0.62763,Epoch time = 2.170s
03/26/2026 19:33:35 - INFO - utils.trainer -   Saving model checkpoint to output_dir/LMDA
03/26/2026 19:33:37 - INFO - utils.trainer -   ***** Running evaluation on test1 dataset *****
03/26/2026 19:33:38 - INFO - utils.trainer -   AUC: 0.84911
03/26/2026 19:33:38 - INFO - utils.trainer -   Accuracy: 0.65915
03/26/2026 19:33:38 - INFO - utils.trainer -   Precision: 0.59843
03/26/2026 19:33:38 - INFO - utils.trainer -   Recall: 0.96761
03/26/2026 19:33:38 - INFO - utils.trainer -   F_score: 0.73950
03/26/2026 19:33:38 - INFO - utils.trainer -   Specificity: 0.35070
03/26/2026 19:33:38 - INFO - utils.trainer -   Sensitivity: 0.96761
03/26/2026 19:33:38 - INFO - utils.trainer -   Loss: 0.62440
03/26/2026 19:33:38 - INFO - utils.trainer -    Train loss: 0.63610, Test loss: 0.62440,Epoch time = 1.985s
03/26/2026 19:33:38 - INFO - utils.trainer -   Saving model checkpoint to output_dir/LMDA
03/26/2026 19:33:39 - INFO - utils.trainer -   ***** Running evaluation on test1 dataset *****
03/26/2026 19:33:40 - INFO - utils.trainer -   AUC: 0.84888
03/26/2026 19:33:40 - INFO - utils.trainer -   Accuracy: 0.66444
03/26/2026 19:33:40 - INFO - utils.trainer -   Precision: 0.60300
03/26/2026 19:33:40 - INFO - utils.trainer -   Recall: 0.96268
03/26/2026 19:33:40 - INFO - utils.trainer -   F_score: 0.74152
03/26/2026 19:33:40 - INFO - utils.trainer -   Specificity: 0.36620
03/26/2026 19:33:40 - INFO - utils.trainer -   Sensitivity: 0.96268
03/26/2026 19:33:40 - INFO - utils.trainer -   Loss: 0.62520
03/26/2026 19:33:40 - INFO - utils.trainer -    Train loss: 0.63266, Test loss: 0.62520,Epoch time = 1.872s
03/26/2026 19:33:40 - INFO - utils.trainer -   Saving model checkpoint to output_dir/LMDA
03/26/2026 19:33:42 - INFO - utils.trainer -   ***** Running evaluation on test1 dataset *****
03/26/2026 19:33:43 - INFO - utils.trainer -   AUC: 0.84738
03/26/2026 19:33:43 - INFO - utils.trainer -   Accuracy: 0.69366
03/26/2026 19:33:43 - INFO - utils.trainer -   Precision: 0.62959
03/26/2026 19:33:43 - INFO - utils.trainer -   Recall: 0.94085
03/26/2026 19:33:43 - INFO - utils.trainer -   F_score: 0.75438
03/26/2026 19:33:43 - INFO - utils.trainer -   Specificity: 0.44648
03/26/2026 19:33:43 - INFO - utils.trainer -   Sensitivity: 0.94085
03/26/2026 19:33:43 - INFO - utils.trainer -   Loss: 0.62365
03/26/2026 19:33:43 - INFO - utils.trainer -    Train loss: 0.63509, Test loss: 0.62365,Epoch time = 1.914s
03/26/2026 19:33:43 - INFO - utils.trainer -   Saving model checkpoint to output_dir/LMDA
03/26/2026 19:33:45 - INFO - utils.trainer -   ***** Running evaluation on test1 dataset *****
03/26/2026 19:33:46 - INFO - utils.trainer -   AUC: 0.84938
03/26/2026 19:33:46 - INFO - utils.trainer -   Accuracy: 0.66831
03/26/2026 19:33:46 - INFO - utils.trainer -   Precision: 0.60613
03/26/2026 19:33:46 - INFO - utils.trainer -   Recall: 0.96127
03/26/2026 19:33:46 - INFO - utils.trainer -   F_score: 0.74346
03/26/2026 19:33:46 - INFO - utils.trainer -   Specificity: 0.37535
03/26/2026 19:33:46 - INFO - utils.trainer -   Sensitivity: 0.96127
03/26/2026 19:33:46 - INFO - utils.trainer -   Loss: 0.62475
03/26/2026 19:33:46 - INFO - utils.trainer -    Train loss: 0.63005, Test loss: 0.62475,Epoch time = 2.150s
03/26/2026 19:33:49 - INFO - utils.trainer -   ***** Running evaluation on test1 dataset *****
03/26/2026 19:33:50 - INFO - utils.trainer -   AUC: 0.84874
03/26/2026 19:33:50 - INFO - utils.trainer -   Accuracy: 0.67465
03/26/2026 19:33:50 - INFO - utils.trainer -   Precision: 0.61161
03/26/2026 19:33:50 - INFO - utils.trainer -   Recall: 0.95704
03/26/2026 19:33:50 - INFO - utils.trainer -   F_score: 0.74629
03/26/2026 19:33:50 - INFO - utils.trainer -   Specificity: 0.39225
03/26/2026 19:33:50 - INFO - utils.trainer -   Sensitivity: 0.95704
03/26/2026 19:33:50 - INFO - utils.trainer -   Loss: 0.62545
03/26/2026 19:33:50 - INFO - utils.trainer -    Train loss: 0.63830, Test loss: 0.62545,Epoch time = 2.343s
03/26/2026 19:33:52 - INFO - utils.trainer -   ***** Running evaluation on test1 dataset *****
03/26/2026 19:33:53 - INFO - utils.trainer -   AUC: 0.84943
03/26/2026 19:33:53 - INFO - utils.trainer -   Accuracy: 0.67993
03/26/2026 19:33:53 - INFO - utils.trainer -   Precision: 0.61566
03/26/2026 19:33:53 - INFO - utils.trainer -   Recall: 0.95775
03/26/2026 19:33:53 - INFO - utils.trainer -   F_score: 0.74952
03/26/2026 19:33:53 - INFO - utils.trainer -   Specificity: 0.40211
03/26/2026 19:33:53 - INFO - utils.trainer -   Sensitivity: 0.95775
03/26/2026 19:33:53 - INFO - utils.trainer -   Loss: 0.62147
03/26/2026 19:33:53 - INFO - utils.trainer -    Train loss: 0.63443, Test loss: 0.62147,Epoch time = 2.076s
03/26/2026 19:33:55 - INFO - utils.trainer -   ***** Running evaluation on test1 dataset *****
03/26/2026 19:33:56 - INFO - utils.trainer -   AUC: 0.84957
03/26/2026 19:33:56 - INFO - utils.trainer -   Accuracy: 0.67042
03/26/2026 19:33:56 - INFO - utils.trainer -   Precision: 0.60765
03/26/2026 19:33:56 - INFO - utils.trainer -   Recall: 0.96197
03/26/2026 19:33:56 - INFO - utils.trainer -   F_score: 0.74482
03/26/2026 19:33:56 - INFO - utils.trainer -   Specificity: 0.37887
03/26/2026 19:33:56 - INFO - utils.trainer -   Sensitivity: 0.96197
03/26/2026 19:33:56 - INFO - utils.trainer -   Loss: 0.62426
03/26/2026 19:33:56 - INFO - utils.trainer -    Train loss: 0.62357, Test loss: 0.62426,Epoch time = 2.129s
03/26/2026 19:33:57 - INFO - utils.trainer -   ***** Running evaluation on test1 dataset *****
03/26/2026 19:33:58 - INFO - utils.trainer -   AUC: 0.84912
03/26/2026 19:33:58 - INFO - utils.trainer -   Accuracy: 0.68732
03/26/2026 19:33:58 - INFO - utils.trainer -   Precision: 0.62269
03/26/2026 19:33:58 - INFO - utils.trainer -   Recall: 0.95070
03/26/2026 19:33:58 - INFO - utils.trainer -   F_score: 0.75251
03/26/2026 19:33:58 - INFO - utils.trainer -   Specificity: 0.42394
03/26/2026 19:33:58 - INFO - utils.trainer -   Sensitivity: 0.95070
03/26/2026 19:33:58 - INFO - utils.trainer -   Loss: 0.62003
03/26/2026 19:33:58 - INFO - utils.trainer -    Train loss: 0.63157, Test loss: 0.62003,Epoch time = 1.561s
03/26/2026 19:34:00 - INFO - utils.trainer -   ***** Running evaluation on test1 dataset *****
03/26/2026 19:34:01 - INFO - utils.trainer -   AUC: 0.84969
03/26/2026 19:34:01 - INFO - utils.trainer -   Accuracy: 0.68486
03/26/2026 19:34:01 - INFO - utils.trainer -   Precision: 0.62080
03/26/2026 19:34:01 - INFO - utils.trainer -   Recall: 0.95000
03/26/2026 19:34:01 - INFO - utils.trainer -   F_score: 0.75090
03/26/2026 19:34:01 - INFO - utils.trainer -   Specificity: 0.41972
03/26/2026 19:34:01 - INFO - utils.trainer -   Sensitivity: 0.95000
03/26/2026 19:34:01 - INFO - utils.trainer -   Loss: 0.62040
03/26/2026 19:34:01 - INFO - utils.trainer -    Train loss: 0.63250, Test loss: 0.62040,Epoch time = 1.953s
03/26/2026 19:34:03 - INFO - utils.trainer -   ***** Running evaluation on test1 dataset *****
03/26/2026 19:34:04 - INFO - utils.trainer -   AUC: 0.84868
03/26/2026 19:34:04 - INFO - utils.trainer -   Accuracy: 0.70739
03/26/2026 19:34:04 - INFO - utils.trainer -   Precision: 0.64443
03/26/2026 19:34:04 - INFO - utils.trainer -   Recall: 0.92535
03/26/2026 19:34:04 - INFO - utils.trainer -   F_score: 0.75976
03/26/2026 19:34:04 - INFO - utils.trainer -   Specificity: 0.48944
03/26/2026 19:34:04 - INFO - utils.trainer -   Sensitivity: 0.92535
03/26/2026 19:34:04 - INFO - utils.trainer -   Loss: 0.61788
03/26/2026 19:34:04 - INFO - utils.trainer -    Train loss: 0.63424, Test loss: 0.61788,Epoch time = 1.704s
03/26/2026 19:34:04 - INFO - utils.trainer -   Saving model checkpoint to output_dir/LMDA
03/26/2026 19:34:06 - INFO - utils.trainer -   ***** Running evaluation on test1 dataset *****
03/26/2026 19:34:07 - INFO - utils.trainer -   AUC: 0.84979
03/26/2026 19:34:07 - INFO - utils.trainer -   Accuracy: 0.71162
03/26/2026 19:34:07 - INFO - utils.trainer -   Precision: 0.64928
03/26/2026 19:34:07 - INFO - utils.trainer -   Recall: 0.92042
03/26/2026 19:34:07 - INFO - utils.trainer -   F_score: 0.76143
03/26/2026 19:34:07 - INFO - utils.trainer -   Specificity: 0.50282
03/26/2026 19:34:07 - INFO - utils.trainer -   Sensitivity: 0.92042
03/26/2026 19:34:07 - INFO - utils.trainer -   Loss: 0.61931
03/26/2026 19:34:07 - INFO - utils.trainer -    Train loss: 0.63626, Test loss: 0.61931,Epoch time = 1.997s
03/26/2026 19:34:07 - INFO - utils.trainer -   Saving model checkpoint to output_dir/LMDA
03/26/2026 19:34:08 - INFO - utils.trainer -   ***** Running evaluation on test1 dataset *****
03/26/2026 19:34:09 - INFO - utils.trainer -   AUC: 0.85021
03/26/2026 19:34:09 - INFO - utils.trainer -   Accuracy: 0.69789
03/26/2026 19:34:09 - INFO - utils.trainer -   Precision: 0.63267
03/26/2026 19:34:09 - INFO - utils.trainer -   Recall: 0.94366
03/26/2026 19:34:09 - INFO - utils.trainer -   F_score: 0.75749
03/26/2026 19:34:09 - INFO - utils.trainer -   Specificity: 0.45211
03/26/2026 19:34:09 - INFO - utils.trainer -   Sensitivity: 0.94366
03/26/2026 19:34:09 - INFO - utils.trainer -   Loss: 0.62007
03/26/2026 19:34:09 - INFO - utils.trainer -    Train loss: 0.63186, Test loss: 0.62007,Epoch time = 1.575s
03/26/2026 19:34:12 - INFO - utils.trainer -   ***** Running evaluation on test1 dataset *****
03/26/2026 19:34:12 - INFO - utils.trainer -   AUC: 0.85059
03/26/2026 19:34:12 - INFO - utils.trainer -   Accuracy: 0.68732
03/26/2026 19:34:12 - INFO - utils.trainer -   Precision: 0.62315
03/26/2026 19:34:12 - INFO - utils.trainer -   Recall: 0.94789
03/26/2026 19:34:12 - INFO - utils.trainer -   F_score: 0.75196
03/26/2026 19:34:12 - INFO - utils.trainer -   Specificity: 0.42676
03/26/2026 19:34:12 - INFO - utils.trainer -   Sensitivity: 0.94789
03/26/2026 19:34:12 - INFO - utils.trainer -   Loss: 0.61985
03/26/2026 19:34:12 - INFO - utils.trainer -    Train loss: 0.63095, Test loss: 0.61985,Epoch time = 2.224s
03/26/2026 19:34:14 - INFO - utils.trainer -   ***** Running evaluation on test1 dataset *****
03/26/2026 19:34:15 - INFO - utils.trainer -   AUC: 0.84976
03/26/2026 19:34:15 - INFO - utils.trainer -   Accuracy: 0.70317
03/26/2026 19:34:15 - INFO - utils.trainer -   Precision: 0.63810
03/26/2026 19:34:15 - INFO - utils.trainer -   Recall: 0.93873
03/26/2026 19:34:15 - INFO - utils.trainer -   F_score: 0.75976
03/26/2026 19:34:15 - INFO - utils.trainer -   Specificity: 0.46761
03/26/2026 19:34:15 - INFO - utils.trainer -   Sensitivity: 0.93873
03/26/2026 19:34:15 - INFO - utils.trainer -   Loss: 0.61968
03/26/2026 19:34:15 - INFO - utils.trainer -    Train loss: 0.63200, Test loss: 0.61968,Epoch time = 1.346s
03/26/2026 19:34:17 - INFO - utils.trainer -   ***** Running evaluation on test1 dataset *****
03/26/2026 19:34:18 - INFO - utils.trainer -   AUC: 0.85013
03/26/2026 19:34:18 - INFO - utils.trainer -   Accuracy: 0.70141
03/26/2026 19:34:18 - INFO - utils.trainer -   Precision: 0.63606
03/26/2026 19:34:18 - INFO - utils.trainer -   Recall: 0.94155
03/26/2026 19:34:18 - INFO - utils.trainer -   F_score: 0.75923
03/26/2026 19:34:18 - INFO - utils.trainer -   Specificity: 0.46127
03/26/2026 19:34:18 - INFO - utils.trainer -   Sensitivity: 0.94155
03/26/2026 19:34:18 - INFO - utils.trainer -   Loss: 0.61780
03/26/2026 19:34:18 - INFO - utils.trainer -    Train loss: 0.63126, Test loss: 0.61780,Epoch time = 2.084s
03/26/2026 19:34:20 - INFO - utils.trainer -   ***** Running evaluation on test1 dataset *****
03/26/2026 19:34:21 - INFO - utils.trainer -   AUC: 0.85000
03/26/2026 19:34:21 - INFO - utils.trainer -   Accuracy: 0.70493
03/26/2026 19:34:21 - INFO - utils.trainer -   Precision: 0.64044
03/26/2026 19:34:21 - INFO - utils.trainer -   Recall: 0.93451
03/26/2026 19:34:21 - INFO - utils.trainer -   F_score: 0.76002
03/26/2026 19:34:21 - INFO - utils.trainer -   Specificity: 0.47535
03/26/2026 19:34:21 - INFO - utils.trainer -   Sensitivity: 0.93451
03/26/2026 19:34:21 - INFO - utils.trainer -   Loss: 0.61596
03/26/2026 19:34:21 - INFO - utils.trainer -    Train loss: 0.62777, Test loss: 0.61596,Epoch time = 1.854s
03/26/2026 19:34:22 - INFO - utils.trainer -   ***** Running evaluation on test1 dataset *****
03/26/2026 19:34:23 - INFO - utils.trainer -   AUC: 0.84989
03/26/2026 19:34:23 - INFO - utils.trainer -   Accuracy: 0.72183
03/26/2026 19:34:23 - INFO - utils.trainer -   Precision: 0.66104
03/26/2026 19:34:23 - INFO - utils.trainer -   Recall: 0.91056
03/26/2026 19:34:23 - INFO - utils.trainer -   F_score: 0.76600
03/26/2026 19:34:23 - INFO - utils.trainer -   Specificity: 0.53310
03/26/2026 19:34:23 - INFO - utils.trainer -   Sensitivity: 0.91056
03/26/2026 19:34:23 - INFO - utils.trainer -   Loss: 0.61616
03/26/2026 19:34:23 - INFO - utils.trainer -    Train loss: 0.62833, Test loss: 0.61616,Epoch time = 1.873s
03/26/2026 19:34:23 - INFO - utils.trainer -   Saving model checkpoint to output_dir/LMDA
03/26/2026 19:34:25 - INFO - utils.trainer -   ***** Running evaluation on test1 dataset *****
03/26/2026 19:34:26 - INFO - utils.trainer -   AUC: 0.84965
03/26/2026 19:34:26 - INFO - utils.trainer -   Accuracy: 0.73451
03/26/2026 19:34:26 - INFO - utils.trainer -   Precision: 0.67961
03/26/2026 19:34:26 - INFO - utils.trainer -   Recall: 0.88732
03/26/2026 19:34:26 - INFO - utils.trainer -   F_score: 0.76970
03/26/2026 19:34:26 - INFO - utils.trainer -   Specificity: 0.58169
03/26/2026 19:34:26 - INFO - utils.trainer -   Sensitivity: 0.88732
03/26/2026 19:34:26 - INFO - utils.trainer -   Loss: 0.61629
03/26/2026 19:34:26 - INFO - utils.trainer -    Train loss: 0.63313, Test loss: 0.61629,Epoch time = 1.611s
03/26/2026 19:34:26 - INFO - utils.trainer -   Saving model checkpoint to output_dir/LMDA
03/26/2026 19:34:27 - INFO - utils.trainer -   ***** Running evaluation on test1 dataset *****
03/26/2026 19:34:28 - INFO - utils.trainer -   AUC: 0.84986
03/26/2026 19:34:28 - INFO - utils.trainer -   Accuracy: 0.72465
03/26/2026 19:34:28 - INFO - utils.trainer -   Precision: 0.66477
03/26/2026 19:34:28 - INFO - utils.trainer -   Recall: 0.90634
03/26/2026 19:34:28 - INFO - utils.trainer -   F_score: 0.76698
03/26/2026 19:34:28 - INFO - utils.trainer -   Specificity: 0.54296
03/26/2026 19:34:28 - INFO - utils.trainer -   Sensitivity: 0.90634
03/26/2026 19:34:28 - INFO - utils.trainer -   Loss: 0.61515
03/26/2026 19:34:28 - INFO - utils.trainer -    Train loss: 0.62610, Test loss: 0.61515,Epoch time = 1.457s
03/26/2026 19:34:30 - INFO - utils.trainer -   ***** Running evaluation on test1 dataset *****
03/26/2026 19:34:31 - INFO - utils.trainer -   AUC: 0.84986
03/26/2026 19:34:31 - INFO - utils.trainer -   Accuracy: 0.71901
03/26/2026 19:34:31 - INFO - utils.trainer -   Precision: 0.65803
03/26/2026 19:34:31 - INFO - utils.trainer -   Recall: 0.91197
03/26/2026 19:34:31 - INFO - utils.trainer -   F_score: 0.76446
03/26/2026 19:34:31 - INFO - utils.trainer -   Specificity: 0.52606
03/26/2026 19:34:31 - INFO - utils.trainer -   Sensitivity: 0.91197
03/26/2026 19:34:31 - INFO - utils.trainer -   Loss: 0.61513
03/26/2026 19:34:31 - INFO - utils.trainer -    Train loss: 0.62531, Test loss: 0.61513,Epoch time = 1.971s
03/26/2026 19:34:33 - INFO - utils.trainer -   ***** Running evaluation on test1 dataset *****
03/26/2026 19:34:34 - INFO - utils.trainer -   AUC: 0.84991
03/26/2026 19:34:34 - INFO - utils.trainer -   Accuracy: 0.73063
03/26/2026 19:34:34 - INFO - utils.trainer -   Precision: 0.67337
03/26/2026 19:34:34 - INFO - utils.trainer -   Recall: 0.89577
03/26/2026 19:34:34 - INFO - utils.trainer -   F_score: 0.76881
03/26/2026 19:34:34 - INFO - utils.trainer -   Specificity: 0.56549
03/26/2026 19:34:34 - INFO - utils.trainer -   Sensitivity: 0.89577
03/26/2026 19:34:34 - INFO - utils.trainer -   Loss: 0.61381
03/26/2026 19:34:34 - INFO - utils.trainer -    Train loss: 0.62834, Test loss: 0.61381,Epoch time = 1.849s
03/26/2026 19:34:36 - INFO - utils.trainer -   ***** Running evaluation on test1 dataset *****
03/26/2026 19:34:37 - INFO - utils.trainer -   AUC: 0.84983
03/26/2026 19:34:37 - INFO - utils.trainer -   Accuracy: 0.72430
03/26/2026 19:34:37 - INFO - utils.trainer -   Precision: 0.66460
03/26/2026 19:34:37 - INFO - utils.trainer -   Recall: 0.90563
03/26/2026 19:34:37 - INFO - utils.trainer -   F_score: 0.76662
03/26/2026 19:34:37 - INFO - utils.trainer -   Specificity: 0.54296
03/26/2026 19:34:37 - INFO - utils.trainer -   Sensitivity: 0.90563
03/26/2026 19:34:37 - INFO - utils.trainer -   Loss: 0.61124
03/26/2026 19:34:37 - INFO - utils.trainer -    Train loss: 0.62948, Test loss: 0.61124,Epoch time = 1.966s
03/26/2026 19:34:39 - INFO - utils.trainer -   ***** Running evaluation on test1 dataset *****
03/26/2026 19:34:40 - INFO - utils.trainer -   AUC: 0.84960
03/26/2026 19:34:40 - INFO - utils.trainer -   Accuracy: 0.71972
03/26/2026 19:34:40 - INFO - utils.trainer -   Precision: 0.65822
03/26/2026 19:34:40 - INFO - utils.trainer -   Recall: 0.91408
03/26/2026 19:34:40 - INFO - utils.trainer -   F_score: 0.76533
03/26/2026 19:34:40 - INFO - utils.trainer -   Specificity: 0.52535
03/26/2026 19:34:40 - INFO - utils.trainer -   Sensitivity: 0.91408
03/26/2026 19:34:40 - INFO - utils.trainer -   Loss: 0.61451
03/26/2026 19:34:40 - INFO - utils.trainer -    Train loss: 0.62651, Test loss: 0.61451,Epoch time = 2.087s
03/26/2026 19:34:41 - INFO - utils.trainer -   ***** Running evaluation on test1 dataset *****
03/26/2026 19:34:42 - INFO - utils.trainer -   AUC: 0.84953
03/26/2026 19:34:42 - INFO - utils.trainer -   Accuracy: 0.71268
03/26/2026 19:34:42 - INFO - utils.trainer -   Precision: 0.64980
03/26/2026 19:34:42 - INFO - utils.trainer -   Recall: 0.92254
03/26/2026 19:34:42 - INFO - utils.trainer -   F_score: 0.76251
03/26/2026 19:34:42 - INFO - utils.trainer -   Specificity: 0.50282
03/26/2026 19:34:42 - INFO - utils.trainer -   Sensitivity: 0.92254
03/26/2026 19:34:42 - INFO - utils.trainer -   Loss: 0.61421
03/26/2026 19:34:42 - INFO - utils.trainer -    Train loss: 0.62725, Test loss: 0.61421,Epoch time = 1.643s
03/26/2026 19:34:44 - INFO - utils.trainer -   ***** Running evaluation on test1 dataset *****
03/26/2026 19:34:45 - INFO - utils.trainer -   AUC: 0.84964
03/26/2026 19:34:45 - INFO - utils.trainer -   Accuracy: 0.73662
03/26/2026 19:34:45 - INFO - utils.trainer -   Precision: 0.68202
03/26/2026 19:34:45 - INFO - utils.trainer -   Recall: 0.88662
03/26/2026 19:34:45 - INFO - utils.trainer -   F_score: 0.77097
03/26/2026 19:34:45 - INFO - utils.trainer -   Specificity: 0.58662
03/26/2026 19:34:45 - INFO - utils.trainer -   Sensitivity: 0.88662
03/26/2026 19:34:45 - INFO - utils.trainer -   Loss: 0.61566
03/26/2026 19:34:45 - INFO - utils.trainer -    Train loss: 0.62589, Test loss: 0.61566,Epoch time = 1.499s
03/26/2026 19:34:45 - INFO - utils.trainer -   Saving model checkpoint to output_dir/LMDA
03/26/2026 19:34:46 - INFO - utils.trainer -   ***** Running evaluation on test1 dataset *****
03/26/2026 19:34:47 - INFO - utils.trainer -   AUC: 0.84937
03/26/2026 19:34:47 - INFO - utils.trainer -   Accuracy: 0.74648
03/26/2026 19:34:47 - INFO - utils.trainer -   Precision: 0.70349
03/26/2026 19:34:47 - INFO - utils.trainer -   Recall: 0.85211
03/26/2026 19:34:47 - INFO - utils.trainer -   F_score: 0.77070
03/26/2026 19:34:47 - INFO - utils.trainer -   Specificity: 0.64085
03/26/2026 19:34:47 - INFO - utils.trainer -   Sensitivity: 0.85211
03/26/2026 19:34:47 - INFO - utils.trainer -   Loss: 0.61088
03/26/2026 19:34:47 - INFO - utils.trainer -    Train loss: 0.62864, Test loss: 0.61088,Epoch time = 1.373s
03/26/2026 19:34:47 - INFO - utils.trainer -   Saving model checkpoint to output_dir/LMDA
03/26/2026 19:34:49 - INFO - utils.trainer -   ***** Running evaluation on test1 dataset *****
03/26/2026 19:34:50 - INFO - utils.trainer -   AUC: 0.84935
03/26/2026 19:34:50 - INFO - utils.trainer -   Accuracy: 0.75211
03/26/2026 19:34:50 - INFO - utils.trainer -   Precision: 0.71750
03/26/2026 19:34:50 - INFO - utils.trainer -   Recall: 0.83169
03/26/2026 19:34:50 - INFO - utils.trainer -   F_score: 0.77038
03/26/2026 19:34:50 - INFO - utils.trainer -   Specificity: 0.67254
03/26/2026 19:34:50 - INFO - utils.trainer -   Sensitivity: 0.83169
03/26/2026 19:34:50 - INFO - utils.trainer -   Loss: 0.61255
03/26/2026 19:34:50 - INFO - utils.trainer -    Train loss: 0.62729, Test loss: 0.61255,Epoch time = 1.935s
03/26/2026 19:34:50 - INFO - utils.trainer -   Saving model checkpoint to output_dir/LMDA
03/26/2026 19:34:52 - INFO - utils.trainer -   ***** Running evaluation on test1 dataset *****
03/26/2026 19:34:53 - INFO - utils.trainer -   AUC: 0.84904
03/26/2026 19:34:53 - INFO - utils.trainer -   Accuracy: 0.73873
03/26/2026 19:34:53 - INFO - utils.trainer -   Precision: 0.68939
03/26/2026 19:34:53 - INFO - utils.trainer -   Recall: 0.86901
03/26/2026 19:34:53 - INFO - utils.trainer -   F_score: 0.76885
03/26/2026 19:34:53 - INFO - utils.trainer -   Specificity: 0.60845
03/26/2026 19:34:53 - INFO - utils.trainer -   Sensitivity: 0.86901
03/26/2026 19:34:53 - INFO - utils.trainer -   Loss: 0.61176
03/26/2026 19:34:53 - INFO - utils.trainer -    Train loss: 0.63283, Test loss: 0.61176,Epoch time = 1.902s
03/26/2026 19:34:54 - INFO - utils.trainer -   ***** Running evaluation on test1 dataset *****
03/26/2026 19:34:55 - INFO - utils.trainer -   AUC: 0.84934
03/26/2026 19:34:55 - INFO - utils.trainer -   Accuracy: 0.74789
03/26/2026 19:34:55 - INFO - utils.trainer -   Precision: 0.70537
03/26/2026 19:34:55 - INFO - utils.trainer -   Recall: 0.85141
03/26/2026 19:34:55 - INFO - utils.trainer -   F_score: 0.77154
03/26/2026 19:34:55 - INFO - utils.trainer -   Specificity: 0.64437
03/26/2026 19:34:55 - INFO - utils.trainer -   Sensitivity: 0.85141
03/26/2026 19:34:55 - INFO - utils.trainer -   Loss: 0.61151
03/26/2026 19:34:55 - INFO - utils.trainer -    Train loss: 0.62646, Test loss: 0.61151,Epoch time = 1.321s
03/26/2026 19:34:57 - INFO - utils.trainer -   ***** Running evaluation on test1 dataset *****
03/26/2026 19:34:58 - INFO - utils.trainer -   AUC: 0.84912
03/26/2026 19:34:58 - INFO - utils.trainer -   Accuracy: 0.70739
03/26/2026 19:34:58 - INFO - utils.trainer -   Precision: 0.64458
03/26/2026 19:34:58 - INFO - utils.trainer -   Recall: 0.92465
03/26/2026 19:34:58 - INFO - utils.trainer -   F_score: 0.75962
03/26/2026 19:34:58 - INFO - utils.trainer -   Specificity: 0.49014
03/26/2026 19:34:58 - INFO - utils.trainer -   Sensitivity: 0.92465
03/26/2026 19:34:58 - INFO - utils.trainer -   Loss: 0.61305
03/26/2026 19:34:58 - INFO - utils.trainer -    Train loss: 0.62127, Test loss: 0.61305,Epoch time = 1.928s
03/26/2026 19:35:00 - INFO - utils.trainer -   ***** Running evaluation on test1 dataset *****
03/26/2026 19:35:01 - INFO - utils.trainer -   AUC: 0.84922
03/26/2026 19:35:01 - INFO - utils.trainer -   Accuracy: 0.73803
03/26/2026 19:35:01 - INFO - utils.trainer -   Precision: 0.68674
03/26/2026 19:35:01 - INFO - utils.trainer -   Recall: 0.87535
03/26/2026 19:35:01 - INFO - utils.trainer -   F_score: 0.76966
03/26/2026 19:35:01 - INFO - utils.trainer -   Specificity: 0.60070
03/26/2026 19:35:01 - INFO - utils.trainer -   Sensitivity: 0.87535
03/26/2026 19:35:01 - INFO - utils.trainer -   Loss: 0.61280
03/26/2026 19:35:01 - INFO - utils.trainer -    Train loss: 0.62454, Test loss: 0.61280,Epoch time = 2.084s
03/26/2026 19:35:03 - INFO - utils.trainer -   ***** Running evaluation on test1 dataset *****
03/26/2026 19:35:04 - INFO - utils.trainer -   AUC: 0.84905
03/26/2026 19:35:04 - INFO - utils.trainer -   Accuracy: 0.72606
03/26/2026 19:35:04 - INFO - utils.trainer -   Precision: 0.66615
03/26/2026 19:35:04 - INFO - utils.trainer -   Recall: 0.90634
03/26/2026 19:35:04 - INFO - utils.trainer -   F_score: 0.76790
03/26/2026 19:35:04 - INFO - utils.trainer -   Specificity: 0.54577
03/26/2026 19:35:04 - INFO - utils.trainer -   Sensitivity: 0.90634
03/26/2026 19:35:04 - INFO - utils.trainer -   Loss: 0.61244
03/26/2026 19:35:04 - INFO - utils.trainer -    Train loss: 0.62230, Test loss: 0.61244,Epoch time = 2.287s
03/26/2026 19:35:06 - INFO - utils.trainer -   ***** Running evaluation on test1 dataset *****
03/26/2026 19:35:07 - INFO - utils.trainer -   AUC: 0.84869
03/26/2026 19:35:07 - INFO - utils.trainer -   Accuracy: 0.73380
03/26/2026 19:35:07 - INFO - utils.trainer -   Precision: 0.68043
03/26/2026 19:35:07 - INFO - utils.trainer -   Recall: 0.88169
03/26/2026 19:35:07 - INFO - utils.trainer -   F_score: 0.76810
03/26/2026 19:35:07 - INFO - utils.trainer -   Specificity: 0.58592
03/26/2026 19:35:07 - INFO - utils.trainer -   Sensitivity: 0.88169
03/26/2026 19:35:07 - INFO - utils.trainer -   Loss: 0.61224
03/26/2026 19:35:07 - INFO - utils.trainer -    Train loss: 0.62793, Test loss: 0.61224,Epoch time = 1.703s
03/26/2026 19:35:09 - INFO - utils.trainer -   ***** Running evaluation on test1 dataset *****
03/26/2026 19:35:09 - INFO - utils.trainer -   AUC: 0.84934
03/26/2026 19:35:09 - INFO - utils.trainer -   Accuracy: 0.74225
03/26/2026 19:35:09 - INFO - utils.trainer -   Precision: 0.69369
03/26/2026 19:35:09 - INFO - utils.trainer -   Recall: 0.86761
03/26/2026 19:35:09 - INFO - utils.trainer -   F_score: 0.77096
03/26/2026 19:35:09 - INFO - utils.trainer -   Specificity: 0.61690
03/26/2026 19:35:09 - INFO - utils.trainer -   Sensitivity: 0.86761
03/26/2026 19:35:09 - INFO - utils.trainer -   Loss: 0.60981
03/26/2026 19:35:09 - INFO - utils.trainer -    Train loss: 0.62630, Test loss: 0.60981,Epoch time = 1.896s
03/26/2026 19:35:11 - INFO - utils.trainer -   ***** Running evaluation on test1 dataset *****
03/26/2026 19:35:12 - INFO - utils.trainer -   AUC: 0.84942
03/26/2026 19:35:12 - INFO - utils.trainer -   Accuracy: 0.75634
03/26/2026 19:35:12 - INFO - utils.trainer -   Precision: 0.72722
03/26/2026 19:35:12 - INFO - utils.trainer -   Recall: 0.82042
03/26/2026 19:35:12 - INFO - utils.trainer -   F_score: 0.77101
03/26/2026 19:35:12 - INFO - utils.trainer -   Specificity: 0.69225
03/26/2026 19:35:12 - INFO - utils.trainer -   Sensitivity: 0.82042
03/26/2026 19:35:12 - INFO - utils.trainer -   Loss: 0.60938
03/26/2026 19:35:12 - INFO - utils.trainer -    Train loss: 0.62711, Test loss: 0.60938,Epoch time = 1.410s
03/26/2026 19:35:12 - INFO - utils.trainer -   Saving model checkpoint to output_dir/LMDA
03/26/2026 19:35:14 - INFO - utils.trainer -   ***** Running evaluation on test1 dataset *****
03/26/2026 19:35:14 - INFO - utils.trainer -   AUC: 0.84979
03/26/2026 19:35:14 - INFO - utils.trainer -   Accuracy: 0.76127
03/26/2026 19:35:14 - INFO - utils.trainer -   Precision: 0.74440
03/26/2026 19:35:14 - INFO - utils.trainer -   Recall: 0.79577
03/26/2026 19:35:14 - INFO - utils.trainer -   F_score: 0.76923
03/26/2026 19:35:14 - INFO - utils.trainer -   Specificity: 0.72676
03/26/2026 19:35:14 - INFO - utils.trainer -   Sensitivity: 0.79577
03/26/2026 19:35:14 - INFO - utils.trainer -   Loss: 0.60833
03/26/2026 19:35:14 - INFO - utils.trainer -    Train loss: 0.62180, Test loss: 0.60833,Epoch time = 1.830s
03/26/2026 19:35:14 - INFO - utils.trainer -   Saving model checkpoint to output_dir/LMDA
03/26/2026 19:35:16 - INFO - utils.trainer -   ***** Running evaluation on test1 dataset *****
03/26/2026 19:35:17 - INFO - utils.trainer -   AUC: 0.84959
03/26/2026 19:35:17 - INFO - utils.trainer -   Accuracy: 0.73556
03/26/2026 19:35:17 - INFO - utils.trainer -   Precision: 0.67955
03/26/2026 19:35:17 - INFO - utils.trainer -   Recall: 0.89155
03/26/2026 19:35:17 - INFO - utils.trainer -   F_score: 0.77125
03/26/2026 19:35:17 - INFO - utils.trainer -   Specificity: 0.57958
03/26/2026 19:35:17 - INFO - utils.trainer -   Sensitivity: 0.89155
03/26/2026 19:35:17 - INFO - utils.trainer -   Loss: 0.60994
03/26/2026 19:35:17 - INFO - utils.trainer -    Train loss: 0.62458, Test loss: 0.60994,Epoch time = 1.673s
03/26/2026 19:35:19 - INFO - utils.trainer -   ***** Running evaluation on test1 dataset *****
03/26/2026 19:35:20 - INFO - utils.trainer -   AUC: 0.84948
03/26/2026 19:35:20 - INFO - utils.trainer -   Accuracy: 0.75352
03/26/2026 19:35:20 - INFO - utils.trainer -   Precision: 0.71531
03/26/2026 19:35:20 - INFO - utils.trainer -   Recall: 0.84225
03/26/2026 19:35:20 - INFO - utils.trainer -   F_score: 0.77361
03/26/2026 19:35:20 - INFO - utils.trainer -   Specificity: 0.66479
03/26/2026 19:35:20 - INFO - utils.trainer -   Sensitivity: 0.84225
03/26/2026 19:35:20 - INFO - utils.trainer -   Loss: 0.61011
03/26/2026 19:35:20 - INFO - utils.trainer -    Train loss: 0.62537, Test loss: 0.61011,Epoch time = 1.841s
03/26/2026 19:35:22 - INFO - utils.trainer -   ***** Running evaluation on test1 dataset *****
03/26/2026 19:35:22 - INFO - utils.trainer -   AUC: 0.84992
03/26/2026 19:35:22 - INFO - utils.trainer -   Accuracy: 0.74155
03/26/2026 19:35:22 - INFO - utils.trainer -   Precision: 0.69335
03/26/2026 19:35:22 - INFO - utils.trainer -   Recall: 0.86620
03/26/2026 19:35:22 - INFO - utils.trainer -   F_score: 0.77019
03/26/2026 19:35:22 - INFO - utils.trainer -   Specificity: 0.61690
03/26/2026 19:35:22 - INFO - utils.trainer -   Sensitivity: 0.86620
03/26/2026 19:35:22 - INFO - utils.trainer -   Loss: 0.60703
03/26/2026 19:35:22 - INFO - utils.trainer -    Train loss: 0.62254, Test loss: 0.60703,Epoch time = 1.969s
03/26/2026 19:35:25 - INFO - utils.trainer -   ***** Running evaluation on test1 dataset *****
03/26/2026 19:35:25 - INFO - utils.trainer -   AUC: 0.84953
03/26/2026 19:35:25 - INFO - utils.trainer -   Accuracy: 0.75035
03/26/2026 19:35:25 - INFO - utils.trainer -   Precision: 0.71403
03/26/2026 19:35:25 - INFO - utils.trainer -   Recall: 0.83521
03/26/2026 19:35:25 - INFO - utils.trainer -   F_score: 0.76988
03/26/2026 19:35:25 - INFO - utils.trainer -   Specificity: 0.66549
03/26/2026 19:35:25 - INFO - utils.trainer -   Sensitivity: 0.83521
03/26/2026 19:35:25 - INFO - utils.trainer -   Loss: 0.60613
03/26/2026 19:35:25 - INFO - utils.trainer -    Train loss: 0.61829, Test loss: 0.60613,Epoch time = 2.079s
03/26/2026 19:35:27 - INFO - utils.trainer -   ***** Running evaluation on test1 dataset *****
03/26/2026 19:35:28 - INFO - utils.trainer -   AUC: 0.84956
03/26/2026 19:35:28 - INFO - utils.trainer -   Accuracy: 0.75599
03/26/2026 19:35:28 - INFO - utils.trainer -   Precision: 0.72992
03/26/2026 19:35:28 - INFO - utils.trainer -   Recall: 0.81268
03/26/2026 19:35:28 - INFO - utils.trainer -   F_score: 0.76908
03/26/2026 19:35:28 - INFO - utils.trainer -   Specificity: 0.69930
03/26/2026 19:35:28 - INFO - utils.trainer -   Sensitivity: 0.81268
03/26/2026 19:35:28 - INFO - utils.trainer -   Loss: 0.60701
03/26/2026 19:35:28 - INFO - utils.trainer -    Train loss: 0.62198, Test loss: 0.60701,Epoch time = 1.920s
03/26/2026 19:35:31 - INFO - utils.trainer -   ***** Running evaluation on test1 dataset *****
03/26/2026 19:35:32 - INFO - utils.trainer -   AUC: 0.84925
03/26/2026 19:35:32 - INFO - utils.trainer -   Accuracy: 0.73627
03/26/2026 19:35:32 - INFO - utils.trainer -   Precision: 0.68263
03/26/2026 19:35:32 - INFO - utils.trainer -   Recall: 0.88310
03/26/2026 19:35:32 - INFO - utils.trainer -   F_score: 0.77003
03/26/2026 19:35:32 - INFO - utils.trainer -   Specificity: 0.58944
03/26/2026 19:35:32 - INFO - utils.trainer -   Sensitivity: 0.88310
03/26/2026 19:35:32 - INFO - utils.trainer -   Loss: 0.61006
03/26/2026 19:35:32 - INFO - utils.trainer -    Train loss: 0.61901, Test loss: 0.61006,Epoch time = 2.221s
03/26/2026 19:35:34 - INFO - utils.trainer -   ***** Running evaluation on test1 dataset *****
03/26/2026 19:35:35 - INFO - utils.trainer -   AUC: 0.84902
03/26/2026 19:35:35 - INFO - utils.trainer -   Accuracy: 0.73028
03/26/2026 19:35:35 - INFO - utils.trainer -   Precision: 0.67103
03/26/2026 19:35:35 - INFO - utils.trainer -   Recall: 0.90352
03/26/2026 19:35:35 - INFO - utils.trainer -   F_score: 0.77011
03/26/2026 19:35:35 - INFO - utils.trainer -   Specificity: 0.55704
03/26/2026 19:35:35 - INFO - utils.trainer -   Sensitivity: 0.90352
03/26/2026 19:35:35 - INFO - utils.trainer -   Loss: 0.60910
03/26/2026 19:35:35 - INFO - utils.trainer -    Train loss: 0.62560, Test loss: 0.60910,Epoch time = 1.963s
03/26/2026 19:35:36 - INFO - utils.trainer -   ***** Running evaluation on test1 dataset *****
03/26/2026 19:35:37 - INFO - utils.trainer -   AUC: 0.84970
03/26/2026 19:35:37 - INFO - utils.trainer -   Accuracy: 0.75563
03/26/2026 19:35:37 - INFO - utils.trainer -   Precision: 0.73269
03/26/2026 19:35:37 - INFO - utils.trainer -   Recall: 0.80493
03/26/2026 19:35:37 - INFO - utils.trainer -   F_score: 0.76711
03/26/2026 19:35:37 - INFO - utils.trainer -   Specificity: 0.70634
03/26/2026 19:35:37 - INFO - utils.trainer -   Sensitivity: 0.80493
03/26/2026 19:35:37 - INFO - utils.trainer -   Loss: 0.60810
03/26/2026 19:35:37 - INFO - utils.trainer -    Train loss: 0.61999, Test loss: 0.60810,Epoch time = 1.847s
03/26/2026 19:35:39 - INFO - utils.trainer -   ***** Running evaluation on test1 dataset *****
03/26/2026 19:35:40 - INFO - utils.trainer -   AUC: 0.84966
03/26/2026 19:35:40 - INFO - utils.trainer -   Accuracy: 0.74894
03/26/2026 19:35:40 - INFO - utils.trainer -   Precision: 0.70564
03/26/2026 19:35:40 - INFO - utils.trainer -   Recall: 0.85423
03/26/2026 19:35:40 - INFO - utils.trainer -   F_score: 0.77286
03/26/2026 19:35:40 - INFO - utils.trainer -   Specificity: 0.64366
03/26/2026 19:35:40 - INFO - utils.trainer -   Sensitivity: 0.85423
03/26/2026 19:35:40 - INFO - utils.trainer -   Loss: 0.60630
03/26/2026 19:35:40 - INFO - utils.trainer -    Train loss: 0.61686, Test loss: 0.60630,Epoch time = 1.432s
03/26/2026 19:35:42 - INFO - utils.trainer -   ***** Running evaluation on test1 dataset *****
03/26/2026 19:35:43 - INFO - utils.trainer -   AUC: 0.84915
03/26/2026 19:35:43 - INFO - utils.trainer -   Accuracy: 0.73099
03/26/2026 19:35:43 - INFO - utils.trainer -   Precision: 0.67263
03/26/2026 19:35:43 - INFO - utils.trainer -   Recall: 0.90000
03/26/2026 19:35:43 - INFO - utils.trainer -   F_score: 0.76988
03/26/2026 19:35:43 - INFO - utils.trainer -   Specificity: 0.56197
03/26/2026 19:35:43 - INFO - utils.trainer -   Sensitivity: 0.90000
03/26/2026 19:35:43 - INFO - utils.trainer -   Loss: 0.60638
03/26/2026 19:35:43 - INFO - utils.trainer -    Train loss: 0.62344, Test loss: 0.60638,Epoch time = 2.177s
03/26/2026 19:35:45 - INFO - utils.trainer -   ***** Running evaluation on test1 dataset *****
03/26/2026 19:35:46 - INFO - utils.trainer -   AUC: 0.84946
03/26/2026 19:35:46 - INFO - utils.trainer -   Accuracy: 0.75352
03/26/2026 19:35:46 - INFO - utils.trainer -   Precision: 0.72032
03/26/2026 19:35:46 - INFO - utils.trainer -   Recall: 0.82887
03/26/2026 19:35:46 - INFO - utils.trainer -   F_score: 0.77079
03/26/2026 19:35:46 - INFO - utils.trainer -   Specificity: 0.67817
03/26/2026 19:35:46 - INFO - utils.trainer -   Sensitivity: 0.82887
03/26/2026 19:35:46 - INFO - utils.trainer -   Loss: 0.60686
03/26/2026 19:35:46 - INFO - utils.trainer -    Train loss: 0.62155, Test loss: 0.60686,Epoch time = 1.739s
03/26/2026 19:35:48 - INFO - utils.trainer -   ***** Running evaluation on test1 dataset *****
03/26/2026 19:35:49 - INFO - utils.trainer -   AUC: 0.84982
03/26/2026 19:35:49 - INFO - utils.trainer -   Accuracy: 0.75739
03/26/2026 19:35:49 - INFO - utils.trainer -   Precision: 0.73505
03/26/2026 19:35:49 - INFO - utils.trainer -   Recall: 0.80493
03/26/2026 19:35:49 - INFO - utils.trainer -   F_score: 0.76840
03/26/2026 19:35:49 - INFO - utils.trainer -   Specificity: 0.70986
03/26/2026 19:35:49 - INFO - utils.trainer -   Sensitivity: 0.80493
03/26/2026 19:35:49 - INFO - utils.trainer -   Loss: 0.60465
03/26/2026 19:35:49 - INFO - utils.trainer -    Train loss: 0.62416, Test loss: 0.60465,Epoch time = 2.309s
03/26/2026 19:35:51 - INFO - utils.trainer -   ***** Running evaluation on test1 dataset *****
03/26/2026 19:35:52 - INFO - utils.trainer -   AUC: 0.84994
03/26/2026 19:35:52 - INFO - utils.trainer -   Accuracy: 0.75282
03/26/2026 19:35:52 - INFO - utils.trainer -   Precision: 0.71575
03/26/2026 19:35:52 - INFO - utils.trainer -   Recall: 0.83873
03/26/2026 19:35:52 - INFO - utils.trainer -   F_score: 0.77237
03/26/2026 19:35:52 - INFO - utils.trainer -   Specificity: 0.66690
03/26/2026 19:35:52 - INFO - utils.trainer -   Sensitivity: 0.83873
03/26/2026 19:35:52 - INFO - utils.trainer -   Loss: 0.60585
03/26/2026 19:35:52 - INFO - utils.trainer -    Train loss: 0.62364, Test loss: 0.60585,Epoch time = 1.960s
03/26/2026 19:35:54 - INFO - utils.trainer -   ***** Running evaluation on test1 dataset *****
03/26/2026 19:35:55 - INFO - utils.trainer -   AUC: 0.84920
03/26/2026 19:35:55 - INFO - utils.trainer -   Accuracy: 0.73521
03/26/2026 19:35:55 - INFO - utils.trainer -   Precision: 0.67823
03/26/2026 19:35:55 - INFO - utils.trainer -   Recall: 0.89507
03/26/2026 19:35:55 - INFO - utils.trainer -   F_score: 0.77171
03/26/2026 19:35:55 - INFO - utils.trainer -   Specificity: 0.57535
03/26/2026 19:35:55 - INFO - utils.trainer -   Sensitivity: 0.89507
03/26/2026 19:35:55 - INFO - utils.trainer -   Loss: 0.60522
03/26/2026 19:35:55 - INFO - utils.trainer -    Train loss: 0.62336, Test loss: 0.60522,Epoch time = 1.803s
03/26/2026 19:35:57 - INFO - utils.trainer -   ***** Running evaluation on test1 dataset *****
03/26/2026 19:35:58 - INFO - utils.trainer -   AUC: 0.84950
03/26/2026 19:35:58 - INFO - utils.trainer -   Accuracy: 0.76408
03/26/2026 19:35:58 - INFO - utils.trainer -   Precision: 0.75650
03/26/2026 19:35:58 - INFO - utils.trainer -   Recall: 0.77887
03/26/2026 19:35:58 - INFO - utils.trainer -   F_score: 0.76752
03/26/2026 19:35:58 - INFO - utils.trainer -   Specificity: 0.74930
03/26/2026 19:35:58 - INFO - utils.trainer -   Sensitivity: 0.77887
03/26/2026 19:35:58 - INFO - utils.trainer -   Loss: 0.60328
03/26/2026 19:35:58 - INFO - utils.trainer -    Train loss: 0.62459, Test loss: 0.60328,Epoch time = 2.095s
03/26/2026 19:35:58 - INFO - utils.trainer -   Saving model checkpoint to output_dir/LMDA
03/26/2026 19:36:00 - INFO - utils.trainer -   ***** Running evaluation on test1 dataset *****
03/26/2026 19:36:01 - INFO - utils.trainer -   AUC: 0.84935
03/26/2026 19:36:01 - INFO - utils.trainer -   Accuracy: 0.75563
03/26/2026 19:36:01 - INFO - utils.trainer -   Precision: 0.72407
03/26/2026 19:36:01 - INFO - utils.trainer -   Recall: 0.82606
03/26/2026 19:36:01 - INFO - utils.trainer -   F_score: 0.77171
03/26/2026 19:36:01 - INFO - utils.trainer -   Specificity: 0.68521
03/26/2026 19:36:01 - INFO - utils.trainer -   Sensitivity: 0.82606
03/26/2026 19:36:01 - INFO - utils.trainer -   Loss: 0.60589
03/26/2026 19:36:01 - INFO - utils.trainer -    Train loss: 0.61904, Test loss: 0.60589,Epoch time = 1.983s
03/26/2026 19:36:02 - INFO - utils.trainer -   ***** Running evaluation on test1 dataset *****
03/26/2026 19:36:03 - INFO - utils.trainer -   AUC: 0.84989
03/26/2026 19:36:03 - INFO - utils.trainer -   Accuracy: 0.76690
03/26/2026 19:36:03 - INFO - utils.trainer -   Precision: 0.80466
03/26/2026 19:36:03 - INFO - utils.trainer -   Recall: 0.70493
03/26/2026 19:36:03 - INFO - utils.trainer -   F_score: 0.75150
03/26/2026 19:36:03 - INFO - utils.trainer -   Specificity: 0.82887
03/26/2026 19:36:03 - INFO - utils.trainer -   Sensitivity: 0.70493
03/26/2026 19:36:03 - INFO - utils.trainer -   Loss: 0.60542
03/26/2026 19:36:03 - INFO - utils.trainer -    Train loss: 0.62305, Test loss: 0.60542,Epoch time = 1.453s
03/26/2026 19:36:03 - INFO - utils.trainer -   Saving model checkpoint to output_dir/LMDA
03/26/2026 19:36:05 - INFO - utils.trainer -   ***** Running evaluation on test1 dataset *****
03/26/2026 19:36:06 - INFO - utils.trainer -   AUC: 0.84909
03/26/2026 19:36:06 - INFO - utils.trainer -   Accuracy: 0.75282
03/26/2026 19:36:06 - INFO - utils.trainer -   Precision: 0.71653
03/26/2026 19:36:06 - INFO - utils.trainer -   Recall: 0.83662
03/26/2026 19:36:06 - INFO - utils.trainer -   F_score: 0.77193
03/26/2026 19:36:06 - INFO - utils.trainer -   Specificity: 0.66901
03/26/2026 19:36:06 - INFO - utils.trainer -   Sensitivity: 0.83662
03/26/2026 19:36:06 - INFO - utils.trainer -   Loss: 0.60595
03/26/2026 19:36:06 - INFO - utils.trainer -    Train loss: 0.62346, Test loss: 0.60595,Epoch time = 1.701s
03/26/2026 19:36:07 - INFO - utils.trainer -   ***** Running evaluation on test1 dataset *****
03/26/2026 19:36:08 - INFO - utils.trainer -   AUC: 0.84954
03/26/2026 19:36:08 - INFO - utils.trainer -   Accuracy: 0.76303
03/26/2026 19:36:08 - INFO - utils.trainer -   Precision: 0.75254
03/26/2026 19:36:08 - INFO - utils.trainer -   Recall: 0.78380
03/26/2026 19:36:08 - INFO - utils.trainer -   F_score: 0.76785
03/26/2026 19:36:08 - INFO - utils.trainer -   Specificity: 0.74225
03/26/2026 19:36:08 - INFO - utils.trainer -   Sensitivity: 0.78380
03/26/2026 19:36:08 - INFO - utils.trainer -   Loss: 0.60682
03/26/2026 19:36:08 - INFO - utils.trainer -    Train loss: 0.61964, Test loss: 0.60682,Epoch time = 1.561s
03/26/2026 19:36:10 - INFO - utils.trainer -   ***** Running evaluation on test1 dataset *****
03/26/2026 19:36:10 - INFO - utils.trainer -   AUC: 0.84921
03/26/2026 19:36:10 - INFO - utils.trainer -   Accuracy: 0.76268
03/26/2026 19:36:10 - INFO - utils.trainer -   Precision: 0.74252
03/26/2026 19:36:10 - INFO - utils.trainer -   Recall: 0.80423
03/26/2026 19:36:10 - INFO - utils.trainer -   F_score: 0.77214
03/26/2026 19:36:10 - INFO - utils.trainer -   Specificity: 0.72113
03/26/2026 19:36:10 - INFO - utils.trainer -   Sensitivity: 0.80423
03/26/2026 19:36:10 - INFO - utils.trainer -   Loss: 0.60530
03/26/2026 19:36:10 - INFO - utils.trainer -    Train loss: 0.62019, Test loss: 0.60530,Epoch time = 1.306s
03/26/2026 19:36:12 - INFO - utils.trainer -   ***** Running evaluation on test1 dataset *****
03/26/2026 19:36:13 - INFO - utils.trainer -   AUC: 0.84957
03/26/2026 19:36:13 - INFO - utils.trainer -   Accuracy: 0.76725
03/26/2026 19:36:13 - INFO - utils.trainer -   Precision: 0.78772
03/26/2026 19:36:13 - INFO - utils.trainer -   Recall: 0.73169
03/26/2026 19:36:13 - INFO - utils.trainer -   F_score: 0.75867
03/26/2026 19:36:13 - INFO - utils.trainer -   Specificity: 0.80282
03/26/2026 19:36:13 - INFO - utils.trainer -   Sensitivity: 0.73169
03/26/2026 19:36:13 - INFO - utils.trainer -   Loss: 0.60509
03/26/2026 19:36:13 - INFO - utils.trainer -    Train loss: 0.61838, Test loss: 0.60509,Epoch time = 1.656s
03/26/2026 19:36:13 - INFO - utils.trainer -   Saving model checkpoint to output_dir/LMDA
03/26/2026 19:36:15 - INFO - utils.trainer -   ***** Running evaluation on test1 dataset *****
03/26/2026 19:36:16 - INFO - utils.trainer -   AUC: 0.84967
03/26/2026 19:36:16 - INFO - utils.trainer -   Accuracy: 0.76725
03/26/2026 19:36:16 - INFO - utils.trainer -   Precision: 0.79260
03/26/2026 19:36:16 - INFO - utils.trainer -   Recall: 0.72394
03/26/2026 19:36:16 - INFO - utils.trainer -   F_score: 0.75672
03/26/2026 19:36:16 - INFO - utils.trainer -   Specificity: 0.81056
03/26/2026 19:36:16 - INFO - utils.trainer -   Sensitivity: 0.72394
03/26/2026 19:36:16 - INFO - utils.trainer -   Loss: 0.60520
03/26/2026 19:36:16 - INFO - utils.trainer -    Train loss: 0.62205, Test loss: 0.60520,Epoch time = 1.708s
03/26/2026 19:36:16 - INFO - utils.trainer -   Saving model checkpoint to output_dir/LMDA
03/26/2026 19:36:17 - INFO - utils.trainer -   ***** Running evaluation on test1 dataset *****
03/26/2026 19:36:18 - INFO - utils.trainer -   AUC: 0.84913
03/26/2026 19:36:18 - INFO - utils.trainer -   Accuracy: 0.75986
03/26/2026 19:36:18 - INFO - utils.trainer -   Precision: 0.73654
03/26/2026 19:36:18 - INFO - utils.trainer -   Recall: 0.80915
03/26/2026 19:36:18 - INFO - utils.trainer -   F_score: 0.77114
03/26/2026 19:36:18 - INFO - utils.trainer -   Specificity: 0.71056
03/26/2026 19:36:18 - INFO - utils.trainer -   Sensitivity: 0.80915
03/26/2026 19:36:18 - INFO - utils.trainer -   Loss: 0.60431
03/26/2026 19:36:18 - INFO - utils.trainer -    Train loss: 0.62235, Test loss: 0.60431,Epoch time = 1.587s
03/26/2026 19:36:20 - INFO - utils.trainer -   ***** Running evaluation on test1 dataset *****
03/26/2026 19:36:21 - INFO - utils.trainer -   AUC: 0.84929
03/26/2026 19:36:21 - INFO - utils.trainer -   Accuracy: 0.76338
03/26/2026 19:36:21 - INFO - utils.trainer -   Precision: 0.76264
03/26/2026 19:36:21 - INFO - utils.trainer -   Recall: 0.76479
03/26/2026 19:36:21 - INFO - utils.trainer -   F_score: 0.76371
03/26/2026 19:36:21 - INFO - utils.trainer -   Specificity: 0.76197
03/26/2026 19:36:21 - INFO - utils.trainer -   Sensitivity: 0.76479
03/26/2026 19:36:21 - INFO - utils.trainer -   Loss: 0.60408
03/26/2026 19:36:21 - INFO - utils.trainer -    Train loss: 0.62022, Test loss: 0.60408,Epoch time = 1.793s
03/26/2026 19:36:22 - INFO - utils.trainer -   ***** Running evaluation on test1 dataset *****
03/26/2026 19:36:23 - INFO - utils.trainer -   AUC: 0.84875
03/26/2026 19:36:23 - INFO - utils.trainer -   Accuracy: 0.76338
03/26/2026 19:36:23 - INFO - utils.trainer -   Precision: 0.76638
03/26/2026 19:36:23 - INFO - utils.trainer -   Recall: 0.75775
03/26/2026 19:36:23 - INFO - utils.trainer -   F_score: 0.76204
03/26/2026 19:36:23 - INFO - utils.trainer -   Specificity: 0.76901
03/26/2026 19:36:23 - INFO - utils.trainer -   Sensitivity: 0.75775
03/26/2026 19:36:23 - INFO - utils.trainer -   Loss: 0.60572
03/26/2026 19:36:23 - INFO - utils.trainer -    Train loss: 0.61771, Test loss: 0.60572,Epoch time = 1.217s
03/26/2026 19:36:25 - INFO - utils.trainer -   ***** Running evaluation on test1 dataset *****
03/26/2026 19:36:26 - INFO - utils.trainer -   AUC: 0.85009
03/26/2026 19:36:26 - INFO - utils.trainer -   Accuracy: 0.76620
03/26/2026 19:36:26 - INFO - utils.trainer -   Precision: 0.82530
03/26/2026 19:36:26 - INFO - utils.trainer -   Recall: 0.67535
03/26/2026 19:36:26 - INFO - utils.trainer -   F_score: 0.74284
03/26/2026 19:36:26 - INFO - utils.trainer -   Specificity: 0.85704
03/26/2026 19:36:26 - INFO - utils.trainer -   Sensitivity: 0.67535
03/26/2026 19:36:26 - INFO - utils.trainer -   Loss: 0.60446
03/26/2026 19:36:26 - INFO - utils.trainer -    Train loss: 0.61904, Test loss: 0.60446,Epoch time = 1.952s
03/26/2026 19:36:28 - INFO - utils.trainer -   ***** Running evaluation on test1 dataset *****
03/26/2026 19:36:28 - INFO - utils.trainer -   AUC: 0.84994
03/26/2026 19:36:28 - INFO - utils.trainer -   Accuracy: 0.76585
03/26/2026 19:36:28 - INFO - utils.trainer -   Precision: 0.83615
03/26/2026 19:36:28 - INFO - utils.trainer -   Recall: 0.66127
03/26/2026 19:36:28 - INFO - utils.trainer -   F_score: 0.73850
03/26/2026 19:36:28 - INFO - utils.trainer -   Specificity: 0.87042
03/26/2026 19:36:28 - INFO - utils.trainer -   Sensitivity: 0.66127
03/26/2026 19:36:28 - INFO - utils.trainer -   Loss: 0.60209
03/26/2026 19:36:28 - INFO - utils.trainer -    Train loss: 0.61849, Test loss: 0.60209,Epoch time = 1.446s
03/26/2026 19:36:30 - INFO - utils.trainer -   ***** Running evaluation on test1 dataset *****
03/26/2026 19:36:31 - INFO - utils.trainer -   AUC: 0.84976
03/26/2026 19:36:31 - INFO - utils.trainer -   Accuracy: 0.76655
03/26/2026 19:36:31 - INFO - utils.trainer -   Precision: 0.77892
03/26/2026 19:36:31 - INFO - utils.trainer -   Recall: 0.74437
03/26/2026 19:36:31 - INFO - utils.trainer -   F_score: 0.76125
03/26/2026 19:36:31 - INFO - utils.trainer -   Specificity: 0.78873
03/26/2026 19:36:31 - INFO - utils.trainer -   Sensitivity: 0.74437
03/26/2026 19:36:31 - INFO - utils.trainer -   Loss: 0.60266
03/26/2026 19:36:31 - INFO - utils.trainer -    Train loss: 0.62580, Test loss: 0.60266,Epoch time = 1.879s
03/26/2026 19:36:34 - INFO - utils.trainer -   ***** Running evaluation on test1 dataset *****
03/26/2026 19:36:35 - INFO - utils.trainer -   AUC: 0.84946
03/26/2026 19:36:35 - INFO - utils.trainer -   Accuracy: 0.76655
03/26/2026 19:36:35 - INFO - utils.trainer -   Precision: 0.79093
03/26/2026 19:36:35 - INFO - utils.trainer -   Recall: 0.72465
03/26/2026 19:36:35 - INFO - utils.trainer -   F_score: 0.75634
03/26/2026 19:36:35 - INFO - utils.trainer -   Specificity: 0.80845
03/26/2026 19:36:35 - INFO - utils.trainer -   Sensitivity: 0.72465
03/26/2026 19:36:35 - INFO - utils.trainer -   Loss: 0.60434
03/26/2026 19:36:35 - INFO - utils.trainer -    Train loss: 0.62342, Test loss: 0.60434,Epoch time = 2.172s
03/26/2026 19:36:36 - INFO - utils.trainer -   ***** Running evaluation on test1 dataset *****
03/26/2026 19:36:37 - INFO - utils.trainer -   AUC: 0.84934
03/26/2026 19:36:37 - INFO - utils.trainer -   Accuracy: 0.76268
03/26/2026 19:36:37 - INFO - utils.trainer -   Precision: 0.76120
03/26/2026 19:36:37 - INFO - utils.trainer -   Recall: 0.76549
03/26/2026 19:36:37 - INFO - utils.trainer -   F_score: 0.76334
03/26/2026 19:36:37 - INFO - utils.trainer -   Specificity: 0.75986
03/26/2026 19:36:37 - INFO - utils.trainer -   Sensitivity: 0.76549
03/26/2026 19:36:37 - INFO - utils.trainer -   Loss: 0.60278
03/26/2026 19:36:37 - INFO - utils.trainer -    Train loss: 0.61990, Test loss: 0.60278,Epoch time = 1.791s
03/26/2026 19:36:39 - INFO - utils.trainer -   ***** Running evaluation on test1 dataset *****
03/26/2026 19:36:40 - INFO - utils.trainer -   AUC: 0.84899
03/26/2026 19:36:40 - INFO - utils.trainer -   Accuracy: 0.76162
03/26/2026 19:36:40 - INFO - utils.trainer -   Precision: 0.75017
03/26/2026 19:36:40 - INFO - utils.trainer -   Recall: 0.78451
03/26/2026 19:36:40 - INFO - utils.trainer -   F_score: 0.76695
03/26/2026 19:36:40 - INFO - utils.trainer -   Specificity: 0.73873
03/26/2026 19:36:40 - INFO - utils.trainer -   Sensitivity: 0.78451
03/26/2026 19:36:40 - INFO - utils.trainer -   Loss: 0.60410
03/26/2026 19:36:40 - INFO - utils.trainer -    Train loss: 0.61657, Test loss: 0.60410,Epoch time = 1.550s
03/26/2026 19:36:41 - INFO - utils.trainer -   ***** Running evaluation on test1 dataset *****
03/26/2026 19:36:42 - INFO - utils.trainer -   AUC: 0.84956
03/26/2026 19:36:42 - INFO - utils.trainer -   Accuracy: 0.76690
03/26/2026 19:36:42 - INFO - utils.trainer -   Precision: 0.78843
03/26/2026 19:36:42 - INFO - utils.trainer -   Recall: 0.72958
03/26/2026 19:36:42 - INFO - utils.trainer -   F_score: 0.75786
03/26/2026 19:36:42 - INFO - utils.trainer -   Specificity: 0.80423
03/26/2026 19:36:42 - INFO - utils.trainer -   Sensitivity: 0.72958
03/26/2026 19:36:42 - INFO - utils.trainer -   Loss: 0.60527
03/26/2026 19:36:42 - INFO - utils.trainer -    Train loss: 0.61607, Test loss: 0.60527,Epoch time = 1.757s
03/26/2026 19:36:45 - INFO - utils.trainer -   ***** Running evaluation on test1 dataset *****
03/26/2026 19:36:46 - INFO - utils.trainer -   AUC: 0.84976
03/26/2026 19:36:46 - INFO - utils.trainer -   Accuracy: 0.76232
03/26/2026 19:36:46 - INFO - utils.trainer -   Precision: 0.80964
03/26/2026 19:36:46 - INFO - utils.trainer -   Recall: 0.68592
03/26/2026 19:36:46 - INFO - utils.trainer -   F_score: 0.74266
03/26/2026 19:36:46 - INFO - utils.trainer -   Specificity: 0.83873
03/26/2026 19:36:46 - INFO - utils.trainer -   Sensitivity: 0.68592
03/26/2026 19:36:46 - INFO - utils.trainer -   Loss: 0.60319
03/26/2026 19:36:46 - INFO - utils.trainer -    Train loss: 0.61890, Test loss: 0.60319,Epoch time = 2.368s
03/26/2026 19:36:47 - INFO - utils.trainer -   ***** Running evaluation on test1 dataset *****
03/26/2026 19:36:48 - INFO - utils.trainer -   AUC: 0.84980
03/26/2026 19:36:48 - INFO - utils.trainer -   Accuracy: 0.76232
03/26/2026 19:36:48 - INFO - utils.trainer -   Precision: 0.80913
03/26/2026 19:36:48 - INFO - utils.trainer -   Recall: 0.68662
03/26/2026 19:36:48 - INFO - utils.trainer -   F_score: 0.74286
03/26/2026 19:36:48 - INFO - utils.trainer -   Specificity: 0.83803
03/26/2026 19:36:48 - INFO - utils.trainer -   Sensitivity: 0.68662
03/26/2026 19:36:48 - INFO - utils.trainer -   Loss: 0.60357
03/26/2026 19:36:48 - INFO - utils.trainer -    Train loss: 0.61918, Test loss: 0.60357,Epoch time = 1.430s
03/26/2026 19:36:50 - INFO - utils.trainer -   ***** Running evaluation on test1 dataset *****
03/26/2026 19:36:51 - INFO - utils.trainer -   AUC: 0.84961
03/26/2026 19:36:51 - INFO - utils.trainer -   Accuracy: 0.76232
03/26/2026 19:36:51 - INFO - utils.trainer -   Precision: 0.75392
03/26/2026 19:36:51 - INFO - utils.trainer -   Recall: 0.77887
03/26/2026 19:36:51 - INFO - utils.trainer -   F_score: 0.76619
03/26/2026 19:36:51 - INFO - utils.trainer -   Specificity: 0.74577
03/26/2026 19:36:51 - INFO - utils.trainer -   Sensitivity: 0.77887
03/26/2026 19:36:51 - INFO - utils.trainer -   Loss: 0.60191
03/26/2026 19:36:51 - INFO - utils.trainer -    Train loss: 0.62036, Test loss: 0.60191,Epoch time = 1.929s
03/26/2026 19:36:53 - INFO - utils.trainer -   ***** Running evaluation on test1 dataset *****
03/26/2026 19:36:54 - INFO - utils.trainer -   AUC: 0.84966
03/26/2026 19:36:54 - INFO - utils.trainer -   Accuracy: 0.76479
03/26/2026 19:36:54 - INFO - utils.trainer -   Precision: 0.80519
03/26/2026 19:36:54 - INFO - utils.trainer -   Recall: 0.69859
03/26/2026 19:36:54 - INFO - utils.trainer -   F_score: 0.74811
03/26/2026 19:36:54 - INFO - utils.trainer -   Specificity: 0.83099
03/26/2026 19:36:54 - INFO - utils.trainer -   Sensitivity: 0.69859
03/26/2026 19:36:54 - INFO - utils.trainer -   Loss: 0.60434
03/26/2026 19:36:54 - INFO - utils.trainer -    Train loss: 0.61887, Test loss: 0.60434,Epoch time = 1.813s
03/26/2026 19:36:56 - INFO - utils.trainer -   ***** Running evaluation on test1 dataset *****
03/26/2026 19:36:57 - INFO - utils.trainer -   AUC: 0.84977
03/26/2026 19:36:57 - INFO - utils.trainer -   Accuracy: 0.76021
03/26/2026 19:36:57 - INFO - utils.trainer -   Precision: 0.83560
03/26/2026 19:36:57 - INFO - utils.trainer -   Recall: 0.64789
03/26/2026 19:36:57 - INFO - utils.trainer -   F_score: 0.72987
03/26/2026 19:36:57 - INFO - utils.trainer -   Specificity: 0.87254
03/26/2026 19:36:57 - INFO - utils.trainer -   Sensitivity: 0.64789
03/26/2026 19:36:57 - INFO - utils.trainer -   Loss: 0.60190
03/26/2026 19:36:57 - INFO - utils.trainer -    Train loss: 0.61162, Test loss: 0.60190,Epoch time = 2.101s
03/26/2026 19:36:58 - INFO - utils.trainer -   ***** Running evaluation on test1 dataset *****
03/26/2026 19:36:59 - INFO - utils.trainer -   AUC: 0.84771
03/26/2026 19:36:59 - INFO - utils.trainer -   Accuracy: 0.75915
03/26/2026 19:36:59 - INFO - utils.trainer -   Precision: 0.73262
03/26/2026 19:36:59 - INFO - utils.trainer -   Recall: 0.81620
03/26/2026 19:36:59 - INFO - utils.trainer -   F_score: 0.77215
03/26/2026 19:36:59 - INFO - utils.trainer -   Specificity: 0.70211
03/26/2026 19:36:59 - INFO - utils.trainer -   Sensitivity: 0.81620
03/26/2026 19:36:59 - INFO - utils.trainer -   Loss: 0.60317
03/26/2026 19:36:59 - INFO - utils.trainer -    Train loss: 0.62378, Test loss: 0.60317,Epoch time = 1.347s
03/26/2026 19:37:00 - INFO - utils.trainer -   ***** Running evaluation on test1 dataset *****
03/26/2026 19:37:01 - INFO - utils.trainer -   AUC: 0.84953
03/26/2026 19:37:01 - INFO - utils.trainer -   Accuracy: 0.76373
03/26/2026 19:37:01 - INFO - utils.trainer -   Precision: 0.81182
03/26/2026 19:37:01 - INFO - utils.trainer -   Recall: 0.68662
03/26/2026 19:37:01 - INFO - utils.trainer -   F_score: 0.74399
03/26/2026 19:37:01 - INFO - utils.trainer -   Specificity: 0.84085
03/26/2026 19:37:01 - INFO - utils.trainer -   Sensitivity: 0.68662
03/26/2026 19:37:01 - INFO - utils.trainer -   Loss: 0.60351
03/26/2026 19:37:01 - INFO - utils.trainer -    Train loss: 0.61479, Test loss: 0.60351,Epoch time = 1.649s
03/26/2026 19:37:03 - INFO - utils.trainer -   ***** Running evaluation on test1 dataset *****
03/26/2026 19:37:04 - INFO - utils.trainer -   AUC: 0.84826
03/26/2026 19:37:04 - INFO - utils.trainer -   Accuracy: 0.76232
03/26/2026 19:37:04 - INFO - utils.trainer -   Precision: 0.75461
03/26/2026 19:37:04 - INFO - utils.trainer -   Recall: 0.77746
03/26/2026 19:37:04 - INFO - utils.trainer -   F_score: 0.76587
03/26/2026 19:37:04 - INFO - utils.trainer -   Specificity: 0.74718
03/26/2026 19:37:04 - INFO - utils.trainer -   Sensitivity: 0.77746
03/26/2026 19:37:04 - INFO - utils.trainer -   Loss: 0.60180
03/26/2026 19:37:04 - INFO - utils.trainer -    Train loss: 0.61564, Test loss: 0.60180,Epoch time = 1.989s
03/26/2026 19:37:05 - INFO - utils.trainer -   ***** Running evaluation on test1 dataset *****
03/26/2026 19:37:06 - INFO - utils.trainer -   AUC: 0.84946
03/26/2026 19:37:06 - INFO - utils.trainer -   Accuracy: 0.76303
03/26/2026 19:37:06 - INFO - utils.trainer -   Precision: 0.76064
03/26/2026 19:37:06 - INFO - utils.trainer -   Recall: 0.76761
03/26/2026 19:37:06 - INFO - utils.trainer -   F_score: 0.76411
03/26/2026 19:37:06 - INFO - utils.trainer -   Specificity: 0.75845
03/26/2026 19:37:06 - INFO - utils.trainer -   Sensitivity: 0.76761
03/26/2026 19:37:06 - INFO - utils.trainer -   Loss: 0.60260
03/26/2026 19:37:06 - INFO - utils.trainer -    Train loss: 0.61566, Test loss: 0.60260,Epoch time = 1.278s
03/26/2026 19:37:08 - INFO - utils.trainer -   ***** Running evaluation on test1 dataset *****
03/26/2026 19:37:09 - INFO - utils.trainer -   AUC: 0.84986
03/26/2026 19:37:09 - INFO - utils.trainer -   Accuracy: 0.76866
03/26/2026 19:37:09 - INFO - utils.trainer -   Precision: 0.79414
03/26/2026 19:37:09 - INFO - utils.trainer -   Recall: 0.72535
03/26/2026 19:37:09 - INFO - utils.trainer -   F_score: 0.75819
03/26/2026 19:37:09 - INFO - utils.trainer -   Specificity: 0.81197
03/26/2026 19:37:09 - INFO - utils.trainer -   Sensitivity: 0.72535
03/26/2026 19:37:09 - INFO - utils.trainer -   Loss: 0.60301
03/26/2026 19:37:09 - INFO - utils.trainer -    Train loss: 0.62582, Test loss: 0.60301,Epoch time = 1.902s
03/26/2026 19:37:09 - INFO - utils.trainer -   Saving model checkpoint to output_dir/LMDA
03/26/2026 19:37:10 - INFO - utils.trainer -   ***** Running evaluation on test1 dataset *****
03/26/2026 19:37:11 - INFO - utils.trainer -   AUC: 0.84992
03/26/2026 19:37:11 - INFO - utils.trainer -   Accuracy: 0.76655
03/26/2026 19:37:11 - INFO - utils.trainer -   Precision: 0.79409
03/26/2026 19:37:11 - INFO - utils.trainer -   Recall: 0.71972
03/26/2026 19:37:11 - INFO - utils.trainer -   F_score: 0.75508
03/26/2026 19:37:11 - INFO - utils.trainer -   Specificity: 0.81338
03/26/2026 19:37:11 - INFO - utils.trainer -   Sensitivity: 0.71972
03/26/2026 19:37:11 - INFO - utils.trainer -   Loss: 0.60239
03/26/2026 19:37:11 - INFO - utils.trainer -    Train loss: 0.61559, Test loss: 0.60239,Epoch time = 1.360s
03/26/2026 19:37:13 - INFO - utils.trainer -   ***** Running evaluation on test1 dataset *****
03/26/2026 19:37:14 - INFO - utils.trainer -   AUC: 0.85037
03/26/2026 19:37:14 - INFO - utils.trainer -   Accuracy: 0.75845
03/26/2026 19:37:14 - INFO - utils.trainer -   Precision: 0.84557
03/26/2026 19:37:14 - INFO - utils.trainer -   Recall: 0.63239
03/26/2026 19:37:14 - INFO - utils.trainer -   F_score: 0.72361
03/26/2026 19:37:14 - INFO - utils.trainer -   Specificity: 0.88451
03/26/2026 19:37:14 - INFO - utils.trainer -   Sensitivity: 0.63239
03/26/2026 19:37:14 - INFO - utils.trainer -   Loss: 0.60228
03/26/2026 19:37:14 - INFO - utils.trainer -    Train loss: 0.61653, Test loss: 0.60228,Epoch time = 1.724s
03/26/2026 19:37:16 - INFO - utils.trainer -   ***** Running evaluation on test1 dataset *****
03/26/2026 19:37:17 - INFO - utils.trainer -   AUC: 0.85078
03/26/2026 19:37:17 - INFO - utils.trainer -   Accuracy: 0.77042
03/26/2026 19:37:17 - INFO - utils.trainer -   Precision: 0.79675
03/26/2026 19:37:17 - INFO - utils.trainer -   Recall: 0.72606
03/26/2026 19:37:17 - INFO - utils.trainer -   F_score: 0.75976
03/26/2026 19:37:17 - INFO - utils.trainer -   Specificity: 0.81479
03/26/2026 19:37:17 - INFO - utils.trainer -   Sensitivity: 0.72606
03/26/2026 19:37:17 - INFO - utils.trainer -   Loss: 0.60233
03/26/2026 19:37:17 - INFO - utils.trainer -    Train loss: 0.61944, Test loss: 0.60233,Epoch time = 1.780s
03/26/2026 19:37:17 - INFO - utils.trainer -   Saving model checkpoint to output_dir/LMDA
03/26/2026 19:37:19 - INFO - utils.trainer -   ***** Running evaluation on test1 dataset *****
03/26/2026 19:37:20 - INFO - utils.trainer -   AUC: 0.84978
03/26/2026 19:37:20 - INFO - utils.trainer -   Accuracy: 0.76620
03/26/2026 19:37:20 - INFO - utils.trainer -   Precision: 0.79077
03/26/2026 19:37:20 - INFO - utils.trainer -   Recall: 0.72394
03/26/2026 19:37:20 - INFO - utils.trainer -   F_score: 0.75588
03/26/2026 19:37:20 - INFO - utils.trainer -   Specificity: 0.80845
03/26/2026 19:37:20 - INFO - utils.trainer -   Sensitivity: 0.72394
03/26/2026 19:37:20 - INFO - utils.trainer -   Loss: 0.60124
03/26/2026 19:37:20 - INFO - utils.trainer -    Train loss: 0.62082, Test loss: 0.60124,Epoch time = 1.989s
03/26/2026 19:37:21 - INFO - utils.trainer -   ***** Running evaluation on test1 dataset *****
03/26/2026 19:37:22 - INFO - utils.trainer -   AUC: 0.85010
03/26/2026 19:37:22 - INFO - utils.trainer -   Accuracy: 0.76796
03/26/2026 19:37:22 - INFO - utils.trainer -   Precision: 0.80032
03/26/2026 19:37:22 - INFO - utils.trainer -   Recall: 0.71408
03/26/2026 19:37:22 - INFO - utils.trainer -   F_score: 0.75475
03/26/2026 19:37:22 - INFO - utils.trainer -   Specificity: 0.82183
03/26/2026 19:37:22 - INFO - utils.trainer -   Sensitivity: 0.71408
03/26/2026 19:37:22 - INFO - utils.trainer -   Loss: 0.60077
03/26/2026 19:37:22 - INFO - utils.trainer -    Train loss: 0.61423, Test loss: 0.60077,Epoch time = 1.789s
03/26/2026 19:37:24 - INFO - utils.trainer -   ***** Running evaluation on test1 dataset *****
03/26/2026 19:37:25 - INFO - utils.trainer -   AUC: 0.85009
03/26/2026 19:37:25 - INFO - utils.trainer -   Accuracy: 0.76725
03/26/2026 19:37:25 - INFO - utils.trainer -   Precision: 0.79305
03/26/2026 19:37:25 - INFO - utils.trainer -   Recall: 0.72324
03/26/2026 19:37:25 - INFO - utils.trainer -   F_score: 0.75654
03/26/2026 19:37:25 - INFO - utils.trainer -   Specificity: 0.81127
03/26/2026 19:37:25 - INFO - utils.trainer -   Sensitivity: 0.72324
03/26/2026 19:37:25 - INFO - utils.trainer -   Loss: 0.60040
03/26/2026 19:37:25 - INFO - utils.trainer -    Train loss: 0.61830, Test loss: 0.60040,Epoch time = 1.887s
03/26/2026 19:37:27 - INFO - utils.trainer -   ***** Running evaluation on test1 dataset *****
03/26/2026 19:37:27 - INFO - utils.trainer -   AUC: 0.85007
03/26/2026 19:37:27 - INFO - utils.trainer -   Accuracy: 0.76127
03/26/2026 19:37:27 - INFO - utils.trainer -   Precision: 0.83363
03/26/2026 19:37:27 - INFO - utils.trainer -   Recall: 0.65282
03/26/2026 19:37:27 - INFO - utils.trainer -   F_score: 0.73223
03/26/2026 19:37:27 - INFO - utils.trainer -   Specificity: 0.86972
03/26/2026 19:37:27 - INFO - utils.trainer -   Sensitivity: 0.65282
03/26/2026 19:37:27 - INFO - utils.trainer -   Loss: 0.60187
03/26/2026 19:37:27 - INFO - utils.trainer -    Train loss: 0.62351, Test loss: 0.60187,Epoch time = 1.380s
03/26/2026 19:37:29 - INFO - utils.trainer -   ***** Running evaluation on test1 dataset *****
03/26/2026 19:37:30 - INFO - utils.trainer -   AUC: 0.85092
03/26/2026 19:37:30 - INFO - utils.trainer -   Accuracy: 0.76831
03/26/2026 19:37:30 - INFO - utils.trainer -   Precision: 0.82125
03/26/2026 19:37:30 - INFO - utils.trainer -   Recall: 0.68592
03/26/2026 19:37:30 - INFO - utils.trainer -   F_score: 0.74751
03/26/2026 19:37:30 - INFO - utils.trainer -   Specificity: 0.85070
03/26/2026 19:37:30 - INFO - utils.trainer -   Sensitivity: 0.68592
03/26/2026 19:37:30 - INFO - utils.trainer -   Loss: 0.60017
03/26/2026 19:37:30 - INFO - utils.trainer -    Train loss: 0.61128, Test loss: 0.60017,Epoch time = 1.451s
03/26/2026 19:37:32 - INFO - utils.trainer -   ***** Running evaluation on test1 dataset *****
03/26/2026 19:37:33 - INFO - utils.trainer -   AUC: 0.85063
03/26/2026 19:37:33 - INFO - utils.trainer -   Accuracy: 0.76620
03/26/2026 19:37:33 - INFO - utils.trainer -   Precision: 0.80882
03/26/2026 19:37:33 - INFO - utils.trainer -   Recall: 0.69718
03/26/2026 19:37:33 - INFO - utils.trainer -   F_score: 0.74887
03/26/2026 19:37:33 - INFO - utils.trainer -   Specificity: 0.83521
03/26/2026 19:37:33 - INFO - utils.trainer -   Sensitivity: 0.69718
03/26/2026 19:37:33 - INFO - utils.trainer -   Loss: 0.60283
03/26/2026 19:37:33 - INFO - utils.trainer -    Train loss: 0.61888, Test loss: 0.60283,Epoch time = 2.202s
03/26/2026 19:37:35 - INFO - utils.trainer -   ***** Running evaluation on test1 dataset *****
03/26/2026 19:37:36 - INFO - utils.trainer -   AUC: 0.85060
03/26/2026 19:37:36 - INFO - utils.trainer -   Accuracy: 0.76479
03/26/2026 19:37:36 - INFO - utils.trainer -   Precision: 0.83099
03/26/2026 19:37:36 - INFO - utils.trainer -   Recall: 0.66479
03/26/2026 19:37:36 - INFO - utils.trainer -   F_score: 0.73865
03/26/2026 19:37:36 - INFO - utils.trainer -   Specificity: 0.86479
03/26/2026 19:37:36 - INFO - utils.trainer -   Sensitivity: 0.66479
03/26/2026 19:37:36 - INFO - utils.trainer -   Loss: 0.60091
03/26/2026 19:37:36 - INFO - utils.trainer -    Train loss: 0.61763, Test loss: 0.60091,Epoch time = 2.079s
03/26/2026 19:37:38 - INFO - utils.trainer -   ***** Running evaluation on test1 dataset *****
03/26/2026 19:37:39 - INFO - utils.trainer -   AUC: 0.85095
03/26/2026 19:37:39 - INFO - utils.trainer -   Accuracy: 0.76549
03/26/2026 19:37:39 - INFO - utils.trainer -   Precision: 0.83601
03/26/2026 19:37:39 - INFO - utils.trainer -   Recall: 0.66056
03/26/2026 19:37:39 - INFO - utils.trainer -   F_score: 0.73800
03/26/2026 19:37:39 - INFO - utils.trainer -   Specificity: 0.87042
03/26/2026 19:37:39 - INFO - utils.trainer -   Sensitivity: 0.66056
03/26/2026 19:37:39 - INFO - utils.trainer -   Loss: 0.60277
03/26/2026 19:37:39 - INFO - utils.trainer -    Train loss: 0.60966, Test loss: 0.60277,Epoch time = 1.887s
03/26/2026 19:37:40 - INFO - utils.trainer -   ***** Running evaluation on test1 dataset *****
03/26/2026 19:37:41 - INFO - utils.trainer -   AUC: 0.85078
03/26/2026 19:37:41 - INFO - utils.trainer -   Accuracy: 0.76655
03/26/2026 19:37:41 - INFO - utils.trainer -   Precision: 0.81727
03/26/2026 19:37:41 - INFO - utils.trainer -   Recall: 0.68662
03/26/2026 19:37:41 - INFO - utils.trainer -   F_score: 0.74627
03/26/2026 19:37:41 - INFO - utils.trainer -   Specificity: 0.84648
03/26/2026 19:37:41 - INFO - utils.trainer -   Sensitivity: 0.68662
03/26/2026 19:37:41 - INFO - utils.trainer -   Loss: 0.60073
03/26/2026 19:37:41 - INFO - utils.trainer -    Train loss: 0.61891, Test loss: 0.60073,Epoch time = 1.648s
03/26/2026 19:37:43 - INFO - utils.trainer -   ***** Running evaluation on test1 dataset *****
03/26/2026 19:37:44 - INFO - utils.trainer -   AUC: 0.85060
03/26/2026 19:37:44 - INFO - utils.trainer -   Accuracy: 0.76232
03/26/2026 19:37:44 - INFO - utils.trainer -   Precision: 0.83052
03/26/2026 19:37:44 - INFO - utils.trainer -   Recall: 0.65915
03/26/2026 19:37:44 - INFO - utils.trainer -   F_score: 0.73498
03/26/2026 19:37:44 - INFO - utils.trainer -   Specificity: 0.86549
03/26/2026 19:37:44 - INFO - utils.trainer -   Sensitivity: 0.65915
03/26/2026 19:37:44 - INFO - utils.trainer -   Loss: 0.59932
03/26/2026 19:37:44 - INFO - utils.trainer -    Train loss: 0.61807, Test loss: 0.59932,Epoch time = 1.658s
03/26/2026 19:37:46 - INFO - utils.trainer -   ***** Running evaluation on test1 dataset *****
03/26/2026 19:37:47 - INFO - utils.trainer -   AUC: 0.84996
03/26/2026 19:37:47 - INFO - utils.trainer -   Accuracy: 0.76690
03/26/2026 19:37:47 - INFO - utils.trainer -   Precision: 0.78496
03/26/2026 19:37:47 - INFO - utils.trainer -   Recall: 0.73521
03/26/2026 19:37:47 - INFO - utils.trainer -   F_score: 0.75927
03/26/2026 19:37:47 - INFO - utils.trainer -   Specificity: 0.79859
03/26/2026 19:37:47 - INFO - utils.trainer -   Sensitivity: 0.73521
03/26/2026 19:37:47 - INFO - utils.trainer -   Loss: 0.60057
03/26/2026 19:37:47 - INFO - utils.trainer -    Train loss: 0.61633, Test loss: 0.60057,Epoch time = 2.229s
03/26/2026 19:37:48 - INFO - utils.trainer -   ***** Running evaluation on test1 dataset *****
03/26/2026 19:37:49 - INFO - utils.trainer -   AUC: 0.85088
03/26/2026 19:37:49 - INFO - utils.trainer -   Accuracy: 0.76268
03/26/2026 19:37:49 - INFO - utils.trainer -   Precision: 0.83483
03/26/2026 19:37:49 - INFO - utils.trainer -   Recall: 0.65493
03/26/2026 19:37:49 - INFO - utils.trainer -   F_score: 0.73402
03/26/2026 19:37:49 - INFO - utils.trainer -   Specificity: 0.87042
03/26/2026 19:37:49 - INFO - utils.trainer -   Sensitivity: 0.65493
03/26/2026 19:37:49 - INFO - utils.trainer -   Loss: 0.60225
03/26/2026 19:37:49 - INFO - utils.trainer -    Train loss: 0.61918, Test loss: 0.60225,Epoch time = 1.461s
03/26/2026 19:37:51 - INFO - utils.trainer -   ***** Running evaluation on test1 dataset *****
03/26/2026 19:37:52 - INFO - utils.trainer -   AUC: 0.85081
03/26/2026 19:37:52 - INFO - utils.trainer -   Accuracy: 0.76761
03/26/2026 19:37:52 - INFO - utils.trainer -   Precision: 0.80351
03/26/2026 19:37:52 - INFO - utils.trainer -   Recall: 0.70845
03/26/2026 19:37:52 - INFO - utils.trainer -   F_score: 0.75299
03/26/2026 19:37:52 - INFO - utils.trainer -   Specificity: 0.82676
03/26/2026 19:37:52 - INFO - utils.trainer -   Sensitivity: 0.70845
03/26/2026 19:37:52 - INFO - utils.trainer -   Loss: 0.60005
03/26/2026 19:37:52 - INFO - utils.trainer -    Train loss: 0.61826, Test loss: 0.60005,Epoch time = 2.050s
03/26/2026 19:37:54 - INFO - utils.trainer -   ***** Running evaluation on test1 dataset *****
03/26/2026 19:37:55 - INFO - utils.trainer -   AUC: 0.84946
03/26/2026 19:37:55 - INFO - utils.trainer -   Accuracy: 0.76690
03/26/2026 19:37:55 - INFO - utils.trainer -   Precision: 0.77868
03/26/2026 19:37:55 - INFO - utils.trainer -   Recall: 0.74577
03/26/2026 19:37:55 - INFO - utils.trainer -   F_score: 0.76187
03/26/2026 19:37:55 - INFO - utils.trainer -   Specificity: 0.78803
03/26/2026 19:37:55 - INFO - utils.trainer -   Sensitivity: 0.74577
03/26/2026 19:37:55 - INFO - utils.trainer -   Loss: 0.59809
03/26/2026 19:37:55 - INFO - utils.trainer -    Train loss: 0.62025, Test loss: 0.59809,Epoch time = 2.131s
03/26/2026 19:37:57 - INFO - utils.trainer -   ***** Running evaluation on test1 dataset *****
03/26/2026 19:37:58 - INFO - utils.trainer -   AUC: 0.85019
03/26/2026 19:37:58 - INFO - utils.trainer -   Accuracy: 0.76514
03/26/2026 19:37:58 - INFO - utils.trainer -   Precision: 0.80290
03/26/2026 19:37:58 - INFO - utils.trainer -   Recall: 0.70282
03/26/2026 19:37:58 - INFO - utils.trainer -   F_score: 0.74953
03/26/2026 19:37:58 - INFO - utils.trainer -   Specificity: 0.82746
03/26/2026 19:37:58 - INFO - utils.trainer -   Sensitivity: 0.70282
03/26/2026 19:37:58 - INFO - utils.trainer -   Loss: 0.60198
03/26/2026 19:37:58 - INFO - utils.trainer -    Train loss: 0.61252, Test loss: 0.60198,Epoch time = 1.760s
03/26/2026 19:38:00 - INFO - utils.trainer -   ***** Running evaluation on test1 dataset *****
03/26/2026 19:38:01 - INFO - utils.trainer -   AUC: 0.85091
03/26/2026 19:38:01 - INFO - utils.trainer -   Accuracy: 0.76162
03/26/2026 19:38:01 - INFO - utils.trainer -   Precision: 0.83865
03/26/2026 19:38:01 - INFO - utils.trainer -   Recall: 0.64789
03/26/2026 19:38:01 - INFO - utils.trainer -   F_score: 0.73103
03/26/2026 19:38:01 - INFO - utils.trainer -   Specificity: 0.87535
03/26/2026 19:38:01 - INFO - utils.trainer -   Sensitivity: 0.64789
03/26/2026 19:38:01 - INFO - utils.trainer -   Loss: 0.59949
03/26/2026 19:38:01 - INFO - utils.trainer -    Train loss: 0.61810, Test loss: 0.59949,Epoch time = 1.937s
03/26/2026 19:38:03 - INFO - utils.trainer -   ***** Running evaluation on test1 dataset *****
03/26/2026 19:38:04 - INFO - utils.trainer -   AUC: 0.84924
03/26/2026 19:38:04 - INFO - utils.trainer -   Accuracy: 0.76479
03/26/2026 19:38:04 - INFO - utils.trainer -   Precision: 0.76973
03/26/2026 19:38:04 - INFO - utils.trainer -   Recall: 0.75563
03/26/2026 19:38:04 - INFO - utils.trainer -   F_score: 0.76262
03/26/2026 19:38:04 - INFO - utils.trainer -   Specificity: 0.77394
03/26/2026 19:38:04 - INFO - utils.trainer -   Sensitivity: 0.75563
03/26/2026 19:38:04 - INFO - utils.trainer -   Loss: 0.60027
03/26/2026 19:38:04 - INFO - utils.trainer -    Train loss: 0.62177, Test loss: 0.60027,Epoch time = 1.861s
03/26/2026 19:38:05 - INFO - utils.trainer -   ***** Running evaluation on test1 dataset *****
03/26/2026 19:38:06 - INFO - utils.trainer -   AUC: 0.85058
03/26/2026 19:38:06 - INFO - utils.trainer -   Accuracy: 0.76549
03/26/2026 19:38:06 - INFO - utils.trainer -   Precision: 0.82556
03/26/2026 19:38:06 - INFO - utils.trainer -   Recall: 0.67324
03/26/2026 19:38:06 - INFO - utils.trainer -   F_score: 0.74166
03/26/2026 19:38:06 - INFO - utils.trainer -   Specificity: 0.85775
03/26/2026 19:38:06 - INFO - utils.trainer -   Sensitivity: 0.67324
03/26/2026 19:38:06 - INFO - utils.trainer -   Loss: 0.59974
03/26/2026 19:38:06 - INFO - utils.trainer -    Train loss: 0.61416, Test loss: 0.59974,Epoch time = 1.630s
03/26/2026 19:38:08 - INFO - utils.trainer -   ***** Running evaluation on test1 dataset *****
03/26/2026 19:38:09 - INFO - utils.trainer -   AUC: 0.85086
03/26/2026 19:38:09 - INFO - utils.trainer -   Accuracy: 0.75387
03/26/2026 19:38:09 - INFO - utils.trainer -   Precision: 0.84697
03/26/2026 19:38:09 - INFO - utils.trainer -   Recall: 0.61972
03/26/2026 19:38:09 - INFO - utils.trainer -   F_score: 0.71574
03/26/2026 19:38:09 - INFO - utils.trainer -   Specificity: 0.88803
03/26/2026 19:38:09 - INFO - utils.trainer -   Sensitivity: 0.61972
03/26/2026 19:38:09 - INFO - utils.trainer -   Loss: 0.60063
03/26/2026 19:38:09 - INFO - utils.trainer -    Train loss: 0.61637, Test loss: 0.60063,Epoch time = 2.071s
03/26/2026 19:38:11 - INFO - utils.trainer -   ***** Running evaluation on test1 dataset *****
03/26/2026 19:38:12 - INFO - utils.trainer -   AUC: 0.85028
03/26/2026 19:38:12 - INFO - utils.trainer -   Accuracy: 0.76268
03/26/2026 19:38:12 - INFO - utils.trainer -   Precision: 0.76047
03/26/2026 19:38:12 - INFO - utils.trainer -   Recall: 0.76690
03/26/2026 19:38:12 - INFO - utils.trainer -   F_score: 0.76367
03/26/2026 19:38:12 - INFO - utils.trainer -   Specificity: 0.75845
03/26/2026 19:38:12 - INFO - utils.trainer -   Sensitivity: 0.76690
03/26/2026 19:38:12 - INFO - utils.trainer -   Loss: 0.59402
03/26/2026 19:38:12 - INFO - utils.trainer -    Train loss: 0.61443, Test loss: 0.59402,Epoch time = 1.947s
03/26/2026 19:38:14 - INFO - utils.trainer -   ***** Running evaluation on test1 dataset *****
03/26/2026 19:38:15 - INFO - utils.trainer -   AUC: 0.85082
03/26/2026 19:38:15 - INFO - utils.trainer -   Accuracy: 0.76197
03/26/2026 19:38:15 - INFO - utils.trainer -   Precision: 0.83214
03/26/2026 19:38:15 - INFO - utils.trainer -   Recall: 0.65634
03/26/2026 19:38:15 - INFO - utils.trainer -   F_score: 0.73386
03/26/2026 19:38:15 - INFO - utils.trainer -   Specificity: 0.86761
03/26/2026 19:38:15 - INFO - utils.trainer -   Sensitivity: 0.65634
03/26/2026 19:38:15 - INFO - utils.trainer -   Loss: 0.59809
03/26/2026 19:38:15 - INFO - utils.trainer -    Train loss: 0.61751, Test loss: 0.59809,Epoch time = 1.929s
03/26/2026 19:38:17 - INFO - utils.trainer -   ***** Running evaluation on test1 dataset *****
03/26/2026 19:38:18 - INFO - utils.trainer -   AUC: 0.85084
03/26/2026 19:38:18 - INFO - utils.trainer -   Accuracy: 0.76056
03/26/2026 19:38:18 - INFO - utils.trainer -   Precision: 0.83514
03/26/2026 19:38:18 - INFO - utils.trainer -   Recall: 0.64930
03/26/2026 19:38:18 - INFO - utils.trainer -   F_score: 0.73059
03/26/2026 19:38:18 - INFO - utils.trainer -   Specificity: 0.87183
03/26/2026 19:38:18 - INFO - utils.trainer -   Sensitivity: 0.64930
03/26/2026 19:38:18 - INFO - utils.trainer -   Loss: 0.60089
03/26/2026 19:38:18 - INFO - utils.trainer -    Train loss: 0.61904, Test loss: 0.60089,Epoch time = 1.983s
03/26/2026 19:38:20 - INFO - utils.trainer -   ***** Running evaluation on test1 dataset *****
03/26/2026 19:38:20 - INFO - utils.trainer -   AUC: 0.85109
03/26/2026 19:38:20 - INFO - utils.trainer -   Accuracy: 0.75739
03/26/2026 19:38:20 - INFO - utils.trainer -   Precision: 0.84063
03/26/2026 19:38:20 - INFO - utils.trainer -   Recall: 0.63521
03/26/2026 19:38:20 - INFO - utils.trainer -   F_score: 0.72363
03/26/2026 19:38:20 - INFO - utils.trainer -   Specificity: 0.87958
03/26/2026 19:38:20 - INFO - utils.trainer -   Sensitivity: 0.63521
03/26/2026 19:38:20 - INFO - utils.trainer -   Loss: 0.59868
03/26/2026 19:38:20 - INFO - utils.trainer -    Train loss: 0.61969, Test loss: 0.59868,Epoch time = 2.045s
03/26/2026 19:38:22 - INFO - utils.trainer -   ***** Running evaluation on test1 dataset *****
03/26/2026 19:38:23 - INFO - utils.trainer -   AUC: 0.85080
03/26/2026 19:38:23 - INFO - utils.trainer -   Accuracy: 0.76479
03/26/2026 19:38:23 - INFO - utils.trainer -   Precision: 0.82696
03/26/2026 19:38:23 - INFO - utils.trainer -   Recall: 0.66972
03/26/2026 19:38:23 - INFO - utils.trainer -   F_score: 0.74008
03/26/2026 19:38:23 - INFO - utils.trainer -   Specificity: 0.85986
03/26/2026 19:38:23 - INFO - utils.trainer -   Sensitivity: 0.66972
03/26/2026 19:38:23 - INFO - utils.trainer -   Loss: 0.59881
03/26/2026 19:38:23 - INFO - utils.trainer -    Train loss: 0.61544, Test loss: 0.59881,Epoch time = 1.760s
03/26/2026 19:38:25 - INFO - utils.trainer -   ***** Running evaluation on test1 dataset *****
03/26/2026 19:38:26 - INFO - utils.trainer -   AUC: 0.85117
03/26/2026 19:38:26 - INFO - utils.trainer -   Accuracy: 0.75739
03/26/2026 19:38:26 - INFO - utils.trainer -   Precision: 0.84191
03/26/2026 19:38:26 - INFO - utils.trainer -   Recall: 0.63380
03/26/2026 19:38:26 - INFO - utils.trainer -   F_score: 0.72318
03/26/2026 19:38:26 - INFO - utils.trainer -   Specificity: 0.88099
03/26/2026 19:38:26 - INFO - utils.trainer -   Sensitivity: 0.63380
03/26/2026 19:38:26 - INFO - utils.trainer -   Loss: 0.59846
03/26/2026 19:38:26 - INFO - utils.trainer -    Train loss: 0.61645, Test loss: 0.59846,Epoch time = 1.802s
03/26/2026 19:38:27 - INFO - utils.trainer -   ***** Running evaluation on test1 dataset *****
03/26/2026 19:38:28 - INFO - utils.trainer -   AUC: 0.84981
03/26/2026 19:38:28 - INFO - utils.trainer -   Accuracy: 0.76655
03/26/2026 19:38:28 - INFO - utils.trainer -   Precision: 0.79501
03/26/2026 19:38:28 - INFO - utils.trainer -   Recall: 0.71831
03/26/2026 19:38:28 - INFO - utils.trainer -   F_score: 0.75472
03/26/2026 19:38:28 - INFO - utils.trainer -   Specificity: 0.81479
03/26/2026 19:38:28 - INFO - utils.trainer -   Sensitivity: 0.71831
03/26/2026 19:38:28 - INFO - utils.trainer -   Loss: 0.60011
03/26/2026 19:38:28 - INFO - utils.trainer -    Train loss: 0.61532, Test loss: 0.60011,Epoch time = 1.463s
03/26/2026 19:38:30 - INFO - utils.trainer -   ***** Running evaluation on test1 dataset *****
03/26/2026 19:38:31 - INFO - utils.trainer -   AUC: 0.84951
03/26/2026 19:38:31 - INFO - utils.trainer -   Accuracy: 0.76585
03/26/2026 19:38:31 - INFO - utils.trainer -   Precision: 0.77100
03/26/2026 19:38:31 - INFO - utils.trainer -   Recall: 0.75634
03/26/2026 19:38:31 - INFO - utils.trainer -   F_score: 0.76360
03/26/2026 19:38:31 - INFO - utils.trainer -   Specificity: 0.77535
03/26/2026 19:38:31 - INFO - utils.trainer -   Sensitivity: 0.75634
03/26/2026 19:38:31 - INFO - utils.trainer -   Loss: 0.59887
03/26/2026 19:38:31 - INFO - utils.trainer -    Train loss: 0.61308, Test loss: 0.59887,Epoch time = 1.662s
03/26/2026 19:38:32 - INFO - utils.trainer -   ***** Running evaluation on test1 dataset *****
03/26/2026 19:38:33 - INFO - utils.trainer -   AUC: 0.85035
03/26/2026 19:38:33 - INFO - utils.trainer -   Accuracy: 0.76761
03/26/2026 19:38:33 - INFO - utils.trainer -   Precision: 0.80063
03/26/2026 19:38:33 - INFO - utils.trainer -   Recall: 0.71268
03/26/2026 19:38:33 - INFO - utils.trainer -   F_score: 0.75410
03/26/2026 19:38:33 - INFO - utils.trainer -   Specificity: 0.82254
03/26/2026 19:38:33 - INFO - utils.trainer -   Sensitivity: 0.71268
03/26/2026 19:38:33 - INFO - utils.trainer -   Loss: 0.59780
03/26/2026 19:38:33 - INFO - utils.trainer -    Train loss: 0.61504, Test loss: 0.59780,Epoch time = 1.286s
03/26/2026 19:38:34 - INFO - utils.trainer -   ***** Running evaluation on test1 dataset *****
03/26/2026 19:38:35 - INFO - utils.trainer -   AUC: 0.85025
03/26/2026 19:38:35 - INFO - utils.trainer -   Accuracy: 0.76761
03/26/2026 19:38:35 - INFO - utils.trainer -   Precision: 0.79096
03/26/2026 19:38:35 - INFO - utils.trainer -   Recall: 0.72746
03/26/2026 19:38:35 - INFO - utils.trainer -   F_score: 0.75789
03/26/2026 19:38:35 - INFO - utils.trainer -   Specificity: 0.80775
03/26/2026 19:38:35 - INFO - utils.trainer -   Sensitivity: 0.72746
03/26/2026 19:38:35 - INFO - utils.trainer -   Loss: 0.59902
03/26/2026 19:38:35 - INFO - utils.trainer -    Train loss: 0.62011, Test loss: 0.59902,Epoch time = 1.334s
03/26/2026 19:38:37 - INFO - utils.trainer -   ***** Running evaluation on test1 dataset *****
03/26/2026 19:38:38 - INFO - utils.trainer -   AUC: 0.85084
03/26/2026 19:38:38 - INFO - utils.trainer -   Accuracy: 0.76338
03/26/2026 19:38:38 - INFO - utils.trainer -   Precision: 0.82923
03/26/2026 19:38:38 - INFO - utils.trainer -   Recall: 0.66338
03/26/2026 19:38:38 - INFO - utils.trainer -   F_score: 0.73709
03/26/2026 19:38:38 - INFO - utils.trainer -   Specificity: 0.86338
03/26/2026 19:38:38 - INFO - utils.trainer -   Sensitivity: 0.66338
03/26/2026 19:38:38 - INFO - utils.trainer -   Loss: 0.59766
03/26/2026 19:38:38 - INFO - utils.trainer -    Train loss: 0.61399, Test loss: 0.59766,Epoch time = 1.936s
03/26/2026 19:38:40 - INFO - utils.trainer -   ***** Running evaluation on test1 dataset *****
03/26/2026 19:38:41 - INFO - utils.trainer -   AUC: 0.85039
03/26/2026 19:38:41 - INFO - utils.trainer -   Accuracy: 0.76092
03/26/2026 19:38:41 - INFO - utils.trainer -   Precision: 0.82933
03/26/2026 19:38:41 - INFO - utils.trainer -   Recall: 0.65704
03/26/2026 19:38:41 - INFO - utils.trainer -   F_score: 0.73320
03/26/2026 19:38:41 - INFO - utils.trainer -   Specificity: 0.86479
03/26/2026 19:38:41 - INFO - utils.trainer -   Sensitivity: 0.65704
03/26/2026 19:38:41 - INFO - utils.trainer -   Loss: 0.59679
03/26/2026 19:38:41 - INFO - utils.trainer -    Train loss: 0.61483, Test loss: 0.59679,Epoch time = 1.677s
03/26/2026 19:38:42 - INFO - utils.trainer -   ***** Running evaluation on test1 dataset *****
03/26/2026 19:38:43 - INFO - utils.trainer -   AUC: 0.85078
03/26/2026 19:38:43 - INFO - utils.trainer -   Accuracy: 0.76690
03/26/2026 19:38:43 - INFO - utils.trainer -   Precision: 0.82010
03/26/2026 19:38:43 - INFO - utils.trainer -   Recall: 0.68380
03/26/2026 19:38:43 - INFO - utils.trainer -   F_score: 0.74578
03/26/2026 19:38:43 - INFO - utils.trainer -   Specificity: 0.85000
03/26/2026 19:38:43 - INFO - utils.trainer -   Sensitivity: 0.68380
03/26/2026 19:38:43 - INFO - utils.trainer -   Loss: 0.59818
03/26/2026 19:38:43 - INFO - utils.trainer -    Train loss: 0.61764, Test loss: 0.59818,Epoch time = 1.724s
03/26/2026 19:38:45 - INFO - utils.trainer -   ***** Running evaluation on test1 dataset *****
03/26/2026 19:38:46 - INFO - utils.trainer -   AUC: 0.85022
03/26/2026 19:38:46 - INFO - utils.trainer -   Accuracy: 0.76056
03/26/2026 19:38:46 - INFO - utils.trainer -   Precision: 0.83214
03/26/2026 19:38:46 - INFO - utils.trainer -   Recall: 0.65282
03/26/2026 19:38:46 - INFO - utils.trainer -   F_score: 0.73165
03/26/2026 19:38:46 - INFO - utils.trainer -   Specificity: 0.86831
03/26/2026 19:38:46 - INFO - utils.trainer -   Sensitivity: 0.65282
03/26/2026 19:38:46 - INFO - utils.trainer -   Loss: 0.59823
03/26/2026 19:38:46 - INFO - utils.trainer -    Train loss: 0.61644, Test loss: 0.59823,Epoch time = 1.947s
03/26/2026 19:38:48 - INFO - utils.trainer -   ***** Running evaluation on test1 dataset *****
03/26/2026 19:38:49 - INFO - utils.trainer -   AUC: 0.85076
03/26/2026 19:38:49 - INFO - utils.trainer -   Accuracy: 0.76056
03/26/2026 19:38:49 - INFO - utils.trainer -   Precision: 0.83514
03/26/2026 19:38:49 - INFO - utils.trainer -   Recall: 0.64930
03/26/2026 19:38:49 - INFO - utils.trainer -   F_score: 0.73059
03/26/2026 19:38:49 - INFO - utils.trainer -   Specificity: 0.87183
03/26/2026 19:38:49 - INFO - utils.trainer -   Sensitivity: 0.64930
03/26/2026 19:38:49 - INFO - utils.trainer -   Loss: 0.59673
03/26/2026 19:38:49 - INFO - utils.trainer -    Train loss: 0.61687, Test loss: 0.59673,Epoch time = 1.653s
03/26/2026 19:38:51 - INFO - utils.trainer -   ***** Running evaluation on test1 dataset *****
03/26/2026 19:38:52 - INFO - utils.trainer -   AUC: 0.85133
03/26/2026 19:38:52 - INFO - utils.trainer -   Accuracy: 0.75458
03/26/2026 19:38:52 - INFO - utils.trainer -   Precision: 0.85757
03/26/2026 19:38:52 - INFO - utils.trainer -   Recall: 0.61056
03/26/2026 19:38:52 - INFO - utils.trainer -   F_score: 0.71329
03/26/2026 19:38:52 - INFO - utils.trainer -   Specificity: 0.89859
03/26/2026 19:38:52 - INFO - utils.trainer -   Sensitivity: 0.61056
03/26/2026 19:38:52 - INFO - utils.trainer -   Loss: 0.59573
03/26/2026 19:38:52 - INFO - utils.trainer -    Train loss: 0.61575, Test loss: 0.59573,Epoch time = 1.861s
03/26/2026 19:38:54 - INFO - utils.trainer -   ***** Running evaluation on test1 dataset *****
03/26/2026 19:38:54 - INFO - utils.trainer -   AUC: 0.85095
03/26/2026 19:38:54 - INFO - utils.trainer -   Accuracy: 0.75458
03/26/2026 19:38:54 - INFO - utils.trainer -   Precision: 0.84660
03/26/2026 19:38:54 - INFO - utils.trainer -   Recall: 0.62183
03/26/2026 19:38:54 - INFO - utils.trainer -   F_score: 0.71701
03/26/2026 19:38:54 - INFO - utils.trainer -   Specificity: 0.88732
03/26/2026 19:38:54 - INFO - utils.trainer -   Sensitivity: 0.62183
03/26/2026 19:38:54 - INFO - utils.trainer -   Loss: 0.59964
03/26/2026 19:38:54 - INFO - utils.trainer -    Train loss: 0.61685, Test loss: 0.59964,Epoch time = 1.914s
03/26/2026 19:38:56 - INFO - utils.trainer -   ***** Running evaluation on test1 dataset *****
03/26/2026 19:38:57 - INFO - utils.trainer -   AUC: 0.85029
03/26/2026 19:38:57 - INFO - utils.trainer -   Accuracy: 0.76796
03/26/2026 19:38:57 - INFO - utils.trainer -   Precision: 0.80270
03/26/2026 19:38:57 - INFO - utils.trainer -   Recall: 0.71056
03/26/2026 19:38:57 - INFO - utils.trainer -   F_score: 0.75383
03/26/2026 19:38:57 - INFO - utils.trainer -   Specificity: 0.82535
03/26/2026 19:38:57 - INFO - utils.trainer -   Sensitivity: 0.71056
03/26/2026 19:38:57 - INFO - utils.trainer -   Loss: 0.59680
03/26/2026 19:38:57 - INFO - utils.trainer -    Train loss: 0.61843, Test loss: 0.59680,Epoch time = 1.351s
03/26/2026 19:38:59 - INFO - utils.trainer -   ***** Running evaluation on test1 dataset *****
03/26/2026 19:39:00 - INFO - utils.trainer -   AUC: 0.85098
03/26/2026 19:39:00 - INFO - utils.trainer -   Accuracy: 0.75669
03/26/2026 19:39:00 - INFO - utils.trainer -   Precision: 0.83970
03/26/2026 19:39:00 - INFO - utils.trainer -   Recall: 0.63451
03/26/2026 19:39:00 - INFO - utils.trainer -   F_score: 0.72282
03/26/2026 19:39:00 - INFO - utils.trainer -   Specificity: 0.87887
03/26/2026 19:39:00 - INFO - utils.trainer -   Sensitivity: 0.63451
03/26/2026 19:39:00 - INFO - utils.trainer -   Loss: 0.59951
03/26/2026 19:39:00 - INFO - utils.trainer -    Train loss: 0.61189, Test loss: 0.59951,Epoch time = 2.396s
03/26/2026 19:39:02 - INFO - utils.trainer -   ***** Running evaluation on test1 dataset *****
03/26/2026 19:39:03 - INFO - utils.trainer -   AUC: 0.85130
03/26/2026 19:39:03 - INFO - utils.trainer -   Accuracy: 0.75528
03/26/2026 19:39:03 - INFO - utils.trainer -   Precision: 0.84557
03/26/2026 19:39:03 - INFO - utils.trainer -   Recall: 0.62465
03/26/2026 19:39:03 - INFO - utils.trainer -   F_score: 0.71851
03/26/2026 19:39:03 - INFO - utils.trainer -   Specificity: 0.88592
03/26/2026 19:39:03 - INFO - utils.trainer -   Sensitivity: 0.62465
03/26/2026 19:39:03 - INFO - utils.trainer -   Loss: 0.59963
03/26/2026 19:39:03 - INFO - utils.trainer -    Train loss: 0.62221, Test loss: 0.59963,Epoch time = 1.987s
03/26/2026 19:39:05 - INFO - utils.trainer -   ***** Running evaluation on test1 dataset *****
03/26/2026 19:39:06 - INFO - utils.trainer -   AUC: 0.85017
03/26/2026 19:39:06 - INFO - utils.trainer -   Accuracy: 0.76444
03/26/2026 19:39:06 - INFO - utils.trainer -   Precision: 0.80855
03/26/2026 19:39:06 - INFO - utils.trainer -   Recall: 0.69296
03/26/2026 19:39:06 - INFO - utils.trainer -   F_score: 0.74630
03/26/2026 19:39:06 - INFO - utils.trainer -   Specificity: 0.83592
03/26/2026 19:39:06 - INFO - utils.trainer -   Sensitivity: 0.69296
03/26/2026 19:39:06 - INFO - utils.trainer -   Loss: 0.59879
03/26/2026 19:39:06 - INFO - utils.trainer -    Train loss: 0.61410, Test loss: 0.59879,Epoch time = 1.809s
03/26/2026 19:39:08 - INFO - utils.trainer -   ***** Running evaluation on test1 dataset *****
03/26/2026 19:39:09 - INFO - utils.trainer -   AUC: 0.85128
03/26/2026 19:39:09 - INFO - utils.trainer -   Accuracy: 0.76444
03/26/2026 19:39:09 - INFO - utils.trainer -   Precision: 0.83437
03/26/2026 19:39:09 - INFO - utils.trainer -   Recall: 0.65986
03/26/2026 19:39:09 - INFO - utils.trainer -   F_score: 0.73692
03/26/2026 19:39:09 - INFO - utils.trainer -   Specificity: 0.86901
03/26/2026 19:39:09 - INFO - utils.trainer -   Sensitivity: 0.65986
03/26/2026 19:39:09 - INFO - utils.trainer -   Loss: 0.59946
03/26/2026 19:39:09 - INFO - utils.trainer -    Train loss: 0.62686, Test loss: 0.59946,Epoch time = 2.160s
03/26/2026 19:39:10 - INFO - utils.trainer -   ***** Running evaluation on test1 dataset *****
03/26/2026 19:39:11 - INFO - utils.trainer -   AUC: 0.85053
03/26/2026 19:39:11 - INFO - utils.trainer -   Accuracy: 0.76831
03/26/2026 19:39:11 - INFO - utils.trainer -   Precision: 0.80529
03/26/2026 19:39:11 - INFO - utils.trainer -   Recall: 0.70775
03/26/2026 19:39:11 - INFO - utils.trainer -   F_score: 0.75337
03/26/2026 19:39:11 - INFO - utils.trainer -   Specificity: 0.82887
03/26/2026 19:39:11 - INFO - utils.trainer -   Sensitivity: 0.70775
03/26/2026 19:39:11 - INFO - utils.trainer -   Loss: 0.59758
03/26/2026 19:39:11 - INFO - utils.trainer -    Train loss: 0.60974, Test loss: 0.59758,Epoch time = 1.288s
03/26/2026 19:39:12 - INFO - utils.trainer -   ***** Running evaluation on test1 dataset *****
03/26/2026 19:39:13 - INFO - utils.trainer -   AUC: 0.85142
03/26/2026 19:39:13 - INFO - utils.trainer -   Accuracy: 0.75563
03/26/2026 19:39:13 - INFO - utils.trainer -   Precision: 0.85106
03/26/2026 19:39:13 - INFO - utils.trainer -   Recall: 0.61972
03/26/2026 19:39:13 - INFO - utils.trainer -   F_score: 0.71720
03/26/2026 19:39:13 - INFO - utils.trainer -   Specificity: 0.89155
03/26/2026 19:39:13 - INFO - utils.trainer -   Sensitivity: 0.61972
03/26/2026 19:39:13 - INFO - utils.trainer -   Loss: 0.59733
03/26/2026 19:39:13 - INFO - utils.trainer -    Train loss: 0.61492, Test loss: 0.59733,Epoch time = 1.467s
03/26/2026 19:39:15 - INFO - utils.trainer -   ***** Running evaluation on test1 dataset *****
03/26/2026 19:39:16 - INFO - utils.trainer -   AUC: 0.85157
03/26/2026 19:39:16 - INFO - utils.trainer -   Accuracy: 0.75352
03/26/2026 19:39:16 - INFO - utils.trainer -   Precision: 0.85433
03/26/2026 19:39:16 - INFO - utils.trainer -   Recall: 0.61127
03/26/2026 19:39:16 - INFO - utils.trainer -   F_score: 0.71264
03/26/2026 19:39:16 - INFO - utils.trainer -   Specificity: 0.89577
03/26/2026 19:39:16 - INFO - utils.trainer -   Sensitivity: 0.61127
03/26/2026 19:39:16 - INFO - utils.trainer -   Loss: 0.59924
03/26/2026 19:39:16 - INFO - utils.trainer -    Train loss: 0.61567, Test loss: 0.59924,Epoch time = 1.876s
03/26/2026 19:39:18 - INFO - utils.trainer -   ***** Running evaluation on test1 dataset *****
03/26/2026 19:39:18 - INFO - utils.trainer -   AUC: 0.85074
03/26/2026 19:39:18 - INFO - utils.trainer -   Accuracy: 0.76056
03/26/2026 19:39:18 - INFO - utils.trainer -   Precision: 0.83636
03/26/2026 19:39:18 - INFO - utils.trainer -   Recall: 0.64789
03/26/2026 19:39:18 - INFO - utils.trainer -   F_score: 0.73016
03/26/2026 19:39:18 - INFO - utils.trainer -   Specificity: 0.87324
03/26/2026 19:39:18 - INFO - utils.trainer -   Sensitivity: 0.64789
03/26/2026 19:39:18 - INFO - utils.trainer -   Loss: 0.59725
03/26/2026 19:39:18 - INFO - utils.trainer -    Train loss: 0.61540, Test loss: 0.59725,Epoch time = 1.685s
03/26/2026 19:39:20 - INFO - utils.trainer -   ***** Running evaluation on test1 dataset *****
03/26/2026 19:39:21 - INFO - utils.trainer -   AUC: 0.85137
03/26/2026 19:39:21 - INFO - utils.trainer -   Accuracy: 0.76197
03/26/2026 19:39:21 - INFO - utils.trainer -   Precision: 0.83757
03/26/2026 19:39:21 - INFO - utils.trainer -   Recall: 0.65000
03/26/2026 19:39:21 - INFO - utils.trainer -   F_score: 0.73196
03/26/2026 19:39:21 - INFO - utils.trainer -   Specificity: 0.87394
03/26/2026 19:39:21 - INFO - utils.trainer -   Sensitivity: 0.65000
03/26/2026 19:39:21 - INFO - utils.trainer -   Loss: 0.59929
03/26/2026 19:39:21 - INFO - utils.trainer -    Train loss: 0.61813, Test loss: 0.59929,Epoch time = 1.739s
03/26/2026 19:39:23 - INFO - utils.trainer -   ***** Running evaluation on test1 dataset *****
03/26/2026 19:39:24 - INFO - utils.trainer -   AUC: 0.85044
03/26/2026 19:39:24 - INFO - utils.trainer -   Accuracy: 0.76338
03/26/2026 19:39:24 - INFO - utils.trainer -   Precision: 0.82409
03/26/2026 19:39:24 - INFO - utils.trainer -   Recall: 0.66972
03/26/2026 19:39:24 - INFO - utils.trainer -   F_score: 0.73893
03/26/2026 19:39:24 - INFO - utils.trainer -   Specificity: 0.85704
03/26/2026 19:39:24 - INFO - utils.trainer -   Sensitivity: 0.66972
03/26/2026 19:39:24 - INFO - utils.trainer -   Loss: 0.59826
03/26/2026 19:39:24 - INFO - utils.trainer -    Train loss: 0.61683, Test loss: 0.59826,Epoch time = 1.895s
03/26/2026 19:39:26 - INFO - utils.trainer -   ***** Running evaluation on test1 dataset *****
03/26/2026 19:39:27 - INFO - utils.trainer -   AUC: 0.85014
03/26/2026 19:39:27 - INFO - utils.trainer -   Accuracy: 0.76761
03/26/2026 19:39:27 - INFO - utils.trainer -   Precision: 0.77697
03/26/2026 19:39:27 - INFO - utils.trainer -   Recall: 0.75070
03/26/2026 19:39:27 - INFO - utils.trainer -   F_score: 0.76361
03/26/2026 19:39:27 - INFO - utils.trainer -   Specificity: 0.78451
03/26/2026 19:39:27 - INFO - utils.trainer -   Sensitivity: 0.75070
03/26/2026 19:39:27 - INFO - utils.trainer -   Loss: 0.59809
03/26/2026 19:39:27 - INFO - utils.trainer -    Train loss: 0.61347, Test loss: 0.59809,Epoch time = 1.759s
03/26/2026 19:39:29 - INFO - utils.trainer -   ***** Running evaluation on test1 dataset *****
03/26/2026 19:39:30 - INFO - utils.trainer -   AUC: 0.85133
03/26/2026 19:39:30 - INFO - utils.trainer -   Accuracy: 0.76338
03/26/2026 19:39:30 - INFO - utils.trainer -   Precision: 0.83877
03/26/2026 19:39:30 - INFO - utils.trainer -   Recall: 0.65211
03/26/2026 19:39:30 - INFO - utils.trainer -   F_score: 0.73376
03/26/2026 19:39:30 - INFO - utils.trainer -   Specificity: 0.87465
03/26/2026 19:39:30 - INFO - utils.trainer -   Sensitivity: 0.65211
03/26/2026 19:39:30 - INFO - utils.trainer -   Loss: 0.59841
03/26/2026 19:39:30 - INFO - utils.trainer -    Train loss: 0.62010, Test loss: 0.59841,Epoch time = 1.988s
03/26/2026 19:39:32 - INFO - utils.trainer -   ***** Running evaluation on test1 dataset *****
03/26/2026 19:39:32 - INFO - utils.trainer -   AUC: 0.85062
03/26/2026 19:39:32 - INFO - utils.trainer -   Accuracy: 0.76408
03/26/2026 19:39:32 - INFO - utils.trainer -   Precision: 0.80839
03/26/2026 19:39:32 - INFO - utils.trainer -   Recall: 0.69225
03/26/2026 19:39:32 - INFO - utils.trainer -   F_score: 0.74583
03/26/2026 19:39:32 - INFO - utils.trainer -   Specificity: 0.83592
03/26/2026 19:39:32 - INFO - utils.trainer -   Sensitivity: 0.69225
03/26/2026 19:39:32 - INFO - utils.trainer -   Loss: 0.59635
03/26/2026 19:39:32 - INFO - utils.trainer -    Train loss: 0.61348, Test loss: 0.59635,Epoch time = 1.911s
03/26/2026 19:39:34 - INFO - utils.trainer -   ***** Running evaluation on test1 dataset *****
03/26/2026 19:39:35 - INFO - utils.trainer -   AUC: 0.85031
03/26/2026 19:39:35 - INFO - utils.trainer -   Accuracy: 0.76655
03/26/2026 19:39:35 - INFO - utils.trainer -   Precision: 0.80549
03/26/2026 19:39:35 - INFO - utils.trainer -   Recall: 0.70282
03/26/2026 19:39:35 - INFO - utils.trainer -   F_score: 0.75066
03/26/2026 19:39:35 - INFO - utils.trainer -   Specificity: 0.83028
03/26/2026 19:39:35 - INFO - utils.trainer -   Sensitivity: 0.70282
03/26/2026 19:39:35 - INFO - utils.trainer -   Loss: 0.59825
03/26/2026 19:39:35 - INFO - utils.trainer -    Train loss: 0.61885, Test loss: 0.59825,Epoch time = 1.388s
03/26/2026 19:39:37 - INFO - utils.trainer -   ***** Running evaluation on test1 dataset *****
03/26/2026 19:39:38 - INFO - utils.trainer -   AUC: 0.85161
03/26/2026 19:39:38 - INFO - utils.trainer -   Accuracy: 0.75352
03/26/2026 19:39:38 - INFO - utils.trainer -   Precision: 0.85785
03/26/2026 19:39:38 - INFO - utils.trainer -   Recall: 0.60775
03/26/2026 19:39:38 - INFO - utils.trainer -   F_score: 0.71146
03/26/2026 19:39:38 - INFO - utils.trainer -   Specificity: 0.89930
03/26/2026 19:39:38 - INFO - utils.trainer -   Sensitivity: 0.60775
03/26/2026 19:39:38 - INFO - utils.trainer -   Loss: 0.59852
03/26/2026 19:39:38 - INFO - utils.trainer -    Train loss: 0.61676, Test loss: 0.59852,Epoch time = 1.796s
03/26/2026 19:39:39 - INFO - utils.trainer -   ***** Running evaluation on test1 dataset *****
03/26/2026 19:39:40 - INFO - utils.trainer -   AUC: 0.85123
03/26/2026 19:39:40 - INFO - utils.trainer -   Accuracy: 0.76232
03/26/2026 19:39:40 - INFO - utils.trainer -   Precision: 0.83650
03/26/2026 19:39:40 - INFO - utils.trainer -   Recall: 0.65211
03/26/2026 19:39:40 - INFO - utils.trainer -   F_score: 0.73288
03/26/2026 19:39:40 - INFO - utils.trainer -   Specificity: 0.87254
03/26/2026 19:39:40 - INFO - utils.trainer -   Sensitivity: 0.65211
03/26/2026 19:39:40 - INFO - utils.trainer -   Loss: 0.59549
03/26/2026 19:39:40 - INFO - utils.trainer -    Train loss: 0.61991, Test loss: 0.59549,Epoch time = 1.917s
03/26/2026 19:39:42 - INFO - utils.trainer -   ***** Running evaluation on test1 dataset *****
03/26/2026 19:39:43 - INFO - utils.trainer -   AUC: 0.85079
03/26/2026 19:39:43 - INFO - utils.trainer -   Accuracy: 0.76338
03/26/2026 19:39:43 - INFO - utils.trainer -   Precision: 0.76412
03/26/2026 19:39:43 - INFO - utils.trainer -   Recall: 0.76197
03/26/2026 19:39:43 - INFO - utils.trainer -   F_score: 0.76305
03/26/2026 19:39:43 - INFO - utils.trainer -   Specificity: 0.76479
03/26/2026 19:39:43 - INFO - utils.trainer -   Sensitivity: 0.76197
03/26/2026 19:39:43 - INFO - utils.trainer -   Loss: 0.59742
03/26/2026 19:39:43 - INFO - utils.trainer -    Train loss: 0.61607, Test loss: 0.59742,Epoch time = 1.913s
03/26/2026 19:39:45 - INFO - utils.trainer -   ***** Running evaluation on test1 dataset *****
03/26/2026 19:39:46 - INFO - utils.trainer -   AUC: 0.85099
03/26/2026 19:39:46 - INFO - utils.trainer -   Accuracy: 0.76585
03/26/2026 19:39:46 - INFO - utils.trainer -   Precision: 0.80766
03/26/2026 19:39:46 - INFO - utils.trainer -   Recall: 0.69789
03/26/2026 19:39:46 - INFO - utils.trainer -   F_score: 0.74877
03/26/2026 19:39:46 - INFO - utils.trainer -   Specificity: 0.83380
03/26/2026 19:39:46 - INFO - utils.trainer -   Sensitivity: 0.69789
03/26/2026 19:39:46 - INFO - utils.trainer -   Loss: 0.59534
03/26/2026 19:39:46 - INFO - utils.trainer -    Train loss: 0.61129, Test loss: 0.59534,Epoch time = 1.895s
03/26/2026 19:39:48 - INFO - utils.trainer -   ***** Running evaluation on test1 dataset *****
03/26/2026 19:39:49 - INFO - utils.trainer -   AUC: 0.85155
03/26/2026 19:39:49 - INFO - utils.trainer -   Accuracy: 0.75528
03/26/2026 19:39:49 - INFO - utils.trainer -   Precision: 0.84491
03/26/2026 19:39:49 - INFO - utils.trainer -   Recall: 0.62535
03/26/2026 19:39:49 - INFO - utils.trainer -   F_score: 0.71874
03/26/2026 19:39:49 - INFO - utils.trainer -   Specificity: 0.88521
03/26/2026 19:39:49 - INFO - utils.trainer -   Sensitivity: 0.62535
03/26/2026 19:39:49 - INFO - utils.trainer -   Loss: 0.59760
03/26/2026 19:39:49 - INFO - utils.trainer -    Train loss: 0.61566, Test loss: 0.59760,Epoch time = 1.716s
03/26/2026 19:39:49 - INFO - __main__ -   ########## Repeat:2 ##########
03/26/2026 19:39:49 - INFO - utils.trainer -   ***** Running training *****
03/26/2026 19:39:49 - INFO - utils.trainer -     Num examples = 230
03/26/2026 19:39:49 - INFO - utils.trainer -     Num Epochs = 200
03/26/2026 19:39:49 - INFO - utils.trainer -     Total train batch size = 16
03/26/2026 19:39:49 - INFO - utils.trainer -     warmup steps = 400
03/26/2026 19:39:49 - INFO - utils.trainer -     Total optimization steps = 46000
03/26/2026 19:39:49 - INFO - utils.trainer -     Save steps = 200
03/26/2026 19:39:49 - INFO - root -   Parameters [normal] length [17]
03/26/2026 19:39:51 - INFO - utils.trainer -   ***** Running evaluation on test2 dataset *****
03/26/2026 19:39:52 - INFO - utils.trainer -   AUC: 0.52626
03/26/2026 19:39:52 - INFO - utils.trainer -   Accuracy: 0.50669
03/26/2026 19:39:52 - INFO - utils.trainer -   Precision: 0.50365
03/26/2026 19:39:52 - INFO - utils.trainer -   Recall: 0.92254
03/26/2026 19:39:52 - INFO - utils.trainer -   F_score: 0.65158
03/26/2026 19:39:52 - INFO - utils.trainer -   Specificity: 0.09085
03/26/2026 19:39:52 - INFO - utils.trainer -   Sensitivity: 0.92254
03/26/2026 19:39:52 - INFO - utils.trainer -   Loss: 0.69300
03/26/2026 19:39:52 - INFO - utils.trainer -    Train loss: 0.72830, Test loss: 0.69300,Epoch time = 1.889s
03/26/2026 19:39:52 - INFO - utils.trainer -   Saving model checkpoint to output_dir/LMDA
03/26/2026 19:39:54 - INFO - utils.trainer -   ***** Running evaluation on test2 dataset *****
03/26/2026 19:39:56 - INFO - utils.trainer -   AUC: 0.53410
03/26/2026 19:39:56 - INFO - utils.trainer -   Accuracy: 0.50528
03/26/2026 19:39:56 - INFO - utils.trainer -   Precision: 0.50282
03/26/2026 19:39:56 - INFO - utils.trainer -   Recall: 0.94225
03/26/2026 19:39:56 - INFO - utils.trainer -   F_score: 0.65572
03/26/2026 19:39:56 - INFO - utils.trainer -   Specificity: 0.06831
03/26/2026 19:39:56 - INFO - utils.trainer -   Sensitivity: 0.94225
03/26/2026 19:39:56 - INFO - utils.trainer -   Loss: 0.69290
03/26/2026 19:39:56 - INFO - utils.trainer -    Train loss: 0.72839, Test loss: 0.69290,Epoch time = 2.280s
03/26/2026 19:39:58 - INFO - utils.trainer -   ***** Running evaluation on test2 dataset *****
03/26/2026 19:39:59 - INFO - utils.trainer -   AUC: 0.54225
03/26/2026 19:39:59 - INFO - utils.trainer -   Accuracy: 0.50915
03/26/2026 19:39:59 - INFO - utils.trainer -   Precision: 0.50481
03/26/2026 19:39:59 - INFO - utils.trainer -   Recall: 0.96127
03/26/2026 19:39:59 - INFO - utils.trainer -   F_score: 0.66198
03/26/2026 19:39:59 - INFO - utils.trainer -   Specificity: 0.05704
03/26/2026 19:39:59 - INFO - utils.trainer -   Sensitivity: 0.96127
03/26/2026 19:39:59 - INFO - utils.trainer -   Loss: 0.69268
03/26/2026 19:39:59 - INFO - utils.trainer -    Train loss: 0.73415, Test loss: 0.69268,Epoch time = 2.086s
03/26/2026 19:39:59 - INFO - utils.trainer -   Saving model checkpoint to output_dir/LMDA
03/26/2026 19:40:01 - INFO - utils.trainer -   ***** Running evaluation on test2 dataset *****
03/26/2026 19:40:02 - INFO - utils.trainer -   AUC: 0.54776
03/26/2026 19:40:02 - INFO - utils.trainer -   Accuracy: 0.50669
03/26/2026 19:40:02 - INFO - utils.trainer -   Precision: 0.50344
03/26/2026 19:40:02 - INFO - utils.trainer -   Recall: 0.97887
03/26/2026 19:40:02 - INFO - utils.trainer -   F_score: 0.66491
03/26/2026 19:40:02 - INFO - utils.trainer -   Specificity: 0.03451
03/26/2026 19:40:02 - INFO - utils.trainer -   Sensitivity: 0.97887
03/26/2026 19:40:02 - INFO - utils.trainer -   Loss: 0.69269
03/26/2026 19:40:02 - INFO - utils.trainer -    Train loss: 0.72350, Test loss: 0.69269,Epoch time = 2.004s
03/26/2026 19:40:03 - INFO - utils.trainer -   ***** Running evaluation on test2 dataset *****
03/26/2026 19:40:04 - INFO - utils.trainer -   AUC: 0.55386
03/26/2026 19:40:04 - INFO - utils.trainer -   Accuracy: 0.50739
03/26/2026 19:40:04 - INFO - utils.trainer -   Precision: 0.50382
03/26/2026 19:40:04 - INFO - utils.trainer -   Recall: 0.97535
03/26/2026 19:40:04 - INFO - utils.trainer -   F_score: 0.66443
03/26/2026 19:40:04 - INFO - utils.trainer -   Specificity: 0.03944
03/26/2026 19:40:04 - INFO - utils.trainer -   Sensitivity: 0.97535
03/26/2026 19:40:04 - INFO - utils.trainer -   Loss: 0.69238
03/26/2026 19:40:04 - INFO - utils.trainer -    Train loss: 0.71886, Test loss: 0.69238,Epoch time = 1.387s
03/26/2026 19:40:06 - INFO - utils.trainer -   ***** Running evaluation on test2 dataset *****
03/26/2026 19:40:07 - INFO - utils.trainer -   AUC: 0.55866
03/26/2026 19:40:07 - INFO - utils.trainer -   Accuracy: 0.50387
03/26/2026 19:40:07 - INFO - utils.trainer -   Precision: 0.50196
03/26/2026 19:40:07 - INFO - utils.trainer -   Recall: 0.99437
03/26/2026 19:40:07 - INFO - utils.trainer -   F_score: 0.66714
03/26/2026 19:40:07 - INFO - utils.trainer -   Specificity: 0.01338
03/26/2026 19:40:07 - INFO - utils.trainer -   Sensitivity: 0.99437
03/26/2026 19:40:07 - INFO - utils.trainer -   Loss: 0.69267
03/26/2026 19:40:07 - INFO - utils.trainer -    Train loss: 0.72553, Test loss: 0.69267,Epoch time = 1.870s
03/26/2026 19:40:09 - INFO - utils.trainer -   ***** Running evaluation on test2 dataset *****
03/26/2026 19:40:10 - INFO - utils.trainer -   AUC: 0.56675
03/26/2026 19:40:10 - INFO - utils.trainer -   Accuracy: 0.50282
03/26/2026 19:40:10 - INFO - utils.trainer -   Precision: 0.50142
03/26/2026 19:40:10 - INFO - utils.trainer -   Recall: 0.99789
03/26/2026 19:40:10 - INFO - utils.trainer -   F_score: 0.66745
03/26/2026 19:40:10 - INFO - utils.trainer -   Specificity: 0.00775
03/26/2026 19:40:10 - INFO - utils.trainer -   Sensitivity: 0.99789
03/26/2026 19:40:10 - INFO - utils.trainer -   Loss: 0.69261
03/26/2026 19:40:10 - INFO - utils.trainer -    Train loss: 0.71666, Test loss: 0.69261,Epoch time = 1.877s
03/26/2026 19:40:12 - INFO - utils.trainer -   ***** Running evaluation on test2 dataset *****
03/26/2026 19:40:13 - INFO - utils.trainer -   AUC: 0.57404
03/26/2026 19:40:13 - INFO - utils.trainer -   Accuracy: 0.50211
03/26/2026 19:40:13 - INFO - utils.trainer -   Precision: 0.50106
03/26/2026 19:40:13 - INFO - utils.trainer -   Recall: 0.99930
03/26/2026 19:40:13 - INFO - utils.trainer -   F_score: 0.66745
03/26/2026 19:40:13 - INFO - utils.trainer -   Specificity: 0.00493
03/26/2026 19:40:13 - INFO - utils.trainer -   Sensitivity: 0.99930
03/26/2026 19:40:13 - INFO - utils.trainer -   Loss: 0.69252
03/26/2026 19:40:13 - INFO - utils.trainer -    Train loss: 0.71326, Test loss: 0.69252,Epoch time = 2.384s
03/26/2026 19:40:15 - INFO - utils.trainer -   ***** Running evaluation on test2 dataset *****
03/26/2026 19:40:16 - INFO - utils.trainer -   AUC: 0.57894
03/26/2026 19:40:16 - INFO - utils.trainer -   Accuracy: 0.50141
03/26/2026 19:40:16 - INFO - utils.trainer -   Precision: 0.50071
03/26/2026 19:40:16 - INFO - utils.trainer -   Recall: 1.00000
03/26/2026 19:40:16 - INFO - utils.trainer -   F_score: 0.66729
03/26/2026 19:40:16 - INFO - utils.trainer -   Specificity: 0.00282
03/26/2026 19:40:16 - INFO - utils.trainer -   Sensitivity: 1.00000
03/26/2026 19:40:16 - INFO - utils.trainer -   Loss: 0.69266
03/26/2026 19:40:16 - INFO - utils.trainer -    Train loss: 0.71529, Test loss: 0.69266,Epoch time = 2.189s
03/26/2026 19:40:18 - INFO - utils.trainer -   ***** Running evaluation on test2 dataset *****
03/26/2026 19:40:19 - INFO - utils.trainer -   AUC: 0.58236
03/26/2026 19:40:19 - INFO - utils.trainer -   Accuracy: 0.50035
03/26/2026 19:40:19 - INFO - utils.trainer -   Precision: 0.50018
03/26/2026 19:40:19 - INFO - utils.trainer -   Recall: 1.00000
03/26/2026 19:40:19 - INFO - utils.trainer -   F_score: 0.66682
03/26/2026 19:40:19 - INFO - utils.trainer -   Specificity: 0.00070
03/26/2026 19:40:19 - INFO - utils.trainer -   Sensitivity: 1.00000
03/26/2026 19:40:19 - INFO - utils.trainer -   Loss: 0.69311
03/26/2026 19:40:19 - INFO - utils.trainer -    Train loss: 0.71073, Test loss: 0.69311,Epoch time = 1.398s
03/26/2026 19:40:20 - INFO - utils.trainer -   ***** Running evaluation on test2 dataset *****
03/26/2026 19:40:21 - INFO - utils.trainer -   AUC: 0.58917
03/26/2026 19:40:21 - INFO - utils.trainer -   Accuracy: 0.50000
03/26/2026 19:40:21 - INFO - utils.trainer -   Precision: 0.50000
03/26/2026 19:40:21 - INFO - utils.trainer -   Recall: 1.00000
03/26/2026 19:40:21 - INFO - utils.trainer -   F_score: 0.66667
03/26/2026 19:40:21 - INFO - utils.trainer -   Specificity: 0.00000
03/26/2026 19:40:21 - INFO - utils.trainer -   Sensitivity: 1.00000
03/26/2026 19:40:21 - INFO - utils.trainer -   Loss: 0.69324
03/26/2026 19:40:21 - INFO - utils.trainer -    Train loss: 0.71184, Test loss: 0.69324,Epoch time = 1.925s
03/26/2026 19:40:23 - INFO - utils.trainer -   ***** Running evaluation on test2 dataset *****
03/26/2026 19:40:24 - INFO - utils.trainer -   AUC: 0.59711
03/26/2026 19:40:24 - INFO - utils.trainer -   Accuracy: 0.50000
03/26/2026 19:40:24 - INFO - utils.trainer -   Precision: 0.50000
03/26/2026 19:40:24 - INFO - utils.trainer -   Recall: 1.00000
03/26/2026 19:40:24 - INFO - utils.trainer -   F_score: 0.66667
03/26/2026 19:40:24 - INFO - utils.trainer -   Specificity: 0.00000
03/26/2026 19:40:24 - INFO - utils.trainer -   Sensitivity: 1.00000
03/26/2026 19:40:24 - INFO - utils.trainer -   Loss: 0.69283
03/26/2026 19:40:24 - INFO - utils.trainer -    Train loss: 0.71439, Test loss: 0.69283,Epoch time = 1.903s
03/26/2026 19:40:26 - INFO - utils.trainer -   ***** Running evaluation on test2 dataset *****
03/26/2026 19:40:27 - INFO - utils.trainer -   AUC: 0.60336
03/26/2026 19:40:27 - INFO - utils.trainer -   Accuracy: 0.50000
03/26/2026 19:40:27 - INFO - utils.trainer -   Precision: 0.50000
03/26/2026 19:40:27 - INFO - utils.trainer -   Recall: 1.00000
03/26/2026 19:40:27 - INFO - utils.trainer -   F_score: 0.66667
03/26/2026 19:40:27 - INFO - utils.trainer -   Specificity: 0.00000
03/26/2026 19:40:27 - INFO - utils.trainer -   Sensitivity: 1.00000
03/26/2026 19:40:27 - INFO - utils.trainer -   Loss: 0.69305
03/26/2026 19:40:27 - INFO - utils.trainer -    Train loss: 0.70919, Test loss: 0.69305,Epoch time = 1.595s
03/26/2026 19:40:29 - INFO - utils.trainer -   ***** Running evaluation on test2 dataset *****
03/26/2026 19:40:29 - INFO - utils.trainer -   AUC: 0.60934
03/26/2026 19:40:29 - INFO - utils.trainer -   Accuracy: 0.50000
03/26/2026 19:40:29 - INFO - utils.trainer -   Precision: 0.50000
03/26/2026 19:40:29 - INFO - utils.trainer -   Recall: 1.00000
03/26/2026 19:40:29 - INFO - utils.trainer -   F_score: 0.66667
03/26/2026 19:40:29 - INFO - utils.trainer -   Specificity: 0.00000
03/26/2026 19:40:29 - INFO - utils.trainer -   Sensitivity: 1.00000
03/26/2026 19:40:29 - INFO - utils.trainer -   Loss: 0.69278
03/26/2026 19:40:29 - INFO - utils.trainer -    Train loss: 0.71395, Test loss: 0.69278,Epoch time = 1.777s
03/26/2026 19:40:31 - INFO - utils.trainer -   ***** Running evaluation on test2 dataset *****
03/26/2026 19:40:32 - INFO - utils.trainer -   AUC: 0.61498
03/26/2026 19:40:32 - INFO - utils.trainer -   Accuracy: 0.50000
03/26/2026 19:40:32 - INFO - utils.trainer -   Precision: 0.50000
03/26/2026 19:40:32 - INFO - utils.trainer -   Recall: 1.00000
03/26/2026 19:40:32 - INFO - utils.trainer -   F_score: 0.66667
03/26/2026 19:40:32 - INFO - utils.trainer -   Specificity: 0.00000
03/26/2026 19:40:32 - INFO - utils.trainer -   Sensitivity: 1.00000
03/26/2026 19:40:32 - INFO - utils.trainer -   Loss: 0.69301
03/26/2026 19:40:32 - INFO - utils.trainer -    Train loss: 0.70427, Test loss: 0.69301,Epoch time = 1.677s
03/26/2026 19:40:33 - INFO - utils.trainer -   ***** Running evaluation on test2 dataset *****
03/26/2026 19:40:35 - INFO - utils.trainer -   AUC: 0.61766
03/26/2026 19:40:35 - INFO - utils.trainer -   Accuracy: 0.50000
03/26/2026 19:40:35 - INFO - utils.trainer -   Precision: 0.50000
03/26/2026 19:40:35 - INFO - utils.trainer -   Recall: 1.00000
03/26/2026 19:40:35 - INFO - utils.trainer -   F_score: 0.66667
03/26/2026 19:40:35 - INFO - utils.trainer -   Specificity: 0.00000
03/26/2026 19:40:35 - INFO - utils.trainer -   Sensitivity: 1.00000
03/26/2026 19:40:35 - INFO - utils.trainer -   Loss: 0.69346
03/26/2026 19:40:35 - INFO - utils.trainer -    Train loss: 0.71081, Test loss: 0.69346,Epoch time = 1.548s
03/26/2026 19:40:36 - INFO - utils.trainer -   ***** Running evaluation on test2 dataset *****
03/26/2026 19:40:37 - INFO - utils.trainer -   AUC: 0.62778
03/26/2026 19:40:37 - INFO - utils.trainer -   Accuracy: 0.50000
03/26/2026 19:40:37 - INFO - utils.trainer -   Precision: 0.50000
03/26/2026 19:40:37 - INFO - utils.trainer -   Recall: 1.00000
03/26/2026 19:40:37 - INFO - utils.trainer -   F_score: 0.66667
03/26/2026 19:40:37 - INFO - utils.trainer -   Specificity: 0.00000
03/26/2026 19:40:37 - INFO - utils.trainer -   Sensitivity: 1.00000
03/26/2026 19:40:37 - INFO - utils.trainer -   Loss: 0.69320
03/26/2026 19:40:37 - INFO - utils.trainer -    Train loss: 0.70268, Test loss: 0.69320,Epoch time = 1.742s
03/26/2026 19:40:40 - INFO - utils.trainer -   ***** Running evaluation on test2 dataset *****
03/26/2026 19:40:40 - INFO - utils.trainer -   AUC: 0.63333
03/26/2026 19:40:40 - INFO - utils.trainer -   Accuracy: 0.50035
03/26/2026 19:40:40 - INFO - utils.trainer -   Precision: 0.50018
03/26/2026 19:40:40 - INFO - utils.trainer -   Recall: 1.00000
03/26/2026 19:40:40 - INFO - utils.trainer -   F_score: 0.66682
03/26/2026 19:40:40 - INFO - utils.trainer -   Specificity: 0.00070
03/26/2026 19:40:40 - INFO - utils.trainer -   Sensitivity: 1.00000
03/26/2026 19:40:40 - INFO - utils.trainer -   Loss: 0.69310
03/26/2026 19:40:40 - INFO - utils.trainer -    Train loss: 0.69979, Test loss: 0.69310,Epoch time = 2.204s
03/26/2026 19:40:42 - INFO - utils.trainer -   ***** Running evaluation on test2 dataset *****
03/26/2026 19:40:43 - INFO - utils.trainer -   AUC: 0.64257
03/26/2026 19:40:43 - INFO - utils.trainer -   Accuracy: 0.50141
03/26/2026 19:40:43 - INFO - utils.trainer -   Precision: 0.50071
03/26/2026 19:40:43 - INFO - utils.trainer -   Recall: 1.00000
03/26/2026 19:40:43 - INFO - utils.trainer -   F_score: 0.66729
03/26/2026 19:40:43 - INFO - utils.trainer -   Specificity: 0.00282
03/26/2026 19:40:43 - INFO - utils.trainer -   Sensitivity: 1.00000
03/26/2026 19:40:43 - INFO - utils.trainer -   Loss: 0.69276
03/26/2026 19:40:43 - INFO - utils.trainer -    Train loss: 0.69936, Test loss: 0.69276,Epoch time = 1.874s
03/26/2026 19:40:45 - INFO - utils.trainer -   ***** Running evaluation on test2 dataset *****
03/26/2026 19:40:46 - INFO - utils.trainer -   AUC: 0.64764
03/26/2026 19:40:46 - INFO - utils.trainer -   Accuracy: 0.50141
03/26/2026 19:40:46 - INFO - utils.trainer -   Precision: 0.50071
03/26/2026 19:40:46 - INFO - utils.trainer -   Recall: 1.00000
03/26/2026 19:40:46 - INFO - utils.trainer -   F_score: 0.66729
03/26/2026 19:40:46 - INFO - utils.trainer -   Specificity: 0.00282
03/26/2026 19:40:46 - INFO - utils.trainer -   Sensitivity: 1.00000
03/26/2026 19:40:46 - INFO - utils.trainer -   Loss: 0.69261
03/26/2026 19:40:46 - INFO - utils.trainer -    Train loss: 0.70270, Test loss: 0.69261,Epoch time = 2.014s
03/26/2026 19:40:48 - INFO - utils.trainer -   ***** Running evaluation on test2 dataset *****
03/26/2026 19:40:49 - INFO - utils.trainer -   AUC: 0.65060
03/26/2026 19:40:49 - INFO - utils.trainer -   Accuracy: 0.50141
03/26/2026 19:40:49 - INFO - utils.trainer -   Precision: 0.50071
03/26/2026 19:40:49 - INFO - utils.trainer -   Recall: 1.00000
03/26/2026 19:40:49 - INFO - utils.trainer -   F_score: 0.66729
03/26/2026 19:40:49 - INFO - utils.trainer -   Specificity: 0.00282
03/26/2026 19:40:49 - INFO - utils.trainer -   Sensitivity: 1.00000
03/26/2026 19:40:49 - INFO - utils.trainer -   Loss: 0.69338
03/26/2026 19:40:49 - INFO - utils.trainer -    Train loss: 0.70260, Test loss: 0.69338,Epoch time = 1.998s
03/26/2026 19:40:51 - INFO - utils.trainer -   ***** Running evaluation on test2 dataset *****
03/26/2026 19:40:52 - INFO - utils.trainer -   AUC: 0.65865
03/26/2026 19:40:52 - INFO - utils.trainer -   Accuracy: 0.50141
03/26/2026 19:40:52 - INFO - utils.trainer -   Precision: 0.50071
03/26/2026 19:40:52 - INFO - utils.trainer -   Recall: 1.00000
03/26/2026 19:40:52 - INFO - utils.trainer -   F_score: 0.66729
03/26/2026 19:40:52 - INFO - utils.trainer -   Specificity: 0.00282
03/26/2026 19:40:52 - INFO - utils.trainer -   Sensitivity: 1.00000
03/26/2026 19:40:52 - INFO - utils.trainer -   Loss: 0.69298
03/26/2026 19:40:52 - INFO - utils.trainer -    Train loss: 0.69831, Test loss: 0.69298,Epoch time = 1.467s
03/26/2026 19:40:53 - INFO - utils.trainer -   ***** Running evaluation on test2 dataset *****
03/26/2026 19:40:54 - INFO - utils.trainer -   AUC: 0.66476
03/26/2026 19:40:54 - INFO - utils.trainer -   Accuracy: 0.50141
03/26/2026 19:40:54 - INFO - utils.trainer -   Precision: 0.50071
03/26/2026 19:40:54 - INFO - utils.trainer -   Recall: 1.00000
03/26/2026 19:40:54 - INFO - utils.trainer -   F_score: 0.66729
03/26/2026 19:40:54 - INFO - utils.trainer -   Specificity: 0.00282
03/26/2026 19:40:54 - INFO - utils.trainer -   Sensitivity: 1.00000
03/26/2026 19:40:54 - INFO - utils.trainer -   Loss: 0.69289
03/26/2026 19:40:54 - INFO - utils.trainer -    Train loss: 0.69446, Test loss: 0.69289,Epoch time = 1.769s
03/26/2026 19:40:56 - INFO - utils.trainer -   ***** Running evaluation on test2 dataset *****
03/26/2026 19:40:57 - INFO - utils.trainer -   AUC: 0.67085
03/26/2026 19:40:57 - INFO - utils.trainer -   Accuracy: 0.50141
03/26/2026 19:40:57 - INFO - utils.trainer -   Precision: 0.50071
03/26/2026 19:40:57 - INFO - utils.trainer -   Recall: 1.00000
03/26/2026 19:40:57 - INFO - utils.trainer -   F_score: 0.66729
03/26/2026 19:40:57 - INFO - utils.trainer -   Specificity: 0.00282
03/26/2026 19:40:57 - INFO - utils.trainer -   Sensitivity: 1.00000
03/26/2026 19:40:57 - INFO - utils.trainer -   Loss: 0.69354
03/26/2026 19:40:57 - INFO - utils.trainer -    Train loss: 0.69556, Test loss: 0.69354,Epoch time = 1.431s
03/26/2026 19:40:58 - INFO - utils.trainer -   ***** Running evaluation on test2 dataset *****
03/26/2026 19:40:59 - INFO - utils.trainer -   AUC: 0.67577
03/26/2026 19:40:59 - INFO - utils.trainer -   Accuracy: 0.50141
03/26/2026 19:40:59 - INFO - utils.trainer -   Precision: 0.50071
03/26/2026 19:40:59 - INFO - utils.trainer -   Recall: 1.00000
03/26/2026 19:40:59 - INFO - utils.trainer -   F_score: 0.66729
03/26/2026 19:40:59 - INFO - utils.trainer -   Specificity: 0.00282
03/26/2026 19:40:59 - INFO - utils.trainer -   Sensitivity: 1.00000
03/26/2026 19:40:59 - INFO - utils.trainer -   Loss: 0.69414
03/26/2026 19:40:59 - INFO - utils.trainer -    Train loss: 0.69248, Test loss: 0.69414,Epoch time = 1.676s
03/26/2026 19:41:01 - INFO - utils.trainer -   ***** Running evaluation on test2 dataset *****
03/26/2026 19:41:02 - INFO - utils.trainer -   AUC: 0.68475
03/26/2026 19:41:02 - INFO - utils.trainer -   Accuracy: 0.50141
03/26/2026 19:41:02 - INFO - utils.trainer -   Precision: 0.50071
03/26/2026 19:41:02 - INFO - utils.trainer -   Recall: 1.00000
03/26/2026 19:41:02 - INFO - utils.trainer -   F_score: 0.66729
03/26/2026 19:41:02 - INFO - utils.trainer -   Specificity: 0.00282
03/26/2026 19:41:02 - INFO - utils.trainer -   Sensitivity: 1.00000
03/26/2026 19:41:02 - INFO - utils.trainer -   Loss: 0.69327
03/26/2026 19:41:02 - INFO - utils.trainer -    Train loss: 0.69172, Test loss: 0.69327,Epoch time = 1.778s
03/26/2026 19:41:04 - INFO - utils.trainer -   ***** Running evaluation on test2 dataset *****
03/26/2026 19:41:05 - INFO - utils.trainer -   AUC: 0.69172
03/26/2026 19:41:05 - INFO - utils.trainer -   Accuracy: 0.50176
03/26/2026 19:41:05 - INFO - utils.trainer -   Precision: 0.50088
03/26/2026 19:41:05 - INFO - utils.trainer -   Recall: 1.00000
03/26/2026 19:41:05 - INFO - utils.trainer -   F_score: 0.66745
03/26/2026 19:41:05 - INFO - utils.trainer -   Specificity: 0.00352
03/26/2026 19:41:05 - INFO - utils.trainer -   Sensitivity: 1.00000
03/26/2026 19:41:05 - INFO - utils.trainer -   Loss: 0.69298
03/26/2026 19:41:05 - INFO - utils.trainer -    Train loss: 0.68782, Test loss: 0.69298,Epoch time = 2.130s
03/26/2026 19:41:07 - INFO - utils.trainer -   ***** Running evaluation on test2 dataset *****
03/26/2026 19:41:08 - INFO - utils.trainer -   AUC: 0.69746
03/26/2026 19:41:08 - INFO - utils.trainer -   Accuracy: 0.50176
03/26/2026 19:41:08 - INFO - utils.trainer -   Precision: 0.50088
03/26/2026 19:41:08 - INFO - utils.trainer -   Recall: 1.00000
03/26/2026 19:41:08 - INFO - utils.trainer -   F_score: 0.66745
03/26/2026 19:41:08 - INFO - utils.trainer -   Specificity: 0.00352
03/26/2026 19:41:08 - INFO - utils.trainer -   Sensitivity: 1.00000
03/26/2026 19:41:08 - INFO - utils.trainer -   Loss: 0.69392
03/26/2026 19:41:08 - INFO - utils.trainer -    Train loss: 0.69009, Test loss: 0.69392,Epoch time = 1.866s
03/26/2026 19:41:10 - INFO - utils.trainer -   ***** Running evaluation on test2 dataset *****
03/26/2026 19:41:11 - INFO - utils.trainer -   AUC: 0.70707
03/26/2026 19:41:11 - INFO - utils.trainer -   Accuracy: 0.50176
03/26/2026 19:41:11 - INFO - utils.trainer -   Precision: 0.50088
03/26/2026 19:41:11 - INFO - utils.trainer -   Recall: 1.00000
03/26/2026 19:41:11 - INFO - utils.trainer -   F_score: 0.66745
03/26/2026 19:41:11 - INFO - utils.trainer -   Specificity: 0.00352
03/26/2026 19:41:11 - INFO - utils.trainer -   Sensitivity: 1.00000
03/26/2026 19:41:11 - INFO - utils.trainer -   Loss: 0.69350
03/26/2026 19:41:11 - INFO - utils.trainer -    Train loss: 0.69160, Test loss: 0.69350,Epoch time = 2.000s
03/26/2026 19:41:13 - INFO - utils.trainer -   ***** Running evaluation on test2 dataset *****
03/26/2026 19:41:14 - INFO - utils.trainer -   AUC: 0.71479
03/26/2026 19:41:14 - INFO - utils.trainer -   Accuracy: 0.50176
03/26/2026 19:41:14 - INFO - utils.trainer -   Precision: 0.50088
03/26/2026 19:41:14 - INFO - utils.trainer -   Recall: 1.00000
03/26/2026 19:41:14 - INFO - utils.trainer -   F_score: 0.66745
03/26/2026 19:41:14 - INFO - utils.trainer -   Specificity: 0.00352
03/26/2026 19:41:14 - INFO - utils.trainer -   Sensitivity: 1.00000
03/26/2026 19:41:14 - INFO - utils.trainer -   Loss: 0.69416
03/26/2026 19:41:14 - INFO - utils.trainer -    Train loss: 0.68020, Test loss: 0.69416,Epoch time = 1.800s
03/26/2026 19:41:16 - INFO - utils.trainer -   ***** Running evaluation on test2 dataset *****
03/26/2026 19:41:17 - INFO - utils.trainer -   AUC: 0.72481
03/26/2026 19:41:17 - INFO - utils.trainer -   Accuracy: 0.50317
03/26/2026 19:41:17 - INFO - utils.trainer -   Precision: 0.50159
03/26/2026 19:41:17 - INFO - utils.trainer -   Recall: 1.00000
03/26/2026 19:41:17 - INFO - utils.trainer -   F_score: 0.66808
03/26/2026 19:41:17 - INFO - utils.trainer -   Specificity: 0.00634
03/26/2026 19:41:17 - INFO - utils.trainer -   Sensitivity: 1.00000
03/26/2026 19:41:17 - INFO - utils.trainer -   Loss: 0.69323
03/26/2026 19:41:17 - INFO - utils.trainer -    Train loss: 0.68409, Test loss: 0.69323,Epoch time = 2.071s
03/26/2026 19:41:19 - INFO - utils.trainer -   ***** Running evaluation on test2 dataset *****
03/26/2026 19:41:20 - INFO - utils.trainer -   AUC: 0.73490
03/26/2026 19:41:20 - INFO - utils.trainer -   Accuracy: 0.50493
03/26/2026 19:41:20 - INFO - utils.trainer -   Precision: 0.50248
03/26/2026 19:41:20 - INFO - utils.trainer -   Recall: 1.00000
03/26/2026 19:41:20 - INFO - utils.trainer -   F_score: 0.66886
03/26/2026 19:41:20 - INFO - utils.trainer -   Specificity: 0.00986
03/26/2026 19:41:20 - INFO - utils.trainer -   Sensitivity: 1.00000
03/26/2026 19:41:20 - INFO - utils.trainer -   Loss: 0.69230
03/26/2026 19:41:20 - INFO - utils.trainer -    Train loss: 0.68595, Test loss: 0.69230,Epoch time = 1.878s
03/26/2026 19:41:22 - INFO - utils.trainer -   ***** Running evaluation on test2 dataset *****
03/26/2026 19:41:23 - INFO - utils.trainer -   AUC: 0.74780
03/26/2026 19:41:23 - INFO - utils.trainer -   Accuracy: 0.50634
03/26/2026 19:41:23 - INFO - utils.trainer -   Precision: 0.50319
03/26/2026 19:41:23 - INFO - utils.trainer -   Recall: 1.00000
03/26/2026 19:41:23 - INFO - utils.trainer -   F_score: 0.66950
03/26/2026 19:41:23 - INFO - utils.trainer -   Specificity: 0.01268
03/26/2026 19:41:23 - INFO - utils.trainer -   Sensitivity: 1.00000
03/26/2026 19:41:23 - INFO - utils.trainer -   Loss: 0.69089
03/26/2026 19:41:23 - INFO - utils.trainer -    Train loss: 0.68545, Test loss: 0.69089,Epoch time = 1.729s
03/26/2026 19:41:24 - INFO - utils.trainer -   ***** Running evaluation on test2 dataset *****
03/26/2026 19:41:25 - INFO - utils.trainer -   AUC: 0.75592
03/26/2026 19:41:25 - INFO - utils.trainer -   Accuracy: 0.50845
03/26/2026 19:41:25 - INFO - utils.trainer -   Precision: 0.50426
03/26/2026 19:41:25 - INFO - utils.trainer -   Recall: 1.00000
03/26/2026 19:41:25 - INFO - utils.trainer -   F_score: 0.67044
03/26/2026 19:41:25 - INFO - utils.trainer -   Specificity: 0.01690
03/26/2026 19:41:25 - INFO - utils.trainer -   Sensitivity: 1.00000
03/26/2026 19:41:25 - INFO - utils.trainer -   Loss: 0.68965
03/26/2026 19:41:25 - INFO - utils.trainer -    Train loss: 0.67708, Test loss: 0.68965,Epoch time = 1.679s
03/26/2026 19:41:27 - INFO - utils.trainer -   ***** Running evaluation on test2 dataset *****
03/26/2026 19:41:28 - INFO - utils.trainer -   AUC: 0.77100
03/26/2026 19:41:28 - INFO - utils.trainer -   Accuracy: 0.50599
03/26/2026 19:41:28 - INFO - utils.trainer -   Precision: 0.50301
03/26/2026 19:41:28 - INFO - utils.trainer -   Recall: 1.00000
03/26/2026 19:41:28 - INFO - utils.trainer -   F_score: 0.66934
03/26/2026 19:41:28 - INFO - utils.trainer -   Specificity: 0.01197
03/26/2026 19:41:28 - INFO - utils.trainer -   Sensitivity: 1.00000
03/26/2026 19:41:28 - INFO - utils.trainer -   Loss: 0.69044
03/26/2026 19:41:28 - INFO - utils.trainer -    Train loss: 0.67234, Test loss: 0.69044,Epoch time = 1.876s
03/26/2026 19:41:30 - INFO - utils.trainer -   ***** Running evaluation on test2 dataset *****
03/26/2026 19:41:30 - INFO - utils.trainer -   AUC: 0.78250
03/26/2026 19:41:30 - INFO - utils.trainer -   Accuracy: 0.51268
03/26/2026 19:41:30 - INFO - utils.trainer -   Precision: 0.50642
03/26/2026 19:41:30 - INFO - utils.trainer -   Recall: 1.00000
03/26/2026 19:41:30 - INFO - utils.trainer -   F_score: 0.67235
03/26/2026 19:41:30 - INFO - utils.trainer -   Specificity: 0.02535
03/26/2026 19:41:30 - INFO - utils.trainer -   Sensitivity: 1.00000
03/26/2026 19:41:30 - INFO - utils.trainer -   Loss: 0.68719
03/26/2026 19:41:30 - INFO - utils.trainer -    Train loss: 0.67945, Test loss: 0.68719,Epoch time = 1.653s
03/26/2026 19:41:30 - INFO - utils.trainer -   Saving model checkpoint to output_dir/LMDA
03/26/2026 19:41:32 - INFO - utils.trainer -   ***** Running evaluation on test2 dataset *****
03/26/2026 19:41:33 - INFO - utils.trainer -   AUC: 0.79440
03/26/2026 19:41:33 - INFO - utils.trainer -   Accuracy: 0.51831
03/26/2026 19:41:33 - INFO - utils.trainer -   Precision: 0.50933
03/26/2026 19:41:33 - INFO - utils.trainer -   Recall: 1.00000
03/26/2026 19:41:33 - INFO - utils.trainer -   F_score: 0.67490
03/26/2026 19:41:33 - INFO - utils.trainer -   Specificity: 0.03662
03/26/2026 19:41:33 - INFO - utils.trainer -   Sensitivity: 1.00000
03/26/2026 19:41:33 - INFO - utils.trainer -   Loss: 0.68401
03/26/2026 19:41:33 - INFO - utils.trainer -    Train loss: 0.67619, Test loss: 0.68401,Epoch time = 1.441s
03/26/2026 19:41:33 - INFO - utils.trainer -   Saving model checkpoint to output_dir/LMDA
03/26/2026 19:41:34 - INFO - utils.trainer -   ***** Running evaluation on test2 dataset *****
03/26/2026 19:41:35 - INFO - utils.trainer -   AUC: 0.80121
03/26/2026 19:41:35 - INFO - utils.trainer -   Accuracy: 0.52782
03/26/2026 19:41:35 - INFO - utils.trainer -   Precision: 0.51431
03/26/2026 19:41:35 - INFO - utils.trainer -   Recall: 1.00000
03/26/2026 19:41:35 - INFO - utils.trainer -   F_score: 0.67926
03/26/2026 19:41:35 - INFO - utils.trainer -   Specificity: 0.05563
03/26/2026 19:41:35 - INFO - utils.trainer -   Sensitivity: 1.00000
03/26/2026 19:41:35 - INFO - utils.trainer -   Loss: 0.68128
03/26/2026 19:41:35 - INFO - utils.trainer -    Train loss: 0.67349, Test loss: 0.68128,Epoch time = 1.623s
03/26/2026 19:41:35 - INFO - utils.trainer -   Saving model checkpoint to output_dir/LMDA
03/26/2026 19:41:37 - INFO - utils.trainer -   ***** Running evaluation on test2 dataset *****
03/26/2026 19:41:38 - INFO - utils.trainer -   AUC: 0.80866
03/26/2026 19:41:38 - INFO - utils.trainer -   Accuracy: 0.53310
03/26/2026 19:41:38 - INFO - utils.trainer -   Precision: 0.51712
03/26/2026 19:41:38 - INFO - utils.trainer -   Recall: 1.00000
03/26/2026 19:41:38 - INFO - utils.trainer -   F_score: 0.68171
03/26/2026 19:41:38 - INFO - utils.trainer -   Specificity: 0.06620
03/26/2026 19:41:38 - INFO - utils.trainer -   Sensitivity: 1.00000
03/26/2026 19:41:38 - INFO - utils.trainer -   Loss: 0.67875
03/26/2026 19:41:38 - INFO - utils.trainer -    Train loss: 0.67198, Test loss: 0.67875,Epoch time = 1.544s
03/26/2026 19:41:38 - INFO - utils.trainer -   Saving model checkpoint to output_dir/LMDA
03/26/2026 19:41:40 - INFO - utils.trainer -   ***** Running evaluation on test2 dataset *****
03/26/2026 19:41:41 - INFO - utils.trainer -   AUC: 0.81694
03/26/2026 19:41:41 - INFO - utils.trainer -   Accuracy: 0.53063
03/26/2026 19:41:41 - INFO - utils.trainer -   Precision: 0.51580
03/26/2026 19:41:41 - INFO - utils.trainer -   Recall: 1.00000
03/26/2026 19:41:41 - INFO - utils.trainer -   F_score: 0.68057
03/26/2026 19:41:41 - INFO - utils.trainer -   Specificity: 0.06127
03/26/2026 19:41:41 - INFO - utils.trainer -   Sensitivity: 1.00000
03/26/2026 19:41:41 - INFO - utils.trainer -   Loss: 0.67843
03/26/2026 19:41:41 - INFO - utils.trainer -    Train loss: 0.66801, Test loss: 0.67843,Epoch time = 1.860s
03/26/2026 19:41:42 - INFO - utils.trainer -   ***** Running evaluation on test2 dataset *****
03/26/2026 19:41:43 - INFO - utils.trainer -   AUC: 0.82577
03/26/2026 19:41:43 - INFO - utils.trainer -   Accuracy: 0.52923
03/26/2026 19:41:43 - INFO - utils.trainer -   Precision: 0.51505
03/26/2026 19:41:43 - INFO - utils.trainer -   Recall: 1.00000
03/26/2026 19:41:43 - INFO - utils.trainer -   F_score: 0.67991
03/26/2026 19:41:43 - INFO - utils.trainer -   Specificity: 0.05845
03/26/2026 19:41:43 - INFO - utils.trainer -   Sensitivity: 1.00000
03/26/2026 19:41:43 - INFO - utils.trainer -   Loss: 0.67749
03/26/2026 19:41:43 - INFO - utils.trainer -    Train loss: 0.66918, Test loss: 0.67749,Epoch time = 1.509s
03/26/2026 19:41:45 - INFO - utils.trainer -   ***** Running evaluation on test2 dataset *****
03/26/2026 19:41:46 - INFO - utils.trainer -   AUC: 0.83178
03/26/2026 19:41:46 - INFO - utils.trainer -   Accuracy: 0.53803
03/26/2026 19:41:46 - INFO - utils.trainer -   Precision: 0.51977
03/26/2026 19:41:46 - INFO - utils.trainer -   Recall: 1.00000
03/26/2026 19:41:46 - INFO - utils.trainer -   F_score: 0.68401
03/26/2026 19:41:46 - INFO - utils.trainer -   Specificity: 0.07606
03/26/2026 19:41:46 - INFO - utils.trainer -   Sensitivity: 1.00000
03/26/2026 19:41:46 - INFO - utils.trainer -   Loss: 0.67394
03/26/2026 19:41:46 - INFO - utils.trainer -    Train loss: 0.66073, Test loss: 0.67394,Epoch time = 1.796s
03/26/2026 19:41:46 - INFO - utils.trainer -   Saving model checkpoint to output_dir/LMDA
03/26/2026 19:41:48 - INFO - utils.trainer -   ***** Running evaluation on test2 dataset *****
03/26/2026 19:41:49 - INFO - utils.trainer -   AUC: 0.83497
03/26/2026 19:41:49 - INFO - utils.trainer -   Accuracy: 0.54507
03/26/2026 19:41:49 - INFO - utils.trainer -   Precision: 0.52360
03/26/2026 19:41:49 - INFO - utils.trainer -   Recall: 1.00000
03/26/2026 19:41:49 - INFO - utils.trainer -   F_score: 0.68732
03/26/2026 19:41:49 - INFO - utils.trainer -   Specificity: 0.09014
03/26/2026 19:41:49 - INFO - utils.trainer -   Sensitivity: 1.00000
03/26/2026 19:41:49 - INFO - utils.trainer -   Loss: 0.67105
03/26/2026 19:41:49 - INFO - utils.trainer -    Train loss: 0.66605, Test loss: 0.67105,Epoch time = 1.702s
03/26/2026 19:41:49 - INFO - utils.trainer -   Saving model checkpoint to output_dir/LMDA
03/26/2026 19:41:51 - INFO - utils.trainer -   ***** Running evaluation on test2 dataset *****
03/26/2026 19:41:51 - INFO - utils.trainer -   AUC: 0.83805
03/26/2026 19:41:51 - INFO - utils.trainer -   Accuracy: 0.55986
03/26/2026 19:41:51 - INFO - utils.trainer -   Precision: 0.53186
03/26/2026 19:41:51 - INFO - utils.trainer -   Recall: 0.99930
03/26/2026 19:41:51 - INFO - utils.trainer -   F_score: 0.69423
03/26/2026 19:41:51 - INFO - utils.trainer -   Specificity: 0.12042
03/26/2026 19:41:51 - INFO - utils.trainer -   Sensitivity: 0.99930
03/26/2026 19:41:51 - INFO - utils.trainer -   Loss: 0.66669
03/26/2026 19:41:51 - INFO - utils.trainer -    Train loss: 0.66135, Test loss: 0.66669,Epoch time = 1.939s
03/26/2026 19:41:51 - INFO - utils.trainer -   Saving model checkpoint to output_dir/LMDA
03/26/2026 19:41:53 - INFO - utils.trainer -   ***** Running evaluation on test2 dataset *****
03/26/2026 19:41:54 - INFO - utils.trainer -   AUC: 0.83908
03/26/2026 19:41:54 - INFO - utils.trainer -   Accuracy: 0.55915
03/26/2026 19:41:54 - INFO - utils.trainer -   Precision: 0.53146
03/26/2026 19:41:54 - INFO - utils.trainer -   Recall: 0.99930
03/26/2026 19:41:54 - INFO - utils.trainer -   F_score: 0.69389
03/26/2026 19:41:54 - INFO - utils.trainer -   Specificity: 0.11901
03/26/2026 19:41:54 - INFO - utils.trainer -   Sensitivity: 0.99930
03/26/2026 19:41:54 - INFO - utils.trainer -   Loss: 0.66665
03/26/2026 19:41:54 - INFO - utils.trainer -    Train loss: 0.65598, Test loss: 0.66665,Epoch time = 1.889s
03/26/2026 19:41:56 - INFO - utils.trainer -   ***** Running evaluation on test2 dataset *****
03/26/2026 19:41:57 - INFO - utils.trainer -   AUC: 0.83951
03/26/2026 19:41:57 - INFO - utils.trainer -   Accuracy: 0.54965
03/26/2026 19:41:57 - INFO - utils.trainer -   Precision: 0.52614
03/26/2026 19:41:57 - INFO - utils.trainer -   Recall: 0.99930
03/26/2026 19:41:57 - INFO - utils.trainer -   F_score: 0.68934
03/26/2026 19:41:57 - INFO - utils.trainer -   Specificity: 0.10000
03/26/2026 19:41:57 - INFO - utils.trainer -   Sensitivity: 0.99930
03/26/2026 19:41:57 - INFO - utils.trainer -   Loss: 0.66782
03/26/2026 19:41:57 - INFO - utils.trainer -    Train loss: 0.65795, Test loss: 0.66782,Epoch time = 2.143s
03/26/2026 19:41:59 - INFO - utils.trainer -   ***** Running evaluation on test2 dataset *****
03/26/2026 19:42:00 - INFO - utils.trainer -   AUC: 0.84044
03/26/2026 19:42:00 - INFO - utils.trainer -   Accuracy: 0.56972
03/26/2026 19:42:00 - INFO - utils.trainer -   Precision: 0.53750
03/26/2026 19:42:00 - INFO - utils.trainer -   Recall: 0.99930
03/26/2026 19:42:00 - INFO - utils.trainer -   F_score: 0.69901
03/26/2026 19:42:00 - INFO - utils.trainer -   Specificity: 0.14014
03/26/2026 19:42:00 - INFO - utils.trainer -   Sensitivity: 0.99930
03/26/2026 19:42:00 - INFO - utils.trainer -   Loss: 0.66310
03/26/2026 19:42:00 - INFO - utils.trainer -    Train loss: 0.65623, Test loss: 0.66310,Epoch time = 2.036s
03/26/2026 19:42:00 - INFO - utils.trainer -   Saving model checkpoint to output_dir/LMDA
03/26/2026 19:42:02 - INFO - utils.trainer -   ***** Running evaluation on test2 dataset *****
03/26/2026 19:42:03 - INFO - utils.trainer -   AUC: 0.84011
03/26/2026 19:42:03 - INFO - utils.trainer -   Accuracy: 0.57254
03/26/2026 19:42:03 - INFO - utils.trainer -   Precision: 0.53913
03/26/2026 19:42:03 - INFO - utils.trainer -   Recall: 0.99930
03/26/2026 19:42:03 - INFO - utils.trainer -   F_score: 0.70039
03/26/2026 19:42:03 - INFO - utils.trainer -   Specificity: 0.14577
03/26/2026 19:42:03 - INFO - utils.trainer -   Sensitivity: 0.99930
03/26/2026 19:42:03 - INFO - utils.trainer -   Loss: 0.65984
03/26/2026 19:42:03 - INFO - utils.trainer -    Train loss: 0.65199, Test loss: 0.65984,Epoch time = 1.848s
03/26/2026 19:42:03 - INFO - utils.trainer -   Saving model checkpoint to output_dir/LMDA
03/26/2026 19:42:05 - INFO - utils.trainer -   ***** Running evaluation on test2 dataset *****
03/26/2026 19:42:06 - INFO - utils.trainer -   AUC: 0.84148
03/26/2026 19:42:06 - INFO - utils.trainer -   Accuracy: 0.58063
03/26/2026 19:42:06 - INFO - utils.trainer -   Precision: 0.54389
03/26/2026 19:42:06 - INFO - utils.trainer -   Recall: 0.99930
03/26/2026 19:42:06 - INFO - utils.trainer -   F_score: 0.70439
03/26/2026 19:42:06 - INFO - utils.trainer -   Specificity: 0.16197
03/26/2026 19:42:06 - INFO - utils.trainer -   Sensitivity: 0.99930
03/26/2026 19:42:06 - INFO - utils.trainer -   Loss: 0.65888
03/26/2026 19:42:06 - INFO - utils.trainer -    Train loss: 0.65039, Test loss: 0.65888,Epoch time = 1.709s
03/26/2026 19:42:06 - INFO - utils.trainer -   Saving model checkpoint to output_dir/LMDA
03/26/2026 19:42:07 - INFO - utils.trainer -   ***** Running evaluation on test2 dataset *****
03/26/2026 19:42:08 - INFO - utils.trainer -   AUC: 0.83948
03/26/2026 19:42:08 - INFO - utils.trainer -   Accuracy: 0.58063
03/26/2026 19:42:08 - INFO - utils.trainer -   Precision: 0.54389
03/26/2026 19:42:08 - INFO - utils.trainer -   Recall: 0.99930
03/26/2026 19:42:08 - INFO - utils.trainer -   F_score: 0.70439
03/26/2026 19:42:08 - INFO - utils.trainer -   Specificity: 0.16197
03/26/2026 19:42:08 - INFO - utils.trainer -   Sensitivity: 0.99930
03/26/2026 19:42:08 - INFO - utils.trainer -   Loss: 0.65749
03/26/2026 19:42:08 - INFO - utils.trainer -    Train loss: 0.64779, Test loss: 0.65749,Epoch time = 1.299s
03/26/2026 19:42:08 - INFO - utils.trainer -   Saving model checkpoint to output_dir/LMDA
03/26/2026 19:42:10 - INFO - utils.trainer -   ***** Running evaluation on test2 dataset *****
03/26/2026 19:42:11 - INFO - utils.trainer -   AUC: 0.84087
03/26/2026 19:42:11 - INFO - utils.trainer -   Accuracy: 0.58732
03/26/2026 19:42:11 - INFO - utils.trainer -   Precision: 0.54788
03/26/2026 19:42:11 - INFO - utils.trainer -   Recall: 0.99930
03/26/2026 19:42:11 - INFO - utils.trainer -   F_score: 0.70773
03/26/2026 19:42:11 - INFO - utils.trainer -   Specificity: 0.17535
03/26/2026 19:42:11 - INFO - utils.trainer -   Sensitivity: 0.99930
03/26/2026 19:42:11 - INFO - utils.trainer -   Loss: 0.65692
03/26/2026 19:42:11 - INFO - utils.trainer -    Train loss: 0.65067, Test loss: 0.65692,Epoch time = 1.831s
03/26/2026 19:42:11 - INFO - utils.trainer -   Saving model checkpoint to output_dir/LMDA
03/26/2026 19:42:13 - INFO - utils.trainer -   ***** Running evaluation on test2 dataset *****
03/26/2026 19:42:14 - INFO - utils.trainer -   AUC: 0.83968
03/26/2026 19:42:14 - INFO - utils.trainer -   Accuracy: 0.58908
03/26/2026 19:42:14 - INFO - utils.trainer -   Precision: 0.54894
03/26/2026 19:42:14 - INFO - utils.trainer -   Recall: 0.99930
03/26/2026 19:42:14 - INFO - utils.trainer -   F_score: 0.70861
03/26/2026 19:42:14 - INFO - utils.trainer -   Specificity: 0.17887
03/26/2026 19:42:14 - INFO - utils.trainer -   Sensitivity: 0.99930
03/26/2026 19:42:14 - INFO - utils.trainer -   Loss: 0.65557
03/26/2026 19:42:14 - INFO - utils.trainer -    Train loss: 0.65162, Test loss: 0.65557,Epoch time = 2.094s
03/26/2026 19:42:14 - INFO - utils.trainer -   Saving model checkpoint to output_dir/LMDA
03/26/2026 19:42:16 - INFO - utils.trainer -   ***** Running evaluation on test2 dataset *****
03/26/2026 19:42:17 - INFO - utils.trainer -   AUC: 0.83952
03/26/2026 19:42:17 - INFO - utils.trainer -   Accuracy: 0.59261
03/26/2026 19:42:17 - INFO - utils.trainer -   Precision: 0.55107
03/26/2026 19:42:17 - INFO - utils.trainer -   Recall: 0.99930
03/26/2026 19:42:17 - INFO - utils.trainer -   F_score: 0.71039
03/26/2026 19:42:17 - INFO - utils.trainer -   Specificity: 0.18592
03/26/2026 19:42:17 - INFO - utils.trainer -   Sensitivity: 0.99930
03/26/2026 19:42:17 - INFO - utils.trainer -   Loss: 0.65288
03/26/2026 19:42:17 - INFO - utils.trainer -    Train loss: 0.64593, Test loss: 0.65288,Epoch time = 1.881s
03/26/2026 19:42:17 - INFO - utils.trainer -   Saving model checkpoint to output_dir/LMDA
03/26/2026 19:42:18 - INFO - utils.trainer -   ***** Running evaluation on test2 dataset *****
03/26/2026 19:42:19 - INFO - utils.trainer -   AUC: 0.84010
03/26/2026 19:42:19 - INFO - utils.trainer -   Accuracy: 0.59296
03/26/2026 19:42:19 - INFO - utils.trainer -   Precision: 0.55132
03/26/2026 19:42:19 - INFO - utils.trainer -   Recall: 0.99859
03/26/2026 19:42:19 - INFO - utils.trainer -   F_score: 0.71042
03/26/2026 19:42:19 - INFO - utils.trainer -   Specificity: 0.18732
03/26/2026 19:42:19 - INFO - utils.trainer -   Sensitivity: 0.99859
03/26/2026 19:42:19 - INFO - utils.trainer -   Loss: 0.65295
03/26/2026 19:42:19 - INFO - utils.trainer -    Train loss: 0.64360, Test loss: 0.65295,Epoch time = 1.690s
03/26/2026 19:42:19 - INFO - utils.trainer -   Saving model checkpoint to output_dir/LMDA
03/26/2026 19:42:21 - INFO - utils.trainer -   ***** Running evaluation on test2 dataset *****
03/26/2026 19:42:21 - INFO - utils.trainer -   AUC: 0.84160
03/26/2026 19:42:21 - INFO - utils.trainer -   Accuracy: 0.61056
03/26/2026 19:42:21 - INFO - utils.trainer -   Precision: 0.56245
03/26/2026 19:42:21 - INFO - utils.trainer -   Recall: 0.99577
03/26/2026 19:42:21 - INFO - utils.trainer -   F_score: 0.71886
03/26/2026 19:42:21 - INFO - utils.trainer -   Specificity: 0.22535
03/26/2026 19:42:21 - INFO - utils.trainer -   Sensitivity: 0.99577
03/26/2026 19:42:21 - INFO - utils.trainer -   Loss: 0.64822
03/26/2026 19:42:21 - INFO - utils.trainer -    Train loss: 0.64206, Test loss: 0.64822,Epoch time = 1.397s
03/26/2026 19:42:21 - INFO - utils.trainer -   Saving model checkpoint to output_dir/LMDA
03/26/2026 19:42:23 - INFO - utils.trainer -   ***** Running evaluation on test2 dataset *****
03/26/2026 19:42:24 - INFO - utils.trainer -   AUC: 0.83919
03/26/2026 19:42:24 - INFO - utils.trainer -   Accuracy: 0.61761
03/26/2026 19:42:24 - INFO - utils.trainer -   Precision: 0.56707
03/26/2026 19:42:24 - INFO - utils.trainer -   Recall: 0.99437
03/26/2026 19:42:24 - INFO - utils.trainer -   F_score: 0.72225
03/26/2026 19:42:24 - INFO - utils.trainer -   Specificity: 0.24085
03/26/2026 19:42:24 - INFO - utils.trainer -   Sensitivity: 0.99437
03/26/2026 19:42:24 - INFO - utils.trainer -   Loss: 0.64803
03/26/2026 19:42:24 - INFO - utils.trainer -    Train loss: 0.64615, Test loss: 0.64803,Epoch time = 1.790s
03/26/2026 19:42:24 - INFO - utils.trainer -   Saving model checkpoint to output_dir/LMDA
03/26/2026 19:42:26 - INFO - utils.trainer -   ***** Running evaluation on test2 dataset *****
03/26/2026 19:42:27 - INFO - utils.trainer -   AUC: 0.83926
03/26/2026 19:42:27 - INFO - utils.trainer -   Accuracy: 0.62077
03/26/2026 19:42:27 - INFO - utils.trainer -   Precision: 0.56918
03/26/2026 19:42:27 - INFO - utils.trainer -   Recall: 0.99366
03/26/2026 19:42:27 - INFO - utils.trainer -   F_score: 0.72378
03/26/2026 19:42:27 - INFO - utils.trainer -   Specificity: 0.24789
03/26/2026 19:42:27 - INFO - utils.trainer -   Sensitivity: 0.99366
03/26/2026 19:42:27 - INFO - utils.trainer -   Loss: 0.64652
03/26/2026 19:42:27 - INFO - utils.trainer -    Train loss: 0.64296, Test loss: 0.64652,Epoch time = 1.732s
03/26/2026 19:42:27 - INFO - utils.trainer -   Saving model checkpoint to output_dir/LMDA
03/26/2026 19:42:29 - INFO - utils.trainer -   ***** Running evaluation on test2 dataset *****
03/26/2026 19:42:30 - INFO - utils.trainer -   AUC: 0.84166
03/26/2026 19:42:30 - INFO - utils.trainer -   Accuracy: 0.64155
03/26/2026 19:42:30 - INFO - utils.trainer -   Precision: 0.58347
03/26/2026 19:42:30 - INFO - utils.trainer -   Recall: 0.98944
03/26/2026 19:42:30 - INFO - utils.trainer -   F_score: 0.73406
03/26/2026 19:42:30 - INFO - utils.trainer -   Specificity: 0.29366
03/26/2026 19:42:30 - INFO - utils.trainer -   Sensitivity: 0.98944
03/26/2026 19:42:30 - INFO - utils.trainer -   Loss: 0.64207
03/26/2026 19:42:30 - INFO - utils.trainer -    Train loss: 0.63944, Test loss: 0.64207,Epoch time = 1.887s
03/26/2026 19:42:30 - INFO - utils.trainer -   Saving model checkpoint to output_dir/LMDA
03/26/2026 19:42:32 - INFO - utils.trainer -   ***** Running evaluation on test2 dataset *****
03/26/2026 19:42:33 - INFO - utils.trainer -   AUC: 0.83911
03/26/2026 19:42:33 - INFO - utils.trainer -   Accuracy: 0.63732
03/26/2026 19:42:33 - INFO - utils.trainer -   Precision: 0.58045
03/26/2026 19:42:33 - INFO - utils.trainer -   Recall: 0.99085
03/26/2026 19:42:33 - INFO - utils.trainer -   F_score: 0.73205
03/26/2026 19:42:33 - INFO - utils.trainer -   Specificity: 0.28380
03/26/2026 19:42:33 - INFO - utils.trainer -   Sensitivity: 0.99085
03/26/2026 19:42:33 - INFO - utils.trainer -   Loss: 0.64428
03/26/2026 19:42:33 - INFO - utils.trainer -    Train loss: 0.63981, Test loss: 0.64428,Epoch time = 2.213s
03/26/2026 19:42:34 - INFO - utils.trainer -   ***** Running evaluation on test2 dataset *****
03/26/2026 19:42:35 - INFO - utils.trainer -   AUC: 0.83870
03/26/2026 19:42:35 - INFO - utils.trainer -   Accuracy: 0.62746
03/26/2026 19:42:35 - INFO - utils.trainer -   Precision: 0.57376
03/26/2026 19:42:35 - INFO - utils.trainer -   Recall: 0.99155
03/26/2026 19:42:35 - INFO - utils.trainer -   F_score: 0.72690
03/26/2026 19:42:35 - INFO - utils.trainer -   Specificity: 0.26338
03/26/2026 19:42:35 - INFO - utils.trainer -   Sensitivity: 0.99155
03/26/2026 19:42:35 - INFO - utils.trainer -   Loss: 0.64226
03/26/2026 19:42:35 - INFO - utils.trainer -    Train loss: 0.64152, Test loss: 0.64226,Epoch time = 1.487s
03/26/2026 19:42:36 - INFO - utils.trainer -   ***** Running evaluation on test2 dataset *****
03/26/2026 19:42:37 - INFO - utils.trainer -   AUC: 0.83931
03/26/2026 19:42:37 - INFO - utils.trainer -   Accuracy: 0.64401
03/26/2026 19:42:37 - INFO - utils.trainer -   Precision: 0.58531
03/26/2026 19:42:37 - INFO - utils.trainer -   Recall: 0.98803
03/26/2026 19:42:37 - INFO - utils.trainer -   F_score: 0.73513
03/26/2026 19:42:37 - INFO - utils.trainer -   Specificity: 0.30000
03/26/2026 19:42:37 - INFO - utils.trainer -   Sensitivity: 0.98803
03/26/2026 19:42:37 - INFO - utils.trainer -   Loss: 0.64325
03/26/2026 19:42:37 - INFO - utils.trainer -    Train loss: 0.63874, Test loss: 0.64325,Epoch time = 1.444s
03/26/2026 19:42:37 - INFO - utils.trainer -   Saving model checkpoint to output_dir/LMDA
03/26/2026 19:42:39 - INFO - utils.trainer -   ***** Running evaluation on test2 dataset *****
03/26/2026 19:42:40 - INFO - utils.trainer -   AUC: 0.83994
03/26/2026 19:42:40 - INFO - utils.trainer -   Accuracy: 0.65282
03/26/2026 19:42:40 - INFO - utils.trainer -   Precision: 0.59218
03/26/2026 19:42:40 - INFO - utils.trainer -   Recall: 0.98169
03/26/2026 19:42:40 - INFO - utils.trainer -   F_score: 0.73874
03/26/2026 19:42:40 - INFO - utils.trainer -   Specificity: 0.32394
03/26/2026 19:42:40 - INFO - utils.trainer -   Sensitivity: 0.98169
03/26/2026 19:42:40 - INFO - utils.trainer -   Loss: 0.63917
03/26/2026 19:42:40 - INFO - utils.trainer -    Train loss: 0.63933, Test loss: 0.63917,Epoch time = 1.750s
03/26/2026 19:42:40 - INFO - utils.trainer -   Saving model checkpoint to output_dir/LMDA
03/26/2026 19:42:41 - INFO - utils.trainer -   ***** Running evaluation on test2 dataset *****
03/26/2026 19:42:42 - INFO - utils.trainer -   AUC: 0.84034
03/26/2026 19:42:42 - INFO - utils.trainer -   Accuracy: 0.66197
03/26/2026 19:42:42 - INFO - utils.trainer -   Precision: 0.59974
03/26/2026 19:42:42 - INFO - utils.trainer -   Recall: 0.97394
03/26/2026 19:42:42 - INFO - utils.trainer -   F_score: 0.74235
03/26/2026 19:42:42 - INFO - utils.trainer -   Specificity: 0.35000
03/26/2026 19:42:42 - INFO - utils.trainer -   Sensitivity: 0.97394
03/26/2026 19:42:42 - INFO - utils.trainer -   Loss: 0.63854
03/26/2026 19:42:42 - INFO - utils.trainer -    Train loss: 0.63672, Test loss: 0.63854,Epoch time = 1.726s
03/26/2026 19:42:42 - INFO - utils.trainer -   Saving model checkpoint to output_dir/LMDA
03/26/2026 19:42:44 - INFO - utils.trainer -   ***** Running evaluation on test2 dataset *****
03/26/2026 19:42:45 - INFO - utils.trainer -   AUC: 0.83898
03/26/2026 19:42:45 - INFO - utils.trainer -   Accuracy: 0.66021
03/26/2026 19:42:45 - INFO - utils.trainer -   Precision: 0.59802
03/26/2026 19:42:45 - INFO - utils.trainer -   Recall: 0.97746
03/26/2026 19:42:45 - INFO - utils.trainer -   F_score: 0.74205
03/26/2026 19:42:45 - INFO - utils.trainer -   Specificity: 0.34296
03/26/2026 19:42:45 - INFO - utils.trainer -   Sensitivity: 0.97746
03/26/2026 19:42:45 - INFO - utils.trainer -   Loss: 0.64154
03/26/2026 19:42:45 - INFO - utils.trainer -    Train loss: 0.63218, Test loss: 0.64154,Epoch time = 1.866s
03/26/2026 19:42:47 - INFO - utils.trainer -   ***** Running evaluation on test2 dataset *****
03/26/2026 19:42:48 - INFO - utils.trainer -   AUC: 0.84292
03/26/2026 19:42:48 - INFO - utils.trainer -   Accuracy: 0.70176
03/26/2026 19:42:48 - INFO - utils.trainer -   Precision: 0.63874
03/26/2026 19:42:48 - INFO - utils.trainer -   Recall: 0.92887
03/26/2026 19:42:48 - INFO - utils.trainer -   F_score: 0.75696
03/26/2026 19:42:48 - INFO - utils.trainer -   Specificity: 0.47465
03/26/2026 19:42:48 - INFO - utils.trainer -   Sensitivity: 0.92887
03/26/2026 19:42:48 - INFO - utils.trainer -   Loss: 0.63806
03/26/2026 19:42:48 - INFO - utils.trainer -    Train loss: 0.63335, Test loss: 0.63806,Epoch time = 2.250s
03/26/2026 19:42:48 - INFO - utils.trainer -   Saving model checkpoint to output_dir/LMDA
03/26/2026 19:42:50 - INFO - utils.trainer -   ***** Running evaluation on test2 dataset *****
03/26/2026 19:42:51 - INFO - utils.trainer -   AUC: 0.84002
03/26/2026 19:42:51 - INFO - utils.trainer -   Accuracy: 0.66056
03/26/2026 19:42:51 - INFO - utils.trainer -   Precision: 0.59862
03/26/2026 19:42:51 - INFO - utils.trainer -   Recall: 0.97465
03/26/2026 19:42:51 - INFO - utils.trainer -   F_score: 0.74169
03/26/2026 19:42:51 - INFO - utils.trainer -   Specificity: 0.34648
03/26/2026 19:42:51 - INFO - utils.trainer -   Sensitivity: 0.97465
03/26/2026 19:42:51 - INFO - utils.trainer -   Loss: 0.63842
03/26/2026 19:42:51 - INFO - utils.trainer -    Train loss: 0.63642, Test loss: 0.63842,Epoch time = 1.768s
03/26/2026 19:42:53 - INFO - utils.trainer -   ***** Running evaluation on test2 dataset *****
03/26/2026 19:42:54 - INFO - utils.trainer -   AUC: 0.84081
03/26/2026 19:42:54 - INFO - utils.trainer -   Accuracy: 0.66092
03/26/2026 19:42:54 - INFO - utils.trainer -   Precision: 0.59887
03/26/2026 19:42:54 - INFO - utils.trainer -   Recall: 0.97465
03/26/2026 19:42:54 - INFO - utils.trainer -   F_score: 0.74189
03/26/2026 19:42:54 - INFO - utils.trainer -   Specificity: 0.34718
03/26/2026 19:42:54 - INFO - utils.trainer -   Sensitivity: 0.97465
03/26/2026 19:42:54 - INFO - utils.trainer -   Loss: 0.63599
03/26/2026 19:42:54 - INFO - utils.trainer -    Train loss: 0.63692, Test loss: 0.63599,Epoch time = 1.888s
03/26/2026 19:42:55 - INFO - utils.trainer -   ***** Running evaluation on test2 dataset *****
03/26/2026 19:42:56 - INFO - utils.trainer -   AUC: 0.83918
03/26/2026 19:42:56 - INFO - utils.trainer -   Accuracy: 0.65106
03/26/2026 19:42:56 - INFO - utils.trainer -   Precision: 0.59062
03/26/2026 19:42:56 - INFO - utils.trainer -   Recall: 0.98451
03/26/2026 19:42:56 - INFO - utils.trainer -   F_score: 0.73832
03/26/2026 19:42:56 - INFO - utils.trainer -   Specificity: 0.31761
03/26/2026 19:42:56 - INFO - utils.trainer -   Sensitivity: 0.98451
03/26/2026 19:42:56 - INFO - utils.trainer -   Loss: 0.63969
03/26/2026 19:42:56 - INFO - utils.trainer -    Train loss: 0.63465, Test loss: 0.63969,Epoch time = 1.403s
03/26/2026 19:42:58 - INFO - utils.trainer -   ***** Running evaluation on test2 dataset *****
03/26/2026 19:42:59 - INFO - utils.trainer -   AUC: 0.83947
03/26/2026 19:42:59 - INFO - utils.trainer -   Accuracy: 0.66655
03/26/2026 19:42:59 - INFO - utils.trainer -   Precision: 0.60405
03/26/2026 19:42:59 - INFO - utils.trainer -   Recall: 0.96690
03/26/2026 19:42:59 - INFO - utils.trainer -   F_score: 0.74357
03/26/2026 19:42:59 - INFO - utils.trainer -   Specificity: 0.36620
03/26/2026 19:42:59 - INFO - utils.trainer -   Sensitivity: 0.96690
03/26/2026 19:42:59 - INFO - utils.trainer -   Loss: 0.63630
03/26/2026 19:42:59 - INFO - utils.trainer -    Train loss: 0.63079, Test loss: 0.63630,Epoch time = 2.042s
03/26/2026 19:43:01 - INFO - utils.trainer -   ***** Running evaluation on test2 dataset *****
03/26/2026 19:43:02 - INFO - utils.trainer -   AUC: 0.83663
03/26/2026 19:43:02 - INFO - utils.trainer -   Accuracy: 0.66444
03/26/2026 19:43:02 - INFO - utils.trainer -   Precision: 0.60228
03/26/2026 19:43:02 - INFO - utils.trainer -   Recall: 0.96831
03/26/2026 19:43:02 - INFO - utils.trainer -   F_score: 0.74264
03/26/2026 19:43:02 - INFO - utils.trainer -   Specificity: 0.36056
03/26/2026 19:43:02 - INFO - utils.trainer -   Sensitivity: 0.96831
03/26/2026 19:43:02 - INFO - utils.trainer -   Loss: 0.63673
03/26/2026 19:43:02 - INFO - utils.trainer -    Train loss: 0.62866, Test loss: 0.63673,Epoch time = 1.938s
03/26/2026 19:43:03 - INFO - utils.trainer -   ***** Running evaluation on test2 dataset *****
03/26/2026 19:43:04 - INFO - utils.trainer -   AUC: 0.83553
03/26/2026 19:43:04 - INFO - utils.trainer -   Accuracy: 0.66514
03/26/2026 19:43:04 - INFO - utils.trainer -   Precision: 0.60209
03/26/2026 19:43:04 - INFO - utils.trainer -   Recall: 0.97394
03/26/2026 19:43:04 - INFO - utils.trainer -   F_score: 0.74415
03/26/2026 19:43:04 - INFO - utils.trainer -   Specificity: 0.35634
03/26/2026 19:43:04 - INFO - utils.trainer -   Sensitivity: 0.97394
03/26/2026 19:43:04 - INFO - utils.trainer -   Loss: 0.63601
03/26/2026 19:43:04 - INFO - utils.trainer -    Train loss: 0.63740, Test loss: 0.63601,Epoch time = 1.301s
03/26/2026 19:43:05 - INFO - utils.trainer -   ***** Running evaluation on test2 dataset *****
03/26/2026 19:43:06 - INFO - utils.trainer -   AUC: 0.84058
03/26/2026 19:43:06 - INFO - utils.trainer -   Accuracy: 0.67782
03/26/2026 19:43:06 - INFO - utils.trainer -   Precision: 0.61400
03/26/2026 19:43:06 - INFO - utils.trainer -   Recall: 0.95775
03/26/2026 19:43:06 - INFO - utils.trainer -   F_score: 0.74828
03/26/2026 19:43:06 - INFO - utils.trainer -   Specificity: 0.39789
03/26/2026 19:43:06 - INFO - utils.trainer -   Sensitivity: 0.95775
03/26/2026 19:43:06 - INFO - utils.trainer -   Loss: 0.63330
03/26/2026 19:43:06 - INFO - utils.trainer -    Train loss: 0.63298, Test loss: 0.63330,Epoch time = 1.257s
03/26/2026 19:43:08 - INFO - utils.trainer -   ***** Running evaluation on test2 dataset *****
03/26/2026 19:43:09 - INFO - utils.trainer -   AUC: 0.84143
03/26/2026 19:43:09 - INFO - utils.trainer -   Accuracy: 0.74085
03/26/2026 19:43:09 - INFO - utils.trainer -   Precision: 0.70000
03/26/2026 19:43:09 - INFO - utils.trainer -   Recall: 0.84296
03/26/2026 19:43:09 - INFO - utils.trainer -   F_score: 0.76486
03/26/2026 19:43:09 - INFO - utils.trainer -   Specificity: 0.63873
03/26/2026 19:43:09 - INFO - utils.trainer -   Sensitivity: 0.84296
03/26/2026 19:43:09 - INFO - utils.trainer -   Loss: 0.63055
03/26/2026 19:43:09 - INFO - utils.trainer -    Train loss: 0.63339, Test loss: 0.63055,Epoch time = 2.016s
03/26/2026 19:43:09 - INFO - utils.trainer -   Saving model checkpoint to output_dir/LMDA
03/26/2026 19:43:11 - INFO - utils.trainer -   ***** Running evaluation on test2 dataset *****
03/26/2026 19:43:12 - INFO - utils.trainer -   AUC: 0.84147
03/26/2026 19:43:12 - INFO - utils.trainer -   Accuracy: 0.71901
03/26/2026 19:43:12 - INFO - utils.trainer -   Precision: 0.65819
03/26/2026 19:43:12 - INFO - utils.trainer -   Recall: 0.91127
03/26/2026 19:43:12 - INFO - utils.trainer -   F_score: 0.76432
03/26/2026 19:43:12 - INFO - utils.trainer -   Specificity: 0.52676
03/26/2026 19:43:12 - INFO - utils.trainer -   Sensitivity: 0.91127
03/26/2026 19:43:12 - INFO - utils.trainer -   Loss: 0.63386
03/26/2026 19:43:12 - INFO - utils.trainer -    Train loss: 0.62841, Test loss: 0.63386,Epoch time = 1.800s
03/26/2026 19:43:14 - INFO - utils.trainer -   ***** Running evaluation on test2 dataset *****
03/26/2026 19:43:14 - INFO - utils.trainer -   AUC: 0.83925
03/26/2026 19:43:14 - INFO - utils.trainer -   Accuracy: 0.71021
03/26/2026 19:43:14 - INFO - utils.trainer -   Precision: 0.64873
03/26/2026 19:43:14 - INFO - utils.trainer -   Recall: 0.91690
03/26/2026 19:43:14 - INFO - utils.trainer -   F_score: 0.75985
03/26/2026 19:43:14 - INFO - utils.trainer -   Specificity: 0.50352
03/26/2026 19:43:14 - INFO - utils.trainer -   Sensitivity: 0.91690
03/26/2026 19:43:14 - INFO - utils.trainer -   Loss: 0.63152
03/26/2026 19:43:14 - INFO - utils.trainer -    Train loss: 0.62859, Test loss: 0.63152,Epoch time = 1.616s
03/26/2026 19:43:16 - INFO - utils.trainer -   ***** Running evaluation on test2 dataset *****
03/26/2026 19:43:17 - INFO - utils.trainer -   AUC: 0.84130
03/26/2026 19:43:17 - INFO - utils.trainer -   Accuracy: 0.67535
03/26/2026 19:43:17 - INFO - utils.trainer -   Precision: 0.61166
03/26/2026 19:43:17 - INFO - utils.trainer -   Recall: 0.96056
03/26/2026 19:43:17 - INFO - utils.trainer -   F_score: 0.74740
03/26/2026 19:43:17 - INFO - utils.trainer -   Specificity: 0.39014
03/26/2026 19:43:17 - INFO - utils.trainer -   Sensitivity: 0.96056
03/26/2026 19:43:17 - INFO - utils.trainer -   Loss: 0.63302
03/26/2026 19:43:17 - INFO - utils.trainer -    Train loss: 0.62829, Test loss: 0.63302,Epoch time = 1.614s
03/26/2026 19:43:18 - INFO - utils.trainer -   ***** Running evaluation on test2 dataset *****
03/26/2026 19:43:19 - INFO - utils.trainer -   AUC: 0.83585
03/26/2026 19:43:19 - INFO - utils.trainer -   Accuracy: 0.70845
03/26/2026 19:43:19 - INFO - utils.trainer -   Precision: 0.64815
03/26/2026 19:43:19 - INFO - utils.trainer -   Recall: 0.91197
03/26/2026 19:43:19 - INFO - utils.trainer -   F_score: 0.75775
03/26/2026 19:43:19 - INFO - utils.trainer -   Specificity: 0.50493
03/26/2026 19:43:19 - INFO - utils.trainer -   Sensitivity: 0.91197
03/26/2026 19:43:19 - INFO - utils.trainer -   Loss: 0.63325
03/26/2026 19:43:19 - INFO - utils.trainer -    Train loss: 0.63170, Test loss: 0.63325,Epoch time = 1.187s
03/26/2026 19:43:21 - INFO - utils.trainer -   ***** Running evaluation on test2 dataset *****
03/26/2026 19:43:22 - INFO - utils.trainer -   AUC: 0.83927
03/26/2026 19:43:22 - INFO - utils.trainer -   Accuracy: 0.71690
03/26/2026 19:43:22 - INFO - utils.trainer -   Precision: 0.65746
03/26/2026 19:43:22 - INFO - utils.trainer -   Recall: 0.90563
03/26/2026 19:43:22 - INFO - utils.trainer -   F_score: 0.76185
03/26/2026 19:43:22 - INFO - utils.trainer -   Specificity: 0.52817
03/26/2026 19:43:22 - INFO - utils.trainer -   Sensitivity: 0.90563
03/26/2026 19:43:22 - INFO - utils.trainer -   Loss: 0.63212
03/26/2026 19:43:22 - INFO - utils.trainer -    Train loss: 0.63037, Test loss: 0.63212,Epoch time = 2.012s
03/26/2026 19:43:24 - INFO - utils.trainer -   ***** Running evaluation on test2 dataset *****
03/26/2026 19:43:25 - INFO - utils.trainer -   AUC: 0.83709
03/26/2026 19:43:25 - INFO - utils.trainer -   Accuracy: 0.68521
03/26/2026 19:43:25 - INFO - utils.trainer -   Precision: 0.62301
03/26/2026 19:43:25 - INFO - utils.trainer -   Recall: 0.93803
03/26/2026 19:43:25 - INFO - utils.trainer -   F_score: 0.74874
03/26/2026 19:43:25 - INFO - utils.trainer -   Specificity: 0.43239
03/26/2026 19:43:25 - INFO - utils.trainer -   Sensitivity: 0.93803
03/26/2026 19:43:25 - INFO - utils.trainer -   Loss: 0.63161
03/26/2026 19:43:25 - INFO - utils.trainer -    Train loss: 0.62618, Test loss: 0.63161,Epoch time = 1.879s
03/26/2026 19:43:26 - INFO - utils.trainer -   ***** Running evaluation on test2 dataset *****
03/26/2026 19:43:27 - INFO - utils.trainer -   AUC: 0.83927
03/26/2026 19:43:27 - INFO - utils.trainer -   Accuracy: 0.67887
03/26/2026 19:43:27 - INFO - utils.trainer -   Precision: 0.61535
03/26/2026 19:43:27 - INFO - utils.trainer -   Recall: 0.95423
03/26/2026 19:43:27 - INFO - utils.trainer -   F_score: 0.74821
03/26/2026 19:43:27 - INFO - utils.trainer -   Specificity: 0.40352
03/26/2026 19:43:27 - INFO - utils.trainer -   Sensitivity: 0.95423
03/26/2026 19:43:27 - INFO - utils.trainer -   Loss: 0.63116
03/26/2026 19:43:27 - INFO - utils.trainer -    Train loss: 0.62619, Test loss: 0.63116,Epoch time = 1.824s
03/26/2026 19:43:29 - INFO - utils.trainer -   ***** Running evaluation on test2 dataset *****
03/26/2026 19:43:30 - INFO - utils.trainer -   AUC: 0.84260
03/26/2026 19:43:30 - INFO - utils.trainer -   Accuracy: 0.69085
03/26/2026 19:43:30 - INFO - utils.trainer -   Precision: 0.62664
03/26/2026 19:43:30 - INFO - utils.trainer -   Recall: 0.94437
03/26/2026 19:43:30 - INFO - utils.trainer -   F_score: 0.75337
03/26/2026 19:43:30 - INFO - utils.trainer -   Specificity: 0.43732
03/26/2026 19:43:30 - INFO - utils.trainer -   Sensitivity: 0.94437
03/26/2026 19:43:30 - INFO - utils.trainer -   Loss: 0.63026
03/26/2026 19:43:30 - INFO - utils.trainer -    Train loss: 0.63043, Test loss: 0.63026,Epoch time = 1.562s
03/26/2026 19:43:31 - INFO - utils.trainer -   ***** Running evaluation on test2 dataset *****
03/26/2026 19:43:32 - INFO - utils.trainer -   AUC: 0.84192
03/26/2026 19:43:32 - INFO - utils.trainer -   Accuracy: 0.72218
03/26/2026 19:43:32 - INFO - utils.trainer -   Precision: 0.66356
03/26/2026 19:43:32 - INFO - utils.trainer -   Recall: 0.90141
03/26/2026 19:43:32 - INFO - utils.trainer -   F_score: 0.76441
03/26/2026 19:43:32 - INFO - utils.trainer -   Specificity: 0.54296
03/26/2026 19:43:32 - INFO - utils.trainer -   Sensitivity: 0.90141
03/26/2026 19:43:32 - INFO - utils.trainer -   Loss: 0.62760
03/26/2026 19:43:32 - INFO - utils.trainer -    Train loss: 0.62498, Test loss: 0.62760,Epoch time = 1.649s
03/26/2026 19:43:34 - INFO - utils.trainer -   ***** Running evaluation on test2 dataset *****
03/26/2026 19:43:35 - INFO - utils.trainer -   AUC: 0.84658
03/26/2026 19:43:35 - INFO - utils.trainer -   Accuracy: 0.73873
03/26/2026 19:43:35 - INFO - utils.trainer -   Precision: 0.68771
03/26/2026 19:43:35 - INFO - utils.trainer -   Recall: 0.87465
03/26/2026 19:43:35 - INFO - utils.trainer -   F_score: 0.76999
03/26/2026 19:43:35 - INFO - utils.trainer -   Specificity: 0.60282
03/26/2026 19:43:35 - INFO - utils.trainer -   Sensitivity: 0.87465
03/26/2026 19:43:35 - INFO - utils.trainer -   Loss: 0.62590
03/26/2026 19:43:35 - INFO - utils.trainer -    Train loss: 0.62058, Test loss: 0.62590,Epoch time = 1.597s
03/26/2026 19:43:37 - INFO - utils.trainer -   ***** Running evaluation on test2 dataset *****
03/26/2026 19:43:37 - INFO - utils.trainer -   AUC: 0.84033
03/26/2026 19:43:37 - INFO - utils.trainer -   Accuracy: 0.68099
03/26/2026 19:43:37 - INFO - utils.trainer -   Precision: 0.61714
03/26/2026 19:43:37 - INFO - utils.trainer -   Recall: 0.95352
03/26/2026 19:43:37 - INFO - utils.trainer -   F_score: 0.74931
03/26/2026 19:43:37 - INFO - utils.trainer -   Specificity: 0.40845
03/26/2026 19:43:37 - INFO - utils.trainer -   Sensitivity: 0.95352
03/26/2026 19:43:37 - INFO - utils.trainer -   Loss: 0.62885
03/26/2026 19:43:37 - INFO - utils.trainer -    Train loss: 0.62609, Test loss: 0.62885,Epoch time = 1.701s
03/26/2026 19:43:40 - INFO - utils.trainer -   ***** Running evaluation on test2 dataset *****
03/26/2026 19:43:40 - INFO - utils.trainer -   AUC: 0.84042
03/26/2026 19:43:40 - INFO - utils.trainer -   Accuracy: 0.67676
03/26/2026 19:43:40 - INFO - utils.trainer -   Precision: 0.61276
03/26/2026 19:43:40 - INFO - utils.trainer -   Recall: 0.96056
03/26/2026 19:43:40 - INFO - utils.trainer -   F_score: 0.74822
03/26/2026 19:43:40 - INFO - utils.trainer -   Specificity: 0.39296
03/26/2026 19:43:40 - INFO - utils.trainer -   Sensitivity: 0.96056
03/26/2026 19:43:40 - INFO - utils.trainer -   Loss: 0.62826
03/26/2026 19:43:40 - INFO - utils.trainer -    Train loss: 0.62422, Test loss: 0.62826,Epoch time = 2.068s
03/26/2026 19:43:42 - INFO - utils.trainer -   ***** Running evaluation on test2 dataset *****
03/26/2026 19:43:43 - INFO - utils.trainer -   AUC: 0.84172
03/26/2026 19:43:43 - INFO - utils.trainer -   Accuracy: 0.69190
03/26/2026 19:43:43 - INFO - utils.trainer -   Precision: 0.62799
03/26/2026 19:43:43 - INFO - utils.trainer -   Recall: 0.94155
03/26/2026 19:43:43 - INFO - utils.trainer -   F_score: 0.75345
03/26/2026 19:43:43 - INFO - utils.trainer -   Specificity: 0.44225
03/26/2026 19:43:43 - INFO - utils.trainer -   Sensitivity: 0.94155
03/26/2026 19:43:43 - INFO - utils.trainer -   Loss: 0.62758
03/26/2026 19:43:43 - INFO - utils.trainer -    Train loss: 0.63162, Test loss: 0.62758,Epoch time = 1.929s
03/26/2026 19:43:45 - INFO - utils.trainer -   ***** Running evaluation on test2 dataset *****
03/26/2026 19:43:46 - INFO - utils.trainer -   AUC: 0.83864
03/26/2026 19:43:46 - INFO - utils.trainer -   Accuracy: 0.68697
03/26/2026 19:43:46 - INFO - utils.trainer -   Precision: 0.62366
03/26/2026 19:43:46 - INFO - utils.trainer -   Recall: 0.94296
03/26/2026 19:43:46 - INFO - utils.trainer -   F_score: 0.75077
03/26/2026 19:43:46 - INFO - utils.trainer -   Specificity: 0.43099
03/26/2026 19:43:46 - INFO - utils.trainer -   Sensitivity: 0.94296
03/26/2026 19:43:46 - INFO - utils.trainer -   Loss: 0.62924
03/26/2026 19:43:46 - INFO - utils.trainer -    Train loss: 0.62667, Test loss: 0.62924,Epoch time = 1.838s
03/26/2026 19:43:48 - INFO - utils.trainer -   ***** Running evaluation on test2 dataset *****
03/26/2026 19:43:49 - INFO - utils.trainer -   AUC: 0.84242
03/26/2026 19:43:49 - INFO - utils.trainer -   Accuracy: 0.68345
03/26/2026 19:43:49 - INFO - utils.trainer -   Precision: 0.61911
03/26/2026 19:43:49 - INFO - utils.trainer -   Recall: 0.95352
03/26/2026 19:43:49 - INFO - utils.trainer -   F_score: 0.75076
03/26/2026 19:43:49 - INFO - utils.trainer -   Specificity: 0.41338
03/26/2026 19:43:49 - INFO - utils.trainer -   Sensitivity: 0.95352
03/26/2026 19:43:49 - INFO - utils.trainer -   Loss: 0.63025
03/26/2026 19:43:49 - INFO - utils.trainer -    Train loss: 0.62255, Test loss: 0.63025,Epoch time = 2.457s
03/26/2026 19:43:51 - INFO - utils.trainer -   ***** Running evaluation on test2 dataset *****
03/26/2026 19:43:52 - INFO - utils.trainer -   AUC: 0.84318
03/26/2026 19:43:52 - INFO - utils.trainer -   Accuracy: 0.70845
03/26/2026 19:43:52 - INFO - utils.trainer -   Precision: 0.64553
03/26/2026 19:43:52 - INFO - utils.trainer -   Recall: 0.92465
03/26/2026 19:43:52 - INFO - utils.trainer -   F_score: 0.76028
03/26/2026 19:43:52 - INFO - utils.trainer -   Specificity: 0.49225
03/26/2026 19:43:52 - INFO - utils.trainer -   Sensitivity: 0.92465
03/26/2026 19:43:52 - INFO - utils.trainer -   Loss: 0.62690
03/26/2026 19:43:52 - INFO - utils.trainer -    Train loss: 0.62344, Test loss: 0.62690,Epoch time = 1.912s
03/26/2026 19:43:54 - INFO - utils.trainer -   ***** Running evaluation on test2 dataset *****
03/26/2026 19:43:55 - INFO - utils.trainer -   AUC: 0.84321
03/26/2026 19:43:55 - INFO - utils.trainer -   Accuracy: 0.71197
03/26/2026 19:43:55 - INFO - utils.trainer -   Precision: 0.64975
03/26/2026 19:43:55 - INFO - utils.trainer -   Recall: 0.91972
03/26/2026 19:43:55 - INFO - utils.trainer -   F_score: 0.76152
03/26/2026 19:43:55 - INFO - utils.trainer -   Specificity: 0.50423
03/26/2026 19:43:55 - INFO - utils.trainer -   Sensitivity: 0.91972
03/26/2026 19:43:55 - INFO - utils.trainer -   Loss: 0.62599
03/26/2026 19:43:55 - INFO - utils.trainer -    Train loss: 0.62509, Test loss: 0.62599,Epoch time = 2.031s
03/26/2026 19:43:57 - INFO - utils.trainer -   ***** Running evaluation on test2 dataset *****
03/26/2026 19:43:58 - INFO - utils.trainer -   AUC: 0.84110
03/26/2026 19:43:58 - INFO - utils.trainer -   Accuracy: 0.67535
03/26/2026 19:43:58 - INFO - utils.trainer -   Precision: 0.61136
03/26/2026 19:43:58 - INFO - utils.trainer -   Recall: 0.96268
03/26/2026 19:43:58 - INFO - utils.trainer -   F_score: 0.74781
03/26/2026 19:43:58 - INFO - utils.trainer -   Specificity: 0.38803
03/26/2026 19:43:58 - INFO - utils.trainer -   Sensitivity: 0.96268
03/26/2026 19:43:58 - INFO - utils.trainer -   Loss: 0.62698
03/26/2026 19:43:58 - INFO - utils.trainer -    Train loss: 0.62770, Test loss: 0.62698,Epoch time = 1.873s
03/26/2026 19:44:00 - INFO - utils.trainer -   ***** Running evaluation on test2 dataset *****
03/26/2026 19:44:01 - INFO - utils.trainer -   AUC: 0.83864
03/26/2026 19:44:01 - INFO - utils.trainer -   Accuracy: 0.66338
03/26/2026 19:44:01 - INFO - utils.trainer -   Precision: 0.60140
03/26/2026 19:44:01 - INFO - utils.trainer -   Recall: 0.96901
03/26/2026 19:44:01 - INFO - utils.trainer -   F_score: 0.74218
03/26/2026 19:44:01 - INFO - utils.trainer -   Specificity: 0.35775
03/26/2026 19:44:01 - INFO - utils.trainer -   Sensitivity: 0.96901
03/26/2026 19:44:01 - INFO - utils.trainer -   Loss: 0.63021
03/26/2026 19:44:01 - INFO - utils.trainer -    Train loss: 0.62350, Test loss: 0.63021,Epoch time = 1.429s
03/26/2026 19:44:02 - INFO - utils.trainer -   ***** Running evaluation on test2 dataset *****
03/26/2026 19:44:03 - INFO - utils.trainer -   AUC: 0.84202
03/26/2026 19:44:03 - INFO - utils.trainer -   Accuracy: 0.70000
03/26/2026 19:44:03 - INFO - utils.trainer -   Precision: 0.63707
03/26/2026 19:44:03 - INFO - utils.trainer -   Recall: 0.92958
03/26/2026 19:44:03 - INFO - utils.trainer -   F_score: 0.75601
03/26/2026 19:44:03 - INFO - utils.trainer -   Specificity: 0.47042
03/26/2026 19:44:03 - INFO - utils.trainer -   Sensitivity: 0.92958
03/26/2026 19:44:03 - INFO - utils.trainer -   Loss: 0.62492
03/26/2026 19:44:03 - INFO - utils.trainer -    Train loss: 0.62048, Test loss: 0.62492,Epoch time = 1.891s
03/26/2026 19:44:05 - INFO - utils.trainer -   ***** Running evaluation on test2 dataset *****
03/26/2026 19:44:06 - INFO - utils.trainer -   AUC: 0.84353
03/26/2026 19:44:06 - INFO - utils.trainer -   Accuracy: 0.71585
03/26/2026 19:44:06 - INFO - utils.trainer -   Precision: 0.65503
03/26/2026 19:44:06 - INFO - utils.trainer -   Recall: 0.91197
03/26/2026 19:44:06 - INFO - utils.trainer -   F_score: 0.76244
03/26/2026 19:44:06 - INFO - utils.trainer -   Specificity: 0.51972
03/26/2026 19:44:06 - INFO - utils.trainer -   Sensitivity: 0.91197
03/26/2026 19:44:06 - INFO - utils.trainer -   Loss: 0.62739
03/26/2026 19:44:06 - INFO - utils.trainer -    Train loss: 0.62548, Test loss: 0.62739,Epoch time = 1.377s
03/26/2026 19:44:08 - INFO - utils.trainer -   ***** Running evaluation on test2 dataset *****
03/26/2026 19:44:09 - INFO - utils.trainer -   AUC: 0.84603
03/26/2026 19:44:09 - INFO - utils.trainer -   Accuracy: 0.72077
03/26/2026 19:44:09 - INFO - utils.trainer -   Precision: 0.66085
03/26/2026 19:44:09 - INFO - utils.trainer -   Recall: 0.90704
03/26/2026 19:44:09 - INFO - utils.trainer -   F_score: 0.76462
03/26/2026 19:44:09 - INFO - utils.trainer -   Specificity: 0.53451
03/26/2026 19:44:09 - INFO - utils.trainer -   Sensitivity: 0.90704
03/26/2026 19:44:09 - INFO - utils.trainer -   Loss: 0.62078
03/26/2026 19:44:09 - INFO - utils.trainer -    Train loss: 0.62576, Test loss: 0.62078,Epoch time = 2.070s
03/26/2026 19:44:10 - INFO - utils.trainer -   ***** Running evaluation on test2 dataset *****
03/26/2026 19:44:11 - INFO - utils.trainer -   AUC: 0.84405
03/26/2026 19:44:11 - INFO - utils.trainer -   Accuracy: 0.73451
03/26/2026 19:44:11 - INFO - utils.trainer -   Precision: 0.68157
03/26/2026 19:44:11 - INFO - utils.trainer -   Recall: 0.88028
03/26/2026 19:44:11 - INFO - utils.trainer -   F_score: 0.76829
03/26/2026 19:44:11 - INFO - utils.trainer -   Specificity: 0.58873
03/26/2026 19:44:11 - INFO - utils.trainer -   Sensitivity: 0.88028
03/26/2026 19:44:11 - INFO - utils.trainer -   Loss: 0.62514
03/26/2026 19:44:11 - INFO - utils.trainer -    Train loss: 0.62242, Test loss: 0.62514,Epoch time = 1.371s
03/26/2026 19:44:13 - INFO - utils.trainer -   ***** Running evaluation on test2 dataset *****
03/26/2026 19:44:14 - INFO - utils.trainer -   AUC: 0.84412
03/26/2026 19:44:14 - INFO - utils.trainer -   Accuracy: 0.71479
03/26/2026 19:44:14 - INFO - utils.trainer -   Precision: 0.65388
03/26/2026 19:44:14 - INFO - utils.trainer -   Recall: 0.91268
03/26/2026 19:44:14 - INFO - utils.trainer -   F_score: 0.76190
03/26/2026 19:44:14 - INFO - utils.trainer -   Specificity: 0.51690
03/26/2026 19:44:14 - INFO - utils.trainer -   Sensitivity: 0.91268
03/26/2026 19:44:14 - INFO - utils.trainer -   Loss: 0.62462
03/26/2026 19:44:14 - INFO - utils.trainer -    Train loss: 0.62857, Test loss: 0.62462,Epoch time = 1.829s
03/26/2026 19:44:16 - INFO - utils.trainer -   ***** Running evaluation on test2 dataset *****
03/26/2026 19:44:17 - INFO - utils.trainer -   AUC: 0.84191
03/26/2026 19:44:17 - INFO - utils.trainer -   Accuracy: 0.70739
03/26/2026 19:44:17 - INFO - utils.trainer -   Precision: 0.64558
03/26/2026 19:44:17 - INFO - utils.trainer -   Recall: 0.91972
03/26/2026 19:44:17 - INFO - utils.trainer -   F_score: 0.75864
03/26/2026 19:44:17 - INFO - utils.trainer -   Specificity: 0.49507
03/26/2026 19:44:17 - INFO - utils.trainer -   Sensitivity: 0.91972
03/26/2026 19:44:17 - INFO - utils.trainer -   Loss: 0.62316
03/26/2026 19:44:17 - INFO - utils.trainer -    Train loss: 0.61946, Test loss: 0.62316,Epoch time = 1.988s
03/26/2026 19:44:18 - INFO - utils.trainer -   ***** Running evaluation on test2 dataset *****
03/26/2026 19:44:19 - INFO - utils.trainer -   AUC: 0.84231
03/26/2026 19:44:19 - INFO - utils.trainer -   Accuracy: 0.71761
03/26/2026 19:44:19 - INFO - utils.trainer -   Precision: 0.65669
03/26/2026 19:44:19 - INFO - utils.trainer -   Recall: 0.91197
03/26/2026 19:44:19 - INFO - utils.trainer -   F_score: 0.76356
03/26/2026 19:44:19 - INFO - utils.trainer -   Specificity: 0.52324
03/26/2026 19:44:19 - INFO - utils.trainer -   Sensitivity: 0.91197
03/26/2026 19:44:19 - INFO - utils.trainer -   Loss: 0.62458
03/26/2026 19:44:19 - INFO - utils.trainer -    Train loss: 0.62366, Test loss: 0.62458,Epoch time = 1.935s
03/26/2026 19:44:22 - INFO - utils.trainer -   ***** Running evaluation on test2 dataset *****
03/26/2026 19:44:22 - INFO - utils.trainer -   AUC: 0.84398
03/26/2026 19:44:22 - INFO - utils.trainer -   Accuracy: 0.69472
03/26/2026 19:44:22 - INFO - utils.trainer -   Precision: 0.63012
03/26/2026 19:44:22 - INFO - utils.trainer -   Recall: 0.94296
03/26/2026 19:44:22 - INFO - utils.trainer -   F_score: 0.75543
03/26/2026 19:44:22 - INFO - utils.trainer -   Specificity: 0.44648
03/26/2026 19:44:22 - INFO - utils.trainer -   Sensitivity: 0.94296
03/26/2026 19:44:22 - INFO - utils.trainer -   Loss: 0.62314
03/26/2026 19:44:22 - INFO - utils.trainer -    Train loss: 0.62433, Test loss: 0.62314,Epoch time = 2.151s
03/26/2026 19:44:24 - INFO - utils.trainer -   ***** Running evaluation on test2 dataset *****
03/26/2026 19:44:25 - INFO - utils.trainer -   AUC: 0.84218
03/26/2026 19:44:25 - INFO - utils.trainer -   Accuracy: 0.69613
03/26/2026 19:44:25 - INFO - utils.trainer -   Precision: 0.63180
03/26/2026 19:44:25 - INFO - utils.trainer -   Recall: 0.94014
03/26/2026 19:44:25 - INFO - utils.trainer -   F_score: 0.75573
03/26/2026 19:44:25 - INFO - utils.trainer -   Specificity: 0.45211
03/26/2026 19:44:25 - INFO - utils.trainer -   Sensitivity: 0.94014
03/26/2026 19:44:25 - INFO - utils.trainer -   Loss: 0.62240
03/26/2026 19:44:25 - INFO - utils.trainer -    Train loss: 0.62593, Test loss: 0.62240,Epoch time = 1.479s
03/26/2026 19:44:27 - INFO - utils.trainer -   ***** Running evaluation on test2 dataset *****
03/26/2026 19:44:28 - INFO - utils.trainer -   AUC: 0.84073
03/26/2026 19:44:28 - INFO - utils.trainer -   Accuracy: 0.69155
03/26/2026 19:44:28 - INFO - utils.trainer -   Precision: 0.62698
03/26/2026 19:44:28 - INFO - utils.trainer -   Recall: 0.94577
03/26/2026 19:44:28 - INFO - utils.trainer -   F_score: 0.75407
03/26/2026 19:44:28 - INFO - utils.trainer -   Specificity: 0.43732
03/26/2026 19:44:28 - INFO - utils.trainer -   Sensitivity: 0.94577
03/26/2026 19:44:28 - INFO - utils.trainer -   Loss: 0.62162
03/26/2026 19:44:28 - INFO - utils.trainer -    Train loss: 0.61911, Test loss: 0.62162,Epoch time = 1.915s
03/26/2026 19:44:30 - INFO - utils.trainer -   ***** Running evaluation on test2 dataset *****
03/26/2026 19:44:31 - INFO - utils.trainer -   AUC: 0.84909
03/26/2026 19:44:31 - INFO - utils.trainer -   Accuracy: 0.74190
03/26/2026 19:44:31 - INFO - utils.trainer -   Precision: 0.69222
03/26/2026 19:44:31 - INFO - utils.trainer -   Recall: 0.87113
03/26/2026 19:44:31 - INFO - utils.trainer -   F_score: 0.77144
03/26/2026 19:44:31 - INFO - utils.trainer -   Specificity: 0.61268
03/26/2026 19:44:31 - INFO - utils.trainer -   Sensitivity: 0.87113
03/26/2026 19:44:31 - INFO - utils.trainer -   Loss: 0.62305
03/26/2026 19:44:31 - INFO - utils.trainer -    Train loss: 0.62096, Test loss: 0.62305,Epoch time = 2.104s
03/26/2026 19:44:31 - INFO - utils.trainer -   Saving model checkpoint to output_dir/LMDA
03/26/2026 19:44:32 - INFO - utils.trainer -   ***** Running evaluation on test2 dataset *****
03/26/2026 19:44:33 - INFO - utils.trainer -   AUC: 0.84297
03/26/2026 19:44:33 - INFO - utils.trainer -   Accuracy: 0.67500
03/26/2026 19:44:33 - INFO - utils.trainer -   Precision: 0.61059
03/26/2026 19:44:33 - INFO - utils.trainer -   Recall: 0.96620
03/26/2026 19:44:33 - INFO - utils.trainer -   F_score: 0.74830
03/26/2026 19:44:33 - INFO - utils.trainer -   Specificity: 0.38380
03/26/2026 19:44:33 - INFO - utils.trainer -   Sensitivity: 0.96620
03/26/2026 19:44:33 - INFO - utils.trainer -   Loss: 0.62165
03/26/2026 19:44:33 - INFO - utils.trainer -    Train loss: 0.61925, Test loss: 0.62165,Epoch time = 1.613s
03/26/2026 19:44:35 - INFO - utils.trainer -   ***** Running evaluation on test2 dataset *****
03/26/2026 19:44:36 - INFO - utils.trainer -   AUC: 0.84738
03/26/2026 19:44:36 - INFO - utils.trainer -   Accuracy: 0.68099
03/26/2026 19:44:36 - INFO - utils.trainer -   Precision: 0.61661
03/26/2026 19:44:36 - INFO - utils.trainer -   Recall: 0.95704
03/26/2026 19:44:36 - INFO - utils.trainer -   F_score: 0.75000
03/26/2026 19:44:36 - INFO - utils.trainer -   Specificity: 0.40493
03/26/2026 19:44:36 - INFO - utils.trainer -   Sensitivity: 0.95704
03/26/2026 19:44:36 - INFO - utils.trainer -   Loss: 0.62251
03/26/2026 19:44:36 - INFO - utils.trainer -    Train loss: 0.62322, Test loss: 0.62251,Epoch time = 1.989s
03/26/2026 19:44:38 - INFO - utils.trainer -   ***** Running evaluation on test2 dataset *****
03/26/2026 19:44:39 - INFO - utils.trainer -   AUC: 0.84625
03/26/2026 19:44:39 - INFO - utils.trainer -   Accuracy: 0.70563
03/26/2026 19:44:39 - INFO - utils.trainer -   Precision: 0.64120
03/26/2026 19:44:39 - INFO - utils.trainer -   Recall: 0.93380
03/26/2026 19:44:39 - INFO - utils.trainer -   F_score: 0.76032
03/26/2026 19:44:39 - INFO - utils.trainer -   Specificity: 0.47746
03/26/2026 19:44:39 - INFO - utils.trainer -   Sensitivity: 0.93380
03/26/2026 19:44:39 - INFO - utils.trainer -   Loss: 0.62186
03/26/2026 19:44:39 - INFO - utils.trainer -    Train loss: 0.62503, Test loss: 0.62186,Epoch time = 1.472s
03/26/2026 19:44:40 - INFO - utils.trainer -   ***** Running evaluation on test2 dataset *****
03/26/2026 19:44:41 - INFO - utils.trainer -   AUC: 0.84559
03/26/2026 19:44:41 - INFO - utils.trainer -   Accuracy: 0.67746
03/26/2026 19:44:41 - INFO - utils.trainer -   Precision: 0.61341
03/26/2026 19:44:41 - INFO - utils.trainer -   Recall: 0.95986
03/26/2026 19:44:41 - INFO - utils.trainer -   F_score: 0.74849
03/26/2026 19:44:41 - INFO - utils.trainer -   Specificity: 0.39507
03/26/2026 19:44:41 - INFO - utils.trainer -   Sensitivity: 0.95986
03/26/2026 19:44:41 - INFO - utils.trainer -   Loss: 0.62375
03/26/2026 19:44:41 - INFO - utils.trainer -    Train loss: 0.62270, Test loss: 0.62375,Epoch time = 1.977s
03/26/2026 19:44:44 - INFO - utils.trainer -   ***** Running evaluation on test2 dataset *****
03/26/2026 19:44:45 - INFO - utils.trainer -   AUC: 0.84413
03/26/2026 19:44:45 - INFO - utils.trainer -   Accuracy: 0.70176
03/26/2026 19:44:45 - INFO - utils.trainer -   Precision: 0.63754
03/26/2026 19:44:45 - INFO - utils.trainer -   Recall: 0.93521
03/26/2026 19:44:45 - INFO - utils.trainer -   F_score: 0.75821
03/26/2026 19:44:45 - INFO - utils.trainer -   Specificity: 0.46831
03/26/2026 19:44:45 - INFO - utils.trainer -   Sensitivity: 0.93521
03/26/2026 19:44:45 - INFO - utils.trainer -   Loss: 0.61924
03/26/2026 19:44:45 - INFO - utils.trainer -    Train loss: 0.61762, Test loss: 0.61924,Epoch time = 2.314s
03/26/2026 19:44:47 - INFO - utils.trainer -   ***** Running evaluation on test2 dataset *****
03/26/2026 19:44:47 - INFO - utils.trainer -   AUC: 0.84630
03/26/2026 19:44:47 - INFO - utils.trainer -   Accuracy: 0.69225
03/26/2026 19:44:47 - INFO - utils.trainer -   Precision: 0.62721
03/26/2026 19:44:47 - INFO - utils.trainer -   Recall: 0.94789
03/26/2026 19:44:47 - INFO - utils.trainer -   F_score: 0.75491
03/26/2026 19:44:47 - INFO - utils.trainer -   Specificity: 0.43662
03/26/2026 19:44:47 - INFO - utils.trainer -   Sensitivity: 0.94789
03/26/2026 19:44:47 - INFO - utils.trainer -   Loss: 0.62152
03/26/2026 19:44:47 - INFO - utils.trainer -    Train loss: 0.62338, Test loss: 0.62152,Epoch time = 1.938s
03/26/2026 19:44:50 - INFO - utils.trainer -   ***** Running evaluation on test2 dataset *****
03/26/2026 19:44:51 - INFO - utils.trainer -   AUC: 0.84735
03/26/2026 19:44:51 - INFO - utils.trainer -   Accuracy: 0.71373
03/26/2026 19:44:51 - INFO - utils.trainer -   Precision: 0.65047
03/26/2026 19:44:51 - INFO - utils.trainer -   Recall: 0.92394
03/26/2026 19:44:51 - INFO - utils.trainer -   F_score: 0.76346
03/26/2026 19:44:51 - INFO - utils.trainer -   Specificity: 0.50352
03/26/2026 19:44:51 - INFO - utils.trainer -   Sensitivity: 0.92394
03/26/2026 19:44:51 - INFO - utils.trainer -   Loss: 0.61888
03/26/2026 19:44:51 - INFO - utils.trainer -    Train loss: 0.62133, Test loss: 0.61888,Epoch time = 2.169s
03/26/2026 19:44:52 - INFO - utils.trainer -   ***** Running evaluation on test2 dataset *****
03/26/2026 19:44:53 - INFO - utils.trainer -   AUC: 0.84634
03/26/2026 19:44:53 - INFO - utils.trainer -   Accuracy: 0.71620
03/26/2026 19:44:53 - INFO - utils.trainer -   Precision: 0.65474
03/26/2026 19:44:53 - INFO - utils.trainer -   Recall: 0.91479
03/26/2026 19:44:53 - INFO - utils.trainer -   F_score: 0.76322
03/26/2026 19:44:53 - INFO - utils.trainer -   Specificity: 0.51761
03/26/2026 19:44:53 - INFO - utils.trainer -   Sensitivity: 0.91479
03/26/2026 19:44:53 - INFO - utils.trainer -   Loss: 0.61847
03/26/2026 19:44:53 - INFO - utils.trainer -    Train loss: 0.61895, Test loss: 0.61847,Epoch time = 1.772s
03/26/2026 19:44:55 - INFO - utils.trainer -   ***** Running evaluation on test2 dataset *****
03/26/2026 19:44:56 - INFO - utils.trainer -   AUC: 0.84424
03/26/2026 19:44:56 - INFO - utils.trainer -   Accuracy: 0.68063
03/26/2026 19:44:56 - INFO - utils.trainer -   Precision: 0.61612
03/26/2026 19:44:56 - INFO - utils.trainer -   Recall: 0.95845
03/26/2026 19:44:56 - INFO - utils.trainer -   F_score: 0.75007
03/26/2026 19:44:56 - INFO - utils.trainer -   Specificity: 0.40282
03/26/2026 19:44:56 - INFO - utils.trainer -   Sensitivity: 0.95845
03/26/2026 19:44:56 - INFO - utils.trainer -   Loss: 0.62405
03/26/2026 19:44:56 - INFO - utils.trainer -    Train loss: 0.62345, Test loss: 0.62405,Epoch time = 2.066s
03/26/2026 19:44:58 - INFO - utils.trainer -   ***** Running evaluation on test2 dataset *****
03/26/2026 19:44:59 - INFO - utils.trainer -   AUC: 0.84576
03/26/2026 19:44:59 - INFO - utils.trainer -   Accuracy: 0.71620
03/26/2026 19:44:59 - INFO - utils.trainer -   Precision: 0.65443
03/26/2026 19:44:59 - INFO - utils.trainer -   Recall: 0.91620
03/26/2026 19:44:59 - INFO - utils.trainer -   F_score: 0.76350
03/26/2026 19:44:59 - INFO - utils.trainer -   Specificity: 0.51620
03/26/2026 19:44:59 - INFO - utils.trainer -   Sensitivity: 0.91620
03/26/2026 19:44:59 - INFO - utils.trainer -   Loss: 0.62102
03/26/2026 19:44:59 - INFO - utils.trainer -    Train loss: 0.62375, Test loss: 0.62102,Epoch time = 2.071s
03/26/2026 19:45:01 - INFO - utils.trainer -   ***** Running evaluation on test2 dataset *****
03/26/2026 19:45:02 - INFO - utils.trainer -   AUC: 0.84641
03/26/2026 19:45:02 - INFO - utils.trainer -   Accuracy: 0.70317
03/26/2026 19:45:02 - INFO - utils.trainer -   Precision: 0.63837
03/26/2026 19:45:02 - INFO - utils.trainer -   Recall: 0.93732
03/26/2026 19:45:02 - INFO - utils.trainer -   F_score: 0.75949
03/26/2026 19:45:02 - INFO - utils.trainer -   Specificity: 0.46901
03/26/2026 19:45:02 - INFO - utils.trainer -   Sensitivity: 0.93732
03/26/2026 19:45:02 - INFO - utils.trainer -   Loss: 0.61800
03/26/2026 19:45:02 - INFO - utils.trainer -    Train loss: 0.62284, Test loss: 0.61800,Epoch time = 1.914s
03/26/2026 19:45:04 - INFO - utils.trainer -   ***** Running evaluation on test2 dataset *****
03/26/2026 19:45:05 - INFO - utils.trainer -   AUC: 0.84257
03/26/2026 19:45:05 - INFO - utils.trainer -   Accuracy: 0.68838
03/26/2026 19:45:05 - INFO - utils.trainer -   Precision: 0.62379
03/26/2026 19:45:05 - INFO - utils.trainer -   Recall: 0.94930
03/26/2026 19:45:05 - INFO - utils.trainer -   F_score: 0.75286
03/26/2026 19:45:05 - INFO - utils.trainer -   Specificity: 0.42746
03/26/2026 19:45:05 - INFO - utils.trainer -   Sensitivity: 0.94930
03/26/2026 19:45:05 - INFO - utils.trainer -   Loss: 0.62232
03/26/2026 19:45:05 - INFO - utils.trainer -    Train loss: 0.62238, Test loss: 0.62232,Epoch time = 1.852s
03/26/2026 19:45:07 - INFO - utils.trainer -   ***** Running evaluation on test2 dataset *****
03/26/2026 19:45:08 - INFO - utils.trainer -   AUC: 0.84586
03/26/2026 19:45:08 - INFO - utils.trainer -   Accuracy: 0.71232
03/26/2026 19:45:08 - INFO - utils.trainer -   Precision: 0.65067
03/26/2026 19:45:08 - INFO - utils.trainer -   Recall: 0.91690
03/26/2026 19:45:08 - INFO - utils.trainer -   F_score: 0.76118
03/26/2026 19:45:08 - INFO - utils.trainer -   Specificity: 0.50775
03/26/2026 19:45:08 - INFO - utils.trainer -   Sensitivity: 0.91690
03/26/2026 19:45:08 - INFO - utils.trainer -   Loss: 0.61984
03/26/2026 19:45:08 - INFO - utils.trainer -    Train loss: 0.61676, Test loss: 0.61984,Epoch time = 2.083s
03/26/2026 19:45:10 - INFO - utils.trainer -   ***** Running evaluation on test2 dataset *****
03/26/2026 19:45:11 - INFO - utils.trainer -   AUC: 0.85247
03/26/2026 19:45:11 - INFO - utils.trainer -   Accuracy: 0.76338
03/26/2026 19:45:11 - INFO - utils.trainer -   Precision: 0.76338
03/26/2026 19:45:11 - INFO - utils.trainer -   Recall: 0.76338
03/26/2026 19:45:11 - INFO - utils.trainer -   F_score: 0.76338
03/26/2026 19:45:11 - INFO - utils.trainer -   Specificity: 0.76338
03/26/2026 19:45:11 - INFO - utils.trainer -   Sensitivity: 0.76338
03/26/2026 19:45:11 - INFO - utils.trainer -   Loss: 0.61491
03/26/2026 19:45:11 - INFO - utils.trainer -    Train loss: 0.62171, Test loss: 0.61491,Epoch time = 1.766s
03/26/2026 19:45:11 - INFO - utils.trainer -   Saving model checkpoint to output_dir/LMDA
03/26/2026 19:45:12 - INFO - utils.trainer -   ***** Running evaluation on test2 dataset *****
03/26/2026 19:45:13 - INFO - utils.trainer -   AUC: 0.84758
03/26/2026 19:45:13 - INFO - utils.trainer -   Accuracy: 0.69085
03/26/2026 19:45:13 - INFO - utils.trainer -   Precision: 0.62570
03/26/2026 19:45:13 - INFO - utils.trainer -   Recall: 0.95000
03/26/2026 19:45:13 - INFO - utils.trainer -   F_score: 0.75447
03/26/2026 19:45:13 - INFO - utils.trainer -   Specificity: 0.43169
03/26/2026 19:45:13 - INFO - utils.trainer -   Sensitivity: 0.95000
03/26/2026 19:45:13 - INFO - utils.trainer -   Loss: 0.61776
03/26/2026 19:45:13 - INFO - utils.trainer -    Train loss: 0.61756, Test loss: 0.61776,Epoch time = 1.412s
03/26/2026 19:45:15 - INFO - utils.trainer -   ***** Running evaluation on test2 dataset *****
03/26/2026 19:45:15 - INFO - utils.trainer -   AUC: 0.84678
03/26/2026 19:45:15 - INFO - utils.trainer -   Accuracy: 0.72183
03/26/2026 19:45:15 - INFO - utils.trainer -   Precision: 0.66271
03/26/2026 19:45:15 - INFO - utils.trainer -   Recall: 0.90352
03/26/2026 19:45:15 - INFO - utils.trainer -   F_score: 0.76460
03/26/2026 19:45:15 - INFO - utils.trainer -   Specificity: 0.54014
03/26/2026 19:45:15 - INFO - utils.trainer -   Sensitivity: 0.90352
03/26/2026 19:45:15 - INFO - utils.trainer -   Loss: 0.61745
03/26/2026 19:45:15 - INFO - utils.trainer -    Train loss: 0.62129, Test loss: 0.61745,Epoch time = 1.565s
03/26/2026 19:45:17 - INFO - utils.trainer -   ***** Running evaluation on test2 dataset *****
03/26/2026 19:45:18 - INFO - utils.trainer -   AUC: 0.84475
03/26/2026 19:45:18 - INFO - utils.trainer -   Accuracy: 0.69331
03/26/2026 19:45:18 - INFO - utils.trainer -   Precision: 0.62869
03/26/2026 19:45:18 - INFO - utils.trainer -   Recall: 0.94437
03/26/2026 19:45:18 - INFO - utils.trainer -   F_score: 0.75486
03/26/2026 19:45:18 - INFO - utils.trainer -   Specificity: 0.44225
03/26/2026 19:45:18 - INFO - utils.trainer -   Sensitivity: 0.94437
03/26/2026 19:45:18 - INFO - utils.trainer -   Loss: 0.61952
03/26/2026 19:45:18 - INFO - utils.trainer -    Train loss: 0.62206, Test loss: 0.61952,Epoch time = 1.809s
03/26/2026 19:45:20 - INFO - utils.trainer -   ***** Running evaluation on test2 dataset *****
03/26/2026 19:45:21 - INFO - utils.trainer -   AUC: 0.85066
03/26/2026 19:45:21 - INFO - utils.trainer -   Accuracy: 0.72183
03/26/2026 19:45:21 - INFO - utils.trainer -   Precision: 0.66137
03/26/2026 19:45:21 - INFO - utils.trainer -   Recall: 0.90915
03/26/2026 19:45:21 - INFO - utils.trainer -   F_score: 0.76572
03/26/2026 19:45:21 - INFO - utils.trainer -   Specificity: 0.53451
03/26/2026 19:45:21 - INFO - utils.trainer -   Sensitivity: 0.90915
03/26/2026 19:45:21 - INFO - utils.trainer -   Loss: 0.61764
03/26/2026 19:45:21 - INFO - utils.trainer -    Train loss: 0.62116, Test loss: 0.61764,Epoch time = 2.285s
03/26/2026 19:45:23 - INFO - utils.trainer -   ***** Running evaluation on test2 dataset *****
03/26/2026 19:45:24 - INFO - utils.trainer -   AUC: 0.84825
03/26/2026 19:45:24 - INFO - utils.trainer -   Accuracy: 0.70106
03/26/2026 19:45:24 - INFO - utils.trainer -   Precision: 0.63654
03/26/2026 19:45:24 - INFO - utils.trainer -   Recall: 0.93732
03/26/2026 19:45:24 - INFO - utils.trainer -   F_score: 0.75819
03/26/2026 19:45:24 - INFO - utils.trainer -   Specificity: 0.46479
03/26/2026 19:45:24 - INFO - utils.trainer -   Sensitivity: 0.93732
03/26/2026 19:45:24 - INFO - utils.trainer -   Loss: 0.61753
03/26/2026 19:45:24 - INFO - utils.trainer -    Train loss: 0.62298, Test loss: 0.61753,Epoch time = 1.816s
03/26/2026 19:45:26 - INFO - utils.trainer -   ***** Running evaluation on test2 dataset *****
03/26/2026 19:45:27 - INFO - utils.trainer -   AUC: 0.84419
03/26/2026 19:45:27 - INFO - utils.trainer -   Accuracy: 0.68099
03/26/2026 19:45:27 - INFO - utils.trainer -   Precision: 0.61597
03/26/2026 19:45:27 - INFO - utils.trainer -   Recall: 0.96127
03/26/2026 19:45:27 - INFO - utils.trainer -   F_score: 0.75083
03/26/2026 19:45:27 - INFO - utils.trainer -   Specificity: 0.40070
03/26/2026 19:45:27 - INFO - utils.trainer -   Sensitivity: 0.96127
03/26/2026 19:45:27 - INFO - utils.trainer -   Loss: 0.62069
03/26/2026 19:45:27 - INFO - utils.trainer -    Train loss: 0.62238, Test loss: 0.62069,Epoch time = 1.840s
03/26/2026 19:45:29 - INFO - utils.trainer -   ***** Running evaluation on test2 dataset *****
03/26/2026 19:45:30 - INFO - utils.trainer -   AUC: 0.84543
03/26/2026 19:45:30 - INFO - utils.trainer -   Accuracy: 0.69014
03/26/2026 19:45:30 - INFO - utils.trainer -   Precision: 0.62523
03/26/2026 19:45:30 - INFO - utils.trainer -   Recall: 0.94930
03/26/2026 19:45:30 - INFO - utils.trainer -   F_score: 0.75391
03/26/2026 19:45:30 - INFO - utils.trainer -   Specificity: 0.43099
03/26/2026 19:45:30 - INFO - utils.trainer -   Sensitivity: 0.94930
03/26/2026 19:45:30 - INFO - utils.trainer -   Loss: 0.61831
03/26/2026 19:45:30 - INFO - utils.trainer -    Train loss: 0.61588, Test loss: 0.61831,Epoch time = 1.927s
03/26/2026 19:45:31 - INFO - utils.trainer -   ***** Running evaluation on test2 dataset *****
03/26/2026 19:45:32 - INFO - utils.trainer -   AUC: 0.84734
03/26/2026 19:45:32 - INFO - utils.trainer -   Accuracy: 0.68873
03/26/2026 19:45:32 - INFO - utils.trainer -   Precision: 0.62384
03/26/2026 19:45:32 - INFO - utils.trainer -   Recall: 0.95070
03/26/2026 19:45:32 - INFO - utils.trainer -   F_score: 0.75335
03/26/2026 19:45:32 - INFO - utils.trainer -   Specificity: 0.42676
03/26/2026 19:45:32 - INFO - utils.trainer -   Sensitivity: 0.95070
03/26/2026 19:45:32 - INFO - utils.trainer -   Loss: 0.61743
03/26/2026 19:45:32 - INFO - utils.trainer -    Train loss: 0.61818, Test loss: 0.61743,Epoch time = 1.475s
03/26/2026 19:45:34 - INFO - utils.trainer -   ***** Running evaluation on test2 dataset *****
03/26/2026 19:45:35 - INFO - utils.trainer -   AUC: 0.84426
03/26/2026 19:45:35 - INFO - utils.trainer -   Accuracy: 0.70035
03/26/2026 19:45:35 - INFO - utils.trainer -   Precision: 0.63503
03/26/2026 19:45:35 - INFO - utils.trainer -   Recall: 0.94225
03/26/2026 19:45:35 - INFO - utils.trainer -   F_score: 0.75872
03/26/2026 19:45:35 - INFO - utils.trainer -   Specificity: 0.45845
03/26/2026 19:45:35 - INFO - utils.trainer -   Sensitivity: 0.94225
03/26/2026 19:45:35 - INFO - utils.trainer -   Loss: 0.61749
03/26/2026 19:45:35 - INFO - utils.trainer -    Train loss: 0.61955, Test loss: 0.61749,Epoch time = 2.041s
03/26/2026 19:45:37 - INFO - utils.trainer -   ***** Running evaluation on test2 dataset *****
03/26/2026 19:45:38 - INFO - utils.trainer -   AUC: 0.84499
03/26/2026 19:45:38 - INFO - utils.trainer -   Accuracy: 0.72218
03/26/2026 19:45:38 - INFO - utils.trainer -   Precision: 0.66271
03/26/2026 19:45:38 - INFO - utils.trainer -   Recall: 0.90493
03/26/2026 19:45:38 - INFO - utils.trainer -   F_score: 0.76511
03/26/2026 19:45:38 - INFO - utils.trainer -   Specificity: 0.53944
03/26/2026 19:45:38 - INFO - utils.trainer -   Sensitivity: 0.90493
03/26/2026 19:45:38 - INFO - utils.trainer -   Loss: 0.61719
03/26/2026 19:45:38 - INFO - utils.trainer -    Train loss: 0.61917, Test loss: 0.61719,Epoch time = 1.636s
03/26/2026 19:45:39 - INFO - utils.trainer -   ***** Running evaluation on test2 dataset *****
03/26/2026 19:45:40 - INFO - utils.trainer -   AUC: 0.84620
03/26/2026 19:45:40 - INFO - utils.trainer -   Accuracy: 0.68134
03/26/2026 19:45:40 - INFO - utils.trainer -   Precision: 0.61667
03/26/2026 19:45:40 - INFO - utils.trainer -   Recall: 0.95845
03/26/2026 19:45:40 - INFO - utils.trainer -   F_score: 0.75048
03/26/2026 19:45:40 - INFO - utils.trainer -   Specificity: 0.40423
03/26/2026 19:45:40 - INFO - utils.trainer -   Sensitivity: 0.95845
03/26/2026 19:45:40 - INFO - utils.trainer -   Loss: 0.61830
03/26/2026 19:45:40 - INFO - utils.trainer -    Train loss: 0.62142, Test loss: 0.61830,Epoch time = 1.472s
03/26/2026 19:45:42 - INFO - utils.trainer -   ***** Running evaluation on test2 dataset *****
03/26/2026 19:45:43 - INFO - utils.trainer -   AUC: 0.84277
03/26/2026 19:45:43 - INFO - utils.trainer -   Accuracy: 0.68768
03/26/2026 19:45:43 - INFO - utils.trainer -   Precision: 0.62309
03/26/2026 19:45:43 - INFO - utils.trainer -   Recall: 0.95000
03/26/2026 19:45:43 - INFO - utils.trainer -   F_score: 0.75258
03/26/2026 19:45:43 - INFO - utils.trainer -   Specificity: 0.42535
03/26/2026 19:45:43 - INFO - utils.trainer -   Sensitivity: 0.95000
03/26/2026 19:45:43 - INFO - utils.trainer -   Loss: 0.61784
03/26/2026 19:45:43 - INFO - utils.trainer -    Train loss: 0.61335, Test loss: 0.61784,Epoch time = 1.774s
03/26/2026 19:45:45 - INFO - utils.trainer -   ***** Running evaluation on test2 dataset *****
03/26/2026 19:45:46 - INFO - utils.trainer -   AUC: 0.84587
03/26/2026 19:45:46 - INFO - utils.trainer -   Accuracy: 0.72007
03/26/2026 19:45:46 - INFO - utils.trainer -   Precision: 0.66083
03/26/2026 19:45:46 - INFO - utils.trainer -   Recall: 0.90423
03/26/2026 19:45:46 - INFO - utils.trainer -   F_score: 0.76360
03/26/2026 19:45:46 - INFO - utils.trainer -   Specificity: 0.53592
03/26/2026 19:45:46 - INFO - utils.trainer -   Sensitivity: 0.90423
03/26/2026 19:45:46 - INFO - utils.trainer -   Loss: 0.61613
03/26/2026 19:45:46 - INFO - utils.trainer -    Train loss: 0.61752, Test loss: 0.61613,Epoch time = 2.119s
03/26/2026 19:45:47 - INFO - utils.trainer -   ***** Running evaluation on test2 dataset *****
03/26/2026 19:45:48 - INFO - utils.trainer -   AUC: 0.84555
03/26/2026 19:45:48 - INFO - utils.trainer -   Accuracy: 0.69472
03/26/2026 19:45:48 - INFO - utils.trainer -   Precision: 0.62939
03/26/2026 19:45:48 - INFO - utils.trainer -   Recall: 0.94718
03/26/2026 19:45:48 - INFO - utils.trainer -   F_score: 0.75626
03/26/2026 19:45:48 - INFO - utils.trainer -   Specificity: 0.44225
03/26/2026 19:45:48 - INFO - utils.trainer -   Sensitivity: 0.94718
03/26/2026 19:45:48 - INFO - utils.trainer -   Loss: 0.61746
03/26/2026 19:45:48 - INFO - utils.trainer -    Train loss: 0.61142, Test loss: 0.61746,Epoch time = 1.687s
03/26/2026 19:45:50 - INFO - utils.trainer -   ***** Running evaluation on test2 dataset *****
03/26/2026 19:45:51 - INFO - utils.trainer -   AUC: 0.84632
03/26/2026 19:45:51 - INFO - utils.trainer -   Accuracy: 0.69789
03/26/2026 19:45:51 - INFO - utils.trainer -   Precision: 0.63305
03/26/2026 19:45:51 - INFO - utils.trainer -   Recall: 0.94155
03/26/2026 19:45:51 - INFO - utils.trainer -   F_score: 0.75708
03/26/2026 19:45:51 - INFO - utils.trainer -   Specificity: 0.45423
03/26/2026 19:45:51 - INFO - utils.trainer -   Sensitivity: 0.94155
03/26/2026 19:45:51 - INFO - utils.trainer -   Loss: 0.61770
03/26/2026 19:45:51 - INFO - utils.trainer -    Train loss: 0.62096, Test loss: 0.61770,Epoch time = 1.878s
03/26/2026 19:45:53 - INFO - utils.trainer -   ***** Running evaluation on test2 dataset *****
03/26/2026 19:45:54 - INFO - utils.trainer -   AUC: 0.84839
03/26/2026 19:45:54 - INFO - utils.trainer -   Accuracy: 0.70739
03/26/2026 19:45:54 - INFO - utils.trainer -   Precision: 0.64289
03/26/2026 19:45:54 - INFO - utils.trainer -   Recall: 0.93310
03/26/2026 19:45:54 - INFO - utils.trainer -   F_score: 0.76128
03/26/2026 19:45:54 - INFO - utils.trainer -   Specificity: 0.48169
03/26/2026 19:45:54 - INFO - utils.trainer -   Sensitivity: 0.93310
03/26/2026 19:45:54 - INFO - utils.trainer -   Loss: 0.61768
03/26/2026 19:45:54 - INFO - utils.trainer -    Train loss: 0.62290, Test loss: 0.61768,Epoch time = 1.934s
03/26/2026 19:45:56 - INFO - utils.trainer -   ***** Running evaluation on test2 dataset *****
03/26/2026 19:45:57 - INFO - utils.trainer -   AUC: 0.84747
03/26/2026 19:45:57 - INFO - utils.trainer -   Accuracy: 0.70458
03/26/2026 19:45:57 - INFO - utils.trainer -   Precision: 0.63933
03/26/2026 19:45:57 - INFO - utils.trainer -   Recall: 0.93873
03/26/2026 19:45:57 - INFO - utils.trainer -   F_score: 0.76063
03/26/2026 19:45:57 - INFO - utils.trainer -   Specificity: 0.47042
03/26/2026 19:45:57 - INFO - utils.trainer -   Sensitivity: 0.93873
03/26/2026 19:45:57 - INFO - utils.trainer -   Loss: 0.61373
03/26/2026 19:45:57 - INFO - utils.trainer -    Train loss: 0.62030, Test loss: 0.61373,Epoch time = 1.995s
03/26/2026 19:45:59 - INFO - utils.trainer -   ***** Running evaluation on test2 dataset *****
03/26/2026 19:46:00 - INFO - utils.trainer -   AUC: 0.84423
03/26/2026 19:46:00 - INFO - utils.trainer -   Accuracy: 0.68873
03/26/2026 19:46:00 - INFO - utils.trainer -   Precision: 0.62407
03/26/2026 19:46:00 - INFO - utils.trainer -   Recall: 0.94930
03/26/2026 19:46:00 - INFO - utils.trainer -   F_score: 0.75307
03/26/2026 19:46:00 - INFO - utils.trainer -   Specificity: 0.42817
03/26/2026 19:46:00 - INFO - utils.trainer -   Sensitivity: 0.94930
03/26/2026 19:46:00 - INFO - utils.trainer -   Loss: 0.61764
03/26/2026 19:46:00 - INFO - utils.trainer -    Train loss: 0.61573, Test loss: 0.61764,Epoch time = 1.997s
03/26/2026 19:46:02 - INFO - utils.trainer -   ***** Running evaluation on test2 dataset *****
03/26/2026 19:46:03 - INFO - utils.trainer -   AUC: 0.84655
03/26/2026 19:46:03 - INFO - utils.trainer -   Accuracy: 0.71021
03/26/2026 19:46:03 - INFO - utils.trainer -   Precision: 0.64858
03/26/2026 19:46:03 - INFO - utils.trainer -   Recall: 0.91761
03/26/2026 19:46:03 - INFO - utils.trainer -   F_score: 0.75999
03/26/2026 19:46:03 - INFO - utils.trainer -   Specificity: 0.50282
03/26/2026 19:46:03 - INFO - utils.trainer -   Sensitivity: 0.91761
03/26/2026 19:46:03 - INFO - utils.trainer -   Loss: 0.61518
03/26/2026 19:46:03 - INFO - utils.trainer -    Train loss: 0.61726, Test loss: 0.61518,Epoch time = 1.691s
03/26/2026 19:46:05 - INFO - utils.trainer -   ***** Running evaluation on test2 dataset *****
03/26/2026 19:46:05 - INFO - utils.trainer -   AUC: 0.84543
03/26/2026 19:46:05 - INFO - utils.trainer -   Accuracy: 0.69613
03/26/2026 19:46:05 - INFO - utils.trainer -   Precision: 0.63094
03/26/2026 19:46:05 - INFO - utils.trainer -   Recall: 0.94507
03/26/2026 19:46:05 - INFO - utils.trainer -   F_score: 0.75670
03/26/2026 19:46:05 - INFO - utils.trainer -   Specificity: 0.44718
03/26/2026 19:46:05 - INFO - utils.trainer -   Sensitivity: 0.94507
03/26/2026 19:46:05 - INFO - utils.trainer -   Loss: 0.61597
03/26/2026 19:46:05 - INFO - utils.trainer -    Train loss: 0.61510, Test loss: 0.61597,Epoch time = 1.652s
03/26/2026 19:46:07 - INFO - utils.trainer -   ***** Running evaluation on test2 dataset *****
03/26/2026 19:46:08 - INFO - utils.trainer -   AUC: 0.84796
03/26/2026 19:46:08 - INFO - utils.trainer -   Accuracy: 0.73556
03/26/2026 19:46:08 - INFO - utils.trainer -   Precision: 0.68656
03/26/2026 19:46:08 - INFO - utils.trainer -   Recall: 0.86690
03/26/2026 19:46:08 - INFO - utils.trainer -   F_score: 0.76626
03/26/2026 19:46:08 - INFO - utils.trainer -   Specificity: 0.60423
03/26/2026 19:46:08 - INFO - utils.trainer -   Sensitivity: 0.86690
03/26/2026 19:46:08 - INFO - utils.trainer -   Loss: 0.61312
03/26/2026 19:46:08 - INFO - utils.trainer -    Train loss: 0.62232, Test loss: 0.61312,Epoch time = 1.222s
03/26/2026 19:46:09 - INFO - utils.trainer -   ***** Running evaluation on test2 dataset *****
03/26/2026 19:46:10 - INFO - utils.trainer -   AUC: 0.84367
03/26/2026 19:46:10 - INFO - utils.trainer -   Accuracy: 0.70211
03/26/2026 19:46:10 - INFO - utils.trainer -   Precision: 0.63745
03/26/2026 19:46:10 - INFO - utils.trainer -   Recall: 0.93732
03/26/2026 19:46:10 - INFO - utils.trainer -   F_score: 0.75884
03/26/2026 19:46:10 - INFO - utils.trainer -   Specificity: 0.46690
03/26/2026 19:46:10 - INFO - utils.trainer -   Sensitivity: 0.93732
03/26/2026 19:46:10 - INFO - utils.trainer -   Loss: 0.61702
03/26/2026 19:46:10 - INFO - utils.trainer -    Train loss: 0.61856, Test loss: 0.61702,Epoch time = 1.339s
03/26/2026 19:46:12 - INFO - utils.trainer -   ***** Running evaluation on test2 dataset *****
03/26/2026 19:46:13 - INFO - utils.trainer -   AUC: 0.84440
03/26/2026 19:46:13 - INFO - utils.trainer -   Accuracy: 0.70176
03/26/2026 19:46:13 - INFO - utils.trainer -   Precision: 0.63649
03/26/2026 19:46:13 - INFO - utils.trainer -   Recall: 0.94085
03/26/2026 19:46:13 - INFO - utils.trainer -   F_score: 0.75931
03/26/2026 19:46:13 - INFO - utils.trainer -   Specificity: 0.46268
03/26/2026 19:46:13 - INFO - utils.trainer -   Sensitivity: 0.94085
03/26/2026 19:46:13 - INFO - utils.trainer -   Loss: 0.61590
03/26/2026 19:46:13 - INFO - utils.trainer -    Train loss: 0.62151, Test loss: 0.61590,Epoch time = 1.731s
03/26/2026 19:46:14 - INFO - utils.trainer -   ***** Running evaluation on test2 dataset *****
03/26/2026 19:46:15 - INFO - utils.trainer -   AUC: 0.84726
03/26/2026 19:46:15 - INFO - utils.trainer -   Accuracy: 0.72042
03/26/2026 19:46:15 - INFO - utils.trainer -   Precision: 0.66084
03/26/2026 19:46:15 - INFO - utils.trainer -   Recall: 0.90563
03/26/2026 19:46:15 - INFO - utils.trainer -   F_score: 0.76411
03/26/2026 19:46:15 - INFO - utils.trainer -   Specificity: 0.53521
03/26/2026 19:46:15 - INFO - utils.trainer -   Sensitivity: 0.90563
03/26/2026 19:46:15 - INFO - utils.trainer -   Loss: 0.61539
03/26/2026 19:46:15 - INFO - utils.trainer -    Train loss: 0.61462, Test loss: 0.61539,Epoch time = 1.317s
03/26/2026 19:46:17 - INFO - utils.trainer -   ***** Running evaluation on test2 dataset *****
03/26/2026 19:46:18 - INFO - utils.trainer -   AUC: 0.85009
03/26/2026 19:46:18 - INFO - utils.trainer -   Accuracy: 0.72394
03/26/2026 19:46:18 - INFO - utils.trainer -   Precision: 0.66409
03/26/2026 19:46:18 - INFO - utils.trainer -   Recall: 0.90634
03/26/2026 19:46:18 - INFO - utils.trainer -   F_score: 0.76653
03/26/2026 19:46:18 - INFO - utils.trainer -   Specificity: 0.54155
03/26/2026 19:46:18 - INFO - utils.trainer -   Sensitivity: 0.90634
03/26/2026 19:46:18 - INFO - utils.trainer -   Loss: 0.61257
03/26/2026 19:46:18 - INFO - utils.trainer -    Train loss: 0.62192, Test loss: 0.61257,Epoch time = 1.896s
03/26/2026 19:46:20 - INFO - utils.trainer -   ***** Running evaluation on test2 dataset *****
03/26/2026 19:46:20 - INFO - utils.trainer -   AUC: 0.84586
03/26/2026 19:46:20 - INFO - utils.trainer -   Accuracy: 0.71901
03/26/2026 19:46:20 - INFO - utils.trainer -   Precision: 0.65884
03/26/2026 19:46:20 - INFO - utils.trainer -   Recall: 0.90845
03/26/2026 19:46:20 - INFO - utils.trainer -   F_score: 0.76377
03/26/2026 19:46:20 - INFO - utils.trainer -   Specificity: 0.52958
03/26/2026 19:46:20 - INFO - utils.trainer -   Sensitivity: 0.90845
03/26/2026 19:46:20 - INFO - utils.trainer -   Loss: 0.61518
03/26/2026 19:46:20 - INFO - utils.trainer -    Train loss: 0.61918, Test loss: 0.61518,Epoch time = 1.842s
03/26/2026 19:46:22 - INFO - utils.trainer -   ***** Running evaluation on test2 dataset *****
03/26/2026 19:46:23 - INFO - utils.trainer -   AUC: 0.84992
03/26/2026 19:46:23 - INFO - utils.trainer -   Accuracy: 0.72746
03/26/2026 19:46:23 - INFO - utils.trainer -   Precision: 0.66911
03/26/2026 19:46:23 - INFO - utils.trainer -   Recall: 0.90000
03/26/2026 19:46:23 - INFO - utils.trainer -   F_score: 0.76757
03/26/2026 19:46:23 - INFO - utils.trainer -   Specificity: 0.55493
03/26/2026 19:46:23 - INFO - utils.trainer -   Sensitivity: 0.90000
03/26/2026 19:46:23 - INFO - utils.trainer -   Loss: 0.61411
03/26/2026 19:46:23 - INFO - utils.trainer -    Train loss: 0.61841, Test loss: 0.61411,Epoch time = 1.782s
03/26/2026 19:46:25 - INFO - utils.trainer -   ***** Running evaluation on test2 dataset *****
03/26/2026 19:46:26 - INFO - utils.trainer -   AUC: 0.84887
03/26/2026 19:46:26 - INFO - utils.trainer -   Accuracy: 0.73345
03/26/2026 19:46:26 - INFO - utils.trainer -   Precision: 0.68144
03/26/2026 19:46:26 - INFO - utils.trainer -   Recall: 0.87676
03/26/2026 19:46:26 - INFO - utils.trainer -   F_score: 0.76686
03/26/2026 19:46:26 - INFO - utils.trainer -   Specificity: 0.59014
03/26/2026 19:46:26 - INFO - utils.trainer -   Sensitivity: 0.87676
03/26/2026 19:46:26 - INFO - utils.trainer -   Loss: 0.61175
03/26/2026 19:46:26 - INFO - utils.trainer -    Train loss: 0.61554, Test loss: 0.61175,Epoch time = 1.640s
03/26/2026 19:46:27 - INFO - utils.trainer -   ***** Running evaluation on test2 dataset *****
03/26/2026 19:46:28 - INFO - utils.trainer -   AUC: 0.84699
03/26/2026 19:46:28 - INFO - utils.trainer -   Accuracy: 0.70634
03/26/2026 19:46:28 - INFO - utils.trainer -   Precision: 0.64168
03/26/2026 19:46:28 - INFO - utils.trainer -   Recall: 0.93451
03/26/2026 19:46:28 - INFO - utils.trainer -   F_score: 0.76089
03/26/2026 19:46:28 - INFO - utils.trainer -   Specificity: 0.47817
03/26/2026 19:46:28 - INFO - utils.trainer -   Sensitivity: 0.93451
03/26/2026 19:46:28 - INFO - utils.trainer -   Loss: 0.61485
03/26/2026 19:46:28 - INFO - utils.trainer -    Train loss: 0.61548, Test loss: 0.61485,Epoch time = 1.501s
03/26/2026 19:46:30 - INFO - utils.trainer -   ***** Running evaluation on test2 dataset *****
03/26/2026 19:46:31 - INFO - utils.trainer -   AUC: 0.84578
03/26/2026 19:46:31 - INFO - utils.trainer -   Accuracy: 0.69155
03/26/2026 19:46:31 - INFO - utils.trainer -   Precision: 0.62651
03/26/2026 19:46:31 - INFO - utils.trainer -   Recall: 0.94859
03/26/2026 19:46:31 - INFO - utils.trainer -   F_score: 0.75462
03/26/2026 19:46:31 - INFO - utils.trainer -   Specificity: 0.43451
03/26/2026 19:46:31 - INFO - utils.trainer -   Sensitivity: 0.94859
03/26/2026 19:46:31 - INFO - utils.trainer -   Loss: 0.61616
03/26/2026 19:46:31 - INFO - utils.trainer -    Train loss: 0.62092, Test loss: 0.61616,Epoch time = 2.259s
03/26/2026 19:46:34 - INFO - utils.trainer -   ***** Running evaluation on test2 dataset *****
03/26/2026 19:46:35 - INFO - utils.trainer -   AUC: 0.84990
03/26/2026 19:46:35 - INFO - utils.trainer -   Accuracy: 0.71901
03/26/2026 19:46:35 - INFO - utils.trainer -   Precision: 0.65581
03/26/2026 19:46:35 - INFO - utils.trainer -   Recall: 0.92183
03/26/2026 19:46:35 - INFO - utils.trainer -   F_score: 0.76639
03/26/2026 19:46:35 - INFO - utils.trainer -   Specificity: 0.51620
03/26/2026 19:46:35 - INFO - utils.trainer -   Sensitivity: 0.92183
03/26/2026 19:46:35 - INFO - utils.trainer -   Loss: 0.61403
03/26/2026 19:46:35 - INFO - utils.trainer -    Train loss: 0.61993, Test loss: 0.61403,Epoch time = 2.361s
03/26/2026 19:46:36 - INFO - utils.trainer -   ***** Running evaluation on test2 dataset *****
03/26/2026 19:46:37 - INFO - utils.trainer -   AUC: 0.84869
03/26/2026 19:46:37 - INFO - utils.trainer -   Accuracy: 0.72254
03/26/2026 19:46:37 - INFO - utils.trainer -   Precision: 0.66322
03/26/2026 19:46:37 - INFO - utils.trainer -   Recall: 0.90423
03/26/2026 19:46:37 - INFO - utils.trainer -   F_score: 0.76520
03/26/2026 19:46:37 - INFO - utils.trainer -   Specificity: 0.54085
03/26/2026 19:46:37 - INFO - utils.trainer -   Sensitivity: 0.90423
03/26/2026 19:46:37 - INFO - utils.trainer -   Loss: 0.61301
03/26/2026 19:46:37 - INFO - utils.trainer -    Train loss: 0.61330, Test loss: 0.61301,Epoch time = 1.642s
03/26/2026 19:46:39 - INFO - utils.trainer -   ***** Running evaluation on test2 dataset *****
03/26/2026 19:46:40 - INFO - utils.trainer -   AUC: 0.84746
03/26/2026 19:46:40 - INFO - utils.trainer -   Accuracy: 0.70915
03/26/2026 19:46:40 - INFO - utils.trainer -   Precision: 0.64559
03/26/2026 19:46:40 - INFO - utils.trainer -   Recall: 0.92746
03/26/2026 19:46:40 - INFO - utils.trainer -   F_score: 0.76127
03/26/2026 19:46:40 - INFO - utils.trainer -   Specificity: 0.49085
03/26/2026 19:46:40 - INFO - utils.trainer -   Sensitivity: 0.92746
03/26/2026 19:46:40 - INFO - utils.trainer -   Loss: 0.61546
03/26/2026 19:46:40 - INFO - utils.trainer -    Train loss: 0.62134, Test loss: 0.61546,Epoch time = 2.113s
03/26/2026 19:46:42 - INFO - utils.trainer -   ***** Running evaluation on test2 dataset *****
03/26/2026 19:46:43 - INFO - utils.trainer -   AUC: 0.84757
03/26/2026 19:46:43 - INFO - utils.trainer -   Accuracy: 0.69542
03/26/2026 19:46:43 - INFO - utils.trainer -   Precision: 0.63022
03/26/2026 19:46:43 - INFO - utils.trainer -   Recall: 0.94577
03/26/2026 19:46:43 - INFO - utils.trainer -   F_score: 0.75641
03/26/2026 19:46:43 - INFO - utils.trainer -   Specificity: 0.44507
03/26/2026 19:46:43 - INFO - utils.trainer -   Sensitivity: 0.94577
03/26/2026 19:46:43 - INFO - utils.trainer -   Loss: 0.61584
03/26/2026 19:46:43 - INFO - utils.trainer -    Train loss: 0.61938, Test loss: 0.61584,Epoch time = 1.884s
03/26/2026 19:46:45 - INFO - utils.trainer -   ***** Running evaluation on test2 dataset *****
03/26/2026 19:46:46 - INFO - utils.trainer -   AUC: 0.84770
03/26/2026 19:46:46 - INFO - utils.trainer -   Accuracy: 0.70739
03/26/2026 19:46:46 - INFO - utils.trainer -   Precision: 0.64275
03/26/2026 19:46:46 - INFO - utils.trainer -   Recall: 0.93380
03/26/2026 19:46:46 - INFO - utils.trainer -   F_score: 0.76141
03/26/2026 19:46:46 - INFO - utils.trainer -   Specificity: 0.48099
03/26/2026 19:46:46 - INFO - utils.trainer -   Sensitivity: 0.93380
03/26/2026 19:46:46 - INFO - utils.trainer -   Loss: 0.61574
03/26/2026 19:46:46 - INFO - utils.trainer -    Train loss: 0.61659, Test loss: 0.61574,Epoch time = 2.063s
03/26/2026 19:46:48 - INFO - utils.trainer -   ***** Running evaluation on test2 dataset *****
03/26/2026 19:46:49 - INFO - utils.trainer -   AUC: 0.85021
03/26/2026 19:46:49 - INFO - utils.trainer -   Accuracy: 0.72923
03/26/2026 19:46:49 - INFO - utils.trainer -   Precision: 0.67231
03/26/2026 19:46:49 - INFO - utils.trainer -   Recall: 0.89437
03/26/2026 19:46:49 - INFO - utils.trainer -   F_score: 0.76760
03/26/2026 19:46:49 - INFO - utils.trainer -   Specificity: 0.56408
03/26/2026 19:46:49 - INFO - utils.trainer -   Sensitivity: 0.89437
03/26/2026 19:46:49 - INFO - utils.trainer -   Loss: 0.61519
03/26/2026 19:46:49 - INFO - utils.trainer -    Train loss: 0.62384, Test loss: 0.61519,Epoch time = 1.821s
03/26/2026 19:46:50 - INFO - utils.trainer -   ***** Running evaluation on test2 dataset *****
03/26/2026 19:46:51 - INFO - utils.trainer -   AUC: 0.84567
03/26/2026 19:46:51 - INFO - utils.trainer -   Accuracy: 0.70106
03/26/2026 19:46:51 - INFO - utils.trainer -   Precision: 0.63576
03/26/2026 19:46:51 - INFO - utils.trainer -   Recall: 0.94155
03/26/2026 19:46:51 - INFO - utils.trainer -   F_score: 0.75901
03/26/2026 19:46:51 - INFO - utils.trainer -   Specificity: 0.46056
03/26/2026 19:46:51 - INFO - utils.trainer -   Sensitivity: 0.94155
03/26/2026 19:46:51 - INFO - utils.trainer -   Loss: 0.61805
03/26/2026 19:46:51 - INFO - utils.trainer -    Train loss: 0.61377, Test loss: 0.61805,Epoch time = 1.188s
03/26/2026 19:46:53 - INFO - utils.trainer -   ***** Running evaluation on test2 dataset *****
03/26/2026 19:46:53 - INFO - utils.trainer -   AUC: 0.84741
03/26/2026 19:46:53 - INFO - utils.trainer -   Accuracy: 0.68873
03/26/2026 19:46:53 - INFO - utils.trainer -   Precision: 0.62407
03/26/2026 19:46:53 - INFO - utils.trainer -   Recall: 0.94930
03/26/2026 19:46:53 - INFO - utils.trainer -   F_score: 0.75307
03/26/2026 19:46:53 - INFO - utils.trainer -   Specificity: 0.42817
03/26/2026 19:46:53 - INFO - utils.trainer -   Sensitivity: 0.94930
03/26/2026 19:46:53 - INFO - utils.trainer -   Loss: 0.61810
03/26/2026 19:46:53 - INFO - utils.trainer -    Train loss: 0.62023, Test loss: 0.61810,Epoch time = 1.884s
03/26/2026 19:46:55 - INFO - utils.trainer -   ***** Running evaluation on test2 dataset *****
03/26/2026 19:46:56 - INFO - utils.trainer -   AUC: 0.84441
03/26/2026 19:46:56 - INFO - utils.trainer -   Accuracy: 0.70423
03/26/2026 19:46:56 - INFO - utils.trainer -   Precision: 0.64174
03/26/2026 19:46:56 - INFO - utils.trainer -   Recall: 0.92465
03/26/2026 19:46:56 - INFO - utils.trainer -   F_score: 0.75765
03/26/2026 19:46:56 - INFO - utils.trainer -   Specificity: 0.48380
03/26/2026 19:46:56 - INFO - utils.trainer -   Sensitivity: 0.92465
03/26/2026 19:46:56 - INFO - utils.trainer -   Loss: 0.61559
03/26/2026 19:46:56 - INFO - utils.trainer -    Train loss: 0.61826, Test loss: 0.61559,Epoch time = 1.821s
03/26/2026 19:46:57 - INFO - utils.trainer -   ***** Running evaluation on test2 dataset *****
03/26/2026 19:46:58 - INFO - utils.trainer -   AUC: 0.84636
03/26/2026 19:46:58 - INFO - utils.trainer -   Accuracy: 0.71761
03/26/2026 19:46:58 - INFO - utils.trainer -   Precision: 0.65653
03/26/2026 19:46:58 - INFO - utils.trainer -   Recall: 0.91268
03/26/2026 19:46:58 - INFO - utils.trainer -   F_score: 0.76370
03/26/2026 19:46:58 - INFO - utils.trainer -   Specificity: 0.52254
03/26/2026 19:46:58 - INFO - utils.trainer -   Sensitivity: 0.91268
03/26/2026 19:46:58 - INFO - utils.trainer -   Loss: 0.61529
03/26/2026 19:46:58 - INFO - utils.trainer -    Train loss: 0.61220, Test loss: 0.61529,Epoch time = 1.301s
03/26/2026 19:47:00 - INFO - utils.trainer -   ***** Running evaluation on test2 dataset *****
03/26/2026 19:47:01 - INFO - utils.trainer -   AUC: 0.84969
03/26/2026 19:47:01 - INFO - utils.trainer -   Accuracy: 0.72958
03/26/2026 19:47:01 - INFO - utils.trainer -   Precision: 0.67433
03/26/2026 19:47:01 - INFO - utils.trainer -   Recall: 0.88803
03/26/2026 19:47:01 - INFO - utils.trainer -   F_score: 0.76657
03/26/2026 19:47:01 - INFO - utils.trainer -   Specificity: 0.57113
03/26/2026 19:47:01 - INFO - utils.trainer -   Sensitivity: 0.88803
03/26/2026 19:47:01 - INFO - utils.trainer -   Loss: 0.61414
03/26/2026 19:47:01 - INFO - utils.trainer -    Train loss: 0.62015, Test loss: 0.61414,Epoch time = 1.556s
03/26/2026 19:47:02 - INFO - utils.trainer -   ***** Running evaluation on test2 dataset *****
03/26/2026 19:47:03 - INFO - utils.trainer -   AUC: 0.84610
03/26/2026 19:47:03 - INFO - utils.trainer -   Accuracy: 0.70282
03/26/2026 19:47:03 - INFO - utils.trainer -   Precision: 0.63767
03/26/2026 19:47:03 - INFO - utils.trainer -   Recall: 0.93944
03/26/2026 19:47:03 - INFO - utils.trainer -   F_score: 0.75968
03/26/2026 19:47:03 - INFO - utils.trainer -   Specificity: 0.46620
03/26/2026 19:47:03 - INFO - utils.trainer -   Sensitivity: 0.93944
03/26/2026 19:47:03 - INFO - utils.trainer -   Loss: 0.61546
03/26/2026 19:47:03 - INFO - utils.trainer -    Train loss: 0.61561, Test loss: 0.61546,Epoch time = 1.600s
03/26/2026 19:47:05 - INFO - utils.trainer -   ***** Running evaluation on test2 dataset *****
03/26/2026 19:47:06 - INFO - utils.trainer -   AUC: 0.84591
03/26/2026 19:47:06 - INFO - utils.trainer -   Accuracy: 0.72218
03/26/2026 19:47:06 - INFO - utils.trainer -   Precision: 0.66339
03/26/2026 19:47:06 - INFO - utils.trainer -   Recall: 0.90211
03/26/2026 19:47:06 - INFO - utils.trainer -   F_score: 0.76455
03/26/2026 19:47:06 - INFO - utils.trainer -   Specificity: 0.54225
03/26/2026 19:47:06 - INFO - utils.trainer -   Sensitivity: 0.90211
03/26/2026 19:47:06 - INFO - utils.trainer -   Loss: 0.61296
03/26/2026 19:47:06 - INFO - utils.trainer -    Train loss: 0.62251, Test loss: 0.61296,Epoch time = 1.669s
03/26/2026 19:47:08 - INFO - utils.trainer -   ***** Running evaluation on test2 dataset *****
03/26/2026 19:47:09 - INFO - utils.trainer -   AUC: 0.84490
03/26/2026 19:47:09 - INFO - utils.trainer -   Accuracy: 0.68521
03/26/2026 19:47:09 - INFO - utils.trainer -   Precision: 0.62042
03/26/2026 19:47:09 - INFO - utils.trainer -   Recall: 0.95423
03/26/2026 19:47:09 - INFO - utils.trainer -   F_score: 0.75194
03/26/2026 19:47:09 - INFO - utils.trainer -   Specificity: 0.41620
03/26/2026 19:47:09 - INFO - utils.trainer -   Sensitivity: 0.95423
03/26/2026 19:47:09 - INFO - utils.trainer -   Loss: 0.61563
03/26/2026 19:47:09 - INFO - utils.trainer -    Train loss: 0.60985, Test loss: 0.61563,Epoch time = 1.949s
03/26/2026 19:47:11 - INFO - utils.trainer -   ***** Running evaluation on test2 dataset *****
03/26/2026 19:47:12 - INFO - utils.trainer -   AUC: 0.84650
03/26/2026 19:47:12 - INFO - utils.trainer -   Accuracy: 0.72148
03/26/2026 19:47:12 - INFO - utils.trainer -   Precision: 0.66220
03/26/2026 19:47:12 - INFO - utils.trainer -   Recall: 0.90423
03/26/2026 19:47:12 - INFO - utils.trainer -   F_score: 0.76451
03/26/2026 19:47:12 - INFO - utils.trainer -   Specificity: 0.53873
03/26/2026 19:47:12 - INFO - utils.trainer -   Sensitivity: 0.90423
03/26/2026 19:47:12 - INFO - utils.trainer -   Loss: 0.61417
03/26/2026 19:47:12 - INFO - utils.trainer -    Train loss: 0.61356, Test loss: 0.61417,Epoch time = 2.021s
03/26/2026 19:47:14 - INFO - utils.trainer -   ***** Running evaluation on test2 dataset *****
03/26/2026 19:47:15 - INFO - utils.trainer -   AUC: 0.84682
03/26/2026 19:47:15 - INFO - utils.trainer -   Accuracy: 0.70634
03/26/2026 19:47:15 - INFO - utils.trainer -   Precision: 0.64141
03/26/2026 19:47:15 - INFO - utils.trainer -   Recall: 0.93592
03/26/2026 19:47:15 - INFO - utils.trainer -   F_score: 0.76117
03/26/2026 19:47:15 - INFO - utils.trainer -   Specificity: 0.47676
03/26/2026 19:47:15 - INFO - utils.trainer -   Sensitivity: 0.93592
03/26/2026 19:47:15 - INFO - utils.trainer -   Loss: 0.61459
03/26/2026 19:47:15 - INFO - utils.trainer -    Train loss: 0.61944, Test loss: 0.61459,Epoch time = 2.367s
03/26/2026 19:47:17 - INFO - utils.trainer -   ***** Running evaluation on test2 dataset *****
03/26/2026 19:47:18 - INFO - utils.trainer -   AUC: 0.85001
03/26/2026 19:47:18 - INFO - utils.trainer -   Accuracy: 0.71866
03/26/2026 19:47:18 - INFO - utils.trainer -   Precision: 0.65533
03/26/2026 19:47:18 - INFO - utils.trainer -   Recall: 0.92254
03/26/2026 19:47:18 - INFO - utils.trainer -   F_score: 0.76631
03/26/2026 19:47:18 - INFO - utils.trainer -   Specificity: 0.51479
03/26/2026 19:47:18 - INFO - utils.trainer -   Sensitivity: 0.92254
03/26/2026 19:47:18 - INFO - utils.trainer -   Loss: 0.61274
03/26/2026 19:47:18 - INFO - utils.trainer -    Train loss: 0.61475, Test loss: 0.61274,Epoch time = 2.032s
03/26/2026 19:47:20 - INFO - utils.trainer -   ***** Running evaluation on test2 dataset *****
03/26/2026 19:47:21 - INFO - utils.trainer -   AUC: 0.84663
03/26/2026 19:47:21 - INFO - utils.trainer -   Accuracy: 0.70739
03/26/2026 19:47:21 - INFO - utils.trainer -   Precision: 0.64248
03/26/2026 19:47:21 - INFO - utils.trainer -   Recall: 0.93521
03/26/2026 19:47:21 - INFO - utils.trainer -   F_score: 0.76169
03/26/2026 19:47:21 - INFO - utils.trainer -   Specificity: 0.47958
03/26/2026 19:47:21 - INFO - utils.trainer -   Sensitivity: 0.93521
03/26/2026 19:47:21 - INFO - utils.trainer -   Loss: 0.61471
03/26/2026 19:47:21 - INFO - utils.trainer -    Train loss: 0.60994, Test loss: 0.61471,Epoch time = 2.015s
03/26/2026 19:47:23 - INFO - utils.trainer -   ***** Running evaluation on test2 dataset *****
03/26/2026 19:47:23 - INFO - utils.trainer -   AUC: 0.85025
03/26/2026 19:47:23 - INFO - utils.trainer -   Accuracy: 0.75775
03/26/2026 19:47:23 - INFO - utils.trainer -   Precision: 0.72075
03/26/2026 19:47:23 - INFO - utils.trainer -   Recall: 0.84155
03/26/2026 19:47:23 - INFO - utils.trainer -   F_score: 0.77648
03/26/2026 19:47:23 - INFO - utils.trainer -   Specificity: 0.67394
03/26/2026 19:47:23 - INFO - utils.trainer -   Sensitivity: 0.84155
03/26/2026 19:47:23 - INFO - utils.trainer -   Loss: 0.61103
03/26/2026 19:47:23 - INFO - utils.trainer -    Train loss: 0.61671, Test loss: 0.61103,Epoch time = 1.568s
03/26/2026 19:47:26 - INFO - utils.trainer -   ***** Running evaluation on test2 dataset *****
03/26/2026 19:47:27 - INFO - utils.trainer -   AUC: 0.84593
03/26/2026 19:47:27 - INFO - utils.trainer -   Accuracy: 0.70000
03/26/2026 19:47:27 - INFO - utils.trainer -   Precision: 0.63447
03/26/2026 19:47:27 - INFO - utils.trainer -   Recall: 0.94366
03/26/2026 19:47:27 - INFO - utils.trainer -   F_score: 0.75878
03/26/2026 19:47:27 - INFO - utils.trainer -   Specificity: 0.45634
03/26/2026 19:47:27 - INFO - utils.trainer -   Sensitivity: 0.94366
03/26/2026 19:47:27 - INFO - utils.trainer -   Loss: 0.61676
03/26/2026 19:47:27 - INFO - utils.trainer -    Train loss: 0.62037, Test loss: 0.61676,Epoch time = 2.280s
03/26/2026 19:47:29 - INFO - utils.trainer -   ***** Running evaluation on test2 dataset *****
03/26/2026 19:47:29 - INFO - utils.trainer -   AUC: 0.84752
03/26/2026 19:47:29 - INFO - utils.trainer -   Accuracy: 0.71655
03/26/2026 19:47:29 - INFO - utils.trainer -   Precision: 0.65585
03/26/2026 19:47:29 - INFO - utils.trainer -   Recall: 0.91127
03/26/2026 19:47:29 - INFO - utils.trainer -   F_score: 0.76275
03/26/2026 19:47:29 - INFO - utils.trainer -   Specificity: 0.52183
03/26/2026 19:47:29 - INFO - utils.trainer -   Sensitivity: 0.91127
03/26/2026 19:47:29 - INFO - utils.trainer -   Loss: 0.61105
03/26/2026 19:47:29 - INFO - utils.trainer -    Train loss: 0.61906, Test loss: 0.61105,Epoch time = 1.841s
03/26/2026 19:47:32 - INFO - utils.trainer -   ***** Running evaluation on test2 dataset *****
03/26/2026 19:47:33 - INFO - utils.trainer -   AUC: 0.84864
03/26/2026 19:47:33 - INFO - utils.trainer -   Accuracy: 0.69331
03/26/2026 19:47:33 - INFO - utils.trainer -   Precision: 0.62833
03/26/2026 19:47:33 - INFO - utils.trainer -   Recall: 0.94648
03/26/2026 19:47:33 - INFO - utils.trainer -   F_score: 0.75527
03/26/2026 19:47:33 - INFO - utils.trainer -   Specificity: 0.44014
03/26/2026 19:47:33 - INFO - utils.trainer -   Sensitivity: 0.94648
03/26/2026 19:47:33 - INFO - utils.trainer -   Loss: 0.61734
03/26/2026 19:47:33 - INFO - utils.trainer -    Train loss: 0.61215, Test loss: 0.61734,Epoch time = 2.108s
03/26/2026 19:47:34 - INFO - utils.trainer -   ***** Running evaluation on test2 dataset *****
03/26/2026 19:47:35 - INFO - utils.trainer -   AUC: 0.84513
03/26/2026 19:47:35 - INFO - utils.trainer -   Accuracy: 0.69366
03/26/2026 19:47:35 - INFO - utils.trainer -   Precision: 0.62815
03/26/2026 19:47:35 - INFO - utils.trainer -   Recall: 0.94930
03/26/2026 19:47:35 - INFO - utils.trainer -   F_score: 0.75603
03/26/2026 19:47:35 - INFO - utils.trainer -   Specificity: 0.43803
03/26/2026 19:47:35 - INFO - utils.trainer -   Sensitivity: 0.94930
03/26/2026 19:47:35 - INFO - utils.trainer -   Loss: 0.61527
03/26/2026 19:47:35 - INFO - utils.trainer -    Train loss: 0.61753, Test loss: 0.61527,Epoch time = 1.709s
03/26/2026 19:47:37 - INFO - utils.trainer -   ***** Running evaluation on test2 dataset *****
03/26/2026 19:47:38 - INFO - utils.trainer -   AUC: 0.84696
03/26/2026 19:47:38 - INFO - utils.trainer -   Accuracy: 0.70317
03/26/2026 19:47:38 - INFO - utils.trainer -   Precision: 0.63758
03/26/2026 19:47:38 - INFO - utils.trainer -   Recall: 0.94155
03/26/2026 19:47:38 - INFO - utils.trainer -   F_score: 0.76031
03/26/2026 19:47:38 - INFO - utils.trainer -   Specificity: 0.46479
03/26/2026 19:47:38 - INFO - utils.trainer -   Sensitivity: 0.94155
03/26/2026 19:47:38 - INFO - utils.trainer -   Loss: 0.61415
03/26/2026 19:47:38 - INFO - utils.trainer -    Train loss: 0.61945, Test loss: 0.61415,Epoch time = 1.681s
03/26/2026 19:47:39 - INFO - utils.trainer -   ***** Running evaluation on test2 dataset *****
03/26/2026 19:47:40 - INFO - utils.trainer -   AUC: 0.84308
03/26/2026 19:47:40 - INFO - utils.trainer -   Accuracy: 0.68803
03/26/2026 19:47:40 - INFO - utils.trainer -   Precision: 0.62327
03/26/2026 19:47:40 - INFO - utils.trainer -   Recall: 0.95070
03/26/2026 19:47:40 - INFO - utils.trainer -   F_score: 0.75293
03/26/2026 19:47:40 - INFO - utils.trainer -   Specificity: 0.42535
03/26/2026 19:47:40 - INFO - utils.trainer -   Sensitivity: 0.95070
03/26/2026 19:47:40 - INFO - utils.trainer -   Loss: 0.61655
03/26/2026 19:47:40 - INFO - utils.trainer -    Train loss: 0.61188, Test loss: 0.61655,Epoch time = 1.443s
03/26/2026 19:47:42 - INFO - utils.trainer -   ***** Running evaluation on test2 dataset *****
03/26/2026 19:47:43 - INFO - utils.trainer -   AUC: 0.84585
03/26/2026 19:47:43 - INFO - utils.trainer -   Accuracy: 0.70669
03/26/2026 19:47:43 - INFO - utils.trainer -   Precision: 0.64268
03/26/2026 19:47:43 - INFO - utils.trainer -   Recall: 0.93099
03/26/2026 19:47:43 - INFO - utils.trainer -   F_score: 0.76043
03/26/2026 19:47:43 - INFO - utils.trainer -   Specificity: 0.48239
03/26/2026 19:47:43 - INFO - utils.trainer -   Sensitivity: 0.93099
03/26/2026 19:47:43 - INFO - utils.trainer -   Loss: 0.61324
03/26/2026 19:47:43 - INFO - utils.trainer -    Train loss: 0.61433, Test loss: 0.61324,Epoch time = 1.742s
03/26/2026 19:47:45 - INFO - utils.trainer -   ***** Running evaluation on test2 dataset *****
03/26/2026 19:47:45 - INFO - utils.trainer -   AUC: 0.84559
03/26/2026 19:47:45 - INFO - utils.trainer -   Accuracy: 0.69648
03/26/2026 19:47:45 - INFO - utils.trainer -   Precision: 0.63111
03/26/2026 19:47:45 - INFO - utils.trainer -   Recall: 0.94577
03/26/2026 19:47:45 - INFO - utils.trainer -   F_score: 0.75705
03/26/2026 19:47:45 - INFO - utils.trainer -   Specificity: 0.44718
03/26/2026 19:47:45 - INFO - utils.trainer -   Sensitivity: 0.94577
03/26/2026 19:47:45 - INFO - utils.trainer -   Loss: 0.61279
03/26/2026 19:47:45 - INFO - utils.trainer -    Train loss: 0.61506, Test loss: 0.61279,Epoch time = 1.914s
03/26/2026 19:47:47 - INFO - utils.trainer -   ***** Running evaluation on test2 dataset *****
03/26/2026 19:47:48 - INFO - utils.trainer -   AUC: 0.84754
03/26/2026 19:47:48 - INFO - utils.trainer -   Accuracy: 0.71338
03/26/2026 19:47:48 - INFO - utils.trainer -   Precision: 0.65105
03/26/2026 19:47:48 - INFO - utils.trainer -   Recall: 0.91972
03/26/2026 19:47:48 - INFO - utils.trainer -   F_score: 0.76241
03/26/2026 19:47:48 - INFO - utils.trainer -   Specificity: 0.50704
03/26/2026 19:47:48 - INFO - utils.trainer -   Sensitivity: 0.91972
03/26/2026 19:47:48 - INFO - utils.trainer -   Loss: 0.61086
03/26/2026 19:47:48 - INFO - utils.trainer -    Train loss: 0.61853, Test loss: 0.61086,Epoch time = 1.885s
03/26/2026 19:47:50 - INFO - utils.trainer -   ***** Running evaluation on test2 dataset *****
03/26/2026 19:47:51 - INFO - utils.trainer -   AUC: 0.84868
03/26/2026 19:47:51 - INFO - utils.trainer -   Accuracy: 0.72746
03/26/2026 19:47:51 - INFO - utils.trainer -   Precision: 0.66911
03/26/2026 19:47:51 - INFO - utils.trainer -   Recall: 0.90000
03/26/2026 19:47:51 - INFO - utils.trainer -   F_score: 0.76757
03/26/2026 19:47:51 - INFO - utils.trainer -   Specificity: 0.55493
03/26/2026 19:47:51 - INFO - utils.trainer -   Sensitivity: 0.90000
03/26/2026 19:47:51 - INFO - utils.trainer -   Loss: 0.61194
03/26/2026 19:47:51 - INFO - utils.trainer -    Train loss: 0.61462, Test loss: 0.61194,Epoch time = 1.516s
03/26/2026 19:47:52 - INFO - utils.trainer -   ***** Running evaluation on test2 dataset *****
03/26/2026 19:47:53 - INFO - utils.trainer -   AUC: 0.84578
03/26/2026 19:47:53 - INFO - utils.trainer -   Accuracy: 0.71127
03/26/2026 19:47:53 - INFO - utils.trainer -   Precision: 0.64881
03/26/2026 19:47:53 - INFO - utils.trainer -   Recall: 0.92113
03/26/2026 19:47:53 - INFO - utils.trainer -   F_score: 0.76135
03/26/2026 19:47:53 - INFO - utils.trainer -   Specificity: 0.50141
03/26/2026 19:47:53 - INFO - utils.trainer -   Sensitivity: 0.92113
03/26/2026 19:47:53 - INFO - utils.trainer -   Loss: 0.61248
03/26/2026 19:47:53 - INFO - utils.trainer -    Train loss: 0.62041, Test loss: 0.61248,Epoch time = 1.917s
03/26/2026 19:47:55 - INFO - utils.trainer -   ***** Running evaluation on test2 dataset *****
03/26/2026 19:47:56 - INFO - utils.trainer -   AUC: 0.84802
03/26/2026 19:47:56 - INFO - utils.trainer -   Accuracy: 0.71514
03/26/2026 19:47:56 - INFO - utils.trainer -   Precision: 0.65222
03/26/2026 19:47:56 - INFO - utils.trainer -   Recall: 0.92183
03/26/2026 19:47:56 - INFO - utils.trainer -   F_score: 0.76393
03/26/2026 19:47:56 - INFO - utils.trainer -   Specificity: 0.50845
03/26/2026 19:47:56 - INFO - utils.trainer -   Sensitivity: 0.92183
03/26/2026 19:47:56 - INFO - utils.trainer -   Loss: 0.61252
03/26/2026 19:47:56 - INFO - utils.trainer -    Train loss: 0.61692, Test loss: 0.61252,Epoch time = 1.760s
03/26/2026 19:47:57 - INFO - utils.trainer -   ***** Running evaluation on test2 dataset *****
03/26/2026 19:47:58 - INFO - utils.trainer -   AUC: 0.84897
03/26/2026 19:47:58 - INFO - utils.trainer -   Accuracy: 0.72570
03/26/2026 19:47:58 - INFO - utils.trainer -   Precision: 0.66719
03/26/2026 19:47:58 - INFO - utils.trainer -   Recall: 0.90070
03/26/2026 19:47:58 - INFO - utils.trainer -   F_score: 0.76656
03/26/2026 19:47:58 - INFO - utils.trainer -   Specificity: 0.55070
03/26/2026 19:47:58 - INFO - utils.trainer -   Sensitivity: 0.90070
03/26/2026 19:47:58 - INFO - utils.trainer -   Loss: 0.61262
03/26/2026 19:47:58 - INFO - utils.trainer -    Train loss: 0.61732, Test loss: 0.61262,Epoch time = 1.408s
03/26/2026 19:48:00 - INFO - utils.trainer -   ***** Running evaluation on test2 dataset *****
03/26/2026 19:48:01 - INFO - utils.trainer -   AUC: 0.84836
03/26/2026 19:48:01 - INFO - utils.trainer -   Accuracy: 0.72923
03/26/2026 19:48:01 - INFO - utils.trainer -   Precision: 0.67305
03/26/2026 19:48:01 - INFO - utils.trainer -   Recall: 0.89155
03/26/2026 19:48:01 - INFO - utils.trainer -   F_score: 0.76704
03/26/2026 19:48:01 - INFO - utils.trainer -   Specificity: 0.56690
03/26/2026 19:48:01 - INFO - utils.trainer -   Sensitivity: 0.89155
03/26/2026 19:48:01 - INFO - utils.trainer -   Loss: 0.61159
03/26/2026 19:48:01 - INFO - utils.trainer -    Train loss: 0.61487, Test loss: 0.61159,Epoch time = 1.351s
03/26/2026 19:48:02 - INFO - utils.trainer -   ***** Running evaluation on test2 dataset *****
03/26/2026 19:48:03 - INFO - utils.trainer -   AUC: 0.84496
03/26/2026 19:48:03 - INFO - utils.trainer -   Accuracy: 0.68662
03/26/2026 19:48:03 - INFO - utils.trainer -   Precision: 0.62123
03/26/2026 19:48:03 - INFO - utils.trainer -   Recall: 0.95634
03/26/2026 19:48:03 - INFO - utils.trainer -   F_score: 0.75319
03/26/2026 19:48:03 - INFO - utils.trainer -   Specificity: 0.41690
03/26/2026 19:48:03 - INFO - utils.trainer -   Sensitivity: 0.95634
03/26/2026 19:48:03 - INFO - utils.trainer -   Loss: 0.61474
03/26/2026 19:48:03 - INFO - utils.trainer -    Train loss: 0.61724, Test loss: 0.61474,Epoch time = 1.724s
03/26/2026 19:48:05 - INFO - utils.trainer -   ***** Running evaluation on test2 dataset *****
03/26/2026 19:48:06 - INFO - utils.trainer -   AUC: 0.84425
03/26/2026 19:48:06 - INFO - utils.trainer -   Accuracy: 0.70211
03/26/2026 19:48:06 - INFO - utils.trainer -   Precision: 0.63654
03/26/2026 19:48:06 - INFO - utils.trainer -   Recall: 0.94225
03/26/2026 19:48:06 - INFO - utils.trainer -   F_score: 0.75980
03/26/2026 19:48:06 - INFO - utils.trainer -   Specificity: 0.46197
03/26/2026 19:48:06 - INFO - utils.trainer -   Sensitivity: 0.94225
03/26/2026 19:48:06 - INFO - utils.trainer -   Loss: 0.61310
03/26/2026 19:48:06 - INFO - utils.trainer -    Train loss: 0.61524, Test loss: 0.61310,Epoch time = 1.692s
03/26/2026 19:48:08 - INFO - utils.trainer -   ***** Running evaluation on test2 dataset *****
03/26/2026 19:48:09 - INFO - utils.trainer -   AUC: 0.84597
03/26/2026 19:48:09 - INFO - utils.trainer -   Accuracy: 0.70493
03/26/2026 19:48:09 - INFO - utils.trainer -   Precision: 0.63990
03/26/2026 19:48:09 - INFO - utils.trainer -   Recall: 0.93732
03/26/2026 19:48:09 - INFO - utils.trainer -   F_score: 0.76057
03/26/2026 19:48:09 - INFO - utils.trainer -   Specificity: 0.47254
03/26/2026 19:48:09 - INFO - utils.trainer -   Sensitivity: 0.93732
03/26/2026 19:48:09 - INFO - utils.trainer -   Loss: 0.61379
03/26/2026 19:48:09 - INFO - utils.trainer -    Train loss: 0.61913, Test loss: 0.61379,Epoch time = 2.200s
03/26/2026 19:48:11 - INFO - utils.trainer -   ***** Running evaluation on test2 dataset *****
03/26/2026 19:48:12 - INFO - utils.trainer -   AUC: 0.84457
03/26/2026 19:48:12 - INFO - utils.trainer -   Accuracy: 0.70493
03/26/2026 19:48:12 - INFO - utils.trainer -   Precision: 0.63990
03/26/2026 19:48:12 - INFO - utils.trainer -   Recall: 0.93732
03/26/2026 19:48:12 - INFO - utils.trainer -   F_score: 0.76057
03/26/2026 19:48:12 - INFO - utils.trainer -   Specificity: 0.47254
03/26/2026 19:48:12 - INFO - utils.trainer -   Sensitivity: 0.93732
03/26/2026 19:48:12 - INFO - utils.trainer -   Loss: 0.61385
03/26/2026 19:48:12 - INFO - utils.trainer -    Train loss: 0.61548, Test loss: 0.61385,Epoch time = 1.880s
03/26/2026 19:48:13 - INFO - utils.trainer -   ***** Running evaluation on test2 dataset *****
03/26/2026 19:48:14 - INFO - utils.trainer -   AUC: 0.84667
03/26/2026 19:48:14 - INFO - utils.trainer -   Accuracy: 0.71620
03/26/2026 19:48:14 - INFO - utils.trainer -   Precision: 0.65412
03/26/2026 19:48:14 - INFO - utils.trainer -   Recall: 0.91761
03/26/2026 19:48:14 - INFO - utils.trainer -   F_score: 0.76377
03/26/2026 19:48:14 - INFO - utils.trainer -   Specificity: 0.51479
03/26/2026 19:48:14 - INFO - utils.trainer -   Sensitivity: 0.91761
03/26/2026 19:48:14 - INFO - utils.trainer -   Loss: 0.61238
03/26/2026 19:48:14 - INFO - utils.trainer -    Train loss: 0.61694, Test loss: 0.61238,Epoch time = 1.379s
03/26/2026 19:48:16 - INFO - utils.trainer -   ***** Running evaluation on test2 dataset *****
03/26/2026 19:48:17 - INFO - utils.trainer -   AUC: 0.84763
03/26/2026 19:48:17 - INFO - utils.trainer -   Accuracy: 0.71655
03/26/2026 19:48:17 - INFO - utils.trainer -   Precision: 0.65585
03/26/2026 19:48:17 - INFO - utils.trainer -   Recall: 0.91127
03/26/2026 19:48:17 - INFO - utils.trainer -   F_score: 0.76275
03/26/2026 19:48:17 - INFO - utils.trainer -   Specificity: 0.52183
03/26/2026 19:48:17 - INFO - utils.trainer -   Sensitivity: 0.91127
03/26/2026 19:48:17 - INFO - utils.trainer -   Loss: 0.61198
03/26/2026 19:48:17 - INFO - utils.trainer -    Train loss: 0.61064, Test loss: 0.61198,Epoch time = 1.782s
03/26/2026 19:48:18 - INFO - utils.trainer -   ***** Running evaluation on test2 dataset *****
03/26/2026 19:48:19 - INFO - utils.trainer -   AUC: 0.84645
03/26/2026 19:48:19 - INFO - utils.trainer -   Accuracy: 0.69085
03/26/2026 19:48:19 - INFO - utils.trainer -   Precision: 0.62570
03/26/2026 19:48:19 - INFO - utils.trainer -   Recall: 0.95000
03/26/2026 19:48:19 - INFO - utils.trainer -   F_score: 0.75447
03/26/2026 19:48:19 - INFO - utils.trainer -   Specificity: 0.43169
03/26/2026 19:48:19 - INFO - utils.trainer -   Sensitivity: 0.95000
03/26/2026 19:48:19 - INFO - utils.trainer -   Loss: 0.61417
03/26/2026 19:48:19 - INFO - utils.trainer -    Train loss: 0.61705, Test loss: 0.61417,Epoch time = 1.440s
03/26/2026 19:48:20 - INFO - utils.trainer -   ***** Running evaluation on test2 dataset *****
03/26/2026 19:48:21 - INFO - utils.trainer -   AUC: 0.84791
03/26/2026 19:48:21 - INFO - utils.trainer -   Accuracy: 0.71408
03/26/2026 19:48:21 - INFO - utils.trainer -   Precision: 0.65094
03/26/2026 19:48:21 - INFO - utils.trainer -   Recall: 0.92324
03/26/2026 19:48:21 - INFO - utils.trainer -   F_score: 0.76354
03/26/2026 19:48:21 - INFO - utils.trainer -   Specificity: 0.50493
03/26/2026 19:48:21 - INFO - utils.trainer -   Sensitivity: 0.92324
03/26/2026 19:48:21 - INFO - utils.trainer -   Loss: 0.61240
03/26/2026 19:48:21 - INFO - utils.trainer -    Train loss: 0.61899, Test loss: 0.61240,Epoch time = 1.297s
03/26/2026 19:48:23 - INFO - utils.trainer -   ***** Running evaluation on test2 dataset *****
03/26/2026 19:48:24 - INFO - utils.trainer -   AUC: 0.84475
03/26/2026 19:48:24 - INFO - utils.trainer -   Accuracy: 0.69401
03/26/2026 19:48:24 - INFO - utils.trainer -   Precision: 0.62844
03/26/2026 19:48:24 - INFO - utils.trainer -   Recall: 0.94930
03/26/2026 19:48:24 - INFO - utils.trainer -   F_score: 0.75624
03/26/2026 19:48:24 - INFO - utils.trainer -   Specificity: 0.43873
03/26/2026 19:48:24 - INFO - utils.trainer -   Sensitivity: 0.94930
03/26/2026 19:48:24 - INFO - utils.trainer -   Loss: 0.61495
03/26/2026 19:48:24 - INFO - utils.trainer -    Train loss: 0.61780, Test loss: 0.61495,Epoch time = 1.830s
03/26/2026 19:48:26 - INFO - utils.trainer -   ***** Running evaluation on test2 dataset *****
03/26/2026 19:48:27 - INFO - utils.trainer -   AUC: 0.84840
03/26/2026 19:48:27 - INFO - utils.trainer -   Accuracy: 0.72148
03/26/2026 19:48:27 - INFO - utils.trainer -   Precision: 0.66136
03/26/2026 19:48:27 - INFO - utils.trainer -   Recall: 0.90775
03/26/2026 19:48:27 - INFO - utils.trainer -   F_score: 0.76521
03/26/2026 19:48:27 - INFO - utils.trainer -   Specificity: 0.53521
03/26/2026 19:48:27 - INFO - utils.trainer -   Sensitivity: 0.90775
03/26/2026 19:48:27 - INFO - utils.trainer -   Loss: 0.61087
03/26/2026 19:48:27 - INFO - utils.trainer -    Train loss: 0.61902, Test loss: 0.61087,Epoch time = 1.882s
03/26/2026 19:48:29 - INFO - utils.trainer -   ***** Running evaluation on test2 dataset *****
03/26/2026 19:48:30 - INFO - utils.trainer -   AUC: 0.85052
03/26/2026 19:48:30 - INFO - utils.trainer -   Accuracy: 0.73169
03/26/2026 19:48:30 - INFO - utils.trainer -   Precision: 0.67463
03/26/2026 19:48:30 - INFO - utils.trainer -   Recall: 0.89507
03/26/2026 19:48:30 - INFO - utils.trainer -   F_score: 0.76937
03/26/2026 19:48:30 - INFO - utils.trainer -   Specificity: 0.56831
03/26/2026 19:48:30 - INFO - utils.trainer -   Sensitivity: 0.89507
03/26/2026 19:48:30 - INFO - utils.trainer -   Loss: 0.61455
03/26/2026 19:48:30 - INFO - utils.trainer -    Train loss: 0.61845, Test loss: 0.61455,Epoch time = 1.956s
03/26/2026 19:48:32 - INFO - utils.trainer -   ***** Running evaluation on test2 dataset *****
03/26/2026 19:48:33 - INFO - utils.trainer -   AUC: 0.85041
03/26/2026 19:48:33 - INFO - utils.trainer -   Accuracy: 0.72958
03/26/2026 19:48:33 - INFO - utils.trainer -   Precision: 0.67267
03/26/2026 19:48:33 - INFO - utils.trainer -   Recall: 0.89437
03/26/2026 19:48:33 - INFO - utils.trainer -   F_score: 0.76784
03/26/2026 19:48:33 - INFO - utils.trainer -   Specificity: 0.56479
03/26/2026 19:48:33 - INFO - utils.trainer -   Sensitivity: 0.89437
03/26/2026 19:48:33 - INFO - utils.trainer -   Loss: 0.60847
03/26/2026 19:48:33 - INFO - utils.trainer -    Train loss: 0.60613, Test loss: 0.60847,Epoch time = 1.970s
03/26/2026 19:48:35 - INFO - utils.trainer -   ***** Running evaluation on test2 dataset *****
03/26/2026 19:48:36 - INFO - utils.trainer -   AUC: 0.84831
03/26/2026 19:48:36 - INFO - utils.trainer -   Accuracy: 0.71655
03/26/2026 19:48:36 - INFO - utils.trainer -   Precision: 0.65554
03/26/2026 19:48:36 - INFO - utils.trainer -   Recall: 0.91268
03/26/2026 19:48:36 - INFO - utils.trainer -   F_score: 0.76303
03/26/2026 19:48:36 - INFO - utils.trainer -   Specificity: 0.52042
03/26/2026 19:48:36 - INFO - utils.trainer -   Sensitivity: 0.91268
03/26/2026 19:48:36 - INFO - utils.trainer -   Loss: 0.61021
03/26/2026 19:48:36 - INFO - utils.trainer -    Train loss: 0.61512, Test loss: 0.61021,Epoch time = 1.992s
03/26/2026 19:48:38 - INFO - utils.trainer -   ***** Running evaluation on test2 dataset *****
03/26/2026 19:48:39 - INFO - utils.trainer -   AUC: 0.84702
03/26/2026 19:48:39 - INFO - utils.trainer -   Accuracy: 0.70563
03/26/2026 19:48:39 - INFO - utils.trainer -   Precision: 0.64079
03/26/2026 19:48:39 - INFO - utils.trainer -   Recall: 0.93592
03/26/2026 19:48:39 - INFO - utils.trainer -   F_score: 0.76073
03/26/2026 19:48:39 - INFO - utils.trainer -   Specificity: 0.47535
03/26/2026 19:48:39 - INFO - utils.trainer -   Sensitivity: 0.93592
03/26/2026 19:48:39 - INFO - utils.trainer -   Loss: 0.61365
03/26/2026 19:48:39 - INFO - utils.trainer -    Train loss: 0.61201, Test loss: 0.61365,Epoch time = 2.009s
03/26/2026 19:48:40 - INFO - utils.trainer -   ***** Running evaluation on test2 dataset *****
03/26/2026 19:48:41 - INFO - utils.trainer -   AUC: 0.84942
03/26/2026 19:48:41 - INFO - utils.trainer -   Accuracy: 0.74401
03/26/2026 19:48:41 - INFO - utils.trainer -   Precision: 0.69654
03/26/2026 19:48:41 - INFO - utils.trainer -   Recall: 0.86479
03/26/2026 19:48:41 - INFO - utils.trainer -   F_score: 0.77160
03/26/2026 19:48:41 - INFO - utils.trainer -   Specificity: 0.62324
03/26/2026 19:48:41 - INFO - utils.trainer -   Sensitivity: 0.86479
03/26/2026 19:48:41 - INFO - utils.trainer -   Loss: 0.61340
03/26/2026 19:48:41 - INFO - utils.trainer -    Train loss: 0.61892, Test loss: 0.61340,Epoch time = 1.257s
03/26/2026 19:48:43 - INFO - utils.trainer -   ***** Running evaluation on test2 dataset *****
03/26/2026 19:48:44 - INFO - utils.trainer -   AUC: 0.84655
03/26/2026 19:48:44 - INFO - utils.trainer -   Accuracy: 0.69014
03/26/2026 19:48:44 - INFO - utils.trainer -   Precision: 0.62512
03/26/2026 19:48:44 - INFO - utils.trainer -   Recall: 0.95000
03/26/2026 19:48:44 - INFO - utils.trainer -   F_score: 0.75405
03/26/2026 19:48:44 - INFO - utils.trainer -   Specificity: 0.43028
03/26/2026 19:48:44 - INFO - utils.trainer -   Sensitivity: 0.95000
03/26/2026 19:48:44 - INFO - utils.trainer -   Loss: 0.61310
03/26/2026 19:48:44 - INFO - utils.trainer -    Train loss: 0.61362, Test loss: 0.61310,Epoch time = 1.968s
03/26/2026 19:48:46 - INFO - utils.trainer -   ***** Running evaluation on test2 dataset *****
03/26/2026 19:48:46 - INFO - utils.trainer -   AUC: 0.84874
03/26/2026 19:48:46 - INFO - utils.trainer -   Accuracy: 0.71655
03/26/2026 19:48:46 - INFO - utils.trainer -   Precision: 0.65617
03/26/2026 19:48:46 - INFO - utils.trainer -   Recall: 0.90986
03/26/2026 19:48:46 - INFO - utils.trainer -   F_score: 0.76247
03/26/2026 19:48:46 - INFO - utils.trainer -   Specificity: 0.52324
03/26/2026 19:48:46 - INFO - utils.trainer -   Sensitivity: 0.90986
03/26/2026 19:48:46 - INFO - utils.trainer -   Loss: 0.61409
03/26/2026 19:48:46 - INFO - utils.trainer -    Train loss: 0.61754, Test loss: 0.61409,Epoch time = 1.716s
03/26/2026 19:48:48 - INFO - utils.trainer -   ***** Running evaluation on test2 dataset *****
03/26/2026 19:48:49 - INFO - utils.trainer -   AUC: 0.84553
03/26/2026 19:48:49 - INFO - utils.trainer -   Accuracy: 0.71655
03/26/2026 19:48:49 - INFO - utils.trainer -   Precision: 0.65507
03/26/2026 19:48:49 - INFO - utils.trainer -   Recall: 0.91479
03/26/2026 19:48:49 - INFO - utils.trainer -   F_score: 0.76344
03/26/2026 19:48:49 - INFO - utils.trainer -   Specificity: 0.51831
03/26/2026 19:48:49 - INFO - utils.trainer -   Sensitivity: 0.91479
03/26/2026 19:48:49 - INFO - utils.trainer -   Loss: 0.61011
03/26/2026 19:48:49 - INFO - utils.trainer -    Train loss: 0.61665, Test loss: 0.61011,Epoch time = 1.896s
03/26/2026 19:48:51 - INFO - utils.trainer -   ***** Running evaluation on test2 dataset *****
03/26/2026 19:48:52 - INFO - utils.trainer -   AUC: 0.84718
03/26/2026 19:48:52 - INFO - utils.trainer -   Accuracy: 0.70599
03/26/2026 19:48:52 - INFO - utils.trainer -   Precision: 0.64096
03/26/2026 19:48:52 - INFO - utils.trainer -   Recall: 0.93662
03/26/2026 19:48:52 - INFO - utils.trainer -   F_score: 0.76109
03/26/2026 19:48:52 - INFO - utils.trainer -   Specificity: 0.47535
03/26/2026 19:48:52 - INFO - utils.trainer -   Sensitivity: 0.93662
03/26/2026 19:48:52 - INFO - utils.trainer -   Loss: 0.61294
03/26/2026 19:48:52 - INFO - utils.trainer -    Train loss: 0.61690, Test loss: 0.61294,Epoch time = 1.761s
03/26/2026 19:48:53 - INFO - utils.trainer -   ***** Running evaluation on test2 dataset *****
03/26/2026 19:48:54 - INFO - utils.trainer -   AUC: 0.84975
03/26/2026 19:48:54 - INFO - utils.trainer -   Accuracy: 0.73556
03/26/2026 19:48:54 - INFO - utils.trainer -   Precision: 0.68430
03/26/2026 19:48:54 - INFO - utils.trainer -   Recall: 0.87465
03/26/2026 19:48:54 - INFO - utils.trainer -   F_score: 0.76785
03/26/2026 19:48:54 - INFO - utils.trainer -   Specificity: 0.59648
03/26/2026 19:48:54 - INFO - utils.trainer -   Sensitivity: 0.87465
03/26/2026 19:48:54 - INFO - utils.trainer -   Loss: 0.60945
03/26/2026 19:48:54 - INFO - utils.trainer -    Train loss: 0.61779, Test loss: 0.60945,Epoch time = 1.327s
