05/06/2026 22:04:38 - INFO - __main__ -   ########## Repeat:0 ##########
05/06/2026 22:04:38 - INFO - utils.trainer -   ***** Running training *****
05/06/2026 22:04:38 - INFO - utils.trainer -     Num examples = 30
05/06/2026 22:04:38 - INFO - utils.trainer -     Num Epochs = 200
05/06/2026 22:04:38 - INFO - utils.trainer -     Total train batch size = 16
05/06/2026 22:04:38 - INFO - utils.trainer -     warmup steps = 400
05/06/2026 22:04:38 - INFO - utils.trainer -     Total optimization steps = 6000
05/06/2026 22:04:38 - INFO - utils.trainer -     Save steps = 200
05/06/2026 22:04:38 - INFO - root -   Parameters [normal] length [15]
05/06/2026 22:04:39 - INFO - utils.trainer -   ***** Running evaluation on test0 dataset *****
05/06/2026 22:04:40 - INFO - utils.trainer -   AUC: 0.74968
05/06/2026 22:04:40 - INFO - utils.trainer -   Accuracy: 0.48718
05/06/2026 22:04:40 - INFO - utils.trainer -   Precision: 0.00000
05/06/2026 22:04:40 - INFO - utils.trainer -   Recall: 0.00000
05/06/2026 22:04:40 - INFO - utils.trainer -   F_score: 0.00000
05/06/2026 22:04:40 - INFO - utils.trainer -   Specificity: 1.00000
05/06/2026 22:04:40 - INFO - utils.trainer -   Sensitivity: 0.00000
05/06/2026 22:04:40 - INFO - utils.trainer -   Loss: 7.42463
05/06/2026 22:04:40 - INFO - utils.trainer -    Train loss: 3.47705, Test loss: 7.42463,Epoch time = 1.345s
05/06/2026 22:04:40 - INFO - utils.trainer -   Saving model checkpoint to output_dir/DeepConvNet
05/06/2026 22:04:42 - INFO - utils.trainer -   ***** Running evaluation on test0 dataset *****
05/06/2026 22:04:42 - INFO - utils.trainer -   AUC: 0.50000
05/06/2026 22:04:42 - INFO - utils.trainer -   Accuracy: 0.51282
05/06/2026 22:04:42 - INFO - utils.trainer -   Precision: 0.51282
05/06/2026 22:04:42 - INFO - utils.trainer -   Recall: 1.00000
05/06/2026 22:04:42 - INFO - utils.trainer -   F_score: 0.67797
05/06/2026 22:04:42 - INFO - utils.trainer -   Specificity: 0.00000
05/06/2026 22:04:42 - INFO - utils.trainer -   Sensitivity: 1.00000
05/06/2026 22:04:42 - INFO - utils.trainer -   Loss: 48.02425
05/06/2026 22:04:42 - INFO - utils.trainer -    Train loss: 0.74276, Test loss: 48.02425,Epoch time = 1.146s
05/06/2026 22:04:42 - INFO - utils.trainer -   Saving model checkpoint to output_dir/DeepConvNet
05/06/2026 22:04:44 - INFO - utils.trainer -   ***** Running evaluation on test0 dataset *****
05/06/2026 22:04:44 - INFO - utils.trainer -   AUC: 0.50000
05/06/2026 22:04:44 - INFO - utils.trainer -   Accuracy: 0.51282
05/06/2026 22:04:44 - INFO - utils.trainer -   Precision: 0.51282
05/06/2026 22:04:44 - INFO - utils.trainer -   Recall: 1.00000
05/06/2026 22:04:44 - INFO - utils.trainer -   F_score: 0.67797
05/06/2026 22:04:44 - INFO - utils.trainer -   Specificity: 0.00000
05/06/2026 22:04:44 - INFO - utils.trainer -   Sensitivity: 1.00000
05/06/2026 22:04:44 - INFO - utils.trainer -   Loss: 62.63115
05/06/2026 22:04:44 - INFO - utils.trainer -    Train loss: 0.09459, Test loss: 62.63115,Epoch time = 1.260s
05/06/2026 22:04:44 - INFO - utils.trainer -   Saving model checkpoint to output_dir/DeepConvNet
05/06/2026 22:04:46 - INFO - utils.trainer -   ***** Running evaluation on test0 dataset *****
05/06/2026 22:04:46 - INFO - utils.trainer -   AUC: 0.96015
05/06/2026 22:04:46 - INFO - utils.trainer -   Accuracy: 0.61538
05/06/2026 22:04:46 - INFO - utils.trainer -   Precision: 1.00000
05/06/2026 22:04:46 - INFO - utils.trainer -   Recall: 0.25000
05/06/2026 22:04:46 - INFO - utils.trainer -   F_score: 0.40000
05/06/2026 22:04:46 - INFO - utils.trainer -   Specificity: 1.00000
05/06/2026 22:04:46 - INFO - utils.trainer -   Sensitivity: 0.25000
05/06/2026 22:04:46 - INFO - utils.trainer -   Loss: 33.02360
05/06/2026 22:04:46 - INFO - utils.trainer -    Train loss: 0.10003, Test loss: 33.02360,Epoch time = 1.151s
05/06/2026 22:04:46 - INFO - utils.trainer -   Saving model checkpoint to output_dir/DeepConvNet
05/06/2026 22:04:47 - INFO - utils.trainer -   ***** Running evaluation on test0 dataset *****
05/06/2026 22:04:48 - INFO - utils.trainer -   AUC: 0.50000
05/06/2026 22:04:48 - INFO - utils.trainer -   Accuracy: 0.51282
05/06/2026 22:04:48 - INFO - utils.trainer -   Precision: 0.51282
05/06/2026 22:04:48 - INFO - utils.trainer -   Recall: 1.00000
05/06/2026 22:04:48 - INFO - utils.trainer -   F_score: 0.67797
05/06/2026 22:04:48 - INFO - utils.trainer -   Specificity: 0.00000
05/06/2026 22:04:48 - INFO - utils.trainer -   Sensitivity: 1.00000
05/06/2026 22:04:48 - INFO - utils.trainer -   Loss: 74.36738
05/06/2026 22:04:48 - INFO - utils.trainer -    Train loss: 0.15070, Test loss: 74.36738,Epoch time = 1.094s
05/06/2026 22:04:49 - INFO - utils.trainer -   ***** Running evaluation on test0 dataset *****
05/06/2026 22:04:50 - INFO - utils.trainer -   AUC: 0.53759
05/06/2026 22:04:50 - INFO - utils.trainer -   Accuracy: 0.52015
05/06/2026 22:04:50 - INFO - utils.trainer -   Precision: 0.51661
05/06/2026 22:04:50 - INFO - utils.trainer -   Recall: 1.00000
05/06/2026 22:04:50 - INFO - utils.trainer -   F_score: 0.68127
05/06/2026 22:04:50 - INFO - utils.trainer -   Specificity: 0.01504
05/06/2026 22:04:50 - INFO - utils.trainer -   Sensitivity: 1.00000
05/06/2026 22:04:50 - INFO - utils.trainer -   Loss: 23.21740
05/06/2026 22:04:50 - INFO - utils.trainer -    Train loss: 0.21771, Test loss: 23.21740,Epoch time = 1.215s
05/06/2026 22:04:51 - INFO - utils.trainer -   ***** Running evaluation on test0 dataset *****
05/06/2026 22:04:52 - INFO - utils.trainer -   AUC: 0.50000
05/06/2026 22:04:52 - INFO - utils.trainer -   Accuracy: 0.51282
05/06/2026 22:04:52 - INFO - utils.trainer -   Precision: 0.51282
05/06/2026 22:04:52 - INFO - utils.trainer -   Recall: 1.00000
05/06/2026 22:04:52 - INFO - utils.trainer -   F_score: 0.67797
05/06/2026 22:04:52 - INFO - utils.trainer -   Specificity: 0.00000
05/06/2026 22:04:52 - INFO - utils.trainer -   Sensitivity: 1.00000
05/06/2026 22:04:52 - INFO - utils.trainer -   Loss: 36.18944
05/06/2026 22:04:52 - INFO - utils.trainer -    Train loss: 0.08347, Test loss: 36.18944,Epoch time = 1.177s
05/06/2026 22:04:53 - INFO - utils.trainer -   ***** Running evaluation on test0 dataset *****
05/06/2026 22:04:54 - INFO - utils.trainer -   AUC: 0.50000
05/06/2026 22:04:54 - INFO - utils.trainer -   Accuracy: 0.51282
05/06/2026 22:04:54 - INFO - utils.trainer -   Precision: 0.51282
05/06/2026 22:04:54 - INFO - utils.trainer -   Recall: 1.00000
05/06/2026 22:04:54 - INFO - utils.trainer -   F_score: 0.67797
05/06/2026 22:04:54 - INFO - utils.trainer -   Specificity: 0.00000
05/06/2026 22:04:54 - INFO - utils.trainer -   Sensitivity: 1.00000
05/06/2026 22:04:54 - INFO - utils.trainer -   Loss: 138.26121
05/06/2026 22:04:54 - INFO - utils.trainer -    Train loss: 0.17299, Test loss: 138.26121,Epoch time = 0.969s
05/06/2026 22:04:55 - INFO - utils.trainer -   ***** Running evaluation on test0 dataset *****
05/06/2026 22:04:56 - INFO - utils.trainer -   AUC: 0.50000
05/06/2026 22:04:56 - INFO - utils.trainer -   Accuracy: 0.51282
05/06/2026 22:04:56 - INFO - utils.trainer -   Precision: 0.51282
05/06/2026 22:04:56 - INFO - utils.trainer -   Recall: 1.00000
05/06/2026 22:04:56 - INFO - utils.trainer -   F_score: 0.67797
05/06/2026 22:04:56 - INFO - utils.trainer -   Specificity: 0.00000
05/06/2026 22:04:56 - INFO - utils.trainer -   Sensitivity: 1.00000
05/06/2026 22:04:56 - INFO - utils.trainer -   Loss: 487.52744
05/06/2026 22:04:56 - INFO - utils.trainer -    Train loss: 0.55772, Test loss: 487.52744,Epoch time = 1.043s
05/06/2026 22:04:57 - INFO - utils.trainer -   ***** Running evaluation on test0 dataset *****
05/06/2026 22:04:58 - INFO - utils.trainer -   AUC: 0.98792
05/06/2026 22:04:58 - INFO - utils.trainer -   Accuracy: 0.72894
05/06/2026 22:04:58 - INFO - utils.trainer -   Precision: 1.00000
05/06/2026 22:04:58 - INFO - utils.trainer -   Recall: 0.47143
05/06/2026 22:04:58 - INFO - utils.trainer -   F_score: 0.64078
05/06/2026 22:04:58 - INFO - utils.trainer -   Specificity: 1.00000
05/06/2026 22:04:58 - INFO - utils.trainer -   Sensitivity: 0.47143
05/06/2026 22:04:58 - INFO - utils.trainer -   Loss: 15.78820
05/06/2026 22:04:58 - INFO - utils.trainer -    Train loss: 0.22041, Test loss: 15.78820,Epoch time = 1.201s
05/06/2026 22:04:58 - INFO - utils.trainer -   Saving model checkpoint to output_dir/DeepConvNet
05/06/2026 22:04:59 - INFO - utils.trainer -   ***** Running evaluation on test0 dataset *****
05/06/2026 22:05:00 - INFO - utils.trainer -   AUC: 0.99560
05/06/2026 22:05:00 - INFO - utils.trainer -   Accuracy: 0.86813
05/06/2026 22:05:00 - INFO - utils.trainer -   Precision: 1.00000
05/06/2026 22:05:00 - INFO - utils.trainer -   Recall: 0.74286
05/06/2026 22:05:00 - INFO - utils.trainer -   F_score: 0.85246
05/06/2026 22:05:00 - INFO - utils.trainer -   Specificity: 1.00000
05/06/2026 22:05:00 - INFO - utils.trainer -   Sensitivity: 0.74286
05/06/2026 22:05:00 - INFO - utils.trainer -   Loss: 2.59814
05/06/2026 22:05:00 - INFO - utils.trainer -    Train loss: 0.03776, Test loss: 2.59814,Epoch time = 1.260s
05/06/2026 22:05:00 - INFO - utils.trainer -   Saving model checkpoint to output_dir/DeepConvNet
05/06/2026 22:05:01 - INFO - utils.trainer -   ***** Running evaluation on test0 dataset *****
05/06/2026 22:05:01 - INFO - utils.trainer -   AUC: 0.67293
05/06/2026 22:05:01 - INFO - utils.trainer -   Accuracy: 0.61538
05/06/2026 22:05:01 - INFO - utils.trainer -   Precision: 0.57143
05/06/2026 22:05:01 - INFO - utils.trainer -   Recall: 1.00000
05/06/2026 22:05:01 - INFO - utils.trainer -   F_score: 0.72727
05/06/2026 22:05:01 - INFO - utils.trainer -   Specificity: 0.21053
05/06/2026 22:05:01 - INFO - utils.trainer -   Sensitivity: 1.00000
05/06/2026 22:05:01 - INFO - utils.trainer -   Loss: 17.93803
05/06/2026 22:05:01 - INFO - utils.trainer -    Train loss: 0.18512, Test loss: 17.93803,Epoch time = 1.031s
05/06/2026 22:05:03 - INFO - utils.trainer -   ***** Running evaluation on test0 dataset *****
05/06/2026 22:05:03 - INFO - utils.trainer -   AUC: 0.50000
05/06/2026 22:05:03 - INFO - utils.trainer -   Accuracy: 0.51282
05/06/2026 22:05:03 - INFO - utils.trainer -   Precision: 0.51282
05/06/2026 22:05:03 - INFO - utils.trainer -   Recall: 1.00000
05/06/2026 22:05:03 - INFO - utils.trainer -   F_score: 0.67797
05/06/2026 22:05:03 - INFO - utils.trainer -   Specificity: 0.00000
05/06/2026 22:05:03 - INFO - utils.trainer -   Sensitivity: 1.00000
05/06/2026 22:05:03 - INFO - utils.trainer -   Loss: 142.16828
05/06/2026 22:05:03 - INFO - utils.trainer -    Train loss: 0.21995, Test loss: 142.16828,Epoch time = 1.133s
05/06/2026 22:05:04 - INFO - utils.trainer -   ***** Running evaluation on test0 dataset *****
05/06/2026 22:05:05 - INFO - utils.trainer -   AUC: 0.50000
05/06/2026 22:05:05 - INFO - utils.trainer -   Accuracy: 0.51282
05/06/2026 22:05:05 - INFO - utils.trainer -   Precision: 0.51282
05/06/2026 22:05:05 - INFO - utils.trainer -   Recall: 1.00000
05/06/2026 22:05:05 - INFO - utils.trainer -   F_score: 0.67797
05/06/2026 22:05:05 - INFO - utils.trainer -   Specificity: 0.00000
05/06/2026 22:05:05 - INFO - utils.trainer -   Sensitivity: 1.00000
05/06/2026 22:05:05 - INFO - utils.trainer -   Loss: 191.91806
05/06/2026 22:05:05 - INFO - utils.trainer -    Train loss: 0.19139, Test loss: 191.91806,Epoch time = 1.165s
05/06/2026 22:05:06 - INFO - utils.trainer -   ***** Running evaluation on test0 dataset *****
05/06/2026 22:05:07 - INFO - utils.trainer -   AUC: 0.50376
05/06/2026 22:05:07 - INFO - utils.trainer -   Accuracy: 0.51648
05/06/2026 22:05:07 - INFO - utils.trainer -   Precision: 0.51471
05/06/2026 22:05:07 - INFO - utils.trainer -   Recall: 1.00000
05/06/2026 22:05:07 - INFO - utils.trainer -   F_score: 0.67961
05/06/2026 22:05:07 - INFO - utils.trainer -   Specificity: 0.00752
05/06/2026 22:05:07 - INFO - utils.trainer -   Sensitivity: 1.00000
05/06/2026 22:05:07 - INFO - utils.trainer -   Loss: 80.49907
05/06/2026 22:05:07 - INFO - utils.trainer -    Train loss: 0.11444, Test loss: 80.49907,Epoch time = 1.164s
05/06/2026 22:05:08 - INFO - utils.trainer -   ***** Running evaluation on test0 dataset *****
05/06/2026 22:05:09 - INFO - utils.trainer -   AUC: 0.62500
05/06/2026 22:05:09 - INFO - utils.trainer -   Accuracy: 0.58242
05/06/2026 22:05:09 - INFO - utils.trainer -   Precision: 1.00000
05/06/2026 22:05:09 - INFO - utils.trainer -   Recall: 0.18571
05/06/2026 22:05:09 - INFO - utils.trainer -   F_score: 0.31325
05/06/2026 22:05:09 - INFO - utils.trainer -   Specificity: 1.00000
05/06/2026 22:05:09 - INFO - utils.trainer -   Sensitivity: 0.18571
05/06/2026 22:05:09 - INFO - utils.trainer -   Loss: 89.36141
05/06/2026 22:05:09 - INFO - utils.trainer -    Train loss: 0.12868, Test loss: 89.36141,Epoch time = 1.273s
05/06/2026 22:05:10 - INFO - utils.trainer -   ***** Running evaluation on test0 dataset *****
05/06/2026 22:05:11 - INFO - utils.trainer -   AUC: 0.57519
05/06/2026 22:05:11 - INFO - utils.trainer -   Accuracy: 0.54945
05/06/2026 22:05:11 - INFO - utils.trainer -   Precision: 0.53232
05/06/2026 22:05:11 - INFO - utils.trainer -   Recall: 1.00000
05/06/2026 22:05:11 - INFO - utils.trainer -   F_score: 0.69479
05/06/2026 22:05:11 - INFO - utils.trainer -   Specificity: 0.07519
05/06/2026 22:05:11 - INFO - utils.trainer -   Sensitivity: 1.00000
05/06/2026 22:05:11 - INFO - utils.trainer -   Loss: 34.04521
05/06/2026 22:05:11 - INFO - utils.trainer -    Train loss: 0.09392, Test loss: 34.04521,Epoch time = 1.146s
05/06/2026 22:05:12 - INFO - utils.trainer -   ***** Running evaluation on test0 dataset *****
05/06/2026 22:05:13 - INFO - utils.trainer -   AUC: 0.75564
05/06/2026 22:05:13 - INFO - utils.trainer -   Accuracy: 0.69231
05/06/2026 22:05:13 - INFO - utils.trainer -   Precision: 0.62500
05/06/2026 22:05:13 - INFO - utils.trainer -   Recall: 1.00000
05/06/2026 22:05:13 - INFO - utils.trainer -   F_score: 0.76923
05/06/2026 22:05:13 - INFO - utils.trainer -   Specificity: 0.36842
05/06/2026 22:05:13 - INFO - utils.trainer -   Sensitivity: 1.00000
05/06/2026 22:05:13 - INFO - utils.trainer -   Loss: 10.55584
05/06/2026 22:05:13 - INFO - utils.trainer -    Train loss: 0.04684, Test loss: 10.55584,Epoch time = 1.055s
05/06/2026 22:05:14 - INFO - utils.trainer -   ***** Running evaluation on test0 dataset *****
05/06/2026 22:05:15 - INFO - utils.trainer -   AUC: 0.97309
05/06/2026 22:05:15 - INFO - utils.trainer -   Accuracy: 0.95604
05/06/2026 22:05:15 - INFO - utils.trainer -   Precision: 0.92105
05/06/2026 22:05:15 - INFO - utils.trainer -   Recall: 1.00000
05/06/2026 22:05:15 - INFO - utils.trainer -   F_score: 0.95890
05/06/2026 22:05:15 - INFO - utils.trainer -   Specificity: 0.90977
05/06/2026 22:05:15 - INFO - utils.trainer -   Sensitivity: 1.00000
05/06/2026 22:05:15 - INFO - utils.trainer -   Loss: 0.71742
05/06/2026 22:05:15 - INFO - utils.trainer -    Train loss: 0.00001, Test loss: 0.71742,Epoch time = 1.172s
05/06/2026 22:05:15 - INFO - utils.trainer -   Saving model checkpoint to output_dir/DeepConvNet
05/06/2026 22:05:16 - INFO - utils.trainer -   ***** Running evaluation on test0 dataset *****
05/06/2026 22:05:17 - INFO - utils.trainer -   AUC: 0.96461
05/06/2026 22:05:17 - INFO - utils.trainer -   Accuracy: 0.61905
05/06/2026 22:05:17 - INFO - utils.trainer -   Precision: 1.00000
05/06/2026 22:05:17 - INFO - utils.trainer -   Recall: 0.25714
05/06/2026 22:05:17 - INFO - utils.trainer -   F_score: 0.40909
05/06/2026 22:05:17 - INFO - utils.trainer -   Specificity: 1.00000
05/06/2026 22:05:17 - INFO - utils.trainer -   Sensitivity: 0.25714
05/06/2026 22:05:17 - INFO - utils.trainer -   Loss: 32.28433
05/06/2026 22:05:17 - INFO - utils.trainer -    Train loss: 0.00911, Test loss: 32.28433,Epoch time = 1.202s
05/06/2026 22:05:18 - INFO - utils.trainer -   ***** Running evaluation on test0 dataset *****
05/06/2026 22:05:19 - INFO - utils.trainer -   AUC: 0.95830
05/06/2026 22:05:19 - INFO - utils.trainer -   Accuracy: 0.90110
05/06/2026 22:05:19 - INFO - utils.trainer -   Precision: 0.83832
05/06/2026 22:05:19 - INFO - utils.trainer -   Recall: 1.00000
05/06/2026 22:05:19 - INFO - utils.trainer -   F_score: 0.91205
05/06/2026 22:05:19 - INFO - utils.trainer -   Specificity: 0.79699
05/06/2026 22:05:19 - INFO - utils.trainer -   Sensitivity: 1.00000
05/06/2026 22:05:19 - INFO - utils.trainer -   Loss: 1.43709
05/06/2026 22:05:19 - INFO - utils.trainer -    Train loss: 0.00834, Test loss: 1.43709,Epoch time = 1.000s
05/06/2026 22:05:20 - INFO - utils.trainer -   ***** Running evaluation on test0 dataset *****
05/06/2026 22:05:21 - INFO - utils.trainer -   AUC: 0.55263
05/06/2026 22:05:21 - INFO - utils.trainer -   Accuracy: 0.54945
05/06/2026 22:05:21 - INFO - utils.trainer -   Precision: 0.53232
05/06/2026 22:05:21 - INFO - utils.trainer -   Recall: 1.00000
05/06/2026 22:05:21 - INFO - utils.trainer -   F_score: 0.69479
05/06/2026 22:05:21 - INFO - utils.trainer -   Specificity: 0.07519
05/06/2026 22:05:21 - INFO - utils.trainer -   Sensitivity: 1.00000
05/06/2026 22:05:21 - INFO - utils.trainer -   Loss: 36.07143
05/06/2026 22:05:21 - INFO - utils.trainer -    Train loss: 0.00804, Test loss: 36.07143,Epoch time = 1.243s
05/06/2026 22:05:22 - INFO - utils.trainer -   ***** Running evaluation on test0 dataset *****
05/06/2026 22:05:22 - INFO - utils.trainer -   AUC: 0.99791
05/06/2026 22:05:22 - INFO - utils.trainer -   Accuracy: 0.86813
05/06/2026 22:05:22 - INFO - utils.trainer -   Precision: 1.00000
05/06/2026 22:05:22 - INFO - utils.trainer -   Recall: 0.74286
05/06/2026 22:05:22 - INFO - utils.trainer -   F_score: 0.85246
05/06/2026 22:05:22 - INFO - utils.trainer -   Specificity: 1.00000
05/06/2026 22:05:22 - INFO - utils.trainer -   Sensitivity: 0.74286
05/06/2026 22:05:22 - INFO - utils.trainer -   Loss: 3.60306
05/06/2026 22:05:22 - INFO - utils.trainer -    Train loss: 0.00046, Test loss: 3.60306,Epoch time = 1.136s
05/06/2026 22:05:23 - INFO - utils.trainer -   ***** Running evaluation on test0 dataset *****
05/06/2026 22:05:24 - INFO - utils.trainer -   AUC: 0.50000
05/06/2026 22:05:24 - INFO - utils.trainer -   Accuracy: 0.51282
05/06/2026 22:05:24 - INFO - utils.trainer -   Precision: 0.51282
05/06/2026 22:05:24 - INFO - utils.trainer -   Recall: 1.00000
05/06/2026 22:05:24 - INFO - utils.trainer -   F_score: 0.67797
05/06/2026 22:05:24 - INFO - utils.trainer -   Specificity: 0.00000
05/06/2026 22:05:24 - INFO - utils.trainer -   Sensitivity: 1.00000
05/06/2026 22:05:24 - INFO - utils.trainer -   Loss: 86.11852
05/06/2026 22:05:24 - INFO - utils.trainer -    Train loss: 0.00882, Test loss: 86.11852,Epoch time = 1.038s
05/06/2026 22:05:25 - INFO - utils.trainer -   ***** Running evaluation on test0 dataset *****
05/06/2026 22:05:26 - INFO - utils.trainer -   AUC: 0.99742
05/06/2026 22:05:26 - INFO - utils.trainer -   Accuracy: 0.78755
05/06/2026 22:05:26 - INFO - utils.trainer -   Precision: 1.00000
05/06/2026 22:05:26 - INFO - utils.trainer -   Recall: 0.58571
05/06/2026 22:05:26 - INFO - utils.trainer -   F_score: 0.73874
05/06/2026 22:05:26 - INFO - utils.trainer -   Specificity: 1.00000
05/06/2026 22:05:26 - INFO - utils.trainer -   Sensitivity: 0.58571
05/06/2026 22:05:26 - INFO - utils.trainer -   Loss: 14.37031
05/06/2026 22:05:26 - INFO - utils.trainer -    Train loss: 0.04067, Test loss: 14.37031,Epoch time = 1.109s
05/06/2026 22:05:27 - INFO - utils.trainer -   ***** Running evaluation on test0 dataset *****
05/06/2026 22:05:28 - INFO - utils.trainer -   AUC: 0.99828
05/06/2026 22:05:28 - INFO - utils.trainer -   Accuracy: 0.86813
05/06/2026 22:05:28 - INFO - utils.trainer -   Precision: 1.00000
05/06/2026 22:05:28 - INFO - utils.trainer -   Recall: 0.74286
05/06/2026 22:05:28 - INFO - utils.trainer -   F_score: 0.85246
05/06/2026 22:05:28 - INFO - utils.trainer -   Specificity: 1.00000
05/06/2026 22:05:28 - INFO - utils.trainer -   Sensitivity: 0.74286
05/06/2026 22:05:28 - INFO - utils.trainer -   Loss: 6.46194
05/06/2026 22:05:28 - INFO - utils.trainer -    Train loss: 0.00000, Test loss: 6.46194,Epoch time = 1.189s
05/06/2026 22:05:29 - INFO - utils.trainer -   ***** Running evaluation on test0 dataset *****
05/06/2026 22:05:30 - INFO - utils.trainer -   AUC: 0.99839
05/06/2026 22:05:30 - INFO - utils.trainer -   Accuracy: 0.87546
05/06/2026 22:05:30 - INFO - utils.trainer -   Precision: 1.00000
05/06/2026 22:05:30 - INFO - utils.trainer -   Recall: 0.75714
05/06/2026 22:05:30 - INFO - utils.trainer -   F_score: 0.86179
05/06/2026 22:05:30 - INFO - utils.trainer -   Specificity: 1.00000
05/06/2026 22:05:30 - INFO - utils.trainer -   Sensitivity: 0.75714
05/06/2026 22:05:30 - INFO - utils.trainer -   Loss: 4.65207
05/06/2026 22:05:30 - INFO - utils.trainer -    Train loss: 0.00005, Test loss: 4.65207,Epoch time = 1.162s
05/06/2026 22:05:31 - INFO - utils.trainer -   ***** Running evaluation on test0 dataset *****
05/06/2026 22:05:32 - INFO - utils.trainer -   AUC: 0.63534
05/06/2026 22:05:32 - INFO - utils.trainer -   Accuracy: 0.60440
05/06/2026 22:05:32 - INFO - utils.trainer -   Precision: 0.56452
05/06/2026 22:05:32 - INFO - utils.trainer -   Recall: 1.00000
05/06/2026 22:05:32 - INFO - utils.trainer -   F_score: 0.72165
05/06/2026 22:05:32 - INFO - utils.trainer -   Specificity: 0.18797
05/06/2026 22:05:32 - INFO - utils.trainer -   Sensitivity: 1.00000
05/06/2026 22:05:32 - INFO - utils.trainer -   Loss: 25.48581
05/06/2026 22:05:32 - INFO - utils.trainer -    Train loss: 0.02399, Test loss: 25.48581,Epoch time = 0.989s
05/06/2026 22:05:33 - INFO - utils.trainer -   ***** Running evaluation on test0 dataset *****
05/06/2026 22:05:33 - INFO - utils.trainer -   AUC: 0.80451
05/06/2026 22:05:33 - INFO - utils.trainer -   Accuracy: 0.74725
05/06/2026 22:05:33 - INFO - utils.trainer -   Precision: 0.66986
05/06/2026 22:05:33 - INFO - utils.trainer -   Recall: 1.00000
05/06/2026 22:05:33 - INFO - utils.trainer -   F_score: 0.80229
05/06/2026 22:05:33 - INFO - utils.trainer -   Specificity: 0.48120
05/06/2026 22:05:33 - INFO - utils.trainer -   Sensitivity: 1.00000
05/06/2026 22:05:33 - INFO - utils.trainer -   Loss: 7.99770
05/06/2026 22:05:33 - INFO - utils.trainer -    Train loss: 0.00158, Test loss: 7.99770,Epoch time = 1.023s
05/06/2026 22:05:35 - INFO - utils.trainer -   ***** Running evaluation on test0 dataset *****
05/06/2026 22:05:35 - INFO - utils.trainer -   AUC: 0.53759
05/06/2026 22:05:35 - INFO - utils.trainer -   Accuracy: 0.54579
05/06/2026 22:05:35 - INFO - utils.trainer -   Precision: 0.53030
05/06/2026 22:05:35 - INFO - utils.trainer -   Recall: 1.00000
05/06/2026 22:05:35 - INFO - utils.trainer -   F_score: 0.69307
05/06/2026 22:05:35 - INFO - utils.trainer -   Specificity: 0.06767
05/06/2026 22:05:35 - INFO - utils.trainer -   Sensitivity: 1.00000
05/06/2026 22:05:35 - INFO - utils.trainer -   Loss: 70.02260
05/06/2026 22:05:35 - INFO - utils.trainer -    Train loss: 0.03243, Test loss: 70.02260,Epoch time = 1.193s
05/06/2026 22:05:37 - INFO - utils.trainer -   ***** Running evaluation on test0 dataset *****
05/06/2026 22:05:37 - INFO - utils.trainer -   AUC: 0.99774
05/06/2026 22:05:37 - INFO - utils.trainer -   Accuracy: 0.97070
05/06/2026 22:05:37 - INFO - utils.trainer -   Precision: 0.99254
05/06/2026 22:05:37 - INFO - utils.trainer -   Recall: 0.95000
05/06/2026 22:05:37 - INFO - utils.trainer -   F_score: 0.97080
05/06/2026 22:05:37 - INFO - utils.trainer -   Specificity: 0.99248
05/06/2026 22:05:37 - INFO - utils.trainer -   Sensitivity: 0.95000
05/06/2026 22:05:37 - INFO - utils.trainer -   Loss: 0.69254
05/06/2026 22:05:37 - INFO - utils.trainer -    Train loss: 0.00001, Test loss: 0.69254,Epoch time = 1.150s
05/06/2026 22:05:37 - INFO - utils.trainer -   Saving model checkpoint to output_dir/DeepConvNet
05/06/2026 22:05:39 - INFO - utils.trainer -   ***** Running evaluation on test0 dataset *****
05/06/2026 22:05:39 - INFO - utils.trainer -   AUC: 0.88214
05/06/2026 22:05:39 - INFO - utils.trainer -   Accuracy: 0.80586
05/06/2026 22:05:39 - INFO - utils.trainer -   Precision: 1.00000
05/06/2026 22:05:39 - INFO - utils.trainer -   Recall: 0.62143
05/06/2026 22:05:39 - INFO - utils.trainer -   F_score: 0.76652
05/06/2026 22:05:39 - INFO - utils.trainer -   Specificity: 1.00000
05/06/2026 22:05:39 - INFO - utils.trainer -   Sensitivity: 0.62143
05/06/2026 22:05:39 - INFO - utils.trainer -   Loss: 23.10716
05/06/2026 22:05:39 - INFO - utils.trainer -    Train loss: 0.00130, Test loss: 23.10716,Epoch time = 1.214s
05/06/2026 22:05:40 - INFO - utils.trainer -   ***** Running evaluation on test0 dataset *****
05/06/2026 22:05:41 - INFO - utils.trainer -   AUC: 0.99914
05/06/2026 22:05:41 - INFO - utils.trainer -   Accuracy: 0.86447
05/06/2026 22:05:41 - INFO - utils.trainer -   Precision: 1.00000
05/06/2026 22:05:41 - INFO - utils.trainer -   Recall: 0.73571
05/06/2026 22:05:41 - INFO - utils.trainer -   F_score: 0.84774
05/06/2026 22:05:41 - INFO - utils.trainer -   Specificity: 1.00000
05/06/2026 22:05:41 - INFO - utils.trainer -   Sensitivity: 0.73571
05/06/2026 22:05:41 - INFO - utils.trainer -   Loss: 5.73174
05/06/2026 22:05:41 - INFO - utils.trainer -    Train loss: 0.00048, Test loss: 5.73174,Epoch time = 1.100s
05/06/2026 22:05:43 - INFO - utils.trainer -   ***** Running evaluation on test0 dataset *****
05/06/2026 22:05:43 - INFO - utils.trainer -   AUC: 0.99914
05/06/2026 22:05:43 - INFO - utils.trainer -   Accuracy: 0.87912
05/06/2026 22:05:43 - INFO - utils.trainer -   Precision: 1.00000
05/06/2026 22:05:43 - INFO - utils.trainer -   Recall: 0.76429
05/06/2026 22:05:43 - INFO - utils.trainer -   F_score: 0.86640
05/06/2026 22:05:43 - INFO - utils.trainer -   Specificity: 1.00000
05/06/2026 22:05:43 - INFO - utils.trainer -   Sensitivity: 0.76429
05/06/2026 22:05:43 - INFO - utils.trainer -   Loss: 1.24010
05/06/2026 22:05:43 - INFO - utils.trainer -    Train loss: 0.10559, Test loss: 1.24010,Epoch time = 1.314s
05/06/2026 22:05:45 - INFO - utils.trainer -   ***** Running evaluation on test0 dataset *****
05/06/2026 22:05:45 - INFO - utils.trainer -   AUC: 0.75940
05/06/2026 22:05:45 - INFO - utils.trainer -   Accuracy: 0.69963
05/06/2026 22:05:45 - INFO - utils.trainer -   Precision: 0.63063
05/06/2026 22:05:45 - INFO - utils.trainer -   Recall: 1.00000
05/06/2026 22:05:45 - INFO - utils.trainer -   F_score: 0.77348
05/06/2026 22:05:45 - INFO - utils.trainer -   Specificity: 0.38346
05/06/2026 22:05:45 - INFO - utils.trainer -   Sensitivity: 1.00000
05/06/2026 22:05:45 - INFO - utils.trainer -   Loss: 8.62384
05/06/2026 22:05:45 - INFO - utils.trainer -    Train loss: 0.50596, Test loss: 8.62384,Epoch time = 1.171s
05/06/2026 22:05:47 - INFO - utils.trainer -   ***** Running evaluation on test0 dataset *****
05/06/2026 22:05:47 - INFO - utils.trainer -   AUC: 0.99683
05/06/2026 22:05:47 - INFO - utils.trainer -   Accuracy: 0.97436
05/06/2026 22:05:47 - INFO - utils.trainer -   Precision: 0.97842
05/06/2026 22:05:47 - INFO - utils.trainer -   Recall: 0.97143
05/06/2026 22:05:47 - INFO - utils.trainer -   F_score: 0.97491
05/06/2026 22:05:47 - INFO - utils.trainer -   Specificity: 0.97744
05/06/2026 22:05:47 - INFO - utils.trainer -   Sensitivity: 0.97143
05/06/2026 22:05:47 - INFO - utils.trainer -   Loss: 0.11669
05/06/2026 22:05:47 - INFO - utils.trainer -    Train loss: 0.04025, Test loss: 0.11669,Epoch time = 1.283s
05/06/2026 22:05:47 - INFO - utils.trainer -   Saving model checkpoint to output_dir/DeepConvNet
05/06/2026 22:05:49 - INFO - utils.trainer -   ***** Running evaluation on test0 dataset *****
05/06/2026 22:05:50 - INFO - utils.trainer -   AUC: 0.98185
05/06/2026 22:05:50 - INFO - utils.trainer -   Accuracy: 0.66300
05/06/2026 22:05:50 - INFO - utils.trainer -   Precision: 1.00000
05/06/2026 22:05:50 - INFO - utils.trainer -   Recall: 0.34286
05/06/2026 22:05:50 - INFO - utils.trainer -   F_score: 0.51064
05/06/2026 22:05:50 - INFO - utils.trainer -   Specificity: 1.00000
05/06/2026 22:05:50 - INFO - utils.trainer -   Sensitivity: 0.34286
05/06/2026 22:05:50 - INFO - utils.trainer -   Loss: 22.16772
05/06/2026 22:05:50 - INFO - utils.trainer -    Train loss: 0.03348, Test loss: 22.16772,Epoch time = 1.275s
05/06/2026 22:05:51 - INFO - utils.trainer -   ***** Running evaluation on test0 dataset *****
05/06/2026 22:05:52 - INFO - utils.trainer -   AUC: 0.54511
05/06/2026 22:05:52 - INFO - utils.trainer -   Accuracy: 0.55311
05/06/2026 22:05:52 - INFO - utils.trainer -   Precision: 0.53435
05/06/2026 22:05:52 - INFO - utils.trainer -   Recall: 1.00000
05/06/2026 22:05:52 - INFO - utils.trainer -   F_score: 0.69652
05/06/2026 22:05:52 - INFO - utils.trainer -   Specificity: 0.08271
05/06/2026 22:05:52 - INFO - utils.trainer -   Sensitivity: 1.00000
05/06/2026 22:05:52 - INFO - utils.trainer -   Loss: 54.61432
05/06/2026 22:05:52 - INFO - utils.trainer -    Train loss: 0.03656, Test loss: 54.61432,Epoch time = 1.272s
05/06/2026 22:05:53 - INFO - utils.trainer -   ***** Running evaluation on test0 dataset *****
05/06/2026 22:05:54 - INFO - utils.trainer -   AUC: 0.50000
05/06/2026 22:05:54 - INFO - utils.trainer -   Accuracy: 0.51282
05/06/2026 22:05:54 - INFO - utils.trainer -   Precision: 0.51282
05/06/2026 22:05:54 - INFO - utils.trainer -   Recall: 1.00000
05/06/2026 22:05:54 - INFO - utils.trainer -   F_score: 0.67797
05/06/2026 22:05:54 - INFO - utils.trainer -   Specificity: 0.00000
05/06/2026 22:05:54 - INFO - utils.trainer -   Sensitivity: 1.00000
05/06/2026 22:05:54 - INFO - utils.trainer -   Loss: 75.68722
05/06/2026 22:05:54 - INFO - utils.trainer -    Train loss: 0.07817, Test loss: 75.68722,Epoch time = 1.705s
05/06/2026 22:05:56 - INFO - utils.trainer -   ***** Running evaluation on test0 dataset *****
05/06/2026 22:05:57 - INFO - utils.trainer -   AUC: 0.90226
05/06/2026 22:05:57 - INFO - utils.trainer -   Accuracy: 0.86081
05/06/2026 22:05:57 - INFO - utils.trainer -   Precision: 0.78652
05/06/2026 22:05:57 - INFO - utils.trainer -   Recall: 1.00000
05/06/2026 22:05:57 - INFO - utils.trainer -   F_score: 0.88050
05/06/2026 22:05:57 - INFO - utils.trainer -   Specificity: 0.71429
05/06/2026 22:05:57 - INFO - utils.trainer -   Sensitivity: 1.00000
05/06/2026 22:05:57 - INFO - utils.trainer -   Loss: 3.25044
05/06/2026 22:05:57 - INFO - utils.trainer -    Train loss: 0.15221, Test loss: 3.25044,Epoch time = 1.327s
05/06/2026 22:05:58 - INFO - utils.trainer -   ***** Running evaluation on test0 dataset *****
05/06/2026 22:06:00 - INFO - utils.trainer -   AUC: 0.99495
05/06/2026 22:06:00 - INFO - utils.trainer -   Accuracy: 0.85714
05/06/2026 22:06:00 - INFO - utils.trainer -   Precision: 1.00000
05/06/2026 22:06:00 - INFO - utils.trainer -   Recall: 0.72143
05/06/2026 22:06:00 - INFO - utils.trainer -   F_score: 0.83817
05/06/2026 22:06:00 - INFO - utils.trainer -   Specificity: 1.00000
05/06/2026 22:06:00 - INFO - utils.trainer -   Sensitivity: 0.72143
05/06/2026 22:06:00 - INFO - utils.trainer -   Loss: 2.72944
05/06/2026 22:06:00 - INFO - utils.trainer -    Train loss: 0.00002, Test loss: 2.72944,Epoch time = 1.497s
05/06/2026 22:06:01 - INFO - utils.trainer -   ***** Running evaluation on test0 dataset *****
05/06/2026 22:06:02 - INFO - utils.trainer -   AUC: 0.98542
05/06/2026 22:06:02 - INFO - utils.trainer -   Accuracy: 0.71062
05/06/2026 22:06:02 - INFO - utils.trainer -   Precision: 1.00000
05/06/2026 22:06:02 - INFO - utils.trainer -   Recall: 0.43571
05/06/2026 22:06:02 - INFO - utils.trainer -   F_score: 0.60697
05/06/2026 22:06:02 - INFO - utils.trainer -   Specificity: 1.00000
05/06/2026 22:06:02 - INFO - utils.trainer -   Sensitivity: 0.43571
05/06/2026 22:06:02 - INFO - utils.trainer -   Loss: 20.04510
05/06/2026 22:06:02 - INFO - utils.trainer -    Train loss: 0.00116, Test loss: 20.04510,Epoch time = 1.270s
05/06/2026 22:06:03 - INFO - utils.trainer -   ***** Running evaluation on test0 dataset *****
05/06/2026 22:06:04 - INFO - utils.trainer -   AUC: 0.99576
05/06/2026 22:06:04 - INFO - utils.trainer -   Accuracy: 0.79853
05/06/2026 22:06:04 - INFO - utils.trainer -   Precision: 1.00000
05/06/2026 22:06:04 - INFO - utils.trainer -   Recall: 0.60714
05/06/2026 22:06:04 - INFO - utils.trainer -   F_score: 0.75556
05/06/2026 22:06:04 - INFO - utils.trainer -   Specificity: 1.00000
05/06/2026 22:06:04 - INFO - utils.trainer -   Sensitivity: 0.60714
05/06/2026 22:06:04 - INFO - utils.trainer -   Loss: 8.40208
05/06/2026 22:06:04 - INFO - utils.trainer -    Train loss: 0.00000, Test loss: 8.40208,Epoch time = 1.535s
05/06/2026 22:06:06 - INFO - utils.trainer -   ***** Running evaluation on test0 dataset *****
05/06/2026 22:06:07 - INFO - utils.trainer -   AUC: 0.61654
05/06/2026 22:06:07 - INFO - utils.trainer -   Accuracy: 0.60806
05/06/2026 22:06:07 - INFO - utils.trainer -   Precision: 0.56680
05/06/2026 22:06:07 - INFO - utils.trainer -   Recall: 1.00000
05/06/2026 22:06:07 - INFO - utils.trainer -   F_score: 0.72351
05/06/2026 22:06:07 - INFO - utils.trainer -   Specificity: 0.19549
05/06/2026 22:06:07 - INFO - utils.trainer -   Sensitivity: 1.00000
05/06/2026 22:06:07 - INFO - utils.trainer -   Loss: 32.59043
05/06/2026 22:06:07 - INFO - utils.trainer -    Train loss: 0.00281, Test loss: 32.59043,Epoch time = 1.559s
05/06/2026 22:06:08 - INFO - utils.trainer -   ***** Running evaluation on test0 dataset *****
05/06/2026 22:06:10 - INFO - utils.trainer -   AUC: 0.56767
05/06/2026 22:06:10 - INFO - utils.trainer -   Accuracy: 0.54579
05/06/2026 22:06:10 - INFO - utils.trainer -   Precision: 0.53030
05/06/2026 22:06:10 - INFO - utils.trainer -   Recall: 1.00000
05/06/2026 22:06:10 - INFO - utils.trainer -   F_score: 0.69307
05/06/2026 22:06:10 - INFO - utils.trainer -   Specificity: 0.06767
05/06/2026 22:06:10 - INFO - utils.trainer -   Sensitivity: 1.00000
05/06/2026 22:06:10 - INFO - utils.trainer -   Loss: 46.54438
05/06/2026 22:06:10 - INFO - utils.trainer -    Train loss: 0.22314, Test loss: 46.54438,Epoch time = 1.523s
05/06/2026 22:06:11 - INFO - utils.trainer -   ***** Running evaluation on test0 dataset *****
05/06/2026 22:06:12 - INFO - utils.trainer -   AUC: 0.50376
05/06/2026 22:06:12 - INFO - utils.trainer -   Accuracy: 0.51648
05/06/2026 22:06:12 - INFO - utils.trainer -   Precision: 0.51471
05/06/2026 22:06:12 - INFO - utils.trainer -   Recall: 1.00000
05/06/2026 22:06:12 - INFO - utils.trainer -   F_score: 0.67961
05/06/2026 22:06:12 - INFO - utils.trainer -   Specificity: 0.00752
05/06/2026 22:06:12 - INFO - utils.trainer -   Sensitivity: 1.00000
05/06/2026 22:06:12 - INFO - utils.trainer -   Loss: 118.47903
05/06/2026 22:06:12 - INFO - utils.trainer -    Train loss: 0.07671, Test loss: 118.47903,Epoch time = 1.244s
05/06/2026 22:06:14 - INFO - utils.trainer -   ***** Running evaluation on test0 dataset *****
05/06/2026 22:06:15 - INFO - utils.trainer -   AUC: 0.56391
05/06/2026 22:06:15 - INFO - utils.trainer -   Accuracy: 0.56044
05/06/2026 22:06:15 - INFO - utils.trainer -   Precision: 0.53846
05/06/2026 22:06:15 - INFO - utils.trainer -   Recall: 1.00000
05/06/2026 22:06:15 - INFO - utils.trainer -   F_score: 0.70000
05/06/2026 22:06:15 - INFO - utils.trainer -   Specificity: 0.09774
05/06/2026 22:06:15 - INFO - utils.trainer -   Sensitivity: 1.00000
05/06/2026 22:06:15 - INFO - utils.trainer -   Loss: 59.96705
05/06/2026 22:06:15 - INFO - utils.trainer -    Train loss: 0.04018, Test loss: 59.96705,Epoch time = 1.418s
05/06/2026 22:06:16 - INFO - utils.trainer -   ***** Running evaluation on test0 dataset *****
05/06/2026 22:06:17 - INFO - utils.trainer -   AUC: 0.98716
05/06/2026 22:06:17 - INFO - utils.trainer -   Accuracy: 0.97802
05/06/2026 22:06:17 - INFO - utils.trainer -   Precision: 0.96528
05/06/2026 22:06:17 - INFO - utils.trainer -   Recall: 0.99286
05/06/2026 22:06:17 - INFO - utils.trainer -   F_score: 0.97887
05/06/2026 22:06:17 - INFO - utils.trainer -   Specificity: 0.96241
05/06/2026 22:06:17 - INFO - utils.trainer -   Sensitivity: 0.99286
05/06/2026 22:06:17 - INFO - utils.trainer -   Loss: 0.39261
05/06/2026 22:06:17 - INFO - utils.trainer -    Train loss: 0.00000, Test loss: 0.39261,Epoch time = 1.793s
05/06/2026 22:06:17 - INFO - utils.trainer -   Saving model checkpoint to output_dir/DeepConvNet
05/06/2026 22:06:19 - INFO - utils.trainer -   ***** Running evaluation on test0 dataset *****
05/06/2026 22:06:20 - INFO - utils.trainer -   AUC: 0.50000
05/06/2026 22:06:20 - INFO - utils.trainer -   Accuracy: 0.51282
05/06/2026 22:06:20 - INFO - utils.trainer -   Precision: 0.51282
05/06/2026 22:06:20 - INFO - utils.trainer -   Recall: 1.00000
05/06/2026 22:06:20 - INFO - utils.trainer -   F_score: 0.67797
05/06/2026 22:06:20 - INFO - utils.trainer -   Specificity: 0.00000
05/06/2026 22:06:20 - INFO - utils.trainer -   Sensitivity: 1.00000
05/06/2026 22:06:20 - INFO - utils.trainer -   Loss: 244.59457
05/06/2026 22:06:20 - INFO - utils.trainer -    Train loss: 0.26549, Test loss: 244.59457,Epoch time = 1.378s
05/06/2026 22:06:21 - INFO - utils.trainer -   ***** Running evaluation on test0 dataset *****
05/06/2026 22:06:22 - INFO - utils.trainer -   AUC: 0.63214
05/06/2026 22:06:22 - INFO - utils.trainer -   Accuracy: 0.60073
05/06/2026 22:06:22 - INFO - utils.trainer -   Precision: 1.00000
05/06/2026 22:06:22 - INFO - utils.trainer -   Recall: 0.22143
05/06/2026 22:06:22 - INFO - utils.trainer -   F_score: 0.36257
05/06/2026 22:06:22 - INFO - utils.trainer -   Specificity: 1.00000
05/06/2026 22:06:22 - INFO - utils.trainer -   Sensitivity: 0.22143
05/06/2026 22:06:22 - INFO - utils.trainer -   Loss: 85.20131
05/06/2026 22:06:22 - INFO - utils.trainer -    Train loss: 0.11403, Test loss: 85.20131,Epoch time = 1.519s
05/06/2026 22:06:24 - INFO - utils.trainer -   ***** Running evaluation on test0 dataset *****
05/06/2026 22:06:25 - INFO - utils.trainer -   AUC: 0.50000
05/06/2026 22:06:25 - INFO - utils.trainer -   Accuracy: 0.51282
05/06/2026 22:06:25 - INFO - utils.trainer -   Precision: 0.51282
05/06/2026 22:06:25 - INFO - utils.trainer -   Recall: 1.00000
05/06/2026 22:06:25 - INFO - utils.trainer -   F_score: 0.67797
05/06/2026 22:06:25 - INFO - utils.trainer -   Specificity: 0.00000
05/06/2026 22:06:25 - INFO - utils.trainer -   Sensitivity: 1.00000
05/06/2026 22:06:25 - INFO - utils.trainer -   Loss: 189.17191
05/06/2026 22:06:25 - INFO - utils.trainer -    Train loss: 0.02335, Test loss: 189.17191,Epoch time = 1.713s
05/06/2026 22:06:26 - INFO - utils.trainer -   ***** Running evaluation on test0 dataset *****
05/06/2026 22:06:27 - INFO - utils.trainer -   AUC: 0.81799
05/06/2026 22:06:27 - INFO - utils.trainer -   Accuracy: 0.79121
05/06/2026 22:06:27 - INFO - utils.trainer -   Precision: 0.71066
05/06/2026 22:06:27 - INFO - utils.trainer -   Recall: 1.00000
05/06/2026 22:06:27 - INFO - utils.trainer -   F_score: 0.83086
05/06/2026 22:06:27 - INFO - utils.trainer -   Specificity: 0.57143
05/06/2026 22:06:27 - INFO - utils.trainer -   Sensitivity: 1.00000
05/06/2026 22:06:27 - INFO - utils.trainer -   Loss: 11.35769
05/06/2026 22:06:27 - INFO - utils.trainer -    Train loss: 0.01315, Test loss: 11.35769,Epoch time = 1.570s
05/06/2026 22:06:28 - INFO - utils.trainer -   ***** Running evaluation on test0 dataset *****
05/06/2026 22:06:30 - INFO - utils.trainer -   AUC: 0.97938
05/06/2026 22:06:30 - INFO - utils.trainer -   Accuracy: 0.87179
05/06/2026 22:06:30 - INFO - utils.trainer -   Precision: 0.97297
05/06/2026 22:06:30 - INFO - utils.trainer -   Recall: 0.77143
05/06/2026 22:06:30 - INFO - utils.trainer -   F_score: 0.86056
05/06/2026 22:06:30 - INFO - utils.trainer -   Specificity: 0.97744
05/06/2026 22:06:30 - INFO - utils.trainer -   Sensitivity: 0.77143
05/06/2026 22:06:30 - INFO - utils.trainer -   Loss: 4.56950
05/06/2026 22:06:30 - INFO - utils.trainer -    Train loss: 0.02396, Test loss: 4.56950,Epoch time = 1.178s
05/06/2026 22:06:31 - INFO - utils.trainer -   ***** Running evaluation on test0 dataset *****
05/06/2026 22:06:32 - INFO - utils.trainer -   AUC: 0.94415
05/06/2026 22:06:32 - INFO - utils.trainer -   Accuracy: 0.90842
05/06/2026 22:06:32 - INFO - utils.trainer -   Precision: 0.86164
05/06/2026 22:06:32 - INFO - utils.trainer -   Recall: 0.97857
05/06/2026 22:06:32 - INFO - utils.trainer -   F_score: 0.91639
05/06/2026 22:06:32 - INFO - utils.trainer -   Specificity: 0.83459
05/06/2026 22:06:32 - INFO - utils.trainer -   Sensitivity: 0.97857
05/06/2026 22:06:32 - INFO - utils.trainer -   Loss: 2.49417
05/06/2026 22:06:32 - INFO - utils.trainer -    Train loss: 0.13293, Test loss: 2.49417,Epoch time = 1.290s
05/06/2026 22:06:34 - INFO - utils.trainer -   ***** Running evaluation on test0 dataset *****
05/06/2026 22:06:35 - INFO - utils.trainer -   AUC: 0.75940
05/06/2026 22:06:35 - INFO - utils.trainer -   Accuracy: 0.73626
05/06/2026 22:06:35 - INFO - utils.trainer -   Precision: 0.66038
05/06/2026 22:06:35 - INFO - utils.trainer -   Recall: 1.00000
05/06/2026 22:06:35 - INFO - utils.trainer -   F_score: 0.79545
05/06/2026 22:06:35 - INFO - utils.trainer -   Specificity: 0.45865
05/06/2026 22:06:35 - INFO - utils.trainer -   Sensitivity: 1.00000
05/06/2026 22:06:35 - INFO - utils.trainer -   Loss: 14.89931
05/06/2026 22:06:35 - INFO - utils.trainer -    Train loss: 0.00000, Test loss: 14.89931,Epoch time = 1.564s
05/06/2026 22:06:36 - INFO - utils.trainer -   ***** Running evaluation on test0 dataset *****
05/06/2026 22:06:37 - INFO - utils.trainer -   AUC: 0.98682
05/06/2026 22:06:37 - INFO - utils.trainer -   Accuracy: 0.95604
05/06/2026 22:06:37 - INFO - utils.trainer -   Precision: 0.93836
05/06/2026 22:06:37 - INFO - utils.trainer -   Recall: 0.97857
05/06/2026 22:06:37 - INFO - utils.trainer -   F_score: 0.95804
05/06/2026 22:06:37 - INFO - utils.trainer -   Specificity: 0.93233
05/06/2026 22:06:37 - INFO - utils.trainer -   Sensitivity: 0.97857
05/06/2026 22:06:37 - INFO - utils.trainer -   Loss: 2.56055
05/06/2026 22:06:37 - INFO - utils.trainer -    Train loss: 0.06887, Test loss: 2.56055,Epoch time = 1.515s
05/06/2026 22:06:39 - INFO - utils.trainer -   ***** Running evaluation on test0 dataset *****
05/06/2026 22:06:40 - INFO - utils.trainer -   AUC: 0.99409
05/06/2026 22:06:40 - INFO - utils.trainer -   Accuracy: 0.83516
05/06/2026 22:06:40 - INFO - utils.trainer -   Precision: 1.00000
05/06/2026 22:06:40 - INFO - utils.trainer -   Recall: 0.67857
05/06/2026 22:06:40 - INFO - utils.trainer -   F_score: 0.80851
05/06/2026 22:06:40 - INFO - utils.trainer -   Specificity: 1.00000
05/06/2026 22:06:40 - INFO - utils.trainer -   Sensitivity: 0.67857
05/06/2026 22:06:40 - INFO - utils.trainer -   Loss: 9.39549
05/06/2026 22:06:40 - INFO - utils.trainer -    Train loss: 0.02284, Test loss: 9.39549,Epoch time = 1.681s
05/06/2026 22:06:42 - INFO - utils.trainer -   ***** Running evaluation on test0 dataset *****
05/06/2026 22:06:43 - INFO - utils.trainer -   AUC: 0.61786
05/06/2026 22:06:43 - INFO - utils.trainer -   Accuracy: 0.54212
05/06/2026 22:06:43 - INFO - utils.trainer -   Precision: 1.00000
05/06/2026 22:06:43 - INFO - utils.trainer -   Recall: 0.10714
05/06/2026 22:06:43 - INFO - utils.trainer -   F_score: 0.19355
05/06/2026 22:06:43 - INFO - utils.trainer -   Specificity: 1.00000
05/06/2026 22:06:43 - INFO - utils.trainer -   Sensitivity: 0.10714
05/06/2026 22:06:43 - INFO - utils.trainer -   Loss: 83.64342
05/06/2026 22:06:43 - INFO - utils.trainer -    Train loss: 0.50238, Test loss: 83.64342,Epoch time = 1.342s
05/06/2026 22:06:44 - INFO - utils.trainer -   ***** Running evaluation on test0 dataset *****
05/06/2026 22:06:45 - INFO - utils.trainer -   AUC: 0.50000
05/06/2026 22:06:45 - INFO - utils.trainer -   Accuracy: 0.48718
05/06/2026 22:06:45 - INFO - utils.trainer -   Precision: 0.00000
05/06/2026 22:06:45 - INFO - utils.trainer -   Recall: 0.00000
05/06/2026 22:06:45 - INFO - utils.trainer -   F_score: 0.00000
05/06/2026 22:06:45 - INFO - utils.trainer -   Specificity: 1.00000
05/06/2026 22:06:45 - INFO - utils.trainer -   Sensitivity: 0.00000
05/06/2026 22:06:45 - INFO - utils.trainer -   Loss: 400.04240
05/06/2026 22:06:45 - INFO - utils.trainer -    Train loss: 0.04609, Test loss: 400.04240,Epoch time = 1.409s
05/06/2026 22:06:47 - INFO - utils.trainer -   ***** Running evaluation on test0 dataset *****
05/06/2026 22:06:48 - INFO - utils.trainer -   AUC: 0.98770
05/06/2026 22:06:48 - INFO - utils.trainer -   Accuracy: 0.89377
05/06/2026 22:06:48 - INFO - utils.trainer -   Precision: 1.00000
05/06/2026 22:06:48 - INFO - utils.trainer -   Recall: 0.79286
05/06/2026 22:06:48 - INFO - utils.trainer -   F_score: 0.88446
05/06/2026 22:06:48 - INFO - utils.trainer -   Specificity: 1.00000
05/06/2026 22:06:48 - INFO - utils.trainer -   Sensitivity: 0.79286
05/06/2026 22:06:48 - INFO - utils.trainer -   Loss: 6.08046
05/06/2026 22:06:48 - INFO - utils.trainer -    Train loss: 0.04158, Test loss: 6.08046,Epoch time = 1.634s
05/06/2026 22:06:50 - INFO - utils.trainer -   ***** Running evaluation on test0 dataset *****
05/06/2026 22:06:51 - INFO - utils.trainer -   AUC: 0.53571
05/06/2026 22:06:51 - INFO - utils.trainer -   Accuracy: 0.49084
05/06/2026 22:06:51 - INFO - utils.trainer -   Precision: 1.00000
05/06/2026 22:06:51 - INFO - utils.trainer -   Recall: 0.00714
05/06/2026 22:06:51 - INFO - utils.trainer -   F_score: 0.01418
05/06/2026 22:06:51 - INFO - utils.trainer -   Specificity: 1.00000
05/06/2026 22:06:51 - INFO - utils.trainer -   Sensitivity: 0.00714
05/06/2026 22:06:51 - INFO - utils.trainer -   Loss: 175.13075
05/06/2026 22:06:51 - INFO - utils.trainer -    Train loss: 0.29303, Test loss: 175.13075,Epoch time = 1.799s
05/06/2026 22:06:52 - INFO - utils.trainer -   ***** Running evaluation on test0 dataset *****
05/06/2026 22:06:54 - INFO - utils.trainer -   AUC: 0.77857
05/06/2026 22:06:54 - INFO - utils.trainer -   Accuracy: 0.61905
05/06/2026 22:06:54 - INFO - utils.trainer -   Precision: 1.00000
05/06/2026 22:06:54 - INFO - utils.trainer -   Recall: 0.25714
05/06/2026 22:06:54 - INFO - utils.trainer -   F_score: 0.40909
05/06/2026 22:06:54 - INFO - utils.trainer -   Specificity: 1.00000
05/06/2026 22:06:54 - INFO - utils.trainer -   Sensitivity: 0.25714
05/06/2026 22:06:54 - INFO - utils.trainer -   Loss: 67.75767
05/06/2026 22:06:54 - INFO - utils.trainer -    Train loss: 0.00086, Test loss: 67.75767,Epoch time = 1.575s
05/06/2026 22:06:55 - INFO - utils.trainer -   ***** Running evaluation on test0 dataset *****
05/06/2026 22:06:57 - INFO - utils.trainer -   AUC: 0.98947
05/06/2026 22:06:57 - INFO - utils.trainer -   Accuracy: 0.87179
05/06/2026 22:06:57 - INFO - utils.trainer -   Precision: 1.00000
05/06/2026 22:06:57 - INFO - utils.trainer -   Recall: 0.75000
05/06/2026 22:06:57 - INFO - utils.trainer -   F_score: 0.85714
05/06/2026 22:06:57 - INFO - utils.trainer -   Specificity: 1.00000
05/06/2026 22:06:57 - INFO - utils.trainer -   Sensitivity: 0.75000
05/06/2026 22:06:57 - INFO - utils.trainer -   Loss: 10.64895
05/06/2026 22:06:57 - INFO - utils.trainer -    Train loss: 0.00000, Test loss: 10.64895,Epoch time = 1.394s
05/06/2026 22:06:58 - INFO - utils.trainer -   ***** Running evaluation on test0 dataset *****
05/06/2026 22:07:00 - INFO - utils.trainer -   AUC: 0.98985
05/06/2026 22:07:00 - INFO - utils.trainer -   Accuracy: 0.87179
05/06/2026 22:07:00 - INFO - utils.trainer -   Precision: 1.00000
05/06/2026 22:07:00 - INFO - utils.trainer -   Recall: 0.75000
05/06/2026 22:07:00 - INFO - utils.trainer -   F_score: 0.85714
05/06/2026 22:07:00 - INFO - utils.trainer -   Specificity: 1.00000
05/06/2026 22:07:00 - INFO - utils.trainer -   Sensitivity: 0.75000
05/06/2026 22:07:00 - INFO - utils.trainer -   Loss: 12.19699
05/06/2026 22:07:00 - INFO - utils.trainer -    Train loss: 0.00000, Test loss: 12.19699,Epoch time = 1.845s
05/06/2026 22:07:02 - INFO - utils.trainer -   ***** Running evaluation on test0 dataset *****
05/06/2026 22:07:03 - INFO - utils.trainer -   AUC: 0.98883
05/06/2026 22:07:03 - INFO - utils.trainer -   Accuracy: 0.86081
05/06/2026 22:07:03 - INFO - utils.trainer -   Precision: 1.00000
05/06/2026 22:07:03 - INFO - utils.trainer -   Recall: 0.72857
05/06/2026 22:07:03 - INFO - utils.trainer -   F_score: 0.84298
05/06/2026 22:07:03 - INFO - utils.trainer -   Specificity: 1.00000
05/06/2026 22:07:03 - INFO - utils.trainer -   Sensitivity: 0.72857
05/06/2026 22:07:03 - INFO - utils.trainer -   Loss: 12.31381
05/06/2026 22:07:03 - INFO - utils.trainer -    Train loss: 0.00540, Test loss: 12.31381,Epoch time = 1.882s
05/06/2026 22:07:05 - INFO - utils.trainer -   ***** Running evaluation on test0 dataset *****
05/06/2026 22:07:06 - INFO - utils.trainer -   AUC: 0.96284
05/06/2026 22:07:06 - INFO - utils.trainer -   Accuracy: 0.83150
05/06/2026 22:07:06 - INFO - utils.trainer -   Precision: 1.00000
05/06/2026 22:07:06 - INFO - utils.trainer -   Recall: 0.67143
05/06/2026 22:07:06 - INFO - utils.trainer -   F_score: 0.80342
05/06/2026 22:07:06 - INFO - utils.trainer -   Specificity: 1.00000
05/06/2026 22:07:06 - INFO - utils.trainer -   Sensitivity: 0.67143
05/06/2026 22:07:06 - INFO - utils.trainer -   Loss: 23.01097
05/06/2026 22:07:06 - INFO - utils.trainer -    Train loss: 0.03611, Test loss: 23.01097,Epoch time = 2.095s
05/06/2026 22:07:08 - INFO - utils.trainer -   ***** Running evaluation on test0 dataset *****
05/06/2026 22:07:09 - INFO - utils.trainer -   AUC: 0.98700
05/06/2026 22:07:09 - INFO - utils.trainer -   Accuracy: 0.96703
05/06/2026 22:07:09 - INFO - utils.trainer -   Precision: 0.97122
05/06/2026 22:07:09 - INFO - utils.trainer -   Recall: 0.96429
05/06/2026 22:07:09 - INFO - utils.trainer -   F_score: 0.96774
05/06/2026 22:07:09 - INFO - utils.trainer -   Specificity: 0.96992
05/06/2026 22:07:09 - INFO - utils.trainer -   Sensitivity: 0.96429
05/06/2026 22:07:09 - INFO - utils.trainer -   Loss: 5.04405
05/06/2026 22:07:09 - INFO - utils.trainer -    Train loss: 0.00003, Test loss: 5.04405,Epoch time = 1.789s
05/06/2026 22:07:10 - INFO - utils.trainer -   ***** Running evaluation on test0 dataset *****
05/06/2026 22:07:11 - INFO - utils.trainer -   AUC: 0.99431
05/06/2026 22:07:11 - INFO - utils.trainer -   Accuracy: 0.94139
05/06/2026 22:07:11 - INFO - utils.trainer -   Precision: 0.99206
05/06/2026 22:07:11 - INFO - utils.trainer -   Recall: 0.89286
05/06/2026 22:07:11 - INFO - utils.trainer -   F_score: 0.93985
05/06/2026 22:07:11 - INFO - utils.trainer -   Specificity: 0.99248
05/06/2026 22:07:11 - INFO - utils.trainer -   Sensitivity: 0.89286
05/06/2026 22:07:11 - INFO - utils.trainer -   Loss: 6.35693
05/06/2026 22:07:11 - INFO - utils.trainer -    Train loss: 0.00000, Test loss: 6.35693,Epoch time = 1.444s
05/06/2026 22:07:13 - INFO - utils.trainer -   ***** Running evaluation on test0 dataset *****
05/06/2026 22:07:14 - INFO - utils.trainer -   AUC: 0.50376
05/06/2026 22:07:14 - INFO - utils.trainer -   Accuracy: 0.51648
05/06/2026 22:07:14 - INFO - utils.trainer -   Precision: 0.51471
05/06/2026 22:07:14 - INFO - utils.trainer -   Recall: 1.00000
05/06/2026 22:07:14 - INFO - utils.trainer -   F_score: 0.67961
05/06/2026 22:07:14 - INFO - utils.trainer -   Specificity: 0.00752
05/06/2026 22:07:14 - INFO - utils.trainer -   Sensitivity: 1.00000
05/06/2026 22:07:14 - INFO - utils.trainer -   Loss: 206.30349
05/06/2026 22:07:14 - INFO - utils.trainer -    Train loss: 0.07598, Test loss: 206.30349,Epoch time = 1.502s
05/06/2026 22:07:16 - INFO - utils.trainer -   ***** Running evaluation on test0 dataset *****
05/06/2026 22:07:17 - INFO - utils.trainer -   AUC: 0.68797
05/06/2026 22:07:17 - INFO - utils.trainer -   Accuracy: 0.65934
05/06/2026 22:07:17 - INFO - utils.trainer -   Precision: 0.60086
05/06/2026 22:07:17 - INFO - utils.trainer -   Recall: 1.00000
05/06/2026 22:07:17 - INFO - utils.trainer -   F_score: 0.75067
05/06/2026 22:07:17 - INFO - utils.trainer -   Specificity: 0.30075
05/06/2026 22:07:17 - INFO - utils.trainer -   Sensitivity: 1.00000
05/06/2026 22:07:17 - INFO - utils.trainer -   Loss: 30.88140
05/06/2026 22:07:17 - INFO - utils.trainer -    Train loss: 0.07348, Test loss: 30.88140,Epoch time = 1.696s
05/06/2026 22:07:19 - INFO - utils.trainer -   ***** Running evaluation on test0 dataset *****
05/06/2026 22:07:20 - INFO - utils.trainer -   AUC: 0.88214
05/06/2026 22:07:20 - INFO - utils.trainer -   Accuracy: 0.81685
05/06/2026 22:07:20 - INFO - utils.trainer -   Precision: 1.00000
05/06/2026 22:07:20 - INFO - utils.trainer -   Recall: 0.64286
05/06/2026 22:07:20 - INFO - utils.trainer -   F_score: 0.78261
05/06/2026 22:07:20 - INFO - utils.trainer -   Specificity: 1.00000
05/06/2026 22:07:20 - INFO - utils.trainer -   Sensitivity: 0.64286
05/06/2026 22:07:20 - INFO - utils.trainer -   Loss: 31.07521
05/06/2026 22:07:20 - INFO - utils.trainer -    Train loss: 0.00004, Test loss: 31.07521,Epoch time = 1.780s
05/06/2026 22:07:21 - INFO - utils.trainer -   ***** Running evaluation on test0 dataset *****
05/06/2026 22:07:23 - INFO - utils.trainer -   AUC: 0.88929
05/06/2026 22:07:23 - INFO - utils.trainer -   Accuracy: 0.84249
05/06/2026 22:07:23 - INFO - utils.trainer -   Precision: 1.00000
05/06/2026 22:07:23 - INFO - utils.trainer -   Recall: 0.69286
05/06/2026 22:07:23 - INFO - utils.trainer -   F_score: 0.81857
05/06/2026 22:07:23 - INFO - utils.trainer -   Specificity: 1.00000
05/06/2026 22:07:23 - INFO - utils.trainer -   Sensitivity: 0.69286
05/06/2026 22:07:23 - INFO - utils.trainer -   Loss: 24.56119
05/06/2026 22:07:23 - INFO - utils.trainer -    Train loss: 0.00000, Test loss: 24.56119,Epoch time = 1.456s
05/06/2026 22:07:25 - INFO - utils.trainer -   ***** Running evaluation on test0 dataset *****
05/06/2026 22:07:26 - INFO - utils.trainer -   AUC: 0.99103
05/06/2026 22:07:26 - INFO - utils.trainer -   Accuracy: 0.88278
05/06/2026 22:07:26 - INFO - utils.trainer -   Precision: 1.00000
05/06/2026 22:07:26 - INFO - utils.trainer -   Recall: 0.77143
05/06/2026 22:07:26 - INFO - utils.trainer -   F_score: 0.87097
05/06/2026 22:07:26 - INFO - utils.trainer -   Specificity: 1.00000
05/06/2026 22:07:26 - INFO - utils.trainer -   Sensitivity: 0.77143
05/06/2026 22:07:26 - INFO - utils.trainer -   Loss: 7.42302
05/06/2026 22:07:26 - INFO - utils.trainer -    Train loss: 0.05702, Test loss: 7.42302,Epoch time = 1.952s
05/06/2026 22:07:28 - INFO - utils.trainer -   ***** Running evaluation on test0 dataset *****
05/06/2026 22:07:29 - INFO - utils.trainer -   AUC: 0.60357
05/06/2026 22:07:29 - INFO - utils.trainer -   Accuracy: 0.55678
05/06/2026 22:07:29 - INFO - utils.trainer -   Precision: 1.00000
05/06/2026 22:07:29 - INFO - utils.trainer -   Recall: 0.13571
05/06/2026 22:07:29 - INFO - utils.trainer -   F_score: 0.23899
05/06/2026 22:07:29 - INFO - utils.trainer -   Specificity: 1.00000
05/06/2026 22:07:29 - INFO - utils.trainer -   Sensitivity: 0.13571
05/06/2026 22:07:29 - INFO - utils.trainer -   Loss: 181.15717
05/06/2026 22:07:29 - INFO - utils.trainer -    Train loss: 0.04505, Test loss: 181.15717,Epoch time = 1.800s
05/06/2026 22:07:31 - INFO - utils.trainer -   ***** Running evaluation on test0 dataset *****
05/06/2026 22:07:32 - INFO - utils.trainer -   AUC: 0.87857
05/06/2026 22:07:32 - INFO - utils.trainer -   Accuracy: 0.77289
05/06/2026 22:07:32 - INFO - utils.trainer -   Precision: 1.00000
05/06/2026 22:07:32 - INFO - utils.trainer -   Recall: 0.55714
05/06/2026 22:07:32 - INFO - utils.trainer -   F_score: 0.71560
05/06/2026 22:07:32 - INFO - utils.trainer -   Specificity: 1.00000
05/06/2026 22:07:32 - INFO - utils.trainer -   Sensitivity: 0.55714
05/06/2026 22:07:32 - INFO - utils.trainer -   Loss: 33.73614
05/06/2026 22:07:32 - INFO - utils.trainer -    Train loss: 0.00000, Test loss: 33.73614,Epoch time = 2.054s
05/06/2026 22:07:34 - INFO - utils.trainer -   ***** Running evaluation on test0 dataset *****
05/06/2026 22:07:35 - INFO - utils.trainer -   AUC: 0.94871
05/06/2026 22:07:35 - INFO - utils.trainer -   Accuracy: 0.84249
05/06/2026 22:07:35 - INFO - utils.trainer -   Precision: 1.00000
05/06/2026 22:07:35 - INFO - utils.trainer -   Recall: 0.69286
05/06/2026 22:07:35 - INFO - utils.trainer -   F_score: 0.81857
05/06/2026 22:07:35 - INFO - utils.trainer -   Specificity: 1.00000
05/06/2026 22:07:35 - INFO - utils.trainer -   Sensitivity: 0.69286
05/06/2026 22:07:35 - INFO - utils.trainer -   Loss: 22.95820
05/06/2026 22:07:35 - INFO - utils.trainer -    Train loss: 0.00000, Test loss: 22.95820,Epoch time = 2.029s
05/06/2026 22:07:37 - INFO - utils.trainer -   ***** Running evaluation on test0 dataset *****
05/06/2026 22:07:38 - INFO - utils.trainer -   AUC: 0.98537
05/06/2026 22:07:38 - INFO - utils.trainer -   Accuracy: 0.96337
05/06/2026 22:07:38 - INFO - utils.trainer -   Precision: 0.95139
05/06/2026 22:07:38 - INFO - utils.trainer -   Recall: 0.97857
05/06/2026 22:07:38 - INFO - utils.trainer -   F_score: 0.96479
05/06/2026 22:07:38 - INFO - utils.trainer -   Specificity: 0.94737
05/06/2026 22:07:38 - INFO - utils.trainer -   Sensitivity: 0.97857
05/06/2026 22:07:38 - INFO - utils.trainer -   Loss: 2.84434
05/06/2026 22:07:38 - INFO - utils.trainer -    Train loss: 0.02295, Test loss: 2.84434,Epoch time = 1.414s
05/06/2026 22:07:40 - INFO - utils.trainer -   ***** Running evaluation on test0 dataset *****
05/06/2026 22:07:42 - INFO - utils.trainer -   AUC: 0.99039
05/06/2026 22:07:42 - INFO - utils.trainer -   Accuracy: 0.86813
05/06/2026 22:07:42 - INFO - utils.trainer -   Precision: 1.00000
05/06/2026 22:07:42 - INFO - utils.trainer -   Recall: 0.74286
05/06/2026 22:07:42 - INFO - utils.trainer -   F_score: 0.85246
05/06/2026 22:07:42 - INFO - utils.trainer -   Specificity: 1.00000
05/06/2026 22:07:42 - INFO - utils.trainer -   Sensitivity: 0.74286
05/06/2026 22:07:42 - INFO - utils.trainer -   Loss: 10.76715
05/06/2026 22:07:42 - INFO - utils.trainer -    Train loss: 0.00000, Test loss: 10.76715,Epoch time = 2.154s
05/06/2026 22:07:44 - INFO - utils.trainer -   ***** Running evaluation on test0 dataset *****
05/06/2026 22:07:45 - INFO - utils.trainer -   AUC: 0.98733
05/06/2026 22:07:45 - INFO - utils.trainer -   Accuracy: 0.84249
05/06/2026 22:07:45 - INFO - utils.trainer -   Precision: 1.00000
05/06/2026 22:07:45 - INFO - utils.trainer -   Recall: 0.69286
05/06/2026 22:07:45 - INFO - utils.trainer -   F_score: 0.81857
05/06/2026 22:07:45 - INFO - utils.trainer -   Specificity: 1.00000
05/06/2026 22:07:45 - INFO - utils.trainer -   Sensitivity: 0.69286
05/06/2026 22:07:45 - INFO - utils.trainer -   Loss: 13.86562
05/06/2026 22:07:45 - INFO - utils.trainer -    Train loss: 0.00000, Test loss: 13.86562,Epoch time = 2.426s
05/06/2026 22:07:47 - INFO - utils.trainer -   ***** Running evaluation on test0 dataset *****
05/06/2026 22:07:49 - INFO - utils.trainer -   AUC: 0.77857
05/06/2026 22:07:49 - INFO - utils.trainer -   Accuracy: 0.63370
05/06/2026 22:07:49 - INFO - utils.trainer -   Precision: 1.00000
05/06/2026 22:07:49 - INFO - utils.trainer -   Recall: 0.28571
05/06/2026 22:07:49 - INFO - utils.trainer -   F_score: 0.44444
05/06/2026 22:07:49 - INFO - utils.trainer -   Specificity: 1.00000
05/06/2026 22:07:49 - INFO - utils.trainer -   Sensitivity: 0.28571
05/06/2026 22:07:49 - INFO - utils.trainer -   Loss: 70.63190
05/06/2026 22:07:49 - INFO - utils.trainer -    Train loss: 0.03700, Test loss: 70.63190,Epoch time = 1.873s
05/06/2026 22:07:50 - INFO - utils.trainer -   ***** Running evaluation on test0 dataset *****
05/06/2026 22:07:52 - INFO - utils.trainer -   AUC: 0.98724
05/06/2026 22:07:52 - INFO - utils.trainer -   Accuracy: 0.86081
05/06/2026 22:07:52 - INFO - utils.trainer -   Precision: 1.00000
05/06/2026 22:07:52 - INFO - utils.trainer -   Recall: 0.72857
05/06/2026 22:07:52 - INFO - utils.trainer -   F_score: 0.84298
05/06/2026 22:07:52 - INFO - utils.trainer -   Specificity: 1.00000
05/06/2026 22:07:52 - INFO - utils.trainer -   Sensitivity: 0.72857
05/06/2026 22:07:52 - INFO - utils.trainer -   Loss: 15.30325
05/06/2026 22:07:52 - INFO - utils.trainer -    Train loss: 0.00000, Test loss: 15.30325,Epoch time = 1.663s
05/06/2026 22:07:54 - INFO - utils.trainer -   ***** Running evaluation on test0 dataset *****
05/06/2026 22:07:55 - INFO - utils.trainer -   AUC: 0.92368
05/06/2026 22:07:55 - INFO - utils.trainer -   Accuracy: 0.89377
05/06/2026 22:07:55 - INFO - utils.trainer -   Precision: 0.82840
05/06/2026 22:07:55 - INFO - utils.trainer -   Recall: 1.00000
05/06/2026 22:07:55 - INFO - utils.trainer -   F_score: 0.90615
05/06/2026 22:07:55 - INFO - utils.trainer -   Specificity: 0.78195
05/06/2026 22:07:55 - INFO - utils.trainer -   Sensitivity: 1.00000
05/06/2026 22:07:55 - INFO - utils.trainer -   Loss: 2.61915
05/06/2026 22:07:55 - INFO - utils.trainer -    Train loss: 0.15950, Test loss: 2.61915,Epoch time = 1.969s
05/06/2026 22:07:57 - INFO - utils.trainer -   ***** Running evaluation on test0 dataset *****
05/06/2026 22:07:58 - INFO - utils.trainer -   AUC: 0.98663
05/06/2026 22:07:58 - INFO - utils.trainer -   Accuracy: 0.94139
05/06/2026 22:07:58 - INFO - utils.trainer -   Precision: 0.91333
05/06/2026 22:07:58 - INFO - utils.trainer -   Recall: 0.97857
05/06/2026 22:07:58 - INFO - utils.trainer -   F_score: 0.94483
05/06/2026 22:07:58 - INFO - utils.trainer -   Specificity: 0.90226
05/06/2026 22:07:58 - INFO - utils.trainer -   Sensitivity: 0.97857
05/06/2026 22:07:58 - INFO - utils.trainer -   Loss: 1.65025
05/06/2026 22:07:58 - INFO - utils.trainer -    Train loss: 0.01260, Test loss: 1.65025,Epoch time = 2.131s
05/06/2026 22:08:00 - INFO - utils.trainer -   ***** Running evaluation on test0 dataset *****
05/06/2026 22:08:02 - INFO - utils.trainer -   AUC: 0.98604
05/06/2026 22:08:02 - INFO - utils.trainer -   Accuracy: 0.86447
05/06/2026 22:08:02 - INFO - utils.trainer -   Precision: 1.00000
05/06/2026 22:08:02 - INFO - utils.trainer -   Recall: 0.73571
05/06/2026 22:08:02 - INFO - utils.trainer -   F_score: 0.84774
05/06/2026 22:08:02 - INFO - utils.trainer -   Specificity: 1.00000
05/06/2026 22:08:02 - INFO - utils.trainer -   Sensitivity: 0.73571
05/06/2026 22:08:02 - INFO - utils.trainer -   Loss: 12.69847
05/06/2026 22:08:02 - INFO - utils.trainer -    Train loss: 0.00000, Test loss: 12.69847,Epoch time = 1.624s
05/06/2026 22:08:03 - INFO - utils.trainer -   ***** Running evaluation on test0 dataset *****
05/06/2026 22:08:05 - INFO - utils.trainer -   AUC: 0.98649
05/06/2026 22:08:05 - INFO - utils.trainer -   Accuracy: 0.86447
05/06/2026 22:08:05 - INFO - utils.trainer -   Precision: 1.00000
05/06/2026 22:08:05 - INFO - utils.trainer -   Recall: 0.73571
05/06/2026 22:08:05 - INFO - utils.trainer -   F_score: 0.84774
05/06/2026 22:08:05 - INFO - utils.trainer -   Specificity: 1.00000
05/06/2026 22:08:05 - INFO - utils.trainer -   Sensitivity: 0.73571
05/06/2026 22:08:05 - INFO - utils.trainer -   Loss: 13.32408
05/06/2026 22:08:05 - INFO - utils.trainer -    Train loss: 0.00000, Test loss: 13.32408,Epoch time = 1.894s
05/06/2026 22:08:07 - INFO - utils.trainer -   ***** Running evaluation on test0 dataset *****
05/06/2026 22:08:08 - INFO - utils.trainer -   AUC: 0.98641
05/06/2026 22:08:08 - INFO - utils.trainer -   Accuracy: 0.87546
05/06/2026 22:08:08 - INFO - utils.trainer -   Precision: 1.00000
05/06/2026 22:08:08 - INFO - utils.trainer -   Recall: 0.75714
05/06/2026 22:08:08 - INFO - utils.trainer -   F_score: 0.86179
05/06/2026 22:08:08 - INFO - utils.trainer -   Specificity: 1.00000
05/06/2026 22:08:08 - INFO - utils.trainer -   Sensitivity: 0.75714
05/06/2026 22:08:08 - INFO - utils.trainer -   Loss: 12.36945
05/06/2026 22:08:08 - INFO - utils.trainer -    Train loss: 0.00000, Test loss: 12.36945,Epoch time = 2.262s
05/06/2026 22:08:10 - INFO - utils.trainer -   ***** Running evaluation on test0 dataset *****
05/06/2026 22:08:11 - INFO - utils.trainer -   AUC: 0.98649
05/06/2026 22:08:11 - INFO - utils.trainer -   Accuracy: 0.86081
05/06/2026 22:08:11 - INFO - utils.trainer -   Precision: 1.00000
05/06/2026 22:08:11 - INFO - utils.trainer -   Recall: 0.72857
05/06/2026 22:08:11 - INFO - utils.trainer -   F_score: 0.84298
05/06/2026 22:08:11 - INFO - utils.trainer -   Specificity: 1.00000
05/06/2026 22:08:11 - INFO - utils.trainer -   Sensitivity: 0.72857
05/06/2026 22:08:11 - INFO - utils.trainer -   Loss: 14.14847
05/06/2026 22:08:11 - INFO - utils.trainer -    Train loss: 0.00000, Test loss: 14.14847,Epoch time = 2.116s
05/06/2026 22:08:13 - INFO - utils.trainer -   ***** Running evaluation on test0 dataset *****
05/06/2026 22:08:15 - INFO - utils.trainer -   AUC: 0.98655
05/06/2026 22:08:15 - INFO - utils.trainer -   Accuracy: 0.87179
05/06/2026 22:08:15 - INFO - utils.trainer -   Precision: 1.00000
05/06/2026 22:08:15 - INFO - utils.trainer -   Recall: 0.75000
05/06/2026 22:08:15 - INFO - utils.trainer -   F_score: 0.85714
05/06/2026 22:08:15 - INFO - utils.trainer -   Specificity: 1.00000
05/06/2026 22:08:15 - INFO - utils.trainer -   Sensitivity: 0.75000
05/06/2026 22:08:15 - INFO - utils.trainer -   Loss: 13.05800
05/06/2026 22:08:15 - INFO - utils.trainer -    Train loss: 0.00000, Test loss: 13.05800,Epoch time = 2.045s
05/06/2026 22:08:17 - INFO - utils.trainer -   ***** Running evaluation on test0 dataset *****
05/06/2026 22:08:18 - INFO - utils.trainer -   AUC: 0.76429
05/06/2026 22:08:18 - INFO - utils.trainer -   Accuracy: 0.63004
05/06/2026 22:08:18 - INFO - utils.trainer -   Precision: 1.00000
05/06/2026 22:08:18 - INFO - utils.trainer -   Recall: 0.27857
05/06/2026 22:08:18 - INFO - utils.trainer -   F_score: 0.43575
05/06/2026 22:08:18 - INFO - utils.trainer -   Specificity: 1.00000
05/06/2026 22:08:18 - INFO - utils.trainer -   Sensitivity: 0.27857
05/06/2026 22:08:18 - INFO - utils.trainer -   Loss: 86.73564
05/06/2026 22:08:18 - INFO - utils.trainer -    Train loss: 0.03571, Test loss: 86.73564,Epoch time = 2.210s
05/06/2026 22:08:20 - INFO - utils.trainer -   ***** Running evaluation on test0 dataset *****
05/06/2026 22:08:21 - INFO - utils.trainer -   AUC: 0.98942
05/06/2026 22:08:21 - INFO - utils.trainer -   Accuracy: 0.87912
05/06/2026 22:08:21 - INFO - utils.trainer -   Precision: 1.00000
05/06/2026 22:08:21 - INFO - utils.trainer -   Recall: 0.76429
05/06/2026 22:08:21 - INFO - utils.trainer -   F_score: 0.86640
05/06/2026 22:08:21 - INFO - utils.trainer -   Specificity: 1.00000
05/06/2026 22:08:21 - INFO - utils.trainer -   Sensitivity: 0.76429
05/06/2026 22:08:21 - INFO - utils.trainer -   Loss: 12.40186
05/06/2026 22:08:21 - INFO - utils.trainer -    Train loss: 0.00277, Test loss: 12.40186,Epoch time = 2.191s
05/06/2026 22:08:23 - INFO - utils.trainer -   ***** Running evaluation on test0 dataset *****
05/06/2026 22:08:25 - INFO - utils.trainer -   AUC: 0.98233
05/06/2026 22:08:25 - INFO - utils.trainer -   Accuracy: 0.68864
05/06/2026 22:08:25 - INFO - utils.trainer -   Precision: 1.00000
05/06/2026 22:08:25 - INFO - utils.trainer -   Recall: 0.39286
05/06/2026 22:08:25 - INFO - utils.trainer -   F_score: 0.56410
05/06/2026 22:08:25 - INFO - utils.trainer -   Specificity: 1.00000
05/06/2026 22:08:25 - INFO - utils.trainer -   Sensitivity: 0.39286
05/06/2026 22:08:25 - INFO - utils.trainer -   Loss: 23.74076
05/06/2026 22:08:25 - INFO - utils.trainer -    Train loss: 0.06332, Test loss: 23.74076,Epoch time = 1.753s
05/06/2026 22:08:27 - INFO - utils.trainer -   ***** Running evaluation on test0 dataset *****
05/06/2026 22:08:29 - INFO - utils.trainer -   AUC: 0.97030
05/06/2026 22:08:29 - INFO - utils.trainer -   Accuracy: 0.83516
05/06/2026 22:08:29 - INFO - utils.trainer -   Precision: 1.00000
05/06/2026 22:08:29 - INFO - utils.trainer -   Recall: 0.67857
05/06/2026 22:08:29 - INFO - utils.trainer -   F_score: 0.80851
05/06/2026 22:08:29 - INFO - utils.trainer -   Specificity: 1.00000
05/06/2026 22:08:29 - INFO - utils.trainer -   Sensitivity: 0.67857
05/06/2026 22:08:29 - INFO - utils.trainer -   Loss: 21.49725
05/06/2026 22:08:29 - INFO - utils.trainer -    Train loss: 0.00000, Test loss: 21.49725,Epoch time = 2.452s
05/06/2026 22:08:30 - INFO - utils.trainer -   ***** Running evaluation on test0 dataset *****
05/06/2026 22:08:32 - INFO - utils.trainer -   AUC: 0.98724
05/06/2026 22:08:32 - INFO - utils.trainer -   Accuracy: 0.85714
05/06/2026 22:08:32 - INFO - utils.trainer -   Precision: 1.00000
05/06/2026 22:08:32 - INFO - utils.trainer -   Recall: 0.72143
05/06/2026 22:08:32 - INFO - utils.trainer -   F_score: 0.83817
05/06/2026 22:08:32 - INFO - utils.trainer -   Specificity: 1.00000
05/06/2026 22:08:32 - INFO - utils.trainer -   Sensitivity: 0.72143
05/06/2026 22:08:32 - INFO - utils.trainer -   Loss: 16.85669
05/06/2026 22:08:32 - INFO - utils.trainer -    Train loss: 0.00000, Test loss: 16.85669,Epoch time = 1.914s
05/06/2026 22:08:34 - INFO - utils.trainer -   ***** Running evaluation on test0 dataset *****
05/06/2026 22:08:35 - INFO - utils.trainer -   AUC: 0.98724
05/06/2026 22:08:35 - INFO - utils.trainer -   Accuracy: 0.85714
05/06/2026 22:08:35 - INFO - utils.trainer -   Precision: 1.00000
05/06/2026 22:08:35 - INFO - utils.trainer -   Recall: 0.72143
05/06/2026 22:08:35 - INFO - utils.trainer -   F_score: 0.83817
05/06/2026 22:08:35 - INFO - utils.trainer -   Specificity: 1.00000
05/06/2026 22:08:35 - INFO - utils.trainer -   Sensitivity: 0.72143
05/06/2026 22:08:35 - INFO - utils.trainer -   Loss: 16.15484
05/06/2026 22:08:35 - INFO - utils.trainer -    Train loss: 0.00000, Test loss: 16.15484,Epoch time = 2.489s
05/06/2026 22:08:38 - INFO - utils.trainer -   ***** Running evaluation on test0 dataset *****
05/06/2026 22:08:39 - INFO - utils.trainer -   AUC: 0.52256
05/06/2026 22:08:39 - INFO - utils.trainer -   Accuracy: 0.53114
05/06/2026 22:08:39 - INFO - utils.trainer -   Precision: 0.52239
05/06/2026 22:08:39 - INFO - utils.trainer -   Recall: 1.00000
05/06/2026 22:08:39 - INFO - utils.trainer -   F_score: 0.68627
05/06/2026 22:08:39 - INFO - utils.trainer -   Specificity: 0.03759
05/06/2026 22:08:39 - INFO - utils.trainer -   Sensitivity: 1.00000
05/06/2026 22:08:39 - INFO - utils.trainer -   Loss: 131.64924
05/06/2026 22:08:39 - INFO - utils.trainer -    Train loss: 0.06588, Test loss: 131.64924,Epoch time = 2.268s
05/06/2026 22:08:40 - INFO - utils.trainer -   ***** Running evaluation on test0 dataset *****
05/06/2026 22:08:42 - INFO - utils.trainer -   AUC: 0.63929
05/06/2026 22:08:42 - INFO - utils.trainer -   Accuracy: 0.61538
05/06/2026 22:08:42 - INFO - utils.trainer -   Precision: 1.00000
05/06/2026 22:08:42 - INFO - utils.trainer -   Recall: 0.25000
05/06/2026 22:08:42 - INFO - utils.trainer -   F_score: 0.40000
05/06/2026 22:08:42 - INFO - utils.trainer -   Specificity: 1.00000
05/06/2026 22:08:42 - INFO - utils.trainer -   Sensitivity: 0.25000
05/06/2026 22:08:42 - INFO - utils.trainer -   Loss: 72.01926
05/06/2026 22:08:42 - INFO - utils.trainer -    Train loss: 0.03760, Test loss: 72.01926,Epoch time = 1.677s
05/06/2026 22:08:44 - INFO - utils.trainer -   ***** Running evaluation on test0 dataset *****
05/06/2026 22:08:45 - INFO - utils.trainer -   AUC: 0.88214
05/06/2026 22:08:45 - INFO - utils.trainer -   Accuracy: 0.76557
05/06/2026 22:08:45 - INFO - utils.trainer -   Precision: 1.00000
05/06/2026 22:08:45 - INFO - utils.trainer -   Recall: 0.54286
05/06/2026 22:08:45 - INFO - utils.trainer -   F_score: 0.70370
05/06/2026 22:08:45 - INFO - utils.trainer -   Specificity: 1.00000
05/06/2026 22:08:45 - INFO - utils.trainer -   Sensitivity: 0.54286
05/06/2026 22:08:45 - INFO - utils.trainer -   Loss: 33.00185
05/06/2026 22:08:45 - INFO - utils.trainer -    Train loss: 0.00000, Test loss: 33.00185,Epoch time = 2.047s
05/06/2026 22:08:47 - INFO - utils.trainer -   ***** Running evaluation on test0 dataset *****
05/06/2026 22:08:49 - INFO - utils.trainer -   AUC: 0.96284
05/06/2026 22:08:49 - INFO - utils.trainer -   Accuracy: 0.83150
05/06/2026 22:08:49 - INFO - utils.trainer -   Precision: 1.00000
05/06/2026 22:08:49 - INFO - utils.trainer -   Recall: 0.67143
05/06/2026 22:08:49 - INFO - utils.trainer -   F_score: 0.80342
05/06/2026 22:08:49 - INFO - utils.trainer -   Specificity: 1.00000
05/06/2026 22:08:49 - INFO - utils.trainer -   Sensitivity: 0.67143
05/06/2026 22:08:49 - INFO - utils.trainer -   Loss: 22.38013
05/06/2026 22:08:49 - INFO - utils.trainer -    Train loss: 0.00000, Test loss: 22.38013,Epoch time = 2.111s
05/06/2026 22:08:50 - INFO - utils.trainer -   ***** Running evaluation on test0 dataset *****
05/06/2026 22:08:52 - INFO - utils.trainer -   AUC: 0.98029
05/06/2026 22:08:52 - INFO - utils.trainer -   Accuracy: 0.83516
05/06/2026 22:08:52 - INFO - utils.trainer -   Precision: 1.00000
05/06/2026 22:08:52 - INFO - utils.trainer -   Recall: 0.67857
05/06/2026 22:08:52 - INFO - utils.trainer -   F_score: 0.80851
05/06/2026 22:08:52 - INFO - utils.trainer -   Specificity: 1.00000
05/06/2026 22:08:52 - INFO - utils.trainer -   Sensitivity: 0.67857
05/06/2026 22:08:52 - INFO - utils.trainer -   Loss: 20.64605
05/06/2026 22:08:52 - INFO - utils.trainer -    Train loss: 0.00000, Test loss: 20.64605,Epoch time = 1.389s
05/06/2026 22:08:54 - INFO - utils.trainer -   ***** Running evaluation on test0 dataset *****
05/06/2026 22:08:55 - INFO - utils.trainer -   AUC: 0.99388
05/06/2026 22:08:55 - INFO - utils.trainer -   Accuracy: 0.88645
05/06/2026 22:08:55 - INFO - utils.trainer -   Precision: 1.00000
05/06/2026 22:08:55 - INFO - utils.trainer -   Recall: 0.77857
05/06/2026 22:08:55 - INFO - utils.trainer -   F_score: 0.87550
05/06/2026 22:08:55 - INFO - utils.trainer -   Specificity: 1.00000
05/06/2026 22:08:55 - INFO - utils.trainer -   Sensitivity: 0.77857
05/06/2026 22:08:55 - INFO - utils.trainer -   Loss: 6.82773
05/06/2026 22:08:55 - INFO - utils.trainer -    Train loss: 0.01052, Test loss: 6.82773,Epoch time = 2.142s
05/06/2026 22:08:57 - INFO - utils.trainer -   ***** Running evaluation on test0 dataset *****
05/06/2026 22:08:59 - INFO - utils.trainer -   AUC: 0.63214
05/06/2026 22:08:59 - INFO - utils.trainer -   Accuracy: 0.61538
05/06/2026 22:08:59 - INFO - utils.trainer -   Precision: 1.00000
05/06/2026 22:08:59 - INFO - utils.trainer -   Recall: 0.25000
05/06/2026 22:08:59 - INFO - utils.trainer -   F_score: 0.40000
05/06/2026 22:08:59 - INFO - utils.trainer -   Specificity: 1.00000
05/06/2026 22:08:59 - INFO - utils.trainer -   Sensitivity: 0.25000
05/06/2026 22:08:59 - INFO - utils.trainer -   Loss: 101.49584
05/06/2026 22:08:59 - INFO - utils.trainer -    Train loss: 0.07162, Test loss: 101.49584,Epoch time = 2.293s
05/06/2026 22:09:00 - INFO - utils.trainer -   ***** Running evaluation on test0 dataset *****
05/06/2026 22:09:02 - INFO - utils.trainer -   AUC: 0.88929
05/06/2026 22:09:02 - INFO - utils.trainer -   Accuracy: 0.78755
05/06/2026 22:09:02 - INFO - utils.trainer -   Precision: 1.00000
05/06/2026 22:09:02 - INFO - utils.trainer -   Recall: 0.58571
05/06/2026 22:09:02 - INFO - utils.trainer -   F_score: 0.73874
05/06/2026 22:09:02 - INFO - utils.trainer -   Specificity: 1.00000
05/06/2026 22:09:02 - INFO - utils.trainer -   Sensitivity: 0.58571
05/06/2026 22:09:02 - INFO - utils.trainer -   Loss: 28.29106
05/06/2026 22:09:02 - INFO - utils.trainer -    Train loss: 0.00000, Test loss: 28.29106,Epoch time = 1.719s
05/06/2026 22:09:04 - INFO - utils.trainer -   ***** Running evaluation on test0 dataset *****
05/06/2026 22:09:05 - INFO - utils.trainer -   AUC: 0.97999
05/06/2026 22:09:05 - INFO - utils.trainer -   Accuracy: 0.84982
05/06/2026 22:09:05 - INFO - utils.trainer -   Precision: 1.00000
05/06/2026 22:09:05 - INFO - utils.trainer -   Recall: 0.70714
05/06/2026 22:09:05 - INFO - utils.trainer -   F_score: 0.82845
05/06/2026 22:09:05 - INFO - utils.trainer -   Specificity: 1.00000
05/06/2026 22:09:05 - INFO - utils.trainer -   Sensitivity: 0.70714
05/06/2026 22:09:05 - INFO - utils.trainer -   Loss: 18.65996
05/06/2026 22:09:05 - INFO - utils.trainer -    Train loss: 0.00000, Test loss: 18.65996,Epoch time = 1.864s
05/06/2026 22:09:07 - INFO - utils.trainer -   ***** Running evaluation on test0 dataset *****
05/06/2026 22:09:08 - INFO - utils.trainer -   AUC: 0.64643
05/06/2026 22:09:08 - INFO - utils.trainer -   Accuracy: 0.60806
05/06/2026 22:09:08 - INFO - utils.trainer -   Precision: 1.00000
05/06/2026 22:09:08 - INFO - utils.trainer -   Recall: 0.23571
05/06/2026 22:09:08 - INFO - utils.trainer -   F_score: 0.38150
05/06/2026 22:09:08 - INFO - utils.trainer -   Specificity: 1.00000
05/06/2026 22:09:08 - INFO - utils.trainer -   Sensitivity: 0.23571
05/06/2026 22:09:08 - INFO - utils.trainer -   Loss: 101.35703
05/06/2026 22:09:08 - INFO - utils.trainer -    Train loss: 0.04401, Test loss: 101.35703,Epoch time = 1.946s
05/06/2026 22:09:10 - INFO - utils.trainer -   ***** Running evaluation on test0 dataset *****
05/06/2026 22:09:12 - INFO - utils.trainer -   AUC: 0.96267
05/06/2026 22:09:12 - INFO - utils.trainer -   Accuracy: 0.83516
05/06/2026 22:09:12 - INFO - utils.trainer -   Precision: 1.00000
05/06/2026 22:09:12 - INFO - utils.trainer -   Recall: 0.67857
05/06/2026 22:09:12 - INFO - utils.trainer -   F_score: 0.80851
05/06/2026 22:09:12 - INFO - utils.trainer -   Specificity: 1.00000
05/06/2026 22:09:12 - INFO - utils.trainer -   Sensitivity: 0.67857
05/06/2026 22:09:12 - INFO - utils.trainer -   Loss: 22.47526
05/06/2026 22:09:12 - INFO - utils.trainer -    Train loss: 0.00000, Test loss: 22.47526,Epoch time = 2.139s
05/06/2026 22:09:13 - INFO - utils.trainer -   ***** Running evaluation on test0 dataset *****
05/06/2026 22:09:15 - INFO - utils.trainer -   AUC: 0.96944
05/06/2026 22:09:15 - INFO - utils.trainer -   Accuracy: 0.83883
05/06/2026 22:09:15 - INFO - utils.trainer -   Precision: 1.00000
05/06/2026 22:09:15 - INFO - utils.trainer -   Recall: 0.68571
05/06/2026 22:09:15 - INFO - utils.trainer -   F_score: 0.81356
05/06/2026 22:09:15 - INFO - utils.trainer -   Specificity: 1.00000
05/06/2026 22:09:15 - INFO - utils.trainer -   Sensitivity: 0.68571
05/06/2026 22:09:15 - INFO - utils.trainer -   Loss: 21.70710
05/06/2026 22:09:15 - INFO - utils.trainer -    Train loss: 0.03291, Test loss: 21.70710,Epoch time = 1.631s
05/06/2026 22:09:17 - INFO - utils.trainer -   ***** Running evaluation on test0 dataset *****
05/06/2026 22:09:18 - INFO - utils.trainer -   AUC: 0.98937
05/06/2026 22:09:18 - INFO - utils.trainer -   Accuracy: 0.88278
05/06/2026 22:09:18 - INFO - utils.trainer -   Precision: 1.00000
05/06/2026 22:09:18 - INFO - utils.trainer -   Recall: 0.77143
05/06/2026 22:09:18 - INFO - utils.trainer -   F_score: 0.87097
05/06/2026 22:09:18 - INFO - utils.trainer -   Specificity: 1.00000
05/06/2026 22:09:18 - INFO - utils.trainer -   Sensitivity: 0.77143
05/06/2026 22:09:18 - INFO - utils.trainer -   Loss: 10.66078
05/06/2026 22:09:18 - INFO - utils.trainer -    Train loss: 0.00004, Test loss: 10.66078,Epoch time = 1.836s
05/06/2026 22:09:20 - INFO - utils.trainer -   ***** Running evaluation on test0 dataset *****
05/06/2026 22:09:21 - INFO - utils.trainer -   AUC: 0.98937
05/06/2026 22:09:21 - INFO - utils.trainer -   Accuracy: 0.88645
05/06/2026 22:09:21 - INFO - utils.trainer -   Precision: 1.00000
05/06/2026 22:09:21 - INFO - utils.trainer -   Recall: 0.77857
05/06/2026 22:09:21 - INFO - utils.trainer -   F_score: 0.87550
05/06/2026 22:09:21 - INFO - utils.trainer -   Specificity: 1.00000
05/06/2026 22:09:21 - INFO - utils.trainer -   Sensitivity: 0.77857
05/06/2026 22:09:21 - INFO - utils.trainer -   Loss: 9.46046
05/06/2026 22:09:21 - INFO - utils.trainer -    Train loss: 0.00000, Test loss: 9.46046,Epoch time = 2.064s
05/06/2026 22:09:23 - INFO - utils.trainer -   ***** Running evaluation on test0 dataset *****
05/06/2026 22:09:25 - INFO - utils.trainer -   AUC: 0.98937
05/06/2026 22:09:25 - INFO - utils.trainer -   Accuracy: 0.88645
05/06/2026 22:09:25 - INFO - utils.trainer -   Precision: 1.00000
05/06/2026 22:09:25 - INFO - utils.trainer -   Recall: 0.77857
05/06/2026 22:09:25 - INFO - utils.trainer -   F_score: 0.87550
05/06/2026 22:09:25 - INFO - utils.trainer -   Specificity: 1.00000
05/06/2026 22:09:25 - INFO - utils.trainer -   Sensitivity: 0.77857
05/06/2026 22:09:25 - INFO - utils.trainer -   Loss: 8.95562
05/06/2026 22:09:25 - INFO - utils.trainer -    Train loss: 0.00000, Test loss: 8.95562,Epoch time = 1.867s
05/06/2026 22:09:27 - INFO - utils.trainer -   ***** Running evaluation on test0 dataset *****
05/06/2026 22:09:28 - INFO - utils.trainer -   AUC: 0.98937
05/06/2026 22:09:28 - INFO - utils.trainer -   Accuracy: 0.88645
05/06/2026 22:09:28 - INFO - utils.trainer -   Precision: 1.00000
05/06/2026 22:09:28 - INFO - utils.trainer -   Recall: 0.77857
05/06/2026 22:09:28 - INFO - utils.trainer -   F_score: 0.87550
05/06/2026 22:09:28 - INFO - utils.trainer -   Specificity: 1.00000
05/06/2026 22:09:28 - INFO - utils.trainer -   Sensitivity: 0.77857
05/06/2026 22:09:28 - INFO - utils.trainer -   Loss: 9.74299
05/06/2026 22:09:28 - INFO - utils.trainer -    Train loss: 0.00000, Test loss: 9.74299,Epoch time = 1.934s
05/06/2026 22:09:30 - INFO - utils.trainer -   ***** Running evaluation on test0 dataset *****
05/06/2026 22:09:32 - INFO - utils.trainer -   AUC: 0.98942
05/06/2026 22:09:32 - INFO - utils.trainer -   Accuracy: 0.88645
05/06/2026 22:09:32 - INFO - utils.trainer -   Precision: 1.00000
05/06/2026 22:09:32 - INFO - utils.trainer -   Recall: 0.77857
05/06/2026 22:09:32 - INFO - utils.trainer -   F_score: 0.87550
05/06/2026 22:09:32 - INFO - utils.trainer -   Specificity: 1.00000
05/06/2026 22:09:32 - INFO - utils.trainer -   Sensitivity: 0.77857
05/06/2026 22:09:32 - INFO - utils.trainer -   Loss: 9.67906
05/06/2026 22:09:32 - INFO - utils.trainer -    Train loss: 0.00000, Test loss: 9.67906,Epoch time = 2.104s
05/06/2026 22:09:34 - INFO - utils.trainer -   ***** Running evaluation on test0 dataset *****
05/06/2026 22:09:35 - INFO - utils.trainer -   AUC: 0.98942
05/06/2026 22:09:35 - INFO - utils.trainer -   Accuracy: 0.88645
05/06/2026 22:09:35 - INFO - utils.trainer -   Precision: 1.00000
05/06/2026 22:09:35 - INFO - utils.trainer -   Recall: 0.77857
05/06/2026 22:09:35 - INFO - utils.trainer -   F_score: 0.87550
05/06/2026 22:09:35 - INFO - utils.trainer -   Specificity: 1.00000
05/06/2026 22:09:35 - INFO - utils.trainer -   Sensitivity: 0.77857
05/06/2026 22:09:35 - INFO - utils.trainer -   Loss: 10.35146
05/06/2026 22:09:35 - INFO - utils.trainer -    Train loss: 0.00000, Test loss: 10.35146,Epoch time = 2.102s
05/06/2026 22:09:37 - INFO - utils.trainer -   ***** Running evaluation on test0 dataset *****
05/06/2026 22:09:39 - INFO - utils.trainer -   AUC: 0.98937
05/06/2026 22:09:39 - INFO - utils.trainer -   Accuracy: 0.88645
05/06/2026 22:09:39 - INFO - utils.trainer -   Precision: 1.00000
05/06/2026 22:09:39 - INFO - utils.trainer -   Recall: 0.77857
05/06/2026 22:09:39 - INFO - utils.trainer -   F_score: 0.87550
05/06/2026 22:09:39 - INFO - utils.trainer -   Specificity: 1.00000
05/06/2026 22:09:39 - INFO - utils.trainer -   Sensitivity: 0.77857
05/06/2026 22:09:39 - INFO - utils.trainer -   Loss: 10.11633
05/06/2026 22:09:39 - INFO - utils.trainer -    Train loss: 0.00000, Test loss: 10.11633,Epoch time = 2.006s
05/06/2026 22:09:41 - INFO - utils.trainer -   ***** Running evaluation on test0 dataset *****
05/06/2026 22:09:42 - INFO - utils.trainer -   AUC: 0.98276
05/06/2026 22:09:42 - INFO - utils.trainer -   Accuracy: 0.95971
05/06/2026 22:09:42 - INFO - utils.trainer -   Precision: 0.94483
05/06/2026 22:09:42 - INFO - utils.trainer -   Recall: 0.97857
05/06/2026 22:09:42 - INFO - utils.trainer -   F_score: 0.96140
05/06/2026 22:09:42 - INFO - utils.trainer -   Specificity: 0.93985
05/06/2026 22:09:42 - INFO - utils.trainer -   Sensitivity: 0.97857
05/06/2026 22:09:42 - INFO - utils.trainer -   Loss: 3.52978
05/06/2026 22:09:42 - INFO - utils.trainer -    Train loss: 0.00893, Test loss: 3.52978,Epoch time = 1.767s
05/06/2026 22:09:44 - INFO - utils.trainer -   ***** Running evaluation on test0 dataset *****
05/06/2026 22:09:45 - INFO - utils.trainer -   AUC: 0.99272
05/06/2026 22:09:45 - INFO - utils.trainer -   Accuracy: 0.95238
05/06/2026 22:09:45 - INFO - utils.trainer -   Precision: 0.99225
05/06/2026 22:09:45 - INFO - utils.trainer -   Recall: 0.91429
05/06/2026 22:09:45 - INFO - utils.trainer -   F_score: 0.95167
05/06/2026 22:09:45 - INFO - utils.trainer -   Specificity: 0.99248
05/06/2026 22:09:45 - INFO - utils.trainer -   Sensitivity: 0.91429
05/06/2026 22:09:45 - INFO - utils.trainer -   Loss: 5.47389
05/06/2026 22:09:45 - INFO - utils.trainer -    Train loss: 0.00000, Test loss: 5.47389,Epoch time = 2.061s
05/06/2026 22:09:48 - INFO - utils.trainer -   ***** Running evaluation on test0 dataset *****
05/06/2026 22:09:49 - INFO - utils.trainer -   AUC: 0.95226
05/06/2026 22:09:49 - INFO - utils.trainer -   Accuracy: 0.83883
05/06/2026 22:09:49 - INFO - utils.trainer -   Precision: 1.00000
05/06/2026 22:09:49 - INFO - utils.trainer -   Recall: 0.68571
05/06/2026 22:09:49 - INFO - utils.trainer -   F_score: 0.81356
05/06/2026 22:09:49 - INFO - utils.trainer -   Specificity: 1.00000
05/06/2026 22:09:49 - INFO - utils.trainer -   Sensitivity: 0.68571
05/06/2026 22:09:49 - INFO - utils.trainer -   Loss: 22.96927
05/06/2026 22:09:49 - INFO - utils.trainer -    Train loss: 0.00000, Test loss: 22.96927,Epoch time = 2.356s
05/06/2026 22:09:50 - INFO - utils.trainer -   ***** Running evaluation on test0 dataset *****
05/06/2026 22:09:52 - INFO - utils.trainer -   AUC: 0.99527
05/06/2026 22:09:52 - INFO - utils.trainer -   Accuracy: 0.88645
05/06/2026 22:09:52 - INFO - utils.trainer -   Precision: 1.00000
05/06/2026 22:09:52 - INFO - utils.trainer -   Recall: 0.77857
05/06/2026 22:09:52 - INFO - utils.trainer -   F_score: 0.87550
05/06/2026 22:09:52 - INFO - utils.trainer -   Specificity: 1.00000
05/06/2026 22:09:52 - INFO - utils.trainer -   Sensitivity: 0.77857
05/06/2026 22:09:52 - INFO - utils.trainer -   Loss: 7.66380
05/06/2026 22:09:52 - INFO - utils.trainer -    Train loss: 0.02432, Test loss: 7.66380,Epoch time = 1.711s
05/06/2026 22:09:54 - INFO - utils.trainer -   ***** Running evaluation on test0 dataset *****
05/06/2026 22:09:55 - INFO - utils.trainer -   AUC: 0.98974
05/06/2026 22:09:55 - INFO - utils.trainer -   Accuracy: 0.87912
05/06/2026 22:09:55 - INFO - utils.trainer -   Precision: 1.00000
05/06/2026 22:09:55 - INFO - utils.trainer -   Recall: 0.76429
05/06/2026 22:09:55 - INFO - utils.trainer -   F_score: 0.86640
05/06/2026 22:09:55 - INFO - utils.trainer -   Specificity: 1.00000
05/06/2026 22:09:55 - INFO - utils.trainer -   Sensitivity: 0.76429
05/06/2026 22:09:55 - INFO - utils.trainer -   Loss: 11.62825
05/06/2026 22:09:55 - INFO - utils.trainer -    Train loss: 0.00000, Test loss: 11.62825,Epoch time = 1.781s
05/06/2026 22:09:57 - INFO - utils.trainer -   ***** Running evaluation on test0 dataset *****
05/06/2026 22:09:58 - INFO - utils.trainer -   AUC: 0.98990
05/06/2026 22:09:58 - INFO - utils.trainer -   Accuracy: 0.87546
05/06/2026 22:09:58 - INFO - utils.trainer -   Precision: 1.00000
05/06/2026 22:09:58 - INFO - utils.trainer -   Recall: 0.75714
05/06/2026 22:09:58 - INFO - utils.trainer -   F_score: 0.86179
05/06/2026 22:09:58 - INFO - utils.trainer -   Specificity: 1.00000
05/06/2026 22:09:58 - INFO - utils.trainer -   Sensitivity: 0.75714
05/06/2026 22:09:58 - INFO - utils.trainer -   Loss: 12.46273
05/06/2026 22:09:58 - INFO - utils.trainer -    Train loss: 0.00000, Test loss: 12.46273,Epoch time = 2.356s
05/06/2026 22:10:00 - INFO - utils.trainer -   ***** Running evaluation on test0 dataset *****
05/06/2026 22:10:02 - INFO - utils.trainer -   AUC: 0.98985
05/06/2026 22:10:02 - INFO - utils.trainer -   Accuracy: 0.87912
05/06/2026 22:10:02 - INFO - utils.trainer -   Precision: 1.00000
05/06/2026 22:10:02 - INFO - utils.trainer -   Recall: 0.76429
05/06/2026 22:10:02 - INFO - utils.trainer -   F_score: 0.86640
05/06/2026 22:10:02 - INFO - utils.trainer -   Specificity: 1.00000
05/06/2026 22:10:02 - INFO - utils.trainer -   Sensitivity: 0.76429
05/06/2026 22:10:02 - INFO - utils.trainer -   Loss: 11.64387
05/06/2026 22:10:02 - INFO - utils.trainer -    Train loss: 0.00000, Test loss: 11.64387,Epoch time = 1.815s
05/06/2026 22:10:04 - INFO - utils.trainer -   ***** Running evaluation on test0 dataset *****
05/06/2026 22:10:05 - INFO - utils.trainer -   AUC: 0.98996
05/06/2026 22:10:05 - INFO - utils.trainer -   Accuracy: 0.87912
05/06/2026 22:10:05 - INFO - utils.trainer -   Precision: 1.00000
05/06/2026 22:10:05 - INFO - utils.trainer -   Recall: 0.76429
05/06/2026 22:10:05 - INFO - utils.trainer -   F_score: 0.86640
05/06/2026 22:10:05 - INFO - utils.trainer -   Specificity: 1.00000
05/06/2026 22:10:05 - INFO - utils.trainer -   Sensitivity: 0.76429
05/06/2026 22:10:05 - INFO - utils.trainer -   Loss: 11.37229
05/06/2026 22:10:05 - INFO - utils.trainer -    Train loss: 0.00000, Test loss: 11.37229,Epoch time = 1.857s
05/06/2026 22:10:07 - INFO - utils.trainer -   ***** Running evaluation on test0 dataset *****
05/06/2026 22:10:08 - INFO - utils.trainer -   AUC: 0.98977
05/06/2026 22:10:08 - INFO - utils.trainer -   Accuracy: 0.87179
05/06/2026 22:10:08 - INFO - utils.trainer -   Precision: 1.00000
05/06/2026 22:10:08 - INFO - utils.trainer -   Recall: 0.75000
05/06/2026 22:10:08 - INFO - utils.trainer -   F_score: 0.85714
05/06/2026 22:10:08 - INFO - utils.trainer -   Specificity: 1.00000
05/06/2026 22:10:08 - INFO - utils.trainer -   Sensitivity: 0.75000
05/06/2026 22:10:08 - INFO - utils.trainer -   Loss: 12.54802
05/06/2026 22:10:08 - INFO - utils.trainer -    Train loss: 0.00000, Test loss: 12.54802,Epoch time = 2.117s
05/06/2026 22:10:10 - INFO - utils.trainer -   ***** Running evaluation on test0 dataset *****
05/06/2026 22:10:12 - INFO - utils.trainer -   AUC: 0.98993
05/06/2026 22:10:12 - INFO - utils.trainer -   Accuracy: 0.87546
05/06/2026 22:10:12 - INFO - utils.trainer -   Precision: 1.00000
05/06/2026 22:10:12 - INFO - utils.trainer -   Recall: 0.75714
05/06/2026 22:10:12 - INFO - utils.trainer -   F_score: 0.86179
05/06/2026 22:10:12 - INFO - utils.trainer -   Specificity: 1.00000
05/06/2026 22:10:12 - INFO - utils.trainer -   Sensitivity: 0.75714
05/06/2026 22:10:12 - INFO - utils.trainer -   Loss: 12.96062
05/06/2026 22:10:12 - INFO - utils.trainer -    Train loss: 0.00000, Test loss: 12.96062,Epoch time = 2.038s
05/06/2026 22:10:14 - INFO - utils.trainer -   ***** Running evaluation on test0 dataset *****
05/06/2026 22:10:15 - INFO - utils.trainer -   AUC: 0.98990
05/06/2026 22:10:15 - INFO - utils.trainer -   Accuracy: 0.87546
05/06/2026 22:10:15 - INFO - utils.trainer -   Precision: 1.00000
05/06/2026 22:10:15 - INFO - utils.trainer -   Recall: 0.75714
05/06/2026 22:10:15 - INFO - utils.trainer -   F_score: 0.86179
05/06/2026 22:10:15 - INFO - utils.trainer -   Specificity: 1.00000
05/06/2026 22:10:15 - INFO - utils.trainer -   Sensitivity: 0.75714
05/06/2026 22:10:15 - INFO - utils.trainer -   Loss: 12.46028
05/06/2026 22:10:15 - INFO - utils.trainer -    Train loss: 0.00000, Test loss: 12.46028,Epoch time = 2.029s
05/06/2026 22:10:17 - INFO - utils.trainer -   ***** Running evaluation on test0 dataset *****
05/06/2026 22:10:19 - INFO - utils.trainer -   AUC: 0.98985
05/06/2026 22:10:19 - INFO - utils.trainer -   Accuracy: 0.87546
05/06/2026 22:10:19 - INFO - utils.trainer -   Precision: 1.00000
05/06/2026 22:10:19 - INFO - utils.trainer -   Recall: 0.75714
05/06/2026 22:10:19 - INFO - utils.trainer -   F_score: 0.86179
05/06/2026 22:10:19 - INFO - utils.trainer -   Specificity: 1.00000
05/06/2026 22:10:19 - INFO - utils.trainer -   Sensitivity: 0.75714
05/06/2026 22:10:19 - INFO - utils.trainer -   Loss: 12.35623
05/06/2026 22:10:19 - INFO - utils.trainer -    Train loss: 0.00000, Test loss: 12.35623,Epoch time = 1.804s
05/06/2026 22:10:20 - INFO - utils.trainer -   ***** Running evaluation on test0 dataset *****
05/06/2026 22:10:21 - INFO - utils.trainer -   AUC: 0.98980
05/06/2026 22:10:21 - INFO - utils.trainer -   Accuracy: 0.87546
05/06/2026 22:10:21 - INFO - utils.trainer -   Precision: 1.00000
05/06/2026 22:10:21 - INFO - utils.trainer -   Recall: 0.75714
05/06/2026 22:10:21 - INFO - utils.trainer -   F_score: 0.86179
05/06/2026 22:10:21 - INFO - utils.trainer -   Specificity: 1.00000
05/06/2026 22:10:21 - INFO - utils.trainer -   Sensitivity: 0.75714
05/06/2026 22:10:21 - INFO - utils.trainer -   Loss: 12.61993
05/06/2026 22:10:21 - INFO - utils.trainer -    Train loss: 0.00000, Test loss: 12.61993,Epoch time = 1.708s
05/06/2026 22:10:24 - INFO - utils.trainer -   ***** Running evaluation on test0 dataset *****
05/06/2026 22:10:25 - INFO - utils.trainer -   AUC: 0.98996
05/06/2026 22:10:25 - INFO - utils.trainer -   Accuracy: 0.87912
05/06/2026 22:10:25 - INFO - utils.trainer -   Precision: 1.00000
05/06/2026 22:10:25 - INFO - utils.trainer -   Recall: 0.76429
05/06/2026 22:10:25 - INFO - utils.trainer -   F_score: 0.86640
05/06/2026 22:10:25 - INFO - utils.trainer -   Specificity: 1.00000
05/06/2026 22:10:25 - INFO - utils.trainer -   Sensitivity: 0.76429
05/06/2026 22:10:25 - INFO - utils.trainer -   Loss: 11.95480
05/06/2026 22:10:25 - INFO - utils.trainer -    Train loss: 0.00000, Test loss: 11.95480,Epoch time = 2.369s
05/06/2026 22:10:27 - INFO - utils.trainer -   ***** Running evaluation on test0 dataset *****
05/06/2026 22:10:28 - INFO - utils.trainer -   AUC: 0.98985
05/06/2026 22:10:28 - INFO - utils.trainer -   Accuracy: 0.88278
05/06/2026 22:10:28 - INFO - utils.trainer -   Precision: 1.00000
05/06/2026 22:10:28 - INFO - utils.trainer -   Recall: 0.77143
05/06/2026 22:10:28 - INFO - utils.trainer -   F_score: 0.87097
05/06/2026 22:10:28 - INFO - utils.trainer -   Specificity: 1.00000
05/06/2026 22:10:28 - INFO - utils.trainer -   Sensitivity: 0.77143
05/06/2026 22:10:28 - INFO - utils.trainer -   Loss: 11.09572
05/06/2026 22:10:28 - INFO - utils.trainer -    Train loss: 0.00000, Test loss: 11.09572,Epoch time = 1.928s
05/06/2026 22:10:30 - INFO - utils.trainer -   ***** Running evaluation on test0 dataset *****
05/06/2026 22:10:31 - INFO - utils.trainer -   AUC: 0.97513
05/06/2026 22:10:31 - INFO - utils.trainer -   Accuracy: 0.95604
05/06/2026 22:10:31 - INFO - utils.trainer -   Precision: 0.93243
05/06/2026 22:10:31 - INFO - utils.trainer -   Recall: 0.98571
05/06/2026 22:10:31 - INFO - utils.trainer -   F_score: 0.95833
05/06/2026 22:10:31 - INFO - utils.trainer -   Specificity: 0.92481
05/06/2026 22:10:31 - INFO - utils.trainer -   Sensitivity: 0.98571
05/06/2026 22:10:31 - INFO - utils.trainer -   Loss: 2.68054
05/06/2026 22:10:31 - INFO - utils.trainer -    Train loss: 0.08551, Test loss: 2.68054,Epoch time = 1.777s
05/06/2026 22:10:34 - INFO - utils.trainer -   ***** Running evaluation on test0 dataset *****
05/06/2026 22:10:35 - INFO - utils.trainer -   AUC: 0.50752
05/06/2026 22:10:35 - INFO - utils.trainer -   Accuracy: 0.51648
05/06/2026 22:10:35 - INFO - utils.trainer -   Precision: 0.51471
05/06/2026 22:10:35 - INFO - utils.trainer -   Recall: 1.00000
05/06/2026 22:10:35 - INFO - utils.trainer -   F_score: 0.67961
05/06/2026 22:10:35 - INFO - utils.trainer -   Specificity: 0.00752
05/06/2026 22:10:35 - INFO - utils.trainer -   Sensitivity: 1.00000
05/06/2026 22:10:35 - INFO - utils.trainer -   Loss: 105.05561
05/06/2026 22:10:35 - INFO - utils.trainer -    Train loss: 0.04511, Test loss: 105.05561,Epoch time = 2.515s
05/06/2026 22:10:37 - INFO - utils.trainer -   ***** Running evaluation on test0 dataset *****
05/06/2026 22:10:39 - INFO - utils.trainer -   AUC: 0.98958
05/06/2026 22:10:39 - INFO - utils.trainer -   Accuracy: 0.87912
05/06/2026 22:10:39 - INFO - utils.trainer -   Precision: 1.00000
05/06/2026 22:10:39 - INFO - utils.trainer -   Recall: 0.76429
05/06/2026 22:10:39 - INFO - utils.trainer -   F_score: 0.86640
05/06/2026 22:10:39 - INFO - utils.trainer -   Specificity: 1.00000
05/06/2026 22:10:39 - INFO - utils.trainer -   Sensitivity: 0.76429
05/06/2026 22:10:39 - INFO - utils.trainer -   Loss: 10.90820
05/06/2026 22:10:39 - INFO - utils.trainer -    Train loss: 0.00000, Test loss: 10.90820,Epoch time = 2.225s
05/06/2026 22:10:41 - INFO - utils.trainer -   ***** Running evaluation on test0 dataset *****
05/06/2026 22:10:42 - INFO - utils.trainer -   AUC: 0.97675
05/06/2026 22:10:42 - INFO - utils.trainer -   Accuracy: 0.86081
05/06/2026 22:10:42 - INFO - utils.trainer -   Precision: 1.00000
05/06/2026 22:10:42 - INFO - utils.trainer -   Recall: 0.72857
05/06/2026 22:10:42 - INFO - utils.trainer -   F_score: 0.84298
05/06/2026 22:10:42 - INFO - utils.trainer -   Specificity: 1.00000
05/06/2026 22:10:42 - INFO - utils.trainer -   Sensitivity: 0.72857
05/06/2026 22:10:42 - INFO - utils.trainer -   Loss: 18.78629
05/06/2026 22:10:42 - INFO - utils.trainer -    Train loss: 0.00000, Test loss: 18.78629,Epoch time = 2.091s
05/06/2026 22:10:44 - INFO - utils.trainer -   ***** Running evaluation on test0 dataset *****
05/06/2026 22:10:45 - INFO - utils.trainer -   AUC: 0.94968
05/06/2026 22:10:45 - INFO - utils.trainer -   Accuracy: 0.92674
05/06/2026 22:10:45 - INFO - utils.trainer -   Precision: 0.88462
05/06/2026 22:10:45 - INFO - utils.trainer -   Recall: 0.98571
05/06/2026 22:10:45 - INFO - utils.trainer -   F_score: 0.93243
05/06/2026 22:10:45 - INFO - utils.trainer -   Specificity: 0.86466
05/06/2026 22:10:45 - INFO - utils.trainer -   Sensitivity: 0.98571
05/06/2026 22:10:45 - INFO - utils.trainer -   Loss: 2.81258
05/06/2026 22:10:45 - INFO - utils.trainer -    Train loss: 0.01301, Test loss: 2.81258,Epoch time = 1.896s
05/06/2026 22:10:47 - INFO - utils.trainer -   ***** Running evaluation on test0 dataset *****
05/06/2026 22:10:49 - INFO - utils.trainer -   AUC: 0.98958
05/06/2026 22:10:49 - INFO - utils.trainer -   Accuracy: 0.88278
05/06/2026 22:10:49 - INFO - utils.trainer -   Precision: 1.00000
05/06/2026 22:10:49 - INFO - utils.trainer -   Recall: 0.77143
05/06/2026 22:10:49 - INFO - utils.trainer -   F_score: 0.87097
05/06/2026 22:10:49 - INFO - utils.trainer -   Specificity: 1.00000
05/06/2026 22:10:49 - INFO - utils.trainer -   Sensitivity: 0.77143
05/06/2026 22:10:49 - INFO - utils.trainer -   Loss: 10.21630
05/06/2026 22:10:49 - INFO - utils.trainer -    Train loss: 0.00000, Test loss: 10.21630,Epoch time = 2.004s
05/06/2026 22:10:51 - INFO - utils.trainer -   ***** Running evaluation on test0 dataset *****
05/06/2026 22:10:52 - INFO - utils.trainer -   AUC: 0.54511
05/06/2026 22:10:52 - INFO - utils.trainer -   Accuracy: 0.54579
05/06/2026 22:10:52 - INFO - utils.trainer -   Precision: 0.53030
05/06/2026 22:10:52 - INFO - utils.trainer -   Recall: 1.00000
05/06/2026 22:10:52 - INFO - utils.trainer -   F_score: 0.69307
05/06/2026 22:10:52 - INFO - utils.trainer -   Specificity: 0.06767
05/06/2026 22:10:52 - INFO - utils.trainer -   Sensitivity: 1.00000
05/06/2026 22:10:52 - INFO - utils.trainer -   Loss: 83.35089
05/06/2026 22:10:52 - INFO - utils.trainer -    Train loss: 0.86279, Test loss: 83.35089,Epoch time = 1.949s
05/06/2026 22:10:54 - INFO - utils.trainer -   ***** Running evaluation on test0 dataset *****
05/06/2026 22:10:55 - INFO - utils.trainer -   AUC: 0.97583
05/06/2026 22:10:55 - INFO - utils.trainer -   Accuracy: 0.96703
05/06/2026 22:10:55 - INFO - utils.trainer -   Precision: 0.95172
05/06/2026 22:10:55 - INFO - utils.trainer -   Recall: 0.98571
05/06/2026 22:10:55 - INFO - utils.trainer -   F_score: 0.96842
05/06/2026 22:10:55 - INFO - utils.trainer -   Specificity: 0.94737
05/06/2026 22:10:55 - INFO - utils.trainer -   Sensitivity: 0.98571
05/06/2026 22:10:55 - INFO - utils.trainer -   Loss: 3.12975
05/06/2026 22:10:55 - INFO - utils.trainer -    Train loss: 0.25146, Test loss: 3.12975,Epoch time = 2.199s
05/06/2026 22:10:57 - INFO - utils.trainer -   ***** Running evaluation on test0 dataset *****
05/06/2026 22:10:59 - INFO - utils.trainer -   AUC: 0.98985
05/06/2026 22:10:59 - INFO - utils.trainer -   Accuracy: 0.87546
05/06/2026 22:10:59 - INFO - utils.trainer -   Precision: 1.00000
05/06/2026 22:10:59 - INFO - utils.trainer -   Recall: 0.75714
05/06/2026 22:10:59 - INFO - utils.trainer -   F_score: 0.86179
05/06/2026 22:10:59 - INFO - utils.trainer -   Specificity: 1.00000
05/06/2026 22:10:59 - INFO - utils.trainer -   Sensitivity: 0.75714
05/06/2026 22:10:59 - INFO - utils.trainer -   Loss: 12.46620
05/06/2026 22:10:59 - INFO - utils.trainer -    Train loss: 0.00000, Test loss: 12.46620,Epoch time = 1.812s
05/06/2026 22:11:01 - INFO - utils.trainer -   ***** Running evaluation on test0 dataset *****
05/06/2026 22:11:02 - INFO - utils.trainer -   AUC: 0.98996
05/06/2026 22:11:02 - INFO - utils.trainer -   Accuracy: 0.86813
05/06/2026 22:11:02 - INFO - utils.trainer -   Precision: 1.00000
05/06/2026 22:11:02 - INFO - utils.trainer -   Recall: 0.74286
05/06/2026 22:11:02 - INFO - utils.trainer -   F_score: 0.85246
05/06/2026 22:11:02 - INFO - utils.trainer -   Specificity: 1.00000
05/06/2026 22:11:02 - INFO - utils.trainer -   Sensitivity: 0.74286
05/06/2026 22:11:02 - INFO - utils.trainer -   Loss: 13.62407
05/06/2026 22:11:02 - INFO - utils.trainer -    Train loss: 0.00000, Test loss: 13.62407,Epoch time = 1.857s
05/06/2026 22:11:04 - INFO - utils.trainer -   ***** Running evaluation on test0 dataset *****
05/06/2026 22:11:05 - INFO - utils.trainer -   AUC: 0.98990
05/06/2026 22:11:05 - INFO - utils.trainer -   Accuracy: 0.87179
05/06/2026 22:11:05 - INFO - utils.trainer -   Precision: 1.00000
05/06/2026 22:11:05 - INFO - utils.trainer -   Recall: 0.75000
05/06/2026 22:11:05 - INFO - utils.trainer -   F_score: 0.85714
05/06/2026 22:11:05 - INFO - utils.trainer -   Specificity: 1.00000
05/06/2026 22:11:05 - INFO - utils.trainer -   Sensitivity: 0.75000
05/06/2026 22:11:05 - INFO - utils.trainer -   Loss: 12.76479
05/06/2026 22:11:05 - INFO - utils.trainer -    Train loss: 0.00000, Test loss: 12.76479,Epoch time = 2.307s
05/06/2026 22:11:07 - INFO - utils.trainer -   ***** Running evaluation on test0 dataset *****
05/06/2026 22:11:08 - INFO - utils.trainer -   AUC: 0.98990
05/06/2026 22:11:08 - INFO - utils.trainer -   Accuracy: 0.87912
05/06/2026 22:11:08 - INFO - utils.trainer -   Precision: 1.00000
05/06/2026 22:11:08 - INFO - utils.trainer -   Recall: 0.76429
05/06/2026 22:11:08 - INFO - utils.trainer -   F_score: 0.86640
05/06/2026 22:11:08 - INFO - utils.trainer -   Specificity: 1.00000
05/06/2026 22:11:08 - INFO - utils.trainer -   Sensitivity: 0.76429
05/06/2026 22:11:08 - INFO - utils.trainer -   Loss: 11.85972
05/06/2026 22:11:08 - INFO - utils.trainer -    Train loss: 0.00000, Test loss: 11.85972,Epoch time = 1.702s
05/06/2026 22:11:10 - INFO - utils.trainer -   ***** Running evaluation on test0 dataset *****
05/06/2026 22:11:12 - INFO - utils.trainer -   AUC: 0.99627
05/06/2026 22:11:12 - INFO - utils.trainer -   Accuracy: 0.95238
05/06/2026 22:11:12 - INFO - utils.trainer -   Precision: 0.99225
05/06/2026 22:11:12 - INFO - utils.trainer -   Recall: 0.91429
05/06/2026 22:11:12 - INFO - utils.trainer -   F_score: 0.95167
05/06/2026 22:11:12 - INFO - utils.trainer -   Specificity: 0.99248
05/06/2026 22:11:12 - INFO - utils.trainer -   Sensitivity: 0.91429
05/06/2026 22:11:12 - INFO - utils.trainer -   Loss: 6.48661
05/06/2026 22:11:12 - INFO - utils.trainer -    Train loss: 0.04549, Test loss: 6.48661,Epoch time = 1.879s
05/06/2026 22:11:13 - INFO - utils.trainer -   ***** Running evaluation on test0 dataset *****
05/06/2026 22:11:15 - INFO - utils.trainer -   AUC: 0.99017
05/06/2026 22:11:15 - INFO - utils.trainer -   Accuracy: 0.87179
05/06/2026 22:11:15 - INFO - utils.trainer -   Precision: 1.00000
05/06/2026 22:11:15 - INFO - utils.trainer -   Recall: 0.75000
05/06/2026 22:11:15 - INFO - utils.trainer -   F_score: 0.85714
05/06/2026 22:11:15 - INFO - utils.trainer -   Specificity: 1.00000
05/06/2026 22:11:15 - INFO - utils.trainer -   Sensitivity: 0.75000
05/06/2026 22:11:15 - INFO - utils.trainer -   Loss: 14.99090
05/06/2026 22:11:15 - INFO - utils.trainer -    Train loss: 0.00000, Test loss: 14.99090,Epoch time = 1.771s
05/06/2026 22:11:17 - INFO - utils.trainer -   ***** Running evaluation on test0 dataset *****
05/06/2026 22:11:18 - INFO - utils.trainer -   AUC: 0.98698
05/06/2026 22:11:18 - INFO - utils.trainer -   Accuracy: 0.87179
05/06/2026 22:11:18 - INFO - utils.trainer -   Precision: 1.00000
05/06/2026 22:11:18 - INFO - utils.trainer -   Recall: 0.75000
05/06/2026 22:11:18 - INFO - utils.trainer -   F_score: 0.85714
05/06/2026 22:11:18 - INFO - utils.trainer -   Specificity: 1.00000
05/06/2026 22:11:18 - INFO - utils.trainer -   Sensitivity: 0.75000
05/06/2026 22:11:18 - INFO - utils.trainer -   Loss: 15.56222
05/06/2026 22:11:18 - INFO - utils.trainer -    Train loss: 0.00000, Test loss: 15.56222,Epoch time = 1.922s
05/06/2026 22:11:20 - INFO - utils.trainer -   ***** Running evaluation on test0 dataset *****
05/06/2026 22:11:21 - INFO - utils.trainer -   AUC: 0.99388
05/06/2026 22:11:21 - INFO - utils.trainer -   Accuracy: 0.88645
05/06/2026 22:11:21 - INFO - utils.trainer -   Precision: 1.00000
05/06/2026 22:11:21 - INFO - utils.trainer -   Recall: 0.77857
05/06/2026 22:11:21 - INFO - utils.trainer -   F_score: 0.87550
05/06/2026 22:11:21 - INFO - utils.trainer -   Specificity: 1.00000
05/06/2026 22:11:21 - INFO - utils.trainer -   Sensitivity: 0.77857
05/06/2026 22:11:21 - INFO - utils.trainer -   Loss: 9.27039
05/06/2026 22:11:21 - INFO - utils.trainer -    Train loss: 0.14709, Test loss: 9.27039,Epoch time = 1.979s
05/06/2026 22:11:23 - INFO - utils.trainer -   ***** Running evaluation on test0 dataset *****
05/06/2026 22:11:24 - INFO - utils.trainer -   AUC: 0.98703
05/06/2026 22:11:24 - INFO - utils.trainer -   Accuracy: 0.86447
05/06/2026 22:11:24 - INFO - utils.trainer -   Precision: 1.00000
05/06/2026 22:11:24 - INFO - utils.trainer -   Recall: 0.73571
05/06/2026 22:11:24 - INFO - utils.trainer -   F_score: 0.84774
05/06/2026 22:11:24 - INFO - utils.trainer -   Specificity: 1.00000
05/06/2026 22:11:24 - INFO - utils.trainer -   Sensitivity: 0.73571
05/06/2026 22:11:24 - INFO - utils.trainer -   Loss: 15.25919
05/06/2026 22:11:24 - INFO - utils.trainer -    Train loss: 0.00000, Test loss: 15.25919,Epoch time = 1.792s
05/06/2026 22:11:27 - INFO - utils.trainer -   ***** Running evaluation on test0 dataset *****
05/06/2026 22:11:28 - INFO - utils.trainer -   AUC: 0.98708
05/06/2026 22:11:28 - INFO - utils.trainer -   Accuracy: 0.86081
05/06/2026 22:11:28 - INFO - utils.trainer -   Precision: 1.00000
05/06/2026 22:11:28 - INFO - utils.trainer -   Recall: 0.72857
05/06/2026 22:11:28 - INFO - utils.trainer -   F_score: 0.84298
05/06/2026 22:11:28 - INFO - utils.trainer -   Specificity: 1.00000
05/06/2026 22:11:28 - INFO - utils.trainer -   Sensitivity: 0.72857
05/06/2026 22:11:28 - INFO - utils.trainer -   Loss: 15.76508
05/06/2026 22:11:28 - INFO - utils.trainer -    Train loss: 0.00000, Test loss: 15.76508,Epoch time = 2.141s
05/06/2026 22:11:30 - INFO - utils.trainer -   ***** Running evaluation on test0 dataset *****
05/06/2026 22:11:32 - INFO - utils.trainer -   AUC: 0.98649
05/06/2026 22:11:32 - INFO - utils.trainer -   Accuracy: 0.83516
05/06/2026 22:11:32 - INFO - utils.trainer -   Precision: 1.00000
05/06/2026 22:11:32 - INFO - utils.trainer -   Recall: 0.67857
05/06/2026 22:11:32 - INFO - utils.trainer -   F_score: 0.80851
05/06/2026 22:11:32 - INFO - utils.trainer -   Specificity: 1.00000
05/06/2026 22:11:32 - INFO - utils.trainer -   Sensitivity: 0.67857
05/06/2026 22:11:32 - INFO - utils.trainer -   Loss: 16.49707
05/06/2026 22:11:32 - INFO - utils.trainer -    Train loss: 0.10709, Test loss: 16.49707,Epoch time = 2.319s
05/06/2026 22:11:34 - INFO - utils.trainer -   ***** Running evaluation on test0 dataset *****
05/06/2026 22:11:35 - INFO - utils.trainer -   AUC: 0.97363
05/06/2026 22:11:35 - INFO - utils.trainer -   Accuracy: 0.85714
05/06/2026 22:11:35 - INFO - utils.trainer -   Precision: 1.00000
05/06/2026 22:11:35 - INFO - utils.trainer -   Recall: 0.72143
05/06/2026 22:11:35 - INFO - utils.trainer -   F_score: 0.83817
05/06/2026 22:11:35 - INFO - utils.trainer -   Specificity: 1.00000
05/06/2026 22:11:35 - INFO - utils.trainer -   Sensitivity: 0.72143
05/06/2026 22:11:35 - INFO - utils.trainer -   Loss: 20.50880
05/06/2026 22:11:35 - INFO - utils.trainer -    Train loss: 0.00000, Test loss: 20.50880,Epoch time = 2.071s
05/06/2026 22:11:37 - INFO - utils.trainer -   ***** Running evaluation on test0 dataset *****
05/06/2026 22:11:38 - INFO - utils.trainer -   AUC: 0.97696
05/06/2026 22:11:38 - INFO - utils.trainer -   Accuracy: 0.85714
05/06/2026 22:11:38 - INFO - utils.trainer -   Precision: 1.00000
05/06/2026 22:11:38 - INFO - utils.trainer -   Recall: 0.72143
05/06/2026 22:11:38 - INFO - utils.trainer -   F_score: 0.83817
05/06/2026 22:11:38 - INFO - utils.trainer -   Specificity: 1.00000
05/06/2026 22:11:38 - INFO - utils.trainer -   Sensitivity: 0.72143
05/06/2026 22:11:38 - INFO - utils.trainer -   Loss: 19.75051
05/06/2026 22:11:38 - INFO - utils.trainer -    Train loss: 0.00000, Test loss: 19.75051,Epoch time = 1.777s
05/06/2026 22:11:40 - INFO - utils.trainer -   ***** Running evaluation on test0 dataset *****
05/06/2026 22:11:42 - INFO - utils.trainer -   AUC: 0.98400
05/06/2026 22:11:42 - INFO - utils.trainer -   Accuracy: 0.86081
05/06/2026 22:11:42 - INFO - utils.trainer -   Precision: 1.00000
05/06/2026 22:11:42 - INFO - utils.trainer -   Recall: 0.72857
05/06/2026 22:11:42 - INFO - utils.trainer -   F_score: 0.84298
05/06/2026 22:11:42 - INFO - utils.trainer -   Specificity: 1.00000
05/06/2026 22:11:42 - INFO - utils.trainer -   Sensitivity: 0.72857
05/06/2026 22:11:42 - INFO - utils.trainer -   Loss: 18.77252
05/06/2026 22:11:42 - INFO - utils.trainer -    Train loss: 0.00015, Test loss: 18.77252,Epoch time = 1.631s
05/06/2026 22:11:44 - INFO - utils.trainer -   ***** Running evaluation on test0 dataset *****
05/06/2026 22:11:45 - INFO - utils.trainer -   AUC: 0.98389
05/06/2026 22:11:45 - INFO - utils.trainer -   Accuracy: 0.86081
05/06/2026 22:11:45 - INFO - utils.trainer -   Precision: 1.00000
05/06/2026 22:11:45 - INFO - utils.trainer -   Recall: 0.72857
05/06/2026 22:11:45 - INFO - utils.trainer -   F_score: 0.84298
05/06/2026 22:11:45 - INFO - utils.trainer -   Specificity: 1.00000
05/06/2026 22:11:45 - INFO - utils.trainer -   Sensitivity: 0.72857
05/06/2026 22:11:45 - INFO - utils.trainer -   Loss: 17.72615
05/06/2026 22:11:45 - INFO - utils.trainer -    Train loss: 0.00000, Test loss: 17.72615,Epoch time = 2.440s
05/06/2026 22:11:47 - INFO - utils.trainer -   ***** Running evaluation on test0 dataset *****
05/06/2026 22:11:49 - INFO - utils.trainer -   AUC: 0.98389
05/06/2026 22:11:49 - INFO - utils.trainer -   Accuracy: 0.86081
05/06/2026 22:11:49 - INFO - utils.trainer -   Precision: 1.00000
05/06/2026 22:11:49 - INFO - utils.trainer -   Recall: 0.72857
05/06/2026 22:11:49 - INFO - utils.trainer -   F_score: 0.84298
05/06/2026 22:11:49 - INFO - utils.trainer -   Specificity: 1.00000
05/06/2026 22:11:49 - INFO - utils.trainer -   Sensitivity: 0.72857
05/06/2026 22:11:49 - INFO - utils.trainer -   Loss: 18.21137
05/06/2026 22:11:49 - INFO - utils.trainer -    Train loss: 0.00000, Test loss: 18.21137,Epoch time = 1.783s
05/06/2026 22:11:50 - INFO - utils.trainer -   ***** Running evaluation on test0 dataset *****
05/06/2026 22:11:52 - INFO - utils.trainer -   AUC: 0.99694
05/06/2026 22:11:52 - INFO - utils.trainer -   Accuracy: 0.89377
05/06/2026 22:11:52 - INFO - utils.trainer -   Precision: 1.00000
05/06/2026 22:11:52 - INFO - utils.trainer -   Recall: 0.79286
05/06/2026 22:11:52 - INFO - utils.trainer -   F_score: 0.88446
05/06/2026 22:11:52 - INFO - utils.trainer -   Specificity: 1.00000
05/06/2026 22:11:52 - INFO - utils.trainer -   Sensitivity: 0.79286
05/06/2026 22:11:52 - INFO - utils.trainer -   Loss: 6.83749
05/06/2026 22:11:52 - INFO - utils.trainer -    Train loss: 0.00174, Test loss: 6.83749,Epoch time = 1.712s
05/06/2026 22:11:54 - INFO - utils.trainer -   ***** Running evaluation on test0 dataset *****
05/06/2026 22:11:55 - INFO - utils.trainer -   AUC: 0.99055
05/06/2026 22:11:55 - INFO - utils.trainer -   Accuracy: 0.87546
05/06/2026 22:11:55 - INFO - utils.trainer -   Precision: 1.00000
05/06/2026 22:11:55 - INFO - utils.trainer -   Recall: 0.75714
05/06/2026 22:11:55 - INFO - utils.trainer -   F_score: 0.86179
05/06/2026 22:11:55 - INFO - utils.trainer -   Specificity: 1.00000
05/06/2026 22:11:55 - INFO - utils.trainer -   Sensitivity: 0.75714
05/06/2026 22:11:55 - INFO - utils.trainer -   Loss: 13.86767
05/06/2026 22:11:55 - INFO - utils.trainer -    Train loss: 0.00000, Test loss: 13.86767,Epoch time = 2.132s
05/06/2026 22:11:57 - INFO - utils.trainer -   ***** Running evaluation on test0 dataset *****
05/06/2026 22:11:58 - INFO - utils.trainer -   AUC: 0.98698
05/06/2026 22:11:58 - INFO - utils.trainer -   Accuracy: 0.86081
05/06/2026 22:11:58 - INFO - utils.trainer -   Precision: 1.00000
05/06/2026 22:11:58 - INFO - utils.trainer -   Recall: 0.72857
05/06/2026 22:11:58 - INFO - utils.trainer -   F_score: 0.84298
05/06/2026 22:11:58 - INFO - utils.trainer -   Specificity: 1.00000
05/06/2026 22:11:58 - INFO - utils.trainer -   Sensitivity: 0.72857
05/06/2026 22:11:58 - INFO - utils.trainer -   Loss: 15.56217
05/06/2026 22:11:58 - INFO - utils.trainer -    Train loss: 0.00000, Test loss: 15.56217,Epoch time = 1.919s
05/06/2026 22:12:00 - INFO - utils.trainer -   ***** Running evaluation on test0 dataset *****
05/06/2026 22:12:02 - INFO - utils.trainer -   AUC: 0.98703
05/06/2026 22:12:02 - INFO - utils.trainer -   Accuracy: 0.86447
05/06/2026 22:12:02 - INFO - utils.trainer -   Precision: 1.00000
05/06/2026 22:12:02 - INFO - utils.trainer -   Recall: 0.73571
05/06/2026 22:12:02 - INFO - utils.trainer -   F_score: 0.84774
05/06/2026 22:12:02 - INFO - utils.trainer -   Specificity: 1.00000
05/06/2026 22:12:02 - INFO - utils.trainer -   Sensitivity: 0.73571
05/06/2026 22:12:02 - INFO - utils.trainer -   Loss: 14.98675
05/06/2026 22:12:02 - INFO - utils.trainer -    Train loss: 0.00000, Test loss: 14.98675,Epoch time = 2.148s
05/06/2026 22:12:04 - INFO - utils.trainer -   ***** Running evaluation on test0 dataset *****
05/06/2026 22:12:05 - INFO - utils.trainer -   AUC: 0.98708
05/06/2026 22:12:05 - INFO - utils.trainer -   Accuracy: 0.86813
05/06/2026 22:12:05 - INFO - utils.trainer -   Precision: 1.00000
05/06/2026 22:12:05 - INFO - utils.trainer -   Recall: 0.74286
05/06/2026 22:12:05 - INFO - utils.trainer -   F_score: 0.85246
05/06/2026 22:12:05 - INFO - utils.trainer -   Specificity: 1.00000
05/06/2026 22:12:05 - INFO - utils.trainer -   Sensitivity: 0.74286
05/06/2026 22:12:05 - INFO - utils.trainer -   Loss: 14.97412
05/06/2026 22:12:05 - INFO - utils.trainer -    Train loss: 0.00000, Test loss: 14.97412,Epoch time = 1.600s
05/06/2026 22:12:07 - INFO - utils.trainer -   ***** Running evaluation on test0 dataset *****
05/06/2026 22:12:08 - INFO - utils.trainer -   AUC: 0.98708
05/06/2026 22:12:08 - INFO - utils.trainer -   Accuracy: 0.86813
05/06/2026 22:12:08 - INFO - utils.trainer -   Precision: 1.00000
05/06/2026 22:12:08 - INFO - utils.trainer -   Recall: 0.74286
05/06/2026 22:12:08 - INFO - utils.trainer -   F_score: 0.85246
05/06/2026 22:12:08 - INFO - utils.trainer -   Specificity: 1.00000
05/06/2026 22:12:08 - INFO - utils.trainer -   Sensitivity: 0.74286
05/06/2026 22:12:08 - INFO - utils.trainer -   Loss: 14.74971
05/06/2026 22:12:08 - INFO - utils.trainer -    Train loss: 0.00000, Test loss: 14.74971,Epoch time = 2.409s
05/06/2026 22:12:10 - INFO - utils.trainer -   ***** Running evaluation on test0 dataset *****
05/06/2026 22:12:12 - INFO - utils.trainer -   AUC: 0.98714
05/06/2026 22:12:12 - INFO - utils.trainer -   Accuracy: 0.86813
05/06/2026 22:12:12 - INFO - utils.trainer -   Precision: 1.00000
05/06/2026 22:12:12 - INFO - utils.trainer -   Recall: 0.74286
05/06/2026 22:12:12 - INFO - utils.trainer -   F_score: 0.85246
05/06/2026 22:12:12 - INFO - utils.trainer -   Specificity: 1.00000
05/06/2026 22:12:12 - INFO - utils.trainer -   Sensitivity: 0.74286
05/06/2026 22:12:12 - INFO - utils.trainer -   Loss: 15.06188
05/06/2026 22:12:12 - INFO - utils.trainer -    Train loss: 0.00000, Test loss: 15.06188,Epoch time = 1.986s
05/06/2026 22:12:14 - INFO - utils.trainer -   ***** Running evaluation on test0 dataset *****
05/06/2026 22:12:15 - INFO - utils.trainer -   AUC: 0.98708
05/06/2026 22:12:15 - INFO - utils.trainer -   Accuracy: 0.86813
05/06/2026 22:12:15 - INFO - utils.trainer -   Precision: 1.00000
05/06/2026 22:12:15 - INFO - utils.trainer -   Recall: 0.74286
05/06/2026 22:12:15 - INFO - utils.trainer -   F_score: 0.85246
05/06/2026 22:12:15 - INFO - utils.trainer -   Specificity: 1.00000
05/06/2026 22:12:15 - INFO - utils.trainer -   Sensitivity: 0.74286
05/06/2026 22:12:15 - INFO - utils.trainer -   Loss: 14.70304
05/06/2026 22:12:15 - INFO - utils.trainer -    Train loss: 0.00000, Test loss: 14.70304,Epoch time = 1.960s
05/06/2026 22:12:17 - INFO - utils.trainer -   ***** Running evaluation on test0 dataset *****
05/06/2026 22:12:19 - INFO - utils.trainer -   AUC: 0.98714
05/06/2026 22:12:19 - INFO - utils.trainer -   Accuracy: 0.86813
05/06/2026 22:12:19 - INFO - utils.trainer -   Precision: 1.00000
05/06/2026 22:12:19 - INFO - utils.trainer -   Recall: 0.74286
05/06/2026 22:12:19 - INFO - utils.trainer -   F_score: 0.85246
05/06/2026 22:12:19 - INFO - utils.trainer -   Specificity: 1.00000
05/06/2026 22:12:19 - INFO - utils.trainer -   Sensitivity: 0.74286
05/06/2026 22:12:19 - INFO - utils.trainer -   Loss: 15.27501
05/06/2026 22:12:19 - INFO - utils.trainer -    Train loss: 0.00000, Test loss: 15.27501,Epoch time = 1.908s
05/06/2026 22:12:21 - INFO - utils.trainer -   ***** Running evaluation on test0 dataset *****
05/06/2026 22:12:22 - INFO - utils.trainer -   AUC: 0.98714
05/06/2026 22:12:22 - INFO - utils.trainer -   Accuracy: 0.87179
05/06/2026 22:12:22 - INFO - utils.trainer -   Precision: 1.00000
05/06/2026 22:12:22 - INFO - utils.trainer -   Recall: 0.75000
05/06/2026 22:12:22 - INFO - utils.trainer -   F_score: 0.85714
05/06/2026 22:12:22 - INFO - utils.trainer -   Specificity: 1.00000
05/06/2026 22:12:22 - INFO - utils.trainer -   Sensitivity: 0.75000
05/06/2026 22:12:22 - INFO - utils.trainer -   Loss: 15.06123
05/06/2026 22:12:22 - INFO - utils.trainer -    Train loss: 0.03664, Test loss: 15.06123,Epoch time = 1.888s
05/06/2026 22:12:25 - INFO - utils.trainer -   ***** Running evaluation on test0 dataset *****
05/06/2026 22:12:26 - INFO - utils.trainer -   AUC: 0.99049
05/06/2026 22:12:26 - INFO - utils.trainer -   Accuracy: 0.87546
05/06/2026 22:12:26 - INFO - utils.trainer -   Precision: 1.00000
05/06/2026 22:12:26 - INFO - utils.trainer -   Recall: 0.75714
05/06/2026 22:12:26 - INFO - utils.trainer -   F_score: 0.86179
05/06/2026 22:12:26 - INFO - utils.trainer -   Specificity: 1.00000
05/06/2026 22:12:26 - INFO - utils.trainer -   Sensitivity: 0.75714
05/06/2026 22:12:26 - INFO - utils.trainer -   Loss: 13.15943
05/06/2026 22:12:26 - INFO - utils.trainer -    Train loss: 0.00229, Test loss: 13.15943,Epoch time = 2.767s
05/06/2026 22:12:28 - INFO - utils.trainer -   ***** Running evaluation on test0 dataset *****
05/06/2026 22:12:29 - INFO - utils.trainer -   AUC: 0.98698
05/06/2026 22:12:29 - INFO - utils.trainer -   Accuracy: 0.86081
05/06/2026 22:12:29 - INFO - utils.trainer -   Precision: 1.00000
05/06/2026 22:12:29 - INFO - utils.trainer -   Recall: 0.72857
05/06/2026 22:12:29 - INFO - utils.trainer -   F_score: 0.84298
05/06/2026 22:12:29 - INFO - utils.trainer -   Specificity: 1.00000
05/06/2026 22:12:29 - INFO - utils.trainer -   Sensitivity: 0.72857
05/06/2026 22:12:29 - INFO - utils.trainer -   Loss: 16.54794
05/06/2026 22:12:29 - INFO - utils.trainer -    Train loss: 0.00000, Test loss: 16.54794,Epoch time = 2.203s
05/06/2026 22:12:31 - INFO - utils.trainer -   ***** Running evaluation on test0 dataset *****
05/06/2026 22:12:33 - INFO - utils.trainer -   AUC: 0.99033
05/06/2026 22:12:33 - INFO - utils.trainer -   Accuracy: 0.87179
05/06/2026 22:12:33 - INFO - utils.trainer -   Precision: 1.00000
05/06/2026 22:12:33 - INFO - utils.trainer -   Recall: 0.75000
05/06/2026 22:12:33 - INFO - utils.trainer -   F_score: 0.85714
05/06/2026 22:12:33 - INFO - utils.trainer -   Specificity: 1.00000
05/06/2026 22:12:33 - INFO - utils.trainer -   Sensitivity: 0.75000
05/06/2026 22:12:33 - INFO - utils.trainer -   Loss: 13.49927
05/06/2026 22:12:33 - INFO - utils.trainer -    Train loss: 0.00096, Test loss: 13.49927,Epoch time = 1.852s
05/06/2026 22:12:34 - INFO - utils.trainer -   ***** Running evaluation on test0 dataset *****
05/06/2026 22:12:36 - INFO - utils.trainer -   AUC: 0.98676
05/06/2026 22:12:36 - INFO - utils.trainer -   Accuracy: 0.86447
05/06/2026 22:12:36 - INFO - utils.trainer -   Precision: 1.00000
05/06/2026 22:12:36 - INFO - utils.trainer -   Recall: 0.73571
05/06/2026 22:12:36 - INFO - utils.trainer -   F_score: 0.84774
05/06/2026 22:12:36 - INFO - utils.trainer -   Specificity: 1.00000
05/06/2026 22:12:36 - INFO - utils.trainer -   Sensitivity: 0.73571
05/06/2026 22:12:36 - INFO - utils.trainer -   Loss: 13.76529
05/06/2026 22:12:36 - INFO - utils.trainer -    Train loss: 0.00000, Test loss: 13.76529,Epoch time = 1.522s
05/06/2026 22:12:38 - INFO - utils.trainer -   ***** Running evaluation on test0 dataset *****
05/06/2026 22:12:39 - INFO - utils.trainer -   AUC: 0.98682
05/06/2026 22:12:39 - INFO - utils.trainer -   Accuracy: 0.85348
05/06/2026 22:12:39 - INFO - utils.trainer -   Precision: 1.00000
05/06/2026 22:12:39 - INFO - utils.trainer -   Recall: 0.71429
05/06/2026 22:12:39 - INFO - utils.trainer -   F_score: 0.83333
05/06/2026 22:12:39 - INFO - utils.trainer -   Specificity: 1.00000
05/06/2026 22:12:39 - INFO - utils.trainer -   Sensitivity: 0.71429
05/06/2026 22:12:39 - INFO - utils.trainer -   Loss: 14.48537
05/06/2026 22:12:39 - INFO - utils.trainer -    Train loss: 0.00000, Test loss: 14.48537,Epoch time = 2.133s
05/06/2026 22:12:42 - INFO - utils.trainer -   ***** Running evaluation on test0 dataset *****
05/06/2026 22:12:43 - INFO - utils.trainer -   AUC: 0.99039
05/06/2026 22:12:43 - INFO - utils.trainer -   Accuracy: 0.87546
05/06/2026 22:12:43 - INFO - utils.trainer -   Precision: 1.00000
05/06/2026 22:12:43 - INFO - utils.trainer -   Recall: 0.75714
05/06/2026 22:12:43 - INFO - utils.trainer -   F_score: 0.86179
05/06/2026 22:12:43 - INFO - utils.trainer -   Specificity: 1.00000
05/06/2026 22:12:43 - INFO - utils.trainer -   Sensitivity: 0.75714
05/06/2026 22:12:43 - INFO - utils.trainer -   Loss: 13.03575
05/06/2026 22:12:43 - INFO - utils.trainer -    Train loss: 0.00000, Test loss: 13.03575,Epoch time = 2.365s
05/06/2026 22:12:44 - INFO - utils.trainer -   ***** Running evaluation on test0 dataset *****
05/06/2026 22:12:46 - INFO - utils.trainer -   AUC: 0.99331
05/06/2026 22:12:46 - INFO - utils.trainer -   Accuracy: 0.88645
05/06/2026 22:12:46 - INFO - utils.trainer -   Precision: 1.00000
05/06/2026 22:12:46 - INFO - utils.trainer -   Recall: 0.77857
05/06/2026 22:12:46 - INFO - utils.trainer -   F_score: 0.87550
05/06/2026 22:12:46 - INFO - utils.trainer -   Specificity: 1.00000
05/06/2026 22:12:46 - INFO - utils.trainer -   Sensitivity: 0.77857
05/06/2026 22:12:46 - INFO - utils.trainer -   Loss: 9.92532
05/06/2026 22:12:46 - INFO - utils.trainer -    Train loss: 0.01195, Test loss: 9.92532,Epoch time = 1.617s
05/06/2026 22:12:48 - INFO - utils.trainer -   ***** Running evaluation on test0 dataset *****
05/06/2026 22:12:49 - INFO - utils.trainer -   AUC: 0.88214
05/06/2026 22:12:49 - INFO - utils.trainer -   Accuracy: 0.81685
05/06/2026 22:12:49 - INFO - utils.trainer -   Precision: 1.00000
05/06/2026 22:12:49 - INFO - utils.trainer -   Recall: 0.64286
05/06/2026 22:12:49 - INFO - utils.trainer -   F_score: 0.78261
05/06/2026 22:12:49 - INFO - utils.trainer -   Specificity: 1.00000
05/06/2026 22:12:49 - INFO - utils.trainer -   Sensitivity: 0.64286
05/06/2026 22:12:49 - INFO - utils.trainer -   Loss: 31.44850
05/06/2026 22:12:49 - INFO - utils.trainer -    Train loss: 0.00446, Test loss: 31.44850,Epoch time = 1.916s
05/06/2026 22:12:51 - INFO - utils.trainer -   ***** Running evaluation on test0 dataset *****
05/06/2026 22:12:52 - INFO - utils.trainer -   AUC: 0.98367
05/06/2026 22:12:52 - INFO - utils.trainer -   Accuracy: 0.84982
05/06/2026 22:12:52 - INFO - utils.trainer -   Precision: 1.00000
05/06/2026 22:12:52 - INFO - utils.trainer -   Recall: 0.70714
05/06/2026 22:12:52 - INFO - utils.trainer -   F_score: 0.82845
05/06/2026 22:12:52 - INFO - utils.trainer -   Specificity: 1.00000
05/06/2026 22:12:52 - INFO - utils.trainer -   Sensitivity: 0.70714
05/06/2026 22:12:52 - INFO - utils.trainer -   Loss: 18.46077
05/06/2026 22:12:52 - INFO - utils.trainer -    Train loss: 0.00000, Test loss: 18.46077,Epoch time = 1.994s
05/06/2026 22:12:54 - INFO - utils.trainer -   ***** Running evaluation on test0 dataset *****
05/06/2026 22:12:55 - INFO - utils.trainer -   AUC: 0.98703
05/06/2026 22:12:55 - INFO - utils.trainer -   Accuracy: 0.86813
05/06/2026 22:12:55 - INFO - utils.trainer -   Precision: 1.00000
05/06/2026 22:12:55 - INFO - utils.trainer -   Recall: 0.74286
05/06/2026 22:12:55 - INFO - utils.trainer -   F_score: 0.85246
05/06/2026 22:12:55 - INFO - utils.trainer -   Specificity: 1.00000
05/06/2026 22:12:55 - INFO - utils.trainer -   Sensitivity: 0.74286
05/06/2026 22:12:55 - INFO - utils.trainer -   Loss: 15.60126
05/06/2026 22:12:55 - INFO - utils.trainer -    Train loss: 0.00000, Test loss: 15.60126,Epoch time = 1.540s
05/06/2026 22:12:58 - INFO - utils.trainer -   ***** Running evaluation on test0 dataset *****
05/06/2026 22:12:59 - INFO - utils.trainer -   AUC: 0.98703
05/06/2026 22:12:59 - INFO - utils.trainer -   Accuracy: 0.86813
05/06/2026 22:12:59 - INFO - utils.trainer -   Precision: 1.00000
05/06/2026 22:12:59 - INFO - utils.trainer -   Recall: 0.74286
05/06/2026 22:12:59 - INFO - utils.trainer -   F_score: 0.85246
05/06/2026 22:12:59 - INFO - utils.trainer -   Specificity: 1.00000
05/06/2026 22:12:59 - INFO - utils.trainer -   Sensitivity: 0.74286
05/06/2026 22:12:59 - INFO - utils.trainer -   Loss: 14.98536
05/06/2026 22:12:59 - INFO - utils.trainer -    Train loss: 0.00000, Test loss: 14.98536,Epoch time = 2.148s
05/06/2026 22:13:01 - INFO - utils.trainer -   ***** Running evaluation on test0 dataset *****
05/06/2026 22:13:02 - INFO - utils.trainer -   AUC: 0.98698
05/06/2026 22:13:02 - INFO - utils.trainer -   Accuracy: 0.86813
05/06/2026 22:13:02 - INFO - utils.trainer -   Precision: 1.00000
05/06/2026 22:13:02 - INFO - utils.trainer -   Recall: 0.74286
05/06/2026 22:13:02 - INFO - utils.trainer -   F_score: 0.85246
05/06/2026 22:13:02 - INFO - utils.trainer -   Specificity: 1.00000
05/06/2026 22:13:02 - INFO - utils.trainer -   Sensitivity: 0.74286
05/06/2026 22:13:02 - INFO - utils.trainer -   Loss: 15.52621
05/06/2026 22:13:02 - INFO - utils.trainer -    Train loss: 0.00000, Test loss: 15.52621,Epoch time = 1.982s
05/06/2026 22:13:04 - INFO - utils.trainer -   ***** Running evaluation on test0 dataset *****
05/06/2026 22:13:06 - INFO - utils.trainer -   AUC: 0.98714
05/06/2026 22:13:06 - INFO - utils.trainer -   Accuracy: 0.86813
05/06/2026 22:13:06 - INFO - utils.trainer -   Precision: 1.00000
05/06/2026 22:13:06 - INFO - utils.trainer -   Recall: 0.74286
05/06/2026 22:13:06 - INFO - utils.trainer -   F_score: 0.85246
05/06/2026 22:13:06 - INFO - utils.trainer -   Specificity: 1.00000
05/06/2026 22:13:06 - INFO - utils.trainer -   Sensitivity: 0.74286
05/06/2026 22:13:06 - INFO - utils.trainer -   Loss: 15.82699
05/06/2026 22:13:06 - INFO - utils.trainer -    Train loss: 0.00000, Test loss: 15.82699,Epoch time = 1.915s
05/06/2026 22:13:07 - INFO - utils.trainer -   ***** Running evaluation on test0 dataset *****
05/06/2026 22:13:09 - INFO - utils.trainer -   AUC: 0.98692
05/06/2026 22:13:09 - INFO - utils.trainer -   Accuracy: 0.86081
05/06/2026 22:13:09 - INFO - utils.trainer -   Precision: 1.00000
05/06/2026 22:13:09 - INFO - utils.trainer -   Recall: 0.72857
05/06/2026 22:13:09 - INFO - utils.trainer -   F_score: 0.84298
05/06/2026 22:13:09 - INFO - utils.trainer -   Specificity: 1.00000
05/06/2026 22:13:09 - INFO - utils.trainer -   Sensitivity: 0.72857
05/06/2026 22:13:09 - INFO - utils.trainer -   Loss: 15.91662
05/06/2026 22:13:09 - INFO - utils.trainer -    Train loss: 0.00000, Test loss: 15.91662,Epoch time = 1.784s
05/06/2026 22:13:11 - INFO - utils.trainer -   ***** Running evaluation on test0 dataset *****
05/06/2026 22:13:12 - INFO - utils.trainer -   AUC: 0.98698
05/06/2026 22:13:12 - INFO - utils.trainer -   Accuracy: 0.87179
05/06/2026 22:13:12 - INFO - utils.trainer -   Precision: 1.00000
05/06/2026 22:13:12 - INFO - utils.trainer -   Recall: 0.75000
05/06/2026 22:13:12 - INFO - utils.trainer -   F_score: 0.85714
05/06/2026 22:13:12 - INFO - utils.trainer -   Specificity: 1.00000
05/06/2026 22:13:12 - INFO - utils.trainer -   Sensitivity: 0.75000
05/06/2026 22:13:12 - INFO - utils.trainer -   Loss: 14.48607
05/06/2026 22:13:12 - INFO - utils.trainer -    Train loss: 0.00019, Test loss: 14.48607,Epoch time = 1.991s
05/06/2026 22:13:14 - INFO - utils.trainer -   ***** Running evaluation on test0 dataset *****
05/06/2026 22:13:15 - INFO - utils.trainer -   AUC: 0.98698
05/06/2026 22:13:15 - INFO - utils.trainer -   Accuracy: 0.86813
05/06/2026 22:13:15 - INFO - utils.trainer -   Precision: 1.00000
05/06/2026 22:13:15 - INFO - utils.trainer -   Recall: 0.74286
05/06/2026 22:13:15 - INFO - utils.trainer -   F_score: 0.85246
05/06/2026 22:13:15 - INFO - utils.trainer -   Specificity: 1.00000
05/06/2026 22:13:15 - INFO - utils.trainer -   Sensitivity: 0.74286
05/06/2026 22:13:15 - INFO - utils.trainer -   Loss: 15.50683
05/06/2026 22:13:15 - INFO - utils.trainer -    Train loss: 0.00034, Test loss: 15.50683,Epoch time = 1.881s
05/06/2026 22:13:17 - INFO - utils.trainer -   ***** Running evaluation on test0 dataset *****
05/06/2026 22:13:18 - INFO - utils.trainer -   AUC: 0.98692
05/06/2026 22:13:19 - INFO - utils.trainer -   Accuracy: 0.86081
05/06/2026 22:13:19 - INFO - utils.trainer -   Precision: 1.00000
05/06/2026 22:13:19 - INFO - utils.trainer -   Recall: 0.72857
05/06/2026 22:13:19 - INFO - utils.trainer -   F_score: 0.84298
05/06/2026 22:13:19 - INFO - utils.trainer -   Specificity: 1.00000
05/06/2026 22:13:19 - INFO - utils.trainer -   Sensitivity: 0.72857
05/06/2026 22:13:19 - INFO - utils.trainer -   Loss: 16.36390
05/06/2026 22:13:19 - INFO - utils.trainer -    Train loss: 0.00000, Test loss: 16.36390,Epoch time = 1.780s
05/06/2026 22:13:21 - INFO - utils.trainer -   ***** Running evaluation on test0 dataset *****
05/06/2026 22:13:22 - INFO - utils.trainer -   AUC: 0.98698
05/06/2026 22:13:22 - INFO - utils.trainer -   Accuracy: 0.86813
05/06/2026 22:13:22 - INFO - utils.trainer -   Precision: 1.00000
05/06/2026 22:13:22 - INFO - utils.trainer -   Recall: 0.74286
05/06/2026 22:13:22 - INFO - utils.trainer -   F_score: 0.85246
05/06/2026 22:13:22 - INFO - utils.trainer -   Specificity: 1.00000
05/06/2026 22:13:22 - INFO - utils.trainer -   Sensitivity: 0.74286
05/06/2026 22:13:22 - INFO - utils.trainer -   Loss: 15.64343
05/06/2026 22:13:22 - INFO - utils.trainer -    Train loss: 0.00000, Test loss: 15.64343,Epoch time = 2.365s
05/06/2026 22:13:24 - INFO - utils.trainer -   ***** Running evaluation on test0 dataset *****
05/06/2026 22:13:25 - INFO - utils.trainer -   AUC: 0.98703
05/06/2026 22:13:25 - INFO - utils.trainer -   Accuracy: 0.87179
05/06/2026 22:13:25 - INFO - utils.trainer -   Precision: 1.00000
05/06/2026 22:13:25 - INFO - utils.trainer -   Recall: 0.75000
05/06/2026 22:13:25 - INFO - utils.trainer -   F_score: 0.85714
05/06/2026 22:13:25 - INFO - utils.trainer -   Specificity: 1.00000
05/06/2026 22:13:25 - INFO - utils.trainer -   Sensitivity: 0.75000
05/06/2026 22:13:25 - INFO - utils.trainer -   Loss: 14.84918
05/06/2026 22:13:25 - INFO - utils.trainer -    Train loss: 0.00000, Test loss: 14.84918,Epoch time = 1.695s
05/06/2026 22:13:27 - INFO - utils.trainer -   ***** Running evaluation on test0 dataset *****
05/06/2026 22:13:28 - INFO - utils.trainer -   AUC: 0.98692
05/06/2026 22:13:28 - INFO - utils.trainer -   Accuracy: 0.86081
05/06/2026 22:13:28 - INFO - utils.trainer -   Precision: 1.00000
05/06/2026 22:13:28 - INFO - utils.trainer -   Recall: 0.72857
05/06/2026 22:13:28 - INFO - utils.trainer -   F_score: 0.84298
05/06/2026 22:13:28 - INFO - utils.trainer -   Specificity: 1.00000
05/06/2026 22:13:28 - INFO - utils.trainer -   Sensitivity: 0.72857
05/06/2026 22:13:28 - INFO - utils.trainer -   Loss: 16.38574
05/06/2026 22:13:28 - INFO - utils.trainer -    Train loss: 0.00000, Test loss: 16.38574,Epoch time = 1.789s
05/06/2026 22:13:31 - INFO - utils.trainer -   ***** Running evaluation on test0 dataset *****
05/06/2026 22:13:32 - INFO - utils.trainer -   AUC: 0.98692
05/06/2026 22:13:32 - INFO - utils.trainer -   Accuracy: 0.86081
05/06/2026 22:13:32 - INFO - utils.trainer -   Precision: 1.00000
05/06/2026 22:13:32 - INFO - utils.trainer -   Recall: 0.72857
05/06/2026 22:13:32 - INFO - utils.trainer -   F_score: 0.84298
05/06/2026 22:13:32 - INFO - utils.trainer -   Specificity: 1.00000
05/06/2026 22:13:32 - INFO - utils.trainer -   Sensitivity: 0.72857
05/06/2026 22:13:32 - INFO - utils.trainer -   Loss: 16.21402
05/06/2026 22:13:32 - INFO - utils.trainer -    Train loss: 0.00000, Test loss: 16.21402,Epoch time = 2.087s
05/06/2026 22:13:34 - INFO - utils.trainer -   ***** Running evaluation on test0 dataset *****
05/06/2026 22:13:36 - INFO - utils.trainer -   AUC: 0.98698
05/06/2026 22:13:36 - INFO - utils.trainer -   Accuracy: 0.86081
05/06/2026 22:13:36 - INFO - utils.trainer -   Precision: 1.00000
05/06/2026 22:13:36 - INFO - utils.trainer -   Recall: 0.72857
05/06/2026 22:13:36 - INFO - utils.trainer -   F_score: 0.84298
05/06/2026 22:13:36 - INFO - utils.trainer -   Specificity: 1.00000
05/06/2026 22:13:36 - INFO - utils.trainer -   Sensitivity: 0.72857
05/06/2026 22:13:36 - INFO - utils.trainer -   Loss: 15.91907
05/06/2026 22:13:36 - INFO - utils.trainer -    Train loss: 0.00000, Test loss: 15.91907,Epoch time = 2.331s
05/06/2026 22:13:38 - INFO - utils.trainer -   ***** Running evaluation on test0 dataset *****
05/06/2026 22:13:39 - INFO - utils.trainer -   AUC: 0.98692
05/06/2026 22:13:39 - INFO - utils.trainer -   Accuracy: 0.86081
05/06/2026 22:13:39 - INFO - utils.trainer -   Precision: 1.00000
05/06/2026 22:13:39 - INFO - utils.trainer -   Recall: 0.72857
05/06/2026 22:13:39 - INFO - utils.trainer -   F_score: 0.84298
05/06/2026 22:13:39 - INFO - utils.trainer -   Specificity: 1.00000
05/06/2026 22:13:39 - INFO - utils.trainer -   Sensitivity: 0.72857
05/06/2026 22:13:39 - INFO - utils.trainer -   Loss: 15.99221
05/06/2026 22:13:39 - INFO - utils.trainer -    Train loss: 0.00000, Test loss: 15.99221,Epoch time = 1.818s
05/06/2026 22:13:41 - INFO - utils.trainer -   ***** Running evaluation on test0 dataset *****
05/06/2026 22:13:42 - INFO - utils.trainer -   AUC: 0.98698
05/06/2026 22:13:42 - INFO - utils.trainer -   Accuracy: 0.87179
05/06/2026 22:13:42 - INFO - utils.trainer -   Precision: 1.00000
05/06/2026 22:13:42 - INFO - utils.trainer -   Recall: 0.75000
05/06/2026 22:13:42 - INFO - utils.trainer -   F_score: 0.85714
05/06/2026 22:13:42 - INFO - utils.trainer -   Specificity: 1.00000
05/06/2026 22:13:42 - INFO - utils.trainer -   Sensitivity: 0.75000
05/06/2026 22:13:42 - INFO - utils.trainer -   Loss: 14.89948
05/06/2026 22:13:42 - INFO - utils.trainer -    Train loss: 0.00000, Test loss: 14.89948,Epoch time = 2.031s
05/06/2026 22:13:44 - INFO - utils.trainer -   ***** Running evaluation on test0 dataset *****
05/06/2026 22:13:46 - INFO - utils.trainer -   AUC: 0.98698
05/06/2026 22:13:46 - INFO - utils.trainer -   Accuracy: 0.86081
05/06/2026 22:13:46 - INFO - utils.trainer -   Precision: 1.00000
05/06/2026 22:13:46 - INFO - utils.trainer -   Recall: 0.72857
05/06/2026 22:13:46 - INFO - utils.trainer -   F_score: 0.84298
05/06/2026 22:13:46 - INFO - utils.trainer -   Specificity: 1.00000
05/06/2026 22:13:46 - INFO - utils.trainer -   Sensitivity: 0.72857
05/06/2026 22:13:46 - INFO - utils.trainer -   Loss: 16.24167
05/06/2026 22:13:46 - INFO - utils.trainer -    Train loss: 0.00000, Test loss: 16.24167,Epoch time = 2.126s
05/06/2026 22:13:48 - INFO - utils.trainer -   ***** Running evaluation on test0 dataset *****
05/06/2026 22:13:49 - INFO - utils.trainer -   AUC: 0.98703
05/06/2026 22:13:49 - INFO - utils.trainer -   Accuracy: 0.86081
05/06/2026 22:13:49 - INFO - utils.trainer -   Precision: 1.00000
05/06/2026 22:13:49 - INFO - utils.trainer -   Recall: 0.72857
05/06/2026 22:13:49 - INFO - utils.trainer -   F_score: 0.84298
05/06/2026 22:13:49 - INFO - utils.trainer -   Specificity: 1.00000
05/06/2026 22:13:49 - INFO - utils.trainer -   Sensitivity: 0.72857
05/06/2026 22:13:49 - INFO - utils.trainer -   Loss: 16.53700
05/06/2026 22:13:49 - INFO - utils.trainer -    Train loss: 0.00000, Test loss: 16.53700,Epoch time = 2.034s
05/06/2026 22:13:51 - INFO - utils.trainer -   ***** Running evaluation on test0 dataset *****
05/06/2026 22:13:53 - INFO - utils.trainer -   AUC: 0.98698
05/06/2026 22:13:53 - INFO - utils.trainer -   Accuracy: 0.86081
05/06/2026 22:13:53 - INFO - utils.trainer -   Precision: 1.00000
05/06/2026 22:13:53 - INFO - utils.trainer -   Recall: 0.72857
05/06/2026 22:13:53 - INFO - utils.trainer -   F_score: 0.84298
05/06/2026 22:13:53 - INFO - utils.trainer -   Specificity: 1.00000
05/06/2026 22:13:53 - INFO - utils.trainer -   Sensitivity: 0.72857
05/06/2026 22:13:53 - INFO - utils.trainer -   Loss: 16.00059
05/06/2026 22:13:53 - INFO - utils.trainer -    Train loss: 0.00000, Test loss: 16.00059,Epoch time = 2.068s
05/06/2026 22:13:55 - INFO - utils.trainer -   ***** Running evaluation on test0 dataset *****
05/06/2026 22:13:56 - INFO - utils.trainer -   AUC: 0.98692
05/06/2026 22:13:56 - INFO - utils.trainer -   Accuracy: 0.86081
05/06/2026 22:13:56 - INFO - utils.trainer -   Precision: 1.00000
05/06/2026 22:13:56 - INFO - utils.trainer -   Recall: 0.72857
05/06/2026 22:13:56 - INFO - utils.trainer -   F_score: 0.84298
05/06/2026 22:13:56 - INFO - utils.trainer -   Specificity: 1.00000
05/06/2026 22:13:56 - INFO - utils.trainer -   Sensitivity: 0.72857
05/06/2026 22:13:56 - INFO - utils.trainer -   Loss: 16.85374
05/06/2026 22:13:56 - INFO - utils.trainer -    Train loss: 0.00000, Test loss: 16.85374,Epoch time = 1.879s
05/06/2026 22:13:58 - INFO - utils.trainer -   ***** Running evaluation on test0 dataset *****
05/06/2026 22:13:59 - INFO - utils.trainer -   AUC: 0.98698
05/06/2026 22:13:59 - INFO - utils.trainer -   Accuracy: 0.86081
05/06/2026 22:13:59 - INFO - utils.trainer -   Precision: 1.00000
05/06/2026 22:13:59 - INFO - utils.trainer -   Recall: 0.72857
05/06/2026 22:13:59 - INFO - utils.trainer -   F_score: 0.84298
05/06/2026 22:13:59 - INFO - utils.trainer -   Specificity: 1.00000
05/06/2026 22:13:59 - INFO - utils.trainer -   Sensitivity: 0.72857
05/06/2026 22:13:59 - INFO - utils.trainer -   Loss: 16.14582
05/06/2026 22:13:59 - INFO - utils.trainer -    Train loss: 0.00000, Test loss: 16.14582,Epoch time = 2.187s
05/06/2026 22:14:02 - INFO - utils.trainer -   ***** Running evaluation on test0 dataset *****
05/06/2026 22:14:03 - INFO - utils.trainer -   AUC: 0.98698
05/06/2026 22:14:03 - INFO - utils.trainer -   Accuracy: 0.86447
05/06/2026 22:14:03 - INFO - utils.trainer -   Precision: 1.00000
05/06/2026 22:14:03 - INFO - utils.trainer -   Recall: 0.73571
05/06/2026 22:14:03 - INFO - utils.trainer -   F_score: 0.84774
05/06/2026 22:14:03 - INFO - utils.trainer -   Specificity: 1.00000
05/06/2026 22:14:03 - INFO - utils.trainer -   Sensitivity: 0.73571
05/06/2026 22:14:03 - INFO - utils.trainer -   Loss: 15.36840
05/06/2026 22:14:03 - INFO - utils.trainer -    Train loss: 0.00388, Test loss: 15.36840,Epoch time = 2.497s
05/06/2026 22:14:04 - INFO - utils.trainer -   ***** Running evaluation on test0 dataset *****
05/06/2026 22:14:06 - INFO - utils.trainer -   AUC: 0.98698
05/06/2026 22:14:06 - INFO - utils.trainer -   Accuracy: 0.86813
05/06/2026 22:14:06 - INFO - utils.trainer -   Precision: 1.00000
05/06/2026 22:14:06 - INFO - utils.trainer -   Recall: 0.74286
05/06/2026 22:14:06 - INFO - utils.trainer -   F_score: 0.85246
05/06/2026 22:14:06 - INFO - utils.trainer -   Specificity: 1.00000
05/06/2026 22:14:06 - INFO - utils.trainer -   Sensitivity: 0.74286
05/06/2026 22:14:06 - INFO - utils.trainer -   Loss: 15.25878
05/06/2026 22:14:06 - INFO - utils.trainer -    Train loss: 0.01694, Test loss: 15.25878,Epoch time = 1.622s
05/06/2026 22:14:08 - INFO - utils.trainer -   ***** Running evaluation on test0 dataset *****
05/06/2026 22:14:09 - INFO - utils.trainer -   AUC: 0.99044
05/06/2026 22:14:09 - INFO - utils.trainer -   Accuracy: 0.87546
05/06/2026 22:14:09 - INFO - utils.trainer -   Precision: 1.00000
05/06/2026 22:14:09 - INFO - utils.trainer -   Recall: 0.75714
05/06/2026 22:14:09 - INFO - utils.trainer -   F_score: 0.86179
05/06/2026 22:14:09 - INFO - utils.trainer -   Specificity: 1.00000
05/06/2026 22:14:09 - INFO - utils.trainer -   Sensitivity: 0.75714
05/06/2026 22:14:09 - INFO - utils.trainer -   Loss: 13.73284
05/06/2026 22:14:09 - INFO - utils.trainer -    Train loss: 0.00000, Test loss: 13.73284,Epoch time = 2.034s
05/06/2026 22:14:11 - INFO - utils.trainer -   ***** Running evaluation on test0 dataset *****
05/06/2026 22:14:12 - INFO - utils.trainer -   AUC: 0.99039
05/06/2026 22:14:12 - INFO - utils.trainer -   Accuracy: 0.87179
05/06/2026 22:14:12 - INFO - utils.trainer -   Precision: 1.00000
05/06/2026 22:14:12 - INFO - utils.trainer -   Recall: 0.75000
05/06/2026 22:14:12 - INFO - utils.trainer -   F_score: 0.85714
05/06/2026 22:14:12 - INFO - utils.trainer -   Specificity: 1.00000
05/06/2026 22:14:12 - INFO - utils.trainer -   Sensitivity: 0.75000
05/06/2026 22:14:12 - INFO - utils.trainer -   Loss: 14.32179
05/06/2026 22:14:12 - INFO - utils.trainer -    Train loss: 0.00000, Test loss: 14.32179,Epoch time = 2.214s
05/06/2026 22:14:14 - INFO - utils.trainer -   ***** Running evaluation on test0 dataset *****
05/06/2026 22:14:16 - INFO - utils.trainer -   AUC: 0.98703
05/06/2026 22:14:16 - INFO - utils.trainer -   Accuracy: 0.87546
05/06/2026 22:14:16 - INFO - utils.trainer -   Precision: 1.00000
05/06/2026 22:14:16 - INFO - utils.trainer -   Recall: 0.75714
05/06/2026 22:14:16 - INFO - utils.trainer -   F_score: 0.86179
05/06/2026 22:14:16 - INFO - utils.trainer -   Specificity: 1.00000
05/06/2026 22:14:16 - INFO - utils.trainer -   Sensitivity: 0.75714
05/06/2026 22:14:16 - INFO - utils.trainer -   Loss: 14.37465
05/06/2026 22:14:16 - INFO - utils.trainer -    Train loss: 0.00000, Test loss: 14.37465,Epoch time = 1.971s
05/06/2026 22:14:18 - INFO - utils.trainer -   ***** Running evaluation on test0 dataset *****
05/06/2026 22:14:19 - INFO - utils.trainer -   AUC: 0.98698
05/06/2026 22:14:19 - INFO - utils.trainer -   Accuracy: 0.85348
05/06/2026 22:14:19 - INFO - utils.trainer -   Precision: 1.00000
05/06/2026 22:14:19 - INFO - utils.trainer -   Recall: 0.71429
05/06/2026 22:14:19 - INFO - utils.trainer -   F_score: 0.83333
05/06/2026 22:14:19 - INFO - utils.trainer -   Specificity: 1.00000
05/06/2026 22:14:19 - INFO - utils.trainer -   Sensitivity: 0.71429
05/06/2026 22:14:19 - INFO - utils.trainer -   Loss: 15.72732
05/06/2026 22:14:19 - INFO - utils.trainer -    Train loss: 0.00000, Test loss: 15.72732,Epoch time = 1.874s
05/06/2026 22:14:22 - INFO - utils.trainer -   ***** Running evaluation on test0 dataset *****
05/06/2026 22:14:23 - INFO - utils.trainer -   AUC: 0.98703
05/06/2026 22:14:23 - INFO - utils.trainer -   Accuracy: 0.87179
05/06/2026 22:14:23 - INFO - utils.trainer -   Precision: 1.00000
05/06/2026 22:14:23 - INFO - utils.trainer -   Recall: 0.75000
05/06/2026 22:14:23 - INFO - utils.trainer -   F_score: 0.85714
05/06/2026 22:14:23 - INFO - utils.trainer -   Specificity: 1.00000
05/06/2026 22:14:23 - INFO - utils.trainer -   Sensitivity: 0.75000
05/06/2026 22:14:23 - INFO - utils.trainer -   Loss: 14.33870
05/06/2026 22:14:23 - INFO - utils.trainer -    Train loss: 0.00000, Test loss: 14.33870,Epoch time = 2.062s
05/06/2026 22:14:25 - INFO - utils.trainer -   ***** Running evaluation on test0 dataset *****
05/06/2026 22:14:26 - INFO - utils.trainer -   AUC: 0.98698
05/06/2026 22:14:26 - INFO - utils.trainer -   Accuracy: 0.86813
05/06/2026 22:14:26 - INFO - utils.trainer -   Precision: 1.00000
05/06/2026 22:14:26 - INFO - utils.trainer -   Recall: 0.74286
05/06/2026 22:14:26 - INFO - utils.trainer -   F_score: 0.85246
05/06/2026 22:14:26 - INFO - utils.trainer -   Specificity: 1.00000
05/06/2026 22:14:26 - INFO - utils.trainer -   Sensitivity: 0.74286
05/06/2026 22:14:26 - INFO - utils.trainer -   Loss: 14.90382
05/06/2026 22:14:26 - INFO - utils.trainer -    Train loss: 0.00000, Test loss: 14.90382,Epoch time = 2.185s
05/06/2026 22:14:29 - INFO - utils.trainer -   ***** Running evaluation on test0 dataset *****
05/06/2026 22:14:30 - INFO - utils.trainer -   AUC: 0.98698
05/06/2026 22:14:30 - INFO - utils.trainer -   Accuracy: 0.86813
05/06/2026 22:14:30 - INFO - utils.trainer -   Precision: 1.00000
05/06/2026 22:14:30 - INFO - utils.trainer -   Recall: 0.74286
05/06/2026 22:14:30 - INFO - utils.trainer -   F_score: 0.85246
05/06/2026 22:14:30 - INFO - utils.trainer -   Specificity: 1.00000
05/06/2026 22:14:30 - INFO - utils.trainer -   Sensitivity: 0.74286
05/06/2026 22:14:30 - INFO - utils.trainer -   Loss: 14.99915
05/06/2026 22:14:30 - INFO - utils.trainer -    Train loss: 0.00000, Test loss: 14.99915,Epoch time = 2.369s
05/06/2026 22:14:32 - INFO - __main__ -   ########## Repeat:1 ##########
05/06/2026 22:14:32 - INFO - utils.trainer -   ***** Running training *****
05/06/2026 22:14:32 - INFO - utils.trainer -     Num examples = 31
05/06/2026 22:14:32 - INFO - utils.trainer -     Num Epochs = 200
05/06/2026 22:14:32 - INFO - utils.trainer -     Total train batch size = 16
05/06/2026 22:14:32 - INFO - utils.trainer -     warmup steps = 400
05/06/2026 22:14:32 - INFO - utils.trainer -     Total optimization steps = 6200
05/06/2026 22:14:32 - INFO - utils.trainer -     Save steps = 200
05/06/2026 22:14:32 - INFO - root -   Parameters [normal] length [15]
05/06/2026 22:14:34 - INFO - utils.trainer -   ***** Running evaluation on test1 dataset *****
05/06/2026 22:14:35 - INFO - utils.trainer -   AUC: 0.89235
05/06/2026 22:14:35 - INFO - utils.trainer -   Accuracy: 0.47761
05/06/2026 22:14:35 - INFO - utils.trainer -   Precision: 0.00000
05/06/2026 22:14:35 - INFO - utils.trainer -   Recall: 0.00000
05/06/2026 22:14:35 - INFO - utils.trainer -   F_score: 0.00000
05/06/2026 22:14:35 - INFO - utils.trainer -   Specificity: 1.00000
05/06/2026 22:14:35 - INFO - utils.trainer -   Sensitivity: 0.00000
05/06/2026 22:14:35 - INFO - utils.trainer -   Loss: 14.91931
05/06/2026 22:14:35 - INFO - utils.trainer -    Train loss: 5.67195, Test loss: 14.91931,Epoch time = 2.042s
05/06/2026 22:14:35 - INFO - utils.trainer -   Saving model checkpoint to output_dir/DeepConvNet
05/06/2026 22:14:38 - INFO - utils.trainer -   ***** Running evaluation on test1 dataset *****
05/06/2026 22:14:39 - INFO - utils.trainer -   AUC: 0.82070
05/06/2026 22:14:39 - INFO - utils.trainer -   Accuracy: 0.52985
05/06/2026 22:14:39 - INFO - utils.trainer -   Precision: 0.52632
05/06/2026 22:14:39 - INFO - utils.trainer -   Recall: 1.00000
05/06/2026 22:14:39 - INFO - utils.trainer -   F_score: 0.68966
05/06/2026 22:14:39 - INFO - utils.trainer -   Specificity: 0.01562
05/06/2026 22:14:39 - INFO - utils.trainer -   Sensitivity: 1.00000
05/06/2026 22:14:39 - INFO - utils.trainer -   Loss: 4.47198
05/06/2026 22:14:39 - INFO - utils.trainer -    Train loss: 1.26740, Test loss: 4.47198,Epoch time = 2.438s
05/06/2026 22:14:39 - INFO - utils.trainer -   Saving model checkpoint to output_dir/DeepConvNet
05/06/2026 22:14:41 - INFO - utils.trainer -   ***** Running evaluation on test1 dataset *****
05/06/2026 22:14:42 - INFO - utils.trainer -   AUC: 0.50000
05/06/2026 22:14:42 - INFO - utils.trainer -   Accuracy: 0.47761
05/06/2026 22:14:42 - INFO - utils.trainer -   Precision: 0.00000
05/06/2026 22:14:42 - INFO - utils.trainer -   Recall: 0.00000
05/06/2026 22:14:42 - INFO - utils.trainer -   F_score: 0.00000
05/06/2026 22:14:42 - INFO - utils.trainer -   Specificity: 1.00000
05/06/2026 22:14:42 - INFO - utils.trainer -   Sensitivity: 0.00000
05/06/2026 22:14:42 - INFO - utils.trainer -   Loss: 261.36859
05/06/2026 22:14:42 - INFO - utils.trainer -    Train loss: 2.04915, Test loss: 261.36859,Epoch time = 1.579s
05/06/2026 22:14:44 - INFO - utils.trainer -   ***** Running evaluation on test1 dataset *****
05/06/2026 22:14:45 - INFO - utils.trainer -   AUC: 0.74643
05/06/2026 22:14:45 - INFO - utils.trainer -   Accuracy: 0.52239
05/06/2026 22:14:45 - INFO - utils.trainer -   Precision: 1.00000
05/06/2026 22:14:45 - INFO - utils.trainer -   Recall: 0.08571
05/06/2026 22:14:45 - INFO - utils.trainer -   F_score: 0.15789
05/06/2026 22:14:45 - INFO - utils.trainer -   Specificity: 1.00000
05/06/2026 22:14:45 - INFO - utils.trainer -   Sensitivity: 0.08571
05/06/2026 22:14:45 - INFO - utils.trainer -   Loss: 52.26561
05/06/2026 22:14:45 - INFO - utils.trainer -    Train loss: 0.20069, Test loss: 52.26561,Epoch time = 2.048s
05/06/2026 22:14:47 - INFO - utils.trainer -   ***** Running evaluation on test1 dataset *****
05/06/2026 22:14:48 - INFO - utils.trainer -   AUC: 0.53571
05/06/2026 22:14:48 - INFO - utils.trainer -   Accuracy: 0.47761
05/06/2026 22:14:48 - INFO - utils.trainer -   Precision: 0.00000
05/06/2026 22:14:48 - INFO - utils.trainer -   Recall: 0.00000
05/06/2026 22:14:48 - INFO - utils.trainer -   F_score: 0.00000
05/06/2026 22:14:48 - INFO - utils.trainer -   Specificity: 1.00000
05/06/2026 22:14:48 - INFO - utils.trainer -   Sensitivity: 0.00000
05/06/2026 22:14:48 - INFO - utils.trainer -   Loss: 98.57997
05/06/2026 22:14:48 - INFO - utils.trainer -    Train loss: 0.47349, Test loss: 98.57997,Epoch time = 2.162s
05/06/2026 22:14:50 - INFO - utils.trainer -   ***** Running evaluation on test1 dataset *****
05/06/2026 22:14:52 - INFO - utils.trainer -   AUC: 0.50000
05/06/2026 22:14:52 - INFO - utils.trainer -   Accuracy: 0.52239
05/06/2026 22:14:52 - INFO - utils.trainer -   Precision: 0.52239
05/06/2026 22:14:52 - INFO - utils.trainer -   Recall: 1.00000
05/06/2026 22:14:52 - INFO - utils.trainer -   F_score: 0.68627
05/06/2026 22:14:52 - INFO - utils.trainer -   Specificity: 0.00000
05/06/2026 22:14:52 - INFO - utils.trainer -   Sensitivity: 1.00000
05/06/2026 22:14:52 - INFO - utils.trainer -   Loss: 407.04541
05/06/2026 22:14:52 - INFO - utils.trainer -    Train loss: 0.72746, Test loss: 407.04541,Epoch time = 2.079s
05/06/2026 22:14:54 - INFO - utils.trainer -   ***** Running evaluation on test1 dataset *****
05/06/2026 22:14:56 - INFO - utils.trainer -   AUC: 0.50000
05/06/2026 22:14:56 - INFO - utils.trainer -   Accuracy: 0.52239
05/06/2026 22:14:56 - INFO - utils.trainer -   Precision: 0.52239
05/06/2026 22:14:56 - INFO - utils.trainer -   Recall: 1.00000
05/06/2026 22:14:56 - INFO - utils.trainer -   F_score: 0.68627
05/06/2026 22:14:56 - INFO - utils.trainer -   Specificity: 0.00000
05/06/2026 22:14:56 - INFO - utils.trainer -   Sensitivity: 1.00000
05/06/2026 22:14:56 - INFO - utils.trainer -   Loss: 197.12133
05/06/2026 22:14:56 - INFO - utils.trainer -    Train loss: 0.53365, Test loss: 197.12133,Epoch time = 2.387s
05/06/2026 22:14:58 - INFO - utils.trainer -   ***** Running evaluation on test1 dataset *****
05/06/2026 22:14:59 - INFO - utils.trainer -   AUC: 0.50000
05/06/2026 22:14:59 - INFO - utils.trainer -   Accuracy: 0.52239
05/06/2026 22:14:59 - INFO - utils.trainer -   Precision: 0.52239
05/06/2026 22:14:59 - INFO - utils.trainer -   Recall: 1.00000
05/06/2026 22:14:59 - INFO - utils.trainer -   F_score: 0.68627
05/06/2026 22:14:59 - INFO - utils.trainer -   Specificity: 0.00000
05/06/2026 22:14:59 - INFO - utils.trainer -   Sensitivity: 1.00000
05/06/2026 22:14:59 - INFO - utils.trainer -   Loss: 256.33873
05/06/2026 22:14:59 - INFO - utils.trainer -    Train loss: 0.50794, Test loss: 256.33873,Epoch time = 2.125s
05/06/2026 22:15:01 - INFO - utils.trainer -   ***** Running evaluation on test1 dataset *****
05/06/2026 22:15:02 - INFO - utils.trainer -   AUC: 0.51953
05/06/2026 22:15:02 - INFO - utils.trainer -   Accuracy: 0.52985
05/06/2026 22:15:02 - INFO - utils.trainer -   Precision: 0.52632
05/06/2026 22:15:02 - INFO - utils.trainer -   Recall: 1.00000
05/06/2026 22:15:02 - INFO - utils.trainer -   F_score: 0.68966
05/06/2026 22:15:02 - INFO - utils.trainer -   Specificity: 0.01562
05/06/2026 22:15:02 - INFO - utils.trainer -   Sensitivity: 1.00000
05/06/2026 22:15:02 - INFO - utils.trainer -   Loss: 51.22883
05/06/2026 22:15:02 - INFO - utils.trainer -    Train loss: 0.07389, Test loss: 51.22883,Epoch time = 2.001s
05/06/2026 22:15:02 - INFO - utils.trainer -   Saving model checkpoint to output_dir/DeepConvNet
05/06/2026 22:15:05 - INFO - utils.trainer -   ***** Running evaluation on test1 dataset *****
05/06/2026 22:15:06 - INFO - utils.trainer -   AUC: 0.63672
05/06/2026 22:15:06 - INFO - utils.trainer -   Accuracy: 0.60821
05/06/2026 22:15:06 - INFO - utils.trainer -   Precision: 0.57143
05/06/2026 22:15:06 - INFO - utils.trainer -   Recall: 1.00000
05/06/2026 22:15:06 - INFO - utils.trainer -   F_score: 0.72727
05/06/2026 22:15:06 - INFO - utils.trainer -   Specificity: 0.17969
05/06/2026 22:15:06 - INFO - utils.trainer -   Sensitivity: 1.00000
05/06/2026 22:15:06 - INFO - utils.trainer -   Loss: 20.85387
05/06/2026 22:15:06 - INFO - utils.trainer -    Train loss: 0.00096, Test loss: 20.85387,Epoch time = 2.462s
05/06/2026 22:15:06 - INFO - utils.trainer -   Saving model checkpoint to output_dir/DeepConvNet
05/06/2026 22:15:08 - INFO - utils.trainer -   ***** Running evaluation on test1 dataset *****
05/06/2026 22:15:10 - INFO - utils.trainer -   AUC: 0.99180
05/06/2026 22:15:10 - INFO - utils.trainer -   Accuracy: 0.64179
05/06/2026 22:15:10 - INFO - utils.trainer -   Precision: 1.00000
05/06/2026 22:15:10 - INFO - utils.trainer -   Recall: 0.31429
05/06/2026 22:15:10 - INFO - utils.trainer -   F_score: 0.47826
05/06/2026 22:15:10 - INFO - utils.trainer -   Specificity: 1.00000
05/06/2026 22:15:10 - INFO - utils.trainer -   Sensitivity: 0.31429
05/06/2026 22:15:10 - INFO - utils.trainer -   Loss: 15.33269
05/06/2026 22:15:10 - INFO - utils.trainer -    Train loss: 0.01285, Test loss: 15.33269,Epoch time = 1.867s
05/06/2026 22:15:10 - INFO - utils.trainer -   Saving model checkpoint to output_dir/DeepConvNet
05/06/2026 22:15:12 - INFO - utils.trainer -   ***** Running evaluation on test1 dataset *****
05/06/2026 22:15:13 - INFO - utils.trainer -   AUC: 0.50000
05/06/2026 22:15:13 - INFO - utils.trainer -   Accuracy: 0.52239
05/06/2026 22:15:13 - INFO - utils.trainer -   Precision: 0.52239
05/06/2026 22:15:13 - INFO - utils.trainer -   Recall: 1.00000
05/06/2026 22:15:13 - INFO - utils.trainer -   F_score: 0.68627
05/06/2026 22:15:13 - INFO - utils.trainer -   Specificity: 0.00000
05/06/2026 22:15:13 - INFO - utils.trainer -   Sensitivity: 1.00000
05/06/2026 22:15:13 - INFO - utils.trainer -   Loss: 172.85829
05/06/2026 22:15:13 - INFO - utils.trainer -    Train loss: 0.04093, Test loss: 172.85829,Epoch time = 1.837s
05/06/2026 22:15:15 - INFO - utils.trainer -   ***** Running evaluation on test1 dataset *****
05/06/2026 22:15:16 - INFO - utils.trainer -   AUC: 0.50000
05/06/2026 22:15:16 - INFO - utils.trainer -   Accuracy: 0.47761
05/06/2026 22:15:16 - INFO - utils.trainer -   Precision: 0.00000
05/06/2026 22:15:16 - INFO - utils.trainer -   Recall: 0.00000
05/06/2026 22:15:16 - INFO - utils.trainer -   F_score: 0.00000
05/06/2026 22:15:16 - INFO - utils.trainer -   Specificity: 1.00000
05/06/2026 22:15:16 - INFO - utils.trainer -   Sensitivity: 0.00000
05/06/2026 22:15:16 - INFO - utils.trainer -   Loss: 260.62869
05/06/2026 22:15:16 - INFO - utils.trainer -    Train loss: 0.14905, Test loss: 260.62869,Epoch time = 2.281s
05/06/2026 22:15:19 - INFO - utils.trainer -   ***** Running evaluation on test1 dataset *****
05/06/2026 22:15:20 - INFO - utils.trainer -   AUC: 0.50000
05/06/2026 22:15:20 - INFO - utils.trainer -   Accuracy: 0.52239
05/06/2026 22:15:20 - INFO - utils.trainer -   Precision: 0.52239
05/06/2026 22:15:20 - INFO - utils.trainer -   Recall: 1.00000
05/06/2026 22:15:20 - INFO - utils.trainer -   F_score: 0.68627
05/06/2026 22:15:20 - INFO - utils.trainer -   Specificity: 0.00000
05/06/2026 22:15:20 - INFO - utils.trainer -   Sensitivity: 1.00000
05/06/2026 22:15:20 - INFO - utils.trainer -   Loss: 210.69955
05/06/2026 22:15:20 - INFO - utils.trainer -    Train loss: 0.09467, Test loss: 210.69955,Epoch time = 2.285s
05/06/2026 22:15:22 - INFO - utils.trainer -   ***** Running evaluation on test1 dataset *****
05/06/2026 22:15:23 - INFO - utils.trainer -   AUC: 0.51172
05/06/2026 22:15:23 - INFO - utils.trainer -   Accuracy: 0.52985
05/06/2026 22:15:23 - INFO - utils.trainer -   Precision: 0.52632
05/06/2026 22:15:23 - INFO - utils.trainer -   Recall: 1.00000
05/06/2026 22:15:23 - INFO - utils.trainer -   F_score: 0.68966
05/06/2026 22:15:23 - INFO - utils.trainer -   Specificity: 0.01562
05/06/2026 22:15:23 - INFO - utils.trainer -   Sensitivity: 1.00000
05/06/2026 22:15:23 - INFO - utils.trainer -   Loss: 56.14625
05/06/2026 22:15:23 - INFO - utils.trainer -    Train loss: 0.04991, Test loss: 56.14625,Epoch time = 1.799s
05/06/2026 22:15:25 - INFO - utils.trainer -   ***** Running evaluation on test1 dataset *****
05/06/2026 22:15:26 - INFO - utils.trainer -   AUC: 0.54688
05/06/2026 22:15:26 - INFO - utils.trainer -   Accuracy: 0.55224
05/06/2026 22:15:26 - INFO - utils.trainer -   Precision: 0.53846
05/06/2026 22:15:26 - INFO - utils.trainer -   Recall: 1.00000
05/06/2026 22:15:26 - INFO - utils.trainer -   F_score: 0.70000
05/06/2026 22:15:26 - INFO - utils.trainer -   Specificity: 0.06250
05/06/2026 22:15:26 - INFO - utils.trainer -   Sensitivity: 1.00000
05/06/2026 22:15:26 - INFO - utils.trainer -   Loss: 37.25673
05/06/2026 22:15:26 - INFO - utils.trainer -    Train loss: 0.11938, Test loss: 37.25673,Epoch time = 1.774s
05/06/2026 22:15:28 - INFO - utils.trainer -   ***** Running evaluation on test1 dataset *****
05/06/2026 22:15:30 - INFO - utils.trainer -   AUC: 0.50000
05/06/2026 22:15:30 - INFO - utils.trainer -   Accuracy: 0.52239
05/06/2026 22:15:30 - INFO - utils.trainer -   Precision: 0.52239
05/06/2026 22:15:30 - INFO - utils.trainer -   Recall: 1.00000
05/06/2026 22:15:30 - INFO - utils.trainer -   F_score: 0.68627
05/06/2026 22:15:30 - INFO - utils.trainer -   Specificity: 0.00000
05/06/2026 22:15:30 - INFO - utils.trainer -   Sensitivity: 1.00000
05/06/2026 22:15:30 - INFO - utils.trainer -   Loss: 76.61169
05/06/2026 22:15:30 - INFO - utils.trainer -    Train loss: 0.07521, Test loss: 76.61169,Epoch time = 2.420s
05/06/2026 22:15:32 - INFO - utils.trainer -   ***** Running evaluation on test1 dataset *****
05/06/2026 22:15:33 - INFO - utils.trainer -   AUC: 0.61429
05/06/2026 22:15:33 - INFO - utils.trainer -   Accuracy: 0.50746
05/06/2026 22:15:33 - INFO - utils.trainer -   Precision: 1.00000
05/06/2026 22:15:33 - INFO - utils.trainer -   Recall: 0.05714
05/06/2026 22:15:33 - INFO - utils.trainer -   F_score: 0.10811
05/06/2026 22:15:33 - INFO - utils.trainer -   Specificity: 1.00000
05/06/2026 22:15:33 - INFO - utils.trainer -   Sensitivity: 0.05714
05/06/2026 22:15:33 - INFO - utils.trainer -   Loss: 74.29776
05/06/2026 22:15:33 - INFO - utils.trainer -    Train loss: 0.05541, Test loss: 74.29776,Epoch time = 2.057s
05/06/2026 22:15:35 - INFO - utils.trainer -   ***** Running evaluation on test1 dataset *****
05/06/2026 22:15:37 - INFO - utils.trainer -   AUC: 0.63672
05/06/2026 22:15:37 - INFO - utils.trainer -   Accuracy: 0.60448
05/06/2026 22:15:37 - INFO - utils.trainer -   Precision: 0.56911
05/06/2026 22:15:37 - INFO - utils.trainer -   Recall: 1.00000
05/06/2026 22:15:37 - INFO - utils.trainer -   F_score: 0.72539
05/06/2026 22:15:37 - INFO - utils.trainer -   Specificity: 0.17188
05/06/2026 22:15:37 - INFO - utils.trainer -   Sensitivity: 1.00000
05/06/2026 22:15:37 - INFO - utils.trainer -   Loss: 17.52180
05/06/2026 22:15:37 - INFO - utils.trainer -    Train loss: 0.05322, Test loss: 17.52180,Epoch time = 1.828s
05/06/2026 22:15:39 - INFO - utils.trainer -   ***** Running evaluation on test1 dataset *****
05/06/2026 22:15:40 - INFO - utils.trainer -   AUC: 0.50000
05/06/2026 22:15:40 - INFO - utils.trainer -   Accuracy: 0.52239
05/06/2026 22:15:40 - INFO - utils.trainer -   Precision: 0.52239
05/06/2026 22:15:40 - INFO - utils.trainer -   Recall: 1.00000
05/06/2026 22:15:40 - INFO - utils.trainer -   F_score: 0.68627
05/06/2026 22:15:40 - INFO - utils.trainer -   Specificity: 0.00000
05/06/2026 22:15:40 - INFO - utils.trainer -   Sensitivity: 1.00000
05/06/2026 22:15:40 - INFO - utils.trainer -   Loss: 92.21676
05/06/2026 22:15:40 - INFO - utils.trainer -    Train loss: 0.05168, Test loss: 92.21676,Epoch time = 2.193s
05/06/2026 22:15:42 - INFO - utils.trainer -   ***** Running evaluation on test1 dataset *****
05/06/2026 22:15:43 - INFO - utils.trainer -   AUC: 0.50000
05/06/2026 22:15:43 - INFO - utils.trainer -   Accuracy: 0.52239
05/06/2026 22:15:43 - INFO - utils.trainer -   Precision: 0.52239
05/06/2026 22:15:43 - INFO - utils.trainer -   Recall: 1.00000
05/06/2026 22:15:43 - INFO - utils.trainer -   F_score: 0.68627
05/06/2026 22:15:43 - INFO - utils.trainer -   Specificity: 0.00000
05/06/2026 22:15:43 - INFO - utils.trainer -   Sensitivity: 1.00000
05/06/2026 22:15:43 - INFO - utils.trainer -   Loss: 416.82146
05/06/2026 22:15:43 - INFO - utils.trainer -    Train loss: 0.27937, Test loss: 416.82146,Epoch time = 2.404s
05/06/2026 22:15:45 - INFO - utils.trainer -   ***** Running evaluation on test1 dataset *****
05/06/2026 22:15:46 - INFO - utils.trainer -   AUC: 0.50000
05/06/2026 22:15:46 - INFO - utils.trainer -   Accuracy: 0.52239
05/06/2026 22:15:46 - INFO - utils.trainer -   Precision: 0.52239
05/06/2026 22:15:46 - INFO - utils.trainer -   Recall: 1.00000
05/06/2026 22:15:46 - INFO - utils.trainer -   F_score: 0.68627
05/06/2026 22:15:46 - INFO - utils.trainer -   Specificity: 0.00000
05/06/2026 22:15:46 - INFO - utils.trainer -   Sensitivity: 1.00000
05/06/2026 22:15:46 - INFO - utils.trainer -   Loss: 142.82546
05/06/2026 22:15:46 - INFO - utils.trainer -    Train loss: 0.09108, Test loss: 142.82546,Epoch time = 1.622s
05/06/2026 22:15:49 - INFO - utils.trainer -   ***** Running evaluation on test1 dataset *****
05/06/2026 22:15:50 - INFO - utils.trainer -   AUC: 0.50000
05/06/2026 22:15:50 - INFO - utils.trainer -   Accuracy: 0.52239
05/06/2026 22:15:50 - INFO - utils.trainer -   Precision: 0.52239
05/06/2026 22:15:50 - INFO - utils.trainer -   Recall: 1.00000
05/06/2026 22:15:50 - INFO - utils.trainer -   F_score: 0.68627
05/06/2026 22:15:50 - INFO - utils.trainer -   Specificity: 0.00000
05/06/2026 22:15:50 - INFO - utils.trainer -   Sensitivity: 1.00000
05/06/2026 22:15:50 - INFO - utils.trainer -   Loss: 220.31700
05/06/2026 22:15:50 - INFO - utils.trainer -    Train loss: 0.02943, Test loss: 220.31700,Epoch time = 2.183s
05/06/2026 22:15:52 - INFO - utils.trainer -   ***** Running evaluation on test1 dataset *****
05/06/2026 22:15:53 - INFO - utils.trainer -   AUC: 0.50000
05/06/2026 22:15:53 - INFO - utils.trainer -   Accuracy: 0.47761
05/06/2026 22:15:53 - INFO - utils.trainer -   Precision: 0.00000
05/06/2026 22:15:53 - INFO - utils.trainer -   Recall: 0.00000
05/06/2026 22:15:53 - INFO - utils.trainer -   F_score: 0.00000
05/06/2026 22:15:53 - INFO - utils.trainer -   Specificity: 1.00000
05/06/2026 22:15:53 - INFO - utils.trainer -   Sensitivity: 0.00000
05/06/2026 22:15:53 - INFO - utils.trainer -   Loss: 466.02212
05/06/2026 22:15:53 - INFO - utils.trainer -    Train loss: 0.06172, Test loss: 466.02212,Epoch time = 1.922s
05/06/2026 22:15:55 - INFO - utils.trainer -   ***** Running evaluation on test1 dataset *****
05/06/2026 22:15:56 - INFO - utils.trainer -   AUC: 0.50000
05/06/2026 22:15:56 - INFO - utils.trainer -   Accuracy: 0.47761
05/06/2026 22:15:56 - INFO - utils.trainer -   Precision: 0.00000
05/06/2026 22:15:56 - INFO - utils.trainer -   Recall: 0.00000
05/06/2026 22:15:56 - INFO - utils.trainer -   F_score: 0.00000
05/06/2026 22:15:56 - INFO - utils.trainer -   Specificity: 1.00000
05/06/2026 22:15:56 - INFO - utils.trainer -   Sensitivity: 0.00000
05/06/2026 22:15:56 - INFO - utils.trainer -   Loss: 316.08983
05/06/2026 22:15:56 - INFO - utils.trainer -    Train loss: 0.09639, Test loss: 316.08983,Epoch time = 2.058s
05/06/2026 22:15:59 - INFO - utils.trainer -   ***** Running evaluation on test1 dataset *****
05/06/2026 22:16:00 - INFO - utils.trainer -   AUC: 0.50000
05/06/2026 22:16:00 - INFO - utils.trainer -   Accuracy: 0.47761
05/06/2026 22:16:00 - INFO - utils.trainer -   Precision: 0.00000
05/06/2026 22:16:00 - INFO - utils.trainer -   Recall: 0.00000
05/06/2026 22:16:00 - INFO - utils.trainer -   F_score: 0.00000
05/06/2026 22:16:00 - INFO - utils.trainer -   Specificity: 1.00000
05/06/2026 22:16:00 - INFO - utils.trainer -   Sensitivity: 0.00000
05/06/2026 22:16:00 - INFO - utils.trainer -   Loss: 352.65775
05/06/2026 22:16:00 - INFO - utils.trainer -    Train loss: 0.20017, Test loss: 352.65775,Epoch time = 2.302s
05/06/2026 22:16:02 - INFO - utils.trainer -   ***** Running evaluation on test1 dataset *****
05/06/2026 22:16:03 - INFO - utils.trainer -   AUC: 0.50000
05/06/2026 22:16:03 - INFO - utils.trainer -   Accuracy: 0.52239
05/06/2026 22:16:03 - INFO - utils.trainer -   Precision: 0.52239
05/06/2026 22:16:03 - INFO - utils.trainer -   Recall: 1.00000
05/06/2026 22:16:03 - INFO - utils.trainer -   F_score: 0.68627
05/06/2026 22:16:03 - INFO - utils.trainer -   Specificity: 0.00000
05/06/2026 22:16:03 - INFO - utils.trainer -   Sensitivity: 1.00000
05/06/2026 22:16:03 - INFO - utils.trainer -   Loss: 125.63561
05/06/2026 22:16:03 - INFO - utils.trainer -    Train loss: 0.54833, Test loss: 125.63561,Epoch time = 1.500s
05/06/2026 22:16:05 - INFO - utils.trainer -   ***** Running evaluation on test1 dataset *****
05/06/2026 22:16:06 - INFO - utils.trainer -   AUC: 0.59166
05/06/2026 22:16:06 - INFO - utils.trainer -   Accuracy: 0.50373
05/06/2026 22:16:06 - INFO - utils.trainer -   Precision: 1.00000
05/06/2026 22:16:06 - INFO - utils.trainer -   Recall: 0.05000
05/06/2026 22:16:06 - INFO - utils.trainer -   F_score: 0.09524
05/06/2026 22:16:06 - INFO - utils.trainer -   Specificity: 1.00000
05/06/2026 22:16:06 - INFO - utils.trainer -   Sensitivity: 0.05000
05/06/2026 22:16:06 - INFO - utils.trainer -   Loss: 71.46173
05/06/2026 22:16:06 - INFO - utils.trainer -    Train loss: 0.07219, Test loss: 71.46173,Epoch time = 2.086s
05/06/2026 22:16:09 - INFO - utils.trainer -   ***** Running evaluation on test1 dataset *****
05/06/2026 22:16:10 - INFO - utils.trainer -   AUC: 0.51172
05/06/2026 22:16:10 - INFO - utils.trainer -   Accuracy: 0.52612
05/06/2026 22:16:10 - INFO - utils.trainer -   Precision: 0.52434
05/06/2026 22:16:10 - INFO - utils.trainer -   Recall: 1.00000
05/06/2026 22:16:10 - INFO - utils.trainer -   F_score: 0.68796
05/06/2026 22:16:10 - INFO - utils.trainer -   Specificity: 0.00781
05/06/2026 22:16:10 - INFO - utils.trainer -   Sensitivity: 1.00000
05/06/2026 22:16:10 - INFO - utils.trainer -   Loss: 98.60758
05/06/2026 22:16:10 - INFO - utils.trainer -    Train loss: 0.16289, Test loss: 98.60758,Epoch time = 2.191s
05/06/2026 22:16:12 - INFO - utils.trainer -   ***** Running evaluation on test1 dataset *****
05/06/2026 22:16:13 - INFO - utils.trainer -   AUC: 0.50000
05/06/2026 22:16:13 - INFO - utils.trainer -   Accuracy: 0.52239
05/06/2026 22:16:13 - INFO - utils.trainer -   Precision: 0.52239
05/06/2026 22:16:13 - INFO - utils.trainer -   Recall: 1.00000
05/06/2026 22:16:13 - INFO - utils.trainer -   F_score: 0.68627
05/06/2026 22:16:13 - INFO - utils.trainer -   Specificity: 0.00000
05/06/2026 22:16:13 - INFO - utils.trainer -   Sensitivity: 1.00000
05/06/2026 22:16:13 - INFO - utils.trainer -   Loss: 137.19536
05/06/2026 22:16:13 - INFO - utils.trainer -    Train loss: 0.18095, Test loss: 137.19536,Epoch time = 1.512s
05/06/2026 22:16:15 - INFO - utils.trainer -   ***** Running evaluation on test1 dataset *****
05/06/2026 22:16:16 - INFO - utils.trainer -   AUC: 0.50000
05/06/2026 22:16:16 - INFO - utils.trainer -   Accuracy: 0.47761
05/06/2026 22:16:16 - INFO - utils.trainer -   Precision: 0.00000
05/06/2026 22:16:16 - INFO - utils.trainer -   Recall: 0.00000
05/06/2026 22:16:16 - INFO - utils.trainer -   F_score: 0.00000
05/06/2026 22:16:16 - INFO - utils.trainer -   Specificity: 1.00000
05/06/2026 22:16:16 - INFO - utils.trainer -   Sensitivity: 0.00000
05/06/2026 22:16:16 - INFO - utils.trainer -   Loss: 363.41045
05/06/2026 22:16:16 - INFO - utils.trainer -    Train loss: 0.12663, Test loss: 363.41045,Epoch time = 1.988s
05/06/2026 22:16:19 - INFO - utils.trainer -   ***** Running evaluation on test1 dataset *****
05/06/2026 22:16:20 - INFO - utils.trainer -   AUC: 0.58984
05/06/2026 22:16:20 - INFO - utils.trainer -   Accuracy: 0.59701
05/06/2026 22:16:20 - INFO - utils.trainer -   Precision: 0.56452
05/06/2026 22:16:20 - INFO - utils.trainer -   Recall: 1.00000
05/06/2026 22:16:20 - INFO - utils.trainer -   F_score: 0.72165
05/06/2026 22:16:20 - INFO - utils.trainer -   Specificity: 0.15625
05/06/2026 22:16:20 - INFO - utils.trainer -   Sensitivity: 1.00000
05/06/2026 22:16:20 - INFO - utils.trainer -   Loss: 39.73585
05/06/2026 22:16:20 - INFO - utils.trainer -    Train loss: 0.69593, Test loss: 39.73585,Epoch time = 2.195s
05/06/2026 22:16:22 - INFO - utils.trainer -   ***** Running evaluation on test1 dataset *****
05/06/2026 22:16:23 - INFO - utils.trainer -   AUC: 0.50000
05/06/2026 22:16:23 - INFO - utils.trainer -   Accuracy: 0.47761
05/06/2026 22:16:23 - INFO - utils.trainer -   Precision: 0.00000
05/06/2026 22:16:23 - INFO - utils.trainer -   Recall: 0.00000
05/06/2026 22:16:23 - INFO - utils.trainer -   F_score: 0.00000
05/06/2026 22:16:23 - INFO - utils.trainer -   Specificity: 1.00000
05/06/2026 22:16:23 - INFO - utils.trainer -   Sensitivity: 0.00000
05/06/2026 22:16:23 - INFO - utils.trainer -   Loss: 747.30961
05/06/2026 22:16:23 - INFO - utils.trainer -    Train loss: 0.24206, Test loss: 747.30961,Epoch time = 1.725s
05/06/2026 22:16:25 - INFO - utils.trainer -   ***** Running evaluation on test1 dataset *****
05/06/2026 22:16:26 - INFO - utils.trainer -   AUC: 0.87299
05/06/2026 22:16:26 - INFO - utils.trainer -   Accuracy: 0.83209
05/06/2026 22:16:26 - INFO - utils.trainer -   Precision: 0.75676
05/06/2026 22:16:26 - INFO - utils.trainer -   Recall: 1.00000
05/06/2026 22:16:26 - INFO - utils.trainer -   F_score: 0.86154
05/06/2026 22:16:26 - INFO - utils.trainer -   Specificity: 0.64844
05/06/2026 22:16:26 - INFO - utils.trainer -   Sensitivity: 1.00000
05/06/2026 22:16:26 - INFO - utils.trainer -   Loss: 5.07569
05/06/2026 22:16:26 - INFO - utils.trainer -    Train loss: 0.26064, Test loss: 5.07569,Epoch time = 2.046s
05/06/2026 22:16:26 - INFO - utils.trainer -   Saving model checkpoint to output_dir/DeepConvNet
05/06/2026 22:16:29 - INFO - utils.trainer -   ***** Running evaluation on test1 dataset *****
05/06/2026 22:16:30 - INFO - utils.trainer -   AUC: 0.52500
05/06/2026 22:16:30 - INFO - utils.trainer -   Accuracy: 0.48881
05/06/2026 22:16:30 - INFO - utils.trainer -   Precision: 1.00000
05/06/2026 22:16:30 - INFO - utils.trainer -   Recall: 0.02143
05/06/2026 22:16:30 - INFO - utils.trainer -   F_score: 0.04196
05/06/2026 22:16:30 - INFO - utils.trainer -   Specificity: 1.00000
05/06/2026 22:16:30 - INFO - utils.trainer -   Sensitivity: 0.02143
05/06/2026 22:16:30 - INFO - utils.trainer -   Loss: 239.31026
05/06/2026 22:16:30 - INFO - utils.trainer -    Train loss: 0.21898, Test loss: 239.31026,Epoch time = 2.216s
05/06/2026 22:16:31 - INFO - utils.trainer -   ***** Running evaluation on test1 dataset *****
05/06/2026 22:16:33 - INFO - utils.trainer -   AUC: 0.50000
05/06/2026 22:16:33 - INFO - utils.trainer -   Accuracy: 0.47761
05/06/2026 22:16:33 - INFO - utils.trainer -   Precision: 0.00000
05/06/2026 22:16:33 - INFO - utils.trainer -   Recall: 0.00000
05/06/2026 22:16:33 - INFO - utils.trainer -   F_score: 0.00000
05/06/2026 22:16:33 - INFO - utils.trainer -   Specificity: 1.00000
05/06/2026 22:16:33 - INFO - utils.trainer -   Sensitivity: 0.00000
05/06/2026 22:16:33 - INFO - utils.trainer -   Loss: 401.80734
05/06/2026 22:16:33 - INFO - utils.trainer -    Train loss: 0.11335, Test loss: 401.80734,Epoch time = 1.614s
05/06/2026 22:16:35 - INFO - utils.trainer -   ***** Running evaluation on test1 dataset *****
05/06/2026 22:16:36 - INFO - utils.trainer -   AUC: 0.99827
05/06/2026 22:16:36 - INFO - utils.trainer -   Accuracy: 0.86567
05/06/2026 22:16:36 - INFO - utils.trainer -   Precision: 1.00000
05/06/2026 22:16:36 - INFO - utils.trainer -   Recall: 0.74286
05/06/2026 22:16:36 - INFO - utils.trainer -   F_score: 0.85246
05/06/2026 22:16:36 - INFO - utils.trainer -   Specificity: 1.00000
05/06/2026 22:16:36 - INFO - utils.trainer -   Sensitivity: 0.74286
05/06/2026 22:16:36 - INFO - utils.trainer -   Loss: 4.10177
05/06/2026 22:16:36 - INFO - utils.trainer -    Train loss: 0.00001, Test loss: 4.10177,Epoch time = 2.240s
05/06/2026 22:16:36 - INFO - utils.trainer -   Saving model checkpoint to output_dir/DeepConvNet
05/06/2026 22:16:38 - INFO - utils.trainer -   ***** Running evaluation on test1 dataset *****
05/06/2026 22:16:40 - INFO - utils.trainer -   AUC: 0.79688
05/06/2026 22:16:40 - INFO - utils.trainer -   Accuracy: 0.76493
05/06/2026 22:16:40 - INFO - utils.trainer -   Precision: 0.68966
05/06/2026 22:16:40 - INFO - utils.trainer -   Recall: 1.00000
05/06/2026 22:16:40 - INFO - utils.trainer -   F_score: 0.81633
05/06/2026 22:16:40 - INFO - utils.trainer -   Specificity: 0.50781
05/06/2026 22:16:40 - INFO - utils.trainer -   Sensitivity: 1.00000
05/06/2026 22:16:40 - INFO - utils.trainer -   Loss: 11.13390
05/06/2026 22:16:40 - INFO - utils.trainer -    Train loss: 0.01403, Test loss: 11.13390,Epoch time = 2.301s
05/06/2026 22:16:42 - INFO - utils.trainer -   ***** Running evaluation on test1 dataset *****
05/06/2026 22:16:43 - INFO - utils.trainer -   AUC: 0.61071
05/06/2026 22:16:43 - INFO - utils.trainer -   Accuracy: 0.52612
05/06/2026 22:16:43 - INFO - utils.trainer -   Precision: 1.00000
05/06/2026 22:16:43 - INFO - utils.trainer -   Recall: 0.09286
05/06/2026 22:16:43 - INFO - utils.trainer -   F_score: 0.16993
05/06/2026 22:16:43 - INFO - utils.trainer -   Specificity: 1.00000
05/06/2026 22:16:43 - INFO - utils.trainer -   Sensitivity: 0.09286
05/06/2026 22:16:43 - INFO - utils.trainer -   Loss: 77.55764
05/06/2026 22:16:43 - INFO - utils.trainer -    Train loss: 0.01875, Test loss: 77.55764,Epoch time = 2.277s
05/06/2026 22:16:45 - INFO - utils.trainer -   ***** Running evaluation on test1 dataset *****
05/06/2026 22:16:47 - INFO - utils.trainer -   AUC: 0.50000
05/06/2026 22:16:47 - INFO - utils.trainer -   Accuracy: 0.52239
05/06/2026 22:16:47 - INFO - utils.trainer -   Precision: 0.52239
05/06/2026 22:16:47 - INFO - utils.trainer -   Recall: 1.00000
05/06/2026 22:16:47 - INFO - utils.trainer -   F_score: 0.68627
05/06/2026 22:16:47 - INFO - utils.trainer -   Specificity: 0.00000
05/06/2026 22:16:47 - INFO - utils.trainer -   Sensitivity: 1.00000
05/06/2026 22:16:47 - INFO - utils.trainer -   Loss: 204.17989
05/06/2026 22:16:47 - INFO - utils.trainer -    Train loss: 0.00347, Test loss: 204.17989,Epoch time = 2.286s
05/06/2026 22:16:49 - INFO - utils.trainer -   ***** Running evaluation on test1 dataset *****
05/06/2026 22:16:50 - INFO - utils.trainer -   AUC: 0.99581
05/06/2026 22:16:50 - INFO - utils.trainer -   Accuracy: 0.95522
05/06/2026 22:16:50 - INFO - utils.trainer -   Precision: 0.97761
05/06/2026 22:16:50 - INFO - utils.trainer -   Recall: 0.93571
05/06/2026 22:16:50 - INFO - utils.trainer -   F_score: 0.95620
05/06/2026 22:16:50 - INFO - utils.trainer -   Specificity: 0.97656
05/06/2026 22:16:50 - INFO - utils.trainer -   Sensitivity: 0.93571
05/06/2026 22:16:50 - INFO - utils.trainer -   Loss: 0.71135
05/06/2026 22:16:50 - INFO - utils.trainer -    Train loss: 0.01024, Test loss: 0.71135,Epoch time = 1.904s
05/06/2026 22:16:50 - INFO - utils.trainer -   Saving model checkpoint to output_dir/DeepConvNet
05/06/2026 22:16:52 - INFO - utils.trainer -   ***** Running evaluation on test1 dataset *****
05/06/2026 22:16:53 - INFO - utils.trainer -   AUC: 0.50000
05/06/2026 22:16:53 - INFO - utils.trainer -   Accuracy: 0.52239
05/06/2026 22:16:53 - INFO - utils.trainer -   Precision: 0.52239
05/06/2026 22:16:53 - INFO - utils.trainer -   Recall: 1.00000
05/06/2026 22:16:53 - INFO - utils.trainer -   F_score: 0.68627
05/06/2026 22:16:53 - INFO - utils.trainer -   Specificity: 0.00000
05/06/2026 22:16:53 - INFO - utils.trainer -   Sensitivity: 1.00000
05/06/2026 22:16:53 - INFO - utils.trainer -   Loss: 350.44799
05/06/2026 22:16:53 - INFO - utils.trainer -    Train loss: 0.00463, Test loss: 350.44799,Epoch time = 2.026s
05/06/2026 22:16:55 - INFO - utils.trainer -   ***** Running evaluation on test1 dataset *****
05/06/2026 22:16:57 - INFO - utils.trainer -   AUC: 0.71786
05/06/2026 22:16:57 - INFO - utils.trainer -   Accuracy: 0.56343
05/06/2026 22:16:57 - INFO - utils.trainer -   Precision: 1.00000
05/06/2026 22:16:57 - INFO - utils.trainer -   Recall: 0.16429
05/06/2026 22:16:57 - INFO - utils.trainer -   F_score: 0.28221
05/06/2026 22:16:57 - INFO - utils.trainer -   Specificity: 1.00000
05/06/2026 22:16:57 - INFO - utils.trainer -   Sensitivity: 0.16429
05/06/2026 22:16:57 - INFO - utils.trainer -   Loss: 60.22374
05/06/2026 22:16:57 - INFO - utils.trainer -    Train loss: 0.02144, Test loss: 60.22374,Epoch time = 2.166s
05/06/2026 22:16:59 - INFO - utils.trainer -   ***** Running evaluation on test1 dataset *****
05/06/2026 22:17:00 - INFO - utils.trainer -   AUC: 0.95279
05/06/2026 22:17:00 - INFO - utils.trainer -   Accuracy: 0.93284
05/06/2026 22:17:00 - INFO - utils.trainer -   Precision: 0.88608
05/06/2026 22:17:00 - INFO - utils.trainer -   Recall: 1.00000
05/06/2026 22:17:00 - INFO - utils.trainer -   F_score: 0.93960
05/06/2026 22:17:00 - INFO - utils.trainer -   Specificity: 0.85938
05/06/2026 22:17:00 - INFO - utils.trainer -   Sensitivity: 1.00000
05/06/2026 22:17:00 - INFO - utils.trainer -   Loss: 2.07197
05/06/2026 22:17:00 - INFO - utils.trainer -    Train loss: 0.00033, Test loss: 2.07197,Epoch time = 1.835s
05/06/2026 22:17:02 - INFO - utils.trainer -   ***** Running evaluation on test1 dataset *****
05/06/2026 22:17:04 - INFO - utils.trainer -   AUC: 0.96719
05/06/2026 22:17:04 - INFO - utils.trainer -   Accuracy: 0.95149
05/06/2026 22:17:04 - INFO - utils.trainer -   Precision: 0.92053
05/06/2026 22:17:04 - INFO - utils.trainer -   Recall: 0.99286
05/06/2026 22:17:04 - INFO - utils.trainer -   F_score: 0.95533
05/06/2026 22:17:04 - INFO - utils.trainer -   Specificity: 0.90625
05/06/2026 22:17:04 - INFO - utils.trainer -   Sensitivity: 0.99286
05/06/2026 22:17:04 - INFO - utils.trainer -   Loss: 1.13747
05/06/2026 22:17:04 - INFO - utils.trainer -    Train loss: 0.00000, Test loss: 1.13747,Epoch time = 2.093s
05/06/2026 22:17:06 - INFO - utils.trainer -   ***** Running evaluation on test1 dataset *****
05/06/2026 22:17:07 - INFO - utils.trainer -   AUC: 0.60938
05/06/2026 22:17:07 - INFO - utils.trainer -   Accuracy: 0.61194
05/06/2026 22:17:07 - INFO - utils.trainer -   Precision: 0.57377
05/06/2026 22:17:07 - INFO - utils.trainer -   Recall: 1.00000
05/06/2026 22:17:07 - INFO - utils.trainer -   F_score: 0.72917
05/06/2026 22:17:07 - INFO - utils.trainer -   Specificity: 0.18750
05/06/2026 22:17:07 - INFO - utils.trainer -   Sensitivity: 1.00000
05/06/2026 22:17:07 - INFO - utils.trainer -   Loss: 47.80598
05/06/2026 22:17:07 - INFO - utils.trainer -    Train loss: 0.00159, Test loss: 47.80598,Epoch time = 2.138s
05/06/2026 22:17:09 - INFO - utils.trainer -   ***** Running evaluation on test1 dataset *****
05/06/2026 22:17:10 - INFO - utils.trainer -   AUC: 0.69531
05/06/2026 22:17:10 - INFO - utils.trainer -   Accuracy: 0.66791
05/06/2026 22:17:10 - INFO - utils.trainer -   Precision: 0.61135
05/06/2026 22:17:10 - INFO - utils.trainer -   Recall: 1.00000
05/06/2026 22:17:10 - INFO - utils.trainer -   F_score: 0.75881
05/06/2026 22:17:10 - INFO - utils.trainer -   Specificity: 0.30469
05/06/2026 22:17:10 - INFO - utils.trainer -   Sensitivity: 1.00000
05/06/2026 22:17:10 - INFO - utils.trainer -   Loss: 21.07902
05/06/2026 22:17:10 - INFO - utils.trainer -    Train loss: 0.06733, Test loss: 21.07902,Epoch time = 1.533s
05/06/2026 22:17:12 - INFO - utils.trainer -   ***** Running evaluation on test1 dataset *****
05/06/2026 22:17:13 - INFO - utils.trainer -   AUC: 0.53214
05/06/2026 22:17:13 - INFO - utils.trainer -   Accuracy: 0.50746
05/06/2026 22:17:13 - INFO - utils.trainer -   Precision: 1.00000
05/06/2026 22:17:13 - INFO - utils.trainer -   Recall: 0.05714
05/06/2026 22:17:13 - INFO - utils.trainer -   F_score: 0.10811
05/06/2026 22:17:13 - INFO - utils.trainer -   Specificity: 1.00000
05/06/2026 22:17:13 - INFO - utils.trainer -   Sensitivity: 0.05714
05/06/2026 22:17:13 - INFO - utils.trainer -   Loss: 187.86678
05/06/2026 22:17:13 - INFO - utils.trainer -    Train loss: 0.12952, Test loss: 187.86678,Epoch time = 1.932s
05/06/2026 22:17:15 - INFO - utils.trainer -   ***** Running evaluation on test1 dataset *****
05/06/2026 22:17:17 - INFO - utils.trainer -   AUC: 0.76953
05/06/2026 22:17:17 - INFO - utils.trainer -   Accuracy: 0.75373
05/06/2026 22:17:17 - INFO - utils.trainer -   Precision: 0.67961
05/06/2026 22:17:17 - INFO - utils.trainer -   Recall: 1.00000
05/06/2026 22:17:17 - INFO - utils.trainer -   F_score: 0.80925
05/06/2026 22:17:17 - INFO - utils.trainer -   Specificity: 0.48438
05/06/2026 22:17:17 - INFO - utils.trainer -   Sensitivity: 1.00000
05/06/2026 22:17:17 - INFO - utils.trainer -   Loss: 15.01686
05/06/2026 22:17:17 - INFO - utils.trainer -    Train loss: 0.02533, Test loss: 15.01686,Epoch time = 2.292s
05/06/2026 22:17:19 - INFO - utils.trainer -   ***** Running evaluation on test1 dataset *****
05/06/2026 22:17:20 - INFO - utils.trainer -   AUC: 0.80859
05/06/2026 22:17:20 - INFO - utils.trainer -   Accuracy: 0.77985
05/06/2026 22:17:20 - INFO - utils.trainer -   Precision: 0.70352
05/06/2026 22:17:20 - INFO - utils.trainer -   Recall: 1.00000
05/06/2026 22:17:20 - INFO - utils.trainer -   F_score: 0.82596
05/06/2026 22:17:20 - INFO - utils.trainer -   Specificity: 0.53906
05/06/2026 22:17:20 - INFO - utils.trainer -   Sensitivity: 1.00000
05/06/2026 22:17:20 - INFO - utils.trainer -   Loss: 9.43537
05/06/2026 22:17:20 - INFO - utils.trainer -    Train loss: 0.19927, Test loss: 9.43537,Epoch time = 1.985s
05/06/2026 22:17:22 - INFO - utils.trainer -   ***** Running evaluation on test1 dataset *****
05/06/2026 22:17:24 - INFO - utils.trainer -   AUC: 0.64805
05/06/2026 22:17:24 - INFO - utils.trainer -   Accuracy: 0.52612
05/06/2026 22:17:24 - INFO - utils.trainer -   Precision: 0.88235
05/06/2026 22:17:24 - INFO - utils.trainer -   Recall: 0.10714
05/06/2026 22:17:24 - INFO - utils.trainer -   F_score: 0.19108
05/06/2026 22:17:24 - INFO - utils.trainer -   Specificity: 0.98438
05/06/2026 22:17:24 - INFO - utils.trainer -   Sensitivity: 0.10714
05/06/2026 22:17:24 - INFO - utils.trainer -   Loss: 38.96899
05/06/2026 22:17:24 - INFO - utils.trainer -    Train loss: 0.11217, Test loss: 38.96899,Epoch time = 2.051s
05/06/2026 22:17:25 - INFO - utils.trainer -   ***** Running evaluation on test1 dataset *****
05/06/2026 22:17:27 - INFO - utils.trainer -   AUC: 0.50000
05/06/2026 22:17:27 - INFO - utils.trainer -   Accuracy: 0.52239
05/06/2026 22:17:27 - INFO - utils.trainer -   Precision: 0.52239
05/06/2026 22:17:27 - INFO - utils.trainer -   Recall: 1.00000
05/06/2026 22:17:27 - INFO - utils.trainer -   F_score: 0.68627
05/06/2026 22:17:27 - INFO - utils.trainer -   Specificity: 0.00000
05/06/2026 22:17:27 - INFO - utils.trainer -   Sensitivity: 1.00000
05/06/2026 22:17:27 - INFO - utils.trainer -   Loss: 201.36008
05/06/2026 22:17:27 - INFO - utils.trainer -    Train loss: 0.12136, Test loss: 201.36008,Epoch time = 1.777s
05/06/2026 22:17:29 - INFO - utils.trainer -   ***** Running evaluation on test1 dataset *****
05/06/2026 22:17:30 - INFO - utils.trainer -   AUC: 0.94526
05/06/2026 22:17:30 - INFO - utils.trainer -   Accuracy: 0.84701
05/06/2026 22:17:30 - INFO - utils.trainer -   Precision: 0.92308
05/06/2026 22:17:30 - INFO - utils.trainer -   Recall: 0.77143
05/06/2026 22:17:30 - INFO - utils.trainer -   F_score: 0.84047
05/06/2026 22:17:30 - INFO - utils.trainer -   Specificity: 0.92969
05/06/2026 22:17:30 - INFO - utils.trainer -   Sensitivity: 0.77143
05/06/2026 22:17:30 - INFO - utils.trainer -   Loss: 4.50291
05/06/2026 22:17:30 - INFO - utils.trainer -    Train loss: 0.52256, Test loss: 4.50291,Epoch time = 2.416s
05/06/2026 22:17:32 - INFO - utils.trainer -   ***** Running evaluation on test1 dataset *****
05/06/2026 22:17:33 - INFO - utils.trainer -   AUC: 0.95246
05/06/2026 22:17:33 - INFO - utils.trainer -   Accuracy: 0.74254
05/06/2026 22:17:33 - INFO - utils.trainer -   Precision: 0.97333
05/06/2026 22:17:33 - INFO - utils.trainer -   Recall: 0.52143
05/06/2026 22:17:33 - INFO - utils.trainer -   F_score: 0.67907
05/06/2026 22:17:33 - INFO - utils.trainer -   Specificity: 0.98438
05/06/2026 22:17:33 - INFO - utils.trainer -   Sensitivity: 0.52143
05/06/2026 22:17:33 - INFO - utils.trainer -   Loss: 13.21221
05/06/2026 22:17:33 - INFO - utils.trainer -    Train loss: 0.12549, Test loss: 13.21221,Epoch time = 1.514s
05/06/2026 22:17:35 - INFO - utils.trainer -   ***** Running evaluation on test1 dataset *****
05/06/2026 22:17:36 - INFO - utils.trainer -   AUC: 0.57422
05/06/2026 22:17:36 - INFO - utils.trainer -   Accuracy: 0.57463
05/06/2026 22:17:36 - INFO - utils.trainer -   Precision: 0.55118
05/06/2026 22:17:36 - INFO - utils.trainer -   Recall: 1.00000
05/06/2026 22:17:36 - INFO - utils.trainer -   F_score: 0.71066
05/06/2026 22:17:36 - INFO - utils.trainer -   Specificity: 0.10938
05/06/2026 22:17:36 - INFO - utils.trainer -   Sensitivity: 1.00000
05/06/2026 22:17:36 - INFO - utils.trainer -   Loss: 68.07496
05/06/2026 22:17:36 - INFO - utils.trainer -    Train loss: 0.11863, Test loss: 68.07496,Epoch time = 1.773s
05/06/2026 22:17:38 - INFO - utils.trainer -   ***** Running evaluation on test1 dataset *****
05/06/2026 22:17:39 - INFO - utils.trainer -   AUC: 0.51786
05/06/2026 22:17:39 - INFO - utils.trainer -   Accuracy: 0.48881
05/06/2026 22:17:39 - INFO - utils.trainer -   Precision: 1.00000
05/06/2026 22:17:39 - INFO - utils.trainer -   Recall: 0.02143
05/06/2026 22:17:39 - INFO - utils.trainer -   F_score: 0.04196
05/06/2026 22:17:39 - INFO - utils.trainer -   Specificity: 1.00000
05/06/2026 22:17:39 - INFO - utils.trainer -   Sensitivity: 0.02143
05/06/2026 22:17:39 - INFO - utils.trainer -   Loss: 208.79680
05/06/2026 22:17:39 - INFO - utils.trainer -    Train loss: 0.45753, Test loss: 208.79680,Epoch time = 1.913s
05/06/2026 22:17:41 - INFO - utils.trainer -   ***** Running evaluation on test1 dataset *****
05/06/2026 22:17:43 - INFO - utils.trainer -   AUC: 0.50000
05/06/2026 22:17:43 - INFO - utils.trainer -   Accuracy: 0.52239
05/06/2026 22:17:43 - INFO - utils.trainer -   Precision: 0.52239
05/06/2026 22:17:43 - INFO - utils.trainer -   Recall: 1.00000
05/06/2026 22:17:43 - INFO - utils.trainer -   F_score: 0.68627
05/06/2026 22:17:43 - INFO - utils.trainer -   Specificity: 0.00000
05/06/2026 22:17:43 - INFO - utils.trainer -   Sensitivity: 1.00000
05/06/2026 22:17:43 - INFO - utils.trainer -   Loss: 224.71616
05/06/2026 22:17:43 - INFO - utils.trainer -    Train loss: 0.23560, Test loss: 224.71616,Epoch time = 2.194s
05/06/2026 22:17:45 - INFO - utils.trainer -   ***** Running evaluation on test1 dataset *****
05/06/2026 22:17:46 - INFO - utils.trainer -   AUC: 0.74322
05/06/2026 22:17:46 - INFO - utils.trainer -   Accuracy: 0.54478
05/06/2026 22:17:46 - INFO - utils.trainer -   Precision: 0.95000
05/06/2026 22:17:46 - INFO - utils.trainer -   Recall: 0.13571
05/06/2026 22:17:46 - INFO - utils.trainer -   F_score: 0.23750
05/06/2026 22:17:46 - INFO - utils.trainer -   Specificity: 0.99219
05/06/2026 22:17:46 - INFO - utils.trainer -   Sensitivity: 0.13571
05/06/2026 22:17:46 - INFO - utils.trainer -   Loss: 35.34960
05/06/2026 22:17:46 - INFO - utils.trainer -    Train loss: 0.47747, Test loss: 35.34960,Epoch time = 2.037s
05/06/2026 22:17:48 - INFO - utils.trainer -   ***** Running evaluation on test1 dataset *****
05/06/2026 22:17:50 - INFO - utils.trainer -   AUC: 0.64844
05/06/2026 22:17:50 - INFO - utils.trainer -   Accuracy: 0.65299
05/06/2026 22:17:50 - INFO - utils.trainer -   Precision: 0.60086
05/06/2026 22:17:50 - INFO - utils.trainer -   Recall: 1.00000
05/06/2026 22:17:50 - INFO - utils.trainer -   F_score: 0.75067
05/06/2026 22:17:50 - INFO - utils.trainer -   Specificity: 0.27344
05/06/2026 22:17:50 - INFO - utils.trainer -   Sensitivity: 1.00000
05/06/2026 22:17:50 - INFO - utils.trainer -   Loss: 61.06562
05/06/2026 22:17:50 - INFO - utils.trainer -    Train loss: 0.29690, Test loss: 61.06562,Epoch time = 1.740s
05/06/2026 22:17:51 - INFO - utils.trainer -   ***** Running evaluation on test1 dataset *****
05/06/2026 22:17:53 - INFO - utils.trainer -   AUC: 0.89643
05/06/2026 22:17:53 - INFO - utils.trainer -   Accuracy: 0.73881
05/06/2026 22:17:53 - INFO - utils.trainer -   Precision: 1.00000
05/06/2026 22:17:53 - INFO - utils.trainer -   Recall: 0.50000
05/06/2026 22:17:53 - INFO - utils.trainer -   F_score: 0.66667
05/06/2026 22:17:53 - INFO - utils.trainer -   Specificity: 1.00000
05/06/2026 22:17:53 - INFO - utils.trainer -   Sensitivity: 0.50000
05/06/2026 22:17:53 - INFO - utils.trainer -   Loss: 27.29892
05/06/2026 22:17:53 - INFO - utils.trainer -    Train loss: 0.06711, Test loss: 27.29892,Epoch time = 1.909s
05/06/2026 22:17:55 - INFO - utils.trainer -   ***** Running evaluation on test1 dataset *****
05/06/2026 22:17:56 - INFO - utils.trainer -   AUC: 0.97991
05/06/2026 22:17:56 - INFO - utils.trainer -   Accuracy: 0.95896
05/06/2026 22:17:56 - INFO - utils.trainer -   Precision: 0.92715
05/06/2026 22:17:56 - INFO - utils.trainer -   Recall: 1.00000
05/06/2026 22:17:56 - INFO - utils.trainer -   F_score: 0.96220
05/06/2026 22:17:56 - INFO - utils.trainer -   Specificity: 0.91406
05/06/2026 22:17:56 - INFO - utils.trainer -   Sensitivity: 1.00000
05/06/2026 22:17:56 - INFO - utils.trainer -   Loss: 1.00710
05/06/2026 22:17:56 - INFO - utils.trainer -    Train loss: 0.00000, Test loss: 1.00710,Epoch time = 2.247s
05/06/2026 22:17:56 - INFO - utils.trainer -   Saving model checkpoint to output_dir/DeepConvNet
05/06/2026 22:17:59 - INFO - utils.trainer -   ***** Running evaluation on test1 dataset *****
05/06/2026 22:18:00 - INFO - utils.trainer -   AUC: 0.53125
05/06/2026 22:18:00 - INFO - utils.trainer -   Accuracy: 0.55224
05/06/2026 22:18:00 - INFO - utils.trainer -   Precision: 0.53846
05/06/2026 22:18:00 - INFO - utils.trainer -   Recall: 1.00000
05/06/2026 22:18:00 - INFO - utils.trainer -   F_score: 0.70000
05/06/2026 22:18:00 - INFO - utils.trainer -   Specificity: 0.06250
05/06/2026 22:18:00 - INFO - utils.trainer -   Sensitivity: 1.00000
05/06/2026 22:18:00 - INFO - utils.trainer -   Loss: 159.92248
05/06/2026 22:18:00 - INFO - utils.trainer -    Train loss: 0.02144, Test loss: 159.92248,Epoch time = 2.289s
05/06/2026 22:18:02 - INFO - utils.trainer -   ***** Running evaluation on test1 dataset *****
05/06/2026 22:18:03 - INFO - utils.trainer -   AUC: 0.50781
05/06/2026 22:18:03 - INFO - utils.trainer -   Accuracy: 0.52612
05/06/2026 22:18:03 - INFO - utils.trainer -   Precision: 0.52434
05/06/2026 22:18:03 - INFO - utils.trainer -   Recall: 1.00000
05/06/2026 22:18:03 - INFO - utils.trainer -   F_score: 0.68796
05/06/2026 22:18:03 - INFO - utils.trainer -   Specificity: 0.00781
05/06/2026 22:18:03 - INFO - utils.trainer -   Sensitivity: 1.00000
05/06/2026 22:18:03 - INFO - utils.trainer -   Loss: 185.68382
05/06/2026 22:18:03 - INFO - utils.trainer -    Train loss: 0.10049, Test loss: 185.68382,Epoch time = 1.924s
05/06/2026 22:18:05 - INFO - utils.trainer -   ***** Running evaluation on test1 dataset *****
05/06/2026 22:18:07 - INFO - utils.trainer -   AUC: 0.52734
05/06/2026 22:18:07 - INFO - utils.trainer -   Accuracy: 0.54478
05/06/2026 22:18:07 - INFO - utils.trainer -   Precision: 0.53435
05/06/2026 22:18:07 - INFO - utils.trainer -   Recall: 1.00000
05/06/2026 22:18:07 - INFO - utils.trainer -   F_score: 0.69652
05/06/2026 22:18:07 - INFO - utils.trainer -   Specificity: 0.04688
05/06/2026 22:18:07 - INFO - utils.trainer -   Sensitivity: 1.00000
05/06/2026 22:18:07 - INFO - utils.trainer -   Loss: 159.21269
05/06/2026 22:18:07 - INFO - utils.trainer -    Train loss: 0.00674, Test loss: 159.21269,Epoch time = 2.165s
05/06/2026 22:18:09 - INFO - utils.trainer -   ***** Running evaluation on test1 dataset *****
05/06/2026 22:18:10 - INFO - utils.trainer -   AUC: 0.87503
05/06/2026 22:18:10 - INFO - utils.trainer -   Accuracy: 0.83209
05/06/2026 22:18:10 - INFO - utils.trainer -   Precision: 0.76243
05/06/2026 22:18:10 - INFO - utils.trainer -   Recall: 0.98571
05/06/2026 22:18:10 - INFO - utils.trainer -   F_score: 0.85981
05/06/2026 22:18:10 - INFO - utils.trainer -   Specificity: 0.66406
05/06/2026 22:18:10 - INFO - utils.trainer -   Sensitivity: 0.98571
05/06/2026 22:18:10 - INFO - utils.trainer -   Loss: 7.73428
05/06/2026 22:18:10 - INFO - utils.trainer -    Train loss: 0.05083, Test loss: 7.73428,Epoch time = 2.401s
05/06/2026 22:18:12 - INFO - utils.trainer -   ***** Running evaluation on test1 dataset *****
05/06/2026 22:18:14 - INFO - utils.trainer -   AUC: 0.80078
05/06/2026 22:18:14 - INFO - utils.trainer -   Accuracy: 0.77985
05/06/2026 22:18:14 - INFO - utils.trainer -   Precision: 0.70352
05/06/2026 22:18:14 - INFO - utils.trainer -   Recall: 1.00000
05/06/2026 22:18:14 - INFO - utils.trainer -   F_score: 0.82596
05/06/2026 22:18:14 - INFO - utils.trainer -   Specificity: 0.53906
05/06/2026 22:18:14 - INFO - utils.trainer -   Sensitivity: 1.00000
05/06/2026 22:18:14 - INFO - utils.trainer -   Loss: 14.56031
05/06/2026 22:18:14 - INFO - utils.trainer -    Train loss: 0.00637, Test loss: 14.56031,Epoch time = 1.983s
05/06/2026 22:18:16 - INFO - utils.trainer -   ***** Running evaluation on test1 dataset *****
05/06/2026 22:18:17 - INFO - utils.trainer -   AUC: 0.93937
05/06/2026 22:18:17 - INFO - utils.trainer -   Accuracy: 0.91791
05/06/2026 22:18:17 - INFO - utils.trainer -   Precision: 0.86875
05/06/2026 22:18:17 - INFO - utils.trainer -   Recall: 0.99286
05/06/2026 22:18:17 - INFO - utils.trainer -   F_score: 0.92667
05/06/2026 22:18:17 - INFO - utils.trainer -   Specificity: 0.83594
05/06/2026 22:18:17 - INFO - utils.trainer -   Sensitivity: 0.99286
05/06/2026 22:18:17 - INFO - utils.trainer -   Loss: 3.69248
05/06/2026 22:18:17 - INFO - utils.trainer -    Train loss: 0.00000, Test loss: 3.69248,Epoch time = 1.769s
05/06/2026 22:18:19 - INFO - utils.trainer -   ***** Running evaluation on test1 dataset *****
05/06/2026 22:18:20 - INFO - utils.trainer -   AUC: 0.93200
05/06/2026 22:18:20 - INFO - utils.trainer -   Accuracy: 0.92164
05/06/2026 22:18:20 - INFO - utils.trainer -   Precision: 0.86957
05/06/2026 22:18:20 - INFO - utils.trainer -   Recall: 1.00000
05/06/2026 22:18:20 - INFO - utils.trainer -   F_score: 0.93023
05/06/2026 22:18:20 - INFO - utils.trainer -   Specificity: 0.83594
05/06/2026 22:18:20 - INFO - utils.trainer -   Sensitivity: 1.00000
05/06/2026 22:18:20 - INFO - utils.trainer -   Loss: 3.77045
05/06/2026 22:18:20 - INFO - utils.trainer -    Train loss: 0.00000, Test loss: 3.77045,Epoch time = 2.515s
05/06/2026 22:18:22 - INFO - utils.trainer -   ***** Running evaluation on test1 dataset *****
05/06/2026 22:18:24 - INFO - utils.trainer -   AUC: 0.93172
05/06/2026 22:18:24 - INFO - utils.trainer -   Accuracy: 0.91791
05/06/2026 22:18:24 - INFO - utils.trainer -   Precision: 0.86875
05/06/2026 22:18:24 - INFO - utils.trainer -   Recall: 0.99286
05/06/2026 22:18:24 - INFO - utils.trainer -   F_score: 0.92667
05/06/2026 22:18:24 - INFO - utils.trainer -   Specificity: 0.83594
05/06/2026 22:18:24 - INFO - utils.trainer -   Sensitivity: 0.99286
05/06/2026 22:18:24 - INFO - utils.trainer -   Loss: 3.97247
05/06/2026 22:18:24 - INFO - utils.trainer -    Train loss: 0.00002, Test loss: 3.97247,Epoch time = 2.080s
05/06/2026 22:18:25 - INFO - utils.trainer -   ***** Running evaluation on test1 dataset *****
05/06/2026 22:18:27 - INFO - utils.trainer -   AUC: 0.94621
05/06/2026 22:18:27 - INFO - utils.trainer -   Accuracy: 0.93284
05/06/2026 22:18:27 - INFO - utils.trainer -   Precision: 0.90132
05/06/2026 22:18:27 - INFO - utils.trainer -   Recall: 0.97857
05/06/2026 22:18:27 - INFO - utils.trainer -   F_score: 0.93836
05/06/2026 22:18:27 - INFO - utils.trainer -   Specificity: 0.88281
05/06/2026 22:18:27 - INFO - utils.trainer -   Sensitivity: 0.97857
05/06/2026 22:18:27 - INFO - utils.trainer -   Loss: 3.13302
05/06/2026 22:18:27 - INFO - utils.trainer -    Train loss: 0.00016, Test loss: 3.13302,Epoch time = 1.631s
05/06/2026 22:18:29 - INFO - utils.trainer -   ***** Running evaluation on test1 dataset *****
05/06/2026 22:18:30 - INFO - utils.trainer -   AUC: 0.94314
05/06/2026 22:18:30 - INFO - utils.trainer -   Accuracy: 0.92164
05/06/2026 22:18:30 - INFO - utils.trainer -   Precision: 0.87421
05/06/2026 22:18:30 - INFO - utils.trainer -   Recall: 0.99286
05/06/2026 22:18:30 - INFO - utils.trainer -   F_score: 0.92977
05/06/2026 22:18:30 - INFO - utils.trainer -   Specificity: 0.84375
05/06/2026 22:18:30 - INFO - utils.trainer -   Sensitivity: 0.99286
05/06/2026 22:18:30 - INFO - utils.trainer -   Loss: 3.39386
05/06/2026 22:18:30 - INFO - utils.trainer -    Train loss: 0.00000, Test loss: 3.39386,Epoch time = 1.737s
05/06/2026 22:18:32 - INFO - utils.trainer -   ***** Running evaluation on test1 dataset *****
05/06/2026 22:18:33 - INFO - utils.trainer -   AUC: 0.93200
05/06/2026 22:18:33 - INFO - utils.trainer -   Accuracy: 0.92164
05/06/2026 22:18:33 - INFO - utils.trainer -   Precision: 0.86957
05/06/2026 22:18:33 - INFO - utils.trainer -   Recall: 1.00000
05/06/2026 22:18:33 - INFO - utils.trainer -   F_score: 0.93023
05/06/2026 22:18:33 - INFO - utils.trainer -   Specificity: 0.83594
05/06/2026 22:18:33 - INFO - utils.trainer -   Sensitivity: 1.00000
05/06/2026 22:18:33 - INFO - utils.trainer -   Loss: 3.65594
05/06/2026 22:18:33 - INFO - utils.trainer -    Train loss: 0.00000, Test loss: 3.65594,Epoch time = 1.856s
05/06/2026 22:18:35 - INFO - utils.trainer -   ***** Running evaluation on test1 dataset *****
05/06/2026 22:18:37 - INFO - utils.trainer -   AUC: 0.96311
05/06/2026 22:18:37 - INFO - utils.trainer -   Accuracy: 0.80224
05/06/2026 22:18:37 - INFO - utils.trainer -   Precision: 1.00000
05/06/2026 22:18:37 - INFO - utils.trainer -   Recall: 0.62143
05/06/2026 22:18:37 - INFO - utils.trainer -   F_score: 0.76652
05/06/2026 22:18:37 - INFO - utils.trainer -   Specificity: 1.00000
05/06/2026 22:18:37 - INFO - utils.trainer -   Sensitivity: 0.62143
05/06/2026 22:18:37 - INFO - utils.trainer -   Loss: 13.33095
05/06/2026 22:18:37 - INFO - utils.trainer -    Train loss: 0.00923, Test loss: 13.33095,Epoch time = 2.438s
05/06/2026 22:18:39 - INFO - utils.trainer -   ***** Running evaluation on test1 dataset *****
05/06/2026 22:18:40 - INFO - utils.trainer -   AUC: 0.50781
05/06/2026 22:18:40 - INFO - utils.trainer -   Accuracy: 0.52985
05/06/2026 22:18:40 - INFO - utils.trainer -   Precision: 0.52632
05/06/2026 22:18:40 - INFO - utils.trainer -   Recall: 1.00000
05/06/2026 22:18:40 - INFO - utils.trainer -   F_score: 0.68966
05/06/2026 22:18:40 - INFO - utils.trainer -   Specificity: 0.01562
05/06/2026 22:18:40 - INFO - utils.trainer -   Sensitivity: 1.00000
05/06/2026 22:18:40 - INFO - utils.trainer -   Loss: 176.08392
05/06/2026 22:18:40 - INFO - utils.trainer -    Train loss: 0.04400, Test loss: 176.08392,Epoch time = 1.959s
05/06/2026 22:18:42 - INFO - utils.trainer -   ***** Running evaluation on test1 dataset *****
05/06/2026 22:18:43 - INFO - utils.trainer -   AUC: 0.77143
05/06/2026 22:18:43 - INFO - utils.trainer -   Accuracy: 0.58582
05/06/2026 22:18:43 - INFO - utils.trainer -   Precision: 1.00000
05/06/2026 22:18:43 - INFO - utils.trainer -   Recall: 0.20714
05/06/2026 22:18:43 - INFO - utils.trainer -   F_score: 0.34320
05/06/2026 22:18:43 - INFO - utils.trainer -   Specificity: 1.00000
05/06/2026 22:18:43 - INFO - utils.trainer -   Sensitivity: 0.20714
05/06/2026 22:18:43 - INFO - utils.trainer -   Loss: 54.11265
05/06/2026 22:18:43 - INFO - utils.trainer -    Train loss: 0.04728, Test loss: 54.11265,Epoch time = 1.686s
05/06/2026 22:18:46 - INFO - utils.trainer -   ***** Running evaluation on test1 dataset *****
05/06/2026 22:18:47 - INFO - utils.trainer -   AUC: 0.94046
05/06/2026 22:18:47 - INFO - utils.trainer -   Accuracy: 0.91791
05/06/2026 22:18:47 - INFO - utils.trainer -   Precision: 0.88312
05/06/2026 22:18:47 - INFO - utils.trainer -   Recall: 0.97143
05/06/2026 22:18:47 - INFO - utils.trainer -   F_score: 0.92517
05/06/2026 22:18:47 - INFO - utils.trainer -   Specificity: 0.85938
05/06/2026 22:18:47 - INFO - utils.trainer -   Sensitivity: 0.97143
05/06/2026 22:18:47 - INFO - utils.trainer -   Loss: 2.44986
05/06/2026 22:18:47 - INFO - utils.trainer -    Train loss: 0.00000, Test loss: 2.44986,Epoch time = 2.633s
05/06/2026 22:18:49 - INFO - utils.trainer -   ***** Running evaluation on test1 dataset *****
05/06/2026 22:18:50 - INFO - utils.trainer -   AUC: 0.50000
05/06/2026 22:18:50 - INFO - utils.trainer -   Accuracy: 0.52239
05/06/2026 22:18:50 - INFO - utils.trainer -   Precision: 0.52239
05/06/2026 22:18:50 - INFO - utils.trainer -   Recall: 1.00000
05/06/2026 22:18:50 - INFO - utils.trainer -   F_score: 0.68627
05/06/2026 22:18:50 - INFO - utils.trainer -   Specificity: 0.00000
05/06/2026 22:18:50 - INFO - utils.trainer -   Sensitivity: 1.00000
05/06/2026 22:18:50 - INFO - utils.trainer -   Loss: 290.34060
05/06/2026 22:18:50 - INFO - utils.trainer -    Train loss: 0.12585, Test loss: 290.34060,Epoch time = 2.086s
05/06/2026 22:18:52 - INFO - utils.trainer -   ***** Running evaluation on test1 dataset *****
05/06/2026 22:18:53 - INFO - utils.trainer -   AUC: 0.69643
05/06/2026 22:18:53 - INFO - utils.trainer -   Accuracy: 0.57463
05/06/2026 22:18:53 - INFO - utils.trainer -   Precision: 1.00000
05/06/2026 22:18:53 - INFO - utils.trainer -   Recall: 0.18571
05/06/2026 22:18:53 - INFO - utils.trainer -   F_score: 0.31325
05/06/2026 22:18:53 - INFO - utils.trainer -   Specificity: 1.00000
05/06/2026 22:18:53 - INFO - utils.trainer -   Sensitivity: 0.18571
05/06/2026 22:18:53 - INFO - utils.trainer -   Loss: 80.49552
05/06/2026 22:18:53 - INFO - utils.trainer -    Train loss: 0.03701, Test loss: 80.49552,Epoch time = 1.624s
05/06/2026 22:18:56 - INFO - utils.trainer -   ***** Running evaluation on test1 dataset *****
05/06/2026 22:18:57 - INFO - utils.trainer -   AUC: 0.99194
05/06/2026 22:18:57 - INFO - utils.trainer -   Accuracy: 0.95896
05/06/2026 22:18:57 - INFO - utils.trainer -   Precision: 0.95105
05/06/2026 22:18:57 - INFO - utils.trainer -   Recall: 0.97143
05/06/2026 22:18:57 - INFO - utils.trainer -   F_score: 0.96113
05/06/2026 22:18:57 - INFO - utils.trainer -   Specificity: 0.94531
05/06/2026 22:18:57 - INFO - utils.trainer -   Sensitivity: 0.97143
05/06/2026 22:18:57 - INFO - utils.trainer -   Loss: 0.83920
05/06/2026 22:18:57 - INFO - utils.trainer -    Train loss: 0.00013, Test loss: 0.83920,Epoch time = 2.330s
05/06/2026 22:18:57 - INFO - utils.trainer -   Saving model checkpoint to output_dir/DeepConvNet
05/06/2026 22:18:59 - INFO - utils.trainer -   ***** Running evaluation on test1 dataset *****
05/06/2026 22:19:01 - INFO - utils.trainer -   AUC: 0.63672
05/06/2026 22:19:01 - INFO - utils.trainer -   Accuracy: 0.63060
05/06/2026 22:19:01 - INFO - utils.trainer -   Precision: 0.58577
05/06/2026 22:19:01 - INFO - utils.trainer -   Recall: 1.00000
05/06/2026 22:19:01 - INFO - utils.trainer -   F_score: 0.73879
05/06/2026 22:19:01 - INFO - utils.trainer -   Specificity: 0.22656
05/06/2026 22:19:01 - INFO - utils.trainer -   Sensitivity: 1.00000
05/06/2026 22:19:01 - INFO - utils.trainer -   Loss: 49.42444
05/06/2026 22:19:01 - INFO - utils.trainer -    Train loss: 0.00402, Test loss: 49.42444,Epoch time = 2.407s
05/06/2026 22:19:03 - INFO - utils.trainer -   ***** Running evaluation on test1 dataset *****
05/06/2026 22:19:04 - INFO - utils.trainer -   AUC: 0.64062
05/06/2026 22:19:04 - INFO - utils.trainer -   Accuracy: 0.63806
05/06/2026 22:19:04 - INFO - utils.trainer -   Precision: 0.59072
05/06/2026 22:19:04 - INFO - utils.trainer -   Recall: 1.00000
05/06/2026 22:19:04 - INFO - utils.trainer -   F_score: 0.74271
05/06/2026 22:19:04 - INFO - utils.trainer -   Specificity: 0.24219
05/06/2026 22:19:04 - INFO - utils.trainer -   Sensitivity: 1.00000
05/06/2026 22:19:04 - INFO - utils.trainer -   Loss: 52.41067
05/06/2026 22:19:04 - INFO - utils.trainer -    Train loss: 0.00001, Test loss: 52.41067,Epoch time = 1.962s
05/06/2026 22:19:06 - INFO - utils.trainer -   ***** Running evaluation on test1 dataset *****
05/06/2026 22:19:08 - INFO - utils.trainer -   AUC: 0.74643
05/06/2026 22:19:08 - INFO - utils.trainer -   Accuracy: 0.59328
05/06/2026 22:19:08 - INFO - utils.trainer -   Precision: 1.00000
05/06/2026 22:19:08 - INFO - utils.trainer -   Recall: 0.22143
05/06/2026 22:19:08 - INFO - utils.trainer -   F_score: 0.36257
05/06/2026 22:19:08 - INFO - utils.trainer -   Specificity: 1.00000
05/06/2026 22:19:08 - INFO - utils.trainer -   Sensitivity: 0.22143
05/06/2026 22:19:08 - INFO - utils.trainer -   Loss: 62.60009
05/06/2026 22:19:08 - INFO - utils.trainer -    Train loss: 0.04448, Test loss: 62.60009,Epoch time = 1.976s
05/06/2026 22:19:10 - INFO - utils.trainer -   ***** Running evaluation on test1 dataset *****
05/06/2026 22:19:11 - INFO - utils.trainer -   AUC: 0.99626
05/06/2026 22:19:11 - INFO - utils.trainer -   Accuracy: 0.96269
05/06/2026 22:19:11 - INFO - utils.trainer -   Precision: 0.99242
05/06/2026 22:19:11 - INFO - utils.trainer -   Recall: 0.93571
05/06/2026 22:19:11 - INFO - utils.trainer -   F_score: 0.96324
05/06/2026 22:19:11 - INFO - utils.trainer -   Specificity: 0.99219
05/06/2026 22:19:11 - INFO - utils.trainer -   Sensitivity: 0.93571
05/06/2026 22:19:11 - INFO - utils.trainer -   Loss: 0.99432
05/06/2026 22:19:11 - INFO - utils.trainer -    Train loss: 0.00000, Test loss: 0.99432,Epoch time = 2.070s
05/06/2026 22:19:11 - INFO - utils.trainer -   Saving model checkpoint to output_dir/DeepConvNet
05/06/2026 22:19:13 - INFO - utils.trainer -   ***** Running evaluation on test1 dataset *****
05/06/2026 22:19:14 - INFO - utils.trainer -   AUC: 0.91406
05/06/2026 22:19:14 - INFO - utils.trainer -   Accuracy: 0.88060
05/06/2026 22:19:14 - INFO - utils.trainer -   Precision: 0.81395
05/06/2026 22:19:14 - INFO - utils.trainer -   Recall: 1.00000
05/06/2026 22:19:14 - INFO - utils.trainer -   F_score: 0.89744
05/06/2026 22:19:14 - INFO - utils.trainer -   Specificity: 0.75000
05/06/2026 22:19:14 - INFO - utils.trainer -   Sensitivity: 1.00000
05/06/2026 22:19:14 - INFO - utils.trainer -   Loss: 4.94351
05/06/2026 22:19:14 - INFO - utils.trainer -    Train loss: 0.00027, Test loss: 4.94351,Epoch time = 1.897s
05/06/2026 22:19:17 - INFO - utils.trainer -   ***** Running evaluation on test1 dataset *****
05/06/2026 22:19:18 - INFO - utils.trainer -   AUC: 0.95067
05/06/2026 22:19:18 - INFO - utils.trainer -   Accuracy: 0.92910
05/06/2026 22:19:18 - INFO - utils.trainer -   Precision: 0.88535
05/06/2026 22:19:18 - INFO - utils.trainer -   Recall: 0.99286
05/06/2026 22:19:18 - INFO - utils.trainer -   F_score: 0.93603
05/06/2026 22:19:18 - INFO - utils.trainer -   Specificity: 0.85938
05/06/2026 22:19:18 - INFO - utils.trainer -   Sensitivity: 0.99286
05/06/2026 22:19:18 - INFO - utils.trainer -   Loss: 2.05773
05/06/2026 22:19:18 - INFO - utils.trainer -    Train loss: 0.00000, Test loss: 2.05773,Epoch time = 2.524s
05/06/2026 22:19:20 - INFO - utils.trainer -   ***** Running evaluation on test1 dataset *****
05/06/2026 22:19:22 - INFO - utils.trainer -   AUC: 0.51953
05/06/2026 22:19:22 - INFO - utils.trainer -   Accuracy: 0.54104
05/06/2026 22:19:22 - INFO - utils.trainer -   Precision: 0.53232
05/06/2026 22:19:22 - INFO - utils.trainer -   Recall: 1.00000
05/06/2026 22:19:22 - INFO - utils.trainer -   F_score: 0.69479
05/06/2026 22:19:22 - INFO - utils.trainer -   Specificity: 0.03906
05/06/2026 22:19:22 - INFO - utils.trainer -   Sensitivity: 1.00000
05/06/2026 22:19:22 - INFO - utils.trainer -   Loss: 151.44535
05/06/2026 22:19:22 - INFO - utils.trainer -    Train loss: 0.04633, Test loss: 151.44535,Epoch time = 1.881s
05/06/2026 22:19:24 - INFO - utils.trainer -   ***** Running evaluation on test1 dataset *****
05/06/2026 22:19:25 - INFO - utils.trainer -   AUC: 0.57031
05/06/2026 22:19:25 - INFO - utils.trainer -   Accuracy: 0.57463
05/06/2026 22:19:25 - INFO - utils.trainer -   Precision: 0.55118
05/06/2026 22:19:25 - INFO - utils.trainer -   Recall: 1.00000
05/06/2026 22:19:25 - INFO - utils.trainer -   F_score: 0.71066
05/06/2026 22:19:25 - INFO - utils.trainer -   Specificity: 0.10938
05/06/2026 22:19:25 - INFO - utils.trainer -   Sensitivity: 1.00000
05/06/2026 22:19:25 - INFO - utils.trainer -   Loss: 99.67208
05/06/2026 22:19:25 - INFO - utils.trainer -    Train loss: 0.51028, Test loss: 99.67208,Epoch time = 2.150s
05/06/2026 22:19:27 - INFO - utils.trainer -   ***** Running evaluation on test1 dataset *****
05/06/2026 22:19:29 - INFO - utils.trainer -   AUC: 0.86719
05/06/2026 22:19:29 - INFO - utils.trainer -   Accuracy: 0.83582
05/06/2026 22:19:29 - INFO - utils.trainer -   Precision: 0.76087
05/06/2026 22:19:29 - INFO - utils.trainer -   Recall: 1.00000
05/06/2026 22:19:29 - INFO - utils.trainer -   F_score: 0.86420
05/06/2026 22:19:29 - INFO - utils.trainer -   Specificity: 0.65625
05/06/2026 22:19:29 - INFO - utils.trainer -   Sensitivity: 1.00000
05/06/2026 22:19:29 - INFO - utils.trainer -   Loss: 7.67948
05/06/2026 22:19:29 - INFO - utils.trainer -    Train loss: 0.00000, Test loss: 7.67948,Epoch time = 2.080s
05/06/2026 22:19:30 - INFO - utils.trainer -   ***** Running evaluation on test1 dataset *****
05/06/2026 22:19:32 - INFO - utils.trainer -   AUC: 0.98276
05/06/2026 22:19:32 - INFO - utils.trainer -   Accuracy: 0.92537
05/06/2026 22:19:32 - INFO - utils.trainer -   Precision: 0.96875
05/06/2026 22:19:32 - INFO - utils.trainer -   Recall: 0.88571
05/06/2026 22:19:32 - INFO - utils.trainer -   F_score: 0.92537
05/06/2026 22:19:32 - INFO - utils.trainer -   Specificity: 0.96875
05/06/2026 22:19:32 - INFO - utils.trainer -   Sensitivity: 0.88571
05/06/2026 22:19:32 - INFO - utils.trainer -   Loss: 2.01067
05/06/2026 22:19:32 - INFO - utils.trainer -    Train loss: 0.10672, Test loss: 2.01067,Epoch time = 1.587s
05/06/2026 22:19:34 - INFO - utils.trainer -   ***** Running evaluation on test1 dataset *****
05/06/2026 22:19:35 - INFO - utils.trainer -   AUC: 0.53214
05/06/2026 22:19:35 - INFO - utils.trainer -   Accuracy: 0.50000
05/06/2026 22:19:35 - INFO - utils.trainer -   Precision: 1.00000
05/06/2026 22:19:35 - INFO - utils.trainer -   Recall: 0.04286
05/06/2026 22:19:35 - INFO - utils.trainer -   F_score: 0.08219
05/06/2026 22:19:35 - INFO - utils.trainer -   Specificity: 1.00000
05/06/2026 22:19:35 - INFO - utils.trainer -   Sensitivity: 0.04286
05/06/2026 22:19:35 - INFO - utils.trainer -   Loss: 203.79273
05/06/2026 22:19:35 - INFO - utils.trainer -    Train loss: 0.01559, Test loss: 203.79273,Epoch time = 1.937s
05/06/2026 22:19:37 - INFO - utils.trainer -   ***** Running evaluation on test1 dataset *****
05/06/2026 22:19:38 - INFO - utils.trainer -   AUC: 0.50000
05/06/2026 22:19:38 - INFO - utils.trainer -   Accuracy: 0.52239
05/06/2026 22:19:38 - INFO - utils.trainer -   Precision: 0.52239
05/06/2026 22:19:38 - INFO - utils.trainer -   Recall: 1.00000
05/06/2026 22:19:38 - INFO - utils.trainer -   F_score: 0.68627
05/06/2026 22:19:38 - INFO - utils.trainer -   Specificity: 0.00000
05/06/2026 22:19:38 - INFO - utils.trainer -   Sensitivity: 1.00000
05/06/2026 22:19:38 - INFO - utils.trainer -   Loss: 260.72918
05/06/2026 22:19:38 - INFO - utils.trainer -    Train loss: 0.08675, Test loss: 260.72918,Epoch time = 2.148s
05/06/2026 22:19:40 - INFO - utils.trainer -   ***** Running evaluation on test1 dataset *****
05/06/2026 22:19:41 - INFO - utils.trainer -   AUC: 0.81250
05/06/2026 22:19:41 - INFO - utils.trainer -   Accuracy: 0.80224
05/06/2026 22:19:41 - INFO - utils.trainer -   Precision: 0.72539
05/06/2026 22:19:41 - INFO - utils.trainer -   Recall: 1.00000
05/06/2026 22:19:41 - INFO - utils.trainer -   F_score: 0.84084
05/06/2026 22:19:41 - INFO - utils.trainer -   Specificity: 0.58594
05/06/2026 22:19:41 - INFO - utils.trainer -   Sensitivity: 1.00000
05/06/2026 22:19:41 - INFO - utils.trainer -   Loss: 12.13247
05/06/2026 22:19:41 - INFO - utils.trainer -    Train loss: 0.03236, Test loss: 12.13247,Epoch time = 1.779s
05/06/2026 22:19:44 - INFO - utils.trainer -   ***** Running evaluation on test1 dataset *****
05/06/2026 22:19:45 - INFO - utils.trainer -   AUC: 0.52857
05/06/2026 22:19:45 - INFO - utils.trainer -   Accuracy: 0.50373
05/06/2026 22:19:45 - INFO - utils.trainer -   Precision: 1.00000
05/06/2026 22:19:45 - INFO - utils.trainer -   Recall: 0.05000
05/06/2026 22:19:45 - INFO - utils.trainer -   F_score: 0.09524
05/06/2026 22:19:45 - INFO - utils.trainer -   Specificity: 1.00000
05/06/2026 22:19:45 - INFO - utils.trainer -   Sensitivity: 0.05000
05/06/2026 22:19:45 - INFO - utils.trainer -   Loss: 212.46148
05/06/2026 22:19:45 - INFO - utils.trainer -    Train loss: 0.06462, Test loss: 212.46148,Epoch time = 2.207s
05/06/2026 22:19:47 - INFO - utils.trainer -   ***** Running evaluation on test1 dataset *****
05/06/2026 22:19:48 - INFO - utils.trainer -   AUC: 0.99501
05/06/2026 22:19:48 - INFO - utils.trainer -   Accuracy: 0.93284
05/06/2026 22:19:48 - INFO - utils.trainer -   Precision: 0.98413
05/06/2026 22:19:48 - INFO - utils.trainer -   Recall: 0.88571
05/06/2026 22:19:48 - INFO - utils.trainer -   F_score: 0.93233
05/06/2026 22:19:48 - INFO - utils.trainer -   Specificity: 0.98438
05/06/2026 22:19:48 - INFO - utils.trainer -   Sensitivity: 0.88571
05/06/2026 22:19:48 - INFO - utils.trainer -   Loss: 1.32426
05/06/2026 22:19:48 - INFO - utils.trainer -    Train loss: 0.00000, Test loss: 1.32426,Epoch time = 2.041s
05/06/2026 22:19:50 - INFO - utils.trainer -   ***** Running evaluation on test1 dataset *****
05/06/2026 22:19:51 - INFO - utils.trainer -   AUC: 0.95988
05/06/2026 22:19:51 - INFO - utils.trainer -   Accuracy: 0.93657
05/06/2026 22:19:51 - INFO - utils.trainer -   Precision: 0.89677
05/06/2026 22:19:51 - INFO - utils.trainer -   Recall: 0.99286
05/06/2026 22:19:51 - INFO - utils.trainer -   F_score: 0.94237
05/06/2026 22:19:51 - INFO - utils.trainer -   Specificity: 0.87500
05/06/2026 22:19:51 - INFO - utils.trainer -   Sensitivity: 0.99286
05/06/2026 22:19:51 - INFO - utils.trainer -   Loss: 1.76115
05/06/2026 22:19:51 - INFO - utils.trainer -    Train loss: 0.00000, Test loss: 1.76115,Epoch time = 2.006s
05/06/2026 22:19:53 - INFO - utils.trainer -   ***** Running evaluation on test1 dataset *****
05/06/2026 22:19:55 - INFO - utils.trainer -   AUC: 0.94874
05/06/2026 22:19:55 - INFO - utils.trainer -   Accuracy: 0.93284
05/06/2026 22:19:55 - INFO - utils.trainer -   Precision: 0.88608
05/06/2026 22:19:55 - INFO - utils.trainer -   Recall: 1.00000
05/06/2026 22:19:55 - INFO - utils.trainer -   F_score: 0.93960
05/06/2026 22:19:55 - INFO - utils.trainer -   Specificity: 0.85938
05/06/2026 22:19:55 - INFO - utils.trainer -   Sensitivity: 1.00000
05/06/2026 22:19:55 - INFO - utils.trainer -   Loss: 2.26195
05/06/2026 22:19:55 - INFO - utils.trainer -    Train loss: 0.00000, Test loss: 2.26195,Epoch time = 1.760s
05/06/2026 22:19:56 - INFO - utils.trainer -   ***** Running evaluation on test1 dataset *****
05/06/2026 22:19:57 - INFO - utils.trainer -   AUC: 0.94858
05/06/2026 22:19:57 - INFO - utils.trainer -   Accuracy: 0.92910
05/06/2026 22:19:57 - INFO - utils.trainer -   Precision: 0.88050
05/06/2026 22:19:57 - INFO - utils.trainer -   Recall: 1.00000
05/06/2026 22:19:57 - INFO - utils.trainer -   F_score: 0.93645
05/06/2026 22:19:57 - INFO - utils.trainer -   Specificity: 0.85156
05/06/2026 22:19:57 - INFO - utils.trainer -   Sensitivity: 1.00000
05/06/2026 22:19:57 - INFO - utils.trainer -   Loss: 2.41698
05/06/2026 22:19:57 - INFO - utils.trainer -    Train loss: 0.00000, Test loss: 2.41698,Epoch time = 1.706s
05/06/2026 22:19:59 - INFO - utils.trainer -   ***** Running evaluation on test1 dataset *****
05/06/2026 22:20:01 - INFO - utils.trainer -   AUC: 0.95633
05/06/2026 22:20:01 - INFO - utils.trainer -   Accuracy: 0.93284
05/06/2026 22:20:01 - INFO - utils.trainer -   Precision: 0.89103
05/06/2026 22:20:01 - INFO - utils.trainer -   Recall: 0.99286
05/06/2026 22:20:01 - INFO - utils.trainer -   F_score: 0.93919
05/06/2026 22:20:01 - INFO - utils.trainer -   Specificity: 0.86719
05/06/2026 22:20:01 - INFO - utils.trainer -   Sensitivity: 0.99286
05/06/2026 22:20:01 - INFO - utils.trainer -   Loss: 1.96511
05/06/2026 22:20:01 - INFO - utils.trainer -    Train loss: 0.00000, Test loss: 1.96511,Epoch time = 2.040s
05/06/2026 22:20:03 - INFO - utils.trainer -   ***** Running evaluation on test1 dataset *****
05/06/2026 22:20:04 - INFO - utils.trainer -   AUC: 0.94470
05/06/2026 22:20:04 - INFO - utils.trainer -   Accuracy: 0.92910
05/06/2026 22:20:04 - INFO - utils.trainer -   Precision: 0.88050
05/06/2026 22:20:04 - INFO - utils.trainer -   Recall: 1.00000
05/06/2026 22:20:04 - INFO - utils.trainer -   F_score: 0.93645
05/06/2026 22:20:04 - INFO - utils.trainer -   Specificity: 0.85156
05/06/2026 22:20:04 - INFO - utils.trainer -   Sensitivity: 1.00000
05/06/2026 22:20:04 - INFO - utils.trainer -   Loss: 2.50243
05/06/2026 22:20:04 - INFO - utils.trainer -    Train loss: 0.00000, Test loss: 2.50243,Epoch time = 2.079s
05/06/2026 22:20:06 - INFO - utils.trainer -   ***** Running evaluation on test1 dataset *****
05/06/2026 22:20:07 - INFO - utils.trainer -   AUC: 0.95262
05/06/2026 22:20:07 - INFO - utils.trainer -   Accuracy: 0.93284
05/06/2026 22:20:07 - INFO - utils.trainer -   Precision: 0.88608
05/06/2026 22:20:07 - INFO - utils.trainer -   Recall: 1.00000
05/06/2026 22:20:07 - INFO - utils.trainer -   F_score: 0.93960
05/06/2026 22:20:07 - INFO - utils.trainer -   Specificity: 0.85938
05/06/2026 22:20:07 - INFO - utils.trainer -   Sensitivity: 1.00000
05/06/2026 22:20:07 - INFO - utils.trainer -   Loss: 2.14905
05/06/2026 22:20:07 - INFO - utils.trainer -    Train loss: 0.00000, Test loss: 2.14905,Epoch time = 1.599s
05/06/2026 22:20:09 - INFO - utils.trainer -   ***** Running evaluation on test1 dataset *****
05/06/2026 22:20:10 - INFO - utils.trainer -   AUC: 0.75391
05/06/2026 22:20:10 - INFO - utils.trainer -   Accuracy: 0.73134
05/06/2026 22:20:10 - INFO - utils.trainer -   Precision: 0.66038
05/06/2026 22:20:10 - INFO - utils.trainer -   Recall: 1.00000
05/06/2026 22:20:10 - INFO - utils.trainer -   F_score: 0.79545
05/06/2026 22:20:10 - INFO - utils.trainer -   Specificity: 0.43750
05/06/2026 22:20:10 - INFO - utils.trainer -   Sensitivity: 1.00000
05/06/2026 22:20:10 - INFO - utils.trainer -   Loss: 22.60476
05/06/2026 22:20:10 - INFO - utils.trainer -    Train loss: 0.05301, Test loss: 22.60476,Epoch time = 2.328s
05/06/2026 22:20:12 - INFO - utils.trainer -   ***** Running evaluation on test1 dataset *****
05/06/2026 22:20:13 - INFO - utils.trainer -   AUC: 0.92969
05/06/2026 22:20:13 - INFO - utils.trainer -   Accuracy: 0.91045
05/06/2026 22:20:13 - INFO - utils.trainer -   Precision: 0.85366
05/06/2026 22:20:13 - INFO - utils.trainer -   Recall: 1.00000
05/06/2026 22:20:13 - INFO - utils.trainer -   F_score: 0.92105
05/06/2026 22:20:13 - INFO - utils.trainer -   Specificity: 0.81250
05/06/2026 22:20:13 - INFO - utils.trainer -   Sensitivity: 1.00000
05/06/2026 22:20:13 - INFO - utils.trainer -   Loss: 3.48856
05/06/2026 22:20:13 - INFO - utils.trainer -    Train loss: 0.00000, Test loss: 3.48856,Epoch time = 1.536s
05/06/2026 22:20:15 - INFO - utils.trainer -   ***** Running evaluation on test1 dataset *****
05/06/2026 22:20:17 - INFO - utils.trainer -   AUC: 0.95625
05/06/2026 22:20:17 - INFO - utils.trainer -   Accuracy: 0.94403
05/06/2026 22:20:17 - INFO - utils.trainer -   Precision: 0.90323
05/06/2026 22:20:17 - INFO - utils.trainer -   Recall: 1.00000
05/06/2026 22:20:17 - INFO - utils.trainer -   F_score: 0.94915
05/06/2026 22:20:17 - INFO - utils.trainer -   Specificity: 0.88281
05/06/2026 22:20:17 - INFO - utils.trainer -   Sensitivity: 1.00000
05/06/2026 22:20:17 - INFO - utils.trainer -   Loss: 1.59489
05/06/2026 22:20:17 - INFO - utils.trainer -    Train loss: 0.00000, Test loss: 1.59489,Epoch time = 2.069s
05/06/2026 22:20:19 - INFO - utils.trainer -   ***** Running evaluation on test1 dataset *****
05/06/2026 22:20:20 - INFO - utils.trainer -   AUC: 0.94475
05/06/2026 22:20:20 - INFO - utils.trainer -   Accuracy: 0.92537
05/06/2026 22:20:20 - INFO - utils.trainer -   Precision: 0.87500
05/06/2026 22:20:20 - INFO - utils.trainer -   Recall: 1.00000
05/06/2026 22:20:20 - INFO - utils.trainer -   F_score: 0.93333
05/06/2026 22:20:20 - INFO - utils.trainer -   Specificity: 0.84375
05/06/2026 22:20:20 - INFO - utils.trainer -   Sensitivity: 1.00000
05/06/2026 22:20:20 - INFO - utils.trainer -   Loss: 2.57841
05/06/2026 22:20:20 - INFO - utils.trainer -    Train loss: 0.00154, Test loss: 2.57841,Epoch time = 2.486s
05/06/2026 22:20:23 - INFO - utils.trainer -   ***** Running evaluation on test1 dataset *****
05/06/2026 22:20:24 - INFO - utils.trainer -   AUC: 0.92969
05/06/2026 22:20:24 - INFO - utils.trainer -   Accuracy: 0.91418
05/06/2026 22:20:24 - INFO - utils.trainer -   Precision: 0.85890
05/06/2026 22:20:24 - INFO - utils.trainer -   Recall: 1.00000
05/06/2026 22:20:24 - INFO - utils.trainer -   F_score: 0.92409
05/06/2026 22:20:24 - INFO - utils.trainer -   Specificity: 0.82031
05/06/2026 22:20:24 - INFO - utils.trainer -   Sensitivity: 1.00000
05/06/2026 22:20:24 - INFO - utils.trainer -   Loss: 3.84605
05/06/2026 22:20:24 - INFO - utils.trainer -    Train loss: 0.00000, Test loss: 3.84605,Epoch time = 2.395s
05/06/2026 22:20:26 - INFO - utils.trainer -   ***** Running evaluation on test1 dataset *****
05/06/2026 22:20:27 - INFO - utils.trainer -   AUC: 0.93359
05/06/2026 22:20:27 - INFO - utils.trainer -   Accuracy: 0.92164
05/06/2026 22:20:27 - INFO - utils.trainer -   Precision: 0.86957
05/06/2026 22:20:27 - INFO - utils.trainer -   Recall: 1.00000
05/06/2026 22:20:27 - INFO - utils.trainer -   F_score: 0.93023
05/06/2026 22:20:27 - INFO - utils.trainer -   Specificity: 0.83594
05/06/2026 22:20:27 - INFO - utils.trainer -   Sensitivity: 1.00000
05/06/2026 22:20:27 - INFO - utils.trainer -   Loss: 3.16152
05/06/2026 22:20:27 - INFO - utils.trainer -    Train loss: 0.00000, Test loss: 3.16152,Epoch time = 1.728s
05/06/2026 22:20:29 - INFO - utils.trainer -   ***** Running evaluation on test1 dataset *****
05/06/2026 22:20:30 - INFO - utils.trainer -   AUC: 0.99699
05/06/2026 22:20:30 - INFO - utils.trainer -   Accuracy: 0.89552
05/06/2026 22:20:30 - INFO - utils.trainer -   Precision: 1.00000
05/06/2026 22:20:30 - INFO - utils.trainer -   Recall: 0.80000
05/06/2026 22:20:30 - INFO - utils.trainer -   F_score: 0.88889
05/06/2026 22:20:30 - INFO - utils.trainer -   Specificity: 1.00000
05/06/2026 22:20:30 - INFO - utils.trainer -   Sensitivity: 0.80000
05/06/2026 22:20:30 - INFO - utils.trainer -   Loss: 3.73849
05/06/2026 22:20:30 - INFO - utils.trainer -    Train loss: 0.00200, Test loss: 3.73849,Epoch time = 2.215s
05/06/2026 22:20:32 - INFO - utils.trainer -   ***** Running evaluation on test1 dataset *****
05/06/2026 22:20:34 - INFO - utils.trainer -   AUC: 0.95656
05/06/2026 22:20:34 - INFO - utils.trainer -   Accuracy: 0.94030
05/06/2026 22:20:34 - INFO - utils.trainer -   Precision: 0.89744
05/06/2026 22:20:34 - INFO - utils.trainer -   Recall: 1.00000
05/06/2026 22:20:34 - INFO - utils.trainer -   F_score: 0.94595
05/06/2026 22:20:34 - INFO - utils.trainer -   Specificity: 0.87500
05/06/2026 22:20:34 - INFO - utils.trainer -   Sensitivity: 1.00000
05/06/2026 22:20:34 - INFO - utils.trainer -   Loss: 1.91024
05/06/2026 22:20:34 - INFO - utils.trainer -    Train loss: 0.00000, Test loss: 1.91024,Epoch time = 2.040s
05/06/2026 22:20:35 - INFO - utils.trainer -   ***** Running evaluation on test1 dataset *****
05/06/2026 22:20:36 - INFO - utils.trainer -   AUC: 0.63281
05/06/2026 22:20:36 - INFO - utils.trainer -   Accuracy: 0.62687
05/06/2026 22:20:36 - INFO - utils.trainer -   Precision: 0.58333
05/06/2026 22:20:36 - INFO - utils.trainer -   Recall: 1.00000
05/06/2026 22:20:36 - INFO - utils.trainer -   F_score: 0.73684
05/06/2026 22:20:36 - INFO - utils.trainer -   Specificity: 0.21875
05/06/2026 22:20:36 - INFO - utils.trainer -   Sensitivity: 1.00000
05/06/2026 22:20:36 - INFO - utils.trainer -   Loss: 42.46055
05/06/2026 22:20:36 - INFO - utils.trainer -    Train loss: 0.19541, Test loss: 42.46055,Epoch time = 1.528s
05/06/2026 22:20:38 - INFO - utils.trainer -   ***** Running evaluation on test1 dataset *****
05/06/2026 22:20:39 - INFO - utils.trainer -   AUC: 0.75000
05/06/2026 22:20:39 - INFO - utils.trainer -   Accuracy: 0.74254
05/06/2026 22:20:39 - INFO - utils.trainer -   Precision: 0.66986
05/06/2026 22:20:39 - INFO - utils.trainer -   Recall: 1.00000
05/06/2026 22:20:39 - INFO - utils.trainer -   F_score: 0.80229
05/06/2026 22:20:39 - INFO - utils.trainer -   Specificity: 0.46094
05/06/2026 22:20:39 - INFO - utils.trainer -   Sensitivity: 1.00000
05/06/2026 22:20:39 - INFO - utils.trainer -   Loss: 22.36495
05/06/2026 22:20:39 - INFO - utils.trainer -    Train loss: 0.09994, Test loss: 22.36495,Epoch time = 1.778s
05/06/2026 22:20:41 - INFO - utils.trainer -   ***** Running evaluation on test1 dataset *****
05/06/2026 22:20:43 - INFO - utils.trainer -   AUC: 0.95650
05/06/2026 22:20:43 - INFO - utils.trainer -   Accuracy: 0.94403
05/06/2026 22:20:43 - INFO - utils.trainer -   Precision: 0.90323
05/06/2026 22:20:43 - INFO - utils.trainer -   Recall: 1.00000
05/06/2026 22:20:43 - INFO - utils.trainer -   F_score: 0.94915
05/06/2026 22:20:43 - INFO - utils.trainer -   Specificity: 0.88281
05/06/2026 22:20:43 - INFO - utils.trainer -   Sensitivity: 1.00000
05/06/2026 22:20:43 - INFO - utils.trainer -   Loss: 2.12598
05/06/2026 22:20:43 - INFO - utils.trainer -    Train loss: 0.00000, Test loss: 2.12598,Epoch time = 2.082s
05/06/2026 22:20:45 - INFO - utils.trainer -   ***** Running evaluation on test1 dataset *****
05/06/2026 22:20:46 - INFO - utils.trainer -   AUC: 0.95639
05/06/2026 22:20:46 - INFO - utils.trainer -   Accuracy: 0.94403
05/06/2026 22:20:46 - INFO - utils.trainer -   Precision: 0.90850
05/06/2026 22:20:46 - INFO - utils.trainer -   Recall: 0.99286
05/06/2026 22:20:46 - INFO - utils.trainer -   F_score: 0.94881
05/06/2026 22:20:46 - INFO - utils.trainer -   Specificity: 0.89062
05/06/2026 22:20:46 - INFO - utils.trainer -   Sensitivity: 0.99286
05/06/2026 22:20:46 - INFO - utils.trainer -   Loss: 1.71557
05/06/2026 22:20:46 - INFO - utils.trainer -    Train loss: 0.00000, Test loss: 1.71557,Epoch time = 2.334s
05/06/2026 22:20:48 - INFO - utils.trainer -   ***** Running evaluation on test1 dataset *****
05/06/2026 22:20:50 - INFO - utils.trainer -   AUC: 0.95262
05/06/2026 22:20:50 - INFO - utils.trainer -   Accuracy: 0.94403
05/06/2026 22:20:50 - INFO - utils.trainer -   Precision: 0.90323
05/06/2026 22:20:50 - INFO - utils.trainer -   Recall: 1.00000
05/06/2026 22:20:50 - INFO - utils.trainer -   F_score: 0.94915
05/06/2026 22:20:50 - INFO - utils.trainer -   Specificity: 0.88281
05/06/2026 22:20:50 - INFO - utils.trainer -   Sensitivity: 1.00000
05/06/2026 22:20:50 - INFO - utils.trainer -   Loss: 1.85588
05/06/2026 22:20:50 - INFO - utils.trainer -    Train loss: 0.00000, Test loss: 1.85588,Epoch time = 2.020s
05/06/2026 22:20:52 - INFO - utils.trainer -   ***** Running evaluation on test1 dataset *****
05/06/2026 22:20:53 - INFO - utils.trainer -   AUC: 0.95650
05/06/2026 22:20:53 - INFO - utils.trainer -   Accuracy: 0.94030
05/06/2026 22:20:53 - INFO - utils.trainer -   Precision: 0.90260
05/06/2026 22:20:53 - INFO - utils.trainer -   Recall: 0.99286
05/06/2026 22:20:53 - INFO - utils.trainer -   F_score: 0.94558
05/06/2026 22:20:53 - INFO - utils.trainer -   Specificity: 0.88281
05/06/2026 22:20:53 - INFO - utils.trainer -   Sensitivity: 0.99286
05/06/2026 22:20:53 - INFO - utils.trainer -   Loss: 2.04048
05/06/2026 22:20:53 - INFO - utils.trainer -    Train loss: 0.00006, Test loss: 2.04048,Epoch time = 2.085s
05/06/2026 22:20:55 - INFO - utils.trainer -   ***** Running evaluation on test1 dataset *****
05/06/2026 22:20:57 - INFO - utils.trainer -   AUC: 0.95645
05/06/2026 22:20:57 - INFO - utils.trainer -   Accuracy: 0.94030
05/06/2026 22:20:57 - INFO - utils.trainer -   Precision: 0.90260
05/06/2026 22:20:57 - INFO - utils.trainer -   Recall: 0.99286
05/06/2026 22:20:57 - INFO - utils.trainer -   F_score: 0.94558
05/06/2026 22:20:57 - INFO - utils.trainer -   Specificity: 0.88281
05/06/2026 22:20:57 - INFO - utils.trainer -   Sensitivity: 0.99286
05/06/2026 22:20:57 - INFO - utils.trainer -   Loss: 1.72784
05/06/2026 22:20:57 - INFO - utils.trainer -    Train loss: 0.00000, Test loss: 1.72784,Epoch time = 2.118s
05/06/2026 22:20:59 - INFO - utils.trainer -   ***** Running evaluation on test1 dataset *****
05/06/2026 22:21:00 - INFO - utils.trainer -   AUC: 0.68750
05/06/2026 22:21:00 - INFO - utils.trainer -   Accuracy: 0.67537
05/06/2026 22:21:00 - INFO - utils.trainer -   Precision: 0.61674
05/06/2026 22:21:00 - INFO - utils.trainer -   Recall: 1.00000
05/06/2026 22:21:00 - INFO - utils.trainer -   F_score: 0.76294
05/06/2026 22:21:00 - INFO - utils.trainer -   Specificity: 0.32031
05/06/2026 22:21:00 - INFO - utils.trainer -   Sensitivity: 1.00000
05/06/2026 22:21:00 - INFO - utils.trainer -   Loss: 38.89399
05/06/2026 22:21:00 - INFO - utils.trainer -    Train loss: 0.07577, Test loss: 38.89399,Epoch time = 2.069s
05/06/2026 22:21:02 - INFO - utils.trainer -   ***** Running evaluation on test1 dataset *****
05/06/2026 22:21:04 - INFO - utils.trainer -   AUC: 0.94531
05/06/2026 22:21:04 - INFO - utils.trainer -   Accuracy: 0.93657
05/06/2026 22:21:04 - INFO - utils.trainer -   Precision: 0.89172
05/06/2026 22:21:04 - INFO - utils.trainer -   Recall: 1.00000
05/06/2026 22:21:04 - INFO - utils.trainer -   F_score: 0.94276
05/06/2026 22:21:04 - INFO - utils.trainer -   Specificity: 0.86719
05/06/2026 22:21:04 - INFO - utils.trainer -   Sensitivity: 1.00000
05/06/2026 22:21:04 - INFO - utils.trainer -   Loss: 2.17164
05/06/2026 22:21:04 - INFO - utils.trainer -    Train loss: 0.00000, Test loss: 2.17164,Epoch time = 2.202s
05/06/2026 22:21:06 - INFO - utils.trainer -   ***** Running evaluation on test1 dataset *****
05/06/2026 22:21:07 - INFO - utils.trainer -   AUC: 0.96875
05/06/2026 22:21:07 - INFO - utils.trainer -   Accuracy: 0.94776
05/06/2026 22:21:07 - INFO - utils.trainer -   Precision: 0.90909
05/06/2026 22:21:07 - INFO - utils.trainer -   Recall: 1.00000
05/06/2026 22:21:07 - INFO - utils.trainer -   F_score: 0.95238
05/06/2026 22:21:07 - INFO - utils.trainer -   Specificity: 0.89062
05/06/2026 22:21:07 - INFO - utils.trainer -   Sensitivity: 1.00000
05/06/2026 22:21:07 - INFO - utils.trainer -   Loss: 1.18976
05/06/2026 22:21:07 - INFO - utils.trainer -    Train loss: 0.00000, Test loss: 1.18976,Epoch time = 2.289s
05/06/2026 22:21:09 - INFO - utils.trainer -   ***** Running evaluation on test1 dataset *****
05/06/2026 22:21:10 - INFO - utils.trainer -   AUC: 0.96875
05/06/2026 22:21:10 - INFO - utils.trainer -   Accuracy: 0.95149
05/06/2026 22:21:10 - INFO - utils.trainer -   Precision: 0.91503
05/06/2026 22:21:10 - INFO - utils.trainer -   Recall: 1.00000
05/06/2026 22:21:10 - INFO - utils.trainer -   F_score: 0.95563
05/06/2026 22:21:10 - INFO - utils.trainer -   Specificity: 0.89844
05/06/2026 22:21:10 - INFO - utils.trainer -   Sensitivity: 1.00000
05/06/2026 22:21:10 - INFO - utils.trainer -   Loss: 1.11787
05/06/2026 22:21:10 - INFO - utils.trainer -    Train loss: 0.00000, Test loss: 1.11787,Epoch time = 1.665s
05/06/2026 22:21:12 - INFO - utils.trainer -   ***** Running evaluation on test1 dataset *****
05/06/2026 22:21:13 - INFO - utils.trainer -   AUC: 0.96094
05/06/2026 22:21:13 - INFO - utils.trainer -   Accuracy: 0.94403
05/06/2026 22:21:13 - INFO - utils.trainer -   Precision: 0.90323
05/06/2026 22:21:13 - INFO - utils.trainer -   Recall: 1.00000
05/06/2026 22:21:13 - INFO - utils.trainer -   F_score: 0.94915
05/06/2026 22:21:13 - INFO - utils.trainer -   Specificity: 0.88281
05/06/2026 22:21:13 - INFO - utils.trainer -   Sensitivity: 1.00000
05/06/2026 22:21:13 - INFO - utils.trainer -   Loss: 1.47023
05/06/2026 22:21:13 - INFO - utils.trainer -    Train loss: 0.00000, Test loss: 1.47023,Epoch time = 2.014s
05/06/2026 22:21:16 - INFO - utils.trainer -   ***** Running evaluation on test1 dataset *****
05/06/2026 22:21:17 - INFO - utils.trainer -   AUC: 0.96875
05/06/2026 22:21:17 - INFO - utils.trainer -   Accuracy: 0.95149
05/06/2026 22:21:17 - INFO - utils.trainer -   Precision: 0.91503
05/06/2026 22:21:17 - INFO - utils.trainer -   Recall: 1.00000
05/06/2026 22:21:17 - INFO - utils.trainer -   F_score: 0.95563
05/06/2026 22:21:17 - INFO - utils.trainer -   Specificity: 0.89844
05/06/2026 22:21:17 - INFO - utils.trainer -   Sensitivity: 1.00000
05/06/2026 22:21:17 - INFO - utils.trainer -   Loss: 1.26627
05/06/2026 22:21:17 - INFO - utils.trainer -    Train loss: 0.00000, Test loss: 1.26627,Epoch time = 2.294s
05/06/2026 22:21:19 - INFO - utils.trainer -   ***** Running evaluation on test1 dataset *****
05/06/2026 22:21:20 - INFO - utils.trainer -   AUC: 0.97266
05/06/2026 22:21:20 - INFO - utils.trainer -   Accuracy: 0.95149
05/06/2026 22:21:20 - INFO - utils.trainer -   Precision: 0.91503
05/06/2026 22:21:20 - INFO - utils.trainer -   Recall: 1.00000
05/06/2026 22:21:20 - INFO - utils.trainer -   F_score: 0.95563
05/06/2026 22:21:20 - INFO - utils.trainer -   Specificity: 0.89844
05/06/2026 22:21:20 - INFO - utils.trainer -   Sensitivity: 1.00000
05/06/2026 22:21:20 - INFO - utils.trainer -   Loss: 1.04682
05/06/2026 22:21:20 - INFO - utils.trainer -    Train loss: 0.00000, Test loss: 1.04682,Epoch time = 1.746s
05/06/2026 22:21:22 - INFO - utils.trainer -   ***** Running evaluation on test1 dataset *****
05/06/2026 22:21:23 - INFO - utils.trainer -   AUC: 0.96875
05/06/2026 22:21:23 - INFO - utils.trainer -   Accuracy: 0.95149
05/06/2026 22:21:23 - INFO - utils.trainer -   Precision: 0.91503
05/06/2026 22:21:23 - INFO - utils.trainer -   Recall: 1.00000
05/06/2026 22:21:23 - INFO - utils.trainer -   F_score: 0.95563
05/06/2026 22:21:23 - INFO - utils.trainer -   Specificity: 0.89844
05/06/2026 22:21:23 - INFO - utils.trainer -   Sensitivity: 1.00000
05/06/2026 22:21:23 - INFO - utils.trainer -   Loss: 1.20443
05/06/2026 22:21:23 - INFO - utils.trainer -    Train loss: 0.00000, Test loss: 1.20443,Epoch time = 1.904s
05/06/2026 22:21:25 - INFO - utils.trainer -   ***** Running evaluation on test1 dataset *****
05/06/2026 22:21:27 - INFO - utils.trainer -   AUC: 0.97241
05/06/2026 22:21:27 - INFO - utils.trainer -   Accuracy: 0.96642
05/06/2026 22:21:27 - INFO - utils.trainer -   Precision: 0.93960
05/06/2026 22:21:27 - INFO - utils.trainer -   Recall: 1.00000
05/06/2026 22:21:27 - INFO - utils.trainer -   F_score: 0.96886
05/06/2026 22:21:27 - INFO - utils.trainer -   Specificity: 0.92969
05/06/2026 22:21:27 - INFO - utils.trainer -   Sensitivity: 1.00000
05/06/2026 22:21:27 - INFO - utils.trainer -   Loss: 0.79378
05/06/2026 22:21:27 - INFO - utils.trainer -    Train loss: 0.00000, Test loss: 0.79378,Epoch time = 2.226s
05/06/2026 22:21:27 - INFO - utils.trainer -   Saving model checkpoint to output_dir/DeepConvNet
05/06/2026 22:21:29 - INFO - utils.trainer -   ***** Running evaluation on test1 dataset *****
05/06/2026 22:21:30 - INFO - utils.trainer -   AUC: 0.96875
05/06/2026 22:21:30 - INFO - utils.trainer -   Accuracy: 0.94776
05/06/2026 22:21:30 - INFO - utils.trainer -   Precision: 0.90909
05/06/2026 22:21:30 - INFO - utils.trainer -   Recall: 1.00000
05/06/2026 22:21:30 - INFO - utils.trainer -   F_score: 0.95238
05/06/2026 22:21:30 - INFO - utils.trainer -   Specificity: 0.89062
05/06/2026 22:21:30 - INFO - utils.trainer -   Sensitivity: 1.00000
05/06/2026 22:21:30 - INFO - utils.trainer -   Loss: 1.32278
05/06/2026 22:21:30 - INFO - utils.trainer -    Train loss: 0.00002, Test loss: 1.32278,Epoch time = 2.093s
05/06/2026 22:21:32 - INFO - utils.trainer -   ***** Running evaluation on test1 dataset *****
05/06/2026 22:21:34 - INFO - utils.trainer -   AUC: 0.96875
05/06/2026 22:21:34 - INFO - utils.trainer -   Accuracy: 0.95149
05/06/2026 22:21:34 - INFO - utils.trainer -   Precision: 0.91503
05/06/2026 22:21:34 - INFO - utils.trainer -   Recall: 1.00000
05/06/2026 22:21:34 - INFO - utils.trainer -   F_score: 0.95563
05/06/2026 22:21:34 - INFO - utils.trainer -   Specificity: 0.89844
05/06/2026 22:21:34 - INFO - utils.trainer -   Sensitivity: 1.00000
05/06/2026 22:21:34 - INFO - utils.trainer -   Loss: 1.30664
05/06/2026 22:21:34 - INFO - utils.trainer -    Train loss: 0.00000, Test loss: 1.30664,Epoch time = 2.160s
05/06/2026 22:21:35 - INFO - utils.trainer -   ***** Running evaluation on test1 dataset *****
05/06/2026 22:21:37 - INFO - utils.trainer -   AUC: 0.88722
05/06/2026 22:21:37 - INFO - utils.trainer -   Accuracy: 0.65672
05/06/2026 22:21:37 - INFO - utils.trainer -   Precision: 1.00000
05/06/2026 22:21:37 - INFO - utils.trainer -   Recall: 0.34286
05/06/2026 22:21:37 - INFO - utils.trainer -   F_score: 0.51064
05/06/2026 22:21:37 - INFO - utils.trainer -   Specificity: 1.00000
05/06/2026 22:21:37 - INFO - utils.trainer -   Sensitivity: 0.34286
05/06/2026 22:21:37 - INFO - utils.trainer -   Loss: 30.43841
05/06/2026 22:21:37 - INFO - utils.trainer -    Train loss: 0.02122, Test loss: 30.43841,Epoch time = 1.808s
05/06/2026 22:21:39 - INFO - utils.trainer -   ***** Running evaluation on test1 dataset *****
05/06/2026 22:21:40 - INFO - utils.trainer -   AUC: 0.98772
05/06/2026 22:21:40 - INFO - utils.trainer -   Accuracy: 0.97761
05/06/2026 22:21:40 - INFO - utils.trainer -   Precision: 0.97183
05/06/2026 22:21:40 - INFO - utils.trainer -   Recall: 0.98571
05/06/2026 22:21:40 - INFO - utils.trainer -   F_score: 0.97872
05/06/2026 22:21:40 - INFO - utils.trainer -   Specificity: 0.96875
05/06/2026 22:21:40 - INFO - utils.trainer -   Sensitivity: 0.98571
05/06/2026 22:21:40 - INFO - utils.trainer -   Loss: 0.35616
05/06/2026 22:21:40 - INFO - utils.trainer -    Train loss: 0.00000, Test loss: 0.35616,Epoch time = 2.199s
05/06/2026 22:21:40 - INFO - utils.trainer -   Saving model checkpoint to output_dir/DeepConvNet
05/06/2026 22:21:42 - INFO - utils.trainer -   ***** Running evaluation on test1 dataset *****
05/06/2026 22:21:43 - INFO - utils.trainer -   AUC: 0.95312
05/06/2026 22:21:43 - INFO - utils.trainer -   Accuracy: 0.94030
05/06/2026 22:21:43 - INFO - utils.trainer -   Precision: 0.89744
05/06/2026 22:21:43 - INFO - utils.trainer -   Recall: 1.00000
05/06/2026 22:21:43 - INFO - utils.trainer -   F_score: 0.94595
05/06/2026 22:21:43 - INFO - utils.trainer -   Specificity: 0.87500
05/06/2026 22:21:43 - INFO - utils.trainer -   Sensitivity: 1.00000
05/06/2026 22:21:43 - INFO - utils.trainer -   Loss: 2.64629
05/06/2026 22:21:43 - INFO - utils.trainer -    Train loss: 0.00000, Test loss: 2.64629,Epoch time = 2.231s
05/06/2026 22:21:45 - INFO - utils.trainer -   ***** Running evaluation on test1 dataset *****
05/06/2026 22:21:46 - INFO - utils.trainer -   AUC: 0.99877
05/06/2026 22:21:46 - INFO - utils.trainer -   Accuracy: 0.91791
05/06/2026 22:21:46 - INFO - utils.trainer -   Precision: 1.00000
05/06/2026 22:21:46 - INFO - utils.trainer -   Recall: 0.84286
05/06/2026 22:21:46 - INFO - utils.trainer -   F_score: 0.91473
05/06/2026 22:21:46 - INFO - utils.trainer -   Specificity: 1.00000
05/06/2026 22:21:46 - INFO - utils.trainer -   Sensitivity: 0.84286
05/06/2026 22:21:46 - INFO - utils.trainer -   Loss: 2.79346
05/06/2026 22:21:46 - INFO - utils.trainer -    Train loss: 0.00078, Test loss: 2.79346,Epoch time = 1.875s
05/06/2026 22:21:48 - INFO - utils.trainer -   ***** Running evaluation on test1 dataset *****
05/06/2026 22:21:49 - INFO - utils.trainer -   AUC: 0.97612
05/06/2026 22:21:49 - INFO - utils.trainer -   Accuracy: 0.95896
05/06/2026 22:21:49 - INFO - utils.trainer -   Precision: 0.92715
05/06/2026 22:21:49 - INFO - utils.trainer -   Recall: 1.00000
05/06/2026 22:21:49 - INFO - utils.trainer -   F_score: 0.96220
05/06/2026 22:21:49 - INFO - utils.trainer -   Specificity: 0.91406
05/06/2026 22:21:49 - INFO - utils.trainer -   Sensitivity: 1.00000
05/06/2026 22:21:49 - INFO - utils.trainer -   Loss: 0.92766
05/06/2026 22:21:49 - INFO - utils.trainer -    Train loss: 0.00000, Test loss: 0.92766,Epoch time = 2.394s
05/06/2026 22:21:51 - INFO - utils.trainer -   ***** Running evaluation on test1 dataset *****
05/06/2026 22:21:53 - INFO - utils.trainer -   AUC: 0.96094
05/06/2026 22:21:53 - INFO - utils.trainer -   Accuracy: 0.95149
05/06/2026 22:21:53 - INFO - utils.trainer -   Precision: 0.91503
05/06/2026 22:21:53 - INFO - utils.trainer -   Recall: 1.00000
05/06/2026 22:21:53 - INFO - utils.trainer -   F_score: 0.95563
05/06/2026 22:21:53 - INFO - utils.trainer -   Specificity: 0.89844
05/06/2026 22:21:53 - INFO - utils.trainer -   Sensitivity: 1.00000
05/06/2026 22:21:53 - INFO - utils.trainer -   Loss: 1.53832
05/06/2026 22:21:53 - INFO - utils.trainer -    Train loss: 0.00000, Test loss: 1.53832,Epoch time = 1.936s
05/06/2026 22:21:55 - INFO - utils.trainer -   ***** Running evaluation on test1 dataset *****
05/06/2026 22:21:56 - INFO - utils.trainer -   AUC: 0.95703
05/06/2026 22:21:56 - INFO - utils.trainer -   Accuracy: 0.95149
05/06/2026 22:21:56 - INFO - utils.trainer -   Precision: 0.91503
05/06/2026 22:21:56 - INFO - utils.trainer -   Recall: 1.00000
05/06/2026 22:21:56 - INFO - utils.trainer -   F_score: 0.95563
05/06/2026 22:21:56 - INFO - utils.trainer -   Specificity: 0.89844
05/06/2026 22:21:56 - INFO - utils.trainer -   Sensitivity: 1.00000
05/06/2026 22:21:56 - INFO - utils.trainer -   Loss: 1.74700
05/06/2026 22:21:56 - INFO - utils.trainer -    Train loss: 0.00000, Test loss: 1.74700,Epoch time = 1.797s
05/06/2026 22:21:59 - INFO - utils.trainer -   ***** Running evaluation on test1 dataset *****
05/06/2026 22:22:00 - INFO - utils.trainer -   AUC: 0.98304
05/06/2026 22:22:00 - INFO - utils.trainer -   Accuracy: 0.97761
05/06/2026 22:22:00 - INFO - utils.trainer -   Precision: 0.97183
05/06/2026 22:22:00 - INFO - utils.trainer -   Recall: 0.98571
05/06/2026 22:22:00 - INFO - utils.trainer -   F_score: 0.97872
05/06/2026 22:22:00 - INFO - utils.trainer -   Specificity: 0.96875
05/06/2026 22:22:00 - INFO - utils.trainer -   Sensitivity: 0.98571
05/06/2026 22:22:00 - INFO - utils.trainer -   Loss: 0.58105
05/06/2026 22:22:00 - INFO - utils.trainer -    Train loss: 0.00215, Test loss: 0.58105,Epoch time = 2.224s
05/06/2026 22:22:00 - INFO - utils.trainer -   Saving model checkpoint to output_dir/DeepConvNet
05/06/2026 22:22:02 - INFO - utils.trainer -   ***** Running evaluation on test1 dataset *****
05/06/2026 22:22:03 - INFO - utils.trainer -   AUC: 0.96094
05/06/2026 22:22:03 - INFO - utils.trainer -   Accuracy: 0.95522
05/06/2026 22:22:03 - INFO - utils.trainer -   Precision: 0.92105
05/06/2026 22:22:03 - INFO - utils.trainer -   Recall: 1.00000
05/06/2026 22:22:03 - INFO - utils.trainer -   F_score: 0.95890
05/06/2026 22:22:03 - INFO - utils.trainer -   Specificity: 0.90625
05/06/2026 22:22:03 - INFO - utils.trainer -   Sensitivity: 1.00000
05/06/2026 22:22:03 - INFO - utils.trainer -   Loss: 1.75536
05/06/2026 22:22:03 - INFO - utils.trainer -    Train loss: 0.00000, Test loss: 1.75536,Epoch time = 2.250s
05/06/2026 22:22:06 - INFO - utils.trainer -   ***** Running evaluation on test1 dataset *****
05/06/2026 22:22:07 - INFO - utils.trainer -   AUC: 0.96094
05/06/2026 22:22:07 - INFO - utils.trainer -   Accuracy: 0.95522
05/06/2026 22:22:07 - INFO - utils.trainer -   Precision: 0.92105
05/06/2026 22:22:07 - INFO - utils.trainer -   Recall: 1.00000
05/06/2026 22:22:07 - INFO - utils.trainer -   F_score: 0.95890
05/06/2026 22:22:07 - INFO - utils.trainer -   Specificity: 0.90625
05/06/2026 22:22:07 - INFO - utils.trainer -   Sensitivity: 1.00000
05/06/2026 22:22:07 - INFO - utils.trainer -   Loss: 1.78673
05/06/2026 22:22:07 - INFO - utils.trainer -    Train loss: 0.00000, Test loss: 1.78673,Epoch time = 2.281s
05/06/2026 22:22:09 - INFO - utils.trainer -   ***** Running evaluation on test1 dataset *****
05/06/2026 22:22:10 - INFO - utils.trainer -   AUC: 0.98499
05/06/2026 22:22:10 - INFO - utils.trainer -   Accuracy: 0.83209
05/06/2026 22:22:10 - INFO - utils.trainer -   Precision: 1.00000
05/06/2026 22:22:10 - INFO - utils.trainer -   Recall: 0.67857
05/06/2026 22:22:10 - INFO - utils.trainer -   F_score: 0.80851
05/06/2026 22:22:10 - INFO - utils.trainer -   Specificity: 1.00000
05/06/2026 22:22:10 - INFO - utils.trainer -   Sensitivity: 0.67857
05/06/2026 22:22:10 - INFO - utils.trainer -   Loss: 9.63080
05/06/2026 22:22:10 - INFO - utils.trainer -    Train loss: 0.02717, Test loss: 9.63080,Epoch time = 1.747s
05/06/2026 22:22:12 - INFO - utils.trainer -   ***** Running evaluation on test1 dataset *****
05/06/2026 22:22:13 - INFO - utils.trainer -   AUC: 0.93750
05/06/2026 22:22:13 - INFO - utils.trainer -   Accuracy: 0.92537
05/06/2026 22:22:13 - INFO - utils.trainer -   Precision: 0.87500
05/06/2026 22:22:13 - INFO - utils.trainer -   Recall: 1.00000
05/06/2026 22:22:13 - INFO - utils.trainer -   F_score: 0.93333
05/06/2026 22:22:13 - INFO - utils.trainer -   Specificity: 0.84375
05/06/2026 22:22:13 - INFO - utils.trainer -   Sensitivity: 1.00000
05/06/2026 22:22:13 - INFO - utils.trainer -   Loss: 3.27082
05/06/2026 22:22:13 - INFO - utils.trainer -    Train loss: 0.00092, Test loss: 3.27082,Epoch time = 1.717s
05/06/2026 22:22:15 - INFO - utils.trainer -   ***** Running evaluation on test1 dataset *****
05/06/2026 22:22:16 - INFO - utils.trainer -   AUC: 0.96836
05/06/2026 22:22:16 - INFO - utils.trainer -   Accuracy: 0.95522
05/06/2026 22:22:16 - INFO - utils.trainer -   Precision: 0.92667
05/06/2026 22:22:16 - INFO - utils.trainer -   Recall: 0.99286
05/06/2026 22:22:16 - INFO - utils.trainer -   F_score: 0.95862
05/06/2026 22:22:16 - INFO - utils.trainer -   Specificity: 0.91406
05/06/2026 22:22:16 - INFO - utils.trainer -   Sensitivity: 0.99286
05/06/2026 22:22:16 - INFO - utils.trainer -   Loss: 1.38947
05/06/2026 22:22:16 - INFO - utils.trainer -    Train loss: 0.00018, Test loss: 1.38947,Epoch time = 2.187s
05/06/2026 22:22:18 - INFO - utils.trainer -   ***** Running evaluation on test1 dataset *****
05/06/2026 22:22:19 - INFO - utils.trainer -   AUC: 0.73318
05/06/2026 22:22:19 - INFO - utils.trainer -   Accuracy: 0.55970
05/06/2026 22:22:19 - INFO - utils.trainer -   Precision: 1.00000
05/06/2026 22:22:19 - INFO - utils.trainer -   Recall: 0.15714
05/06/2026 22:22:19 - INFO - utils.trainer -   F_score: 0.27160
05/06/2026 22:22:19 - INFO - utils.trainer -   Specificity: 1.00000
05/06/2026 22:22:19 - INFO - utils.trainer -   Sensitivity: 0.15714
05/06/2026 22:22:19 - INFO - utils.trainer -   Loss: 55.11338
05/06/2026 22:22:19 - INFO - utils.trainer -    Train loss: 0.04376, Test loss: 55.11338,Epoch time = 1.800s
05/06/2026 22:22:21 - INFO - utils.trainer -   ***** Running evaluation on test1 dataset *****
05/06/2026 22:22:22 - INFO - utils.trainer -   AUC: 0.99732
05/06/2026 22:22:22 - INFO - utils.trainer -   Accuracy: 0.95149
05/06/2026 22:22:22 - INFO - utils.trainer -   Precision: 1.00000
05/06/2026 22:22:22 - INFO - utils.trainer -   Recall: 0.90714
05/06/2026 22:22:22 - INFO - utils.trainer -   F_score: 0.95131
05/06/2026 22:22:22 - INFO - utils.trainer -   Specificity: 1.00000
05/06/2026 22:22:22 - INFO - utils.trainer -   Sensitivity: 0.90714
05/06/2026 22:22:22 - INFO - utils.trainer -   Loss: 1.59516
05/06/2026 22:22:22 - INFO - utils.trainer -    Train loss: 0.00768, Test loss: 1.59516,Epoch time = 1.808s
05/06/2026 22:22:25 - INFO - utils.trainer -   ***** Running evaluation on test1 dataset *****
05/06/2026 22:22:26 - INFO - utils.trainer -   AUC: 0.97966
05/06/2026 22:22:26 - INFO - utils.trainer -   Accuracy: 0.97015
05/06/2026 22:22:26 - INFO - utils.trainer -   Precision: 0.95205
05/06/2026 22:22:26 - INFO - utils.trainer -   Recall: 0.99286
05/06/2026 22:22:26 - INFO - utils.trainer -   F_score: 0.97203
05/06/2026 22:22:26 - INFO - utils.trainer -   Specificity: 0.94531
05/06/2026 22:22:26 - INFO - utils.trainer -   Sensitivity: 0.99286
05/06/2026 22:22:26 - INFO - utils.trainer -   Loss: 0.95006
05/06/2026 22:22:26 - INFO - utils.trainer -    Train loss: 0.00000, Test loss: 0.95006,Epoch time = 2.223s
05/06/2026 22:22:28 - INFO - utils.trainer -   ***** Running evaluation on test1 dataset *****
05/06/2026 22:22:29 - INFO - utils.trainer -   AUC: 0.97221
05/06/2026 22:22:29 - INFO - utils.trainer -   Accuracy: 0.96642
05/06/2026 22:22:29 - INFO - utils.trainer -   Precision: 0.93960
05/06/2026 22:22:29 - INFO - utils.trainer -   Recall: 1.00000
05/06/2026 22:22:29 - INFO - utils.trainer -   F_score: 0.96886
05/06/2026 22:22:29 - INFO - utils.trainer -   Specificity: 0.92969
05/06/2026 22:22:29 - INFO - utils.trainer -   Sensitivity: 1.00000
05/06/2026 22:22:29 - INFO - utils.trainer -   Loss: 1.27544
05/06/2026 22:22:29 - INFO - utils.trainer -    Train loss: 0.00000, Test loss: 1.27544,Epoch time = 1.969s
05/06/2026 22:22:31 - INFO - utils.trainer -   ***** Running evaluation on test1 dataset *****
05/06/2026 22:22:33 - INFO - utils.trainer -   AUC: 0.97246
05/06/2026 22:22:33 - INFO - utils.trainer -   Accuracy: 0.97015
05/06/2026 22:22:33 - INFO - utils.trainer -   Precision: 0.94595
05/06/2026 22:22:33 - INFO - utils.trainer -   Recall: 1.00000
05/06/2026 22:22:33 - INFO - utils.trainer -   F_score: 0.97222
05/06/2026 22:22:33 - INFO - utils.trainer -   Specificity: 0.93750
05/06/2026 22:22:33 - INFO - utils.trainer -   Sensitivity: 1.00000
05/06/2026 22:22:33 - INFO - utils.trainer -   Loss: 1.21935
05/06/2026 22:22:33 - INFO - utils.trainer -    Train loss: 0.00000, Test loss: 1.21935,Epoch time = 2.038s
05/06/2026 22:22:35 - INFO - utils.trainer -   ***** Running evaluation on test1 dataset *****
05/06/2026 22:22:36 - INFO - utils.trainer -   AUC: 0.68750
05/06/2026 22:22:36 - INFO - utils.trainer -   Accuracy: 0.68284
05/06/2026 22:22:36 - INFO - utils.trainer -   Precision: 0.62222
05/06/2026 22:22:36 - INFO - utils.trainer -   Recall: 1.00000
05/06/2026 22:22:36 - INFO - utils.trainer -   F_score: 0.76712
05/06/2026 22:22:36 - INFO - utils.trainer -   Specificity: 0.33594
05/06/2026 22:22:36 - INFO - utils.trainer -   Sensitivity: 1.00000
05/06/2026 22:22:36 - INFO - utils.trainer -   Loss: 38.16025
05/06/2026 22:22:36 - INFO - utils.trainer -    Train loss: 0.03325, Test loss: 38.16025,Epoch time = 2.144s
05/06/2026 22:22:38 - INFO - utils.trainer -   ***** Running evaluation on test1 dataset *****
05/06/2026 22:22:39 - INFO - utils.trainer -   AUC: 0.95312
05/06/2026 22:22:39 - INFO - utils.trainer -   Accuracy: 0.92910
05/06/2026 22:22:39 - INFO - utils.trainer -   Precision: 0.88050
05/06/2026 22:22:39 - INFO - utils.trainer -   Recall: 1.00000
05/06/2026 22:22:39 - INFO - utils.trainer -   F_score: 0.93645
05/06/2026 22:22:39 - INFO - utils.trainer -   Specificity: 0.85156
05/06/2026 22:22:39 - INFO - utils.trainer -   Sensitivity: 1.00000
05/06/2026 22:22:39 - INFO - utils.trainer -   Loss: 3.07760
05/06/2026 22:22:39 - INFO - utils.trainer -    Train loss: 0.00000, Test loss: 3.07760,Epoch time = 2.274s
05/06/2026 22:22:41 - INFO - utils.trainer -   ***** Running evaluation on test1 dataset *****
05/06/2026 22:22:42 - INFO - utils.trainer -   AUC: 0.97235
05/06/2026 22:22:42 - INFO - utils.trainer -   Accuracy: 0.95896
05/06/2026 22:22:42 - INFO - utils.trainer -   Precision: 0.92715
05/06/2026 22:22:42 - INFO - utils.trainer -   Recall: 1.00000
05/06/2026 22:22:42 - INFO - utils.trainer -   F_score: 0.96220
05/06/2026 22:22:42 - INFO - utils.trainer -   Specificity: 0.91406
05/06/2026 22:22:42 - INFO - utils.trainer -   Sensitivity: 1.00000
05/06/2026 22:22:42 - INFO - utils.trainer -   Loss: 1.71484
05/06/2026 22:22:42 - INFO - utils.trainer -    Train loss: 0.00000, Test loss: 1.71484,Epoch time = 1.579s
05/06/2026 22:22:44 - INFO - utils.trainer -   ***** Running evaluation on test1 dataset *****
05/06/2026 22:22:45 - INFO - utils.trainer -   AUC: 0.96484
05/06/2026 22:22:45 - INFO - utils.trainer -   Accuracy: 0.95522
05/06/2026 22:22:45 - INFO - utils.trainer -   Precision: 0.92105
05/06/2026 22:22:45 - INFO - utils.trainer -   Recall: 1.00000
05/06/2026 22:22:45 - INFO - utils.trainer -   F_score: 0.95890
05/06/2026 22:22:45 - INFO - utils.trainer -   Specificity: 0.90625
05/06/2026 22:22:45 - INFO - utils.trainer -   Sensitivity: 1.00000
05/06/2026 22:22:45 - INFO - utils.trainer -   Loss: 1.84182
05/06/2026 22:22:45 - INFO - utils.trainer -    Train loss: 0.00001, Test loss: 1.84182,Epoch time = 1.923s
05/06/2026 22:22:47 - INFO - utils.trainer -   ***** Running evaluation on test1 dataset *****
05/06/2026 22:22:49 - INFO - utils.trainer -   AUC: 0.97246
05/06/2026 22:22:49 - INFO - utils.trainer -   Accuracy: 0.95896
05/06/2026 22:22:49 - INFO - utils.trainer -   Precision: 0.92715
05/06/2026 22:22:49 - INFO - utils.trainer -   Recall: 1.00000
05/06/2026 22:22:49 - INFO - utils.trainer -   F_score: 0.96220
05/06/2026 22:22:49 - INFO - utils.trainer -   Specificity: 0.91406
05/06/2026 22:22:49 - INFO - utils.trainer -   Sensitivity: 1.00000
05/06/2026 22:22:49 - INFO - utils.trainer -   Loss: 1.57053
05/06/2026 22:22:49 - INFO - utils.trainer -    Train loss: 0.00000, Test loss: 1.57053,Epoch time = 2.040s
05/06/2026 22:22:51 - INFO - utils.trainer -   ***** Running evaluation on test1 dataset *****
05/06/2026 22:22:52 - INFO - utils.trainer -   AUC: 0.97235
05/06/2026 22:22:52 - INFO - utils.trainer -   Accuracy: 0.95896
05/06/2026 22:22:52 - INFO - utils.trainer -   Precision: 0.92715
05/06/2026 22:22:52 - INFO - utils.trainer -   Recall: 1.00000
05/06/2026 22:22:52 - INFO - utils.trainer -   F_score: 0.96220
05/06/2026 22:22:52 - INFO - utils.trainer -   Specificity: 0.91406
05/06/2026 22:22:52 - INFO - utils.trainer -   Sensitivity: 1.00000
05/06/2026 22:22:52 - INFO - utils.trainer -   Loss: 1.68513
05/06/2026 22:22:52 - INFO - utils.trainer -    Train loss: 0.00000, Test loss: 1.68513,Epoch time = 1.882s
05/06/2026 22:22:54 - INFO - utils.trainer -   ***** Running evaluation on test1 dataset *****
05/06/2026 22:22:55 - INFO - utils.trainer -   AUC: 0.97190
05/06/2026 22:22:55 - INFO - utils.trainer -   Accuracy: 0.96269
05/06/2026 22:22:55 - INFO - utils.trainer -   Precision: 0.93333
05/06/2026 22:22:55 - INFO - utils.trainer -   Recall: 1.00000
05/06/2026 22:22:55 - INFO - utils.trainer -   F_score: 0.96552
05/06/2026 22:22:55 - INFO - utils.trainer -   Specificity: 0.92188
05/06/2026 22:22:55 - INFO - utils.trainer -   Sensitivity: 1.00000
05/06/2026 22:22:55 - INFO - utils.trainer -   Loss: 1.47440
05/06/2026 22:22:55 - INFO - utils.trainer -    Train loss: 0.00000, Test loss: 1.47440,Epoch time = 2.186s
05/06/2026 22:22:57 - INFO - utils.trainer -   ***** Running evaluation on test1 dataset *****
05/06/2026 22:22:59 - INFO - utils.trainer -   AUC: 0.97185
05/06/2026 22:22:59 - INFO - utils.trainer -   Accuracy: 0.95896
05/06/2026 22:22:59 - INFO - utils.trainer -   Precision: 0.93289
05/06/2026 22:22:59 - INFO - utils.trainer -   Recall: 0.99286
05/06/2026 22:22:59 - INFO - utils.trainer -   F_score: 0.96194
05/06/2026 22:22:59 - INFO - utils.trainer -   Specificity: 0.92188
05/06/2026 22:22:59 - INFO - utils.trainer -   Sensitivity: 0.99286
05/06/2026 22:22:59 - INFO - utils.trainer -   Loss: 1.50099
05/06/2026 22:22:59 - INFO - utils.trainer -    Train loss: 0.00000, Test loss: 1.50099,Epoch time = 1.999s
05/06/2026 22:23:01 - INFO - utils.trainer -   ***** Running evaluation on test1 dataset *****
05/06/2026 22:23:02 - INFO - utils.trainer -   AUC: 0.97190
05/06/2026 22:23:02 - INFO - utils.trainer -   Accuracy: 0.95896
05/06/2026 22:23:02 - INFO - utils.trainer -   Precision: 0.92715
05/06/2026 22:23:02 - INFO - utils.trainer -   Recall: 1.00000
05/06/2026 22:23:02 - INFO - utils.trainer -   F_score: 0.96220
05/06/2026 22:23:02 - INFO - utils.trainer -   Specificity: 0.91406
05/06/2026 22:23:02 - INFO - utils.trainer -   Sensitivity: 1.00000
05/06/2026 22:23:02 - INFO - utils.trainer -   Loss: 1.59918
05/06/2026 22:23:02 - INFO - utils.trainer -    Train loss: 0.00000, Test loss: 1.59918,Epoch time = 2.190s
05/06/2026 22:23:04 - INFO - utils.trainer -   ***** Running evaluation on test1 dataset *****
05/06/2026 22:23:05 - INFO - utils.trainer -   AUC: 0.97246
05/06/2026 22:23:05 - INFO - utils.trainer -   Accuracy: 0.96642
05/06/2026 22:23:05 - INFO - utils.trainer -   Precision: 0.93960
05/06/2026 22:23:05 - INFO - utils.trainer -   Recall: 1.00000
05/06/2026 22:23:05 - INFO - utils.trainer -   F_score: 0.96886
05/06/2026 22:23:05 - INFO - utils.trainer -   Specificity: 0.92969
05/06/2026 22:23:05 - INFO - utils.trainer -   Sensitivity: 1.00000
05/06/2026 22:23:05 - INFO - utils.trainer -   Loss: 1.37537
05/06/2026 22:23:05 - INFO - utils.trainer -    Train loss: 0.00004, Test loss: 1.37537,Epoch time = 2.199s
05/06/2026 22:23:07 - INFO - utils.trainer -   ***** Running evaluation on test1 dataset *****
05/06/2026 22:23:09 - INFO - utils.trainer -   AUC: 0.62500
05/06/2026 22:23:09 - INFO - utils.trainer -   Accuracy: 0.62313
05/06/2026 22:23:09 - INFO - utils.trainer -   Precision: 0.58091
05/06/2026 22:23:09 - INFO - utils.trainer -   Recall: 1.00000
05/06/2026 22:23:09 - INFO - utils.trainer -   F_score: 0.73491
05/06/2026 22:23:09 - INFO - utils.trainer -   Specificity: 0.21094
05/06/2026 22:23:09 - INFO - utils.trainer -   Sensitivity: 1.00000
05/06/2026 22:23:09 - INFO - utils.trainer -   Loss: 59.16136
05/06/2026 22:23:09 - INFO - utils.trainer -    Train loss: 0.01818, Test loss: 59.16136,Epoch time = 1.866s
05/06/2026 22:23:10 - INFO - utils.trainer -   ***** Running evaluation on test1 dataset *****
05/06/2026 22:23:12 - INFO - utils.trainer -   AUC: 0.94922
05/06/2026 22:23:12 - INFO - utils.trainer -   Accuracy: 0.94030
05/06/2026 22:23:12 - INFO - utils.trainer -   Precision: 0.89744
05/06/2026 22:23:12 - INFO - utils.trainer -   Recall: 1.00000
05/06/2026 22:23:12 - INFO - utils.trainer -   F_score: 0.94595
05/06/2026 22:23:12 - INFO - utils.trainer -   Specificity: 0.87500
05/06/2026 22:23:12 - INFO - utils.trainer -   Sensitivity: 1.00000
05/06/2026 22:23:12 - INFO - utils.trainer -   Loss: 2.98425
05/06/2026 22:23:12 - INFO - utils.trainer -    Train loss: 0.00000, Test loss: 2.98425,Epoch time = 1.512s
05/06/2026 22:23:14 - INFO - utils.trainer -   ***** Running evaluation on test1 dataset *****
05/06/2026 22:23:15 - INFO - utils.trainer -   AUC: 0.96825
05/06/2026 22:23:15 - INFO - utils.trainer -   Accuracy: 0.96269
05/06/2026 22:23:15 - INFO - utils.trainer -   Precision: 0.93333
05/06/2026 22:23:15 - INFO - utils.trainer -   Recall: 1.00000
05/06/2026 22:23:15 - INFO - utils.trainer -   F_score: 0.96552
05/06/2026 22:23:15 - INFO - utils.trainer -   Specificity: 0.92188
05/06/2026 22:23:15 - INFO - utils.trainer -   Sensitivity: 1.00000
05/06/2026 22:23:15 - INFO - utils.trainer -   Loss: 1.75875
05/06/2026 22:23:15 - INFO - utils.trainer -    Train loss: 0.00000, Test loss: 1.75875,Epoch time = 1.988s
05/06/2026 22:23:17 - INFO - utils.trainer -   ***** Running evaluation on test1 dataset *****
05/06/2026 22:23:19 - INFO - utils.trainer -   AUC: 0.97185
05/06/2026 22:23:19 - INFO - utils.trainer -   Accuracy: 0.96269
05/06/2026 22:23:19 - INFO - utils.trainer -   Precision: 0.93919
05/06/2026 22:23:19 - INFO - utils.trainer -   Recall: 0.99286
05/06/2026 22:23:19 - INFO - utils.trainer -   F_score: 0.96528
05/06/2026 22:23:19 - INFO - utils.trainer -   Specificity: 0.92969
05/06/2026 22:23:19 - INFO - utils.trainer -   Sensitivity: 0.99286
05/06/2026 22:23:19 - INFO - utils.trainer -   Loss: 1.45749
05/06/2026 22:23:19 - INFO - utils.trainer -    Train loss: 0.00000, Test loss: 1.45749,Epoch time = 2.307s
05/06/2026 22:23:20 - INFO - utils.trainer -   ***** Running evaluation on test1 dataset *****
05/06/2026 22:23:22 - INFO - utils.trainer -   AUC: 0.97221
05/06/2026 22:23:22 - INFO - utils.trainer -   Accuracy: 0.96642
05/06/2026 22:23:22 - INFO - utils.trainer -   Precision: 0.93960
05/06/2026 22:23:22 - INFO - utils.trainer -   Recall: 1.00000
05/06/2026 22:23:22 - INFO - utils.trainer -   F_score: 0.96886
05/06/2026 22:23:22 - INFO - utils.trainer -   Specificity: 0.92969
05/06/2026 22:23:22 - INFO - utils.trainer -   Sensitivity: 1.00000
05/06/2026 22:23:22 - INFO - utils.trainer -   Loss: 1.38883
05/06/2026 22:23:22 - INFO - utils.trainer -    Train loss: 0.00000, Test loss: 1.38883,Epoch time = 1.769s
05/06/2026 22:23:24 - INFO - utils.trainer -   ***** Running evaluation on test1 dataset *****
05/06/2026 22:23:25 - INFO - utils.trainer -   AUC: 0.96853
05/06/2026 22:23:25 - INFO - utils.trainer -   Accuracy: 0.95896
05/06/2026 22:23:25 - INFO - utils.trainer -   Precision: 0.92715
05/06/2026 22:23:25 - INFO - utils.trainer -   Recall: 1.00000
05/06/2026 22:23:25 - INFO - utils.trainer -   F_score: 0.96220
05/06/2026 22:23:25 - INFO - utils.trainer -   Specificity: 0.91406
05/06/2026 22:23:25 - INFO - utils.trainer -   Sensitivity: 1.00000
05/06/2026 22:23:25 - INFO - utils.trainer -   Loss: 1.70460
05/06/2026 22:23:25 - INFO - utils.trainer -    Train loss: 0.00000, Test loss: 1.70460,Epoch time = 2.016s
05/06/2026 22:23:27 - INFO - utils.trainer -   ***** Running evaluation on test1 dataset *****
05/06/2026 22:23:28 - INFO - utils.trainer -   AUC: 0.98708
05/06/2026 22:23:28 - INFO - utils.trainer -   Accuracy: 0.97388
05/06/2026 22:23:28 - INFO - utils.trainer -   Precision: 0.97163
05/06/2026 22:23:28 - INFO - utils.trainer -   Recall: 0.97857
05/06/2026 22:23:28 - INFO - utils.trainer -   F_score: 0.97509
05/06/2026 22:23:28 - INFO - utils.trainer -   Specificity: 0.96875
05/06/2026 22:23:28 - INFO - utils.trainer -   Sensitivity: 0.97857
05/06/2026 22:23:28 - INFO - utils.trainer -   Loss: 0.76276
05/06/2026 22:23:28 - INFO - utils.trainer -    Train loss: 0.05224, Test loss: 0.76276,Epoch time = 2.211s
05/06/2026 22:23:30 - INFO - utils.trainer -   ***** Running evaluation on test1 dataset *****
05/06/2026 22:23:32 - INFO - utils.trainer -   AUC: 0.61071
05/06/2026 22:23:32 - INFO - utils.trainer -   Accuracy: 0.52612
05/06/2026 22:23:32 - INFO - utils.trainer -   Precision: 1.00000
05/06/2026 22:23:32 - INFO - utils.trainer -   Recall: 0.09286
05/06/2026 22:23:32 - INFO - utils.trainer -   F_score: 0.16993
05/06/2026 22:23:32 - INFO - utils.trainer -   Specificity: 1.00000
05/06/2026 22:23:32 - INFO - utils.trainer -   Sensitivity: 0.09286
05/06/2026 22:23:32 - INFO - utils.trainer -   Loss: 135.06345
05/06/2026 22:23:32 - INFO - utils.trainer -    Train loss: 0.03525, Test loss: 135.06345,Epoch time = 1.840s
05/06/2026 22:23:34 - INFO - utils.trainer -   ***** Running evaluation on test1 dataset *****
05/06/2026 22:23:35 - INFO - utils.trainer -   AUC: 0.98652
05/06/2026 22:23:35 - INFO - utils.trainer -   Accuracy: 0.96642
05/06/2026 22:23:35 - INFO - utils.trainer -   Precision: 0.97122
05/06/2026 22:23:35 - INFO - utils.trainer -   Recall: 0.96429
05/06/2026 22:23:35 - INFO - utils.trainer -   F_score: 0.96774
05/06/2026 22:23:35 - INFO - utils.trainer -   Specificity: 0.96875
05/06/2026 22:23:35 - INFO - utils.trainer -   Sensitivity: 0.96429
05/06/2026 22:23:35 - INFO - utils.trainer -   Loss: 1.01296
05/06/2026 22:23:35 - INFO - utils.trainer -    Train loss: 0.00007, Test loss: 1.01296,Epoch time = 1.861s
05/06/2026 22:23:37 - INFO - utils.trainer -   ***** Running evaluation on test1 dataset *****
05/06/2026 22:23:38 - INFO - utils.trainer -   AUC: 0.94531
05/06/2026 22:23:38 - INFO - utils.trainer -   Accuracy: 0.93284
05/06/2026 22:23:38 - INFO - utils.trainer -   Precision: 0.88608
05/06/2026 22:23:38 - INFO - utils.trainer -   Recall: 1.00000
05/06/2026 22:23:38 - INFO - utils.trainer -   F_score: 0.93960
05/06/2026 22:23:38 - INFO - utils.trainer -   Specificity: 0.85938
05/06/2026 22:23:38 - INFO - utils.trainer -   Sensitivity: 1.00000
05/06/2026 22:23:38 - INFO - utils.trainer -   Loss: 3.31829
05/06/2026 22:23:38 - INFO - utils.trainer -    Train loss: 0.00026, Test loss: 3.31829,Epoch time = 2.025s
05/06/2026 22:23:40 - INFO - utils.trainer -   ***** Running evaluation on test1 dataset *****
05/06/2026 22:23:41 - INFO - utils.trainer -   AUC: 0.97570
05/06/2026 22:23:41 - INFO - utils.trainer -   Accuracy: 0.94403
05/06/2026 22:23:41 - INFO - utils.trainer -   Precision: 0.94964
05/06/2026 22:23:41 - INFO - utils.trainer -   Recall: 0.94286
05/06/2026 22:23:41 - INFO - utils.trainer -   F_score: 0.94624
05/06/2026 22:23:41 - INFO - utils.trainer -   Specificity: 0.94531
05/06/2026 22:23:41 - INFO - utils.trainer -   Sensitivity: 0.94286
05/06/2026 22:23:41 - INFO - utils.trainer -   Loss: 2.26387
05/06/2026 22:23:41 - INFO - utils.trainer -    Train loss: 0.00180, Test loss: 2.26387,Epoch time = 2.210s
05/06/2026 22:23:43 - INFO - utils.trainer -   ***** Running evaluation on test1 dataset *****
05/06/2026 22:23:45 - INFO - utils.trainer -   AUC: 0.94922
05/06/2026 22:23:45 - INFO - utils.trainer -   Accuracy: 0.93657
05/06/2026 22:23:45 - INFO - utils.trainer -   Precision: 0.89172
05/06/2026 22:23:45 - INFO - utils.trainer -   Recall: 1.00000
05/06/2026 22:23:45 - INFO - utils.trainer -   F_score: 0.94276
05/06/2026 22:23:45 - INFO - utils.trainer -   Specificity: 0.86719
05/06/2026 22:23:45 - INFO - utils.trainer -   Sensitivity: 1.00000
05/06/2026 22:23:45 - INFO - utils.trainer -   Loss: 3.03324
05/06/2026 22:23:45 - INFO - utils.trainer -    Train loss: 0.00000, Test loss: 3.03324,Epoch time = 1.813s
05/06/2026 22:23:47 - INFO - utils.trainer -   ***** Running evaluation on test1 dataset *****
05/06/2026 22:23:48 - INFO - utils.trainer -   AUC: 0.95625
05/06/2026 22:23:48 - INFO - utils.trainer -   Accuracy: 0.94776
05/06/2026 22:23:48 - INFO - utils.trainer -   Precision: 0.90909
05/06/2026 22:23:48 - INFO - utils.trainer -   Recall: 1.00000
05/06/2026 22:23:48 - INFO - utils.trainer -   F_score: 0.95238
05/06/2026 22:23:48 - INFO - utils.trainer -   Specificity: 0.89062
05/06/2026 22:23:48 - INFO - utils.trainer -   Sensitivity: 1.00000
05/06/2026 22:23:48 - INFO - utils.trainer -   Loss: 2.72541
05/06/2026 22:23:48 - INFO - utils.trainer -    Train loss: 0.00072, Test loss: 2.72541,Epoch time = 2.066s
05/06/2026 22:23:50 - INFO - utils.trainer -   ***** Running evaluation on test1 dataset *****
05/06/2026 22:23:51 - INFO - utils.trainer -   AUC: 0.95971
05/06/2026 22:23:51 - INFO - utils.trainer -   Accuracy: 0.94776
05/06/2026 22:23:51 - INFO - utils.trainer -   Precision: 0.90909
05/06/2026 22:23:51 - INFO - utils.trainer -   Recall: 1.00000
05/06/2026 22:23:51 - INFO - utils.trainer -   F_score: 0.95238
05/06/2026 22:23:51 - INFO - utils.trainer -   Specificity: 0.89062
05/06/2026 22:23:51 - INFO - utils.trainer -   Sensitivity: 1.00000
05/06/2026 22:23:51 - INFO - utils.trainer -   Loss: 2.79072
05/06/2026 22:23:51 - INFO - utils.trainer -    Train loss: 0.00000, Test loss: 2.79072,Epoch time = 2.404s
05/06/2026 22:23:53 - INFO - utils.trainer -   ***** Running evaluation on test1 dataset *****
05/06/2026 22:23:55 - INFO - utils.trainer -   AUC: 0.96403
05/06/2026 22:23:55 - INFO - utils.trainer -   Accuracy: 0.94776
05/06/2026 22:23:55 - INFO - utils.trainer -   Precision: 0.90909
05/06/2026 22:23:55 - INFO - utils.trainer -   Recall: 1.00000
05/06/2026 22:23:55 - INFO - utils.trainer -   F_score: 0.95238
05/06/2026 22:23:55 - INFO - utils.trainer -   Specificity: 0.89062
05/06/2026 22:23:55 - INFO - utils.trainer -   Sensitivity: 1.00000
05/06/2026 22:23:55 - INFO - utils.trainer -   Loss: 2.57074
05/06/2026 22:23:55 - INFO - utils.trainer -    Train loss: 0.00001, Test loss: 2.57074,Epoch time = 1.777s
05/06/2026 22:23:56 - INFO - utils.trainer -   ***** Running evaluation on test1 dataset *****
05/06/2026 22:23:58 - INFO - utils.trainer -   AUC: 0.94922
05/06/2026 22:23:58 - INFO - utils.trainer -   Accuracy: 0.93284
05/06/2026 22:23:58 - INFO - utils.trainer -   Precision: 0.88608
05/06/2026 22:23:58 - INFO - utils.trainer -   Recall: 1.00000
05/06/2026 22:23:58 - INFO - utils.trainer -   F_score: 0.93960
05/06/2026 22:23:58 - INFO - utils.trainer -   Specificity: 0.85938
05/06/2026 22:23:58 - INFO - utils.trainer -   Sensitivity: 1.00000
05/06/2026 22:23:58 - INFO - utils.trainer -   Loss: 3.12141
05/06/2026 22:23:58 - INFO - utils.trainer -    Train loss: 0.00034, Test loss: 3.12141,Epoch time = 1.908s
05/06/2026 22:23:59 - INFO - utils.trainer -   ***** Running evaluation on test1 dataset *****
05/06/2026 22:24:01 - INFO - utils.trainer -   AUC: 0.96055
05/06/2026 22:24:01 - INFO - utils.trainer -   Accuracy: 0.94776
05/06/2026 22:24:01 - INFO - utils.trainer -   Precision: 0.90909
05/06/2026 22:24:01 - INFO - utils.trainer -   Recall: 1.00000
05/06/2026 22:24:01 - INFO - utils.trainer -   F_score: 0.95238
05/06/2026 22:24:01 - INFO - utils.trainer -   Specificity: 0.89062
05/06/2026 22:24:01 - INFO - utils.trainer -   Sensitivity: 1.00000
05/06/2026 22:24:01 - INFO - utils.trainer -   Loss: 2.74294
05/06/2026 22:24:01 - INFO - utils.trainer -    Train loss: 0.00000, Test loss: 2.74294,Epoch time = 1.643s
05/06/2026 22:24:03 - INFO - utils.trainer -   ***** Running evaluation on test1 dataset *****
05/06/2026 22:24:04 - INFO - utils.trainer -   AUC: 0.99542
05/06/2026 22:24:04 - INFO - utils.trainer -   Accuracy: 0.94403
05/06/2026 22:24:04 - INFO - utils.trainer -   Precision: 0.98450
05/06/2026 22:24:04 - INFO - utils.trainer -   Recall: 0.90714
05/06/2026 22:24:04 - INFO - utils.trainer -   F_score: 0.94424
05/06/2026 22:24:04 - INFO - utils.trainer -   Specificity: 0.98438
05/06/2026 22:24:04 - INFO - utils.trainer -   Sensitivity: 0.90714
05/06/2026 22:24:04 - INFO - utils.trainer -   Loss: 1.91367
05/06/2026 22:24:04 - INFO - utils.trainer -    Train loss: 0.00407, Test loss: 1.91367,Epoch time = 2.408s
05/06/2026 22:24:06 - INFO - utils.trainer -   ***** Running evaluation on test1 dataset *****
05/06/2026 22:24:07 - INFO - utils.trainer -   AUC: 0.98080
05/06/2026 22:24:07 - INFO - utils.trainer -   Accuracy: 0.94776
05/06/2026 22:24:07 - INFO - utils.trainer -   Precision: 0.95000
05/06/2026 22:24:07 - INFO - utils.trainer -   Recall: 0.95000
05/06/2026 22:24:07 - INFO - utils.trainer -   F_score: 0.95000
05/06/2026 22:24:07 - INFO - utils.trainer -   Specificity: 0.94531
05/06/2026 22:24:07 - INFO - utils.trainer -   Sensitivity: 0.95000
05/06/2026 22:24:07 - INFO - utils.trainer -   Loss: 1.61021
05/06/2026 22:24:07 - INFO - utils.trainer -    Train loss: 0.00000, Test loss: 1.61021,Epoch time = 2.000s
05/06/2026 22:24:10 - INFO - utils.trainer -   ***** Running evaluation on test1 dataset *****
05/06/2026 22:24:11 - INFO - utils.trainer -   AUC: 0.96875
05/06/2026 22:24:11 - INFO - utils.trainer -   Accuracy: 0.95522
05/06/2026 22:24:11 - INFO - utils.trainer -   Precision: 0.92105
05/06/2026 22:24:11 - INFO - utils.trainer -   Recall: 1.00000
05/06/2026 22:24:11 - INFO - utils.trainer -   F_score: 0.95890
05/06/2026 22:24:11 - INFO - utils.trainer -   Specificity: 0.90625
05/06/2026 22:24:11 - INFO - utils.trainer -   Sensitivity: 1.00000
05/06/2026 22:24:11 - INFO - utils.trainer -   Loss: 1.94970
05/06/2026 22:24:11 - INFO - utils.trainer -    Train loss: 0.00000, Test loss: 1.94970,Epoch time = 2.419s
05/06/2026 22:24:13 - INFO - utils.trainer -   ***** Running evaluation on test1 dataset *****
05/06/2026 22:24:14 - INFO - utils.trainer -   AUC: 0.99590
05/06/2026 22:24:14 - INFO - utils.trainer -   Accuracy: 0.91791
05/06/2026 22:24:14 - INFO - utils.trainer -   Precision: 1.00000
05/06/2026 22:24:14 - INFO - utils.trainer -   Recall: 0.84286
05/06/2026 22:24:14 - INFO - utils.trainer -   F_score: 0.91473
05/06/2026 22:24:14 - INFO - utils.trainer -   Specificity: 1.00000
05/06/2026 22:24:14 - INFO - utils.trainer -   Sensitivity: 0.84286
05/06/2026 22:24:14 - INFO - utils.trainer -   Loss: 3.13887
05/06/2026 22:24:14 - INFO - utils.trainer -    Train loss: 0.03489, Test loss: 3.13887,Epoch time = 2.081s
05/06/2026 22:24:17 - INFO - utils.trainer -   ***** Running evaluation on test1 dataset *****
05/06/2026 22:24:18 - INFO - utils.trainer -   AUC: 0.97162
05/06/2026 22:24:18 - INFO - utils.trainer -   Accuracy: 0.95522
05/06/2026 22:24:18 - INFO - utils.trainer -   Precision: 0.92105
05/06/2026 22:24:18 - INFO - utils.trainer -   Recall: 1.00000
05/06/2026 22:24:18 - INFO - utils.trainer -   F_score: 0.95890
05/06/2026 22:24:18 - INFO - utils.trainer -   Specificity: 0.90625
05/06/2026 22:24:18 - INFO - utils.trainer -   Sensitivity: 1.00000
05/06/2026 22:24:18 - INFO - utils.trainer -   Loss: 1.80452
05/06/2026 22:24:18 - INFO - utils.trainer -    Train loss: 0.00019, Test loss: 1.80452,Epoch time = 2.315s
05/06/2026 22:24:20 - INFO - utils.trainer -   ***** Running evaluation on test1 dataset *****
05/06/2026 22:24:21 - INFO - utils.trainer -   AUC: 0.98209
05/06/2026 22:24:21 - INFO - utils.trainer -   Accuracy: 0.84328
05/06/2026 22:24:21 - INFO - utils.trainer -   Precision: 1.00000
05/06/2026 22:24:21 - INFO - utils.trainer -   Recall: 0.70000
05/06/2026 22:24:21 - INFO - utils.trainer -   F_score: 0.82353
05/06/2026 22:24:21 - INFO - utils.trainer -   Specificity: 1.00000
05/06/2026 22:24:21 - INFO - utils.trainer -   Sensitivity: 0.70000
05/06/2026 22:24:21 - INFO - utils.trainer -   Loss: 8.72245
05/06/2026 22:24:21 - INFO - utils.trainer -    Train loss: 0.08023, Test loss: 8.72245,Epoch time = 1.975s
05/06/2026 22:24:23 - INFO - utils.trainer -   ***** Running evaluation on test1 dataset *****
05/06/2026 22:24:24 - INFO - utils.trainer -   AUC: 0.98281
05/06/2026 22:24:24 - INFO - utils.trainer -   Accuracy: 0.96269
05/06/2026 22:24:24 - INFO - utils.trainer -   Precision: 0.95139
05/06/2026 22:24:24 - INFO - utils.trainer -   Recall: 0.97857
05/06/2026 22:24:24 - INFO - utils.trainer -   F_score: 0.96479
05/06/2026 22:24:24 - INFO - utils.trainer -   Specificity: 0.94531
05/06/2026 22:24:24 - INFO - utils.trainer -   Sensitivity: 0.97857
05/06/2026 22:24:24 - INFO - utils.trainer -   Loss: 1.18243
05/06/2026 22:24:24 - INFO - utils.trainer -    Train loss: 0.00000, Test loss: 1.18243,Epoch time = 1.787s
05/06/2026 22:24:26 - INFO - utils.trainer -   ***** Running evaluation on test1 dataset *****
05/06/2026 22:24:28 - INFO - utils.trainer -   AUC: 0.97115
05/06/2026 22:24:28 - INFO - utils.trainer -   Accuracy: 0.95522
05/06/2026 22:24:28 - INFO - utils.trainer -   Precision: 0.93836
05/06/2026 22:24:28 - INFO - utils.trainer -   Recall: 0.97857
05/06/2026 22:24:28 - INFO - utils.trainer -   F_score: 0.95804
05/06/2026 22:24:28 - INFO - utils.trainer -   Specificity: 0.92969
05/06/2026 22:24:28 - INFO - utils.trainer -   Sensitivity: 0.97857
05/06/2026 22:24:28 - INFO - utils.trainer -   Loss: 1.76621
05/06/2026 22:24:28 - INFO - utils.trainer -    Train loss: 0.12386, Test loss: 1.76621,Epoch time = 1.819s
05/06/2026 22:24:30 - INFO - utils.trainer -   ***** Running evaluation on test1 dataset *****
05/06/2026 22:24:31 - INFO - utils.trainer -   AUC: 0.97151
05/06/2026 22:24:31 - INFO - utils.trainer -   Accuracy: 0.95522
05/06/2026 22:24:31 - INFO - utils.trainer -   Precision: 0.93243
05/06/2026 22:24:31 - INFO - utils.trainer -   Recall: 0.98571
05/06/2026 22:24:31 - INFO - utils.trainer -   F_score: 0.95833
05/06/2026 22:24:31 - INFO - utils.trainer -   Specificity: 0.92188
05/06/2026 22:24:31 - INFO - utils.trainer -   Sensitivity: 0.98571
05/06/2026 22:24:31 - INFO - utils.trainer -   Loss: 1.55010
05/06/2026 22:24:31 - INFO - utils.trainer -    Train loss: 0.00000, Test loss: 1.55010,Epoch time = 2.069s
05/06/2026 22:24:33 - INFO - utils.trainer -   ***** Running evaluation on test1 dataset *****
05/06/2026 22:24:34 - INFO - utils.trainer -   AUC: 0.97151
05/06/2026 22:24:34 - INFO - utils.trainer -   Accuracy: 0.95896
05/06/2026 22:24:34 - INFO - utils.trainer -   Precision: 0.93878
05/06/2026 22:24:34 - INFO - utils.trainer -   Recall: 0.98571
05/06/2026 22:24:34 - INFO - utils.trainer -   F_score: 0.96167
05/06/2026 22:24:34 - INFO - utils.trainer -   Specificity: 0.92969
05/06/2026 22:24:34 - INFO - utils.trainer -   Sensitivity: 0.98571
05/06/2026 22:24:34 - INFO - utils.trainer -   Loss: 1.51219
05/06/2026 22:24:34 - INFO - utils.trainer -    Train loss: 0.00000, Test loss: 1.51219,Epoch time = 1.874s
05/06/2026 22:24:36 - INFO - utils.trainer -   ***** Running evaluation on test1 dataset *****
05/06/2026 22:24:37 - INFO - utils.trainer -   AUC: 0.97185
05/06/2026 22:24:37 - INFO - utils.trainer -   Accuracy: 0.96269
05/06/2026 22:24:37 - INFO - utils.trainer -   Precision: 0.93919
05/06/2026 22:24:37 - INFO - utils.trainer -   Recall: 0.99286
05/06/2026 22:24:37 - INFO - utils.trainer -   F_score: 0.96528
05/06/2026 22:24:37 - INFO - utils.trainer -   Specificity: 0.92969
05/06/2026 22:24:37 - INFO - utils.trainer -   Sensitivity: 0.99286
05/06/2026 22:24:37 - INFO - utils.trainer -   Loss: 1.42287
05/06/2026 22:24:37 - INFO - utils.trainer -    Train loss: 0.00000, Test loss: 1.42287,Epoch time = 1.757s
05/06/2026 22:24:40 - INFO - utils.trainer -   ***** Running evaluation on test1 dataset *****
05/06/2026 22:24:41 - INFO - utils.trainer -   AUC: 0.97168
05/06/2026 22:24:41 - INFO - utils.trainer -   Accuracy: 0.96269
05/06/2026 22:24:41 - INFO - utils.trainer -   Precision: 0.95139
05/06/2026 22:24:41 - INFO - utils.trainer -   Recall: 0.97857
05/06/2026 22:24:41 - INFO - utils.trainer -   F_score: 0.96479
05/06/2026 22:24:41 - INFO - utils.trainer -   Specificity: 0.94531
05/06/2026 22:24:41 - INFO - utils.trainer -   Sensitivity: 0.97857
05/06/2026 22:24:41 - INFO - utils.trainer -   Loss: 1.36509
05/06/2026 22:24:41 - INFO - utils.trainer -    Train loss: 0.00000, Test loss: 1.36509,Epoch time = 2.372s
05/06/2026 22:24:43 - INFO - utils.trainer -   ***** Running evaluation on test1 dataset *****
05/06/2026 22:24:44 - INFO - utils.trainer -   AUC: 0.97132
05/06/2026 22:24:44 - INFO - utils.trainer -   Accuracy: 0.96269
05/06/2026 22:24:44 - INFO - utils.trainer -   Precision: 0.95139
05/06/2026 22:24:44 - INFO - utils.trainer -   Recall: 0.97857
05/06/2026 22:24:44 - INFO - utils.trainer -   F_score: 0.96479
05/06/2026 22:24:44 - INFO - utils.trainer -   Specificity: 0.94531
05/06/2026 22:24:44 - INFO - utils.trainer -   Sensitivity: 0.97857
05/06/2026 22:24:44 - INFO - utils.trainer -   Loss: 1.51594
05/06/2026 22:24:44 - INFO - utils.trainer -    Train loss: 0.00000, Test loss: 1.51594,Epoch time = 2.033s
05/06/2026 22:24:46 - INFO - utils.trainer -   ***** Running evaluation on test1 dataset *****
05/06/2026 22:24:47 - INFO - utils.trainer -   AUC: 0.97174
05/06/2026 22:24:47 - INFO - utils.trainer -   Accuracy: 0.96269
05/06/2026 22:24:47 - INFO - utils.trainer -   Precision: 0.94521
05/06/2026 22:24:47 - INFO - utils.trainer -   Recall: 0.98571
05/06/2026 22:24:47 - INFO - utils.trainer -   F_score: 0.96503
05/06/2026 22:24:47 - INFO - utils.trainer -   Specificity: 0.93750
05/06/2026 22:24:47 - INFO - utils.trainer -   Sensitivity: 0.98571
05/06/2026 22:24:47 - INFO - utils.trainer -   Loss: 1.38954
05/06/2026 22:24:47 - INFO - utils.trainer -    Train loss: 0.00000, Test loss: 1.38954,Epoch time = 1.871s
05/06/2026 22:24:50 - INFO - utils.trainer -   ***** Running evaluation on test1 dataset *****
05/06/2026 22:24:51 - INFO - utils.trainer -   AUC: 0.97162
05/06/2026 22:24:51 - INFO - utils.trainer -   Accuracy: 0.95896
05/06/2026 22:24:51 - INFO - utils.trainer -   Precision: 0.93878
05/06/2026 22:24:51 - INFO - utils.trainer -   Recall: 0.98571
05/06/2026 22:24:51 - INFO - utils.trainer -   F_score: 0.96167
05/06/2026 22:24:51 - INFO - utils.trainer -   Specificity: 0.92969
05/06/2026 22:24:51 - INFO - utils.trainer -   Sensitivity: 0.98571
05/06/2026 22:24:51 - INFO - utils.trainer -   Loss: 1.47409
05/06/2026 22:24:51 - INFO - utils.trainer -    Train loss: 0.00000, Test loss: 1.47409,Epoch time = 2.204s
05/06/2026 22:24:53 - INFO - utils.trainer -   ***** Running evaluation on test1 dataset *****
05/06/2026 22:24:54 - INFO - utils.trainer -   AUC: 0.97174
05/06/2026 22:24:54 - INFO - utils.trainer -   Accuracy: 0.96269
05/06/2026 22:24:54 - INFO - utils.trainer -   Precision: 0.95139
05/06/2026 22:24:54 - INFO - utils.trainer -   Recall: 0.97857
05/06/2026 22:24:54 - INFO - utils.trainer -   F_score: 0.96479
05/06/2026 22:24:54 - INFO - utils.trainer -   Specificity: 0.94531
05/06/2026 22:24:54 - INFO - utils.trainer -   Sensitivity: 0.97857
05/06/2026 22:24:54 - INFO - utils.trainer -   Loss: 1.40571
05/06/2026 22:24:54 - INFO - utils.trainer -    Train loss: 0.00000, Test loss: 1.40571,Epoch time = 2.306s
05/06/2026 22:24:56 - INFO - utils.trainer -   ***** Running evaluation on test1 dataset *****
05/06/2026 22:24:58 - INFO - utils.trainer -   AUC: 0.97174
05/06/2026 22:24:58 - INFO - utils.trainer -   Accuracy: 0.96269
05/06/2026 22:24:58 - INFO - utils.trainer -   Precision: 0.95139
05/06/2026 22:24:58 - INFO - utils.trainer -   Recall: 0.97857
05/06/2026 22:24:58 - INFO - utils.trainer -   F_score: 0.96479
05/06/2026 22:24:58 - INFO - utils.trainer -   Specificity: 0.94531
05/06/2026 22:24:58 - INFO - utils.trainer -   Sensitivity: 0.97857
05/06/2026 22:24:58 - INFO - utils.trainer -   Loss: 1.45781
05/06/2026 22:24:58 - INFO - utils.trainer -    Train loss: 0.00000, Test loss: 1.45781,Epoch time = 1.999s
05/06/2026 22:25:00 - INFO - utils.trainer -   ***** Running evaluation on test1 dataset *****
05/06/2026 22:25:01 - INFO - utils.trainer -   AUC: 0.97246
05/06/2026 22:25:01 - INFO - utils.trainer -   Accuracy: 0.95149
05/06/2026 22:25:01 - INFO - utils.trainer -   Precision: 0.91503
05/06/2026 22:25:01 - INFO - utils.trainer -   Recall: 1.00000
05/06/2026 22:25:01 - INFO - utils.trainer -   F_score: 0.95563
05/06/2026 22:25:01 - INFO - utils.trainer -   Specificity: 0.89844
05/06/2026 22:25:01 - INFO - utils.trainer -   Sensitivity: 1.00000
05/06/2026 22:25:01 - INFO - utils.trainer -   Loss: 1.57612
05/06/2026 22:25:01 - INFO - utils.trainer -    Train loss: 0.00000, Test loss: 1.57612,Epoch time = 2.195s
05/06/2026 22:25:03 - INFO - utils.trainer -   ***** Running evaluation on test1 dataset *****
05/06/2026 22:25:05 - INFO - utils.trainer -   AUC: 0.97185
05/06/2026 22:25:05 - INFO - utils.trainer -   Accuracy: 0.96642
05/06/2026 22:25:05 - INFO - utils.trainer -   Precision: 0.95172
05/06/2026 22:25:05 - INFO - utils.trainer -   Recall: 0.98571
05/06/2026 22:25:05 - INFO - utils.trainer -   F_score: 0.96842
05/06/2026 22:25:05 - INFO - utils.trainer -   Specificity: 0.94531
05/06/2026 22:25:05 - INFO - utils.trainer -   Sensitivity: 0.98571
05/06/2026 22:25:05 - INFO - utils.trainer -   Loss: 1.31261
05/06/2026 22:25:05 - INFO - utils.trainer -    Train loss: 0.00000, Test loss: 1.31261,Epoch time = 1.906s
05/06/2026 22:25:07 - INFO - utils.trainer -   ***** Running evaluation on test1 dataset *****
05/06/2026 22:25:08 - INFO - utils.trainer -   AUC: 0.97215
05/06/2026 22:25:08 - INFO - utils.trainer -   Accuracy: 0.96269
05/06/2026 22:25:08 - INFO - utils.trainer -   Precision: 0.93333
05/06/2026 22:25:08 - INFO - utils.trainer -   Recall: 1.00000
05/06/2026 22:25:08 - INFO - utils.trainer -   F_score: 0.96552
05/06/2026 22:25:08 - INFO - utils.trainer -   Specificity: 0.92188
05/06/2026 22:25:08 - INFO - utils.trainer -   Sensitivity: 1.00000
05/06/2026 22:25:08 - INFO - utils.trainer -   Loss: 1.56643
05/06/2026 22:25:08 - INFO - utils.trainer -    Train loss: 0.00000, Test loss: 1.56643,Epoch time = 1.900s
05/06/2026 22:25:10 - INFO - utils.trainer -   ***** Running evaluation on test1 dataset *****
05/06/2026 22:25:11 - INFO - utils.trainer -   AUC: 0.97185
05/06/2026 22:25:11 - INFO - utils.trainer -   Accuracy: 0.95896
05/06/2026 22:25:11 - INFO - utils.trainer -   Precision: 0.93289
05/06/2026 22:25:11 - INFO - utils.trainer -   Recall: 0.99286
05/06/2026 22:25:11 - INFO - utils.trainer -   F_score: 0.96194
05/06/2026 22:25:11 - INFO - utils.trainer -   Specificity: 0.92188
05/06/2026 22:25:11 - INFO - utils.trainer -   Sensitivity: 0.99286
05/06/2026 22:25:11 - INFO - utils.trainer -   Loss: 1.45914
05/06/2026 22:25:11 - INFO - utils.trainer -    Train loss: 0.00000, Test loss: 1.45914,Epoch time = 2.157s
05/06/2026 22:25:13 - INFO - utils.trainer -   ***** Running evaluation on test1 dataset *****
05/06/2026 22:25:14 - INFO - utils.trainer -   AUC: 0.97143
05/06/2026 22:25:14 - INFO - utils.trainer -   Accuracy: 0.96269
05/06/2026 22:25:14 - INFO - utils.trainer -   Precision: 0.95139
05/06/2026 22:25:14 - INFO - utils.trainer -   Recall: 0.97857
05/06/2026 22:25:14 - INFO - utils.trainer -   F_score: 0.96479
05/06/2026 22:25:14 - INFO - utils.trainer -   Specificity: 0.94531
05/06/2026 22:25:14 - INFO - utils.trainer -   Sensitivity: 0.97857
05/06/2026 22:25:14 - INFO - utils.trainer -   Loss: 1.48739
05/06/2026 22:25:14 - INFO - utils.trainer -    Train loss: 0.00000, Test loss: 1.48739,Epoch time = 1.882s
05/06/2026 22:25:16 - INFO - utils.trainer -   ***** Running evaluation on test1 dataset *****
05/06/2026 22:25:17 - INFO - utils.trainer -   AUC: 0.97227
05/06/2026 22:25:17 - INFO - utils.trainer -   Accuracy: 0.96642
05/06/2026 22:25:17 - INFO - utils.trainer -   Precision: 0.93960
05/06/2026 22:25:17 - INFO - utils.trainer -   Recall: 1.00000
05/06/2026 22:25:17 - INFO - utils.trainer -   F_score: 0.96886
05/06/2026 22:25:17 - INFO - utils.trainer -   Specificity: 0.92969
05/06/2026 22:25:17 - INFO - utils.trainer -   Sensitivity: 1.00000
05/06/2026 22:25:17 - INFO - utils.trainer -   Loss: 1.35758
05/06/2026 22:25:17 - INFO - utils.trainer -    Train loss: 0.00000, Test loss: 1.35758,Epoch time = 2.005s
05/06/2026 22:25:19 - INFO - utils.trainer -   ***** Running evaluation on test1 dataset *****
05/06/2026 22:25:21 - INFO - utils.trainer -   AUC: 0.97185
05/06/2026 22:25:21 - INFO - utils.trainer -   Accuracy: 0.96269
05/06/2026 22:25:21 - INFO - utils.trainer -   Precision: 0.93333
05/06/2026 22:25:21 - INFO - utils.trainer -   Recall: 1.00000
05/06/2026 22:25:21 - INFO - utils.trainer -   F_score: 0.96552
05/06/2026 22:25:21 - INFO - utils.trainer -   Specificity: 0.92188
05/06/2026 22:25:21 - INFO - utils.trainer -   Sensitivity: 1.00000
05/06/2026 22:25:21 - INFO - utils.trainer -   Loss: 1.53643
05/06/2026 22:25:21 - INFO - utils.trainer -    Train loss: 0.00000, Test loss: 1.53643,Epoch time = 2.074s
05/06/2026 22:25:23 - INFO - utils.trainer -   ***** Running evaluation on test1 dataset *****
05/06/2026 22:25:24 - INFO - utils.trainer -   AUC: 0.97185
05/06/2026 22:25:24 - INFO - utils.trainer -   Accuracy: 0.96269
05/06/2026 22:25:24 - INFO - utils.trainer -   Precision: 0.94521
05/06/2026 22:25:24 - INFO - utils.trainer -   Recall: 0.98571
05/06/2026 22:25:24 - INFO - utils.trainer -   F_score: 0.96503
05/06/2026 22:25:24 - INFO - utils.trainer -   Specificity: 0.93750
05/06/2026 22:25:24 - INFO - utils.trainer -   Sensitivity: 0.98571
05/06/2026 22:25:24 - INFO - utils.trainer -   Loss: 1.42911
05/06/2026 22:25:24 - INFO - utils.trainer -    Train loss: 0.00000, Test loss: 1.42911,Epoch time = 1.883s
05/06/2026 22:25:26 - INFO - utils.trainer -   ***** Running evaluation on test1 dataset *****
05/06/2026 22:25:27 - INFO - utils.trainer -   AUC: 0.97162
05/06/2026 22:25:27 - INFO - utils.trainer -   Accuracy: 0.95896
05/06/2026 22:25:27 - INFO - utils.trainer -   Precision: 0.93878
05/06/2026 22:25:27 - INFO - utils.trainer -   Recall: 0.98571
05/06/2026 22:25:27 - INFO - utils.trainer -   F_score: 0.96167
05/06/2026 22:25:27 - INFO - utils.trainer -   Specificity: 0.92969
05/06/2026 22:25:27 - INFO - utils.trainer -   Sensitivity: 0.98571
05/06/2026 22:25:27 - INFO - utils.trainer -   Loss: 1.45845
05/06/2026 22:25:27 - INFO - utils.trainer -    Train loss: 0.00000, Test loss: 1.45845,Epoch time = 1.766s
05/06/2026 22:25:29 - INFO - utils.trainer -   ***** Running evaluation on test1 dataset *****
05/06/2026 22:25:30 - INFO - utils.trainer -   AUC: 0.97162
05/06/2026 22:25:30 - INFO - utils.trainer -   Accuracy: 0.96269
05/06/2026 22:25:30 - INFO - utils.trainer -   Precision: 0.94521
05/06/2026 22:25:30 - INFO - utils.trainer -   Recall: 0.98571
05/06/2026 22:25:30 - INFO - utils.trainer -   F_score: 0.96503
05/06/2026 22:25:30 - INFO - utils.trainer -   Specificity: 0.93750
05/06/2026 22:25:30 - INFO - utils.trainer -   Sensitivity: 0.98571
05/06/2026 22:25:30 - INFO - utils.trainer -   Loss: 1.49003
05/06/2026 22:25:30 - INFO - utils.trainer -    Train loss: 0.00000, Test loss: 1.49003,Epoch time = 2.214s
05/06/2026 22:25:32 - INFO - utils.trainer -   ***** Running evaluation on test1 dataset *****
05/06/2026 22:25:33 - INFO - utils.trainer -   AUC: 0.97196
05/06/2026 22:25:33 - INFO - utils.trainer -   Accuracy: 0.96642
05/06/2026 22:25:33 - INFO - utils.trainer -   Precision: 0.95172
05/06/2026 22:25:33 - INFO - utils.trainer -   Recall: 0.98571
05/06/2026 22:25:33 - INFO - utils.trainer -   F_score: 0.96842
05/06/2026 22:25:33 - INFO - utils.trainer -   Specificity: 0.94531
05/06/2026 22:25:33 - INFO - utils.trainer -   Sensitivity: 0.98571
05/06/2026 22:25:33 - INFO - utils.trainer -   Loss: 1.25978
05/06/2026 22:25:33 - INFO - utils.trainer -    Train loss: 0.00000, Test loss: 1.25978,Epoch time = 1.490s
05/06/2026 22:25:35 - INFO - utils.trainer -   ***** Running evaluation on test1 dataset *****
05/06/2026 22:25:36 - INFO - utils.trainer -   AUC: 0.97196
05/06/2026 22:25:36 - INFO - utils.trainer -   Accuracy: 0.96642
05/06/2026 22:25:36 - INFO - utils.trainer -   Precision: 0.94558
05/06/2026 22:25:36 - INFO - utils.trainer -   Recall: 0.99286
05/06/2026 22:25:36 - INFO - utils.trainer -   F_score: 0.96864
05/06/2026 22:25:36 - INFO - utils.trainer -   Specificity: 0.93750
05/06/2026 22:25:36 - INFO - utils.trainer -   Sensitivity: 0.99286
05/06/2026 22:25:36 - INFO - utils.trainer -   Loss: 1.42316
05/06/2026 22:25:36 - INFO - utils.trainer -    Train loss: 0.00000, Test loss: 1.42316,Epoch time = 1.868s
05/06/2026 22:25:40 - INFO - __main__ -   ########## Repeat:2 ##########
05/06/2026 22:25:40 - INFO - utils.trainer -   ***** Running training *****
05/06/2026 22:25:40 - INFO - utils.trainer -     Num examples = 33
05/06/2026 22:25:40 - INFO - utils.trainer -     Num Epochs = 200
05/06/2026 22:25:40 - INFO - utils.trainer -     Total train batch size = 16
05/06/2026 22:25:40 - INFO - utils.trainer -     warmup steps = 400
05/06/2026 22:25:40 - INFO - utils.trainer -     Total optimization steps = 6600
05/06/2026 22:25:40 - INFO - utils.trainer -     Save steps = 200
05/06/2026 22:25:40 - INFO - root -   Parameters [normal] length [15]
05/06/2026 22:25:42 - INFO - utils.trainer -   ***** Running evaluation on test2 dataset *****
05/06/2026 22:25:43 - INFO - utils.trainer -   AUC: 0.89247
05/06/2026 22:25:43 - INFO - utils.trainer -   Accuracy: 0.64602
05/06/2026 22:25:43 - INFO - utils.trainer -   Precision: 0.00000
05/06/2026 22:25:43 - INFO - utils.trainer -   Recall: 0.00000
05/06/2026 22:25:43 - INFO - utils.trainer -   F_score: 0.00000
05/06/2026 22:25:43 - INFO - utils.trainer -   Specificity: 1.00000
05/06/2026 22:25:43 - INFO - utils.trainer -   Sensitivity: 0.00000
05/06/2026 22:25:43 - INFO - utils.trainer -   Loss: 1.72349
05/06/2026 22:25:43 - INFO - utils.trainer -    Train loss: 4.47250, Test loss: 1.72349,Epoch time = 2.139s
05/06/2026 22:25:43 - INFO - utils.trainer -   Saving model checkpoint to output_dir/DeepConvNet
05/06/2026 22:25:45 - INFO - utils.trainer -   ***** Running evaluation on test2 dataset *****
05/06/2026 22:25:46 - INFO - utils.trainer -   AUC: 0.98711
05/06/2026 22:25:46 - INFO - utils.trainer -   Accuracy: 0.37168
05/06/2026 22:25:46 - INFO - utils.trainer -   Precision: 0.36036
05/06/2026 22:25:46 - INFO - utils.trainer -   Recall: 1.00000
05/06/2026 22:25:46 - INFO - utils.trainer -   F_score: 0.52980
05/06/2026 22:25:46 - INFO - utils.trainer -   Specificity: 0.02740
05/06/2026 22:25:46 - INFO - utils.trainer -   Sensitivity: 1.00000
05/06/2026 22:25:46 - INFO - utils.trainer -   Loss: 2.96743
05/06/2026 22:25:46 - INFO - utils.trainer -    Train loss: 0.59977, Test loss: 2.96743,Epoch time = 1.803s
05/06/2026 22:25:48 - INFO - utils.trainer -   ***** Running evaluation on test2 dataset *****
05/06/2026 22:25:49 - INFO - utils.trainer -   AUC: 0.53125
05/06/2026 22:25:49 - INFO - utils.trainer -   Accuracy: 0.64602
05/06/2026 22:25:49 - INFO - utils.trainer -   Precision: 0.00000
05/06/2026 22:25:49 - INFO - utils.trainer -   Recall: 0.00000
05/06/2026 22:25:49 - INFO - utils.trainer -   F_score: 0.00000
05/06/2026 22:25:49 - INFO - utils.trainer -   Specificity: 1.00000
05/06/2026 22:25:49 - INFO - utils.trainer -   Sensitivity: 0.00000
05/06/2026 22:25:49 - INFO - utils.trainer -   Loss: 53.07464
05/06/2026 22:25:49 - INFO - utils.trainer -    Train loss: 0.19578, Test loss: 53.07464,Epoch time = 2.118s
05/06/2026 22:25:49 - INFO - utils.trainer -   Saving model checkpoint to output_dir/DeepConvNet
05/06/2026 22:25:51 - INFO - utils.trainer -   ***** Running evaluation on test2 dataset *****
05/06/2026 22:25:53 - INFO - utils.trainer -   AUC: 0.96627
05/06/2026 22:25:53 - INFO - utils.trainer -   Accuracy: 0.76991
05/06/2026 22:25:53 - INFO - utils.trainer -   Precision: 1.00000
05/06/2026 22:25:53 - INFO - utils.trainer -   Recall: 0.35000
05/06/2026 22:25:53 - INFO - utils.trainer -   F_score: 0.51852
05/06/2026 22:25:53 - INFO - utils.trainer -   Specificity: 1.00000
05/06/2026 22:25:53 - INFO - utils.trainer -   Sensitivity: 0.35000
05/06/2026 22:25:53 - INFO - utils.trainer -   Loss: 9.97372
05/06/2026 22:25:53 - INFO - utils.trainer -    Train loss: 0.22801, Test loss: 9.97372,Epoch time = 2.078s
05/06/2026 22:25:53 - INFO - utils.trainer -   Saving model checkpoint to output_dir/DeepConvNet
05/06/2026 22:25:54 - INFO - utils.trainer -   ***** Running evaluation on test2 dataset *****
05/06/2026 22:25:55 - INFO - utils.trainer -   AUC: 0.51370
05/06/2026 22:25:55 - INFO - utils.trainer -   Accuracy: 0.35398
05/06/2026 22:25:55 - INFO - utils.trainer -   Precision: 0.35398
05/06/2026 22:25:55 - INFO - utils.trainer -   Recall: 1.00000
05/06/2026 22:25:55 - INFO - utils.trainer -   F_score: 0.52288
05/06/2026 22:25:55 - INFO - utils.trainer -   Specificity: 0.00000
05/06/2026 22:25:55 - INFO - utils.trainer -   Sensitivity: 1.00000
05/06/2026 22:25:55 - INFO - utils.trainer -   Loss: 41.70350
05/06/2026 22:25:55 - INFO - utils.trainer -    Train loss: 0.19130, Test loss: 41.70350,Epoch time = 1.436s
05/06/2026 22:25:57 - INFO - utils.trainer -   ***** Running evaluation on test2 dataset *****
05/06/2026 22:25:58 - INFO - utils.trainer -   AUC: 0.86301
05/06/2026 22:25:58 - INFO - utils.trainer -   Accuracy: 0.61947
05/06/2026 22:25:58 - INFO - utils.trainer -   Precision: 0.48193
05/06/2026 22:25:58 - INFO - utils.trainer -   Recall: 1.00000
05/06/2026 22:25:58 - INFO - utils.trainer -   F_score: 0.65041
05/06/2026 22:25:58 - INFO - utils.trainer -   Specificity: 0.41096
05/06/2026 22:25:58 - INFO - utils.trainer -   Sensitivity: 1.00000
05/06/2026 22:25:58 - INFO - utils.trainer -   Loss: 6.14740
05/06/2026 22:25:58 - INFO - utils.trainer -    Train loss: 0.56427, Test loss: 6.14740,Epoch time = 1.905s
05/06/2026 22:26:01 - INFO - utils.trainer -   ***** Running evaluation on test2 dataset *****
05/06/2026 22:26:02 - INFO - utils.trainer -   AUC: 0.50000
05/06/2026 22:26:02 - INFO - utils.trainer -   Accuracy: 0.64602
05/06/2026 22:26:02 - INFO - utils.trainer -   Precision: 0.00000
05/06/2026 22:26:02 - INFO - utils.trainer -   Recall: 0.00000
05/06/2026 22:26:02 - INFO - utils.trainer -   F_score: 0.00000
05/06/2026 22:26:02 - INFO - utils.trainer -   Specificity: 1.00000
05/06/2026 22:26:02 - INFO - utils.trainer -   Sensitivity: 0.00000
05/06/2026 22:26:02 - INFO - utils.trainer -   Loss: 187.83173
05/06/2026 22:26:02 - INFO - utils.trainer -    Train loss: 1.15373, Test loss: 187.83173,Epoch time = 2.293s
05/06/2026 22:26:03 - INFO - utils.trainer -   ***** Running evaluation on test2 dataset *****
05/06/2026 22:26:05 - INFO - utils.trainer -   AUC: 0.99135
05/06/2026 22:26:05 - INFO - utils.trainer -   Accuracy: 0.96903
05/06/2026 22:26:05 - INFO - utils.trainer -   Precision: 0.95062
05/06/2026 22:26:05 - INFO - utils.trainer -   Recall: 0.96250
05/06/2026 22:26:05 - INFO - utils.trainer -   F_score: 0.95652
05/06/2026 22:26:05 - INFO - utils.trainer -   Specificity: 0.97260
05/06/2026 22:26:05 - INFO - utils.trainer -   Sensitivity: 0.96250
05/06/2026 22:26:05 - INFO - utils.trainer -   Loss: 0.40084
05/06/2026 22:26:05 - INFO - utils.trainer -    Train loss: 0.41784, Test loss: 0.40084,Epoch time = 1.506s
05/06/2026 22:26:05 - INFO - utils.trainer -   Saving model checkpoint to output_dir/DeepConvNet
05/06/2026 22:26:07 - INFO - utils.trainer -   ***** Running evaluation on test2 dataset *****
05/06/2026 22:26:08 - INFO - utils.trainer -   AUC: 0.50000
05/06/2026 22:26:08 - INFO - utils.trainer -   Accuracy: 0.64602
05/06/2026 22:26:08 - INFO - utils.trainer -   Precision: 0.00000
05/06/2026 22:26:08 - INFO - utils.trainer -   Recall: 0.00000
05/06/2026 22:26:08 - INFO - utils.trainer -   F_score: 0.00000
05/06/2026 22:26:08 - INFO - utils.trainer -   Specificity: 1.00000
05/06/2026 22:26:08 - INFO - utils.trainer -   Sensitivity: 0.00000
05/06/2026 22:26:08 - INFO - utils.trainer -   Loss: 164.16202
05/06/2026 22:26:08 - INFO - utils.trainer -    Train loss: 0.18367, Test loss: 164.16202,Epoch time = 2.197s
05/06/2026 22:26:10 - INFO - utils.trainer -   ***** Running evaluation on test2 dataset *****
05/06/2026 22:26:11 - INFO - utils.trainer -   AUC: 0.69521
05/06/2026 22:26:11 - INFO - utils.trainer -   Accuracy: 0.54425
05/06/2026 22:26:11 - INFO - utils.trainer -   Precision: 0.43716
05/06/2026 22:26:11 - INFO - utils.trainer -   Recall: 1.00000
05/06/2026 22:26:11 - INFO - utils.trainer -   F_score: 0.60837
05/06/2026 22:26:11 - INFO - utils.trainer -   Specificity: 0.29452
05/06/2026 22:26:11 - INFO - utils.trainer -   Sensitivity: 1.00000
05/06/2026 22:26:11 - INFO - utils.trainer -   Loss: 17.79739
05/06/2026 22:26:11 - INFO - utils.trainer -    Train loss: 0.17306, Test loss: 17.79739,Epoch time = 2.344s
05/06/2026 22:26:13 - INFO - utils.trainer -   ***** Running evaluation on test2 dataset *****
05/06/2026 22:26:14 - INFO - utils.trainer -   AUC: 0.64375
05/06/2026 22:26:14 - INFO - utils.trainer -   Accuracy: 0.65044
05/06/2026 22:26:14 - INFO - utils.trainer -   Precision: 1.00000
05/06/2026 22:26:14 - INFO - utils.trainer -   Recall: 0.01250
05/06/2026 22:26:14 - INFO - utils.trainer -   F_score: 0.02469
05/06/2026 22:26:14 - INFO - utils.trainer -   Specificity: 1.00000
05/06/2026 22:26:14 - INFO - utils.trainer -   Sensitivity: 0.01250
05/06/2026 22:26:14 - INFO - utils.trainer -   Loss: 54.84854
05/06/2026 22:26:14 - INFO - utils.trainer -    Train loss: 0.05268, Test loss: 54.84854,Epoch time = 2.084s
05/06/2026 22:26:17 - INFO - utils.trainer -   ***** Running evaluation on test2 dataset *****
05/06/2026 22:26:18 - INFO - utils.trainer -   AUC: 0.50000
05/06/2026 22:26:18 - INFO - utils.trainer -   Accuracy: 0.64602
05/06/2026 22:26:18 - INFO - utils.trainer -   Precision: 0.00000
05/06/2026 22:26:18 - INFO - utils.trainer -   Recall: 0.00000
05/06/2026 22:26:18 - INFO - utils.trainer -   F_score: 0.00000
05/06/2026 22:26:18 - INFO - utils.trainer -   Specificity: 1.00000
05/06/2026 22:26:18 - INFO - utils.trainer -   Sensitivity: 0.00000
05/06/2026 22:26:18 - INFO - utils.trainer -   Loss: 329.86552
05/06/2026 22:26:18 - INFO - utils.trainer -    Train loss: 0.22630, Test loss: 329.86552,Epoch time = 2.323s
05/06/2026 22:26:20 - INFO - utils.trainer -   ***** Running evaluation on test2 dataset *****
05/06/2026 22:26:21 - INFO - utils.trainer -   AUC: 0.50000
05/06/2026 22:26:21 - INFO - utils.trainer -   Accuracy: 0.64602
05/06/2026 22:26:21 - INFO - utils.trainer -   Precision: 0.00000
05/06/2026 22:26:21 - INFO - utils.trainer -   Recall: 0.00000
05/06/2026 22:26:21 - INFO - utils.trainer -   F_score: 0.00000
05/06/2026 22:26:21 - INFO - utils.trainer -   Specificity: 1.00000
05/06/2026 22:26:21 - INFO - utils.trainer -   Sensitivity: 0.00000
05/06/2026 22:26:21 - INFO - utils.trainer -   Loss: 237.08785
05/06/2026 22:26:21 - INFO - utils.trainer -    Train loss: 0.38957, Test loss: 237.08785,Epoch time = 1.793s
05/06/2026 22:26:23 - INFO - utils.trainer -   ***** Running evaluation on test2 dataset *****
05/06/2026 22:26:24 - INFO - utils.trainer -   AUC: 0.50342
05/06/2026 22:26:24 - INFO - utils.trainer -   Accuracy: 0.35841
05/06/2026 22:26:24 - INFO - utils.trainer -   Precision: 0.35556
05/06/2026 22:26:24 - INFO - utils.trainer -   Recall: 1.00000
05/06/2026 22:26:24 - INFO - utils.trainer -   F_score: 0.52459
05/06/2026 22:26:24 - INFO - utils.trainer -   Specificity: 0.00685
05/06/2026 22:26:24 - INFO - utils.trainer -   Sensitivity: 1.00000
05/06/2026 22:26:24 - INFO - utils.trainer -   Loss: 152.14830
05/06/2026 22:26:24 - INFO - utils.trainer -    Train loss: 0.12636, Test loss: 152.14830,Epoch time = 2.134s
05/06/2026 22:26:26 - INFO - utils.trainer -   ***** Running evaluation on test2 dataset *****
05/06/2026 22:26:27 - INFO - utils.trainer -   AUC: 0.50000
05/06/2026 22:26:27 - INFO - utils.trainer -   Accuracy: 0.35398
05/06/2026 22:26:27 - INFO - utils.trainer -   Precision: 0.35398
05/06/2026 22:26:27 - INFO - utils.trainer -   Recall: 1.00000
05/06/2026 22:26:27 - INFO - utils.trainer -   F_score: 0.52288
05/06/2026 22:26:27 - INFO - utils.trainer -   Specificity: 0.00000
05/06/2026 22:26:27 - INFO - utils.trainer -   Sensitivity: 1.00000
05/06/2026 22:26:27 - INFO - utils.trainer -   Loss: 756.35589
05/06/2026 22:26:27 - INFO - utils.trainer -    Train loss: 0.22899, Test loss: 756.35589,Epoch time = 1.992s
05/06/2026 22:26:29 - INFO - utils.trainer -   ***** Running evaluation on test2 dataset *****
05/06/2026 22:26:31 - INFO - utils.trainer -   AUC: 0.81164
05/06/2026 22:26:31 - INFO - utils.trainer -   Accuracy: 0.69027
05/06/2026 22:26:31 - INFO - utils.trainer -   Precision: 0.53333
05/06/2026 22:26:31 - INFO - utils.trainer -   Recall: 1.00000
05/06/2026 22:26:31 - INFO - utils.trainer -   F_score: 0.69565
05/06/2026 22:26:31 - INFO - utils.trainer -   Specificity: 0.52055
05/06/2026 22:26:31 - INFO - utils.trainer -   Sensitivity: 1.00000
05/06/2026 22:26:31 - INFO - utils.trainer -   Loss: 11.21279
05/06/2026 22:26:31 - INFO - utils.trainer -    Train loss: 0.02338, Test loss: 11.21279,Epoch time = 1.894s
05/06/2026 22:26:33 - INFO - utils.trainer -   ***** Running evaluation on test2 dataset *****
05/06/2026 22:26:34 - INFO - utils.trainer -   AUC: 0.82500
05/06/2026 22:26:34 - INFO - utils.trainer -   Accuracy: 0.73009
05/06/2026 22:26:34 - INFO - utils.trainer -   Precision: 1.00000
05/06/2026 22:26:34 - INFO - utils.trainer -   Recall: 0.23750
05/06/2026 22:26:34 - INFO - utils.trainer -   F_score: 0.38384
05/06/2026 22:26:34 - INFO - utils.trainer -   Specificity: 1.00000
05/06/2026 22:26:34 - INFO - utils.trainer -   Sensitivity: 0.23750
05/06/2026 22:26:34 - INFO - utils.trainer -   Loss: 26.49502
05/06/2026 22:26:34 - INFO - utils.trainer -    Train loss: 0.31100, Test loss: 26.49502,Epoch time = 2.230s
05/06/2026 22:26:36 - INFO - utils.trainer -   ***** Running evaluation on test2 dataset *****
05/06/2026 22:26:37 - INFO - utils.trainer -   AUC: 0.50000
05/06/2026 22:26:37 - INFO - utils.trainer -   Accuracy: 0.64602
05/06/2026 22:26:37 - INFO - utils.trainer -   Precision: 0.00000
05/06/2026 22:26:37 - INFO - utils.trainer -   Recall: 0.00000
05/06/2026 22:26:37 - INFO - utils.trainer -   F_score: 0.00000
05/06/2026 22:26:37 - INFO - utils.trainer -   Specificity: 1.00000
05/06/2026 22:26:37 - INFO - utils.trainer -   Sensitivity: 0.00000
05/06/2026 22:26:37 - INFO - utils.trainer -   Loss: 153.90386
05/06/2026 22:26:37 - INFO - utils.trainer -    Train loss: 0.27973, Test loss: 153.90386,Epoch time = 2.276s
05/06/2026 22:26:39 - INFO - utils.trainer -   ***** Running evaluation on test2 dataset *****
05/06/2026 22:26:41 - INFO - utils.trainer -   AUC: 0.55822
05/06/2026 22:26:41 - INFO - utils.trainer -   Accuracy: 0.41150
05/06/2026 22:26:41 - INFO - utils.trainer -   Precision: 0.37559
05/06/2026 22:26:41 - INFO - utils.trainer -   Recall: 1.00000
05/06/2026 22:26:41 - INFO - utils.trainer -   F_score: 0.54608
05/06/2026 22:26:41 - INFO - utils.trainer -   Specificity: 0.08904
05/06/2026 22:26:41 - INFO - utils.trainer -   Sensitivity: 1.00000
05/06/2026 22:26:41 - INFO - utils.trainer -   Loss: 76.07981
05/06/2026 22:26:41 - INFO - utils.trainer -    Train loss: 0.29231, Test loss: 76.07981,Epoch time = 2.207s
05/06/2026 22:26:43 - INFO - utils.trainer -   ***** Running evaluation on test2 dataset *****
05/06/2026 22:26:44 - INFO - utils.trainer -   AUC: 0.50000
05/06/2026 22:26:44 - INFO - utils.trainer -   Accuracy: 0.35398
05/06/2026 22:26:44 - INFO - utils.trainer -   Precision: 0.35398
05/06/2026 22:26:44 - INFO - utils.trainer -   Recall: 1.00000
05/06/2026 22:26:44 - INFO - utils.trainer -   F_score: 0.52288
05/06/2026 22:26:44 - INFO - utils.trainer -   Specificity: 0.00000
05/06/2026 22:26:44 - INFO - utils.trainer -   Sensitivity: 1.00000
05/06/2026 22:26:44 - INFO - utils.trainer -   Loss: 368.68064
05/06/2026 22:26:44 - INFO - utils.trainer -    Train loss: 1.25719, Test loss: 368.68064,Epoch time = 1.950s
05/06/2026 22:26:46 - INFO - utils.trainer -   ***** Running evaluation on test2 dataset *****
05/06/2026 22:26:47 - INFO - utils.trainer -   AUC: 0.57877
05/06/2026 22:26:47 - INFO - utils.trainer -   Accuracy: 0.43363
05/06/2026 22:26:47 - INFO - utils.trainer -   Precision: 0.38462
05/06/2026 22:26:47 - INFO - utils.trainer -   Recall: 1.00000
05/06/2026 22:26:47 - INFO - utils.trainer -   F_score: 0.55556
05/06/2026 22:26:47 - INFO - utils.trainer -   Specificity: 0.12329
05/06/2026 22:26:47 - INFO - utils.trainer -   Sensitivity: 1.00000
05/06/2026 22:26:47 - INFO - utils.trainer -   Loss: 79.08854
05/06/2026 22:26:47 - INFO - utils.trainer -    Train loss: 0.09777, Test loss: 79.08854,Epoch time = 1.930s
05/06/2026 22:26:49 - INFO - utils.trainer -   ***** Running evaluation on test2 dataset *****
05/06/2026 22:26:50 - INFO - utils.trainer -   AUC: 0.99966
05/06/2026 22:26:50 - INFO - utils.trainer -   Accuracy: 0.99115
05/06/2026 22:26:50 - INFO - utils.trainer -   Precision: 0.98750
05/06/2026 22:26:50 - INFO - utils.trainer -   Recall: 0.98750
05/06/2026 22:26:50 - INFO - utils.trainer -   F_score: 0.98750
05/06/2026 22:26:50 - INFO - utils.trainer -   Specificity: 0.99315
05/06/2026 22:26:50 - INFO - utils.trainer -   Sensitivity: 0.98750
05/06/2026 22:26:50 - INFO - utils.trainer -   Loss: 0.06001
05/06/2026 22:26:50 - INFO - utils.trainer -    Train loss: 0.00000, Test loss: 0.06001,Epoch time = 2.386s
05/06/2026 22:26:50 - INFO - utils.trainer -   Saving model checkpoint to output_dir/DeepConvNet
05/06/2026 22:26:52 - INFO - utils.trainer -   ***** Running evaluation on test2 dataset *****
05/06/2026 22:26:53 - INFO - utils.trainer -   AUC: 0.92500
05/06/2026 22:26:53 - INFO - utils.trainer -   Accuracy: 0.81858
05/06/2026 22:26:53 - INFO - utils.trainer -   Precision: 1.00000
05/06/2026 22:26:53 - INFO - utils.trainer -   Recall: 0.48750
05/06/2026 22:26:53 - INFO - utils.trainer -   F_score: 0.65546
05/06/2026 22:26:53 - INFO - utils.trainer -   Specificity: 1.00000
05/06/2026 22:26:53 - INFO - utils.trainer -   Sensitivity: 0.48750
05/06/2026 22:26:53 - INFO - utils.trainer -   Loss: 15.67266
05/06/2026 22:26:53 - INFO - utils.trainer -    Train loss: 0.06506, Test loss: 15.67266,Epoch time = 1.708s
05/06/2026 22:26:55 - INFO - utils.trainer -   ***** Running evaluation on test2 dataset *****
05/06/2026 22:26:56 - INFO - utils.trainer -   AUC: 0.50000
05/06/2026 22:26:56 - INFO - utils.trainer -   Accuracy: 0.35398
05/06/2026 22:26:56 - INFO - utils.trainer -   Precision: 0.35398
05/06/2026 22:26:56 - INFO - utils.trainer -   Recall: 1.00000
05/06/2026 22:26:56 - INFO - utils.trainer -   F_score: 0.52288
05/06/2026 22:26:56 - INFO - utils.trainer -   Specificity: 0.00000
05/06/2026 22:26:56 - INFO - utils.trainer -   Sensitivity: 1.00000
05/06/2026 22:26:56 - INFO - utils.trainer -   Loss: 354.34146
05/06/2026 22:26:56 - INFO - utils.trainer -    Train loss: 0.11427, Test loss: 354.34146,Epoch time = 1.949s
05/06/2026 22:26:58 - INFO - utils.trainer -   ***** Running evaluation on test2 dataset *****
05/06/2026 22:26:59 - INFO - utils.trainer -   AUC: 0.50685
05/06/2026 22:26:59 - INFO - utils.trainer -   Accuracy: 0.36283
05/06/2026 22:26:59 - INFO - utils.trainer -   Precision: 0.35714
05/06/2026 22:26:59 - INFO - utils.trainer -   Recall: 1.00000
05/06/2026 22:26:59 - INFO - utils.trainer -   F_score: 0.52632
05/06/2026 22:26:59 - INFO - utils.trainer -   Specificity: 0.01370
05/06/2026 22:26:59 - INFO - utils.trainer -   Sensitivity: 1.00000
05/06/2026 22:26:59 - INFO - utils.trainer -   Loss: 282.66702
05/06/2026 22:26:59 - INFO - utils.trainer -    Train loss: 0.12914, Test loss: 282.66702,Epoch time = 2.426s
05/06/2026 22:27:01 - INFO - utils.trainer -   ***** Running evaluation on test2 dataset *****
05/06/2026 22:27:03 - INFO - utils.trainer -   AUC: 0.70890
05/06/2026 22:27:03 - INFO - utils.trainer -   Accuracy: 0.60177
05/06/2026 22:27:03 - INFO - utils.trainer -   Precision: 0.47059
05/06/2026 22:27:03 - INFO - utils.trainer -   Recall: 1.00000
05/06/2026 22:27:03 - INFO - utils.trainer -   F_score: 0.64000
05/06/2026 22:27:03 - INFO - utils.trainer -   Specificity: 0.38356
05/06/2026 22:27:03 - INFO - utils.trainer -   Sensitivity: 1.00000
05/06/2026 22:27:03 - INFO - utils.trainer -   Loss: 30.57753
05/06/2026 22:27:03 - INFO - utils.trainer -    Train loss: 0.12488, Test loss: 30.57753,Epoch time = 1.759s
05/06/2026 22:27:05 - INFO - utils.trainer -   ***** Running evaluation on test2 dataset *****
05/06/2026 22:27:06 - INFO - utils.trainer -   AUC: 0.50000
05/06/2026 22:27:06 - INFO - utils.trainer -   Accuracy: 0.35398
05/06/2026 22:27:06 - INFO - utils.trainer -   Precision: 0.35398
05/06/2026 22:27:06 - INFO - utils.trainer -   Recall: 1.00000
05/06/2026 22:27:06 - INFO - utils.trainer -   F_score: 0.52288
05/06/2026 22:27:06 - INFO - utils.trainer -   Specificity: 0.00000
05/06/2026 22:27:06 - INFO - utils.trainer -   Sensitivity: 1.00000
05/06/2026 22:27:06 - INFO - utils.trainer -   Loss: 1383.86498
05/06/2026 22:27:06 - INFO - utils.trainer -    Train loss: 0.55269, Test loss: 1383.86498,Epoch time = 2.528s
05/06/2026 22:27:09 - INFO - utils.trainer -   ***** Running evaluation on test2 dataset *****
05/06/2026 22:27:10 - INFO - utils.trainer -   AUC: 0.50000
05/06/2026 22:27:10 - INFO - utils.trainer -   Accuracy: 0.35398
05/06/2026 22:27:10 - INFO - utils.trainer -   Precision: 0.35398
05/06/2026 22:27:10 - INFO - utils.trainer -   Recall: 1.00000
05/06/2026 22:27:10 - INFO - utils.trainer -   F_score: 0.52288
05/06/2026 22:27:10 - INFO - utils.trainer -   Specificity: 0.00000
05/06/2026 22:27:10 - INFO - utils.trainer -   Sensitivity: 1.00000
05/06/2026 22:27:10 - INFO - utils.trainer -   Loss: 361.31680
05/06/2026 22:27:10 - INFO - utils.trainer -    Train loss: 0.21476, Test loss: 361.31680,Epoch time = 2.215s
05/06/2026 22:27:12 - INFO - utils.trainer -   ***** Running evaluation on test2 dataset *****
05/06/2026 22:27:13 - INFO - utils.trainer -   AUC: 0.84932
05/06/2026 22:27:13 - INFO - utils.trainer -   Accuracy: 0.75221
05/06/2026 22:27:13 - INFO - utils.trainer -   Precision: 0.58824
05/06/2026 22:27:13 - INFO - utils.trainer -   Recall: 1.00000
05/06/2026 22:27:13 - INFO - utils.trainer -   F_score: 0.74074
05/06/2026 22:27:13 - INFO - utils.trainer -   Specificity: 0.61644
05/06/2026 22:27:13 - INFO - utils.trainer -   Sensitivity: 1.00000
05/06/2026 22:27:13 - INFO - utils.trainer -   Loss: 9.16491
05/06/2026 22:27:13 - INFO - utils.trainer -    Train loss: 0.11510, Test loss: 9.16491,Epoch time = 2.295s
05/06/2026 22:27:15 - INFO - utils.trainer -   ***** Running evaluation on test2 dataset *****
05/06/2026 22:27:16 - INFO - utils.trainer -   AUC: 0.50685
05/06/2026 22:27:16 - INFO - utils.trainer -   Accuracy: 0.36283
05/06/2026 22:27:16 - INFO - utils.trainer -   Precision: 0.35714
05/06/2026 22:27:16 - INFO - utils.trainer -   Recall: 1.00000
05/06/2026 22:27:16 - INFO - utils.trainer -   F_score: 0.52632
05/06/2026 22:27:16 - INFO - utils.trainer -   Specificity: 0.01370
05/06/2026 22:27:16 - INFO - utils.trainer -   Sensitivity: 1.00000
05/06/2026 22:27:16 - INFO - utils.trainer -   Loss: 215.01632
05/06/2026 22:27:16 - INFO - utils.trainer -    Train loss: 0.07182, Test loss: 215.01632,Epoch time = 2.119s
05/06/2026 22:27:18 - INFO - utils.trainer -   ***** Running evaluation on test2 dataset *****
05/06/2026 22:27:19 - INFO - utils.trainer -   AUC: 0.99991
05/06/2026 22:27:19 - INFO - utils.trainer -   Accuracy: 0.98230
05/06/2026 22:27:19 - INFO - utils.trainer -   Precision: 1.00000
05/06/2026 22:27:19 - INFO - utils.trainer -   Recall: 0.95000
05/06/2026 22:27:19 - INFO - utils.trainer -   F_score: 0.97436
05/06/2026 22:27:19 - INFO - utils.trainer -   Specificity: 1.00000
05/06/2026 22:27:19 - INFO - utils.trainer -   Sensitivity: 0.95000
05/06/2026 22:27:19 - INFO - utils.trainer -   Loss: 0.54739
05/06/2026 22:27:19 - INFO - utils.trainer -    Train loss: 0.04802, Test loss: 0.54739,Epoch time = 1.727s
05/06/2026 22:27:22 - INFO - utils.trainer -   ***** Running evaluation on test2 dataset *****
05/06/2026 22:27:23 - INFO - utils.trainer -   AUC: 0.56164
05/06/2026 22:27:23 - INFO - utils.trainer -   Accuracy: 0.41593
05/06/2026 22:27:23 - INFO - utils.trainer -   Precision: 0.37736
05/06/2026 22:27:23 - INFO - utils.trainer -   Recall: 1.00000
05/06/2026 22:27:23 - INFO - utils.trainer -   F_score: 0.54795
05/06/2026 22:27:23 - INFO - utils.trainer -   Specificity: 0.09589
05/06/2026 22:27:23 - INFO - utils.trainer -   Sensitivity: 1.00000
05/06/2026 22:27:23 - INFO - utils.trainer -   Loss: 139.28650
05/06/2026 22:27:23 - INFO - utils.trainer -    Train loss: 0.01994, Test loss: 139.28650,Epoch time = 2.110s
05/06/2026 22:27:25 - INFO - utils.trainer -   ***** Running evaluation on test2 dataset *****
05/06/2026 22:27:26 - INFO - utils.trainer -   AUC: 0.50000
05/06/2026 22:27:26 - INFO - utils.trainer -   Accuracy: 0.35398
05/06/2026 22:27:26 - INFO - utils.trainer -   Precision: 0.35398
05/06/2026 22:27:26 - INFO - utils.trainer -   Recall: 1.00000
05/06/2026 22:27:26 - INFO - utils.trainer -   F_score: 0.52288
05/06/2026 22:27:26 - INFO - utils.trainer -   Specificity: 0.00000
05/06/2026 22:27:26 - INFO - utils.trainer -   Sensitivity: 1.00000
05/06/2026 22:27:26 - INFO - utils.trainer -   Loss: 371.84505
05/06/2026 22:27:26 - INFO - utils.trainer -    Train loss: 0.04043, Test loss: 371.84505,Epoch time = 1.941s
05/06/2026 22:27:28 - INFO - utils.trainer -   ***** Running evaluation on test2 dataset *****
05/06/2026 22:27:29 - INFO - utils.trainer -   AUC: 0.67123
05/06/2026 22:27:29 - INFO - utils.trainer -   Accuracy: 0.54425
05/06/2026 22:27:29 - INFO - utils.trainer -   Precision: 0.43716
05/06/2026 22:27:29 - INFO - utils.trainer -   Recall: 1.00000
05/06/2026 22:27:29 - INFO - utils.trainer -   F_score: 0.60837
05/06/2026 22:27:29 - INFO - utils.trainer -   Specificity: 0.29452
05/06/2026 22:27:29 - INFO - utils.trainer -   Sensitivity: 1.00000
05/06/2026 22:27:29 - INFO - utils.trainer -   Loss: 52.51644
05/06/2026 22:27:29 - INFO - utils.trainer -    Train loss: 0.02140, Test loss: 52.51644,Epoch time = 2.063s
05/06/2026 22:27:31 - INFO - utils.trainer -   ***** Running evaluation on test2 dataset *****
05/06/2026 22:27:33 - INFO - utils.trainer -   AUC: 0.95205
05/06/2026 22:27:33 - INFO - utils.trainer -   Accuracy: 0.90708
05/06/2026 22:27:33 - INFO - utils.trainer -   Precision: 0.79208
05/06/2026 22:27:33 - INFO - utils.trainer -   Recall: 1.00000
05/06/2026 22:27:33 - INFO - utils.trainer -   F_score: 0.88398
05/06/2026 22:27:33 - INFO - utils.trainer -   Specificity: 0.85616
05/06/2026 22:27:33 - INFO - utils.trainer -   Sensitivity: 1.00000
05/06/2026 22:27:33 - INFO - utils.trainer -   Loss: 2.14766
05/06/2026 22:27:33 - INFO - utils.trainer -    Train loss: 0.00000, Test loss: 2.14766,Epoch time = 1.921s
05/06/2026 22:27:35 - INFO - utils.trainer -   ***** Running evaluation on test2 dataset *****
05/06/2026 22:27:36 - INFO - utils.trainer -   AUC: 0.94375
05/06/2026 22:27:36 - INFO - utils.trainer -   Accuracy: 0.89381
05/06/2026 22:27:36 - INFO - utils.trainer -   Precision: 1.00000
05/06/2026 22:27:36 - INFO - utils.trainer -   Recall: 0.70000
05/06/2026 22:27:36 - INFO - utils.trainer -   F_score: 0.82353
05/06/2026 22:27:36 - INFO - utils.trainer -   Specificity: 1.00000
05/06/2026 22:27:36 - INFO - utils.trainer -   Sensitivity: 0.70000
05/06/2026 22:27:36 - INFO - utils.trainer -   Loss: 7.37043
05/06/2026 22:27:36 - INFO - utils.trainer -    Train loss: 0.05855, Test loss: 7.37043,Epoch time = 1.895s
05/06/2026 22:27:38 - INFO - utils.trainer -   ***** Running evaluation on test2 dataset *****
05/06/2026 22:27:39 - INFO - utils.trainer -   AUC: 0.99897
05/06/2026 22:27:39 - INFO - utils.trainer -   Accuracy: 0.96018
05/06/2026 22:27:39 - INFO - utils.trainer -   Precision: 1.00000
05/06/2026 22:27:39 - INFO - utils.trainer -   Recall: 0.88750
05/06/2026 22:27:39 - INFO - utils.trainer -   F_score: 0.94040
05/06/2026 22:27:39 - INFO - utils.trainer -   Specificity: 1.00000
05/06/2026 22:27:39 - INFO - utils.trainer -   Sensitivity: 0.88750
05/06/2026 22:27:39 - INFO - utils.trainer -   Loss: 1.85564
05/06/2026 22:27:39 - INFO - utils.trainer -    Train loss: 0.01954, Test loss: 1.85564,Epoch time = 2.266s
05/06/2026 22:27:41 - INFO - utils.trainer -   ***** Running evaluation on test2 dataset *****
05/06/2026 22:27:42 - INFO - utils.trainer -   AUC: 0.97260
05/06/2026 22:27:42 - INFO - utils.trainer -   Accuracy: 0.92035
05/06/2026 22:27:42 - INFO - utils.trainer -   Precision: 0.81633
05/06/2026 22:27:42 - INFO - utils.trainer -   Recall: 1.00000
05/06/2026 22:27:42 - INFO - utils.trainer -   F_score: 0.89888
05/06/2026 22:27:42 - INFO - utils.trainer -   Specificity: 0.87671
05/06/2026 22:27:42 - INFO - utils.trainer -   Sensitivity: 1.00000
05/06/2026 22:27:42 - INFO - utils.trainer -   Loss: 1.35429
05/06/2026 22:27:42 - INFO - utils.trainer -    Train loss: 0.02897, Test loss: 1.35429,Epoch time = 1.874s
05/06/2026 22:27:44 - INFO - utils.trainer -   ***** Running evaluation on test2 dataset *****
05/06/2026 22:27:46 - INFO - utils.trainer -   AUC: 0.94375
05/06/2026 22:27:46 - INFO - utils.trainer -   Accuracy: 0.86283
05/06/2026 22:27:46 - INFO - utils.trainer -   Precision: 1.00000
05/06/2026 22:27:46 - INFO - utils.trainer -   Recall: 0.61250
05/06/2026 22:27:46 - INFO - utils.trainer -   F_score: 0.75969
05/06/2026 22:27:46 - INFO - utils.trainer -   Specificity: 1.00000
05/06/2026 22:27:46 - INFO - utils.trainer -   Sensitivity: 0.61250
05/06/2026 22:27:46 - INFO - utils.trainer -   Loss: 13.04697
05/06/2026 22:27:46 - INFO - utils.trainer -    Train loss: 0.00409, Test loss: 13.04697,Epoch time = 2.049s
05/06/2026 22:27:48 - INFO - utils.trainer -   ***** Running evaluation on test2 dataset *****
05/06/2026 22:27:49 - INFO - utils.trainer -   AUC: 0.99991
05/06/2026 22:27:49 - INFO - utils.trainer -   Accuracy: 0.96903
05/06/2026 22:27:49 - INFO - utils.trainer -   Precision: 1.00000
05/06/2026 22:27:49 - INFO - utils.trainer -   Recall: 0.91250
05/06/2026 22:27:49 - INFO - utils.trainer -   F_score: 0.95425
05/06/2026 22:27:49 - INFO - utils.trainer -   Specificity: 1.00000
05/06/2026 22:27:49 - INFO - utils.trainer -   Sensitivity: 0.91250
05/06/2026 22:27:49 - INFO - utils.trainer -   Loss: 0.73867
05/06/2026 22:27:49 - INFO - utils.trainer -    Train loss: 0.06846, Test loss: 0.73867,Epoch time = 2.150s
05/06/2026 22:27:51 - INFO - utils.trainer -   ***** Running evaluation on test2 dataset *****
05/06/2026 22:27:52 - INFO - utils.trainer -   AUC: 0.98125
05/06/2026 22:27:52 - INFO - utils.trainer -   Accuracy: 0.96018
05/06/2026 22:27:52 - INFO - utils.trainer -   Precision: 1.00000
05/06/2026 22:27:52 - INFO - utils.trainer -   Recall: 0.88750
05/06/2026 22:27:52 - INFO - utils.trainer -   F_score: 0.94040
05/06/2026 22:27:52 - INFO - utils.trainer -   Specificity: 1.00000
05/06/2026 22:27:52 - INFO - utils.trainer -   Sensitivity: 0.88750
05/06/2026 22:27:52 - INFO - utils.trainer -   Loss: 2.56532
05/06/2026 22:27:52 - INFO - utils.trainer -    Train loss: 0.07024, Test loss: 2.56532,Epoch time = 2.283s
05/06/2026 22:27:54 - INFO - utils.trainer -   ***** Running evaluation on test2 dataset *****
05/06/2026 22:27:55 - INFO - utils.trainer -   AUC: 0.91781
05/06/2026 22:27:55 - INFO - utils.trainer -   Accuracy: 0.84513
05/06/2026 22:27:55 - INFO - utils.trainer -   Precision: 0.69565
05/06/2026 22:27:55 - INFO - utils.trainer -   Recall: 1.00000
05/06/2026 22:27:55 - INFO - utils.trainer -   F_score: 0.82051
05/06/2026 22:27:55 - INFO - utils.trainer -   Specificity: 0.76027
05/06/2026 22:27:55 - INFO - utils.trainer -   Sensitivity: 1.00000
05/06/2026 22:27:55 - INFO - utils.trainer -   Loss: 3.81820
05/06/2026 22:27:55 - INFO - utils.trainer -    Train loss: 0.00926, Test loss: 3.81820,Epoch time = 1.808s
05/06/2026 22:27:57 - INFO - utils.trainer -   ***** Running evaluation on test2 dataset *****
05/06/2026 22:27:58 - INFO - utils.trainer -   AUC: 0.69521
05/06/2026 22:27:58 - INFO - utils.trainer -   Accuracy: 0.58850
05/06/2026 22:27:58 - INFO - utils.trainer -   Precision: 0.46243
05/06/2026 22:27:58 - INFO - utils.trainer -   Recall: 1.00000
05/06/2026 22:27:58 - INFO - utils.trainer -   F_score: 0.63241
05/06/2026 22:27:58 - INFO - utils.trainer -   Specificity: 0.36301
05/06/2026 22:27:58 - INFO - utils.trainer -   Sensitivity: 1.00000
05/06/2026 22:27:58 - INFO - utils.trainer -   Loss: 39.11418
05/06/2026 22:27:58 - INFO - utils.trainer -    Train loss: 0.03573, Test loss: 39.11418,Epoch time = 1.743s
05/06/2026 22:28:00 - INFO - utils.trainer -   ***** Running evaluation on test2 dataset *****
05/06/2026 22:28:01 - INFO - utils.trainer -   AUC: 0.99974
05/06/2026 22:28:01 - INFO - utils.trainer -   Accuracy: 0.98673
05/06/2026 22:28:01 - INFO - utils.trainer -   Precision: 0.96386
05/06/2026 22:28:01 - INFO - utils.trainer -   Recall: 1.00000
05/06/2026 22:28:01 - INFO - utils.trainer -   F_score: 0.98160
05/06/2026 22:28:01 - INFO - utils.trainer -   Specificity: 0.97945
05/06/2026 22:28:01 - INFO - utils.trainer -   Sensitivity: 1.00000
05/06/2026 22:28:01 - INFO - utils.trainer -   Loss: 0.09913
05/06/2026 22:28:01 - INFO - utils.trainer -    Train loss: 0.02405, Test loss: 0.09913,Epoch time = 2.305s
05/06/2026 22:28:03 - INFO - utils.trainer -   ***** Running evaluation on test2 dataset *****
05/06/2026 22:28:05 - INFO - utils.trainer -   AUC: 0.50000
05/06/2026 22:28:05 - INFO - utils.trainer -   Accuracy: 0.35398
05/06/2026 22:28:05 - INFO - utils.trainer -   Precision: 0.35398
05/06/2026 22:28:05 - INFO - utils.trainer -   Recall: 1.00000
05/06/2026 22:28:05 - INFO - utils.trainer -   F_score: 0.52288
05/06/2026 22:28:05 - INFO - utils.trainer -   Specificity: 0.00000
05/06/2026 22:28:05 - INFO - utils.trainer -   Sensitivity: 1.00000
05/06/2026 22:28:05 - INFO - utils.trainer -   Loss: 587.12346
05/06/2026 22:28:05 - INFO - utils.trainer -    Train loss: 0.45991, Test loss: 587.12346,Epoch time = 1.549s
05/06/2026 22:28:07 - INFO - utils.trainer -   ***** Running evaluation on test2 dataset *****
05/06/2026 22:28:07 - INFO - utils.trainer -   AUC: 0.50342
05/06/2026 22:28:07 - INFO - utils.trainer -   Accuracy: 0.35841
05/06/2026 22:28:07 - INFO - utils.trainer -   Precision: 0.35556
05/06/2026 22:28:07 - INFO - utils.trainer -   Recall: 1.00000
05/06/2026 22:28:07 - INFO - utils.trainer -   F_score: 0.52459
05/06/2026 22:28:07 - INFO - utils.trainer -   Specificity: 0.00685
05/06/2026 22:28:07 - INFO - utils.trainer -   Sensitivity: 1.00000
05/06/2026 22:28:07 - INFO - utils.trainer -   Loss: 207.77613
05/06/2026 22:28:07 - INFO - utils.trainer -    Train loss: 0.74584, Test loss: 207.77613,Epoch time = 1.940s
05/06/2026 22:28:10 - INFO - utils.trainer -   ***** Running evaluation on test2 dataset *****
05/06/2026 22:28:11 - INFO - utils.trainer -   AUC: 0.70890
05/06/2026 22:28:11 - INFO - utils.trainer -   Accuracy: 0.60619
05/06/2026 22:28:11 - INFO - utils.trainer -   Precision: 0.47337
05/06/2026 22:28:11 - INFO - utils.trainer -   Recall: 1.00000
05/06/2026 22:28:11 - INFO - utils.trainer -   F_score: 0.64257
05/06/2026 22:28:11 - INFO - utils.trainer -   Specificity: 0.39041
05/06/2026 22:28:11 - INFO - utils.trainer -   Sensitivity: 1.00000
05/06/2026 22:28:11 - INFO - utils.trainer -   Loss: 29.71917
05/06/2026 22:28:11 - INFO - utils.trainer -    Train loss: 0.11389, Test loss: 29.71917,Epoch time = 2.416s
05/06/2026 22:28:13 - INFO - utils.trainer -   ***** Running evaluation on test2 dataset *****
05/06/2026 22:28:14 - INFO - utils.trainer -   AUC: 0.70205
05/06/2026 22:28:14 - INFO - utils.trainer -   Accuracy: 0.58407
05/06/2026 22:28:14 - INFO - utils.trainer -   Precision: 0.45977
05/06/2026 22:28:14 - INFO - utils.trainer -   Recall: 1.00000
05/06/2026 22:28:14 - INFO - utils.trainer -   F_score: 0.62992
05/06/2026 22:28:14 - INFO - utils.trainer -   Specificity: 0.35616
05/06/2026 22:28:14 - INFO - utils.trainer -   Sensitivity: 1.00000
05/06/2026 22:28:14 - INFO - utils.trainer -   Loss: 28.30563
05/06/2026 22:28:14 - INFO - utils.trainer -    Train loss: 0.09491, Test loss: 28.30563,Epoch time = 1.945s
05/06/2026 22:28:17 - INFO - utils.trainer -   ***** Running evaluation on test2 dataset *****
05/06/2026 22:28:18 - INFO - utils.trainer -   AUC: 0.59375
05/06/2026 22:28:18 - INFO - utils.trainer -   Accuracy: 0.65929
05/06/2026 22:28:18 - INFO - utils.trainer -   Precision: 1.00000
05/06/2026 22:28:18 - INFO - utils.trainer -   Recall: 0.03750
05/06/2026 22:28:18 - INFO - utils.trainer -   F_score: 0.07229
05/06/2026 22:28:18 - INFO - utils.trainer -   Specificity: 1.00000
05/06/2026 22:28:18 - INFO - utils.trainer -   Sensitivity: 0.03750
05/06/2026 22:28:18 - INFO - utils.trainer -   Loss: 84.95145
05/06/2026 22:28:18 - INFO - utils.trainer -    Train loss: 0.18074, Test loss: 84.95145,Epoch time = 2.309s
05/06/2026 22:28:20 - INFO - utils.trainer -   ***** Running evaluation on test2 dataset *****
05/06/2026 22:28:21 - INFO - utils.trainer -   AUC: 0.94375
05/06/2026 22:28:21 - INFO - utils.trainer -   Accuracy: 0.95133
05/06/2026 22:28:21 - INFO - utils.trainer -   Precision: 1.00000
05/06/2026 22:28:21 - INFO - utils.trainer -   Recall: 0.86250
05/06/2026 22:28:21 - INFO - utils.trainer -   F_score: 0.92617
05/06/2026 22:28:21 - INFO - utils.trainer -   Specificity: 1.00000
05/06/2026 22:28:21 - INFO - utils.trainer -   Sensitivity: 0.86250
05/06/2026 22:28:21 - INFO - utils.trainer -   Loss: 7.45913
05/06/2026 22:28:21 - INFO - utils.trainer -    Train loss: 0.32269, Test loss: 7.45913,Epoch time = 2.104s
05/06/2026 22:28:23 - INFO - utils.trainer -   ***** Running evaluation on test2 dataset *****
05/06/2026 22:28:24 - INFO - utils.trainer -   AUC: 0.68836
05/06/2026 22:28:24 - INFO - utils.trainer -   Accuracy: 0.59292
05/06/2026 22:28:24 - INFO - utils.trainer -   Precision: 0.46512
05/06/2026 22:28:24 - INFO - utils.trainer -   Recall: 1.00000
05/06/2026 22:28:24 - INFO - utils.trainer -   F_score: 0.63492
05/06/2026 22:28:24 - INFO - utils.trainer -   Specificity: 0.36986
05/06/2026 22:28:24 - INFO - utils.trainer -   Sensitivity: 1.00000
05/06/2026 22:28:24 - INFO - utils.trainer -   Loss: 34.79194
05/06/2026 22:28:24 - INFO - utils.trainer -    Train loss: 0.05913, Test loss: 34.79194,Epoch time = 1.955s
05/06/2026 22:28:27 - INFO - utils.trainer -   ***** Running evaluation on test2 dataset *****
05/06/2026 22:28:28 - INFO - utils.trainer -   AUC: 0.79375
05/06/2026 22:28:28 - INFO - utils.trainer -   Accuracy: 0.80531
05/06/2026 22:28:28 - INFO - utils.trainer -   Precision: 1.00000
05/06/2026 22:28:28 - INFO - utils.trainer -   Recall: 0.45000
05/06/2026 22:28:28 - INFO - utils.trainer -   F_score: 0.62069
05/06/2026 22:28:28 - INFO - utils.trainer -   Specificity: 1.00000
05/06/2026 22:28:28 - INFO - utils.trainer -   Sensitivity: 0.45000
05/06/2026 22:28:28 - INFO - utils.trainer -   Loss: 32.45580
05/06/2026 22:28:28 - INFO - utils.trainer -    Train loss: 0.06351, Test loss: 32.45580,Epoch time = 2.354s
05/06/2026 22:28:30 - INFO - utils.trainer -   ***** Running evaluation on test2 dataset *****
05/06/2026 22:28:31 - INFO - utils.trainer -   AUC: 0.96918
05/06/2026 22:28:31 - INFO - utils.trainer -   Accuracy: 0.94690
05/06/2026 22:28:31 - INFO - utils.trainer -   Precision: 0.86957
05/06/2026 22:28:31 - INFO - utils.trainer -   Recall: 1.00000
05/06/2026 22:28:31 - INFO - utils.trainer -   F_score: 0.93023
05/06/2026 22:28:31 - INFO - utils.trainer -   Specificity: 0.91781
05/06/2026 22:28:31 - INFO - utils.trainer -   Sensitivity: 1.00000
05/06/2026 22:28:31 - INFO - utils.trainer -   Loss: 1.56146
05/06/2026 22:28:31 - INFO - utils.trainer -    Train loss: 0.24194, Test loss: 1.56146,Epoch time = 1.964s
05/06/2026 22:28:33 - INFO - utils.trainer -   ***** Running evaluation on test2 dataset *****
05/06/2026 22:28:34 - INFO - utils.trainer -   AUC: 0.98288
05/06/2026 22:28:34 - INFO - utils.trainer -   Accuracy: 0.96018
05/06/2026 22:28:34 - INFO - utils.trainer -   Precision: 0.89888
05/06/2026 22:28:34 - INFO - utils.trainer -   Recall: 1.00000
05/06/2026 22:28:34 - INFO - utils.trainer -   F_score: 0.94675
05/06/2026 22:28:34 - INFO - utils.trainer -   Specificity: 0.93836
05/06/2026 22:28:34 - INFO - utils.trainer -   Sensitivity: 1.00000
05/06/2026 22:28:34 - INFO - utils.trainer -   Loss: 0.72014
05/06/2026 22:28:34 - INFO - utils.trainer -    Train loss: 0.00385, Test loss: 0.72014,Epoch time = 1.982s
05/06/2026 22:28:36 - INFO - utils.trainer -   ***** Running evaluation on test2 dataset *****
05/06/2026 22:28:37 - INFO - utils.trainer -   AUC: 0.70000
05/06/2026 22:28:37 - INFO - utils.trainer -   Accuracy: 0.73894
05/06/2026 22:28:37 - INFO - utils.trainer -   Precision: 1.00000
05/06/2026 22:28:37 - INFO - utils.trainer -   Recall: 0.26250
05/06/2026 22:28:37 - INFO - utils.trainer -   F_score: 0.41584
05/06/2026 22:28:37 - INFO - utils.trainer -   Specificity: 1.00000
05/06/2026 22:28:37 - INFO - utils.trainer -   Sensitivity: 0.26250
05/06/2026 22:28:37 - INFO - utils.trainer -   Loss: 70.15701
05/06/2026 22:28:37 - INFO - utils.trainer -    Train loss: 0.09373, Test loss: 70.15701,Epoch time = 2.163s
05/06/2026 22:28:39 - INFO - utils.trainer -   ***** Running evaluation on test2 dataset *****
05/06/2026 22:28:41 - INFO - utils.trainer -   AUC: 0.81875
05/06/2026 22:28:41 - INFO - utils.trainer -   Accuracy: 0.80973
05/06/2026 22:28:41 - INFO - utils.trainer -   Precision: 1.00000
05/06/2026 22:28:41 - INFO - utils.trainer -   Recall: 0.46250
05/06/2026 22:28:41 - INFO - utils.trainer -   F_score: 0.63248
05/06/2026 22:28:41 - INFO - utils.trainer -   Specificity: 1.00000
05/06/2026 22:28:41 - INFO - utils.trainer -   Sensitivity: 0.46250
05/06/2026 22:28:41 - INFO - utils.trainer -   Loss: 35.54778
05/06/2026 22:28:41 - INFO - utils.trainer -    Train loss: 0.05024, Test loss: 35.54778,Epoch time = 2.005s
05/06/2026 22:28:43 - INFO - utils.trainer -   ***** Running evaluation on test2 dataset *****
05/06/2026 22:28:44 - INFO - utils.trainer -   AUC: 0.68151
05/06/2026 22:28:44 - INFO - utils.trainer -   Accuracy: 0.57080
05/06/2026 22:28:44 - INFO - utils.trainer -   Precision: 0.45198
05/06/2026 22:28:44 - INFO - utils.trainer -   Recall: 1.00000
05/06/2026 22:28:44 - INFO - utils.trainer -   F_score: 0.62257
05/06/2026 22:28:44 - INFO - utils.trainer -   Specificity: 0.33562
05/06/2026 22:28:44 - INFO - utils.trainer -   Sensitivity: 1.00000
05/06/2026 22:28:44 - INFO - utils.trainer -   Loss: 44.80375
05/06/2026 22:28:44 - INFO - utils.trainer -    Train loss: 0.01837, Test loss: 44.80375,Epoch time = 2.158s
05/06/2026 22:28:46 - INFO - utils.trainer -   ***** Running evaluation on test2 dataset *****
05/06/2026 22:28:47 - INFO - utils.trainer -   AUC: 1.00000
05/06/2026 22:28:47 - INFO - utils.trainer -   Accuracy: 0.99115
05/06/2026 22:28:47 - INFO - utils.trainer -   Precision: 0.97561
05/06/2026 22:28:47 - INFO - utils.trainer -   Recall: 1.00000
05/06/2026 22:28:47 - INFO - utils.trainer -   F_score: 0.98765
05/06/2026 22:28:47 - INFO - utils.trainer -   Specificity: 0.98630
05/06/2026 22:28:47 - INFO - utils.trainer -   Sensitivity: 1.00000
05/06/2026 22:28:47 - INFO - utils.trainer -   Loss: 0.11115
05/06/2026 22:28:47 - INFO - utils.trainer -    Train loss: 0.00018, Test loss: 0.11115,Epoch time = 2.376s
05/06/2026 22:28:47 - INFO - utils.trainer -   Saving model checkpoint to output_dir/DeepConvNet
05/06/2026 22:28:50 - INFO - utils.trainer -   ***** Running evaluation on test2 dataset *****
05/06/2026 22:28:51 - INFO - utils.trainer -   AUC: 0.92500
05/06/2026 22:28:51 - INFO - utils.trainer -   Accuracy: 0.88938
05/06/2026 22:28:51 - INFO - utils.trainer -   Precision: 1.00000
05/06/2026 22:28:51 - INFO - utils.trainer -   Recall: 0.68750
05/06/2026 22:28:51 - INFO - utils.trainer -   F_score: 0.81481
05/06/2026 22:28:51 - INFO - utils.trainer -   Specificity: 1.00000
05/06/2026 22:28:51 - INFO - utils.trainer -   Sensitivity: 0.68750
05/06/2026 22:28:51 - INFO - utils.trainer -   Loss: 13.78366
05/06/2026 22:28:51 - INFO - utils.trainer -    Train loss: 0.04968, Test loss: 13.78366,Epoch time = 2.590s
05/06/2026 22:28:53 - INFO - utils.trainer -   ***** Running evaluation on test2 dataset *****
05/06/2026 22:28:54 - INFO - utils.trainer -   AUC: 0.96875
05/06/2026 22:28:54 - INFO - utils.trainer -   Accuracy: 0.96018
05/06/2026 22:28:54 - INFO - utils.trainer -   Precision: 1.00000
05/06/2026 22:28:54 - INFO - utils.trainer -   Recall: 0.88750
05/06/2026 22:28:54 - INFO - utils.trainer -   F_score: 0.94040
05/06/2026 22:28:54 - INFO - utils.trainer -   Specificity: 1.00000
05/06/2026 22:28:54 - INFO - utils.trainer -   Sensitivity: 0.88750
05/06/2026 22:28:54 - INFO - utils.trainer -   Loss: 4.98607
05/06/2026 22:28:54 - INFO - utils.trainer -    Train loss: 0.03643, Test loss: 4.98607,Epoch time = 1.803s
05/06/2026 22:28:56 - INFO - utils.trainer -   ***** Running evaluation on test2 dataset *****
05/06/2026 22:28:57 - INFO - utils.trainer -   AUC: 0.99966
05/06/2026 22:28:57 - INFO - utils.trainer -   Accuracy: 0.98230
05/06/2026 22:28:57 - INFO - utils.trainer -   Precision: 1.00000
05/06/2026 22:28:57 - INFO - utils.trainer -   Recall: 0.95000
05/06/2026 22:28:57 - INFO - utils.trainer -   F_score: 0.97436
05/06/2026 22:28:57 - INFO - utils.trainer -   Specificity: 1.00000
05/06/2026 22:28:57 - INFO - utils.trainer -   Sensitivity: 0.95000
05/06/2026 22:28:57 - INFO - utils.trainer -   Loss: 0.40338
05/06/2026 22:28:57 - INFO - utils.trainer -    Train loss: 0.05212, Test loss: 0.40338,Epoch time = 2.089s
05/06/2026 22:28:59 - INFO - utils.trainer -   ***** Running evaluation on test2 dataset *****
05/06/2026 22:29:00 - INFO - utils.trainer -   AUC: 1.00000
05/06/2026 22:29:00 - INFO - utils.trainer -   Accuracy: 0.97788
05/06/2026 22:29:00 - INFO - utils.trainer -   Precision: 1.00000
05/06/2026 22:29:00 - INFO - utils.trainer -   Recall: 0.93750
05/06/2026 22:29:00 - INFO - utils.trainer -   F_score: 0.96774
05/06/2026 22:29:00 - INFO - utils.trainer -   Specificity: 1.00000
05/06/2026 22:29:00 - INFO - utils.trainer -   Sensitivity: 0.93750
05/06/2026 22:29:00 - INFO - utils.trainer -   Loss: 0.16978
05/06/2026 22:29:00 - INFO - utils.trainer -    Train loss: 0.07123, Test loss: 0.16978,Epoch time = 1.871s
05/06/2026 22:29:02 - INFO - utils.trainer -   ***** Running evaluation on test2 dataset *****
05/06/2026 22:29:04 - INFO - utils.trainer -   AUC: 1.00000
05/06/2026 22:29:04 - INFO - utils.trainer -   Accuracy: 0.99115
05/06/2026 22:29:04 - INFO - utils.trainer -   Precision: 0.97561
05/06/2026 22:29:04 - INFO - utils.trainer -   Recall: 1.00000
05/06/2026 22:29:04 - INFO - utils.trainer -   F_score: 0.98765
05/06/2026 22:29:04 - INFO - utils.trainer -   Specificity: 0.98630
05/06/2026 22:29:04 - INFO - utils.trainer -   Sensitivity: 1.00000
05/06/2026 22:29:04 - INFO - utils.trainer -   Loss: 0.05873
05/06/2026 22:29:04 - INFO - utils.trainer -    Train loss: 0.00819, Test loss: 0.05873,Epoch time = 2.015s
05/06/2026 22:29:04 - INFO - utils.trainer -   Saving model checkpoint to output_dir/DeepConvNet
05/06/2026 22:29:06 - INFO - utils.trainer -   ***** Running evaluation on test2 dataset *****
05/06/2026 22:29:07 - INFO - utils.trainer -   AUC: 0.96250
05/06/2026 22:29:07 - INFO - utils.trainer -   Accuracy: 0.94248
05/06/2026 22:29:07 - INFO - utils.trainer -   Precision: 1.00000
05/06/2026 22:29:07 - INFO - utils.trainer -   Recall: 0.83750
05/06/2026 22:29:07 - INFO - utils.trainer -   F_score: 0.91156
05/06/2026 22:29:07 - INFO - utils.trainer -   Specificity: 1.00000
05/06/2026 22:29:07 - INFO - utils.trainer -   Sensitivity: 0.83750
05/06/2026 22:29:07 - INFO - utils.trainer -   Loss: 5.03754
05/06/2026 22:29:07 - INFO - utils.trainer -    Train loss: 0.08209, Test loss: 5.03754,Epoch time = 2.280s
05/06/2026 22:29:09 - INFO - utils.trainer -   ***** Running evaluation on test2 dataset *****
05/06/2026 22:29:10 - INFO - utils.trainer -   AUC: 1.00000
05/06/2026 22:29:10 - INFO - utils.trainer -   Accuracy: 1.00000
05/06/2026 22:29:10 - INFO - utils.trainer -   Precision: 1.00000
05/06/2026 22:29:10 - INFO - utils.trainer -   Recall: 1.00000
05/06/2026 22:29:10 - INFO - utils.trainer -   F_score: 1.00000
05/06/2026 22:29:10 - INFO - utils.trainer -   Specificity: 1.00000
05/06/2026 22:29:10 - INFO - utils.trainer -   Sensitivity: 1.00000
05/06/2026 22:29:10 - INFO - utils.trainer -   Loss: 0.00003
05/06/2026 22:29:10 - INFO - utils.trainer -    Train loss: 0.00000, Test loss: 0.00003,Epoch time = 1.476s
05/06/2026 22:29:10 - INFO - utils.trainer -   Saving model checkpoint to output_dir/DeepConvNet
05/06/2026 22:29:12 - INFO - utils.trainer -   ***** Running evaluation on test2 dataset *****
05/06/2026 22:29:13 - INFO - utils.trainer -   AUC: 0.50000
05/06/2026 22:29:13 - INFO - utils.trainer -   Accuracy: 0.35398
05/06/2026 22:29:13 - INFO - utils.trainer -   Precision: 0.35398
05/06/2026 22:29:13 - INFO - utils.trainer -   Recall: 1.00000
05/06/2026 22:29:13 - INFO - utils.trainer -   F_score: 0.52288
05/06/2026 22:29:13 - INFO - utils.trainer -   Specificity: 0.00000
05/06/2026 22:29:13 - INFO - utils.trainer -   Sensitivity: 1.00000
05/06/2026 22:29:13 - INFO - utils.trainer -   Loss: 433.24792
05/06/2026 22:29:13 - INFO - utils.trainer -    Train loss: 0.05063, Test loss: 433.24792,Epoch time = 2.298s
05/06/2026 22:29:16 - INFO - utils.trainer -   ***** Running evaluation on test2 dataset *****
05/06/2026 22:29:17 - INFO - utils.trainer -   AUC: 0.51712
05/06/2026 22:29:17 - INFO - utils.trainer -   Accuracy: 0.37611
05/06/2026 22:29:17 - INFO - utils.trainer -   Precision: 0.36199
05/06/2026 22:29:17 - INFO - utils.trainer -   Recall: 1.00000
05/06/2026 22:29:17 - INFO - utils.trainer -   F_score: 0.53156
05/06/2026 22:29:17 - INFO - utils.trainer -   Specificity: 0.03425
05/06/2026 22:29:17 - INFO - utils.trainer -   Sensitivity: 1.00000
05/06/2026 22:29:17 - INFO - utils.trainer -   Loss: 223.76080
05/06/2026 22:29:17 - INFO - utils.trainer -    Train loss: 0.15154, Test loss: 223.76080,Epoch time = 2.136s
05/06/2026 22:29:19 - INFO - utils.trainer -   ***** Running evaluation on test2 dataset *****
05/06/2026 22:29:20 - INFO - utils.trainer -   AUC: 0.84932
05/06/2026 22:29:20 - INFO - utils.trainer -   Accuracy: 0.74336
05/06/2026 22:29:20 - INFO - utils.trainer -   Precision: 0.57971
05/06/2026 22:29:20 - INFO - utils.trainer -   Recall: 1.00000
05/06/2026 22:29:20 - INFO - utils.trainer -   F_score: 0.73394
05/06/2026 22:29:20 - INFO - utils.trainer -   Specificity: 0.60274
05/06/2026 22:29:20 - INFO - utils.trainer -   Sensitivity: 1.00000
05/06/2026 22:29:20 - INFO - utils.trainer -   Loss: 11.82694
05/06/2026 22:29:20 - INFO - utils.trainer -    Train loss: 0.16963, Test loss: 11.82694,Epoch time = 1.722s
05/06/2026 22:29:22 - INFO - utils.trainer -   ***** Running evaluation on test2 dataset *****
05/06/2026 22:29:23 - INFO - utils.trainer -   AUC: 0.91618
05/06/2026 22:29:23 - INFO - utils.trainer -   Accuracy: 0.81858
05/06/2026 22:29:23 - INFO - utils.trainer -   Precision: 0.66116
05/06/2026 22:29:23 - INFO - utils.trainer -   Recall: 1.00000
05/06/2026 22:29:23 - INFO - utils.trainer -   F_score: 0.79602
05/06/2026 22:29:23 - INFO - utils.trainer -   Specificity: 0.71918
05/06/2026 22:29:23 - INFO - utils.trainer -   Sensitivity: 1.00000
05/06/2026 22:29:23 - INFO - utils.trainer -   Loss: 5.17772
05/06/2026 22:29:23 - INFO - utils.trainer -    Train loss: 0.19532, Test loss: 5.17772,Epoch time = 1.921s
05/06/2026 22:29:25 - INFO - utils.trainer -   ***** Running evaluation on test2 dataset *****
05/06/2026 22:29:26 - INFO - utils.trainer -   AUC: 0.89375
05/06/2026 22:29:26 - INFO - utils.trainer -   Accuracy: 0.84956
05/06/2026 22:29:26 - INFO - utils.trainer -   Precision: 1.00000
05/06/2026 22:29:26 - INFO - utils.trainer -   Recall: 0.57500
05/06/2026 22:29:26 - INFO - utils.trainer -   F_score: 0.73016
05/06/2026 22:29:26 - INFO - utils.trainer -   Specificity: 1.00000
05/06/2026 22:29:26 - INFO - utils.trainer -   Sensitivity: 0.57500
05/06/2026 22:29:26 - INFO - utils.trainer -   Loss: 17.95753
05/06/2026 22:29:26 - INFO - utils.trainer -    Train loss: 0.13122, Test loss: 17.95753,Epoch time = 2.289s
05/06/2026 22:29:29 - INFO - utils.trainer -   ***** Running evaluation on test2 dataset *****
05/06/2026 22:29:30 - INFO - utils.trainer -   AUC: 0.97500
05/06/2026 22:29:30 - INFO - utils.trainer -   Accuracy: 0.96018
05/06/2026 22:29:30 - INFO - utils.trainer -   Precision: 1.00000
05/06/2026 22:29:30 - INFO - utils.trainer -   Recall: 0.88750
05/06/2026 22:29:30 - INFO - utils.trainer -   F_score: 0.94040
05/06/2026 22:29:30 - INFO - utils.trainer -   Specificity: 1.00000
05/06/2026 22:29:30 - INFO - utils.trainer -   Sensitivity: 0.88750
05/06/2026 22:29:30 - INFO - utils.trainer -   Loss: 4.17079
05/06/2026 22:29:30 - INFO - utils.trainer -    Train loss: 0.11741, Test loss: 4.17079,Epoch time = 2.155s
05/06/2026 22:29:31 - INFO - utils.trainer -   ***** Running evaluation on test2 dataset *****
05/06/2026 22:29:33 - INFO - utils.trainer -   AUC: 0.99315
05/06/2026 22:29:33 - INFO - utils.trainer -   Accuracy: 0.98673
05/06/2026 22:29:33 - INFO - utils.trainer -   Precision: 0.96386
05/06/2026 22:29:33 - INFO - utils.trainer -   Recall: 1.00000
05/06/2026 22:29:33 - INFO - utils.trainer -   F_score: 0.98160
05/06/2026 22:29:33 - INFO - utils.trainer -   Specificity: 0.97945
05/06/2026 22:29:33 - INFO - utils.trainer -   Sensitivity: 1.00000
05/06/2026 22:29:33 - INFO - utils.trainer -   Loss: 0.21235
05/06/2026 22:29:33 - INFO - utils.trainer -    Train loss: 0.00000, Test loss: 0.21235,Epoch time = 1.963s
05/06/2026 22:29:35 - INFO - utils.trainer -   ***** Running evaluation on test2 dataset *****
05/06/2026 22:29:36 - INFO - utils.trainer -   AUC: 0.98630
05/06/2026 22:29:36 - INFO - utils.trainer -   Accuracy: 0.94248
05/06/2026 22:29:36 - INFO - utils.trainer -   Precision: 0.86022
05/06/2026 22:29:36 - INFO - utils.trainer -   Recall: 1.00000
05/06/2026 22:29:36 - INFO - utils.trainer -   F_score: 0.92486
05/06/2026 22:29:36 - INFO - utils.trainer -   Specificity: 0.91096
05/06/2026 22:29:36 - INFO - utils.trainer -   Sensitivity: 1.00000
05/06/2026 22:29:36 - INFO - utils.trainer -   Loss: 0.85140
05/06/2026 22:29:36 - INFO - utils.trainer -    Train loss: 0.00001, Test loss: 0.85140,Epoch time = 2.009s
05/06/2026 22:29:38 - INFO - utils.trainer -   ***** Running evaluation on test2 dataset *****
05/06/2026 22:29:39 - INFO - utils.trainer -   AUC: 0.52397
05/06/2026 22:29:39 - INFO - utils.trainer -   Accuracy: 0.37611
05/06/2026 22:29:39 - INFO - utils.trainer -   Precision: 0.36199
05/06/2026 22:29:39 - INFO - utils.trainer -   Recall: 1.00000
05/06/2026 22:29:39 - INFO - utils.trainer -   F_score: 0.53156
05/06/2026 22:29:39 - INFO - utils.trainer -   Specificity: 0.03425
05/06/2026 22:29:39 - INFO - utils.trainer -   Sensitivity: 1.00000
05/06/2026 22:29:39 - INFO - utils.trainer -   Loss: 254.81218
05/06/2026 22:29:39 - INFO - utils.trainer -    Train loss: 0.00460, Test loss: 254.81218,Epoch time = 1.836s
05/06/2026 22:29:41 - INFO - utils.trainer -   ***** Running evaluation on test2 dataset *****
05/06/2026 22:29:42 - INFO - utils.trainer -   AUC: 0.99983
05/06/2026 22:29:42 - INFO - utils.trainer -   Accuracy: 0.98673
05/06/2026 22:29:42 - INFO - utils.trainer -   Precision: 1.00000
05/06/2026 22:29:42 - INFO - utils.trainer -   Recall: 0.96250
05/06/2026 22:29:42 - INFO - utils.trainer -   F_score: 0.98089
05/06/2026 22:29:42 - INFO - utils.trainer -   Specificity: 1.00000
05/06/2026 22:29:42 - INFO - utils.trainer -   Sensitivity: 0.96250
05/06/2026 22:29:42 - INFO - utils.trainer -   Loss: 0.30459
05/06/2026 22:29:42 - INFO - utils.trainer -    Train loss: 0.00869, Test loss: 0.30459,Epoch time = 2.136s
05/06/2026 22:29:45 - INFO - utils.trainer -   ***** Running evaluation on test2 dataset *****
05/06/2026 22:29:46 - INFO - utils.trainer -   AUC: 0.99315
05/06/2026 22:29:46 - INFO - utils.trainer -   Accuracy: 0.99115
05/06/2026 22:29:46 - INFO - utils.trainer -   Precision: 0.97561
05/06/2026 22:29:46 - INFO - utils.trainer -   Recall: 1.00000
05/06/2026 22:29:46 - INFO - utils.trainer -   F_score: 0.98765
05/06/2026 22:29:46 - INFO - utils.trainer -   Specificity: 0.98630
05/06/2026 22:29:46 - INFO - utils.trainer -   Sensitivity: 1.00000
05/06/2026 22:29:46 - INFO - utils.trainer -   Loss: 0.18194
05/06/2026 22:29:46 - INFO - utils.trainer -    Train loss: 0.00013, Test loss: 0.18194,Epoch time = 2.109s
05/06/2026 22:29:48 - INFO - utils.trainer -   ***** Running evaluation on test2 dataset *****
05/06/2026 22:29:49 - INFO - utils.trainer -   AUC: 0.99315
05/06/2026 22:29:49 - INFO - utils.trainer -   Accuracy: 0.95575
05/06/2026 22:29:49 - INFO - utils.trainer -   Precision: 0.88889
05/06/2026 22:29:49 - INFO - utils.trainer -   Recall: 1.00000
05/06/2026 22:29:49 - INFO - utils.trainer -   F_score: 0.94118
05/06/2026 22:29:49 - INFO - utils.trainer -   Specificity: 0.93151
05/06/2026 22:29:49 - INFO - utils.trainer -   Sensitivity: 1.00000
05/06/2026 22:29:49 - INFO - utils.trainer -   Loss: 0.57585
05/06/2026 22:29:49 - INFO - utils.trainer -    Train loss: 0.00001, Test loss: 0.57585,Epoch time = 1.750s
05/06/2026 22:29:51 - INFO - utils.trainer -   ***** Running evaluation on test2 dataset *****
05/06/2026 22:29:52 - INFO - utils.trainer -   AUC: 0.99315
05/06/2026 22:29:52 - INFO - utils.trainer -   Accuracy: 0.96018
05/06/2026 22:29:52 - INFO - utils.trainer -   Precision: 0.89888
05/06/2026 22:29:52 - INFO - utils.trainer -   Recall: 1.00000
05/06/2026 22:29:52 - INFO - utils.trainer -   F_score: 0.94675
05/06/2026 22:29:52 - INFO - utils.trainer -   Specificity: 0.93836
05/06/2026 22:29:52 - INFO - utils.trainer -   Sensitivity: 1.00000
05/06/2026 22:29:52 - INFO - utils.trainer -   Loss: 0.47240
05/06/2026 22:29:52 - INFO - utils.trainer -    Train loss: 0.00000, Test loss: 0.47240,Epoch time = 2.276s
05/06/2026 22:29:54 - INFO - utils.trainer -   ***** Running evaluation on test2 dataset *****
05/06/2026 22:29:56 - INFO - utils.trainer -   AUC: 0.90411
05/06/2026 22:29:56 - INFO - utils.trainer -   Accuracy: 0.82743
05/06/2026 22:29:56 - INFO - utils.trainer -   Precision: 0.67227
05/06/2026 22:29:56 - INFO - utils.trainer -   Recall: 1.00000
05/06/2026 22:29:56 - INFO - utils.trainer -   F_score: 0.80402
05/06/2026 22:29:56 - INFO - utils.trainer -   Specificity: 0.73288
05/06/2026 22:29:56 - INFO - utils.trainer -   Sensitivity: 1.00000
05/06/2026 22:29:56 - INFO - utils.trainer -   Loss: 5.76001
05/06/2026 22:29:56 - INFO - utils.trainer -    Train loss: 0.00307, Test loss: 5.76001,Epoch time = 2.148s
05/06/2026 22:29:58 - INFO - utils.trainer -   ***** Running evaluation on test2 dataset *****
05/06/2026 22:29:59 - INFO - utils.trainer -   AUC: 0.97603
05/06/2026 22:29:59 - INFO - utils.trainer -   Accuracy: 0.93363
05/06/2026 22:29:59 - INFO - utils.trainer -   Precision: 0.84211
05/06/2026 22:29:59 - INFO - utils.trainer -   Recall: 1.00000
05/06/2026 22:29:59 - INFO - utils.trainer -   F_score: 0.91429
05/06/2026 22:29:59 - INFO - utils.trainer -   Specificity: 0.89726
05/06/2026 22:29:59 - INFO - utils.trainer -   Sensitivity: 1.00000
05/06/2026 22:29:59 - INFO - utils.trainer -   Loss: 1.03486
05/06/2026 22:29:59 - INFO - utils.trainer -    Train loss: 0.00001, Test loss: 1.03486,Epoch time = 1.916s
05/06/2026 22:30:00 - INFO - utils.trainer -   ***** Running evaluation on test2 dataset *****
05/06/2026 22:30:02 - INFO - utils.trainer -   AUC: 0.97603
05/06/2026 22:30:02 - INFO - utils.trainer -   Accuracy: 0.93805
05/06/2026 22:30:02 - INFO - utils.trainer -   Precision: 0.85106
05/06/2026 22:30:02 - INFO - utils.trainer -   Recall: 1.00000
05/06/2026 22:30:02 - INFO - utils.trainer -   F_score: 0.91954
05/06/2026 22:30:02 - INFO - utils.trainer -   Specificity: 0.90411
05/06/2026 22:30:02 - INFO - utils.trainer -   Sensitivity: 1.00000
05/06/2026 22:30:02 - INFO - utils.trainer -   Loss: 0.98241
05/06/2026 22:30:02 - INFO - utils.trainer -    Train loss: 0.00000, Test loss: 0.98241,Epoch time = 1.654s
05/06/2026 22:30:04 - INFO - utils.trainer -   ***** Running evaluation on test2 dataset *****
05/06/2026 22:30:05 - INFO - utils.trainer -   AUC: 0.69863
05/06/2026 22:30:05 - INFO - utils.trainer -   Accuracy: 0.57965
05/06/2026 22:30:05 - INFO - utils.trainer -   Precision: 0.45714
05/06/2026 22:30:05 - INFO - utils.trainer -   Recall: 1.00000
05/06/2026 22:30:05 - INFO - utils.trainer -   F_score: 0.62745
05/06/2026 22:30:05 - INFO - utils.trainer -   Specificity: 0.34932
05/06/2026 22:30:05 - INFO - utils.trainer -   Sensitivity: 1.00000
05/06/2026 22:30:05 - INFO - utils.trainer -   Loss: 54.50419
05/06/2026 22:30:05 - INFO - utils.trainer -    Train loss: 0.01688, Test loss: 54.50419,Epoch time = 2.132s
05/06/2026 22:30:07 - INFO - utils.trainer -   ***** Running evaluation on test2 dataset *****
05/06/2026 22:30:08 - INFO - utils.trainer -   AUC: 0.83125
05/06/2026 22:30:08 - INFO - utils.trainer -   Accuracy: 0.80531
05/06/2026 22:30:08 - INFO - utils.trainer -   Precision: 1.00000
05/06/2026 22:30:08 - INFO - utils.trainer -   Recall: 0.45000
05/06/2026 22:30:08 - INFO - utils.trainer -   F_score: 0.62069
05/06/2026 22:30:08 - INFO - utils.trainer -   Specificity: 1.00000
05/06/2026 22:30:08 - INFO - utils.trainer -   Sensitivity: 0.45000
05/06/2026 22:30:08 - INFO - utils.trainer -   Loss: 29.48814
05/06/2026 22:30:08 - INFO - utils.trainer -    Train loss: 0.34065, Test loss: 29.48814,Epoch time = 1.692s
05/06/2026 22:30:10 - INFO - utils.trainer -   ***** Running evaluation on test2 dataset *****
05/06/2026 22:30:11 - INFO - utils.trainer -   AUC: 0.82534
05/06/2026 22:30:11 - INFO - utils.trainer -   Accuracy: 0.74779
05/06/2026 22:30:11 - INFO - utils.trainer -   Precision: 0.58394
05/06/2026 22:30:11 - INFO - utils.trainer -   Recall: 1.00000
05/06/2026 22:30:11 - INFO - utils.trainer -   F_score: 0.73733
05/06/2026 22:30:11 - INFO - utils.trainer -   Specificity: 0.60959
05/06/2026 22:30:11 - INFO - utils.trainer -   Sensitivity: 1.00000
05/06/2026 22:30:11 - INFO - utils.trainer -   Loss: 11.84204
05/06/2026 22:30:11 - INFO - utils.trainer -    Train loss: 0.08386, Test loss: 11.84204,Epoch time = 2.050s
05/06/2026 22:30:13 - INFO - utils.trainer -   ***** Running evaluation on test2 dataset *****
05/06/2026 22:30:14 - INFO - utils.trainer -   AUC: 0.99636
05/06/2026 22:30:14 - INFO - utils.trainer -   Accuracy: 0.99115
05/06/2026 22:30:14 - INFO - utils.trainer -   Precision: 0.98750
05/06/2026 22:30:14 - INFO - utils.trainer -   Recall: 0.98750
05/06/2026 22:30:14 - INFO - utils.trainer -   F_score: 0.98750
05/06/2026 22:30:14 - INFO - utils.trainer -   Specificity: 0.99315
05/06/2026 22:30:14 - INFO - utils.trainer -   Sensitivity: 0.98750
05/06/2026 22:30:14 - INFO - utils.trainer -   Loss: 0.36802
05/06/2026 22:30:14 - INFO - utils.trainer -    Train loss: 0.36758, Test loss: 0.36802,Epoch time = 2.276s
05/06/2026 22:30:16 - INFO - utils.trainer -   ***** Running evaluation on test2 dataset *****
05/06/2026 22:30:18 - INFO - utils.trainer -   AUC: 0.66096
05/06/2026 22:30:18 - INFO - utils.trainer -   Accuracy: 0.54867
05/06/2026 22:30:18 - INFO - utils.trainer -   Precision: 0.43956
05/06/2026 22:30:18 - INFO - utils.trainer -   Recall: 1.00000
05/06/2026 22:30:18 - INFO - utils.trainer -   F_score: 0.61069
05/06/2026 22:30:18 - INFO - utils.trainer -   Specificity: 0.30137
05/06/2026 22:30:18 - INFO - utils.trainer -   Sensitivity: 1.00000
05/06/2026 22:30:18 - INFO - utils.trainer -   Loss: 91.48173
05/06/2026 22:30:18 - INFO - utils.trainer -    Train loss: 0.06722, Test loss: 91.48173,Epoch time = 2.062s
05/06/2026 22:30:20 - INFO - utils.trainer -   ***** Running evaluation on test2 dataset *****
05/06/2026 22:30:21 - INFO - utils.trainer -   AUC: 0.99966
05/06/2026 22:30:21 - INFO - utils.trainer -   Accuracy: 0.98230
05/06/2026 22:30:21 - INFO - utils.trainer -   Precision: 1.00000
05/06/2026 22:30:21 - INFO - utils.trainer -   Recall: 0.95000
05/06/2026 22:30:21 - INFO - utils.trainer -   F_score: 0.97436
05/06/2026 22:30:21 - INFO - utils.trainer -   Specificity: 1.00000
05/06/2026 22:30:21 - INFO - utils.trainer -   Sensitivity: 0.95000
05/06/2026 22:30:21 - INFO - utils.trainer -   Loss: 0.72858
05/06/2026 22:30:21 - INFO - utils.trainer -    Train loss: 0.06882, Test loss: 0.72858,Epoch time = 1.846s
05/06/2026 22:30:23 - INFO - utils.trainer -   ***** Running evaluation on test2 dataset *****
05/06/2026 22:30:24 - INFO - utils.trainer -   AUC: 0.78767
05/06/2026 22:30:24 - INFO - utils.trainer -   Accuracy: 0.69912
05/06/2026 22:30:24 - INFO - utils.trainer -   Precision: 0.54054
05/06/2026 22:30:24 - INFO - utils.trainer -   Recall: 1.00000
05/06/2026 22:30:24 - INFO - utils.trainer -   F_score: 0.70175
05/06/2026 22:30:24 - INFO - utils.trainer -   Specificity: 0.53425
05/06/2026 22:30:24 - INFO - utils.trainer -   Sensitivity: 1.00000
05/06/2026 22:30:24 - INFO - utils.trainer -   Loss: 19.83808
05/06/2026 22:30:24 - INFO - utils.trainer -    Train loss: 0.00108, Test loss: 19.83808,Epoch time = 1.992s
05/06/2026 22:30:26 - INFO - utils.trainer -   ***** Running evaluation on test2 dataset *****
05/06/2026 22:30:27 - INFO - utils.trainer -   AUC: 0.96233
05/06/2026 22:30:27 - INFO - utils.trainer -   Accuracy: 0.93363
05/06/2026 22:30:27 - INFO - utils.trainer -   Precision: 0.84211
05/06/2026 22:30:27 - INFO - utils.trainer -   Recall: 1.00000
05/06/2026 22:30:27 - INFO - utils.trainer -   F_score: 0.91429
05/06/2026 22:30:27 - INFO - utils.trainer -   Specificity: 0.89726
05/06/2026 22:30:27 - INFO - utils.trainer -   Sensitivity: 1.00000
05/06/2026 22:30:27 - INFO - utils.trainer -   Loss: 2.67141
05/06/2026 22:30:27 - INFO - utils.trainer -    Train loss: 0.00000, Test loss: 2.67141,Epoch time = 2.230s
05/06/2026 22:30:29 - INFO - utils.trainer -   ***** Running evaluation on test2 dataset *****
05/06/2026 22:30:30 - INFO - utils.trainer -   AUC: 0.96918
05/06/2026 22:30:30 - INFO - utils.trainer -   Accuracy: 0.92920
05/06/2026 22:30:30 - INFO - utils.trainer -   Precision: 0.83333
05/06/2026 22:30:30 - INFO - utils.trainer -   Recall: 1.00000
05/06/2026 22:30:30 - INFO - utils.trainer -   F_score: 0.90909
05/06/2026 22:30:30 - INFO - utils.trainer -   Specificity: 0.89041
05/06/2026 22:30:30 - INFO - utils.trainer -   Sensitivity: 1.00000
05/06/2026 22:30:30 - INFO - utils.trainer -   Loss: 2.53735
05/06/2026 22:30:30 - INFO - utils.trainer -    Train loss: 0.00000, Test loss: 2.53735,Epoch time = 1.997s
05/06/2026 22:30:33 - INFO - utils.trainer -   ***** Running evaluation on test2 dataset *****
05/06/2026 22:30:34 - INFO - utils.trainer -   AUC: 0.97260
05/06/2026 22:30:34 - INFO - utils.trainer -   Accuracy: 0.94690
05/06/2026 22:30:34 - INFO - utils.trainer -   Precision: 0.86957
05/06/2026 22:30:34 - INFO - utils.trainer -   Recall: 1.00000
05/06/2026 22:30:34 - INFO - utils.trainer -   F_score: 0.93023
05/06/2026 22:30:34 - INFO - utils.trainer -   Specificity: 0.91781
05/06/2026 22:30:34 - INFO - utils.trainer -   Sensitivity: 1.00000
05/06/2026 22:30:34 - INFO - utils.trainer -   Loss: 2.13914
05/06/2026 22:30:34 - INFO - utils.trainer -    Train loss: 0.00000, Test loss: 2.13914,Epoch time = 2.233s
05/06/2026 22:30:36 - INFO - utils.trainer -   ***** Running evaluation on test2 dataset *****
05/06/2026 22:30:37 - INFO - utils.trainer -   AUC: 0.97945
05/06/2026 22:30:37 - INFO - utils.trainer -   Accuracy: 0.96018
05/06/2026 22:30:37 - INFO - utils.trainer -   Precision: 0.89888
05/06/2026 22:30:37 - INFO - utils.trainer -   Recall: 1.00000
05/06/2026 22:30:37 - INFO - utils.trainer -   F_score: 0.94675
05/06/2026 22:30:37 - INFO - utils.trainer -   Specificity: 0.93836
05/06/2026 22:30:37 - INFO - utils.trainer -   Sensitivity: 1.00000
05/06/2026 22:30:37 - INFO - utils.trainer -   Loss: 1.43562
05/06/2026 22:30:37 - INFO - utils.trainer -    Train loss: 0.11430, Test loss: 1.43562,Epoch time = 2.009s
05/06/2026 22:30:40 - INFO - utils.trainer -   ***** Running evaluation on test2 dataset *****
05/06/2026 22:30:41 - INFO - utils.trainer -   AUC: 0.61875
05/06/2026 22:30:41 - INFO - utils.trainer -   Accuracy: 0.66372
05/06/2026 22:30:41 - INFO - utils.trainer -   Precision: 1.00000
05/06/2026 22:30:41 - INFO - utils.trainer -   Recall: 0.05000
05/06/2026 22:30:41 - INFO - utils.trainer -   F_score: 0.09524
05/06/2026 22:30:41 - INFO - utils.trainer -   Specificity: 1.00000
05/06/2026 22:30:41 - INFO - utils.trainer -   Sensitivity: 0.05000
05/06/2026 22:30:41 - INFO - utils.trainer -   Loss: 78.01598
05/06/2026 22:30:41 - INFO - utils.trainer -    Train loss: 0.16620, Test loss: 78.01598,Epoch time = 2.347s
05/06/2026 22:30:43 - INFO - utils.trainer -   ***** Running evaluation on test2 dataset *****
05/06/2026 22:30:44 - INFO - utils.trainer -   AUC: 0.97945
05/06/2026 22:30:44 - INFO - utils.trainer -   Accuracy: 0.96460
05/06/2026 22:30:44 - INFO - utils.trainer -   Precision: 0.90909
05/06/2026 22:30:44 - INFO - utils.trainer -   Recall: 1.00000
05/06/2026 22:30:44 - INFO - utils.trainer -   F_score: 0.95238
05/06/2026 22:30:44 - INFO - utils.trainer -   Specificity: 0.94521
05/06/2026 22:30:44 - INFO - utils.trainer -   Sensitivity: 1.00000
05/06/2026 22:30:44 - INFO - utils.trainer -   Loss: 0.85531
05/06/2026 22:30:44 - INFO - utils.trainer -    Train loss: 0.12275, Test loss: 0.85531,Epoch time = 1.825s
05/06/2026 22:30:46 - INFO - utils.trainer -   ***** Running evaluation on test2 dataset *****
05/06/2026 22:30:47 - INFO - utils.trainer -   AUC: 0.68151
05/06/2026 22:30:47 - INFO - utils.trainer -   Accuracy: 0.57965
05/06/2026 22:30:47 - INFO - utils.trainer -   Precision: 0.45714
05/06/2026 22:30:47 - INFO - utils.trainer -   Recall: 1.00000
05/06/2026 22:30:47 - INFO - utils.trainer -   F_score: 0.62745
05/06/2026 22:30:47 - INFO - utils.trainer -   Specificity: 0.34932
05/06/2026 22:30:47 - INFO - utils.trainer -   Sensitivity: 1.00000
05/06/2026 22:30:47 - INFO - utils.trainer -   Loss: 59.59812
05/06/2026 22:30:47 - INFO - utils.trainer -    Train loss: 0.04050, Test loss: 59.59812,Epoch time = 1.666s
05/06/2026 22:30:49 - INFO - utils.trainer -   ***** Running evaluation on test2 dataset *****
05/06/2026 22:30:50 - INFO - utils.trainer -   AUC: 0.50000
05/06/2026 22:30:50 - INFO - utils.trainer -   Accuracy: 0.35398
05/06/2026 22:30:50 - INFO - utils.trainer -   Precision: 0.35398
05/06/2026 22:30:50 - INFO - utils.trainer -   Recall: 1.00000
05/06/2026 22:30:50 - INFO - utils.trainer -   F_score: 0.52288
05/06/2026 22:30:50 - INFO - utils.trainer -   Specificity: 0.00000
05/06/2026 22:30:50 - INFO - utils.trainer -   Sensitivity: 1.00000
05/06/2026 22:30:50 - INFO - utils.trainer -   Loss: 727.62850
05/06/2026 22:30:50 - INFO - utils.trainer -    Train loss: 0.23905, Test loss: 727.62850,Epoch time = 2.424s
05/06/2026 22:30:53 - INFO - utils.trainer -   ***** Running evaluation on test2 dataset *****
05/06/2026 22:30:54 - INFO - utils.trainer -   AUC: 0.72260
05/06/2026 22:30:54 - INFO - utils.trainer -   Accuracy: 0.61504
05/06/2026 22:30:54 - INFO - utils.trainer -   Precision: 0.47904
05/06/2026 22:30:54 - INFO - utils.trainer -   Recall: 1.00000
05/06/2026 22:30:54 - INFO - utils.trainer -   F_score: 0.64777
05/06/2026 22:30:54 - INFO - utils.trainer -   Specificity: 0.40411
05/06/2026 22:30:54 - INFO - utils.trainer -   Sensitivity: 1.00000
05/06/2026 22:30:54 - INFO - utils.trainer -   Loss: 42.70218
05/06/2026 22:30:54 - INFO - utils.trainer -    Train loss: 0.00115, Test loss: 42.70218,Epoch time = 2.177s
05/06/2026 22:30:56 - INFO - utils.trainer -   ***** Running evaluation on test2 dataset *****
05/06/2026 22:30:57 - INFO - utils.trainer -   AUC: 0.67808
05/06/2026 22:30:57 - INFO - utils.trainer -   Accuracy: 0.55752
05/06/2026 22:30:57 - INFO - utils.trainer -   Precision: 0.44444
05/06/2026 22:30:57 - INFO - utils.trainer -   Recall: 1.00000
05/06/2026 22:30:57 - INFO - utils.trainer -   F_score: 0.61538
05/06/2026 22:30:57 - INFO - utils.trainer -   Specificity: 0.31507
05/06/2026 22:30:57 - INFO - utils.trainer -   Sensitivity: 1.00000
05/06/2026 22:30:57 - INFO - utils.trainer -   Loss: 50.02843
05/06/2026 22:30:57 - INFO - utils.trainer -    Train loss: 0.14869, Test loss: 50.02843,Epoch time = 1.726s
05/06/2026 22:30:59 - INFO - utils.trainer -   ***** Running evaluation on test2 dataset *****
05/06/2026 22:31:00 - INFO - utils.trainer -   AUC: 0.99991
05/06/2026 22:31:00 - INFO - utils.trainer -   Accuracy: 0.96903
05/06/2026 22:31:00 - INFO - utils.trainer -   Precision: 1.00000
05/06/2026 22:31:00 - INFO - utils.trainer -   Recall: 0.91250
05/06/2026 22:31:00 - INFO - utils.trainer -   F_score: 0.95425
05/06/2026 22:31:00 - INFO - utils.trainer -   Specificity: 1.00000
05/06/2026 22:31:00 - INFO - utils.trainer -   Sensitivity: 0.91250
05/06/2026 22:31:00 - INFO - utils.trainer -   Loss: 1.34586
05/06/2026 22:31:00 - INFO - utils.trainer -    Train loss: 0.05270, Test loss: 1.34586,Epoch time = 1.755s
05/06/2026 22:31:03 - INFO - utils.trainer -   ***** Running evaluation on test2 dataset *****
05/06/2026 22:31:04 - INFO - utils.trainer -   AUC: 0.99315
05/06/2026 22:31:04 - INFO - utils.trainer -   Accuracy: 0.98673
05/06/2026 22:31:04 - INFO - utils.trainer -   Precision: 0.96386
05/06/2026 22:31:04 - INFO - utils.trainer -   Recall: 1.00000
05/06/2026 22:31:04 - INFO - utils.trainer -   F_score: 0.98160
05/06/2026 22:31:04 - INFO - utils.trainer -   Specificity: 0.97945
05/06/2026 22:31:04 - INFO - utils.trainer -   Sensitivity: 1.00000
05/06/2026 22:31:04 - INFO - utils.trainer -   Loss: 0.25246
05/06/2026 22:31:04 - INFO - utils.trainer -    Train loss: 0.00000, Test loss: 0.25246,Epoch time = 2.303s
05/06/2026 22:31:06 - INFO - utils.trainer -   ***** Running evaluation on test2 dataset *****
05/06/2026 22:31:07 - INFO - utils.trainer -   AUC: 0.99315
05/06/2026 22:31:07 - INFO - utils.trainer -   Accuracy: 0.98673
05/06/2026 22:31:07 - INFO - utils.trainer -   Precision: 0.96386
05/06/2026 22:31:07 - INFO - utils.trainer -   Recall: 1.00000
05/06/2026 22:31:07 - INFO - utils.trainer -   F_score: 0.98160
05/06/2026 22:31:07 - INFO - utils.trainer -   Specificity: 0.97945
05/06/2026 22:31:07 - INFO - utils.trainer -   Sensitivity: 1.00000
05/06/2026 22:31:07 - INFO - utils.trainer -   Loss: 0.30071
05/06/2026 22:31:07 - INFO - utils.trainer -    Train loss: 0.00274, Test loss: 0.30071,Epoch time = 2.326s
05/06/2026 22:31:09 - INFO - utils.trainer -   ***** Running evaluation on test2 dataset *****
05/06/2026 22:31:11 - INFO - utils.trainer -   AUC: 0.97945
05/06/2026 22:31:11 - INFO - utils.trainer -   Accuracy: 0.95133
05/06/2026 22:31:11 - INFO - utils.trainer -   Precision: 0.87912
05/06/2026 22:31:11 - INFO - utils.trainer -   Recall: 1.00000
05/06/2026 22:31:11 - INFO - utils.trainer -   F_score: 0.93567
05/06/2026 22:31:11 - INFO - utils.trainer -   Specificity: 0.92466
05/06/2026 22:31:11 - INFO - utils.trainer -   Sensitivity: 1.00000
05/06/2026 22:31:11 - INFO - utils.trainer -   Loss: 1.25119
05/06/2026 22:31:11 - INFO - utils.trainer -    Train loss: 0.00000, Test loss: 1.25119,Epoch time = 1.921s
05/06/2026 22:31:13 - INFO - utils.trainer -   ***** Running evaluation on test2 dataset *****
05/06/2026 22:31:14 - INFO - utils.trainer -   AUC: 0.50000
05/06/2026 22:31:14 - INFO - utils.trainer -   Accuracy: 0.35398
05/06/2026 22:31:14 - INFO - utils.trainer -   Precision: 0.35398
05/06/2026 22:31:14 - INFO - utils.trainer -   Recall: 1.00000
05/06/2026 22:31:14 - INFO - utils.trainer -   F_score: 0.52288
05/06/2026 22:31:14 - INFO - utils.trainer -   Specificity: 0.00000
05/06/2026 22:31:14 - INFO - utils.trainer -   Sensitivity: 1.00000
05/06/2026 22:31:14 - INFO - utils.trainer -   Loss: 475.25304
05/06/2026 22:31:14 - INFO - utils.trainer -    Train loss: 0.11585, Test loss: 475.25304,Epoch time = 2.101s
05/06/2026 22:31:16 - INFO - utils.trainer -   ***** Running evaluation on test2 dataset *****
05/06/2026 22:31:17 - INFO - utils.trainer -   AUC: 0.59247
05/06/2026 22:31:17 - INFO - utils.trainer -   Accuracy: 0.46903
05/06/2026 22:31:17 - INFO - utils.trainer -   Precision: 0.40000
05/06/2026 22:31:17 - INFO - utils.trainer -   Recall: 1.00000
05/06/2026 22:31:17 - INFO - utils.trainer -   F_score: 0.57143
05/06/2026 22:31:17 - INFO - utils.trainer -   Specificity: 0.17808
05/06/2026 22:31:17 - INFO - utils.trainer -   Sensitivity: 1.00000
05/06/2026 22:31:17 - INFO - utils.trainer -   Loss: 193.71108
05/06/2026 22:31:17 - INFO - utils.trainer -    Train loss: 0.08307, Test loss: 193.71108,Epoch time = 1.891s
05/06/2026 22:31:19 - INFO - utils.trainer -   ***** Running evaluation on test2 dataset *****
05/06/2026 22:31:20 - INFO - utils.trainer -   AUC: 0.94178
05/06/2026 22:31:20 - INFO - utils.trainer -   Accuracy: 0.88938
05/06/2026 22:31:20 - INFO - utils.trainer -   Precision: 0.76190
05/06/2026 22:31:20 - INFO - utils.trainer -   Recall: 1.00000
05/06/2026 22:31:20 - INFO - utils.trainer -   F_score: 0.86486
05/06/2026 22:31:20 - INFO - utils.trainer -   Specificity: 0.82877
05/06/2026 22:31:20 - INFO - utils.trainer -   Sensitivity: 1.00000
05/06/2026 22:31:20 - INFO - utils.trainer -   Loss: 5.04119
05/06/2026 22:31:20 - INFO - utils.trainer -    Train loss: 0.09173, Test loss: 5.04119,Epoch time = 2.105s
05/06/2026 22:31:22 - INFO - utils.trainer -   ***** Running evaluation on test2 dataset *****
05/06/2026 22:31:23 - INFO - utils.trainer -   AUC: 0.73973
05/06/2026 22:31:23 - INFO - utils.trainer -   Accuracy: 0.65044
05/06/2026 22:31:23 - INFO - utils.trainer -   Precision: 0.50314
05/06/2026 22:31:23 - INFO - utils.trainer -   Recall: 1.00000
05/06/2026 22:31:23 - INFO - utils.trainer -   F_score: 0.66946
05/06/2026 22:31:23 - INFO - utils.trainer -   Specificity: 0.45890
05/06/2026 22:31:23 - INFO - utils.trainer -   Sensitivity: 1.00000
05/06/2026 22:31:23 - INFO - utils.trainer -   Loss: 35.31611
05/06/2026 22:31:23 - INFO - utils.trainer -    Train loss: 0.10344, Test loss: 35.31611,Epoch time = 1.967s
05/06/2026 22:31:25 - INFO - utils.trainer -   ***** Running evaluation on test2 dataset *****
05/06/2026 22:31:26 - INFO - utils.trainer -   AUC: 0.96575
05/06/2026 22:31:26 - INFO - utils.trainer -   Accuracy: 0.95133
05/06/2026 22:31:26 - INFO - utils.trainer -   Precision: 0.87912
05/06/2026 22:31:26 - INFO - utils.trainer -   Recall: 1.00000
05/06/2026 22:31:26 - INFO - utils.trainer -   F_score: 0.93567
05/06/2026 22:31:26 - INFO - utils.trainer -   Specificity: 0.92466
05/06/2026 22:31:26 - INFO - utils.trainer -   Sensitivity: 1.00000
05/06/2026 22:31:26 - INFO - utils.trainer -   Loss: 1.62051
05/06/2026 22:31:26 - INFO - utils.trainer -    Train loss: 0.00000, Test loss: 1.62051,Epoch time = 1.811s
05/06/2026 22:31:29 - INFO - utils.trainer -   ***** Running evaluation on test2 dataset *****
05/06/2026 22:31:30 - INFO - utils.trainer -   AUC: 0.97603
05/06/2026 22:31:30 - INFO - utils.trainer -   Accuracy: 0.95133
05/06/2026 22:31:30 - INFO - utils.trainer -   Precision: 0.87912
05/06/2026 22:31:30 - INFO - utils.trainer -   Recall: 1.00000
05/06/2026 22:31:30 - INFO - utils.trainer -   F_score: 0.93567
05/06/2026 22:31:30 - INFO - utils.trainer -   Specificity: 0.92466
05/06/2026 22:31:30 - INFO - utils.trainer -   Sensitivity: 1.00000
05/06/2026 22:31:30 - INFO - utils.trainer -   Loss: 1.02422
05/06/2026 22:31:30 - INFO - utils.trainer -    Train loss: 0.00000, Test loss: 1.02422,Epoch time = 2.316s
05/06/2026 22:31:32 - INFO - utils.trainer -   ***** Running evaluation on test2 dataset *****
05/06/2026 22:31:33 - INFO - utils.trainer -   AUC: 1.00000
05/06/2026 22:31:33 - INFO - utils.trainer -   Accuracy: 0.98230
05/06/2026 22:31:33 - INFO - utils.trainer -   Precision: 1.00000
05/06/2026 22:31:33 - INFO - utils.trainer -   Recall: 0.95000
05/06/2026 22:31:33 - INFO - utils.trainer -   F_score: 0.97436
05/06/2026 22:31:33 - INFO - utils.trainer -   Specificity: 1.00000
05/06/2026 22:31:33 - INFO - utils.trainer -   Sensitivity: 0.95000
05/06/2026 22:31:33 - INFO - utils.trainer -   Loss: 1.17008
05/06/2026 22:31:33 - INFO - utils.trainer -    Train loss: 0.00353, Test loss: 1.17008,Epoch time = 2.022s
05/06/2026 22:31:35 - INFO - utils.trainer -   ***** Running evaluation on test2 dataset *****
05/06/2026 22:31:36 - INFO - utils.trainer -   AUC: 0.98630
05/06/2026 22:31:36 - INFO - utils.trainer -   Accuracy: 0.97345
05/06/2026 22:31:36 - INFO - utils.trainer -   Precision: 0.93023
05/06/2026 22:31:36 - INFO - utils.trainer -   Recall: 1.00000
05/06/2026 22:31:36 - INFO - utils.trainer -   F_score: 0.96386
05/06/2026 22:31:36 - INFO - utils.trainer -   Specificity: 0.95890
05/06/2026 22:31:36 - INFO - utils.trainer -   Sensitivity: 1.00000
05/06/2026 22:31:36 - INFO - utils.trainer -   Loss: 0.67165
05/06/2026 22:31:36 - INFO - utils.trainer -    Train loss: 0.00000, Test loss: 0.67165,Epoch time = 1.785s
05/06/2026 22:31:38 - INFO - utils.trainer -   ***** Running evaluation on test2 dataset *****
05/06/2026 22:31:39 - INFO - utils.trainer -   AUC: 0.97945
05/06/2026 22:31:39 - INFO - utils.trainer -   Accuracy: 0.96018
05/06/2026 22:31:39 - INFO - utils.trainer -   Precision: 0.89888
05/06/2026 22:31:39 - INFO - utils.trainer -   Recall: 1.00000
05/06/2026 22:31:39 - INFO - utils.trainer -   F_score: 0.94675
05/06/2026 22:31:39 - INFO - utils.trainer -   Specificity: 0.93836
05/06/2026 22:31:39 - INFO - utils.trainer -   Sensitivity: 1.00000
05/06/2026 22:31:39 - INFO - utils.trainer -   Loss: 1.36725
05/06/2026 22:31:39 - INFO - utils.trainer -    Train loss: 0.00000, Test loss: 1.36725,Epoch time = 1.866s
05/06/2026 22:31:41 - INFO - utils.trainer -   ***** Running evaluation on test2 dataset *****
05/06/2026 22:31:42 - INFO - utils.trainer -   AUC: 0.97945
05/06/2026 22:31:42 - INFO - utils.trainer -   Accuracy: 0.96460
05/06/2026 22:31:42 - INFO - utils.trainer -   Precision: 0.90909
05/06/2026 22:31:42 - INFO - utils.trainer -   Recall: 1.00000
05/06/2026 22:31:42 - INFO - utils.trainer -   F_score: 0.95238
05/06/2026 22:31:42 - INFO - utils.trainer -   Specificity: 0.94521
05/06/2026 22:31:42 - INFO - utils.trainer -   Sensitivity: 1.00000
05/06/2026 22:31:42 - INFO - utils.trainer -   Loss: 1.03570
05/06/2026 22:31:42 - INFO - utils.trainer -    Train loss: 0.00000, Test loss: 1.03570,Epoch time = 2.406s
05/06/2026 22:31:44 - INFO - utils.trainer -   ***** Running evaluation on test2 dataset *****
05/06/2026 22:31:45 - INFO - utils.trainer -   AUC: 0.97603
05/06/2026 22:31:45 - INFO - utils.trainer -   Accuracy: 0.96018
05/06/2026 22:31:45 - INFO - utils.trainer -   Precision: 0.89888
05/06/2026 22:31:45 - INFO - utils.trainer -   Recall: 1.00000
05/06/2026 22:31:45 - INFO - utils.trainer -   F_score: 0.94675
05/06/2026 22:31:45 - INFO - utils.trainer -   Specificity: 0.93836
05/06/2026 22:31:45 - INFO - utils.trainer -   Sensitivity: 1.00000
05/06/2026 22:31:45 - INFO - utils.trainer -   Loss: 1.35364
05/06/2026 22:31:45 - INFO - utils.trainer -    Train loss: 0.00000, Test loss: 1.35364,Epoch time = 1.699s
05/06/2026 22:31:47 - INFO - utils.trainer -   ***** Running evaluation on test2 dataset *****
05/06/2026 22:31:49 - INFO - utils.trainer -   AUC: 1.00000
05/06/2026 22:31:49 - INFO - utils.trainer -   Accuracy: 0.98230
05/06/2026 22:31:49 - INFO - utils.trainer -   Precision: 1.00000
05/06/2026 22:31:49 - INFO - utils.trainer -   Recall: 0.95000
05/06/2026 22:31:49 - INFO - utils.trainer -   F_score: 0.97436
05/06/2026 22:31:49 - INFO - utils.trainer -   Specificity: 1.00000
05/06/2026 22:31:49 - INFO - utils.trainer -   Sensitivity: 0.95000
05/06/2026 22:31:49 - INFO - utils.trainer -   Loss: 0.83391
05/06/2026 22:31:49 - INFO - utils.trainer -    Train loss: 0.03848, Test loss: 0.83391,Epoch time = 2.213s
05/06/2026 22:31:51 - INFO - utils.trainer -   ***** Running evaluation on test2 dataset *****
05/06/2026 22:31:52 - INFO - utils.trainer -   AUC: 0.86644
05/06/2026 22:31:52 - INFO - utils.trainer -   Accuracy: 0.76991
05/06/2026 22:31:52 - INFO - utils.trainer -   Precision: 0.60606
05/06/2026 22:31:52 - INFO - utils.trainer -   Recall: 1.00000
05/06/2026 22:31:52 - INFO - utils.trainer -   F_score: 0.75472
05/06/2026 22:31:52 - INFO - utils.trainer -   Specificity: 0.64384
05/06/2026 22:31:52 - INFO - utils.trainer -   Sensitivity: 1.00000
05/06/2026 22:31:52 - INFO - utils.trainer -   Loss: 11.18718
05/06/2026 22:31:52 - INFO - utils.trainer -    Train loss: 0.00629, Test loss: 11.18718,Epoch time = 1.909s
05/06/2026 22:31:54 - INFO - utils.trainer -   ***** Running evaluation on test2 dataset *****
05/06/2026 22:31:56 - INFO - utils.trainer -   AUC: 0.93151
05/06/2026 22:31:56 - INFO - utils.trainer -   Accuracy: 0.88938
05/06/2026 22:31:56 - INFO - utils.trainer -   Precision: 0.76190
05/06/2026 22:31:56 - INFO - utils.trainer -   Recall: 1.00000
05/06/2026 22:31:56 - INFO - utils.trainer -   F_score: 0.86486
05/06/2026 22:31:56 - INFO - utils.trainer -   Specificity: 0.82877
05/06/2026 22:31:56 - INFO - utils.trainer -   Sensitivity: 1.00000
05/06/2026 22:31:56 - INFO - utils.trainer -   Loss: 5.07078
05/06/2026 22:31:56 - INFO - utils.trainer -    Train loss: 0.00000, Test loss: 5.07078,Epoch time = 2.206s
05/06/2026 22:31:58 - INFO - utils.trainer -   ***** Running evaluation on test2 dataset *****
05/06/2026 22:31:59 - INFO - utils.trainer -   AUC: 0.97603
05/06/2026 22:31:59 - INFO - utils.trainer -   Accuracy: 0.94690
05/06/2026 22:31:59 - INFO - utils.trainer -   Precision: 0.86957
05/06/2026 22:31:59 - INFO - utils.trainer -   Recall: 1.00000
05/06/2026 22:31:59 - INFO - utils.trainer -   F_score: 0.93023
05/06/2026 22:31:59 - INFO - utils.trainer -   Specificity: 0.91781
05/06/2026 22:31:59 - INFO - utils.trainer -   Sensitivity: 1.00000
05/06/2026 22:31:59 - INFO - utils.trainer -   Loss: 1.24601
05/06/2026 22:31:59 - INFO - utils.trainer -    Train loss: 0.01648, Test loss: 1.24601,Epoch time = 2.623s
05/06/2026 22:32:01 - INFO - utils.trainer -   ***** Running evaluation on test2 dataset *****
05/06/2026 22:32:03 - INFO - utils.trainer -   AUC: 1.00000
05/06/2026 22:32:03 - INFO - utils.trainer -   Accuracy: 0.99558
05/06/2026 22:32:03 - INFO - utils.trainer -   Precision: 0.98765
05/06/2026 22:32:03 - INFO - utils.trainer -   Recall: 1.00000
05/06/2026 22:32:03 - INFO - utils.trainer -   F_score: 0.99379
05/06/2026 22:32:03 - INFO - utils.trainer -   Specificity: 0.99315
05/06/2026 22:32:03 - INFO - utils.trainer -   Sensitivity: 1.00000
05/06/2026 22:32:03 - INFO - utils.trainer -   Loss: 0.05799
05/06/2026 22:32:03 - INFO - utils.trainer -    Train loss: 0.00000, Test loss: 0.05799,Epoch time = 1.711s
05/06/2026 22:32:04 - INFO - utils.trainer -   ***** Running evaluation on test2 dataset *****
05/06/2026 22:32:05 - INFO - utils.trainer -   AUC: 0.97603
05/06/2026 22:32:05 - INFO - utils.trainer -   Accuracy: 0.95575
05/06/2026 22:32:05 - INFO - utils.trainer -   Precision: 0.88889
05/06/2026 22:32:05 - INFO - utils.trainer -   Recall: 1.00000
05/06/2026 22:32:05 - INFO - utils.trainer -   F_score: 0.94118
05/06/2026 22:32:05 - INFO - utils.trainer -   Specificity: 0.93151
05/06/2026 22:32:05 - INFO - utils.trainer -   Sensitivity: 1.00000
05/06/2026 22:32:05 - INFO - utils.trainer -   Loss: 1.70872
05/06/2026 22:32:05 - INFO - utils.trainer -    Train loss: 0.00000, Test loss: 1.70872,Epoch time = 1.810s
05/06/2026 22:32:08 - INFO - utils.trainer -   ***** Running evaluation on test2 dataset *****
05/06/2026 22:32:09 - INFO - utils.trainer -   AUC: 0.96918
05/06/2026 22:32:09 - INFO - utils.trainer -   Accuracy: 0.93805
05/06/2026 22:32:09 - INFO - utils.trainer -   Precision: 0.85106
05/06/2026 22:32:09 - INFO - utils.trainer -   Recall: 1.00000
05/06/2026 22:32:09 - INFO - utils.trainer -   F_score: 0.91954
05/06/2026 22:32:09 - INFO - utils.trainer -   Specificity: 0.90411
05/06/2026 22:32:09 - INFO - utils.trainer -   Sensitivity: 1.00000
05/06/2026 22:32:09 - INFO - utils.trainer -   Loss: 2.01055
05/06/2026 22:32:09 - INFO - utils.trainer -    Train loss: 0.00000, Test loss: 2.01055,Epoch time = 2.123s
05/06/2026 22:32:11 - INFO - utils.trainer -   ***** Running evaluation on test2 dataset *****
05/06/2026 22:32:12 - INFO - utils.trainer -   AUC: 0.97260
05/06/2026 22:32:12 - INFO - utils.trainer -   Accuracy: 0.95133
05/06/2026 22:32:12 - INFO - utils.trainer -   Precision: 0.87912
05/06/2026 22:32:12 - INFO - utils.trainer -   Recall: 1.00000
05/06/2026 22:32:12 - INFO - utils.trainer -   F_score: 0.93567
05/06/2026 22:32:12 - INFO - utils.trainer -   Specificity: 0.92466
05/06/2026 22:32:12 - INFO - utils.trainer -   Sensitivity: 1.00000
05/06/2026 22:32:12 - INFO - utils.trainer -   Loss: 1.87058
05/06/2026 22:32:12 - INFO - utils.trainer -    Train loss: 0.00000, Test loss: 1.87058,Epoch time = 2.184s
05/06/2026 22:32:14 - INFO - utils.trainer -   ***** Running evaluation on test2 dataset *****
05/06/2026 22:32:16 - INFO - utils.trainer -   AUC: 0.96918
05/06/2026 22:32:16 - INFO - utils.trainer -   Accuracy: 0.94248
05/06/2026 22:32:16 - INFO - utils.trainer -   Precision: 0.86022
05/06/2026 22:32:16 - INFO - utils.trainer -   Recall: 1.00000
05/06/2026 22:32:16 - INFO - utils.trainer -   F_score: 0.92486
05/06/2026 22:32:16 - INFO - utils.trainer -   Specificity: 0.91096
05/06/2026 22:32:16 - INFO - utils.trainer -   Sensitivity: 1.00000
05/06/2026 22:32:16 - INFO - utils.trainer -   Loss: 2.17431
05/06/2026 22:32:16 - INFO - utils.trainer -    Train loss: 0.00000, Test loss: 2.17431,Epoch time = 2.116s
05/06/2026 22:32:18 - INFO - utils.trainer -   ***** Running evaluation on test2 dataset *****
05/06/2026 22:32:19 - INFO - utils.trainer -   AUC: 0.97603
05/06/2026 22:32:19 - INFO - utils.trainer -   Accuracy: 0.96018
05/06/2026 22:32:19 - INFO - utils.trainer -   Precision: 0.89888
05/06/2026 22:32:19 - INFO - utils.trainer -   Recall: 1.00000
05/06/2026 22:32:19 - INFO - utils.trainer -   F_score: 0.94675
05/06/2026 22:32:19 - INFO - utils.trainer -   Specificity: 0.93836
05/06/2026 22:32:19 - INFO - utils.trainer -   Sensitivity: 1.00000
05/06/2026 22:32:19 - INFO - utils.trainer -   Loss: 1.31412
05/06/2026 22:32:19 - INFO - utils.trainer -    Train loss: 0.00000, Test loss: 1.31412,Epoch time = 2.105s
05/06/2026 22:32:21 - INFO - utils.trainer -   ***** Running evaluation on test2 dataset *****
05/06/2026 22:32:22 - INFO - utils.trainer -   AUC: 0.97260
05/06/2026 22:32:22 - INFO - utils.trainer -   Accuracy: 0.96018
05/06/2026 22:32:22 - INFO - utils.trainer -   Precision: 0.89888
05/06/2026 22:32:22 - INFO - utils.trainer -   Recall: 1.00000
05/06/2026 22:32:22 - INFO - utils.trainer -   F_score: 0.94675
05/06/2026 22:32:22 - INFO - utils.trainer -   Specificity: 0.93836
05/06/2026 22:32:22 - INFO - utils.trainer -   Sensitivity: 1.00000
05/06/2026 22:32:22 - INFO - utils.trainer -   Loss: 1.45721
05/06/2026 22:32:22 - INFO - utils.trainer -    Train loss: 0.00000, Test loss: 1.45721,Epoch time = 2.376s
05/06/2026 22:32:24 - INFO - utils.trainer -   ***** Running evaluation on test2 dataset *****
05/06/2026 22:32:25 - INFO - utils.trainer -   AUC: 0.96575
05/06/2026 22:32:25 - INFO - utils.trainer -   Accuracy: 0.92920
05/06/2026 22:32:25 - INFO - utils.trainer -   Precision: 0.83333
05/06/2026 22:32:25 - INFO - utils.trainer -   Recall: 1.00000
05/06/2026 22:32:25 - INFO - utils.trainer -   F_score: 0.90909
05/06/2026 22:32:25 - INFO - utils.trainer -   Specificity: 0.89041
05/06/2026 22:32:25 - INFO - utils.trainer -   Sensitivity: 1.00000
05/06/2026 22:32:25 - INFO - utils.trainer -   Loss: 2.27055
05/06/2026 22:32:25 - INFO - utils.trainer -    Train loss: 0.00000, Test loss: 2.27055,Epoch time = 1.785s
05/06/2026 22:32:27 - INFO - utils.trainer -   ***** Running evaluation on test2 dataset *****
05/06/2026 22:32:29 - INFO - utils.trainer -   AUC: 0.97260
05/06/2026 22:32:29 - INFO - utils.trainer -   Accuracy: 0.94690
05/06/2026 22:32:29 - INFO - utils.trainer -   Precision: 0.86957
05/06/2026 22:32:29 - INFO - utils.trainer -   Recall: 1.00000
05/06/2026 22:32:29 - INFO - utils.trainer -   F_score: 0.93023
05/06/2026 22:32:29 - INFO - utils.trainer -   Specificity: 0.91781
05/06/2026 22:32:29 - INFO - utils.trainer -   Sensitivity: 1.00000
05/06/2026 22:32:29 - INFO - utils.trainer -   Loss: 1.99342
05/06/2026 22:32:29 - INFO - utils.trainer -    Train loss: 0.00000, Test loss: 1.99342,Epoch time = 1.994s
05/06/2026 22:32:31 - INFO - utils.trainer -   ***** Running evaluation on test2 dataset *****
05/06/2026 22:32:32 - INFO - utils.trainer -   AUC: 0.97260
05/06/2026 22:32:32 - INFO - utils.trainer -   Accuracy: 0.95575
05/06/2026 22:32:32 - INFO - utils.trainer -   Precision: 0.88889
05/06/2026 22:32:32 - INFO - utils.trainer -   Recall: 1.00000
05/06/2026 22:32:32 - INFO - utils.trainer -   F_score: 0.94118
05/06/2026 22:32:32 - INFO - utils.trainer -   Specificity: 0.93151
05/06/2026 22:32:32 - INFO - utils.trainer -   Sensitivity: 1.00000
05/06/2026 22:32:32 - INFO - utils.trainer -   Loss: 1.66098
05/06/2026 22:32:32 - INFO - utils.trainer -    Train loss: 0.00000, Test loss: 1.66098,Epoch time = 2.190s
05/06/2026 22:32:34 - INFO - utils.trainer -   ***** Running evaluation on test2 dataset *****
05/06/2026 22:32:35 - INFO - utils.trainer -   AUC: 0.97260
05/06/2026 22:32:35 - INFO - utils.trainer -   Accuracy: 0.95133
05/06/2026 22:32:35 - INFO - utils.trainer -   Precision: 0.87912
05/06/2026 22:32:35 - INFO - utils.trainer -   Recall: 1.00000
05/06/2026 22:32:35 - INFO - utils.trainer -   F_score: 0.93567
05/06/2026 22:32:35 - INFO - utils.trainer -   Specificity: 0.92466
05/06/2026 22:32:35 - INFO - utils.trainer -   Sensitivity: 1.00000
05/06/2026 22:32:35 - INFO - utils.trainer -   Loss: 1.83562
05/06/2026 22:32:35 - INFO - utils.trainer -    Train loss: 0.00000, Test loss: 1.83562,Epoch time = 1.785s
05/06/2026 22:32:37 - INFO - utils.trainer -   ***** Running evaluation on test2 dataset *****
05/06/2026 22:32:38 - INFO - utils.trainer -   AUC: 0.97603
05/06/2026 22:32:38 - INFO - utils.trainer -   Accuracy: 0.96018
05/06/2026 22:32:38 - INFO - utils.trainer -   Precision: 0.89888
05/06/2026 22:32:38 - INFO - utils.trainer -   Recall: 1.00000
05/06/2026 22:32:38 - INFO - utils.trainer -   F_score: 0.94675
05/06/2026 22:32:38 - INFO - utils.trainer -   Specificity: 0.93836
05/06/2026 22:32:38 - INFO - utils.trainer -   Sensitivity: 1.00000
05/06/2026 22:32:38 - INFO - utils.trainer -   Loss: 1.50344
05/06/2026 22:32:38 - INFO - utils.trainer -    Train loss: 0.00000, Test loss: 1.50344,Epoch time = 1.878s
05/06/2026 22:32:40 - INFO - utils.trainer -   ***** Running evaluation on test2 dataset *****
05/06/2026 22:32:41 - INFO - utils.trainer -   AUC: 0.97260
05/06/2026 22:32:41 - INFO - utils.trainer -   Accuracy: 0.94690
05/06/2026 22:32:41 - INFO - utils.trainer -   Precision: 0.86957
05/06/2026 22:32:41 - INFO - utils.trainer -   Recall: 1.00000
05/06/2026 22:32:41 - INFO - utils.trainer -   F_score: 0.93023
05/06/2026 22:32:41 - INFO - utils.trainer -   Specificity: 0.91781
05/06/2026 22:32:41 - INFO - utils.trainer -   Sensitivity: 1.00000
05/06/2026 22:32:41 - INFO - utils.trainer -   Loss: 1.93745
05/06/2026 22:32:41 - INFO - utils.trainer -    Train loss: 0.00000, Test loss: 1.93745,Epoch time = 2.190s
05/06/2026 22:32:44 - INFO - utils.trainer -   ***** Running evaluation on test2 dataset *****
05/06/2026 22:32:45 - INFO - utils.trainer -   AUC: 0.97260
05/06/2026 22:32:45 - INFO - utils.trainer -   Accuracy: 0.95575
05/06/2026 22:32:45 - INFO - utils.trainer -   Precision: 0.88889
05/06/2026 22:32:45 - INFO - utils.trainer -   Recall: 1.00000
05/06/2026 22:32:45 - INFO - utils.trainer -   F_score: 0.94118
05/06/2026 22:32:45 - INFO - utils.trainer -   Specificity: 0.93151
05/06/2026 22:32:45 - INFO - utils.trainer -   Sensitivity: 1.00000
05/06/2026 22:32:45 - INFO - utils.trainer -   Loss: 1.54191
05/06/2026 22:32:45 - INFO - utils.trainer -    Train loss: 0.00000, Test loss: 1.54191,Epoch time = 2.318s
05/06/2026 22:32:47 - INFO - utils.trainer -   ***** Running evaluation on test2 dataset *****
05/06/2026 22:32:49 - INFO - utils.trainer -   AUC: 0.97260
05/06/2026 22:32:49 - INFO - utils.trainer -   Accuracy: 0.95133
05/06/2026 22:32:49 - INFO - utils.trainer -   Precision: 0.87912
05/06/2026 22:32:49 - INFO - utils.trainer -   Recall: 1.00000
05/06/2026 22:32:49 - INFO - utils.trainer -   F_score: 0.93567
05/06/2026 22:32:49 - INFO - utils.trainer -   Specificity: 0.92466
05/06/2026 22:32:49 - INFO - utils.trainer -   Sensitivity: 1.00000
05/06/2026 22:32:49 - INFO - utils.trainer -   Loss: 1.91935
05/06/2026 22:32:49 - INFO - utils.trainer -    Train loss: 0.00000, Test loss: 1.91935,Epoch time = 2.127s
05/06/2026 22:32:51 - INFO - utils.trainer -   ***** Running evaluation on test2 dataset *****
05/06/2026 22:32:52 - INFO - utils.trainer -   AUC: 0.97260
05/06/2026 22:32:52 - INFO - utils.trainer -   Accuracy: 0.95133
05/06/2026 22:32:52 - INFO - utils.trainer -   Precision: 0.87912
05/06/2026 22:32:52 - INFO - utils.trainer -   Recall: 1.00000
05/06/2026 22:32:52 - INFO - utils.trainer -   F_score: 0.93567
05/06/2026 22:32:52 - INFO - utils.trainer -   Specificity: 0.92466
05/06/2026 22:32:52 - INFO - utils.trainer -   Sensitivity: 1.00000
05/06/2026 22:32:52 - INFO - utils.trainer -   Loss: 1.79998
05/06/2026 22:32:52 - INFO - utils.trainer -    Train loss: 0.00000, Test loss: 1.79998,Epoch time = 2.287s
05/06/2026 22:32:55 - INFO - utils.trainer -   ***** Running evaluation on test2 dataset *****
05/06/2026 22:32:56 - INFO - utils.trainer -   AUC: 0.97260
05/06/2026 22:32:56 - INFO - utils.trainer -   Accuracy: 0.95133
05/06/2026 22:32:56 - INFO - utils.trainer -   Precision: 0.87912
05/06/2026 22:32:56 - INFO - utils.trainer -   Recall: 1.00000
05/06/2026 22:32:56 - INFO - utils.trainer -   F_score: 0.93567
05/06/2026 22:32:56 - INFO - utils.trainer -   Specificity: 0.92466
05/06/2026 22:32:56 - INFO - utils.trainer -   Sensitivity: 1.00000
05/06/2026 22:32:56 - INFO - utils.trainer -   Loss: 1.72455
05/06/2026 22:32:56 - INFO - utils.trainer -    Train loss: 0.00007, Test loss: 1.72455,Epoch time = 2.822s
05/06/2026 22:32:57 - INFO - utils.trainer -   ***** Running evaluation on test2 dataset *****
05/06/2026 22:32:59 - INFO - utils.trainer -   AUC: 0.97260
05/06/2026 22:32:59 - INFO - utils.trainer -   Accuracy: 0.95133
05/06/2026 22:32:59 - INFO - utils.trainer -   Precision: 0.87912
05/06/2026 22:32:59 - INFO - utils.trainer -   Recall: 1.00000
05/06/2026 22:32:59 - INFO - utils.trainer -   F_score: 0.93567
05/06/2026 22:32:59 - INFO - utils.trainer -   Specificity: 0.92466
05/06/2026 22:32:59 - INFO - utils.trainer -   Sensitivity: 1.00000
05/06/2026 22:32:59 - INFO - utils.trainer -   Loss: 1.80552
05/06/2026 22:32:59 - INFO - utils.trainer -    Train loss: 0.00000, Test loss: 1.80552,Epoch time = 1.702s
05/06/2026 22:33:01 - INFO - utils.trainer -   ***** Running evaluation on test2 dataset *****
05/06/2026 22:33:02 - INFO - utils.trainer -   AUC: 0.97260
05/06/2026 22:33:02 - INFO - utils.trainer -   Accuracy: 0.95575
05/06/2026 22:33:02 - INFO - utils.trainer -   Precision: 0.88889
05/06/2026 22:33:02 - INFO - utils.trainer -   Recall: 1.00000
05/06/2026 22:33:02 - INFO - utils.trainer -   F_score: 0.94118
05/06/2026 22:33:02 - INFO - utils.trainer -   Specificity: 0.93151
05/06/2026 22:33:02 - INFO - utils.trainer -   Sensitivity: 1.00000
05/06/2026 22:33:02 - INFO - utils.trainer -   Loss: 1.62779
05/06/2026 22:33:02 - INFO - utils.trainer -    Train loss: 0.00000, Test loss: 1.62779,Epoch time = 1.992s
05/06/2026 22:33:04 - INFO - utils.trainer -   ***** Running evaluation on test2 dataset *****
05/06/2026 22:33:05 - INFO - utils.trainer -   AUC: 0.97260
05/06/2026 22:33:05 - INFO - utils.trainer -   Accuracy: 0.94690
05/06/2026 22:33:05 - INFO - utils.trainer -   Precision: 0.86957
05/06/2026 22:33:05 - INFO - utils.trainer -   Recall: 1.00000
05/06/2026 22:33:05 - INFO - utils.trainer -   F_score: 0.93023
05/06/2026 22:33:05 - INFO - utils.trainer -   Specificity: 0.91781
05/06/2026 22:33:05 - INFO - utils.trainer -   Sensitivity: 1.00000
05/06/2026 22:33:05 - INFO - utils.trainer -   Loss: 2.01298
05/06/2026 22:33:05 - INFO - utils.trainer -    Train loss: 0.00000, Test loss: 2.01298,Epoch time = 2.223s
05/06/2026 22:33:07 - INFO - utils.trainer -   ***** Running evaluation on test2 dataset *****
05/06/2026 22:33:08 - INFO - utils.trainer -   AUC: 0.96918
05/06/2026 22:33:08 - INFO - utils.trainer -   Accuracy: 0.94248
05/06/2026 22:33:08 - INFO - utils.trainer -   Precision: 0.86022
05/06/2026 22:33:08 - INFO - utils.trainer -   Recall: 1.00000
05/06/2026 22:33:08 - INFO - utils.trainer -   F_score: 0.92486
05/06/2026 22:33:08 - INFO - utils.trainer -   Specificity: 0.91096
05/06/2026 22:33:08 - INFO - utils.trainer -   Sensitivity: 1.00000
05/06/2026 22:33:08 - INFO - utils.trainer -   Loss: 2.14577
05/06/2026 22:33:08 - INFO - utils.trainer -    Train loss: 0.00000, Test loss: 2.14577,Epoch time = 2.065s
05/06/2026 22:33:11 - INFO - utils.trainer -   ***** Running evaluation on test2 dataset *****
05/06/2026 22:33:12 - INFO - utils.trainer -   AUC: 0.97603
05/06/2026 22:33:12 - INFO - utils.trainer -   Accuracy: 0.95575
05/06/2026 22:33:12 - INFO - utils.trainer -   Precision: 0.88889
05/06/2026 22:33:12 - INFO - utils.trainer -   Recall: 1.00000
05/06/2026 22:33:12 - INFO - utils.trainer -   F_score: 0.94118
05/06/2026 22:33:12 - INFO - utils.trainer -   Specificity: 0.93151
05/06/2026 22:33:12 - INFO - utils.trainer -   Sensitivity: 1.00000
05/06/2026 22:33:12 - INFO - utils.trainer -   Loss: 1.65935
05/06/2026 22:33:12 - INFO - utils.trainer -    Train loss: 0.00000, Test loss: 1.65935,Epoch time = 2.261s
05/06/2026 22:33:14 - INFO - utils.trainer -   ***** Running evaluation on test2 dataset *****
05/06/2026 22:33:15 - INFO - utils.trainer -   AUC: 0.97260
05/06/2026 22:33:15 - INFO - utils.trainer -   Accuracy: 0.94690
05/06/2026 22:33:15 - INFO - utils.trainer -   Precision: 0.86957
05/06/2026 22:33:15 - INFO - utils.trainer -   Recall: 1.00000
05/06/2026 22:33:15 - INFO - utils.trainer -   F_score: 0.93023
05/06/2026 22:33:15 - INFO - utils.trainer -   Specificity: 0.91781
05/06/2026 22:33:15 - INFO - utils.trainer -   Sensitivity: 1.00000
05/06/2026 22:33:15 - INFO - utils.trainer -   Loss: 2.08325
05/06/2026 22:33:15 - INFO - utils.trainer -    Train loss: 0.00000, Test loss: 2.08325,Epoch time = 1.999s
05/06/2026 22:33:18 - INFO - utils.trainer -   ***** Running evaluation on test2 dataset *****
05/06/2026 22:33:19 - INFO - utils.trainer -   AUC: 0.97260
05/06/2026 22:33:19 - INFO - utils.trainer -   Accuracy: 0.95133
05/06/2026 22:33:19 - INFO - utils.trainer -   Precision: 0.87912
05/06/2026 22:33:19 - INFO - utils.trainer -   Recall: 1.00000
05/06/2026 22:33:19 - INFO - utils.trainer -   F_score: 0.93567
05/06/2026 22:33:19 - INFO - utils.trainer -   Specificity: 0.92466
05/06/2026 22:33:19 - INFO - utils.trainer -   Sensitivity: 1.00000
05/06/2026 22:33:19 - INFO - utils.trainer -   Loss: 1.88020
05/06/2026 22:33:19 - INFO - utils.trainer -    Train loss: 0.00000, Test loss: 1.88020,Epoch time = 2.274s
05/06/2026 22:33:21 - INFO - utils.trainer -   ***** Running evaluation on test2 dataset *****
05/06/2026 22:33:22 - INFO - utils.trainer -   AUC: 0.97500
05/06/2026 22:33:22 - INFO - utils.trainer -   Accuracy: 0.96018
05/06/2026 22:33:22 - INFO - utils.trainer -   Precision: 1.00000
05/06/2026 22:33:22 - INFO - utils.trainer -   Recall: 0.88750
05/06/2026 22:33:22 - INFO - utils.trainer -   F_score: 0.94040
05/06/2026 22:33:22 - INFO - utils.trainer -   Specificity: 1.00000
05/06/2026 22:33:22 - INFO - utils.trainer -   Sensitivity: 0.88750
05/06/2026 22:33:22 - INFO - utils.trainer -   Loss: 3.75472
05/06/2026 22:33:22 - INFO - utils.trainer -    Train loss: 0.02169, Test loss: 3.75472,Epoch time = 2.459s
05/06/2026 22:33:24 - INFO - utils.trainer -   ***** Running evaluation on test2 dataset *****
05/06/2026 22:33:26 - INFO - utils.trainer -   AUC: 0.98973
05/06/2026 22:33:26 - INFO - utils.trainer -   Accuracy: 0.98230
05/06/2026 22:33:26 - INFO - utils.trainer -   Precision: 0.95238
05/06/2026 22:33:26 - INFO - utils.trainer -   Recall: 1.00000
05/06/2026 22:33:26 - INFO - utils.trainer -   F_score: 0.97561
05/06/2026 22:33:26 - INFO - utils.trainer -   Specificity: 0.97260
05/06/2026 22:33:26 - INFO - utils.trainer -   Sensitivity: 1.00000
05/06/2026 22:33:26 - INFO - utils.trainer -   Loss: 0.66106
05/06/2026 22:33:26 - INFO - utils.trainer -    Train loss: 0.00000, Test loss: 0.66106,Epoch time = 2.247s
05/06/2026 22:33:28 - INFO - utils.trainer -   ***** Running evaluation on test2 dataset *****
05/06/2026 22:33:29 - INFO - utils.trainer -   AUC: 0.98288
05/06/2026 22:33:29 - INFO - utils.trainer -   Accuracy: 0.96903
05/06/2026 22:33:29 - INFO - utils.trainer -   Precision: 0.91954
05/06/2026 22:33:29 - INFO - utils.trainer -   Recall: 1.00000
05/06/2026 22:33:29 - INFO - utils.trainer -   F_score: 0.95808
05/06/2026 22:33:29 - INFO - utils.trainer -   Specificity: 0.95205
05/06/2026 22:33:29 - INFO - utils.trainer -   Sensitivity: 1.00000
05/06/2026 22:33:29 - INFO - utils.trainer -   Loss: 1.14175
05/06/2026 22:33:29 - INFO - utils.trainer -    Train loss: 0.00000, Test loss: 1.14175,Epoch time = 1.943s
05/06/2026 22:33:31 - INFO - utils.trainer -   ***** Running evaluation on test2 dataset *****
05/06/2026 22:33:32 - INFO - utils.trainer -   AUC: 0.97603
05/06/2026 22:33:32 - INFO - utils.trainer -   Accuracy: 0.94690
05/06/2026 22:33:32 - INFO - utils.trainer -   Precision: 0.86957
05/06/2026 22:33:32 - INFO - utils.trainer -   Recall: 1.00000
05/06/2026 22:33:32 - INFO - utils.trainer -   F_score: 0.93023
05/06/2026 22:33:32 - INFO - utils.trainer -   Specificity: 0.91781
05/06/2026 22:33:32 - INFO - utils.trainer -   Sensitivity: 1.00000
05/06/2026 22:33:32 - INFO - utils.trainer -   Loss: 1.55772
05/06/2026 22:33:32 - INFO - utils.trainer -    Train loss: 0.00000, Test loss: 1.55772,Epoch time = 1.815s
05/06/2026 22:33:34 - INFO - utils.trainer -   ***** Running evaluation on test2 dataset *****
05/06/2026 22:33:35 - INFO - utils.trainer -   AUC: 0.97603
05/06/2026 22:33:35 - INFO - utils.trainer -   Accuracy: 0.96018
05/06/2026 22:33:35 - INFO - utils.trainer -   Precision: 0.89888
05/06/2026 22:33:35 - INFO - utils.trainer -   Recall: 1.00000
05/06/2026 22:33:35 - INFO - utils.trainer -   F_score: 0.94675
05/06/2026 22:33:35 - INFO - utils.trainer -   Specificity: 0.93836
05/06/2026 22:33:35 - INFO - utils.trainer -   Sensitivity: 1.00000
05/06/2026 22:33:35 - INFO - utils.trainer -   Loss: 1.51628
05/06/2026 22:33:35 - INFO - utils.trainer -    Train loss: 0.00000, Test loss: 1.51628,Epoch time = 2.105s
05/06/2026 22:33:37 - INFO - utils.trainer -   ***** Running evaluation on test2 dataset *****
05/06/2026 22:33:38 - INFO - utils.trainer -   AUC: 0.98288
05/06/2026 22:33:38 - INFO - utils.trainer -   Accuracy: 0.96460
05/06/2026 22:33:38 - INFO - utils.trainer -   Precision: 0.90909
05/06/2026 22:33:38 - INFO - utils.trainer -   Recall: 1.00000
05/06/2026 22:33:38 - INFO - utils.trainer -   F_score: 0.95238
05/06/2026 22:33:38 - INFO - utils.trainer -   Specificity: 0.94521
05/06/2026 22:33:38 - INFO - utils.trainer -   Sensitivity: 1.00000
05/06/2026 22:33:38 - INFO - utils.trainer -   Loss: 1.30179
05/06/2026 22:33:38 - INFO - utils.trainer -    Train loss: 0.00000, Test loss: 1.30179,Epoch time = 1.582s
05/06/2026 22:33:41 - INFO - utils.trainer -   ***** Running evaluation on test2 dataset *****
05/06/2026 22:33:42 - INFO - utils.trainer -   AUC: 0.98288
05/06/2026 22:33:42 - INFO - utils.trainer -   Accuracy: 0.96903
05/06/2026 22:33:42 - INFO - utils.trainer -   Precision: 0.91954
05/06/2026 22:33:42 - INFO - utils.trainer -   Recall: 1.00000
05/06/2026 22:33:42 - INFO - utils.trainer -   F_score: 0.95808
05/06/2026 22:33:42 - INFO - utils.trainer -   Specificity: 0.95205
05/06/2026 22:33:42 - INFO - utils.trainer -   Sensitivity: 1.00000
05/06/2026 22:33:42 - INFO - utils.trainer -   Loss: 1.16183
05/06/2026 22:33:42 - INFO - utils.trainer -    Train loss: 0.00000, Test loss: 1.16183,Epoch time = 2.311s
05/06/2026 22:33:44 - INFO - utils.trainer -   ***** Running evaluation on test2 dataset *****
05/06/2026 22:33:45 - INFO - utils.trainer -   AUC: 0.97603
05/06/2026 22:33:45 - INFO - utils.trainer -   Accuracy: 0.96018
05/06/2026 22:33:45 - INFO - utils.trainer -   Precision: 0.89888
05/06/2026 22:33:45 - INFO - utils.trainer -   Recall: 1.00000
05/06/2026 22:33:45 - INFO - utils.trainer -   F_score: 0.94675
05/06/2026 22:33:45 - INFO - utils.trainer -   Specificity: 0.93836
05/06/2026 22:33:45 - INFO - utils.trainer -   Sensitivity: 1.00000
05/06/2026 22:33:45 - INFO - utils.trainer -   Loss: 1.35515
05/06/2026 22:33:45 - INFO - utils.trainer -    Train loss: 0.00000, Test loss: 1.35515,Epoch time = 2.289s
05/06/2026 22:33:47 - INFO - utils.trainer -   ***** Running evaluation on test2 dataset *****
05/06/2026 22:33:49 - INFO - utils.trainer -   AUC: 0.97603
05/06/2026 22:33:49 - INFO - utils.trainer -   Accuracy: 0.96460
05/06/2026 22:33:49 - INFO - utils.trainer -   Precision: 0.90909
05/06/2026 22:33:49 - INFO - utils.trainer -   Recall: 1.00000
05/06/2026 22:33:49 - INFO - utils.trainer -   F_score: 0.95238
05/06/2026 22:33:49 - INFO - utils.trainer -   Specificity: 0.94521
05/06/2026 22:33:49 - INFO - utils.trainer -   Sensitivity: 1.00000
05/06/2026 22:33:49 - INFO - utils.trainer -   Loss: 1.35664
05/06/2026 22:33:49 - INFO - utils.trainer -    Train loss: 0.00000, Test loss: 1.35664,Epoch time = 1.892s
05/06/2026 22:33:50 - INFO - utils.trainer -   ***** Running evaluation on test2 dataset *****
05/06/2026 22:33:52 - INFO - utils.trainer -   AUC: 0.98288
05/06/2026 22:33:52 - INFO - utils.trainer -   Accuracy: 0.96903
05/06/2026 22:33:52 - INFO - utils.trainer -   Precision: 0.91954
05/06/2026 22:33:52 - INFO - utils.trainer -   Recall: 1.00000
05/06/2026 22:33:52 - INFO - utils.trainer -   F_score: 0.95808
05/06/2026 22:33:52 - INFO - utils.trainer -   Specificity: 0.95205
05/06/2026 22:33:52 - INFO - utils.trainer -   Sensitivity: 1.00000
05/06/2026 22:33:52 - INFO - utils.trainer -   Loss: 1.19065
05/06/2026 22:33:52 - INFO - utils.trainer -    Train loss: 0.00022, Test loss: 1.19065,Epoch time = 1.763s
05/06/2026 22:33:53 - INFO - utils.trainer -   ***** Running evaluation on test2 dataset *****
05/06/2026 22:33:55 - INFO - utils.trainer -   AUC: 0.97945
05/06/2026 22:33:55 - INFO - utils.trainer -   Accuracy: 0.95575
05/06/2026 22:33:55 - INFO - utils.trainer -   Precision: 0.88889
05/06/2026 22:33:55 - INFO - utils.trainer -   Recall: 1.00000
05/06/2026 22:33:55 - INFO - utils.trainer -   F_score: 0.94118
05/06/2026 22:33:55 - INFO - utils.trainer -   Specificity: 0.93151
05/06/2026 22:33:55 - INFO - utils.trainer -   Sensitivity: 1.00000
05/06/2026 22:33:55 - INFO - utils.trainer -   Loss: 1.45584
05/06/2026 22:33:55 - INFO - utils.trainer -    Train loss: 0.00000, Test loss: 1.45584,Epoch time = 1.860s
05/06/2026 22:33:57 - INFO - utils.trainer -   ***** Running evaluation on test2 dataset *****
05/06/2026 22:33:58 - INFO - utils.trainer -   AUC: 0.97603
05/06/2026 22:33:58 - INFO - utils.trainer -   Accuracy: 0.94690
05/06/2026 22:33:58 - INFO - utils.trainer -   Precision: 0.86957
05/06/2026 22:33:58 - INFO - utils.trainer -   Recall: 1.00000
05/06/2026 22:33:58 - INFO - utils.trainer -   F_score: 0.93023
05/06/2026 22:33:58 - INFO - utils.trainer -   Specificity: 0.91781
05/06/2026 22:33:58 - INFO - utils.trainer -   Sensitivity: 1.00000
05/06/2026 22:33:58 - INFO - utils.trainer -   Loss: 1.81191
05/06/2026 22:33:58 - INFO - utils.trainer -    Train loss: 0.00000, Test loss: 1.81191,Epoch time = 2.561s
05/06/2026 22:34:00 - INFO - utils.trainer -   ***** Running evaluation on test2 dataset *****
05/06/2026 22:34:01 - INFO - utils.trainer -   AUC: 0.98288
05/06/2026 22:34:01 - INFO - utils.trainer -   Accuracy: 0.96903
05/06/2026 22:34:01 - INFO - utils.trainer -   Precision: 0.91954
05/06/2026 22:34:01 - INFO - utils.trainer -   Recall: 1.00000
05/06/2026 22:34:01 - INFO - utils.trainer -   F_score: 0.95808
05/06/2026 22:34:01 - INFO - utils.trainer -   Specificity: 0.95205
05/06/2026 22:34:01 - INFO - utils.trainer -   Sensitivity: 1.00000
05/06/2026 22:34:01 - INFO - utils.trainer -   Loss: 1.07848
05/06/2026 22:34:01 - INFO - utils.trainer -    Train loss: 0.00000, Test loss: 1.07848,Epoch time = 1.966s
05/06/2026 22:34:03 - INFO - utils.trainer -   ***** Running evaluation on test2 dataset *****
05/06/2026 22:34:04 - INFO - utils.trainer -   AUC: 0.97603
05/06/2026 22:34:04 - INFO - utils.trainer -   Accuracy: 0.96460
05/06/2026 22:34:04 - INFO - utils.trainer -   Precision: 0.90909
05/06/2026 22:34:04 - INFO - utils.trainer -   Recall: 1.00000
05/06/2026 22:34:04 - INFO - utils.trainer -   F_score: 0.95238
05/06/2026 22:34:04 - INFO - utils.trainer -   Specificity: 0.94521
05/06/2026 22:34:04 - INFO - utils.trainer -   Sensitivity: 1.00000
05/06/2026 22:34:04 - INFO - utils.trainer -   Loss: 1.33511
05/06/2026 22:34:04 - INFO - utils.trainer -    Train loss: 0.00000, Test loss: 1.33511,Epoch time = 2.010s
05/06/2026 22:34:07 - INFO - utils.trainer -   ***** Running evaluation on test2 dataset *****
05/06/2026 22:34:08 - INFO - utils.trainer -   AUC: 0.97603
05/06/2026 22:34:08 - INFO - utils.trainer -   Accuracy: 0.96018
05/06/2026 22:34:08 - INFO - utils.trainer -   Precision: 0.89888
05/06/2026 22:34:08 - INFO - utils.trainer -   Recall: 1.00000
05/06/2026 22:34:08 - INFO - utils.trainer -   F_score: 0.94675
05/06/2026 22:34:08 - INFO - utils.trainer -   Specificity: 0.93836
05/06/2026 22:34:08 - INFO - utils.trainer -   Sensitivity: 1.00000
05/06/2026 22:34:08 - INFO - utils.trainer -   Loss: 1.38297
05/06/2026 22:34:08 - INFO - utils.trainer -    Train loss: 0.00000, Test loss: 1.38297,Epoch time = 2.240s
05/06/2026 22:34:10 - INFO - utils.trainer -   ***** Running evaluation on test2 dataset *****
05/06/2026 22:34:12 - INFO - utils.trainer -   AUC: 0.99658
05/06/2026 22:34:12 - INFO - utils.trainer -   Accuracy: 0.99115
05/06/2026 22:34:12 - INFO - utils.trainer -   Precision: 0.97561
05/06/2026 22:34:12 - INFO - utils.trainer -   Recall: 1.00000
05/06/2026 22:34:12 - INFO - utils.trainer -   F_score: 0.98765
05/06/2026 22:34:12 - INFO - utils.trainer -   Specificity: 0.98630
05/06/2026 22:34:12 - INFO - utils.trainer -   Sensitivity: 1.00000
05/06/2026 22:34:12 - INFO - utils.trainer -   Loss: 0.10506
05/06/2026 22:34:12 - INFO - utils.trainer -    Train loss: 0.00039, Test loss: 0.10506,Epoch time = 2.317s
05/06/2026 22:34:13 - INFO - utils.trainer -   ***** Running evaluation on test2 dataset *****
05/06/2026 22:34:15 - INFO - utils.trainer -   AUC: 0.98630
05/06/2026 22:34:15 - INFO - utils.trainer -   Accuracy: 0.97345
05/06/2026 22:34:15 - INFO - utils.trainer -   Precision: 0.93023
05/06/2026 22:34:15 - INFO - utils.trainer -   Recall: 1.00000
05/06/2026 22:34:15 - INFO - utils.trainer -   F_score: 0.96386
05/06/2026 22:34:15 - INFO - utils.trainer -   Specificity: 0.95890
05/06/2026 22:34:15 - INFO - utils.trainer -   Sensitivity: 1.00000
05/06/2026 22:34:15 - INFO - utils.trainer -   Loss: 0.97041
05/06/2026 22:34:15 - INFO - utils.trainer -    Train loss: 0.00000, Test loss: 0.97041,Epoch time = 1.742s
05/06/2026 22:34:17 - INFO - utils.trainer -   ***** Running evaluation on test2 dataset *****
05/06/2026 22:34:18 - INFO - utils.trainer -   AUC: 0.96575
05/06/2026 22:34:18 - INFO - utils.trainer -   Accuracy: 0.92478
05/06/2026 22:34:18 - INFO - utils.trainer -   Precision: 0.82474
05/06/2026 22:34:18 - INFO - utils.trainer -   Recall: 1.00000
05/06/2026 22:34:18 - INFO - utils.trainer -   F_score: 0.90395
05/06/2026 22:34:18 - INFO - utils.trainer -   Specificity: 0.88356
05/06/2026 22:34:18 - INFO - utils.trainer -   Sensitivity: 1.00000
05/06/2026 22:34:18 - INFO - utils.trainer -   Loss: 2.21027
05/06/2026 22:34:18 - INFO - utils.trainer -    Train loss: 0.00171, Test loss: 2.21027,Epoch time = 1.751s
05/06/2026 22:34:20 - INFO - utils.trainer -   ***** Running evaluation on test2 dataset *****
05/06/2026 22:34:21 - INFO - utils.trainer -   AUC: 0.97260
05/06/2026 22:34:21 - INFO - utils.trainer -   Accuracy: 0.93363
05/06/2026 22:34:21 - INFO - utils.trainer -   Precision: 0.84211
05/06/2026 22:34:21 - INFO - utils.trainer -   Recall: 1.00000
05/06/2026 22:34:21 - INFO - utils.trainer -   F_score: 0.91429
05/06/2026 22:34:21 - INFO - utils.trainer -   Specificity: 0.89726
05/06/2026 22:34:21 - INFO - utils.trainer -   Sensitivity: 1.00000
05/06/2026 22:34:21 - INFO - utils.trainer -   Loss: 2.10884
05/06/2026 22:34:21 - INFO - utils.trainer -    Train loss: 0.00000, Test loss: 2.10884,Epoch time = 2.484s
05/06/2026 22:34:23 - INFO - utils.trainer -   ***** Running evaluation on test2 dataset *****
05/06/2026 22:34:24 - INFO - utils.trainer -   AUC: 0.96918
05/06/2026 22:34:24 - INFO - utils.trainer -   Accuracy: 0.92920
05/06/2026 22:34:24 - INFO - utils.trainer -   Precision: 0.83333
05/06/2026 22:34:24 - INFO - utils.trainer -   Recall: 1.00000
05/06/2026 22:34:24 - INFO - utils.trainer -   F_score: 0.90909
05/06/2026 22:34:24 - INFO - utils.trainer -   Specificity: 0.89041
05/06/2026 22:34:24 - INFO - utils.trainer -   Sensitivity: 1.00000
05/06/2026 22:34:24 - INFO - utils.trainer -   Loss: 2.27276
05/06/2026 22:34:24 - INFO - utils.trainer -    Train loss: 0.00000, Test loss: 2.27276,Epoch time = 1.861s
05/06/2026 22:34:26 - INFO - utils.trainer -   ***** Running evaluation on test2 dataset *****
05/06/2026 22:34:27 - INFO - utils.trainer -   AUC: 0.96918
05/06/2026 22:34:27 - INFO - utils.trainer -   Accuracy: 0.93363
05/06/2026 22:34:27 - INFO - utils.trainer -   Precision: 0.84211
05/06/2026 22:34:27 - INFO - utils.trainer -   Recall: 1.00000
05/06/2026 22:34:27 - INFO - utils.trainer -   F_score: 0.91429
05/06/2026 22:34:27 - INFO - utils.trainer -   Specificity: 0.89726
05/06/2026 22:34:27 - INFO - utils.trainer -   Sensitivity: 1.00000
05/06/2026 22:34:27 - INFO - utils.trainer -   Loss: 2.22570
05/06/2026 22:34:27 - INFO - utils.trainer -    Train loss: 0.00000, Test loss: 2.22570,Epoch time = 2.112s
05/06/2026 22:34:30 - INFO - utils.trainer -   ***** Running evaluation on test2 dataset *****
05/06/2026 22:34:31 - INFO - utils.trainer -   AUC: 0.96233
05/06/2026 22:34:31 - INFO - utils.trainer -   Accuracy: 0.92035
05/06/2026 22:34:31 - INFO - utils.trainer -   Precision: 0.81633
05/06/2026 22:34:31 - INFO - utils.trainer -   Recall: 1.00000
05/06/2026 22:34:31 - INFO - utils.trainer -   F_score: 0.89888
05/06/2026 22:34:31 - INFO - utils.trainer -   Specificity: 0.87671
05/06/2026 22:34:31 - INFO - utils.trainer -   Sensitivity: 1.00000
05/06/2026 22:34:31 - INFO - utils.trainer -   Loss: 2.57054
05/06/2026 22:34:31 - INFO - utils.trainer -    Train loss: 0.00000, Test loss: 2.57054,Epoch time = 2.384s
05/06/2026 22:34:33 - INFO - utils.trainer -   ***** Running evaluation on test2 dataset *****
05/06/2026 22:34:34 - INFO - utils.trainer -   AUC: 0.97603
05/06/2026 22:34:34 - INFO - utils.trainer -   Accuracy: 0.94248
05/06/2026 22:34:34 - INFO - utils.trainer -   Precision: 0.86022
05/06/2026 22:34:34 - INFO - utils.trainer -   Recall: 1.00000
05/06/2026 22:34:34 - INFO - utils.trainer -   F_score: 0.92486
05/06/2026 22:34:34 - INFO - utils.trainer -   Specificity: 0.91096
05/06/2026 22:34:34 - INFO - utils.trainer -   Sensitivity: 1.00000
05/06/2026 22:34:34 - INFO - utils.trainer -   Loss: 1.75115
05/06/2026 22:34:34 - INFO - utils.trainer -    Train loss: 0.00000, Test loss: 1.75115,Epoch time = 1.811s
05/06/2026 22:34:36 - INFO - utils.trainer -   ***** Running evaluation on test2 dataset *****
05/06/2026 22:34:37 - INFO - utils.trainer -   AUC: 0.97260
05/06/2026 22:34:37 - INFO - utils.trainer -   Accuracy: 0.93363
05/06/2026 22:34:37 - INFO - utils.trainer -   Precision: 0.84211
05/06/2026 22:34:37 - INFO - utils.trainer -   Recall: 1.00000
05/06/2026 22:34:37 - INFO - utils.trainer -   F_score: 0.91429
05/06/2026 22:34:37 - INFO - utils.trainer -   Specificity: 0.89726
05/06/2026 22:34:37 - INFO - utils.trainer -   Sensitivity: 1.00000
05/06/2026 22:34:37 - INFO - utils.trainer -   Loss: 2.08294
05/06/2026 22:34:37 - INFO - utils.trainer -    Train loss: 0.00240, Test loss: 2.08294,Epoch time = 1.889s
05/06/2026 22:34:39 - INFO - utils.trainer -   ***** Running evaluation on test2 dataset *****
05/06/2026 22:34:40 - INFO - utils.trainer -   AUC: 0.97603
05/06/2026 22:34:40 - INFO - utils.trainer -   Accuracy: 0.94690
05/06/2026 22:34:40 - INFO - utils.trainer -   Precision: 0.86957
05/06/2026 22:34:40 - INFO - utils.trainer -   Recall: 1.00000
05/06/2026 22:34:40 - INFO - utils.trainer -   F_score: 0.93023
05/06/2026 22:34:40 - INFO - utils.trainer -   Specificity: 0.91781
05/06/2026 22:34:40 - INFO - utils.trainer -   Sensitivity: 1.00000
05/06/2026 22:34:40 - INFO - utils.trainer -   Loss: 1.80108
05/06/2026 22:34:40 - INFO - utils.trainer -    Train loss: 0.00000, Test loss: 1.80108,Epoch time = 1.772s
05/06/2026 22:34:42 - INFO - utils.trainer -   ***** Running evaluation on test2 dataset *****
05/06/2026 22:34:44 - INFO - utils.trainer -   AUC: 0.78082
05/06/2026 22:34:44 - INFO - utils.trainer -   Accuracy: 0.70354
05/06/2026 22:34:44 - INFO - utils.trainer -   Precision: 0.54422
05/06/2026 22:34:44 - INFO - utils.trainer -   Recall: 1.00000
05/06/2026 22:34:44 - INFO - utils.trainer -   F_score: 0.70485
05/06/2026 22:34:44 - INFO - utils.trainer -   Specificity: 0.54110
05/06/2026 22:34:44 - INFO - utils.trainer -   Sensitivity: 1.00000
05/06/2026 22:34:44 - INFO - utils.trainer -   Loss: 22.34395
05/06/2026 22:34:44 - INFO - utils.trainer -    Train loss: 0.01325, Test loss: 22.34395,Epoch time = 2.168s
05/06/2026 22:34:45 - INFO - utils.trainer -   ***** Running evaluation on test2 dataset *****
05/06/2026 22:34:47 - INFO - utils.trainer -   AUC: 0.95548
05/06/2026 22:34:47 - INFO - utils.trainer -   Accuracy: 0.91593
05/06/2026 22:34:47 - INFO - utils.trainer -   Precision: 0.80808
05/06/2026 22:34:47 - INFO - utils.trainer -   Recall: 1.00000
05/06/2026 22:34:47 - INFO - utils.trainer -   F_score: 0.89385
05/06/2026 22:34:47 - INFO - utils.trainer -   Specificity: 0.86986
05/06/2026 22:34:47 - INFO - utils.trainer -   Sensitivity: 1.00000
05/06/2026 22:34:47 - INFO - utils.trainer -   Loss: 2.92166
05/06/2026 22:34:47 - INFO - utils.trainer -    Train loss: 0.00000, Test loss: 2.92166,Epoch time = 1.902s
05/06/2026 22:34:48 - INFO - utils.trainer -   ***** Running evaluation on test2 dataset *****
05/06/2026 22:34:50 - INFO - utils.trainer -   AUC: 0.97260
05/06/2026 22:34:50 - INFO - utils.trainer -   Accuracy: 0.93363
05/06/2026 22:34:50 - INFO - utils.trainer -   Precision: 0.84211
05/06/2026 22:34:50 - INFO - utils.trainer -   Recall: 1.00000
05/06/2026 22:34:50 - INFO - utils.trainer -   F_score: 0.91429
05/06/2026 22:34:50 - INFO - utils.trainer -   Specificity: 0.89726
05/06/2026 22:34:50 - INFO - utils.trainer -   Sensitivity: 1.00000
05/06/2026 22:34:50 - INFO - utils.trainer -   Loss: 1.95048
05/06/2026 22:34:50 - INFO - utils.trainer -    Train loss: 0.00000, Test loss: 1.95048,Epoch time = 1.791s
05/06/2026 22:34:52 - INFO - utils.trainer -   ***** Running evaluation on test2 dataset *****
05/06/2026 22:34:53 - INFO - utils.trainer -   AUC: 0.96575
05/06/2026 22:34:53 - INFO - utils.trainer -   Accuracy: 0.92478
05/06/2026 22:34:53 - INFO - utils.trainer -   Precision: 0.82474
05/06/2026 22:34:53 - INFO - utils.trainer -   Recall: 1.00000
05/06/2026 22:34:53 - INFO - utils.trainer -   F_score: 0.90395
05/06/2026 22:34:53 - INFO - utils.trainer -   Specificity: 0.88356
05/06/2026 22:34:53 - INFO - utils.trainer -   Sensitivity: 1.00000
05/06/2026 22:34:53 - INFO - utils.trainer -   Loss: 2.25203
05/06/2026 22:34:53 - INFO - utils.trainer -    Train loss: 0.00000, Test loss: 2.25203,Epoch time = 2.242s
05/06/2026 22:34:55 - INFO - utils.trainer -   ***** Running evaluation on test2 dataset *****
05/06/2026 22:34:57 - INFO - utils.trainer -   AUC: 0.96575
05/06/2026 22:34:57 - INFO - utils.trainer -   Accuracy: 0.92478
05/06/2026 22:34:57 - INFO - utils.trainer -   Precision: 0.82474
05/06/2026 22:34:57 - INFO - utils.trainer -   Recall: 1.00000
05/06/2026 22:34:57 - INFO - utils.trainer -   F_score: 0.90395
05/06/2026 22:34:57 - INFO - utils.trainer -   Specificity: 0.88356
05/06/2026 22:34:57 - INFO - utils.trainer -   Sensitivity: 1.00000
05/06/2026 22:34:57 - INFO - utils.trainer -   Loss: 2.31966
05/06/2026 22:34:57 - INFO - utils.trainer -    Train loss: 0.00000, Test loss: 2.31966,Epoch time = 2.184s
05/06/2026 22:34:58 - INFO - utils.trainer -   ***** Running evaluation on test2 dataset *****
05/06/2026 22:34:59 - INFO - utils.trainer -   AUC: 0.97260
05/06/2026 22:34:59 - INFO - utils.trainer -   Accuracy: 0.92920
05/06/2026 22:34:59 - INFO - utils.trainer -   Precision: 0.83333
05/06/2026 22:34:59 - INFO - utils.trainer -   Recall: 1.00000
05/06/2026 22:34:59 - INFO - utils.trainer -   F_score: 0.90909
05/06/2026 22:34:59 - INFO - utils.trainer -   Specificity: 0.89041
05/06/2026 22:34:59 - INFO - utils.trainer -   Sensitivity: 1.00000
05/06/2026 22:34:59 - INFO - utils.trainer -   Loss: 2.16269
05/06/2026 22:34:59 - INFO - utils.trainer -    Train loss: 0.00000, Test loss: 2.16269,Epoch time = 1.909s
05/06/2026 22:35:01 - INFO - utils.trainer -   ***** Running evaluation on test2 dataset *****
05/06/2026 22:35:02 - INFO - utils.trainer -   AUC: 0.77055
05/06/2026 22:35:02 - INFO - utils.trainer -   Accuracy: 0.69469
05/06/2026 22:35:02 - INFO - utils.trainer -   Precision: 0.53691
05/06/2026 22:35:02 - INFO - utils.trainer -   Recall: 1.00000
05/06/2026 22:35:02 - INFO - utils.trainer -   F_score: 0.69869
05/06/2026 22:35:02 - INFO - utils.trainer -   Specificity: 0.52740
05/06/2026 22:35:02 - INFO - utils.trainer -   Sensitivity: 1.00000
05/06/2026 22:35:02 - INFO - utils.trainer -   Loss: 22.79752
05/06/2026 22:35:02 - INFO - utils.trainer -    Train loss: 0.01244, Test loss: 22.79752,Epoch time = 1.620s
05/06/2026 22:35:04 - INFO - utils.trainer -   ***** Running evaluation on test2 dataset *****
05/06/2026 22:35:06 - INFO - utils.trainer -   AUC: 0.96918
05/06/2026 22:35:06 - INFO - utils.trainer -   Accuracy: 0.92035
05/06/2026 22:35:06 - INFO - utils.trainer -   Precision: 0.81633
05/06/2026 22:35:06 - INFO - utils.trainer -   Recall: 1.00000
05/06/2026 22:35:06 - INFO - utils.trainer -   F_score: 0.89888
05/06/2026 22:35:06 - INFO - utils.trainer -   Specificity: 0.87671
05/06/2026 22:35:06 - INFO - utils.trainer -   Sensitivity: 1.00000
05/06/2026 22:35:06 - INFO - utils.trainer -   Loss: 2.48388
05/06/2026 22:35:06 - INFO - utils.trainer -    Train loss: 0.00000, Test loss: 2.48388,Epoch time = 2.127s
05/06/2026 22:35:07 - INFO - utils.trainer -   ***** Running evaluation on test2 dataset *****
05/06/2026 22:35:09 - INFO - utils.trainer -   AUC: 0.96918
05/06/2026 22:35:09 - INFO - utils.trainer -   Accuracy: 0.92035
05/06/2026 22:35:09 - INFO - utils.trainer -   Precision: 0.81633
05/06/2026 22:35:09 - INFO - utils.trainer -   Recall: 1.00000
05/06/2026 22:35:09 - INFO - utils.trainer -   F_score: 0.89888
05/06/2026 22:35:09 - INFO - utils.trainer -   Specificity: 0.87671
05/06/2026 22:35:09 - INFO - utils.trainer -   Sensitivity: 1.00000
05/06/2026 22:35:09 - INFO - utils.trainer -   Loss: 2.43309
05/06/2026 22:35:09 - INFO - utils.trainer -    Train loss: 0.00036, Test loss: 2.43309,Epoch time = 1.920s
05/06/2026 22:35:10 - INFO - utils.trainer -   ***** Running evaluation on test2 dataset *****
05/06/2026 22:35:11 - INFO - utils.trainer -   AUC: 0.97603
05/06/2026 22:35:11 - INFO - utils.trainer -   Accuracy: 0.94248
05/06/2026 22:35:11 - INFO - utils.trainer -   Precision: 0.86022
05/06/2026 22:35:11 - INFO - utils.trainer -   Recall: 1.00000
05/06/2026 22:35:11 - INFO - utils.trainer -   F_score: 0.92486
05/06/2026 22:35:11 - INFO - utils.trainer -   Specificity: 0.91096
05/06/2026 22:35:11 - INFO - utils.trainer -   Sensitivity: 1.00000
05/06/2026 22:35:11 - INFO - utils.trainer -   Loss: 1.81168
05/06/2026 22:35:11 - INFO - utils.trainer -    Train loss: 0.00000, Test loss: 1.81168,Epoch time = 1.559s
05/06/2026 22:35:14 - INFO - utils.trainer -   ***** Running evaluation on test2 dataset *****
05/06/2026 22:35:15 - INFO - utils.trainer -   AUC: 0.97603
05/06/2026 22:35:15 - INFO - utils.trainer -   Accuracy: 0.96018
05/06/2026 22:35:15 - INFO - utils.trainer -   Precision: 0.89888
05/06/2026 22:35:15 - INFO - utils.trainer -   Recall: 1.00000
05/06/2026 22:35:15 - INFO - utils.trainer -   F_score: 0.94675
05/06/2026 22:35:15 - INFO - utils.trainer -   Specificity: 0.93836
05/06/2026 22:35:15 - INFO - utils.trainer -   Sensitivity: 1.00000
05/06/2026 22:35:15 - INFO - utils.trainer -   Loss: 1.39698
05/06/2026 22:35:15 - INFO - utils.trainer -    Train loss: 0.00001, Test loss: 1.39698,Epoch time = 2.432s
05/06/2026 22:35:17 - INFO - utils.trainer -   ***** Running evaluation on test2 dataset *****
05/06/2026 22:35:18 - INFO - utils.trainer -   AUC: 0.97260
05/06/2026 22:35:18 - INFO - utils.trainer -   Accuracy: 0.92035
05/06/2026 22:35:18 - INFO - utils.trainer -   Precision: 0.81633
05/06/2026 22:35:18 - INFO - utils.trainer -   Recall: 1.00000
05/06/2026 22:35:18 - INFO - utils.trainer -   F_score: 0.89888
05/06/2026 22:35:18 - INFO - utils.trainer -   Specificity: 0.87671
05/06/2026 22:35:18 - INFO - utils.trainer -   Sensitivity: 1.00000
05/06/2026 22:35:18 - INFO - utils.trainer -   Loss: 2.43009
05/06/2026 22:35:18 - INFO - utils.trainer -    Train loss: 0.00000, Test loss: 2.43009,Epoch time = 1.896s
05/06/2026 22:35:20 - INFO - utils.trainer -   ***** Running evaluation on test2 dataset *****
05/06/2026 22:35:21 - INFO - utils.trainer -   AUC: 0.97603
05/06/2026 22:35:21 - INFO - utils.trainer -   Accuracy: 0.93363
05/06/2026 22:35:21 - INFO - utils.trainer -   Precision: 0.84211
05/06/2026 22:35:21 - INFO - utils.trainer -   Recall: 1.00000
05/06/2026 22:35:21 - INFO - utils.trainer -   F_score: 0.91429
05/06/2026 22:35:21 - INFO - utils.trainer -   Specificity: 0.89726
05/06/2026 22:35:21 - INFO - utils.trainer -   Sensitivity: 1.00000
05/06/2026 22:35:21 - INFO - utils.trainer -   Loss: 1.86481
05/06/2026 22:35:21 - INFO - utils.trainer -    Train loss: 0.00000, Test loss: 1.86481,Epoch time = 1.821s
05/06/2026 22:35:23 - INFO - utils.trainer -   ***** Running evaluation on test2 dataset *****
05/06/2026 22:35:24 - INFO - utils.trainer -   AUC: 0.97603
05/06/2026 22:35:24 - INFO - utils.trainer -   Accuracy: 0.93363
05/06/2026 22:35:24 - INFO - utils.trainer -   Precision: 0.84211
05/06/2026 22:35:24 - INFO - utils.trainer -   Recall: 1.00000
05/06/2026 22:35:24 - INFO - utils.trainer -   F_score: 0.91429
05/06/2026 22:35:24 - INFO - utils.trainer -   Specificity: 0.89726
05/06/2026 22:35:24 - INFO - utils.trainer -   Sensitivity: 1.00000
05/06/2026 22:35:24 - INFO - utils.trainer -   Loss: 1.83521
05/06/2026 22:35:24 - INFO - utils.trainer -    Train loss: 0.00035, Test loss: 1.83521,Epoch time = 2.501s
05/06/2026 22:35:26 - INFO - utils.trainer -   ***** Running evaluation on test2 dataset *****
05/06/2026 22:35:28 - INFO - utils.trainer -   AUC: 0.97603
05/06/2026 22:35:28 - INFO - utils.trainer -   Accuracy: 0.93363
05/06/2026 22:35:28 - INFO - utils.trainer -   Precision: 0.84211
05/06/2026 22:35:28 - INFO - utils.trainer -   Recall: 1.00000
05/06/2026 22:35:28 - INFO - utils.trainer -   F_score: 0.91429
05/06/2026 22:35:28 - INFO - utils.trainer -   Specificity: 0.89726
05/06/2026 22:35:28 - INFO - utils.trainer -   Sensitivity: 1.00000
05/06/2026 22:35:28 - INFO - utils.trainer -   Loss: 1.77304
05/06/2026 22:35:28 - INFO - utils.trainer -    Train loss: 0.00000, Test loss: 1.77304,Epoch time = 1.606s
05/06/2026 22:35:29 - INFO - utils.trainer -   ***** Running evaluation on test2 dataset *****
05/06/2026 22:35:30 - INFO - utils.trainer -   AUC: 0.97603
05/06/2026 22:35:30 - INFO - utils.trainer -   Accuracy: 0.94690
05/06/2026 22:35:30 - INFO - utils.trainer -   Precision: 0.86957
05/06/2026 22:35:30 - INFO - utils.trainer -   Recall: 1.00000
05/06/2026 22:35:30 - INFO - utils.trainer -   F_score: 0.93023
05/06/2026 22:35:30 - INFO - utils.trainer -   Specificity: 0.91781
05/06/2026 22:35:30 - INFO - utils.trainer -   Sensitivity: 1.00000
05/06/2026 22:35:30 - INFO - utils.trainer -   Loss: 1.71530
05/06/2026 22:35:30 - INFO - utils.trainer -    Train loss: 0.00000, Test loss: 1.71530,Epoch time = 1.701s
05/06/2026 22:35:32 - INFO - utils.trainer -   ***** Running evaluation on test2 dataset *****
05/06/2026 22:35:34 - INFO - utils.trainer -   AUC: 0.97603
05/06/2026 22:35:34 - INFO - utils.trainer -   Accuracy: 0.96018
05/06/2026 22:35:34 - INFO - utils.trainer -   Precision: 0.89888
05/06/2026 22:35:34 - INFO - utils.trainer -   Recall: 1.00000
05/06/2026 22:35:34 - INFO - utils.trainer -   F_score: 0.94675
05/06/2026 22:35:34 - INFO - utils.trainer -   Specificity: 0.93836
05/06/2026 22:35:34 - INFO - utils.trainer -   Sensitivity: 1.00000
05/06/2026 22:35:34 - INFO - utils.trainer -   Loss: 1.47384
05/06/2026 22:35:34 - INFO - utils.trainer -    Train loss: 0.00000, Test loss: 1.47384,Epoch time = 2.168s
05/06/2026 22:35:35 - INFO - utils.trainer -   ***** Running evaluation on test2 dataset *****
05/06/2026 22:35:36 - INFO - utils.trainer -   AUC: 0.97603
05/06/2026 22:35:36 - INFO - utils.trainer -   Accuracy: 0.95133
05/06/2026 22:35:36 - INFO - utils.trainer -   Precision: 0.87912
05/06/2026 22:35:36 - INFO - utils.trainer -   Recall: 1.00000
05/06/2026 22:35:36 - INFO - utils.trainer -   F_score: 0.93567
05/06/2026 22:35:36 - INFO - utils.trainer -   Specificity: 0.92466
05/06/2026 22:35:36 - INFO - utils.trainer -   Sensitivity: 1.00000
05/06/2026 22:35:36 - INFO - utils.trainer -   Loss: 1.65106
05/06/2026 22:35:36 - INFO - utils.trainer -    Train loss: 0.00000, Test loss: 1.65106,Epoch time = 1.763s
05/06/2026 22:35:38 - INFO - utils.trainer -   ***** Running evaluation on test2 dataset *****
05/06/2026 22:35:39 - INFO - utils.trainer -   AUC: 0.97603
05/06/2026 22:35:39 - INFO - utils.trainer -   Accuracy: 0.95133
05/06/2026 22:35:39 - INFO - utils.trainer -   Precision: 0.87912
05/06/2026 22:35:39 - INFO - utils.trainer -   Recall: 1.00000
05/06/2026 22:35:39 - INFO - utils.trainer -   F_score: 0.93567
05/06/2026 22:35:39 - INFO - utils.trainer -   Specificity: 0.92466
05/06/2026 22:35:39 - INFO - utils.trainer -   Sensitivity: 1.00000
05/06/2026 22:35:39 - INFO - utils.trainer -   Loss: 1.63649
05/06/2026 22:35:39 - INFO - utils.trainer -    Train loss: 0.00000, Test loss: 1.63649,Epoch time = 1.561s
05/06/2026 22:35:41 - INFO - utils.trainer -   ***** Running evaluation on test2 dataset *****
05/06/2026 22:35:42 - INFO - utils.trainer -   AUC: 0.98973
05/06/2026 22:35:42 - INFO - utils.trainer -   Accuracy: 0.98673
05/06/2026 22:35:42 - INFO - utils.trainer -   Precision: 0.96386
05/06/2026 22:35:42 - INFO - utils.trainer -   Recall: 1.00000
05/06/2026 22:35:42 - INFO - utils.trainer -   F_score: 0.98160
05/06/2026 22:35:42 - INFO - utils.trainer -   Specificity: 0.97945
05/06/2026 22:35:42 - INFO - utils.trainer -   Sensitivity: 1.00000
05/06/2026 22:35:42 - INFO - utils.trainer -   Loss: 0.33834
05/06/2026 22:35:42 - INFO - utils.trainer -    Train loss: 0.01785, Test loss: 0.33834,Epoch time = 2.408s
05/06/2026 22:35:45 - INFO - utils.trainer -   ***** Running evaluation on test2 dataset *****
05/06/2026 22:35:46 - INFO - utils.trainer -   AUC: 0.97603
05/06/2026 22:35:46 - INFO - utils.trainer -   Accuracy: 0.96018
05/06/2026 22:35:46 - INFO - utils.trainer -   Precision: 0.89888
05/06/2026 22:35:46 - INFO - utils.trainer -   Recall: 1.00000
05/06/2026 22:35:46 - INFO - utils.trainer -   F_score: 0.94675
05/06/2026 22:35:46 - INFO - utils.trainer -   Specificity: 0.93836
05/06/2026 22:35:46 - INFO - utils.trainer -   Sensitivity: 1.00000
05/06/2026 22:35:46 - INFO - utils.trainer -   Loss: 1.49819
05/06/2026 22:35:46 - INFO - utils.trainer -    Train loss: 0.00000, Test loss: 1.49819,Epoch time = 2.182s
05/06/2026 22:35:47 - INFO - utils.trainer -   ***** Running evaluation on test2 dataset *****
05/06/2026 22:35:49 - INFO - utils.trainer -   AUC: 0.97603
05/06/2026 22:35:49 - INFO - utils.trainer -   Accuracy: 0.95133
05/06/2026 22:35:49 - INFO - utils.trainer -   Precision: 0.87912
05/06/2026 22:35:49 - INFO - utils.trainer -   Recall: 1.00000
05/06/2026 22:35:49 - INFO - utils.trainer -   F_score: 0.93567
05/06/2026 22:35:49 - INFO - utils.trainer -   Specificity: 0.92466
05/06/2026 22:35:49 - INFO - utils.trainer -   Sensitivity: 1.00000
05/06/2026 22:35:49 - INFO - utils.trainer -   Loss: 1.58862
05/06/2026 22:35:49 - INFO - utils.trainer -    Train loss: 0.00000, Test loss: 1.58862,Epoch time = 1.597s
05/06/2026 22:35:51 - INFO - utils.trainer -   ***** Running evaluation on test2 dataset *****
05/06/2026 22:35:52 - INFO - utils.trainer -   AUC: 0.97260
05/06/2026 22:35:52 - INFO - utils.trainer -   Accuracy: 0.92478
05/06/2026 22:35:52 - INFO - utils.trainer -   Precision: 0.82474
05/06/2026 22:35:52 - INFO - utils.trainer -   Recall: 1.00000
05/06/2026 22:35:52 - INFO - utils.trainer -   F_score: 0.90395
05/06/2026 22:35:52 - INFO - utils.trainer -   Specificity: 0.88356
05/06/2026 22:35:52 - INFO - utils.trainer -   Sensitivity: 1.00000
05/06/2026 22:35:52 - INFO - utils.trainer -   Loss: 2.15693
05/06/2026 22:35:52 - INFO - utils.trainer -    Train loss: 0.05795, Test loss: 2.15693,Epoch time = 1.915s
05/06/2026 22:35:54 - INFO - utils.trainer -   ***** Running evaluation on test2 dataset *****
05/06/2026 22:35:55 - INFO - utils.trainer -   AUC: 0.97603
05/06/2026 22:35:55 - INFO - utils.trainer -   Accuracy: 0.94690
05/06/2026 22:35:55 - INFO - utils.trainer -   Precision: 0.86957
05/06/2026 22:35:55 - INFO - utils.trainer -   Recall: 1.00000
05/06/2026 22:35:55 - INFO - utils.trainer -   F_score: 0.93023
05/06/2026 22:35:55 - INFO - utils.trainer -   Specificity: 0.91781
05/06/2026 22:35:55 - INFO - utils.trainer -   Sensitivity: 1.00000
05/06/2026 22:35:55 - INFO - utils.trainer -   Loss: 1.68510
05/06/2026 22:35:55 - INFO - utils.trainer -    Train loss: 0.00000, Test loss: 1.68510,Epoch time = 1.908s
05/06/2026 22:35:57 - INFO - utils.trainer -   ***** Running evaluation on test2 dataset *****
05/06/2026 22:35:59 - INFO - utils.trainer -   AUC: 0.97603
05/06/2026 22:35:59 - INFO - utils.trainer -   Accuracy: 0.95575
05/06/2026 22:35:59 - INFO - utils.trainer -   Precision: 0.88889
05/06/2026 22:35:59 - INFO - utils.trainer -   Recall: 1.00000
05/06/2026 22:35:59 - INFO - utils.trainer -   F_score: 0.94118
05/06/2026 22:35:59 - INFO - utils.trainer -   Specificity: 0.93151
05/06/2026 22:35:59 - INFO - utils.trainer -   Sensitivity: 1.00000
05/06/2026 22:35:59 - INFO - utils.trainer -   Loss: 1.49646
05/06/2026 22:35:59 - INFO - utils.trainer -    Train loss: 0.00000, Test loss: 1.49646,Epoch time = 2.397s
05/06/2026 22:36:01 - INFO - utils.trainer -   ***** Running evaluation on test2 dataset *****
05/06/2026 22:36:02 - INFO - utils.trainer -   AUC: 0.97603
05/06/2026 22:36:02 - INFO - utils.trainer -   Accuracy: 0.94690
05/06/2026 22:36:02 - INFO - utils.trainer -   Precision: 0.86957
05/06/2026 22:36:02 - INFO - utils.trainer -   Recall: 1.00000
05/06/2026 22:36:02 - INFO - utils.trainer -   F_score: 0.93023
05/06/2026 22:36:02 - INFO - utils.trainer -   Specificity: 0.91781
05/06/2026 22:36:02 - INFO - utils.trainer -   Sensitivity: 1.00000
05/06/2026 22:36:02 - INFO - utils.trainer -   Loss: 1.74218
05/06/2026 22:36:02 - INFO - utils.trainer -    Train loss: 0.00000, Test loss: 1.74218,Epoch time = 2.336s
05/06/2026 22:36:04 - INFO - utils.trainer -   ***** Running evaluation on test2 dataset *****
05/06/2026 22:36:05 - INFO - utils.trainer -   AUC: 0.97603
05/06/2026 22:36:05 - INFO - utils.trainer -   Accuracy: 0.95133
05/06/2026 22:36:05 - INFO - utils.trainer -   Precision: 0.87912
05/06/2026 22:36:05 - INFO - utils.trainer -   Recall: 1.00000
05/06/2026 22:36:05 - INFO - utils.trainer -   F_score: 0.93567
05/06/2026 22:36:05 - INFO - utils.trainer -   Specificity: 0.92466
05/06/2026 22:36:05 - INFO - utils.trainer -   Sensitivity: 1.00000
05/06/2026 22:36:05 - INFO - utils.trainer -   Loss: 1.59445
05/06/2026 22:36:05 - INFO - utils.trainer -    Train loss: 0.00000, Test loss: 1.59445,Epoch time = 1.654s
05/06/2026 22:36:08 - INFO - utils.trainer -   ***** Running evaluation on test2 dataset *****
05/06/2026 22:36:09 - INFO - utils.trainer -   AUC: 0.97603
05/06/2026 22:36:09 - INFO - utils.trainer -   Accuracy: 0.95133
05/06/2026 22:36:09 - INFO - utils.trainer -   Precision: 0.87912
05/06/2026 22:36:09 - INFO - utils.trainer -   Recall: 1.00000
05/06/2026 22:36:09 - INFO - utils.trainer -   F_score: 0.93567
05/06/2026 22:36:09 - INFO - utils.trainer -   Specificity: 0.92466
05/06/2026 22:36:09 - INFO - utils.trainer -   Sensitivity: 1.00000
05/06/2026 22:36:09 - INFO - utils.trainer -   Loss: 1.61250
05/06/2026 22:36:09 - INFO - utils.trainer -    Train loss: 0.00000, Test loss: 1.61250,Epoch time = 2.135s
05/06/2026 22:36:11 - INFO - utils.trainer -   ***** Running evaluation on test2 dataset *****
05/06/2026 22:36:12 - INFO - utils.trainer -   AUC: 0.97603
05/06/2026 22:36:12 - INFO - utils.trainer -   Accuracy: 0.93363
05/06/2026 22:36:12 - INFO - utils.trainer -   Precision: 0.84211
05/06/2026 22:36:12 - INFO - utils.trainer -   Recall: 1.00000
05/06/2026 22:36:12 - INFO - utils.trainer -   F_score: 0.91429
05/06/2026 22:36:12 - INFO - utils.trainer -   Specificity: 0.89726
05/06/2026 22:36:12 - INFO - utils.trainer -   Sensitivity: 1.00000
05/06/2026 22:36:12 - INFO - utils.trainer -   Loss: 2.02899
05/06/2026 22:36:12 - INFO - utils.trainer -    Train loss: 0.00000, Test loss: 2.02899,Epoch time = 2.509s
05/06/2026 22:36:14 - INFO - utils.trainer -   ***** Running evaluation on test2 dataset *****
05/06/2026 22:36:15 - INFO - utils.trainer -   AUC: 0.97603
05/06/2026 22:36:15 - INFO - utils.trainer -   Accuracy: 0.96018
05/06/2026 22:36:15 - INFO - utils.trainer -   Precision: 0.89888
05/06/2026 22:36:15 - INFO - utils.trainer -   Recall: 1.00000
05/06/2026 22:36:15 - INFO - utils.trainer -   F_score: 0.94675
05/06/2026 22:36:15 - INFO - utils.trainer -   Specificity: 0.93836
05/06/2026 22:36:15 - INFO - utils.trainer -   Sensitivity: 1.00000
05/06/2026 22:36:15 - INFO - utils.trainer -   Loss: 1.32807
05/06/2026 22:36:15 - INFO - utils.trainer -    Train loss: 0.00000, Test loss: 1.32807,Epoch time = 1.686s
05/06/2026 22:36:17 - INFO - utils.trainer -   ***** Running evaluation on test2 dataset *****
05/06/2026 22:36:18 - INFO - utils.trainer -   AUC: 0.97603
05/06/2026 22:36:18 - INFO - utils.trainer -   Accuracy: 0.94690
05/06/2026 22:36:18 - INFO - utils.trainer -   Precision: 0.86957
05/06/2026 22:36:18 - INFO - utils.trainer -   Recall: 1.00000
05/06/2026 22:36:18 - INFO - utils.trainer -   F_score: 0.93023
05/06/2026 22:36:18 - INFO - utils.trainer -   Specificity: 0.91781
05/06/2026 22:36:18 - INFO - utils.trainer -   Sensitivity: 1.00000
05/06/2026 22:36:18 - INFO - utils.trainer -   Loss: 1.69781
05/06/2026 22:36:18 - INFO - utils.trainer -    Train loss: 0.00000, Test loss: 1.69781,Epoch time = 2.288s
05/06/2026 22:36:21 - INFO - utils.trainer -   ***** Running evaluation on test2 dataset *****
05/06/2026 22:36:22 - INFO - utils.trainer -   AUC: 0.94178
05/06/2026 22:36:22 - INFO - utils.trainer -   Accuracy: 0.91593
05/06/2026 22:36:22 - INFO - utils.trainer -   Precision: 0.80808
05/06/2026 22:36:22 - INFO - utils.trainer -   Recall: 1.00000
05/06/2026 22:36:22 - INFO - utils.trainer -   F_score: 0.89385
05/06/2026 22:36:22 - INFO - utils.trainer -   Specificity: 0.86986
05/06/2026 22:36:22 - INFO - utils.trainer -   Sensitivity: 1.00000
05/06/2026 22:36:22 - INFO - utils.trainer -   Loss: 3.38041
05/06/2026 22:36:22 - INFO - utils.trainer -    Train loss: 0.03230, Test loss: 3.38041,Epoch time = 2.199s
05/06/2026 22:36:24 - INFO - utils.trainer -   ***** Running evaluation on test2 dataset *****
05/06/2026 22:36:25 - INFO - utils.trainer -   AUC: 0.97603
05/06/2026 22:36:25 - INFO - utils.trainer -   Accuracy: 0.93363
05/06/2026 22:36:25 - INFO - utils.trainer -   Precision: 0.84211
05/06/2026 22:36:25 - INFO - utils.trainer -   Recall: 1.00000
05/06/2026 22:36:25 - INFO - utils.trainer -   F_score: 0.91429
05/06/2026 22:36:25 - INFO - utils.trainer -   Specificity: 0.89726
05/06/2026 22:36:25 - INFO - utils.trainer -   Sensitivity: 1.00000
05/06/2026 22:36:25 - INFO - utils.trainer -   Loss: 1.92279
05/06/2026 22:36:25 - INFO - utils.trainer -    Train loss: 0.00000, Test loss: 1.92279,Epoch time = 2.115s
05/06/2026 22:36:27 - INFO - utils.trainer -   ***** Running evaluation on test2 dataset *****
05/06/2026 22:36:28 - INFO - utils.trainer -   AUC: 0.97603
05/06/2026 22:36:28 - INFO - utils.trainer -   Accuracy: 0.93805
05/06/2026 22:36:28 - INFO - utils.trainer -   Precision: 0.85106
05/06/2026 22:36:28 - INFO - utils.trainer -   Recall: 1.00000
05/06/2026 22:36:28 - INFO - utils.trainer -   F_score: 0.91954
05/06/2026 22:36:28 - INFO - utils.trainer -   Specificity: 0.90411
05/06/2026 22:36:28 - INFO - utils.trainer -   Sensitivity: 1.00000
05/06/2026 22:36:28 - INFO - utils.trainer -   Loss: 1.91067
05/06/2026 22:36:28 - INFO - utils.trainer -    Train loss: 0.00000, Test loss: 1.91067,Epoch time = 1.860s
