04/16/2026 22:33:22 - INFO - __main__ -   ########## Repeat:0 ##########
04/16/2026 22:33:22 - INFO - utils.trainer -   ***** Running training *****
04/16/2026 22:33:22 - INFO - utils.trainer -     Num examples = 19
04/16/2026 22:33:22 - INFO - utils.trainer -     Num Epochs = 200
04/16/2026 22:33:22 - INFO - utils.trainer -     Total train batch size = 16
04/16/2026 22:33:22 - INFO - utils.trainer -     warmup steps = 400
04/16/2026 22:33:22 - INFO - utils.trainer -     Total optimization steps = 3800
04/16/2026 22:33:22 - INFO - utils.trainer -     Save steps = 200
04/16/2026 22:33:22 - INFO - root -   Parameters [normal] length [50]
04/16/2026 22:33:29 - INFO - utils.trainer -   ***** Running evaluation on test0 dataset *****
04/16/2026 22:33:31 - INFO - utils.trainer -   AUC: 0.52813
04/16/2026 22:33:31 - INFO - utils.trainer -   Accuracy: 0.28662
04/16/2026 22:33:31 - INFO - utils.trainer -   Precision: 0.28583
04/16/2026 22:33:31 - INFO - utils.trainer -   Recall: 0.28905
04/16/2026 22:33:31 - INFO - utils.trainer -   F_score: 0.25125
04/16/2026 22:33:31 - INFO - utils.trainer -   Loss: 363.76097
04/16/2026 22:33:31 - INFO - utils.trainer -   Epoch: 1, Train loss: 3190.07606, Test loss: 363.76097,Epoch time = 7.015s
04/16/2026 22:33:44 - INFO - utils.trainer -   ***** Running evaluation on test0 dataset *****
04/16/2026 22:33:46 - INFO - utils.trainer -   AUC: 0.49327
04/16/2026 22:33:46 - INFO - utils.trainer -   Accuracy: 0.22293
04/16/2026 22:33:46 - INFO - utils.trainer -   Precision: 0.16727
04/16/2026 22:33:46 - INFO - utils.trainer -   Recall: 0.22575
04/16/2026 22:33:46 - INFO - utils.trainer -   F_score: 0.17978
04/16/2026 22:33:46 - INFO - utils.trainer -   Loss: 344.21741
04/16/2026 22:33:46 - INFO - utils.trainer -   Epoch: 2, Train loss: 977.73518, Test loss: 344.21741,Epoch time = 12.834s
04/16/2026 22:33:58 - INFO - utils.trainer -   ***** Running evaluation on test0 dataset *****
04/16/2026 22:34:00 - INFO - utils.trainer -   AUC: 0.52910
04/16/2026 22:34:00 - INFO - utils.trainer -   Accuracy: 0.28025
04/16/2026 22:34:00 - INFO - utils.trainer -   Precision: 0.30536
04/16/2026 22:34:00 - INFO - utils.trainer -   Recall: 0.28229
04/16/2026 22:34:00 - INFO - utils.trainer -   F_score: 0.26687
04/16/2026 22:34:00 - INFO - utils.trainer -   Loss: 130.74896
04/16/2026 22:34:00 - INFO - utils.trainer -   Epoch: 3, Train loss: 404.13590, Test loss: 130.74896,Epoch time = 12.376s
04/16/2026 22:34:13 - INFO - utils.trainer -   ***** Running evaluation on test0 dataset *****
04/16/2026 22:34:15 - INFO - utils.trainer -   AUC: 0.48868
04/16/2026 22:34:15 - INFO - utils.trainer -   Accuracy: 0.22930
04/16/2026 22:34:15 - INFO - utils.trainer -   Precision: 0.21540
04/16/2026 22:34:15 - INFO - utils.trainer -   Recall: 0.22623
04/16/2026 22:34:15 - INFO - utils.trainer -   F_score: 0.20087
04/16/2026 22:34:15 - INFO - utils.trainer -   Loss: 84.32660
04/16/2026 22:34:15 - INFO - utils.trainer -   Epoch: 4, Train loss: 221.37119, Test loss: 84.32660,Epoch time = 12.931s
04/16/2026 22:34:27 - INFO - utils.trainer -   ***** Running evaluation on test0 dataset *****
04/16/2026 22:34:29 - INFO - utils.trainer -   AUC: 0.45652
04/16/2026 22:34:29 - INFO - utils.trainer -   Accuracy: 0.22293
04/16/2026 22:34:29 - INFO - utils.trainer -   Precision: 0.22808
04/16/2026 22:34:29 - INFO - utils.trainer -   Recall: 0.22236
04/16/2026 22:34:29 - INFO - utils.trainer -   F_score: 0.21913
04/16/2026 22:34:29 - INFO - utils.trainer -   Loss: 90.78644
04/16/2026 22:34:29 - INFO - utils.trainer -   Epoch: 5, Train loss: 152.41974, Test loss: 90.78644,Epoch time = 12.024s
04/16/2026 22:34:41 - INFO - utils.trainer -   ***** Running evaluation on test0 dataset *****
04/16/2026 22:34:44 - INFO - utils.trainer -   AUC: 0.45056
04/16/2026 22:34:44 - INFO - utils.trainer -   Accuracy: 0.22293
04/16/2026 22:34:44 - INFO - utils.trainer -   Precision: 0.20123
04/16/2026 22:34:44 - INFO - utils.trainer -   Recall: 0.23078
04/16/2026 22:34:44 - INFO - utils.trainer -   F_score: 0.19479
04/16/2026 22:34:44 - INFO - utils.trainer -   Loss: 105.69012
04/16/2026 22:34:44 - INFO - utils.trainer -   Epoch: 6, Train loss: 119.20014, Test loss: 105.69012,Epoch time = 12.341s
04/16/2026 22:34:58 - INFO - utils.trainer -   ***** Running evaluation on test0 dataset *****
04/16/2026 22:35:01 - INFO - utils.trainer -   AUC: 0.50166
04/16/2026 22:35:01 - INFO - utils.trainer -   Accuracy: 0.25478
04/16/2026 22:35:01 - INFO - utils.trainer -   Precision: 0.22356
04/16/2026 22:35:01 - INFO - utils.trainer -   Recall: 0.23750
04/16/2026 22:35:01 - INFO - utils.trainer -   F_score: 0.18993
04/16/2026 22:35:01 - INFO - utils.trainer -   Loss: 98.24383
04/16/2026 22:35:01 - INFO - utils.trainer -   Epoch: 7, Train loss: 95.89187, Test loss: 98.24383,Epoch time = 13.628s
04/16/2026 22:35:14 - INFO - utils.trainer -   ***** Running evaluation on test0 dataset *****
04/16/2026 22:35:16 - INFO - utils.trainer -   AUC: 0.48499
04/16/2026 22:35:16 - INFO - utils.trainer -   Accuracy: 0.27389
04/16/2026 22:35:16 - INFO - utils.trainer -   Precision: 0.26950
04/16/2026 22:35:16 - INFO - utils.trainer -   Recall: 0.25831
04/16/2026 22:35:16 - INFO - utils.trainer -   F_score: 0.22761
04/16/2026 22:35:16 - INFO - utils.trainer -   Loss: 89.93255
04/16/2026 22:35:16 - INFO - utils.trainer -   Epoch: 8, Train loss: 80.47528, Test loss: 89.93255,Epoch time = 13.904s
04/16/2026 22:35:29 - INFO - utils.trainer -   ***** Running evaluation on test0 dataset *****
04/16/2026 22:35:31 - INFO - utils.trainer -   AUC: 0.46430
04/16/2026 22:35:31 - INFO - utils.trainer -   Accuracy: 0.19745
04/16/2026 22:35:31 - INFO - utils.trainer -   Precision: 0.18694
04/16/2026 22:35:31 - INFO - utils.trainer -   Recall: 0.18618
04/16/2026 22:35:31 - INFO - utils.trainer -   F_score: 0.15859
04/16/2026 22:35:31 - INFO - utils.trainer -   Loss: 77.14862
04/16/2026 22:35:32 - INFO - utils.trainer -   Epoch: 9, Train loss: 68.46296, Test loss: 77.14862,Epoch time = 12.564s
04/16/2026 22:35:44 - INFO - utils.trainer -   ***** Running evaluation on test0 dataset *****
04/16/2026 22:35:46 - INFO - utils.trainer -   AUC: 0.56215
04/16/2026 22:35:46 - INFO - utils.trainer -   Accuracy: 0.26752
04/16/2026 22:35:46 - INFO - utils.trainer -   Precision: 0.26496
04/16/2026 22:35:46 - INFO - utils.trainer -   Recall: 0.25819
04/16/2026 22:35:46 - INFO - utils.trainer -   F_score: 0.23904
04/16/2026 22:35:46 - INFO - utils.trainer -   Loss: 63.54324
04/16/2026 22:35:46 - INFO - utils.trainer -   Epoch: 10, Train loss: 58.76734, Test loss: 63.54324,Epoch time = 12.806s
04/16/2026 22:35:59 - INFO - utils.trainer -   ***** Running evaluation on test0 dataset *****
04/16/2026 22:36:01 - INFO - utils.trainer -   AUC: 0.44830
04/16/2026 22:36:01 - INFO - utils.trainer -   Accuracy: 0.18471
04/16/2026 22:36:01 - INFO - utils.trainer -   Precision: 0.19234
04/16/2026 22:36:01 - INFO - utils.trainer -   Recall: 0.18343
04/16/2026 22:36:01 - INFO - utils.trainer -   F_score: 0.16768
04/16/2026 22:36:01 - INFO - utils.trainer -   Loss: 53.63996
04/16/2026 22:36:01 - INFO - utils.trainer -   Epoch: 11, Train loss: 52.59860, Test loss: 53.63996,Epoch time = 12.511s
04/16/2026 22:36:14 - INFO - utils.trainer -   ***** Running evaluation on test0 dataset *****
04/16/2026 22:36:16 - INFO - utils.trainer -   AUC: 0.49860
04/16/2026 22:36:16 - INFO - utils.trainer -   Accuracy: 0.25478
04/16/2026 22:36:16 - INFO - utils.trainer -   Precision: 0.20742
04/16/2026 22:36:16 - INFO - utils.trainer -   Recall: 0.24360
04/16/2026 22:36:16 - INFO - utils.trainer -   F_score: 0.21260
04/16/2026 22:36:16 - INFO - utils.trainer -   Loss: 48.76237
04/16/2026 22:36:16 - INFO - utils.trainer -   Epoch: 12, Train loss: 46.87521, Test loss: 48.76237,Epoch time = 12.454s
04/16/2026 22:36:28 - INFO - utils.trainer -   ***** Running evaluation on test0 dataset *****
04/16/2026 22:36:31 - INFO - utils.trainer -   AUC: 0.51349
04/16/2026 22:36:31 - INFO - utils.trainer -   Accuracy: 0.24841
04/16/2026 22:36:31 - INFO - utils.trainer -   Precision: 0.22736
04/16/2026 22:36:31 - INFO - utils.trainer -   Recall: 0.23720
04/16/2026 22:36:31 - INFO - utils.trainer -   F_score: 0.21318
04/16/2026 22:36:31 - INFO - utils.trainer -   Loss: 42.48031
04/16/2026 22:36:31 - INFO - utils.trainer -   Epoch: 13, Train loss: 41.55620, Test loss: 42.48031,Epoch time = 12.372s
04/16/2026 22:36:43 - INFO - utils.trainer -   ***** Running evaluation on test0 dataset *****
04/16/2026 22:36:45 - INFO - utils.trainer -   AUC: 0.51796
04/16/2026 22:36:45 - INFO - utils.trainer -   Accuracy: 0.28662
04/16/2026 22:36:45 - INFO - utils.trainer -   Precision: 0.27708
04/16/2026 22:36:45 - INFO - utils.trainer -   Recall: 0.27092
04/16/2026 22:36:45 - INFO - utils.trainer -   F_score: 0.24177
04/16/2026 22:36:45 - INFO - utils.trainer -   Loss: 38.59390
04/16/2026 22:36:45 - INFO - utils.trainer -   Epoch: 14, Train loss: 37.45188, Test loss: 38.59390,Epoch time = 12.458s
04/16/2026 22:36:56 - INFO - utils.trainer -   ***** Running evaluation on test0 dataset *****
04/16/2026 22:36:59 - INFO - utils.trainer -   AUC: 0.44618
04/16/2026 22:36:59 - INFO - utils.trainer -   Accuracy: 0.21656
04/16/2026 22:36:59 - INFO - utils.trainer -   Precision: 0.21906
04/16/2026 22:36:59 - INFO - utils.trainer -   Recall: 0.21452
04/16/2026 22:36:59 - INFO - utils.trainer -   F_score: 0.21016
04/16/2026 22:36:59 - INFO - utils.trainer -   Loss: 33.80833
04/16/2026 22:36:59 - INFO - utils.trainer -   Epoch: 15, Train loss: 34.35630, Test loss: 33.80833,Epoch time = 11.497s
04/16/2026 22:37:10 - INFO - utils.trainer -   ***** Running evaluation on test0 dataset *****
04/16/2026 22:37:12 - INFO - utils.trainer -   AUC: 0.50941
04/16/2026 22:37:12 - INFO - utils.trainer -   Accuracy: 0.24204
04/16/2026 22:37:12 - INFO - utils.trainer -   Precision: 0.22928
04/16/2026 22:37:12 - INFO - utils.trainer -   Recall: 0.23258
04/16/2026 22:37:12 - INFO - utils.trainer -   F_score: 0.21604
04/16/2026 22:37:12 - INFO - utils.trainer -   Loss: 31.49282
04/16/2026 22:37:12 - INFO - utils.trainer -   Epoch: 16, Train loss: 31.59298, Test loss: 31.49282,Epoch time = 11.504s
04/16/2026 22:37:24 - INFO - utils.trainer -   ***** Running evaluation on test0 dataset *****
04/16/2026 22:37:26 - INFO - utils.trainer -   AUC: 0.44488
04/16/2026 22:37:26 - INFO - utils.trainer -   Accuracy: 0.21019
04/16/2026 22:37:26 - INFO - utils.trainer -   Precision: 0.17577
04/16/2026 22:37:26 - INFO - utils.trainer -   Recall: 0.19934
04/16/2026 22:37:26 - INFO - utils.trainer -   F_score: 0.18111
04/16/2026 22:37:26 - INFO - utils.trainer -   Loss: 29.04681
04/16/2026 22:37:26 - INFO - utils.trainer -   Epoch: 17, Train loss: 28.30692, Test loss: 29.04681,Epoch time = 11.493s
04/16/2026 22:37:38 - INFO - utils.trainer -   ***** Running evaluation on test0 dataset *****
04/16/2026 22:37:40 - INFO - utils.trainer -   AUC: 0.55005
04/16/2026 22:37:40 - INFO - utils.trainer -   Accuracy: 0.29936
04/16/2026 22:37:40 - INFO - utils.trainer -   Precision: 0.29363
04/16/2026 22:37:40 - INFO - utils.trainer -   Recall: 0.29360
04/16/2026 22:37:40 - INFO - utils.trainer -   F_score: 0.27773
04/16/2026 22:37:40 - INFO - utils.trainer -   Loss: 26.47476
04/16/2026 22:37:40 - INFO - utils.trainer -   Epoch: 18, Train loss: 26.68796, Test loss: 26.47476,Epoch time = 11.608s
04/16/2026 22:37:53 - INFO - utils.trainer -   ***** Running evaluation on test0 dataset *****
04/16/2026 22:37:55 - INFO - utils.trainer -   AUC: 0.48167
04/16/2026 22:37:55 - INFO - utils.trainer -   Accuracy: 0.24204
04/16/2026 22:37:55 - INFO - utils.trainer -   Precision: 0.21713
04/16/2026 22:37:55 - INFO - utils.trainer -   Recall: 0.22344
04/16/2026 22:37:55 - INFO - utils.trainer -   F_score: 0.17102
04/16/2026 22:37:55 - INFO - utils.trainer -   Loss: 24.52368
04/16/2026 22:37:55 - INFO - utils.trainer -   Epoch: 19, Train loss: 24.65571, Test loss: 24.52368,Epoch time = 13.060s
04/16/2026 22:38:07 - INFO - utils.trainer -   ***** Running evaluation on test0 dataset *****
04/16/2026 22:38:09 - INFO - utils.trainer -   AUC: 0.51912
04/16/2026 22:38:09 - INFO - utils.trainer -   Accuracy: 0.22930
04/16/2026 22:38:09 - INFO - utils.trainer -   Precision: 0.16396
04/16/2026 22:38:09 - INFO - utils.trainer -   Recall: 0.22608
04/16/2026 22:38:09 - INFO - utils.trainer -   F_score: 0.17944
04/16/2026 22:38:09 - INFO - utils.trainer -   Loss: 22.40990
04/16/2026 22:38:09 - INFO - utils.trainer -   Epoch: 20, Train loss: 22.72063, Test loss: 22.40990,Epoch time = 11.306s
04/16/2026 22:38:22 - INFO - utils.trainer -   ***** Running evaluation on test0 dataset *****
04/16/2026 22:38:25 - INFO - utils.trainer -   AUC: 0.48754
04/16/2026 22:38:25 - INFO - utils.trainer -   Accuracy: 0.26115
04/16/2026 22:38:25 - INFO - utils.trainer -   Precision: 0.30797
04/16/2026 22:38:25 - INFO - utils.trainer -   Recall: 0.26522
04/16/2026 22:38:25 - INFO - utils.trainer -   F_score: 0.24565
04/16/2026 22:38:25 - INFO - utils.trainer -   Loss: 21.17829
04/16/2026 22:38:25 - INFO - utils.trainer -   Epoch: 21, Train loss: 21.40901, Test loss: 21.17829,Epoch time = 12.973s
04/16/2026 22:38:37 - INFO - utils.trainer -   ***** Running evaluation on test0 dataset *****
04/16/2026 22:38:40 - INFO - utils.trainer -   AUC: 0.46319
04/16/2026 22:38:40 - INFO - utils.trainer -   Accuracy: 0.22293
04/16/2026 22:38:40 - INFO - utils.trainer -   Precision: 0.24451
04/16/2026 22:38:40 - INFO - utils.trainer -   Recall: 0.21967
04/16/2026 22:38:40 - INFO - utils.trainer -   F_score: 0.21684
04/16/2026 22:38:40 - INFO - utils.trainer -   Loss: 20.12549
04/16/2026 22:38:40 - INFO - utils.trainer -   Epoch: 22, Train loss: 20.33065, Test loss: 20.12549,Epoch time = 12.858s
04/16/2026 22:38:52 - INFO - utils.trainer -   ***** Running evaluation on test0 dataset *****
04/16/2026 22:38:54 - INFO - utils.trainer -   AUC: 0.40805
04/16/2026 22:38:54 - INFO - utils.trainer -   Accuracy: 0.24204
04/16/2026 22:38:54 - INFO - utils.trainer -   Precision: 0.21289
04/16/2026 22:38:54 - INFO - utils.trainer -   Recall: 0.22721
04/16/2026 22:38:54 - INFO - utils.trainer -   F_score: 0.19354
04/16/2026 22:38:54 - INFO - utils.trainer -   Loss: 18.61939
04/16/2026 22:38:54 - INFO - utils.trainer -   Epoch: 23, Train loss: 18.99768, Test loss: 18.61939,Epoch time = 12.463s
04/16/2026 22:39:07 - INFO - utils.trainer -   ***** Running evaluation on test0 dataset *****
04/16/2026 22:39:10 - INFO - utils.trainer -   AUC: 0.49242
04/16/2026 22:39:10 - INFO - utils.trainer -   Accuracy: 0.24841
04/16/2026 22:39:10 - INFO - utils.trainer -   Precision: 0.22273
04/16/2026 22:39:10 - INFO - utils.trainer -   Recall: 0.23020
04/16/2026 22:39:10 - INFO - utils.trainer -   F_score: 0.18308
04/16/2026 22:39:10 - INFO - utils.trainer -   Loss: 17.30724
04/16/2026 22:39:10 - INFO - utils.trainer -   Epoch: 24, Train loss: 17.86429, Test loss: 17.30724,Epoch time = 12.681s
04/16/2026 22:39:22 - INFO - utils.trainer -   ***** Running evaluation on test0 dataset *****
04/16/2026 22:39:25 - INFO - utils.trainer -   AUC: 0.49937
04/16/2026 22:39:25 - INFO - utils.trainer -   Accuracy: 0.29936
04/16/2026 22:39:25 - INFO - utils.trainer -   Precision: 0.28396
04/16/2026 22:39:25 - INFO - utils.trainer -   Recall: 0.27871
04/16/2026 22:39:25 - INFO - utils.trainer -   F_score: 0.22456
04/16/2026 22:39:25 - INFO - utils.trainer -   Loss: 16.95113
04/16/2026 22:39:25 - INFO - utils.trainer -   Epoch: 25, Train loss: 16.77022, Test loss: 16.95113,Epoch time = 12.855s
04/16/2026 22:39:36 - INFO - utils.trainer -   ***** Running evaluation on test0 dataset *****
04/16/2026 22:39:39 - INFO - utils.trainer -   AUC: 0.48399
04/16/2026 22:39:39 - INFO - utils.trainer -   Accuracy: 0.24841
04/16/2026 22:39:39 - INFO - utils.trainer -   Precision: 0.21628
04/16/2026 22:39:39 - INFO - utils.trainer -   Recall: 0.23110
04/16/2026 22:39:39 - INFO - utils.trainer -   F_score: 0.18577
04/16/2026 22:39:39 - INFO - utils.trainer -   Loss: 16.08305
04/16/2026 22:39:39 - INFO - utils.trainer -   Epoch: 26, Train loss: 15.80343, Test loss: 16.08305,Epoch time = 11.853s
04/16/2026 22:39:51 - INFO - utils.trainer -   ***** Running evaluation on test0 dataset *****
04/16/2026 22:39:53 - INFO - utils.trainer -   AUC: 0.48491
04/16/2026 22:39:53 - INFO - utils.trainer -   Accuracy: 0.27389
04/16/2026 22:39:53 - INFO - utils.trainer -   Precision: 0.27945
04/16/2026 22:39:53 - INFO - utils.trainer -   Recall: 0.26656
04/16/2026 22:39:53 - INFO - utils.trainer -   F_score: 0.25499
04/16/2026 22:39:53 - INFO - utils.trainer -   Loss: 15.24355
04/16/2026 22:39:53 - INFO - utils.trainer -   Epoch: 27, Train loss: 15.00514, Test loss: 15.24355,Epoch time = 12.113s
04/16/2026 22:40:04 - INFO - utils.trainer -   ***** Running evaluation on test0 dataset *****
04/16/2026 22:40:07 - INFO - utils.trainer -   AUC: 0.50274
04/16/2026 22:40:07 - INFO - utils.trainer -   Accuracy: 0.23567
04/16/2026 22:40:07 - INFO - utils.trainer -   Precision: 0.19942
04/16/2026 22:40:07 - INFO - utils.trainer -   Recall: 0.21579
04/16/2026 22:40:07 - INFO - utils.trainer -   F_score: 0.15462
04/16/2026 22:40:07 - INFO - utils.trainer -   Loss: 14.44593
04/16/2026 22:40:07 - INFO - utils.trainer -   Epoch: 28, Train loss: 14.33073, Test loss: 14.44593,Epoch time = 11.664s
04/16/2026 22:40:18 - INFO - utils.trainer -   ***** Running evaluation on test0 dataset *****
04/16/2026 22:40:20 - INFO - utils.trainer -   AUC: 0.49082
04/16/2026 22:40:20 - INFO - utils.trainer -   Accuracy: 0.25478
04/16/2026 22:40:20 - INFO - utils.trainer -   Precision: 0.23584
04/16/2026 22:40:20 - INFO - utils.trainer -   Recall: 0.23301
04/16/2026 22:40:20 - INFO - utils.trainer -   F_score: 0.16207
04/16/2026 22:40:20 - INFO - utils.trainer -   Loss: 13.70741
04/16/2026 22:40:20 - INFO - utils.trainer -   Epoch: 29, Train loss: 13.74127, Test loss: 13.70741,Epoch time = 11.792s
04/16/2026 22:40:31 - INFO - utils.trainer -   ***** Running evaluation on test0 dataset *****
04/16/2026 22:40:33 - INFO - utils.trainer -   AUC: 0.42395
04/16/2026 22:40:33 - INFO - utils.trainer -   Accuracy: 0.22930
04/16/2026 22:40:33 - INFO - utils.trainer -   Precision: 0.12591
04/16/2026 22:40:33 - INFO - utils.trainer -   Recall: 0.20544
04/16/2026 22:40:33 - INFO - utils.trainer -   F_score: 0.10806
04/16/2026 22:40:33 - INFO - utils.trainer -   Loss: 13.23237
04/16/2026 22:40:33 - INFO - utils.trainer -   Epoch: 30, Train loss: 13.01259, Test loss: 13.23237,Epoch time = 10.830s
04/16/2026 22:40:44 - INFO - utils.trainer -   ***** Running evaluation on test0 dataset *****
04/16/2026 22:40:46 - INFO - utils.trainer -   AUC: 0.50201
04/16/2026 22:40:46 - INFO - utils.trainer -   Accuracy: 0.27389
04/16/2026 22:40:46 - INFO - utils.trainer -   Precision: 0.26404
04/16/2026 22:40:46 - INFO - utils.trainer -   Recall: 0.26870
04/16/2026 22:40:46 - INFO - utils.trainer -   F_score: 0.25969
04/16/2026 22:40:46 - INFO - utils.trainer -   Loss: 12.55087
04/16/2026 22:40:46 - INFO - utils.trainer -   Epoch: 31, Train loss: 12.47165, Test loss: 12.55087,Epoch time = 10.686s
04/16/2026 22:40:58 - INFO - utils.trainer -   ***** Running evaluation on test0 dataset *****
04/16/2026 22:41:00 - INFO - utils.trainer -   AUC: 0.50262
04/16/2026 22:41:00 - INFO - utils.trainer -   Accuracy: 0.26115
04/16/2026 22:41:00 - INFO - utils.trainer -   Precision: 0.24710
04/16/2026 22:41:00 - INFO - utils.trainer -   Recall: 0.23672
04/16/2026 22:41:00 - INFO - utils.trainer -   F_score: 0.14623
04/16/2026 22:41:00 - INFO - utils.trainer -   Loss: 12.17361
04/16/2026 22:41:00 - INFO - utils.trainer -   Epoch: 32, Train loss: 12.13716, Test loss: 12.17361,Epoch time = 11.613s
04/16/2026 22:41:10 - INFO - utils.trainer -   ***** Running evaluation on test0 dataset *****
04/16/2026 22:41:12 - INFO - utils.trainer -   AUC: 0.47533
04/16/2026 22:41:12 - INFO - utils.trainer -   Accuracy: 0.28025
04/16/2026 22:41:12 - INFO - utils.trainer -   Precision: 0.18153
04/16/2026 22:41:12 - INFO - utils.trainer -   Recall: 0.25359
04/16/2026 22:41:12 - INFO - utils.trainer -   F_score: 0.15008
04/16/2026 22:41:12 - INFO - utils.trainer -   Loss: 11.43769
04/16/2026 22:41:12 - INFO - utils.trainer -   Epoch: 33, Train loss: 11.47806, Test loss: 11.43769,Epoch time = 10.481s
04/16/2026 22:41:23 - INFO - utils.trainer -   ***** Running evaluation on test0 dataset *****
04/16/2026 22:41:25 - INFO - utils.trainer -   AUC: 0.48768
04/16/2026 22:41:25 - INFO - utils.trainer -   Accuracy: 0.27389
04/16/2026 22:41:25 - INFO - utils.trainer -   Precision: 0.18852
04/16/2026 22:41:25 - INFO - utils.trainer -   Recall: 0.25060
04/16/2026 22:41:25 - INFO - utils.trainer -   F_score: 0.17228
04/16/2026 22:41:25 - INFO - utils.trainer -   Loss: 11.04915
04/16/2026 22:41:25 - INFO - utils.trainer -   Epoch: 34, Train loss: 11.20233, Test loss: 11.04915,Epoch time = 10.871s
04/16/2026 22:41:38 - INFO - utils.trainer -   ***** Running evaluation on test0 dataset *****
04/16/2026 22:41:40 - INFO - utils.trainer -   AUC: 0.49115
04/16/2026 22:41:40 - INFO - utils.trainer -   Accuracy: 0.28662
04/16/2026 22:41:40 - INFO - utils.trainer -   Precision: 0.41342
04/16/2026 22:41:40 - INFO - utils.trainer -   Recall: 0.26591
04/16/2026 22:41:40 - INFO - utils.trainer -   F_score: 0.21121
04/16/2026 22:41:40 - INFO - utils.trainer -   Loss: 10.78102
04/16/2026 22:41:40 - INFO - utils.trainer -   Epoch: 35, Train loss: 10.63974, Test loss: 10.78102,Epoch time = 12.535s
04/16/2026 22:41:52 - INFO - utils.trainer -   ***** Running evaluation on test0 dataset *****
04/16/2026 22:41:54 - INFO - utils.trainer -   AUC: 0.51529
04/16/2026 22:41:54 - INFO - utils.trainer -   Accuracy: 0.26752
04/16/2026 22:41:54 - INFO - utils.trainer -   Precision: 0.25357
04/16/2026 22:41:54 - INFO - utils.trainer -   Recall: 0.24240
04/16/2026 22:41:54 - INFO - utils.trainer -   F_score: 0.14951
04/16/2026 22:41:54 - INFO - utils.trainer -   Loss: 10.21156
04/16/2026 22:41:54 - INFO - utils.trainer -   Epoch: 36, Train loss: 10.26614, Test loss: 10.21156,Epoch time = 12.006s
04/16/2026 22:42:06 - INFO - utils.trainer -   ***** Running evaluation on test0 dataset *****
04/16/2026 22:42:08 - INFO - utils.trainer -   AUC: 0.48051
04/16/2026 22:42:08 - INFO - utils.trainer -   Accuracy: 0.27389
04/16/2026 22:42:08 - INFO - utils.trainer -   Precision: 0.19971
04/16/2026 22:42:08 - INFO - utils.trainer -   Recall: 0.24719
04/16/2026 22:42:08 - INFO - utils.trainer -   F_score: 0.14102
04/16/2026 22:42:08 - INFO - utils.trainer -   Loss: 9.92960
04/16/2026 22:42:08 - INFO - utils.trainer -   Epoch: 37, Train loss: 9.81422, Test loss: 9.92960,Epoch time = 12.253s
04/16/2026 22:42:19 - INFO - utils.trainer -   ***** Running evaluation on test0 dataset *****
04/16/2026 22:42:21 - INFO - utils.trainer -   AUC: 0.49689
04/16/2026 22:42:21 - INFO - utils.trainer -   Accuracy: 0.29936
04/16/2026 22:42:21 - INFO - utils.trainer -   Precision: 0.27469
04/16/2026 22:42:21 - INFO - utils.trainer -   Recall: 0.27906
04/16/2026 22:42:21 - INFO - utils.trainer -   F_score: 0.22166
04/16/2026 22:42:21 - INFO - utils.trainer -   Loss: 9.59726
04/16/2026 22:42:21 - INFO - utils.trainer -   Epoch: 38, Train loss: 9.51243, Test loss: 9.59726,Epoch time = 11.455s
04/16/2026 22:42:32 - INFO - utils.trainer -   ***** Running evaluation on test0 dataset *****
04/16/2026 22:42:34 - INFO - utils.trainer -   AUC: 0.51637
04/16/2026 22:42:34 - INFO - utils.trainer -   Accuracy: 0.28662
04/16/2026 22:42:34 - INFO - utils.trainer -   Precision: 0.23988
04/16/2026 22:42:34 - INFO - utils.trainer -   Recall: 0.26483
04/16/2026 22:42:34 - INFO - utils.trainer -   F_score: 0.19569
04/16/2026 22:42:34 - INFO - utils.trainer -   Loss: 9.21424
04/16/2026 22:42:34 - INFO - utils.trainer -   Epoch: 39, Train loss: 9.18850, Test loss: 9.21424,Epoch time = 10.795s
04/16/2026 22:42:45 - INFO - utils.trainer -   ***** Running evaluation on test0 dataset *****
04/16/2026 22:42:47 - INFO - utils.trainer -   AUC: 0.49808
04/16/2026 22:42:47 - INFO - utils.trainer -   Accuracy: 0.26115
04/16/2026 22:42:47 - INFO - utils.trainer -   Precision: 0.07021
04/16/2026 22:42:47 - INFO - utils.trainer -   Recall: 0.23295
04/16/2026 22:42:47 - INFO - utils.trainer -   F_score: 0.10789
04/16/2026 22:42:47 - INFO - utils.trainer -   Loss: 9.00877
04/16/2026 22:42:47 - INFO - utils.trainer -   Epoch: 40, Train loss: 8.91931, Test loss: 9.00877,Epoch time = 11.090s
04/16/2026 22:42:59 - INFO - utils.trainer -   ***** Running evaluation on test0 dataset *****
04/16/2026 22:43:01 - INFO - utils.trainer -   AUC: 0.48347
04/16/2026 22:43:01 - INFO - utils.trainer -   Accuracy: 0.26752
04/16/2026 22:43:01 - INFO - utils.trainer -   Precision: 0.22921
04/16/2026 22:43:01 - INFO - utils.trainer -   Recall: 0.24061
04/16/2026 22:43:01 - INFO - utils.trainer -   F_score: 0.12919
04/16/2026 22:43:01 - INFO - utils.trainer -   Loss: 8.70881
04/16/2026 22:43:01 - INFO - utils.trainer -   Epoch: 41, Train loss: 8.55672, Test loss: 8.70881,Epoch time = 12.173s
04/16/2026 22:43:13 - INFO - utils.trainer -   ***** Running evaluation on test0 dataset *****
04/16/2026 22:43:15 - INFO - utils.trainer -   AUC: 0.50399
04/16/2026 22:43:15 - INFO - utils.trainer -   Accuracy: 0.26115
04/16/2026 22:43:15 - INFO - utils.trainer -   Precision: 0.25357
04/16/2026 22:43:15 - INFO - utils.trainer -   Recall: 0.23654
04/16/2026 22:43:15 - INFO - utils.trainer -   F_score: 0.14609
04/16/2026 22:43:15 - INFO - utils.trainer -   Loss: 8.46903
04/16/2026 22:43:15 - INFO - utils.trainer -   Epoch: 42, Train loss: 8.42105, Test loss: 8.46903,Epoch time = 11.410s
04/16/2026 22:43:26 - INFO - utils.trainer -   ***** Running evaluation on test0 dataset *****
04/16/2026 22:43:28 - INFO - utils.trainer -   AUC: 0.50892
04/16/2026 22:43:28 - INFO - utils.trainer -   Accuracy: 0.27389
04/16/2026 22:43:28 - INFO - utils.trainer -   Precision: 0.36788
04/16/2026 22:43:28 - INFO - utils.trainer -   Recall: 0.24629
04/16/2026 22:43:28 - INFO - utils.trainer -   F_score: 0.12991
04/16/2026 22:43:28 - INFO - utils.trainer -   Loss: 8.05308
04/16/2026 22:43:28 - INFO - utils.trainer -   Epoch: 43, Train loss: 8.24244, Test loss: 8.05308,Epoch time = 11.284s
04/16/2026 22:43:39 - INFO - utils.trainer -   ***** Running evaluation on test0 dataset *****
04/16/2026 22:43:41 - INFO - utils.trainer -   AUC: 0.46993
04/16/2026 22:43:41 - INFO - utils.trainer -   Accuracy: 0.27389
04/16/2026 22:43:41 - INFO - utils.trainer -   Precision: 0.19473
04/16/2026 22:43:41 - INFO - utils.trainer -   Recall: 0.24611
04/16/2026 22:43:41 - INFO - utils.trainer -   F_score: 0.13114
04/16/2026 22:43:41 - INFO - utils.trainer -   Loss: 8.00522
04/16/2026 22:43:41 - INFO - utils.trainer -   Epoch: 44, Train loss: 8.00449, Test loss: 8.00522,Epoch time = 10.793s
04/16/2026 22:43:53 - INFO - utils.trainer -   ***** Running evaluation on test0 dataset *****
04/16/2026 22:43:55 - INFO - utils.trainer -   AUC: 0.52151
04/16/2026 22:43:55 - INFO - utils.trainer -   Accuracy: 0.28662
04/16/2026 22:43:55 - INFO - utils.trainer -   Precision: 0.25022
04/16/2026 22:43:55 - INFO - utils.trainer -   Recall: 0.26035
04/16/2026 22:43:55 - INFO - utils.trainer -   F_score: 0.16678
04/16/2026 22:43:55 - INFO - utils.trainer -   Loss: 7.66296
04/16/2026 22:43:55 - INFO - utils.trainer -   Epoch: 45, Train loss: 7.77984, Test loss: 7.66296,Epoch time = 11.278s
04/16/2026 22:44:06 - INFO - utils.trainer -   ***** Running evaluation on test0 dataset *****
04/16/2026 22:44:09 - INFO - utils.trainer -   AUC: 0.50928
04/16/2026 22:44:09 - INFO - utils.trainer -   Accuracy: 0.28662
04/16/2026 22:44:09 - INFO - utils.trainer -   Precision: 0.36082
04/16/2026 22:44:09 - INFO - utils.trainer -   Recall: 0.26142
04/16/2026 22:44:09 - INFO - utils.trainer -   F_score: 0.17391
04/16/2026 22:44:09 - INFO - utils.trainer -   Loss: 7.43359
04/16/2026 22:44:09 - INFO - utils.trainer -   Epoch: 46, Train loss: 7.52906, Test loss: 7.43359,Epoch time = 11.548s
04/16/2026 22:44:23 - INFO - utils.trainer -   ***** Running evaluation on test0 dataset *****
04/16/2026 22:44:25 - INFO - utils.trainer -   AUC: 0.52784
04/16/2026 22:44:25 - INFO - utils.trainer -   Accuracy: 0.29936
04/16/2026 22:44:25 - INFO - utils.trainer -   Precision: 0.38549
04/16/2026 22:44:25 - INFO - utils.trainer -   Recall: 0.27368
04/16/2026 22:44:25 - INFO - utils.trainer -   F_score: 0.18915
04/16/2026 22:44:25 - INFO - utils.trainer -   Loss: 7.40653
04/16/2026 22:44:25 - INFO - utils.trainer -   Epoch: 47, Train loss: 7.36850, Test loss: 7.40653,Epoch time = 14.139s
04/16/2026 22:44:39 - INFO - utils.trainer -   ***** Running evaluation on test0 dataset *****
04/16/2026 22:44:41 - INFO - utils.trainer -   AUC: 0.49202
04/16/2026 22:44:41 - INFO - utils.trainer -   Accuracy: 0.25478
04/16/2026 22:44:41 - INFO - utils.trainer -   Precision: 0.06667
04/16/2026 22:44:41 - INFO - utils.trainer -   Recall: 0.22727
04/16/2026 22:44:41 - INFO - utils.trainer -   F_score: 0.10309
04/16/2026 22:44:41 - INFO - utils.trainer -   Loss: 7.12071
04/16/2026 22:44:41 - INFO - utils.trainer -   Epoch: 48, Train loss: 7.12715, Test loss: 7.12071,Epoch time = 14.005s
04/16/2026 22:44:54 - INFO - utils.trainer -   ***** Running evaluation on test0 dataset *****
04/16/2026 22:44:56 - INFO - utils.trainer -   AUC: 0.49095
04/16/2026 22:44:56 - INFO - utils.trainer -   Accuracy: 0.29936
04/16/2026 22:44:56 - INFO - utils.trainer -   Precision: 0.44690
04/16/2026 22:44:56 - INFO - utils.trainer -   Recall: 0.26974
04/16/2026 22:44:56 - INFO - utils.trainer -   F_score: 0.14918
04/16/2026 22:44:56 - INFO - utils.trainer -   Loss: 6.89438
04/16/2026 22:44:56 - INFO - utils.trainer -   Epoch: 49, Train loss: 6.98964, Test loss: 6.89438,Epoch time = 12.030s
04/16/2026 22:45:09 - INFO - utils.trainer -   ***** Running evaluation on test0 dataset *****
04/16/2026 22:45:11 - INFO - utils.trainer -   AUC: 0.51734
04/16/2026 22:45:11 - INFO - utils.trainer -   Accuracy: 0.28025
04/16/2026 22:45:11 - INFO - utils.trainer -   Precision: 0.35516
04/16/2026 22:45:11 - INFO - utils.trainer -   Recall: 0.25753
04/16/2026 22:45:11 - INFO - utils.trainer -   F_score: 0.18857
04/16/2026 22:45:11 - INFO - utils.trainer -   Loss: 6.72345
04/16/2026 22:45:11 - INFO - utils.trainer -   Epoch: 50, Train loss: 6.81657, Test loss: 6.72345,Epoch time = 13.125s
04/16/2026 22:45:26 - INFO - utils.trainer -   ***** Running evaluation on test0 dataset *****
04/16/2026 22:45:28 - INFO - utils.trainer -   AUC: 0.51725
04/16/2026 22:45:28 - INFO - utils.trainer -   Accuracy: 0.26752
04/16/2026 22:45:28 - INFO - utils.trainer -   Precision: 0.27646
04/16/2026 22:45:28 - INFO - utils.trainer -   Recall: 0.24940
04/16/2026 22:45:28 - INFO - utils.trainer -   F_score: 0.20552
04/16/2026 22:45:28 - INFO - utils.trainer -   Loss: 6.57765
04/16/2026 22:45:28 - INFO - utils.trainer -   Epoch: 51, Train loss: 6.64932, Test loss: 6.57765,Epoch time = 14.150s
04/16/2026 22:45:41 - INFO - utils.trainer -   ***** Running evaluation on test0 dataset *****
04/16/2026 22:45:43 - INFO - utils.trainer -   AUC: 0.51698
04/16/2026 22:45:43 - INFO - utils.trainer -   Accuracy: 0.29299
04/16/2026 22:45:43 - INFO - utils.trainer -   Precision: 0.30060
04/16/2026 22:45:43 - INFO - utils.trainer -   Recall: 0.27338
04/16/2026 22:45:43 - INFO - utils.trainer -   F_score: 0.21690
04/16/2026 22:45:43 - INFO - utils.trainer -   Loss: 6.60098
04/16/2026 22:45:43 - INFO - utils.trainer -   Epoch: 52, Train loss: 6.52381, Test loss: 6.60098,Epoch time = 13.378s
04/16/2026 22:45:55 - INFO - utils.trainer -   ***** Running evaluation on test0 dataset *****
04/16/2026 22:45:58 - INFO - utils.trainer -   AUC: 0.45687
04/16/2026 22:45:58 - INFO - utils.trainer -   Accuracy: 0.24841
04/16/2026 22:45:58 - INFO - utils.trainer -   Precision: 0.21656
04/16/2026 22:45:58 - INFO - utils.trainer -   Recall: 0.23110
04/16/2026 22:45:58 - INFO - utils.trainer -   F_score: 0.18163
04/16/2026 22:45:58 - INFO - utils.trainer -   Loss: 6.35176
04/16/2026 22:45:58 - INFO - utils.trainer -   Epoch: 53, Train loss: 6.41124, Test loss: 6.35176,Epoch time = 11.848s
04/16/2026 22:46:10 - INFO - utils.trainer -   ***** Running evaluation on test0 dataset *****
04/16/2026 22:46:12 - INFO - utils.trainer -   AUC: 0.51924
04/16/2026 22:46:12 - INFO - utils.trainer -   Accuracy: 0.27389
04/16/2026 22:46:12 - INFO - utils.trainer -   Precision: 0.06891
04/16/2026 22:46:12 - INFO - utils.trainer -   Recall: 0.24432
04/16/2026 22:46:12 - INFO - utils.trainer -   F_score: 0.10750
04/16/2026 22:46:12 - INFO - utils.trainer -   Loss: 6.24057
04/16/2026 22:46:12 - INFO - utils.trainer -   Epoch: 54, Train loss: 6.23261, Test loss: 6.24057,Epoch time = 12.541s
04/16/2026 22:46:26 - INFO - utils.trainer -   ***** Running evaluation on test0 dataset *****
04/16/2026 22:46:28 - INFO - utils.trainer -   AUC: 0.46987
04/16/2026 22:46:28 - INFO - utils.trainer -   Accuracy: 0.29299
04/16/2026 22:46:28 - INFO - utils.trainer -   Precision: 0.57097
04/16/2026 22:46:28 - INFO - utils.trainer -   Recall: 0.26334
04/16/2026 22:46:28 - INFO - utils.trainer -   F_score: 0.13653
04/16/2026 22:46:28 - INFO - utils.trainer -   Loss: 6.03137
04/16/2026 22:46:28 - INFO - utils.trainer -   Epoch: 55, Train loss: 6.11629, Test loss: 6.03137,Epoch time = 13.513s
04/16/2026 22:46:42 - INFO - utils.trainer -   ***** Running evaluation on test0 dataset *****
04/16/2026 22:46:44 - INFO - utils.trainer -   AUC: 0.56978
04/16/2026 22:46:44 - INFO - utils.trainer -   Accuracy: 0.28025
04/16/2026 22:46:44 - INFO - utils.trainer -   Precision: 0.15314
04/16/2026 22:46:44 - INFO - utils.trainer -   Recall: 0.25090
04/16/2026 22:46:44 - INFO - utils.trainer -   F_score: 0.12078
04/16/2026 22:46:44 - INFO - utils.trainer -   Loss: 5.86521
04/16/2026 22:46:44 - INFO - utils.trainer -   Epoch: 56, Train loss: 5.98493, Test loss: 5.86521,Epoch time = 13.866s
04/16/2026 22:46:57 - INFO - utils.trainer -   ***** Running evaluation on test0 dataset *****
04/16/2026 22:46:59 - INFO - utils.trainer -   AUC: 0.44381
04/16/2026 22:46:59 - INFO - utils.trainer -   Accuracy: 0.28025
04/16/2026 22:46:59 - INFO - utils.trainer -   Precision: 0.19481
04/16/2026 22:46:59 - INFO - utils.trainer -   Recall: 0.25090
04/16/2026 22:46:59 - INFO - utils.trainer -   F_score: 0.12109
04/16/2026 22:46:59 - INFO - utils.trainer -   Loss: 5.78533
04/16/2026 22:46:59 - INFO - utils.trainer -   Epoch: 57, Train loss: 5.83052, Test loss: 5.78533,Epoch time = 12.593s
04/16/2026 22:47:11 - INFO - utils.trainer -   ***** Running evaluation on test0 dataset *****
04/16/2026 22:47:14 - INFO - utils.trainer -   AUC: 0.59139
04/16/2026 22:47:14 - INFO - utils.trainer -   Accuracy: 0.28025
04/16/2026 22:47:14 - INFO - utils.trainer -   Precision: 0.07051
04/16/2026 22:47:14 - INFO - utils.trainer -   Recall: 0.25000
04/16/2026 22:47:14 - INFO - utils.trainer -   F_score: 0.11000
04/16/2026 22:47:14 - INFO - utils.trainer -   Loss: 5.76457
04/16/2026 22:47:14 - INFO - utils.trainer -   Epoch: 58, Train loss: 5.77303, Test loss: 5.76457,Epoch time = 12.441s
04/16/2026 22:47:27 - INFO - utils.trainer -   ***** Running evaluation on test0 dataset *****
04/16/2026 22:47:29 - INFO - utils.trainer -   AUC: 0.46952
04/16/2026 22:47:29 - INFO - utils.trainer -   Accuracy: 0.28025
04/16/2026 22:47:29 - INFO - utils.trainer -   Precision: 0.31981
04/16/2026 22:47:29 - INFO - utils.trainer -   Recall: 0.25090
04/16/2026 22:47:29 - INFO - utils.trainer -   F_score: 0.12141
04/16/2026 22:47:29 - INFO - utils.trainer -   Loss: 5.51946
04/16/2026 22:47:29 - INFO - utils.trainer -   Epoch: 59, Train loss: 5.58584, Test loss: 5.51946,Epoch time = 13.565s
04/16/2026 22:47:42 - INFO - utils.trainer -   ***** Running evaluation on test0 dataset *****
04/16/2026 22:47:44 - INFO - utils.trainer -   AUC: 0.50803
04/16/2026 22:47:44 - INFO - utils.trainer -   Accuracy: 0.28025
04/16/2026 22:47:44 - INFO - utils.trainer -   Precision: 0.07097
04/16/2026 22:47:44 - INFO - utils.trainer -   Recall: 0.25000
04/16/2026 22:47:44 - INFO - utils.trainer -   F_score: 0.11055
04/16/2026 22:47:44 - INFO - utils.trainer -   Loss: 5.45969
04/16/2026 22:47:44 - INFO - utils.trainer -   Epoch: 60, Train loss: 5.48894, Test loss: 5.45969,Epoch time = 13.011s
04/16/2026 22:47:56 - INFO - utils.trainer -   ***** Running evaluation on test0 dataset *****
04/16/2026 22:47:59 - INFO - utils.trainer -   AUC: 0.47820
04/16/2026 22:47:59 - INFO - utils.trainer -   Accuracy: 0.28025
04/16/2026 22:47:59 - INFO - utils.trainer -   Precision: 0.07006
04/16/2026 22:47:59 - INFO - utils.trainer -   Recall: 0.25000
04/16/2026 22:47:59 - INFO - utils.trainer -   F_score: 0.10945
04/16/2026 22:47:59 - INFO - utils.trainer -   Loss: 5.51153
04/16/2026 22:47:59 - INFO - utils.trainer -   Epoch: 61, Train loss: 5.40099, Test loss: 5.51153,Epoch time = 12.331s
04/16/2026 22:48:10 - INFO - utils.trainer -   ***** Running evaluation on test0 dataset *****
04/16/2026 22:48:13 - INFO - utils.trainer -   AUC: 0.47073
04/16/2026 22:48:13 - INFO - utils.trainer -   Accuracy: 0.26115
04/16/2026 22:48:13 - INFO - utils.trainer -   Precision: 0.06656
04/16/2026 22:48:13 - INFO - utils.trainer -   Recall: 0.23295
04/16/2026 22:48:13 - INFO - utils.trainer -   F_score: 0.10354
04/16/2026 22:48:13 - INFO - utils.trainer -   Loss: 5.33511
04/16/2026 22:48:13 - INFO - utils.trainer -   Epoch: 62, Train loss: 5.37575, Test loss: 5.33511,Epoch time = 11.547s
04/16/2026 22:48:25 - INFO - utils.trainer -   ***** Running evaluation on test0 dataset *****
04/16/2026 22:48:28 - INFO - utils.trainer -   AUC: 0.53136
04/16/2026 22:48:28 - INFO - utils.trainer -   Accuracy: 0.29299
04/16/2026 22:48:28 - INFO - utils.trainer -   Precision: 0.23810
04/16/2026 22:48:28 - INFO - utils.trainer -   Recall: 0.26316
04/16/2026 22:48:28 - INFO - utils.trainer -   F_score: 0.13550
04/16/2026 22:48:28 - INFO - utils.trainer -   Loss: 5.22956
04/16/2026 22:48:28 - INFO - utils.trainer -   Epoch: 63, Train loss: 5.28202, Test loss: 5.22956,Epoch time = 12.751s
04/16/2026 22:48:41 - INFO - utils.trainer -   ***** Running evaluation on test0 dataset *****
04/16/2026 22:48:43 - INFO - utils.trainer -   AUC: 0.51331
04/16/2026 22:48:43 - INFO - utils.trainer -   Accuracy: 0.28662
04/16/2026 22:48:43 - INFO - utils.trainer -   Precision: 0.15453
04/16/2026 22:48:43 - INFO - utils.trainer -   Recall: 0.25748
04/16/2026 22:48:43 - INFO - utils.trainer -   F_score: 0.13298
04/16/2026 22:48:43 - INFO - utils.trainer -   Loss: 5.10444
04/16/2026 22:48:43 - INFO - utils.trainer -   Epoch: 64, Train loss: 5.13814, Test loss: 5.10444,Epoch time = 13.247s
04/16/2026 22:48:56 - INFO - utils.trainer -   ***** Running evaluation on test0 dataset *****
04/16/2026 22:48:58 - INFO - utils.trainer -   AUC: 0.43934
04/16/2026 22:48:58 - INFO - utils.trainer -   Accuracy: 0.26752
04/16/2026 22:48:58 - INFO - utils.trainer -   Precision: 0.06908
04/16/2026 22:48:58 - INFO - utils.trainer -   Recall: 0.23864
04/16/2026 22:48:58 - INFO - utils.trainer -   F_score: 0.10714
04/16/2026 22:48:58 - INFO - utils.trainer -   Loss: 5.03840
04/16/2026 22:48:58 - INFO - utils.trainer -   Epoch: 65, Train loss: 5.02638, Test loss: 5.03840,Epoch time = 13.278s
04/16/2026 22:49:11 - INFO - utils.trainer -   ***** Running evaluation on test0 dataset *****
04/16/2026 22:49:13 - INFO - utils.trainer -   AUC: 0.49081
04/16/2026 22:49:13 - INFO - utils.trainer -   Accuracy: 0.27389
04/16/2026 22:49:13 - INFO - utils.trainer -   Precision: 0.06981
04/16/2026 22:49:13 - INFO - utils.trainer -   Recall: 0.24432
04/16/2026 22:49:13 - INFO - utils.trainer -   F_score: 0.10859
04/16/2026 22:49:13 - INFO - utils.trainer -   Loss: 4.96279
04/16/2026 22:49:13 - INFO - utils.trainer -   Epoch: 66, Train loss: 4.98940, Test loss: 4.96279,Epoch time = 12.221s
04/16/2026 22:49:26 - INFO - utils.trainer -   ***** Running evaluation on test0 dataset *****
04/16/2026 22:49:28 - INFO - utils.trainer -   AUC: 0.47039
04/16/2026 22:49:28 - INFO - utils.trainer -   Accuracy: 0.28025
04/16/2026 22:49:28 - INFO - utils.trainer -   Precision: 0.13514
04/16/2026 22:49:28 - INFO - utils.trainer -   Recall: 0.25090
04/16/2026 22:49:28 - INFO - utils.trainer -   F_score: 0.12388
04/16/2026 22:49:28 - INFO - utils.trainer -   Loss: 4.82437
04/16/2026 22:49:28 - INFO - utils.trainer -   Epoch: 67, Train loss: 4.89374, Test loss: 4.82437,Epoch time = 12.546s
04/16/2026 22:49:42 - INFO - utils.trainer -   ***** Running evaluation on test0 dataset *****
04/16/2026 22:49:45 - INFO - utils.trainer -   AUC: 0.43703
04/16/2026 22:49:45 - INFO - utils.trainer -   Accuracy: 0.24841
04/16/2026 22:49:45 - INFO - utils.trainer -   Precision: 0.22011
04/16/2026 22:49:45 - INFO - utils.trainer -   Recall: 0.22446
04/16/2026 22:49:45 - INFO - utils.trainer -   F_score: 0.13045
04/16/2026 22:49:45 - INFO - utils.trainer -   Loss: 4.85504
04/16/2026 22:49:45 - INFO - utils.trainer -   Epoch: 68, Train loss: 4.90446, Test loss: 4.85504,Epoch time = 14.546s
04/16/2026 22:49:58 - INFO - utils.trainer -   ***** Running evaluation on test0 dataset *****
04/16/2026 22:50:01 - INFO - utils.trainer -   AUC: 0.48611
04/16/2026 22:50:01 - INFO - utils.trainer -   Accuracy: 0.28025
04/16/2026 22:50:01 - INFO - utils.trainer -   Precision: 0.19481
04/16/2026 22:50:01 - INFO - utils.trainer -   Recall: 0.25090
04/16/2026 22:50:01 - INFO - utils.trainer -   F_score: 0.12109
04/16/2026 22:50:01 - INFO - utils.trainer -   Loss: 4.72794
04/16/2026 22:50:01 - INFO - utils.trainer -   Epoch: 69, Train loss: 4.77154, Test loss: 4.72794,Epoch time = 13.656s
04/16/2026 22:50:13 - INFO - utils.trainer -   ***** Running evaluation on test0 dataset *****
04/16/2026 22:50:15 - INFO - utils.trainer -   AUC: 0.48729
04/16/2026 22:50:15 - INFO - utils.trainer -   Accuracy: 0.28662
04/16/2026 22:50:15 - INFO - utils.trainer -   Precision: 0.32051
04/16/2026 22:50:15 - INFO - utils.trainer -   Recall: 0.25658
04/16/2026 22:50:15 - INFO - utils.trainer -   F_score: 0.12282
04/16/2026 22:50:15 - INFO - utils.trainer -   Loss: 4.61171
04/16/2026 22:50:15 - INFO - utils.trainer -   Epoch: 70, Train loss: 4.73132, Test loss: 4.61171,Epoch time = 12.274s
04/16/2026 22:50:29 - INFO - utils.trainer -   ***** Running evaluation on test0 dataset *****
04/16/2026 22:50:32 - INFO - utils.trainer -   AUC: 0.54474
04/16/2026 22:50:32 - INFO - utils.trainer -   Accuracy: 0.28025
04/16/2026 22:50:32 - INFO - utils.trainer -   Precision: 0.07006
04/16/2026 22:50:32 - INFO - utils.trainer -   Recall: 0.25000
04/16/2026 22:50:32 - INFO - utils.trainer -   F_score: 0.10945
04/16/2026 22:50:32 - INFO - utils.trainer -   Loss: 4.58856
04/16/2026 22:50:32 - INFO - utils.trainer -   Epoch: 71, Train loss: 4.61684, Test loss: 4.58856,Epoch time = 13.915s
04/16/2026 22:50:45 - INFO - utils.trainer -   ***** Running evaluation on test0 dataset *****
04/16/2026 22:50:47 - INFO - utils.trainer -   AUC: 0.45502
04/16/2026 22:50:47 - INFO - utils.trainer -   Accuracy: 0.28025
04/16/2026 22:50:47 - INFO - utils.trainer -   Precision: 0.07006
04/16/2026 22:50:47 - INFO - utils.trainer -   Recall: 0.25000
04/16/2026 22:50:47 - INFO - utils.trainer -   F_score: 0.10945
04/16/2026 22:50:47 - INFO - utils.trainer -   Loss: 4.54159
04/16/2026 22:50:47 - INFO - utils.trainer -   Epoch: 72, Train loss: 4.58541, Test loss: 4.54159,Epoch time = 13.491s
04/16/2026 22:51:00 - INFO - utils.trainer -   ***** Running evaluation on test0 dataset *****
04/16/2026 22:51:02 - INFO - utils.trainer -   AUC: 0.51210
04/16/2026 22:51:02 - INFO - utils.trainer -   Accuracy: 0.28025
04/16/2026 22:51:02 - INFO - utils.trainer -   Precision: 0.15314
04/16/2026 22:51:02 - INFO - utils.trainer -   Recall: 0.25090
04/16/2026 22:51:02 - INFO - utils.trainer -   F_score: 0.12078
04/16/2026 22:51:02 - INFO - utils.trainer -   Loss: 4.48811
04/16/2026 22:51:02 - INFO - utils.trainer -   Epoch: 73, Train loss: 4.44567, Test loss: 4.48811,Epoch time = 12.982s
04/16/2026 22:51:14 - INFO - utils.trainer -   ***** Running evaluation on test0 dataset *****
04/16/2026 22:51:17 - INFO - utils.trainer -   AUC: 0.49328
04/16/2026 22:51:17 - INFO - utils.trainer -   Accuracy: 0.28025
04/16/2026 22:51:17 - INFO - utils.trainer -   Precision: 0.07051
04/16/2026 22:51:17 - INFO - utils.trainer -   Recall: 0.25000
04/16/2026 22:51:17 - INFO - utils.trainer -   F_score: 0.11000
04/16/2026 22:51:17 - INFO - utils.trainer -   Loss: 4.43190
04/16/2026 22:51:17 - INFO - utils.trainer -   Epoch: 74, Train loss: 4.43251, Test loss: 4.43190,Epoch time = 11.943s
04/16/2026 22:51:30 - INFO - utils.trainer -   ***** Running evaluation on test0 dataset *****
04/16/2026 22:51:33 - INFO - utils.trainer -   AUC: 0.51691
04/16/2026 22:51:33 - INFO - utils.trainer -   Accuracy: 0.28025
04/16/2026 22:51:33 - INFO - utils.trainer -   Precision: 0.07006
04/16/2026 22:51:33 - INFO - utils.trainer -   Recall: 0.25000
04/16/2026 22:51:33 - INFO - utils.trainer -   F_score: 0.10945
04/16/2026 22:51:33 - INFO - utils.trainer -   Loss: 4.40387
04/16/2026 22:51:33 - INFO - utils.trainer -   Epoch: 75, Train loss: 4.39056, Test loss: 4.40387,Epoch time = 13.663s
04/16/2026 22:51:46 - INFO - utils.trainer -   ***** Running evaluation on test0 dataset *****
04/16/2026 22:51:48 - INFO - utils.trainer -   AUC: 0.48726
04/16/2026 22:51:48 - INFO - utils.trainer -   Accuracy: 0.28662
04/16/2026 22:51:48 - INFO - utils.trainer -   Precision: 0.19643
04/16/2026 22:51:48 - INFO - utils.trainer -   Recall: 0.25658
04/16/2026 22:51:48 - INFO - utils.trainer -   F_score: 0.12361
04/16/2026 22:51:48 - INFO - utils.trainer -   Loss: 4.29519
04/16/2026 22:51:48 - INFO - utils.trainer -   Epoch: 76, Train loss: 4.32259, Test loss: 4.29519,Epoch time = 13.533s
04/16/2026 22:52:02 - INFO - utils.trainer -   ***** Running evaluation on test0 dataset *****
04/16/2026 22:52:04 - INFO - utils.trainer -   AUC: 0.48197
04/16/2026 22:52:04 - INFO - utils.trainer -   Accuracy: 0.28025
04/16/2026 22:52:04 - INFO - utils.trainer -   Precision: 0.07006
04/16/2026 22:52:04 - INFO - utils.trainer -   Recall: 0.25000
04/16/2026 22:52:04 - INFO - utils.trainer -   F_score: 0.10945
04/16/2026 22:52:04 - INFO - utils.trainer -   Loss: 4.25991
04/16/2026 22:52:04 - INFO - utils.trainer -   Epoch: 77, Train loss: 4.28894, Test loss: 4.25991,Epoch time = 13.686s
04/16/2026 22:52:16 - INFO - utils.trainer -   ***** Running evaluation on test0 dataset *****
04/16/2026 22:52:18 - INFO - utils.trainer -   AUC: 0.58276
04/16/2026 22:52:18 - INFO - utils.trainer -   Accuracy: 0.28025
04/16/2026 22:52:18 - INFO - utils.trainer -   Precision: 0.07006
04/16/2026 22:52:18 - INFO - utils.trainer -   Recall: 0.25000
04/16/2026 22:52:18 - INFO - utils.trainer -   F_score: 0.10945
04/16/2026 22:52:18 - INFO - utils.trainer -   Loss: 4.17993
04/16/2026 22:52:18 - INFO - utils.trainer -   Epoch: 78, Train loss: 4.23692, Test loss: 4.17993,Epoch time = 12.068s
04/16/2026 22:52:31 - INFO - utils.trainer -   ***** Running evaluation on test0 dataset *****
04/16/2026 22:52:33 - INFO - utils.trainer -   AUC: 0.48933
04/16/2026 22:52:33 - INFO - utils.trainer -   Accuracy: 0.28025
04/16/2026 22:52:33 - INFO - utils.trainer -   Precision: 0.07006
04/16/2026 22:52:33 - INFO - utils.trainer -   Recall: 0.25000
04/16/2026 22:52:33 - INFO - utils.trainer -   F_score: 0.10945
04/16/2026 22:52:33 - INFO - utils.trainer -   Loss: 4.21441
04/16/2026 22:52:33 - INFO - utils.trainer -   Epoch: 79, Train loss: 4.15454, Test loss: 4.21441,Epoch time = 12.126s
04/16/2026 22:52:45 - INFO - utils.trainer -   ***** Running evaluation on test0 dataset *****
04/16/2026 22:52:47 - INFO - utils.trainer -   AUC: 0.47501
04/16/2026 22:52:47 - INFO - utils.trainer -   Accuracy: 0.28025
04/16/2026 22:52:47 - INFO - utils.trainer -   Precision: 0.07006
04/16/2026 22:52:47 - INFO - utils.trainer -   Recall: 0.25000
04/16/2026 22:52:47 - INFO - utils.trainer -   F_score: 0.10945
04/16/2026 22:52:47 - INFO - utils.trainer -   Loss: 4.17264
04/16/2026 22:52:47 - INFO - utils.trainer -   Epoch: 80, Train loss: 4.16669, Test loss: 4.17264,Epoch time = 12.256s
04/16/2026 22:53:01 - INFO - utils.trainer -   ***** Running evaluation on test0 dataset *****
04/16/2026 22:53:03 - INFO - utils.trainer -   AUC: 0.49564
04/16/2026 22:53:03 - INFO - utils.trainer -   Accuracy: 0.28025
04/16/2026 22:53:03 - INFO - utils.trainer -   Precision: 0.07006
04/16/2026 22:53:03 - INFO - utils.trainer -   Recall: 0.25000
04/16/2026 22:53:03 - INFO - utils.trainer -   F_score: 0.10945
04/16/2026 22:53:03 - INFO - utils.trainer -   Loss: 4.06048
04/16/2026 22:53:03 - INFO - utils.trainer -   Epoch: 81, Train loss: 4.07862, Test loss: 4.06048,Epoch time = 13.418s
04/16/2026 22:53:16 - INFO - utils.trainer -   ***** Running evaluation on test0 dataset *****
04/16/2026 22:53:18 - INFO - utils.trainer -   AUC: 0.46748
04/16/2026 22:53:18 - INFO - utils.trainer -   Accuracy: 0.28025
04/16/2026 22:53:18 - INFO - utils.trainer -   Precision: 0.07006
04/16/2026 22:53:18 - INFO - utils.trainer -   Recall: 0.25000
04/16/2026 22:53:18 - INFO - utils.trainer -   F_score: 0.10945
04/16/2026 22:53:18 - INFO - utils.trainer -   Loss: 4.02137
04/16/2026 22:53:18 - INFO - utils.trainer -   Epoch: 82, Train loss: 4.03856, Test loss: 4.02137,Epoch time = 12.726s
04/16/2026 22:53:30 - INFO - utils.trainer -   ***** Running evaluation on test0 dataset *****
04/16/2026 22:53:33 - INFO - utils.trainer -   AUC: 0.47205
04/16/2026 22:53:33 - INFO - utils.trainer -   Accuracy: 0.28025
04/16/2026 22:53:33 - INFO - utils.trainer -   Precision: 0.07006
04/16/2026 22:53:33 - INFO - utils.trainer -   Recall: 0.25000
04/16/2026 22:53:33 - INFO - utils.trainer -   F_score: 0.10945
04/16/2026 22:53:33 - INFO - utils.trainer -   Loss: 4.00393
04/16/2026 22:53:33 - INFO - utils.trainer -   Epoch: 83, Train loss: 3.95351, Test loss: 4.00393,Epoch time = 12.255s
04/16/2026 22:53:47 - INFO - utils.trainer -   ***** Running evaluation on test0 dataset *****
04/16/2026 22:53:49 - INFO - utils.trainer -   AUC: 0.55903
04/16/2026 22:53:49 - INFO - utils.trainer -   Accuracy: 0.28025
04/16/2026 22:53:49 - INFO - utils.trainer -   Precision: 0.07006
04/16/2026 22:53:49 - INFO - utils.trainer -   Recall: 0.25000
04/16/2026 22:53:49 - INFO - utils.trainer -   F_score: 0.10945
04/16/2026 22:53:49 - INFO - utils.trainer -   Loss: 3.92896
04/16/2026 22:53:49 - INFO - utils.trainer -   Epoch: 84, Train loss: 3.92775, Test loss: 3.92896,Epoch time = 13.800s
04/16/2026 22:54:03 - INFO - utils.trainer -   ***** Running evaluation on test0 dataset *****
04/16/2026 22:54:05 - INFO - utils.trainer -   AUC: 0.51301
04/16/2026 22:54:05 - INFO - utils.trainer -   Accuracy: 0.28025
04/16/2026 22:54:05 - INFO - utils.trainer -   Precision: 0.07006
04/16/2026 22:54:05 - INFO - utils.trainer -   Recall: 0.25000
04/16/2026 22:54:05 - INFO - utils.trainer -   F_score: 0.10945
04/16/2026 22:54:05 - INFO - utils.trainer -   Loss: 3.84038
04/16/2026 22:54:05 - INFO - utils.trainer -   Epoch: 85, Train loss: 3.90167, Test loss: 3.84038,Epoch time = 14.189s
04/16/2026 22:54:18 - INFO - utils.trainer -   ***** Running evaluation on test0 dataset *****
04/16/2026 22:54:20 - INFO - utils.trainer -   AUC: 0.54735
04/16/2026 22:54:20 - INFO - utils.trainer -   Accuracy: 0.28025
04/16/2026 22:54:20 - INFO - utils.trainer -   Precision: 0.07006
04/16/2026 22:54:20 - INFO - utils.trainer -   Recall: 0.25000
04/16/2026 22:54:20 - INFO - utils.trainer -   F_score: 0.10945
04/16/2026 22:54:20 - INFO - utils.trainer -   Loss: 3.81884
04/16/2026 22:54:20 - INFO - utils.trainer -   Epoch: 86, Train loss: 3.85228, Test loss: 3.81884,Epoch time = 12.468s
04/16/2026 22:54:33 - INFO - utils.trainer -   ***** Running evaluation on test0 dataset *****
04/16/2026 22:54:35 - INFO - utils.trainer -   AUC: 0.54022
04/16/2026 22:54:35 - INFO - utils.trainer -   Accuracy: 0.28025
04/16/2026 22:54:35 - INFO - utils.trainer -   Precision: 0.23351
04/16/2026 22:54:35 - INFO - utils.trainer -   Recall: 0.25735
04/16/2026 22:54:35 - INFO - utils.trainer -   F_score: 0.18411
04/16/2026 22:54:35 - INFO - utils.trainer -   Loss: 3.77316
04/16/2026 22:54:35 - INFO - utils.trainer -   Epoch: 87, Train loss: 3.82346, Test loss: 3.77316,Epoch time = 12.779s
04/16/2026 22:54:49 - INFO - utils.trainer -   ***** Running evaluation on test0 dataset *****
04/16/2026 22:54:51 - INFO - utils.trainer -   AUC: 0.45610
04/16/2026 22:54:51 - INFO - utils.trainer -   Accuracy: 0.24841
04/16/2026 22:54:51 - INFO - utils.trainer -   Precision: 0.06633
04/16/2026 22:54:51 - INFO - utils.trainer -   Recall: 0.22159
04/16/2026 22:54:51 - INFO - utils.trainer -   F_score: 0.10209
04/16/2026 22:54:51 - INFO - utils.trainer -   Loss: 3.76825
04/16/2026 22:54:51 - INFO - utils.trainer -   Epoch: 88, Train loss: 3.79584, Test loss: 3.76825,Epoch time = 13.743s
04/16/2026 22:55:04 - INFO - utils.trainer -   ***** Running evaluation on test0 dataset *****
04/16/2026 22:55:07 - INFO - utils.trainer -   AUC: 0.47872
04/16/2026 22:55:07 - INFO - utils.trainer -   Accuracy: 0.26752
04/16/2026 22:55:07 - INFO - utils.trainer -   Precision: 0.27559
04/16/2026 22:55:07 - INFO - utils.trainer -   Recall: 0.24240
04/16/2026 22:55:07 - INFO - utils.trainer -   F_score: 0.14950
04/16/2026 22:55:07 - INFO - utils.trainer -   Loss: 3.74104
04/16/2026 22:55:07 - INFO - utils.trainer -   Epoch: 89, Train loss: 3.76296, Test loss: 3.74104,Epoch time = 13.274s
04/16/2026 22:55:19 - INFO - utils.trainer -   ***** Running evaluation on test0 dataset *****
04/16/2026 22:55:21 - INFO - utils.trainer -   AUC: 0.50193
04/16/2026 22:55:21 - INFO - utils.trainer -   Accuracy: 0.27389
04/16/2026 22:55:21 - INFO - utils.trainer -   Precision: 0.13345
04/16/2026 22:55:21 - INFO - utils.trainer -   Recall: 0.24522
04/16/2026 22:55:21 - INFO - utils.trainer -   F_score: 0.12128
04/16/2026 22:55:21 - INFO - utils.trainer -   Loss: 3.68125
04/16/2026 22:55:21 - INFO - utils.trainer -   Epoch: 90, Train loss: 3.70537, Test loss: 3.68125,Epoch time = 12.270s
04/16/2026 22:55:35 - INFO - utils.trainer -   ***** Running evaluation on test0 dataset *****
04/16/2026 22:55:37 - INFO - utils.trainer -   AUC: 0.55301
04/16/2026 22:55:37 - INFO - utils.trainer -   Accuracy: 0.28025
04/16/2026 22:55:37 - INFO - utils.trainer -   Precision: 0.07006
04/16/2026 22:55:37 - INFO - utils.trainer -   Recall: 0.25000
04/16/2026 22:55:37 - INFO - utils.trainer -   F_score: 0.10945
04/16/2026 22:55:37 - INFO - utils.trainer -   Loss: 3.67394
04/16/2026 22:55:37 - INFO - utils.trainer -   Epoch: 91, Train loss: 3.64616, Test loss: 3.67394,Epoch time = 13.678s
04/16/2026 22:55:50 - INFO - utils.trainer -   ***** Running evaluation on test0 dataset *****
04/16/2026 22:55:53 - INFO - utils.trainer -   AUC: 0.53234
04/16/2026 22:55:53 - INFO - utils.trainer -   Accuracy: 0.28025
04/16/2026 22:55:53 - INFO - utils.trainer -   Precision: 0.07006
04/16/2026 22:55:53 - INFO - utils.trainer -   Recall: 0.25000
04/16/2026 22:55:53 - INFO - utils.trainer -   F_score: 0.10945
04/16/2026 22:55:53 - INFO - utils.trainer -   Loss: 3.64699
04/16/2026 22:55:53 - INFO - utils.trainer -   Epoch: 92, Train loss: 3.65675, Test loss: 3.64699,Epoch time = 13.361s
04/16/2026 22:56:05 - INFO - utils.trainer -   ***** Running evaluation on test0 dataset *****
04/16/2026 22:56:07 - INFO - utils.trainer -   AUC: 0.52860
04/16/2026 22:56:07 - INFO - utils.trainer -   Accuracy: 0.28025
04/16/2026 22:56:07 - INFO - utils.trainer -   Precision: 0.07006
04/16/2026 22:56:07 - INFO - utils.trainer -   Recall: 0.25000
04/16/2026 22:56:07 - INFO - utils.trainer -   F_score: 0.10945
04/16/2026 22:56:07 - INFO - utils.trainer -   Loss: 3.62083
04/16/2026 22:56:07 - INFO - utils.trainer -   Epoch: 93, Train loss: 3.61903, Test loss: 3.62083,Epoch time = 12.149s
04/16/2026 22:56:20 - INFO - utils.trainer -   ***** Running evaluation on test0 dataset *****
04/16/2026 22:56:22 - INFO - utils.trainer -   AUC: 0.54545
04/16/2026 22:56:22 - INFO - utils.trainer -   Accuracy: 0.28025
04/16/2026 22:56:22 - INFO - utils.trainer -   Precision: 0.07006
04/16/2026 22:56:22 - INFO - utils.trainer -   Recall: 0.25000
04/16/2026 22:56:22 - INFO - utils.trainer -   F_score: 0.10945
04/16/2026 22:56:22 - INFO - utils.trainer -   Loss: 3.55478
04/16/2026 22:56:22 - INFO - utils.trainer -   Epoch: 94, Train loss: 3.57647, Test loss: 3.55478,Epoch time = 12.303s
04/16/2026 22:56:36 - INFO - utils.trainer -   ***** Running evaluation on test0 dataset *****
04/16/2026 22:56:38 - INFO - utils.trainer -   AUC: 0.48497
04/16/2026 22:56:38 - INFO - utils.trainer -   Accuracy: 0.28025
04/16/2026 22:56:38 - INFO - utils.trainer -   Precision: 0.07006
04/16/2026 22:56:38 - INFO - utils.trainer -   Recall: 0.25000
04/16/2026 22:56:38 - INFO - utils.trainer -   F_score: 0.10945
04/16/2026 22:56:38 - INFO - utils.trainer -   Loss: 3.55918
04/16/2026 22:56:38 - INFO - utils.trainer -   Epoch: 95, Train loss: 3.56684, Test loss: 3.55918,Epoch time = 13.852s
04/16/2026 22:56:51 - INFO - utils.trainer -   ***** Running evaluation on test0 dataset *****
04/16/2026 22:56:54 - INFO - utils.trainer -   AUC: 0.51175
04/16/2026 22:56:54 - INFO - utils.trainer -   Accuracy: 0.28025
04/16/2026 22:56:54 - INFO - utils.trainer -   Precision: 0.07006
04/16/2026 22:56:54 - INFO - utils.trainer -   Recall: 0.25000
04/16/2026 22:56:54 - INFO - utils.trainer -   F_score: 0.10945
04/16/2026 22:56:54 - INFO - utils.trainer -   Loss: 3.50459
04/16/2026 22:56:54 - INFO - utils.trainer -   Epoch: 96, Train loss: 3.50696, Test loss: 3.50459,Epoch time = 13.471s
04/16/2026 22:57:06 - INFO - utils.trainer -   ***** Running evaluation on test0 dataset *****
04/16/2026 22:57:08 - INFO - utils.trainer -   AUC: 0.43475
04/16/2026 22:57:08 - INFO - utils.trainer -   Accuracy: 0.28025
04/16/2026 22:57:08 - INFO - utils.trainer -   Precision: 0.07006
04/16/2026 22:57:08 - INFO - utils.trainer -   Recall: 0.25000
04/16/2026 22:57:08 - INFO - utils.trainer -   F_score: 0.10945
04/16/2026 22:57:08 - INFO - utils.trainer -   Loss: 3.47185
04/16/2026 22:57:08 - INFO - utils.trainer -   Epoch: 97, Train loss: 3.48386, Test loss: 3.47185,Epoch time = 11.940s
04/16/2026 22:57:21 - INFO - utils.trainer -   ***** Running evaluation on test0 dataset *****
04/16/2026 22:57:23 - INFO - utils.trainer -   AUC: 0.49408
04/16/2026 22:57:23 - INFO - utils.trainer -   Accuracy: 0.28025
04/16/2026 22:57:23 - INFO - utils.trainer -   Precision: 0.07006
04/16/2026 22:57:23 - INFO - utils.trainer -   Recall: 0.25000
04/16/2026 22:57:23 - INFO - utils.trainer -   F_score: 0.10945
04/16/2026 22:57:23 - INFO - utils.trainer -   Loss: 3.41793
04/16/2026 22:57:23 - INFO - utils.trainer -   Epoch: 98, Train loss: 3.46386, Test loss: 3.41793,Epoch time = 12.870s
04/16/2026 22:57:37 - INFO - utils.trainer -   ***** Running evaluation on test0 dataset *****
04/16/2026 22:57:39 - INFO - utils.trainer -   AUC: 0.44742
04/16/2026 22:57:39 - INFO - utils.trainer -   Accuracy: 0.28025
04/16/2026 22:57:39 - INFO - utils.trainer -   Precision: 0.07006
04/16/2026 22:57:39 - INFO - utils.trainer -   Recall: 0.25000
04/16/2026 22:57:39 - INFO - utils.trainer -   F_score: 0.10945
04/16/2026 22:57:39 - INFO - utils.trainer -   Loss: 3.46686
04/16/2026 22:57:39 - INFO - utils.trainer -   Epoch: 99, Train loss: 3.46054, Test loss: 3.46686,Epoch time = 13.316s
04/16/2026 22:57:52 - INFO - utils.trainer -   ***** Running evaluation on test0 dataset *****
04/16/2026 22:57:55 - INFO - utils.trainer -   AUC: 0.44369
04/16/2026 22:57:55 - INFO - utils.trainer -   Accuracy: 0.28025
04/16/2026 22:57:55 - INFO - utils.trainer -   Precision: 0.07006
04/16/2026 22:57:55 - INFO - utils.trainer -   Recall: 0.25000
04/16/2026 22:57:55 - INFO - utils.trainer -   F_score: 0.10945
04/16/2026 22:57:55 - INFO - utils.trainer -   Loss: 3.39783
04/16/2026 22:57:55 - INFO - utils.trainer -   Epoch: 100, Train loss: 3.41068, Test loss: 3.39783,Epoch time = 13.264s
04/16/2026 22:58:06 - INFO - utils.trainer -   ***** Running evaluation on test0 dataset *****
04/16/2026 22:58:09 - INFO - utils.trainer -   AUC: 0.45773
04/16/2026 22:58:09 - INFO - utils.trainer -   Accuracy: 0.28025
04/16/2026 22:58:09 - INFO - utils.trainer -   Precision: 0.07006
04/16/2026 22:58:09 - INFO - utils.trainer -   Recall: 0.25000
04/16/2026 22:58:09 - INFO - utils.trainer -   F_score: 0.10945
04/16/2026 22:58:09 - INFO - utils.trainer -   Loss: 3.35297
04/16/2026 22:58:09 - INFO - utils.trainer -   Epoch: 101, Train loss: 3.37687, Test loss: 3.35297,Epoch time = 11.749s
04/16/2026 22:58:21 - INFO - utils.trainer -   ***** Running evaluation on test0 dataset *****
04/16/2026 22:58:24 - INFO - utils.trainer -   AUC: 0.49149
04/16/2026 22:58:24 - INFO - utils.trainer -   Accuracy: 0.28025
04/16/2026 22:58:24 - INFO - utils.trainer -   Precision: 0.07006
04/16/2026 22:58:24 - INFO - utils.trainer -   Recall: 0.25000
04/16/2026 22:58:24 - INFO - utils.trainer -   F_score: 0.10945
04/16/2026 22:58:24 - INFO - utils.trainer -   Loss: 3.36284
04/16/2026 22:58:24 - INFO - utils.trainer -   Epoch: 102, Train loss: 3.37034, Test loss: 3.36284,Epoch time = 12.094s
04/16/2026 22:58:36 - INFO - utils.trainer -   ***** Running evaluation on test0 dataset *****
04/16/2026 22:58:38 - INFO - utils.trainer -   AUC: 0.43616
04/16/2026 22:58:38 - INFO - utils.trainer -   Accuracy: 0.28025
04/16/2026 22:58:38 - INFO - utils.trainer -   Precision: 0.07006
04/16/2026 22:58:38 - INFO - utils.trainer -   Recall: 0.25000
04/16/2026 22:58:38 - INFO - utils.trainer -   F_score: 0.10945
04/16/2026 22:58:38 - INFO - utils.trainer -   Loss: 3.34405
04/16/2026 22:58:38 - INFO - utils.trainer -   Epoch: 103, Train loss: 3.35943, Test loss: 3.34405,Epoch time = 12.552s
04/16/2026 22:58:51 - INFO - utils.trainer -   ***** Running evaluation on test0 dataset *****
04/16/2026 22:58:53 - INFO - utils.trainer -   AUC: 0.53970
04/16/2026 22:58:53 - INFO - utils.trainer -   Accuracy: 0.28025
04/16/2026 22:58:53 - INFO - utils.trainer -   Precision: 0.07006
04/16/2026 22:58:53 - INFO - utils.trainer -   Recall: 0.25000
04/16/2026 22:58:53 - INFO - utils.trainer -   F_score: 0.10945
04/16/2026 22:58:53 - INFO - utils.trainer -   Loss: 3.31015
04/16/2026 22:58:53 - INFO - utils.trainer -   Epoch: 104, Train loss: 3.32793, Test loss: 3.31015,Epoch time = 12.599s
04/16/2026 22:59:06 - INFO - utils.trainer -   ***** Running evaluation on test0 dataset *****
04/16/2026 22:59:08 - INFO - utils.trainer -   AUC: 0.50121
04/16/2026 22:59:08 - INFO - utils.trainer -   Accuracy: 0.28025
04/16/2026 22:59:08 - INFO - utils.trainer -   Precision: 0.07006
04/16/2026 22:59:08 - INFO - utils.trainer -   Recall: 0.25000
04/16/2026 22:59:08 - INFO - utils.trainer -   F_score: 0.10945
04/16/2026 22:59:08 - INFO - utils.trainer -   Loss: 3.23832
04/16/2026 22:59:08 - INFO - utils.trainer -   Epoch: 105, Train loss: 3.28845, Test loss: 3.23832,Epoch time = 12.637s
04/16/2026 22:59:20 - INFO - utils.trainer -   ***** Running evaluation on test0 dataset *****
04/16/2026 22:59:23 - INFO - utils.trainer -   AUC: 0.49452
04/16/2026 22:59:23 - INFO - utils.trainer -   Accuracy: 0.28025
04/16/2026 22:59:23 - INFO - utils.trainer -   Precision: 0.07006
04/16/2026 22:59:23 - INFO - utils.trainer -   Recall: 0.25000
04/16/2026 22:59:23 - INFO - utils.trainer -   F_score: 0.10945
04/16/2026 22:59:23 - INFO - utils.trainer -   Loss: 3.28913
04/16/2026 22:59:23 - INFO - utils.trainer -   Epoch: 106, Train loss: 3.29837, Test loss: 3.28913,Epoch time = 12.167s
04/16/2026 22:59:36 - INFO - utils.trainer -   ***** Running evaluation on test0 dataset *****
04/16/2026 22:59:38 - INFO - utils.trainer -   AUC: 0.50195
04/16/2026 22:59:38 - INFO - utils.trainer -   Accuracy: 0.28025
04/16/2026 22:59:38 - INFO - utils.trainer -   Precision: 0.07006
04/16/2026 22:59:38 - INFO - utils.trainer -   Recall: 0.25000
04/16/2026 22:59:38 - INFO - utils.trainer -   F_score: 0.10945
04/16/2026 22:59:38 - INFO - utils.trainer -   Loss: 3.27389
04/16/2026 22:59:38 - INFO - utils.trainer -   Epoch: 107, Train loss: 3.25476, Test loss: 3.27389,Epoch time = 13.212s
04/16/2026 22:59:52 - INFO - utils.trainer -   ***** Running evaluation on test0 dataset *****
04/16/2026 22:59:54 - INFO - utils.trainer -   AUC: 0.49483
04/16/2026 22:59:54 - INFO - utils.trainer -   Accuracy: 0.28025
04/16/2026 22:59:54 - INFO - utils.trainer -   Precision: 0.07006
04/16/2026 22:59:54 - INFO - utils.trainer -   Recall: 0.25000
04/16/2026 22:59:54 - INFO - utils.trainer -   F_score: 0.10945
04/16/2026 22:59:54 - INFO - utils.trainer -   Loss: 3.23232
04/16/2026 22:59:54 - INFO - utils.trainer -   Epoch: 108, Train loss: 3.22579, Test loss: 3.23232,Epoch time = 13.260s
04/16/2026 23:00:07 - INFO - utils.trainer -   ***** Running evaluation on test0 dataset *****
04/16/2026 23:00:10 - INFO - utils.trainer -   AUC: 0.54777
04/16/2026 23:00:10 - INFO - utils.trainer -   Accuracy: 0.28025
04/16/2026 23:00:10 - INFO - utils.trainer -   Precision: 0.07006
04/16/2026 23:00:10 - INFO - utils.trainer -   Recall: 0.25000
04/16/2026 23:00:10 - INFO - utils.trainer -   F_score: 0.10945
04/16/2026 23:00:10 - INFO - utils.trainer -   Loss: 3.20019
04/16/2026 23:00:10 - INFO - utils.trainer -   Epoch: 109, Train loss: 3.22503, Test loss: 3.20019,Epoch time = 13.546s
04/16/2026 23:00:21 - INFO - utils.trainer -   ***** Running evaluation on test0 dataset *****
04/16/2026 23:00:24 - INFO - utils.trainer -   AUC: 0.52092
04/16/2026 23:00:24 - INFO - utils.trainer -   Accuracy: 0.28025
04/16/2026 23:00:24 - INFO - utils.trainer -   Precision: 0.07006
04/16/2026 23:00:24 - INFO - utils.trainer -   Recall: 0.25000
04/16/2026 23:00:24 - INFO - utils.trainer -   F_score: 0.10945
04/16/2026 23:00:24 - INFO - utils.trainer -   Loss: 3.16225
04/16/2026 23:00:24 - INFO - utils.trainer -   Epoch: 110, Train loss: 3.21147, Test loss: 3.16225,Epoch time = 11.750s
04/16/2026 23:00:36 - INFO - utils.trainer -   ***** Running evaluation on test0 dataset *****
04/16/2026 23:00:39 - INFO - utils.trainer -   AUC: 0.45909
04/16/2026 23:00:39 - INFO - utils.trainer -   Accuracy: 0.28025
04/16/2026 23:00:39 - INFO - utils.trainer -   Precision: 0.07006
04/16/2026 23:00:39 - INFO - utils.trainer -   Recall: 0.25000
04/16/2026 23:00:39 - INFO - utils.trainer -   F_score: 0.10945
04/16/2026 23:00:39 - INFO - utils.trainer -   Loss: 3.19852
04/16/2026 23:00:39 - INFO - utils.trainer -   Epoch: 111, Train loss: 3.18303, Test loss: 3.19852,Epoch time = 12.691s
04/16/2026 23:00:52 - INFO - utils.trainer -   ***** Running evaluation on test0 dataset *****
04/16/2026 23:00:55 - INFO - utils.trainer -   AUC: 0.49067
04/16/2026 23:00:55 - INFO - utils.trainer -   Accuracy: 0.28025
04/16/2026 23:00:55 - INFO - utils.trainer -   Precision: 0.07006
04/16/2026 23:00:55 - INFO - utils.trainer -   Recall: 0.25000
04/16/2026 23:00:55 - INFO - utils.trainer -   F_score: 0.10945
04/16/2026 23:00:55 - INFO - utils.trainer -   Loss: 3.16375
04/16/2026 23:00:55 - INFO - utils.trainer -   Epoch: 112, Train loss: 3.15914, Test loss: 3.16375,Epoch time = 13.734s
04/16/2026 23:01:08 - INFO - utils.trainer -   ***** Running evaluation on test0 dataset *****
04/16/2026 23:01:10 - INFO - utils.trainer -   AUC: 0.49314
04/16/2026 23:01:10 - INFO - utils.trainer -   Accuracy: 0.28662
04/16/2026 23:01:10 - INFO - utils.trainer -   Precision: 0.32051
04/16/2026 23:01:10 - INFO - utils.trainer -   Recall: 0.25658
04/16/2026 23:01:10 - INFO - utils.trainer -   F_score: 0.12282
04/16/2026 23:01:10 - INFO - utils.trainer -   Loss: 3.11295
04/16/2026 23:01:11 - INFO - utils.trainer -   Epoch: 113, Train loss: 3.12573, Test loss: 3.11295,Epoch time = 13.429s
04/16/2026 23:01:22 - INFO - utils.trainer -   ***** Running evaluation on test0 dataset *****
04/16/2026 23:01:25 - INFO - utils.trainer -   AUC: 0.47732
04/16/2026 23:01:25 - INFO - utils.trainer -   Accuracy: 0.27389
04/16/2026 23:01:25 - INFO - utils.trainer -   Precision: 0.06935
04/16/2026 23:01:25 - INFO - utils.trainer -   Recall: 0.24432
04/16/2026 23:01:25 - INFO - utils.trainer -   F_score: 0.10804
04/16/2026 23:01:25 - INFO - utils.trainer -   Loss: 3.11934
04/16/2026 23:01:25 - INFO - utils.trainer -   Epoch: 114, Train loss: 3.12304, Test loss: 3.11934,Epoch time = 11.844s
04/16/2026 23:01:38 - INFO - utils.trainer -   ***** Running evaluation on test0 dataset *****
04/16/2026 23:01:40 - INFO - utils.trainer -   AUC: 0.51919
04/16/2026 23:01:40 - INFO - utils.trainer -   Accuracy: 0.28025
04/16/2026 23:01:40 - INFO - utils.trainer -   Precision: 0.07006
04/16/2026 23:01:40 - INFO - utils.trainer -   Recall: 0.25000
04/16/2026 23:01:40 - INFO - utils.trainer -   F_score: 0.10945
04/16/2026 23:01:40 - INFO - utils.trainer -   Loss: 3.10283
04/16/2026 23:01:40 - INFO - utils.trainer -   Epoch: 115, Train loss: 3.11595, Test loss: 3.10283,Epoch time = 13.085s
04/16/2026 23:01:54 - INFO - utils.trainer -   ***** Running evaluation on test0 dataset *****
04/16/2026 23:01:56 - INFO - utils.trainer -   AUC: 0.50586
04/16/2026 23:01:56 - INFO - utils.trainer -   Accuracy: 0.28025
04/16/2026 23:01:56 - INFO - utils.trainer -   Precision: 0.07006
04/16/2026 23:01:56 - INFO - utils.trainer -   Recall: 0.25000
04/16/2026 23:01:56 - INFO - utils.trainer -   F_score: 0.10945
04/16/2026 23:01:56 - INFO - utils.trainer -   Loss: 3.08463
04/16/2026 23:01:56 - INFO - utils.trainer -   Epoch: 116, Train loss: 3.12027, Test loss: 3.08463,Epoch time = 13.555s
04/16/2026 23:02:09 - INFO - utils.trainer -   ***** Running evaluation on test0 dataset *****
04/16/2026 23:02:12 - INFO - utils.trainer -   AUC: 0.52338
04/16/2026 23:02:12 - INFO - utils.trainer -   Accuracy: 0.28025
04/16/2026 23:02:12 - INFO - utils.trainer -   Precision: 0.07051
04/16/2026 23:02:12 - INFO - utils.trainer -   Recall: 0.25000
04/16/2026 23:02:12 - INFO - utils.trainer -   F_score: 0.11000
04/16/2026 23:02:12 - INFO - utils.trainer -   Loss: 3.08595
04/16/2026 23:02:12 - INFO - utils.trainer -   Epoch: 117, Train loss: 3.09146, Test loss: 3.08595,Epoch time = 13.613s
04/16/2026 23:02:24 - INFO - utils.trainer -   ***** Running evaluation on test0 dataset *****
04/16/2026 23:02:26 - INFO - utils.trainer -   AUC: 0.52390
04/16/2026 23:02:26 - INFO - utils.trainer -   Accuracy: 0.28025
04/16/2026 23:02:26 - INFO - utils.trainer -   Precision: 0.07006
04/16/2026 23:02:26 - INFO - utils.trainer -   Recall: 0.25000
04/16/2026 23:02:26 - INFO - utils.trainer -   F_score: 0.10945
04/16/2026 23:02:26 - INFO - utils.trainer -   Loss: 3.05351
04/16/2026 23:02:26 - INFO - utils.trainer -   Epoch: 118, Train loss: 3.03174, Test loss: 3.05351,Epoch time = 11.981s
04/16/2026 23:02:38 - INFO - utils.trainer -   ***** Running evaluation on test0 dataset *****
04/16/2026 23:02:40 - INFO - utils.trainer -   AUC: 0.49903
04/16/2026 23:02:40 - INFO - utils.trainer -   Accuracy: 0.28025
04/16/2026 23:02:40 - INFO - utils.trainer -   Precision: 0.07006
04/16/2026 23:02:40 - INFO - utils.trainer -   Recall: 0.25000
04/16/2026 23:02:40 - INFO - utils.trainer -   F_score: 0.10945
04/16/2026 23:02:40 - INFO - utils.trainer -   Loss: 3.04000
04/16/2026 23:02:40 - INFO - utils.trainer -   Epoch: 119, Train loss: 3.03899, Test loss: 3.04000,Epoch time = 12.099s
04/16/2026 23:02:54 - INFO - utils.trainer -   ***** Running evaluation on test0 dataset *****
04/16/2026 23:02:56 - INFO - utils.trainer -   AUC: 0.55200
04/16/2026 23:02:56 - INFO - utils.trainer -   Accuracy: 0.28025
04/16/2026 23:02:56 - INFO - utils.trainer -   Precision: 0.07006
04/16/2026 23:02:56 - INFO - utils.trainer -   Recall: 0.25000
04/16/2026 23:02:56 - INFO - utils.trainer -   F_score: 0.10945
04/16/2026 23:02:56 - INFO - utils.trainer -   Loss: 2.99881
04/16/2026 23:02:56 - INFO - utils.trainer -   Epoch: 120, Train loss: 3.00693, Test loss: 2.99881,Epoch time = 13.045s
04/16/2026 23:03:09 - INFO - utils.trainer -   ***** Running evaluation on test0 dataset *****
04/16/2026 23:03:11 - INFO - utils.trainer -   AUC: 0.49520
04/16/2026 23:03:11 - INFO - utils.trainer -   Accuracy: 0.28025
04/16/2026 23:03:11 - INFO - utils.trainer -   Precision: 0.07006
04/16/2026 23:03:11 - INFO - utils.trainer -   Recall: 0.25000
04/16/2026 23:03:11 - INFO - utils.trainer -   F_score: 0.10945
04/16/2026 23:03:11 - INFO - utils.trainer -   Loss: 3.00395
04/16/2026 23:03:11 - INFO - utils.trainer -   Epoch: 121, Train loss: 3.02187, Test loss: 3.00395,Epoch time = 13.339s
04/16/2026 23:03:23 - INFO - utils.trainer -   ***** Running evaluation on test0 dataset *****
04/16/2026 23:03:26 - INFO - utils.trainer -   AUC: 0.49693
04/16/2026 23:03:26 - INFO - utils.trainer -   Accuracy: 0.28025
04/16/2026 23:03:26 - INFO - utils.trainer -   Precision: 0.07051
04/16/2026 23:03:26 - INFO - utils.trainer -   Recall: 0.25000
04/16/2026 23:03:26 - INFO - utils.trainer -   F_score: 0.11000
04/16/2026 23:03:26 - INFO - utils.trainer -   Loss: 2.99665
04/16/2026 23:03:26 - INFO - utils.trainer -   Epoch: 122, Train loss: 2.98911, Test loss: 2.99665,Epoch time = 12.238s
04/16/2026 23:03:37 - INFO - utils.trainer -   ***** Running evaluation on test0 dataset *****
04/16/2026 23:03:40 - INFO - utils.trainer -   AUC: 0.46361
04/16/2026 23:03:40 - INFO - utils.trainer -   Accuracy: 0.24841
04/16/2026 23:03:40 - INFO - utils.trainer -   Precision: 0.06500
04/16/2026 23:03:40 - INFO - utils.trainer -   Recall: 0.22159
04/16/2026 23:03:40 - INFO - utils.trainer -   F_score: 0.10052
04/16/2026 23:03:40 - INFO - utils.trainer -   Loss: 2.97381
04/16/2026 23:03:40 - INFO - utils.trainer -   Epoch: 123, Train loss: 2.98505, Test loss: 2.97381,Epoch time = 11.362s
04/16/2026 23:03:50 - INFO - utils.trainer -   ***** Running evaluation on test0 dataset *****
04/16/2026 23:03:53 - INFO - utils.trainer -   AUC: 0.50080
04/16/2026 23:03:53 - INFO - utils.trainer -   Accuracy: 0.28662
04/16/2026 23:03:53 - INFO - utils.trainer -   Precision: 0.19597
04/16/2026 23:03:53 - INFO - utils.trainer -   Recall: 0.25658
04/16/2026 23:03:53 - INFO - utils.trainer -   F_score: 0.12305
04/16/2026 23:03:53 - INFO - utils.trainer -   Loss: 2.96699
04/16/2026 23:03:53 - INFO - utils.trainer -   Epoch: 124, Train loss: 2.96148, Test loss: 2.96699,Epoch time = 10.721s
04/16/2026 23:04:06 - INFO - utils.trainer -   ***** Running evaluation on test0 dataset *****
04/16/2026 23:04:08 - INFO - utils.trainer -   AUC: 0.50961
04/16/2026 23:04:08 - INFO - utils.trainer -   Accuracy: 0.28025
04/16/2026 23:04:08 - INFO - utils.trainer -   Precision: 0.07006
04/16/2026 23:04:08 - INFO - utils.trainer -   Recall: 0.25000
04/16/2026 23:04:08 - INFO - utils.trainer -   F_score: 0.10945
04/16/2026 23:04:08 - INFO - utils.trainer -   Loss: 2.94689
04/16/2026 23:04:08 - INFO - utils.trainer -   Epoch: 125, Train loss: 2.98906, Test loss: 2.94689,Epoch time = 13.122s
04/16/2026 23:04:21 - INFO - utils.trainer -   ***** Running evaluation on test0 dataset *****
04/16/2026 23:04:23 - INFO - utils.trainer -   AUC: 0.41498
04/16/2026 23:04:23 - INFO - utils.trainer -   Accuracy: 0.28025
04/16/2026 23:04:23 - INFO - utils.trainer -   Precision: 0.07006
04/16/2026 23:04:23 - INFO - utils.trainer -   Recall: 0.25000
04/16/2026 23:04:23 - INFO - utils.trainer -   F_score: 0.10945
04/16/2026 23:04:23 - INFO - utils.trainer -   Loss: 2.95678
04/16/2026 23:04:23 - INFO - utils.trainer -   Epoch: 126, Train loss: 2.95922, Test loss: 2.95678,Epoch time = 12.700s
04/16/2026 23:04:36 - INFO - utils.trainer -   ***** Running evaluation on test0 dataset *****
04/16/2026 23:04:38 - INFO - utils.trainer -   AUC: 0.51072
04/16/2026 23:04:38 - INFO - utils.trainer -   Accuracy: 0.28025
04/16/2026 23:04:38 - INFO - utils.trainer -   Precision: 0.07006
04/16/2026 23:04:38 - INFO - utils.trainer -   Recall: 0.25000
04/16/2026 23:04:38 - INFO - utils.trainer -   F_score: 0.10945
04/16/2026 23:04:38 - INFO - utils.trainer -   Loss: 2.92766
04/16/2026 23:04:38 - INFO - utils.trainer -   Epoch: 127, Train loss: 2.91520, Test loss: 2.92766,Epoch time = 12.934s
04/16/2026 23:04:50 - INFO - utils.trainer -   ***** Running evaluation on test0 dataset *****
04/16/2026 23:04:52 - INFO - utils.trainer -   AUC: 0.47309
04/16/2026 23:04:52 - INFO - utils.trainer -   Accuracy: 0.28025
04/16/2026 23:04:52 - INFO - utils.trainer -   Precision: 0.07006
04/16/2026 23:04:52 - INFO - utils.trainer -   Recall: 0.25000
04/16/2026 23:04:52 - INFO - utils.trainer -   F_score: 0.10945
04/16/2026 23:04:52 - INFO - utils.trainer -   Loss: 2.90156
04/16/2026 23:04:52 - INFO - utils.trainer -   Epoch: 128, Train loss: 2.94798, Test loss: 2.90156,Epoch time = 11.557s
04/16/2026 23:05:04 - INFO - utils.trainer -   ***** Running evaluation on test0 dataset *****
04/16/2026 23:05:07 - INFO - utils.trainer -   AUC: 0.55803
04/16/2026 23:05:07 - INFO - utils.trainer -   Accuracy: 0.28025
04/16/2026 23:05:07 - INFO - utils.trainer -   Precision: 0.07006
04/16/2026 23:05:07 - INFO - utils.trainer -   Recall: 0.25000
04/16/2026 23:05:07 - INFO - utils.trainer -   F_score: 0.10945
04/16/2026 23:05:07 - INFO - utils.trainer -   Loss: 2.87629
04/16/2026 23:05:07 - INFO - utils.trainer -   Epoch: 129, Train loss: 2.91329, Test loss: 2.87629,Epoch time = 12.250s
04/16/2026 23:05:20 - INFO - utils.trainer -   ***** Running evaluation on test0 dataset *****
04/16/2026 23:05:23 - INFO - utils.trainer -   AUC: 0.49290
04/16/2026 23:05:23 - INFO - utils.trainer -   Accuracy: 0.28025
04/16/2026 23:05:23 - INFO - utils.trainer -   Precision: 0.07006
04/16/2026 23:05:23 - INFO - utils.trainer -   Recall: 0.25000
04/16/2026 23:05:23 - INFO - utils.trainer -   F_score: 0.10945
04/16/2026 23:05:23 - INFO - utils.trainer -   Loss: 2.90820
04/16/2026 23:05:23 - INFO - utils.trainer -   Epoch: 130, Train loss: 2.90566, Test loss: 2.90820,Epoch time = 13.577s
04/16/2026 23:05:36 - INFO - utils.trainer -   ***** Running evaluation on test0 dataset *****
04/16/2026 23:05:38 - INFO - utils.trainer -   AUC: 0.52199
04/16/2026 23:05:38 - INFO - utils.trainer -   Accuracy: 0.28025
04/16/2026 23:05:38 - INFO - utils.trainer -   Precision: 0.07006
04/16/2026 23:05:38 - INFO - utils.trainer -   Recall: 0.25000
04/16/2026 23:05:38 - INFO - utils.trainer -   F_score: 0.10945
04/16/2026 23:05:38 - INFO - utils.trainer -   Loss: 2.90070
04/16/2026 23:05:38 - INFO - utils.trainer -   Epoch: 131, Train loss: 2.89206, Test loss: 2.90070,Epoch time = 13.150s
04/16/2026 23:05:51 - INFO - utils.trainer -   ***** Running evaluation on test0 dataset *****
04/16/2026 23:05:53 - INFO - utils.trainer -   AUC: 0.45915
04/16/2026 23:05:53 - INFO - utils.trainer -   Accuracy: 0.28025
04/16/2026 23:05:53 - INFO - utils.trainer -   Precision: 0.07006
04/16/2026 23:05:53 - INFO - utils.trainer -   Recall: 0.25000
04/16/2026 23:05:53 - INFO - utils.trainer -   F_score: 0.10945
04/16/2026 23:05:53 - INFO - utils.trainer -   Loss: 2.85207
04/16/2026 23:05:53 - INFO - utils.trainer -   Epoch: 132, Train loss: 2.88531, Test loss: 2.85207,Epoch time = 12.691s
04/16/2026 23:06:05 - INFO - utils.trainer -   ***** Running evaluation on test0 dataset *****
04/16/2026 23:06:08 - INFO - utils.trainer -   AUC: 0.54023
04/16/2026 23:06:08 - INFO - utils.trainer -   Accuracy: 0.28025
04/16/2026 23:06:08 - INFO - utils.trainer -   Precision: 0.07006
04/16/2026 23:06:08 - INFO - utils.trainer -   Recall: 0.25000
04/16/2026 23:06:08 - INFO - utils.trainer -   F_score: 0.10945
04/16/2026 23:06:08 - INFO - utils.trainer -   Loss: 2.83903
04/16/2026 23:06:08 - INFO - utils.trainer -   Epoch: 133, Train loss: 2.86150, Test loss: 2.83903,Epoch time = 12.094s
04/16/2026 23:06:20 - INFO - utils.trainer -   ***** Running evaluation on test0 dataset *****
04/16/2026 23:06:22 - INFO - utils.trainer -   AUC: 0.48538
04/16/2026 23:06:22 - INFO - utils.trainer -   Accuracy: 0.28025
04/16/2026 23:06:22 - INFO - utils.trainer -   Precision: 0.07006
04/16/2026 23:06:22 - INFO - utils.trainer -   Recall: 0.25000
04/16/2026 23:06:22 - INFO - utils.trainer -   F_score: 0.10945
04/16/2026 23:06:22 - INFO - utils.trainer -   Loss: 2.84292
04/16/2026 23:06:22 - INFO - utils.trainer -   Epoch: 134, Train loss: 2.86336, Test loss: 2.84292,Epoch time = 11.979s
04/16/2026 23:06:35 - INFO - utils.trainer -   ***** Running evaluation on test0 dataset *****
04/16/2026 23:06:37 - INFO - utils.trainer -   AUC: 0.49592
04/16/2026 23:06:37 - INFO - utils.trainer -   Accuracy: 0.28025
04/16/2026 23:06:37 - INFO - utils.trainer -   Precision: 0.07006
04/16/2026 23:06:37 - INFO - utils.trainer -   Recall: 0.25000
04/16/2026 23:06:37 - INFO - utils.trainer -   F_score: 0.10945
04/16/2026 23:06:37 - INFO - utils.trainer -   Loss: 2.83581
04/16/2026 23:06:37 - INFO - utils.trainer -   Epoch: 135, Train loss: 2.87056, Test loss: 2.83581,Epoch time = 12.488s
04/16/2026 23:06:50 - INFO - utils.trainer -   ***** Running evaluation on test0 dataset *****
04/16/2026 23:06:52 - INFO - utils.trainer -   AUC: 0.50860
04/16/2026 23:06:52 - INFO - utils.trainer -   Accuracy: 0.28025
04/16/2026 23:06:52 - INFO - utils.trainer -   Precision: 0.07006
04/16/2026 23:06:52 - INFO - utils.trainer -   Recall: 0.25000
04/16/2026 23:06:52 - INFO - utils.trainer -   F_score: 0.10945
04/16/2026 23:06:52 - INFO - utils.trainer -   Loss: 2.85307
04/16/2026 23:06:52 - INFO - utils.trainer -   Epoch: 136, Train loss: 2.83162, Test loss: 2.85307,Epoch time = 13.246s
04/16/2026 23:07:06 - INFO - utils.trainer -   ***** Running evaluation on test0 dataset *****
04/16/2026 23:07:08 - INFO - utils.trainer -   AUC: 0.50894
04/16/2026 23:07:08 - INFO - utils.trainer -   Accuracy: 0.28025
04/16/2026 23:07:08 - INFO - utils.trainer -   Precision: 0.07006
04/16/2026 23:07:08 - INFO - utils.trainer -   Recall: 0.25000
04/16/2026 23:07:08 - INFO - utils.trainer -   F_score: 0.10945
04/16/2026 23:07:08 - INFO - utils.trainer -   Loss: 2.82356
04/16/2026 23:07:08 - INFO - utils.trainer -   Epoch: 137, Train loss: 2.84089, Test loss: 2.82356,Epoch time = 13.592s
04/16/2026 23:07:20 - INFO - utils.trainer -   ***** Running evaluation on test0 dataset *****
04/16/2026 23:07:22 - INFO - utils.trainer -   AUC: 0.52519
04/16/2026 23:07:22 - INFO - utils.trainer -   Accuracy: 0.28025
04/16/2026 23:07:22 - INFO - utils.trainer -   Precision: 0.07006
04/16/2026 23:07:22 - INFO - utils.trainer -   Recall: 0.25000
04/16/2026 23:07:22 - INFO - utils.trainer -   F_score: 0.10945
04/16/2026 23:07:22 - INFO - utils.trainer -   Loss: 2.83512
04/16/2026 23:07:22 - INFO - utils.trainer -   Epoch: 138, Train loss: 2.82396, Test loss: 2.83512,Epoch time = 11.919s
04/16/2026 23:07:35 - INFO - utils.trainer -   ***** Running evaluation on test0 dataset *****
04/16/2026 23:07:37 - INFO - utils.trainer -   AUC: 0.50580
04/16/2026 23:07:37 - INFO - utils.trainer -   Accuracy: 0.28025
04/16/2026 23:07:37 - INFO - utils.trainer -   Precision: 0.07006
04/16/2026 23:07:37 - INFO - utils.trainer -   Recall: 0.25000
04/16/2026 23:07:37 - INFO - utils.trainer -   F_score: 0.10945
04/16/2026 23:07:37 - INFO - utils.trainer -   Loss: 2.83813
04/16/2026 23:07:37 - INFO - utils.trainer -   Epoch: 139, Train loss: 2.79799, Test loss: 2.83813,Epoch time = 12.525s
04/16/2026 23:07:50 - INFO - utils.trainer -   ***** Running evaluation on test0 dataset *****
04/16/2026 23:07:52 - INFO - utils.trainer -   AUC: 0.49552
04/16/2026 23:07:52 - INFO - utils.trainer -   Accuracy: 0.28025
04/16/2026 23:07:52 - INFO - utils.trainer -   Precision: 0.07006
04/16/2026 23:07:52 - INFO - utils.trainer -   Recall: 0.25000
04/16/2026 23:07:52 - INFO - utils.trainer -   F_score: 0.10945
04/16/2026 23:07:52 - INFO - utils.trainer -   Loss: 2.79386
04/16/2026 23:07:52 - INFO - utils.trainer -   Epoch: 140, Train loss: 2.79110, Test loss: 2.79386,Epoch time = 12.983s
04/16/2026 23:08:06 - INFO - utils.trainer -   ***** Running evaluation on test0 dataset *****
04/16/2026 23:08:08 - INFO - utils.trainer -   AUC: 0.52554
04/16/2026 23:08:08 - INFO - utils.trainer -   Accuracy: 0.28025
04/16/2026 23:08:08 - INFO - utils.trainer -   Precision: 0.07006
04/16/2026 23:08:08 - INFO - utils.trainer -   Recall: 0.25000
04/16/2026 23:08:08 - INFO - utils.trainer -   F_score: 0.10945
04/16/2026 23:08:08 - INFO - utils.trainer -   Loss: 2.78160
04/16/2026 23:08:08 - INFO - utils.trainer -   Epoch: 141, Train loss: 2.80500, Test loss: 2.78160,Epoch time = 13.410s
04/16/2026 23:08:20 - INFO - utils.trainer -   ***** Running evaluation on test0 dataset *****
04/16/2026 23:08:23 - INFO - utils.trainer -   AUC: 0.47691
04/16/2026 23:08:23 - INFO - utils.trainer -   Accuracy: 0.28025
04/16/2026 23:08:23 - INFO - utils.trainer -   Precision: 0.07006
04/16/2026 23:08:23 - INFO - utils.trainer -   Recall: 0.25000
04/16/2026 23:08:23 - INFO - utils.trainer -   F_score: 0.10945
04/16/2026 23:08:23 - INFO - utils.trainer -   Loss: 2.79648
04/16/2026 23:08:23 - INFO - utils.trainer -   Epoch: 142, Train loss: 2.78539, Test loss: 2.79648,Epoch time = 12.617s
04/16/2026 23:08:35 - INFO - utils.trainer -   ***** Running evaluation on test0 dataset *****
04/16/2026 23:08:37 - INFO - utils.trainer -   AUC: 0.47066
04/16/2026 23:08:37 - INFO - utils.trainer -   Accuracy: 0.28025
04/16/2026 23:08:37 - INFO - utils.trainer -   Precision: 0.07006
04/16/2026 23:08:37 - INFO - utils.trainer -   Recall: 0.25000
04/16/2026 23:08:37 - INFO - utils.trainer -   F_score: 0.10945
04/16/2026 23:08:37 - INFO - utils.trainer -   Loss: 2.80678
04/16/2026 23:08:37 - INFO - utils.trainer -   Epoch: 143, Train loss: 2.80517, Test loss: 2.80678,Epoch time = 11.947s
04/16/2026 23:08:50 - INFO - utils.trainer -   ***** Running evaluation on test0 dataset *****
04/16/2026 23:08:52 - INFO - utils.trainer -   AUC: 0.47037
04/16/2026 23:08:52 - INFO - utils.trainer -   Accuracy: 0.28025
04/16/2026 23:08:52 - INFO - utils.trainer -   Precision: 0.07006
04/16/2026 23:08:52 - INFO - utils.trainer -   Recall: 0.25000
04/16/2026 23:08:52 - INFO - utils.trainer -   F_score: 0.10945
04/16/2026 23:08:52 - INFO - utils.trainer -   Loss: 2.79065
04/16/2026 23:08:52 - INFO - utils.trainer -   Epoch: 144, Train loss: 2.78600, Test loss: 2.79065,Epoch time = 13.081s
04/16/2026 23:09:06 - INFO - utils.trainer -   ***** Running evaluation on test0 dataset *****
04/16/2026 23:09:08 - INFO - utils.trainer -   AUC: 0.49160
04/16/2026 23:09:08 - INFO - utils.trainer -   Accuracy: 0.28025
04/16/2026 23:09:08 - INFO - utils.trainer -   Precision: 0.07006
04/16/2026 23:09:08 - INFO - utils.trainer -   Recall: 0.25000
04/16/2026 23:09:08 - INFO - utils.trainer -   F_score: 0.10945
04/16/2026 23:09:08 - INFO - utils.trainer -   Loss: 2.76001
04/16/2026 23:09:08 - INFO - utils.trainer -   Epoch: 145, Train loss: 2.79764, Test loss: 2.76001,Epoch time = 14.096s
04/16/2026 23:09:21 - INFO - utils.trainer -   ***** Running evaluation on test0 dataset *****
04/16/2026 23:09:23 - INFO - utils.trainer -   AUC: 0.48522
04/16/2026 23:09:23 - INFO - utils.trainer -   Accuracy: 0.28025
04/16/2026 23:09:23 - INFO - utils.trainer -   Precision: 0.07006
04/16/2026 23:09:23 - INFO - utils.trainer -   Recall: 0.25000
04/16/2026 23:09:23 - INFO - utils.trainer -   F_score: 0.10945
04/16/2026 23:09:23 - INFO - utils.trainer -   Loss: 2.78780
04/16/2026 23:09:23 - INFO - utils.trainer -   Epoch: 146, Train loss: 2.78489, Test loss: 2.78780,Epoch time = 12.929s
04/16/2026 23:09:35 - INFO - utils.trainer -   ***** Running evaluation on test0 dataset *****
04/16/2026 23:09:37 - INFO - utils.trainer -   AUC: 0.49633
04/16/2026 23:09:37 - INFO - utils.trainer -   Accuracy: 0.28025
04/16/2026 23:09:37 - INFO - utils.trainer -   Precision: 0.07006
04/16/2026 23:09:37 - INFO - utils.trainer -   Recall: 0.25000
04/16/2026 23:09:37 - INFO - utils.trainer -   F_score: 0.10945
04/16/2026 23:09:37 - INFO - utils.trainer -   Loss: 2.76151
04/16/2026 23:09:38 - INFO - utils.trainer -   Epoch: 147, Train loss: 2.75010, Test loss: 2.76151,Epoch time = 11.876s
04/16/2026 23:09:49 - INFO - utils.trainer -   ***** Running evaluation on test0 dataset *****
04/16/2026 23:09:52 - INFO - utils.trainer -   AUC: 0.49682
04/16/2026 23:09:52 - INFO - utils.trainer -   Accuracy: 0.28025
04/16/2026 23:09:52 - INFO - utils.trainer -   Precision: 0.07006
04/16/2026 23:09:52 - INFO - utils.trainer -   Recall: 0.25000
04/16/2026 23:09:52 - INFO - utils.trainer -   F_score: 0.10945
04/16/2026 23:09:52 - INFO - utils.trainer -   Loss: 2.72555
04/16/2026 23:09:52 - INFO - utils.trainer -   Epoch: 148, Train loss: 2.76909, Test loss: 2.72555,Epoch time = 11.894s
04/16/2026 23:10:04 - INFO - utils.trainer -   ***** Running evaluation on test0 dataset *****
04/16/2026 23:10:06 - INFO - utils.trainer -   AUC: 0.48776
04/16/2026 23:10:06 - INFO - utils.trainer -   Accuracy: 0.28025
04/16/2026 23:10:06 - INFO - utils.trainer -   Precision: 0.07006
04/16/2026 23:10:06 - INFO - utils.trainer -   Recall: 0.25000
04/16/2026 23:10:06 - INFO - utils.trainer -   F_score: 0.10945
04/16/2026 23:10:06 - INFO - utils.trainer -   Loss: 2.72398
04/16/2026 23:10:06 - INFO - utils.trainer -   Epoch: 149, Train loss: 2.75274, Test loss: 2.72398,Epoch time = 12.634s
04/16/2026 23:10:20 - INFO - utils.trainer -   ***** Running evaluation on test0 dataset *****
04/16/2026 23:10:22 - INFO - utils.trainer -   AUC: 0.54143
04/16/2026 23:10:22 - INFO - utils.trainer -   Accuracy: 0.28025
04/16/2026 23:10:22 - INFO - utils.trainer -   Precision: 0.07006
04/16/2026 23:10:22 - INFO - utils.trainer -   Recall: 0.25000
04/16/2026 23:10:22 - INFO - utils.trainer -   F_score: 0.10945
04/16/2026 23:10:22 - INFO - utils.trainer -   Loss: 2.73278
04/16/2026 23:10:22 - INFO - utils.trainer -   Epoch: 150, Train loss: 2.74744, Test loss: 2.73278,Epoch time = 13.888s
04/16/2026 23:10:35 - INFO - utils.trainer -   ***** Running evaluation on test0 dataset *****
04/16/2026 23:10:37 - INFO - utils.trainer -   AUC: 0.47824
04/16/2026 23:10:37 - INFO - utils.trainer -   Accuracy: 0.28025
04/16/2026 23:10:37 - INFO - utils.trainer -   Precision: 0.07006
04/16/2026 23:10:37 - INFO - utils.trainer -   Recall: 0.25000
04/16/2026 23:10:37 - INFO - utils.trainer -   F_score: 0.10945
04/16/2026 23:10:37 - INFO - utils.trainer -   Loss: 2.75368
04/16/2026 23:10:37 - INFO - utils.trainer -   Epoch: 151, Train loss: 2.75133, Test loss: 2.75368,Epoch time = 12.700s
04/16/2026 23:10:49 - INFO - utils.trainer -   ***** Running evaluation on test0 dataset *****
04/16/2026 23:10:51 - INFO - utils.trainer -   AUC: 0.51825
04/16/2026 23:10:51 - INFO - utils.trainer -   Accuracy: 0.28025
04/16/2026 23:10:51 - INFO - utils.trainer -   Precision: 0.07006
04/16/2026 23:10:51 - INFO - utils.trainer -   Recall: 0.25000
04/16/2026 23:10:51 - INFO - utils.trainer -   F_score: 0.10945
04/16/2026 23:10:51 - INFO - utils.trainer -   Loss: 2.70384
04/16/2026 23:10:51 - INFO - utils.trainer -   Epoch: 152, Train loss: 2.73536, Test loss: 2.70384,Epoch time = 11.690s
04/16/2026 23:11:03 - INFO - utils.trainer -   ***** Running evaluation on test0 dataset *****
04/16/2026 23:11:05 - INFO - utils.trainer -   AUC: 0.51468
04/16/2026 23:11:05 - INFO - utils.trainer -   Accuracy: 0.28025
04/16/2026 23:11:05 - INFO - utils.trainer -   Precision: 0.07006
04/16/2026 23:11:05 - INFO - utils.trainer -   Recall: 0.25000
04/16/2026 23:11:05 - INFO - utils.trainer -   F_score: 0.10945
04/16/2026 23:11:05 - INFO - utils.trainer -   Loss: 2.70597
04/16/2026 23:11:05 - INFO - utils.trainer -   Epoch: 153, Train loss: 2.73450, Test loss: 2.70597,Epoch time = 11.628s
04/16/2026 23:11:18 - INFO - utils.trainer -   ***** Running evaluation on test0 dataset *****
04/16/2026 23:11:21 - INFO - utils.trainer -   AUC: 0.50147
04/16/2026 23:11:21 - INFO - utils.trainer -   Accuracy: 0.28025
04/16/2026 23:11:21 - INFO - utils.trainer -   Precision: 0.07006
04/16/2026 23:11:21 - INFO - utils.trainer -   Recall: 0.25000
04/16/2026 23:11:21 - INFO - utils.trainer -   F_score: 0.10945
04/16/2026 23:11:21 - INFO - utils.trainer -   Loss: 2.70504
04/16/2026 23:11:21 - INFO - utils.trainer -   Epoch: 154, Train loss: 2.72173, Test loss: 2.70504,Epoch time = 13.101s
04/16/2026 23:11:34 - INFO - utils.trainer -   ***** Running evaluation on test0 dataset *****
04/16/2026 23:11:36 - INFO - utils.trainer -   AUC: 0.50964
04/16/2026 23:11:36 - INFO - utils.trainer -   Accuracy: 0.28025
04/16/2026 23:11:36 - INFO - utils.trainer -   Precision: 0.07006
04/16/2026 23:11:36 - INFO - utils.trainer -   Recall: 0.25000
04/16/2026 23:11:36 - INFO - utils.trainer -   F_score: 0.10945
04/16/2026 23:11:36 - INFO - utils.trainer -   Loss: 2.70428
04/16/2026 23:11:36 - INFO - utils.trainer -   Epoch: 155, Train loss: 2.71459, Test loss: 2.70428,Epoch time = 13.292s
04/16/2026 23:11:49 - INFO - utils.trainer -   ***** Running evaluation on test0 dataset *****
04/16/2026 23:11:51 - INFO - utils.trainer -   AUC: 0.50396
04/16/2026 23:11:51 - INFO - utils.trainer -   Accuracy: 0.28025
04/16/2026 23:11:51 - INFO - utils.trainer -   Precision: 0.07006
04/16/2026 23:11:51 - INFO - utils.trainer -   Recall: 0.25000
04/16/2026 23:11:51 - INFO - utils.trainer -   F_score: 0.10945
04/16/2026 23:11:51 - INFO - utils.trainer -   Loss: 2.69832
04/16/2026 23:11:51 - INFO - utils.trainer -   Epoch: 156, Train loss: 2.71674, Test loss: 2.69832,Epoch time = 12.265s
04/16/2026 23:12:02 - INFO - utils.trainer -   ***** Running evaluation on test0 dataset *****
04/16/2026 23:12:04 - INFO - utils.trainer -   AUC: 0.45516
04/16/2026 23:12:04 - INFO - utils.trainer -   Accuracy: 0.28025
04/16/2026 23:12:04 - INFO - utils.trainer -   Precision: 0.07006
04/16/2026 23:12:04 - INFO - utils.trainer -   Recall: 0.25000
04/16/2026 23:12:04 - INFO - utils.trainer -   F_score: 0.10945
04/16/2026 23:12:04 - INFO - utils.trainer -   Loss: 2.71329
04/16/2026 23:12:04 - INFO - utils.trainer -   Epoch: 157, Train loss: 2.72207, Test loss: 2.71329,Epoch time = 10.902s
04/16/2026 23:12:17 - INFO - utils.trainer -   ***** Running evaluation on test0 dataset *****
04/16/2026 23:12:19 - INFO - utils.trainer -   AUC: 0.52442
04/16/2026 23:12:19 - INFO - utils.trainer -   Accuracy: 0.28025
04/16/2026 23:12:19 - INFO - utils.trainer -   Precision: 0.07006
04/16/2026 23:12:19 - INFO - utils.trainer -   Recall: 0.25000
04/16/2026 23:12:19 - INFO - utils.trainer -   F_score: 0.10945
04/16/2026 23:12:19 - INFO - utils.trainer -   Loss: 2.69519
04/16/2026 23:12:19 - INFO - utils.trainer -   Epoch: 158, Train loss: 2.72095, Test loss: 2.69519,Epoch time = 12.993s
04/16/2026 23:12:32 - INFO - utils.trainer -   ***** Running evaluation on test0 dataset *****
04/16/2026 23:12:35 - INFO - utils.trainer -   AUC: 0.53324
04/16/2026 23:12:35 - INFO - utils.trainer -   Accuracy: 0.28025
04/16/2026 23:12:35 - INFO - utils.trainer -   Precision: 0.07006
04/16/2026 23:12:35 - INFO - utils.trainer -   Recall: 0.25000
04/16/2026 23:12:35 - INFO - utils.trainer -   F_score: 0.10945
04/16/2026 23:12:35 - INFO - utils.trainer -   Loss: 2.66941
04/16/2026 23:12:35 - INFO - utils.trainer -   Epoch: 159, Train loss: 2.70145, Test loss: 2.66941,Epoch time = 13.138s
04/16/2026 23:12:48 - INFO - utils.trainer -   ***** Running evaluation on test0 dataset *****
04/16/2026 23:12:50 - INFO - utils.trainer -   AUC: 0.51606
04/16/2026 23:12:50 - INFO - utils.trainer -   Accuracy: 0.28025
04/16/2026 23:12:50 - INFO - utils.trainer -   Precision: 0.07006
04/16/2026 23:12:50 - INFO - utils.trainer -   Recall: 0.25000
04/16/2026 23:12:50 - INFO - utils.trainer -   F_score: 0.10945
04/16/2026 23:12:50 - INFO - utils.trainer -   Loss: 2.68900
04/16/2026 23:12:50 - INFO - utils.trainer -   Epoch: 160, Train loss: 2.67939, Test loss: 2.68900,Epoch time = 13.090s
04/16/2026 23:13:02 - INFO - utils.trainer -   ***** Running evaluation on test0 dataset *****
04/16/2026 23:13:04 - INFO - utils.trainer -   AUC: 0.47348
04/16/2026 23:13:04 - INFO - utils.trainer -   Accuracy: 0.28025
04/16/2026 23:13:04 - INFO - utils.trainer -   Precision: 0.07006
04/16/2026 23:13:04 - INFO - utils.trainer -   Recall: 0.25000
04/16/2026 23:13:04 - INFO - utils.trainer -   F_score: 0.10945
04/16/2026 23:13:04 - INFO - utils.trainer -   Loss: 2.68467
04/16/2026 23:13:04 - INFO - utils.trainer -   Epoch: 161, Train loss: 2.68680, Test loss: 2.68467,Epoch time = 11.816s
04/16/2026 23:13:16 - INFO - utils.trainer -   ***** Running evaluation on test0 dataset *****
04/16/2026 23:13:18 - INFO - utils.trainer -   AUC: 0.53427
04/16/2026 23:13:18 - INFO - utils.trainer -   Accuracy: 0.28025
04/16/2026 23:13:18 - INFO - utils.trainer -   Precision: 0.07006
04/16/2026 23:13:18 - INFO - utils.trainer -   Recall: 0.25000
04/16/2026 23:13:18 - INFO - utils.trainer -   F_score: 0.10945
04/16/2026 23:13:18 - INFO - utils.trainer -   Loss: 2.65824
04/16/2026 23:13:18 - INFO - utils.trainer -   Epoch: 162, Train loss: 2.69974, Test loss: 2.65824,Epoch time = 11.984s
04/16/2026 23:13:31 - INFO - utils.trainer -   ***** Running evaluation on test0 dataset *****
04/16/2026 23:13:34 - INFO - utils.trainer -   AUC: 0.51155
04/16/2026 23:13:34 - INFO - utils.trainer -   Accuracy: 0.28025
04/16/2026 23:13:34 - INFO - utils.trainer -   Precision: 0.07006
04/16/2026 23:13:34 - INFO - utils.trainer -   Recall: 0.25000
04/16/2026 23:13:34 - INFO - utils.trainer -   F_score: 0.10945
04/16/2026 23:13:34 - INFO - utils.trainer -   Loss: 2.65858
04/16/2026 23:13:34 - INFO - utils.trainer -   Epoch: 163, Train loss: 2.67347, Test loss: 2.65858,Epoch time = 12.958s
04/16/2026 23:13:47 - INFO - utils.trainer -   ***** Running evaluation on test0 dataset *****
04/16/2026 23:13:50 - INFO - utils.trainer -   AUC: 0.49589
04/16/2026 23:13:50 - INFO - utils.trainer -   Accuracy: 0.28025
04/16/2026 23:13:50 - INFO - utils.trainer -   Precision: 0.07006
04/16/2026 23:13:50 - INFO - utils.trainer -   Recall: 0.25000
04/16/2026 23:13:50 - INFO - utils.trainer -   F_score: 0.10945
04/16/2026 23:13:50 - INFO - utils.trainer -   Loss: 2.66024
04/16/2026 23:13:50 - INFO - utils.trainer -   Epoch: 164, Train loss: 2.68583, Test loss: 2.66024,Epoch time = 13.775s
04/16/2026 23:14:02 - INFO - utils.trainer -   ***** Running evaluation on test0 dataset *****
04/16/2026 23:14:04 - INFO - utils.trainer -   AUC: 0.49274
04/16/2026 23:14:04 - INFO - utils.trainer -   Accuracy: 0.28025
04/16/2026 23:14:04 - INFO - utils.trainer -   Precision: 0.07006
04/16/2026 23:14:04 - INFO - utils.trainer -   Recall: 0.25000
04/16/2026 23:14:04 - INFO - utils.trainer -   F_score: 0.10945
04/16/2026 23:14:04 - INFO - utils.trainer -   Loss: 2.67801
04/16/2026 23:14:04 - INFO - utils.trainer -   Epoch: 165, Train loss: 2.68018, Test loss: 2.67801,Epoch time = 12.139s
04/16/2026 23:14:17 - INFO - utils.trainer -   ***** Running evaluation on test0 dataset *****
04/16/2026 23:14:19 - INFO - utils.trainer -   AUC: 0.48875
04/16/2026 23:14:19 - INFO - utils.trainer -   Accuracy: 0.28025
04/16/2026 23:14:19 - INFO - utils.trainer -   Precision: 0.07006
04/16/2026 23:14:19 - INFO - utils.trainer -   Recall: 0.25000
04/16/2026 23:14:19 - INFO - utils.trainer -   F_score: 0.10945
04/16/2026 23:14:19 - INFO - utils.trainer -   Loss: 2.67266
04/16/2026 23:14:19 - INFO - utils.trainer -   Epoch: 166, Train loss: 2.67600, Test loss: 2.67266,Epoch time = 12.424s
04/16/2026 23:14:33 - INFO - utils.trainer -   ***** Running evaluation on test0 dataset *****
04/16/2026 23:14:35 - INFO - utils.trainer -   AUC: 0.51061
04/16/2026 23:14:35 - INFO - utils.trainer -   Accuracy: 0.28025
04/16/2026 23:14:35 - INFO - utils.trainer -   Precision: 0.07006
04/16/2026 23:14:35 - INFO - utils.trainer -   Recall: 0.25000
04/16/2026 23:14:35 - INFO - utils.trainer -   F_score: 0.10945
04/16/2026 23:14:35 - INFO - utils.trainer -   Loss: 2.66893
04/16/2026 23:14:35 - INFO - utils.trainer -   Epoch: 167, Train loss: 2.68693, Test loss: 2.66893,Epoch time = 13.714s
04/16/2026 23:14:48 - INFO - utils.trainer -   ***** Running evaluation on test0 dataset *****
04/16/2026 23:14:50 - INFO - utils.trainer -   AUC: 0.51832
04/16/2026 23:14:50 - INFO - utils.trainer -   Accuracy: 0.28025
04/16/2026 23:14:50 - INFO - utils.trainer -   Precision: 0.07006
04/16/2026 23:14:50 - INFO - utils.trainer -   Recall: 0.25000
04/16/2026 23:14:50 - INFO - utils.trainer -   F_score: 0.10945
04/16/2026 23:14:50 - INFO - utils.trainer -   Loss: 2.65664
04/16/2026 23:14:50 - INFO - utils.trainer -   Epoch: 168, Train loss: 2.68012, Test loss: 2.65664,Epoch time = 12.893s
04/16/2026 23:15:02 - INFO - utils.trainer -   ***** Running evaluation on test0 dataset *****
04/16/2026 23:15:05 - INFO - utils.trainer -   AUC: 0.49159
04/16/2026 23:15:05 - INFO - utils.trainer -   Accuracy: 0.28025
04/16/2026 23:15:05 - INFO - utils.trainer -   Precision: 0.07006
04/16/2026 23:15:05 - INFO - utils.trainer -   Recall: 0.25000
04/16/2026 23:15:05 - INFO - utils.trainer -   F_score: 0.10945
04/16/2026 23:15:05 - INFO - utils.trainer -   Loss: 2.65864
04/16/2026 23:15:05 - INFO - utils.trainer -   Epoch: 169, Train loss: 2.66249, Test loss: 2.65864,Epoch time = 11.967s
04/16/2026 23:15:18 - INFO - utils.trainer -   ***** Running evaluation on test0 dataset *****
04/16/2026 23:15:20 - INFO - utils.trainer -   AUC: 0.50856
04/16/2026 23:15:20 - INFO - utils.trainer -   Accuracy: 0.28025
04/16/2026 23:15:20 - INFO - utils.trainer -   Precision: 0.07006
04/16/2026 23:15:20 - INFO - utils.trainer -   Recall: 0.25000
04/16/2026 23:15:20 - INFO - utils.trainer -   F_score: 0.10945
04/16/2026 23:15:20 - INFO - utils.trainer -   Loss: 2.63852
04/16/2026 23:15:20 - INFO - utils.trainer -   Epoch: 170, Train loss: 2.65875, Test loss: 2.63852,Epoch time = 12.801s
04/16/2026 23:15:33 - INFO - utils.trainer -   ***** Running evaluation on test0 dataset *****
04/16/2026 23:15:35 - INFO - utils.trainer -   AUC: 0.52786
04/16/2026 23:15:35 - INFO - utils.trainer -   Accuracy: 0.28025
04/16/2026 23:15:35 - INFO - utils.trainer -   Precision: 0.07006
04/16/2026 23:15:35 - INFO - utils.trainer -   Recall: 0.25000
04/16/2026 23:15:35 - INFO - utils.trainer -   F_score: 0.10945
04/16/2026 23:15:35 - INFO - utils.trainer -   Loss: 2.63067
04/16/2026 23:15:35 - INFO - utils.trainer -   Epoch: 171, Train loss: 2.66531, Test loss: 2.63067,Epoch time = 13.222s
04/16/2026 23:15:49 - INFO - utils.trainer -   ***** Running evaluation on test0 dataset *****
04/16/2026 23:15:51 - INFO - utils.trainer -   AUC: 0.45547
04/16/2026 23:15:51 - INFO - utils.trainer -   Accuracy: 0.28025
04/16/2026 23:15:51 - INFO - utils.trainer -   Precision: 0.07006
04/16/2026 23:15:51 - INFO - utils.trainer -   Recall: 0.25000
04/16/2026 23:15:51 - INFO - utils.trainer -   F_score: 0.10945
04/16/2026 23:15:51 - INFO - utils.trainer -   Loss: 2.65200
04/16/2026 23:15:51 - INFO - utils.trainer -   Epoch: 172, Train loss: 2.65961, Test loss: 2.65200,Epoch time = 13.600s
04/16/2026 23:16:03 - INFO - utils.trainer -   ***** Running evaluation on test0 dataset *****
04/16/2026 23:16:06 - INFO - utils.trainer -   AUC: 0.45970
04/16/2026 23:16:06 - INFO - utils.trainer -   Accuracy: 0.28025
04/16/2026 23:16:06 - INFO - utils.trainer -   Precision: 0.07006
04/16/2026 23:16:06 - INFO - utils.trainer -   Recall: 0.25000
04/16/2026 23:16:06 - INFO - utils.trainer -   F_score: 0.10945
04/16/2026 23:16:06 - INFO - utils.trainer -   Loss: 2.64059
04/16/2026 23:16:06 - INFO - utils.trainer -   Epoch: 173, Train loss: 2.66149, Test loss: 2.64059,Epoch time = 11.766s
04/16/2026 23:16:18 - INFO - utils.trainer -   ***** Running evaluation on test0 dataset *****
04/16/2026 23:16:20 - INFO - utils.trainer -   AUC: 0.53032
04/16/2026 23:16:20 - INFO - utils.trainer -   Accuracy: 0.28025
04/16/2026 23:16:20 - INFO - utils.trainer -   Precision: 0.07006
04/16/2026 23:16:20 - INFO - utils.trainer -   Recall: 0.25000
04/16/2026 23:16:20 - INFO - utils.trainer -   F_score: 0.10945
04/16/2026 23:16:20 - INFO - utils.trainer -   Loss: 2.64706
04/16/2026 23:16:20 - INFO - utils.trainer -   Epoch: 174, Train loss: 2.66227, Test loss: 2.64706,Epoch time = 12.090s
04/16/2026 23:16:33 - INFO - utils.trainer -   ***** Running evaluation on test0 dataset *****
04/16/2026 23:16:35 - INFO - utils.trainer -   AUC: 0.48688
04/16/2026 23:16:35 - INFO - utils.trainer -   Accuracy: 0.28025
04/16/2026 23:16:35 - INFO - utils.trainer -   Precision: 0.07006
04/16/2026 23:16:35 - INFO - utils.trainer -   Recall: 0.25000
04/16/2026 23:16:35 - INFO - utils.trainer -   F_score: 0.10945
04/16/2026 23:16:35 - INFO - utils.trainer -   Loss: 2.63183
04/16/2026 23:16:35 - INFO - utils.trainer -   Epoch: 175, Train loss: 2.66616, Test loss: 2.63183,Epoch time = 13.097s
04/16/2026 23:16:50 - INFO - utils.trainer -   ***** Running evaluation on test0 dataset *****
04/16/2026 23:16:53 - INFO - utils.trainer -   AUC: 0.50943
04/16/2026 23:16:53 - INFO - utils.trainer -   Accuracy: 0.28025
04/16/2026 23:16:53 - INFO - utils.trainer -   Precision: 0.07006
04/16/2026 23:16:53 - INFO - utils.trainer -   Recall: 0.25000
04/16/2026 23:16:53 - INFO - utils.trainer -   F_score: 0.10945
04/16/2026 23:16:53 - INFO - utils.trainer -   Loss: 2.62796
04/16/2026 23:16:53 - INFO - utils.trainer -   Epoch: 176, Train loss: 2.65582, Test loss: 2.62796,Epoch time = 14.944s
04/16/2026 23:17:06 - INFO - utils.trainer -   ***** Running evaluation on test0 dataset *****
04/16/2026 23:17:09 - INFO - utils.trainer -   AUC: 0.48175
04/16/2026 23:17:09 - INFO - utils.trainer -   Accuracy: 0.28025
04/16/2026 23:17:09 - INFO - utils.trainer -   Precision: 0.07006
04/16/2026 23:17:09 - INFO - utils.trainer -   Recall: 0.25000
04/16/2026 23:17:09 - INFO - utils.trainer -   F_score: 0.10945
04/16/2026 23:17:09 - INFO - utils.trainer -   Loss: 2.64284
04/16/2026 23:17:09 - INFO - utils.trainer -   Epoch: 177, Train loss: 2.63735, Test loss: 2.64284,Epoch time = 13.759s
04/16/2026 23:17:22 - INFO - utils.trainer -   ***** Running evaluation on test0 dataset *****
04/16/2026 23:17:24 - INFO - utils.trainer -   AUC: 0.53563
04/16/2026 23:17:24 - INFO - utils.trainer -   Accuracy: 0.28025
04/16/2026 23:17:24 - INFO - utils.trainer -   Precision: 0.07006
04/16/2026 23:17:24 - INFO - utils.trainer -   Recall: 0.25000
04/16/2026 23:17:24 - INFO - utils.trainer -   F_score: 0.10945
04/16/2026 23:17:24 - INFO - utils.trainer -   Loss: 2.63455
04/16/2026 23:17:24 - INFO - utils.trainer -   Epoch: 178, Train loss: 2.64276, Test loss: 2.63455,Epoch time = 13.263s
04/16/2026 23:17:39 - INFO - utils.trainer -   ***** Running evaluation on test0 dataset *****
04/16/2026 23:17:41 - INFO - utils.trainer -   AUC: 0.51800
04/16/2026 23:17:41 - INFO - utils.trainer -   Accuracy: 0.28025
04/16/2026 23:17:41 - INFO - utils.trainer -   Precision: 0.07006
04/16/2026 23:17:41 - INFO - utils.trainer -   Recall: 0.25000
04/16/2026 23:17:41 - INFO - utils.trainer -   F_score: 0.10945
04/16/2026 23:17:41 - INFO - utils.trainer -   Loss: 2.62648
04/16/2026 23:17:41 - INFO - utils.trainer -   Epoch: 179, Train loss: 2.62892, Test loss: 2.62648,Epoch time = 14.718s
04/16/2026 23:17:54 - INFO - utils.trainer -   ***** Running evaluation on test0 dataset *****
04/16/2026 23:17:56 - INFO - utils.trainer -   AUC: 0.55547
04/16/2026 23:17:56 - INFO - utils.trainer -   Accuracy: 0.28025
04/16/2026 23:17:56 - INFO - utils.trainer -   Precision: 0.07006
04/16/2026 23:17:56 - INFO - utils.trainer -   Recall: 0.25000
04/16/2026 23:17:56 - INFO - utils.trainer -   F_score: 0.10945
04/16/2026 23:17:56 - INFO - utils.trainer -   Loss: 2.61188
04/16/2026 23:17:56 - INFO - utils.trainer -   Epoch: 180, Train loss: 2.64970, Test loss: 2.61188,Epoch time = 13.022s
04/16/2026 23:18:10 - INFO - utils.trainer -   ***** Running evaluation on test0 dataset *****
04/16/2026 23:18:12 - INFO - utils.trainer -   AUC: 0.46967
04/16/2026 23:18:12 - INFO - utils.trainer -   Accuracy: 0.28025
04/16/2026 23:18:12 - INFO - utils.trainer -   Precision: 0.07006
04/16/2026 23:18:12 - INFO - utils.trainer -   Recall: 0.25000
04/16/2026 23:18:12 - INFO - utils.trainer -   F_score: 0.10945
04/16/2026 23:18:12 - INFO - utils.trainer -   Loss: 2.64101
04/16/2026 23:18:12 - INFO - utils.trainer -   Epoch: 181, Train loss: 2.65168, Test loss: 2.64101,Epoch time = 13.765s
04/16/2026 23:18:25 - INFO - utils.trainer -   ***** Running evaluation on test0 dataset *****
04/16/2026 23:18:27 - INFO - utils.trainer -   AUC: 0.48655
04/16/2026 23:18:27 - INFO - utils.trainer -   Accuracy: 0.28025
04/16/2026 23:18:27 - INFO - utils.trainer -   Precision: 0.07006
04/16/2026 23:18:27 - INFO - utils.trainer -   Recall: 0.25000
04/16/2026 23:18:27 - INFO - utils.trainer -   F_score: 0.10945
04/16/2026 23:18:27 - INFO - utils.trainer -   Loss: 2.63598
04/16/2026 23:18:27 - INFO - utils.trainer -   Epoch: 182, Train loss: 2.63387, Test loss: 2.63598,Epoch time = 12.539s
04/16/2026 23:18:40 - INFO - utils.trainer -   ***** Running evaluation on test0 dataset *****
04/16/2026 23:18:42 - INFO - utils.trainer -   AUC: 0.49255
04/16/2026 23:18:42 - INFO - utils.trainer -   Accuracy: 0.28025
04/16/2026 23:18:42 - INFO - utils.trainer -   Precision: 0.07006
04/16/2026 23:18:42 - INFO - utils.trainer -   Recall: 0.25000
04/16/2026 23:18:42 - INFO - utils.trainer -   F_score: 0.10945
04/16/2026 23:18:42 - INFO - utils.trainer -   Loss: 2.62859
04/16/2026 23:18:42 - INFO - utils.trainer -   Epoch: 183, Train loss: 2.63266, Test loss: 2.62859,Epoch time = 12.834s
04/16/2026 23:18:55 - INFO - utils.trainer -   ***** Running evaluation on test0 dataset *****
04/16/2026 23:18:57 - INFO - utils.trainer -   AUC: 0.49167
04/16/2026 23:18:57 - INFO - utils.trainer -   Accuracy: 0.28025
04/16/2026 23:18:57 - INFO - utils.trainer -   Precision: 0.07006
04/16/2026 23:18:57 - INFO - utils.trainer -   Recall: 0.25000
04/16/2026 23:18:57 - INFO - utils.trainer -   F_score: 0.10945
04/16/2026 23:18:57 - INFO - utils.trainer -   Loss: 2.65779
04/16/2026 23:18:57 - INFO - utils.trainer -   Epoch: 184, Train loss: 2.63646, Test loss: 2.65779,Epoch time = 12.509s
04/16/2026 23:19:08 - INFO - utils.trainer -   ***** Running evaluation on test0 dataset *****
04/16/2026 23:19:10 - INFO - utils.trainer -   AUC: 0.46730
04/16/2026 23:19:10 - INFO - utils.trainer -   Accuracy: 0.28025
04/16/2026 23:19:10 - INFO - utils.trainer -   Precision: 0.07006
04/16/2026 23:19:10 - INFO - utils.trainer -   Recall: 0.25000
04/16/2026 23:19:10 - INFO - utils.trainer -   F_score: 0.10945
04/16/2026 23:19:10 - INFO - utils.trainer -   Loss: 2.63854
04/16/2026 23:19:10 - INFO - utils.trainer -   Epoch: 185, Train loss: 2.65461, Test loss: 2.63854,Epoch time = 11.358s
04/16/2026 23:19:22 - INFO - utils.trainer -   ***** Running evaluation on test0 dataset *****
04/16/2026 23:19:24 - INFO - utils.trainer -   AUC: 0.52159
04/16/2026 23:19:24 - INFO - utils.trainer -   Accuracy: 0.28025
04/16/2026 23:19:24 - INFO - utils.trainer -   Precision: 0.07006
04/16/2026 23:19:24 - INFO - utils.trainer -   Recall: 0.25000
04/16/2026 23:19:24 - INFO - utils.trainer -   F_score: 0.10945
04/16/2026 23:19:24 - INFO - utils.trainer -   Loss: 2.61928
04/16/2026 23:19:24 - INFO - utils.trainer -   Epoch: 186, Train loss: 2.62651, Test loss: 2.61928,Epoch time = 11.485s
04/16/2026 23:19:35 - INFO - utils.trainer -   ***** Running evaluation on test0 dataset *****
04/16/2026 23:19:38 - INFO - utils.trainer -   AUC: 0.40098
04/16/2026 23:19:38 - INFO - utils.trainer -   Accuracy: 0.28025
04/16/2026 23:19:38 - INFO - utils.trainer -   Precision: 0.07006
04/16/2026 23:19:38 - INFO - utils.trainer -   Recall: 0.25000
04/16/2026 23:19:38 - INFO - utils.trainer -   F_score: 0.10945
04/16/2026 23:19:38 - INFO - utils.trainer -   Loss: 2.64063
04/16/2026 23:19:38 - INFO - utils.trainer -   Epoch: 187, Train loss: 2.63939, Test loss: 2.64063,Epoch time = 11.837s
04/16/2026 23:19:49 - INFO - utils.trainer -   ***** Running evaluation on test0 dataset *****
04/16/2026 23:19:51 - INFO - utils.trainer -   AUC: 0.51438
04/16/2026 23:19:51 - INFO - utils.trainer -   Accuracy: 0.28025
04/16/2026 23:19:51 - INFO - utils.trainer -   Precision: 0.07006
04/16/2026 23:19:51 - INFO - utils.trainer -   Recall: 0.25000
04/16/2026 23:19:51 - INFO - utils.trainer -   F_score: 0.10945
04/16/2026 23:19:51 - INFO - utils.trainer -   Loss: 2.65575
04/16/2026 23:19:51 - INFO - utils.trainer -   Epoch: 188, Train loss: 2.64424, Test loss: 2.65575,Epoch time = 11.210s
04/16/2026 23:20:02 - INFO - utils.trainer -   ***** Running evaluation on test0 dataset *****
04/16/2026 23:20:04 - INFO - utils.trainer -   AUC: 0.46579
04/16/2026 23:20:04 - INFO - utils.trainer -   Accuracy: 0.28025
04/16/2026 23:20:04 - INFO - utils.trainer -   Precision: 0.07006
04/16/2026 23:20:04 - INFO - utils.trainer -   Recall: 0.25000
04/16/2026 23:20:04 - INFO - utils.trainer -   F_score: 0.10945
04/16/2026 23:20:04 - INFO - utils.trainer -   Loss: 2.61990
04/16/2026 23:20:04 - INFO - utils.trainer -   Epoch: 189, Train loss: 2.62883, Test loss: 2.61990,Epoch time = 10.873s
04/16/2026 23:20:15 - INFO - utils.trainer -   ***** Running evaluation on test0 dataset *****
04/16/2026 23:20:17 - INFO - utils.trainer -   AUC: 0.47427
04/16/2026 23:20:17 - INFO - utils.trainer -   Accuracy: 0.28025
04/16/2026 23:20:17 - INFO - utils.trainer -   Precision: 0.07006
04/16/2026 23:20:17 - INFO - utils.trainer -   Recall: 0.25000
04/16/2026 23:20:17 - INFO - utils.trainer -   F_score: 0.10945
04/16/2026 23:20:17 - INFO - utils.trainer -   Loss: 2.63690
04/16/2026 23:20:17 - INFO - utils.trainer -   Epoch: 190, Train loss: 2.61676, Test loss: 2.63690,Epoch time = 10.393s
04/16/2026 23:20:28 - INFO - utils.trainer -   ***** Running evaluation on test0 dataset *****
04/16/2026 23:20:30 - INFO - utils.trainer -   AUC: 0.43913
04/16/2026 23:20:30 - INFO - utils.trainer -   Accuracy: 0.28025
04/16/2026 23:20:30 - INFO - utils.trainer -   Precision: 0.07006
04/16/2026 23:20:30 - INFO - utils.trainer -   Recall: 0.25000
04/16/2026 23:20:30 - INFO - utils.trainer -   F_score: 0.10945
04/16/2026 23:20:30 - INFO - utils.trainer -   Loss: 2.62493
04/16/2026 23:20:30 - INFO - utils.trainer -   Epoch: 191, Train loss: 2.63302, Test loss: 2.62493,Epoch time = 10.835s
04/16/2026 23:20:43 - INFO - utils.trainer -   ***** Running evaluation on test0 dataset *****
04/16/2026 23:20:45 - INFO - utils.trainer -   AUC: 0.50105
04/16/2026 23:20:45 - INFO - utils.trainer -   Accuracy: 0.28025
04/16/2026 23:20:45 - INFO - utils.trainer -   Precision: 0.07006
04/16/2026 23:20:45 - INFO - utils.trainer -   Recall: 0.25000
04/16/2026 23:20:45 - INFO - utils.trainer -   F_score: 0.10945
04/16/2026 23:20:45 - INFO - utils.trainer -   Loss: 2.62734
04/16/2026 23:20:45 - INFO - utils.trainer -   Epoch: 192, Train loss: 2.64709, Test loss: 2.62734,Epoch time = 12.628s
04/16/2026 23:20:58 - INFO - utils.trainer -   ***** Running evaluation on test0 dataset *****
04/16/2026 23:21:00 - INFO - utils.trainer -   AUC: 0.50550
04/16/2026 23:21:00 - INFO - utils.trainer -   Accuracy: 0.28025
04/16/2026 23:21:00 - INFO - utils.trainer -   Precision: 0.07006
04/16/2026 23:21:00 - INFO - utils.trainer -   Recall: 0.25000
04/16/2026 23:21:00 - INFO - utils.trainer -   F_score: 0.10945
04/16/2026 23:21:00 - INFO - utils.trainer -   Loss: 2.63249
04/16/2026 23:21:00 - INFO - utils.trainer -   Epoch: 193, Train loss: 2.64411, Test loss: 2.63249,Epoch time = 12.843s
04/16/2026 23:21:13 - INFO - utils.trainer -   ***** Running evaluation on test0 dataset *****
04/16/2026 23:21:15 - INFO - utils.trainer -   AUC: 0.49640
04/16/2026 23:21:15 - INFO - utils.trainer -   Accuracy: 0.28025
04/16/2026 23:21:15 - INFO - utils.trainer -   Precision: 0.07006
04/16/2026 23:21:15 - INFO - utils.trainer -   Recall: 0.25000
04/16/2026 23:21:15 - INFO - utils.trainer -   F_score: 0.10945
04/16/2026 23:21:15 - INFO - utils.trainer -   Loss: 2.59750
04/16/2026 23:21:15 - INFO - utils.trainer -   Epoch: 194, Train loss: 2.63374, Test loss: 2.59750,Epoch time = 12.551s
04/16/2026 23:21:26 - INFO - utils.trainer -   ***** Running evaluation on test0 dataset *****
04/16/2026 23:21:29 - INFO - utils.trainer -   AUC: 0.51200
04/16/2026 23:21:29 - INFO - utils.trainer -   Accuracy: 0.28025
04/16/2026 23:21:29 - INFO - utils.trainer -   Precision: 0.07006
04/16/2026 23:21:29 - INFO - utils.trainer -   Recall: 0.25000
04/16/2026 23:21:29 - INFO - utils.trainer -   F_score: 0.10945
04/16/2026 23:21:29 - INFO - utils.trainer -   Loss: 2.63401
04/16/2026 23:21:29 - INFO - utils.trainer -   Epoch: 195, Train loss: 2.62896, Test loss: 2.63401,Epoch time = 11.388s
04/16/2026 23:21:40 - INFO - utils.trainer -   ***** Running evaluation on test0 dataset *****
04/16/2026 23:21:42 - INFO - utils.trainer -   AUC: 0.52076
04/16/2026 23:21:42 - INFO - utils.trainer -   Accuracy: 0.28025
04/16/2026 23:21:42 - INFO - utils.trainer -   Precision: 0.07006
04/16/2026 23:21:42 - INFO - utils.trainer -   Recall: 0.25000
04/16/2026 23:21:42 - INFO - utils.trainer -   F_score: 0.10945
04/16/2026 23:21:42 - INFO - utils.trainer -   Loss: 2.63721
04/16/2026 23:21:42 - INFO - utils.trainer -   Epoch: 196, Train loss: 2.61310, Test loss: 2.63721,Epoch time = 10.864s
04/16/2026 23:21:54 - INFO - utils.trainer -   ***** Running evaluation on test0 dataset *****
04/16/2026 23:21:56 - INFO - utils.trainer -   AUC: 0.54494
04/16/2026 23:21:56 - INFO - utils.trainer -   Accuracy: 0.28025
04/16/2026 23:21:56 - INFO - utils.trainer -   Precision: 0.07006
04/16/2026 23:21:56 - INFO - utils.trainer -   Recall: 0.25000
04/16/2026 23:21:56 - INFO - utils.trainer -   F_score: 0.10945
04/16/2026 23:21:56 - INFO - utils.trainer -   Loss: 2.60862
04/16/2026 23:21:56 - INFO - utils.trainer -   Epoch: 197, Train loss: 2.62680, Test loss: 2.60862,Epoch time = 11.796s
04/16/2026 23:22:09 - INFO - utils.trainer -   ***** Running evaluation on test0 dataset *****
04/16/2026 23:22:10 - INFO - utils.trainer -   AUC: 0.46157
04/16/2026 23:22:10 - INFO - utils.trainer -   Accuracy: 0.28025
04/16/2026 23:22:10 - INFO - utils.trainer -   Precision: 0.07006
04/16/2026 23:22:10 - INFO - utils.trainer -   Recall: 0.25000
04/16/2026 23:22:10 - INFO - utils.trainer -   F_score: 0.10945
04/16/2026 23:22:10 - INFO - utils.trainer -   Loss: 2.61221
04/16/2026 23:22:10 - INFO - utils.trainer -   Epoch: 198, Train loss: 2.63187, Test loss: 2.61221,Epoch time = 12.493s
04/16/2026 23:22:23 - INFO - utils.trainer -   ***** Running evaluation on test0 dataset *****
04/16/2026 23:22:25 - INFO - utils.trainer -   AUC: 0.50479
04/16/2026 23:22:25 - INFO - utils.trainer -   Accuracy: 0.28025
04/16/2026 23:22:25 - INFO - utils.trainer -   Precision: 0.07006
04/16/2026 23:22:25 - INFO - utils.trainer -   Recall: 0.25000
04/16/2026 23:22:25 - INFO - utils.trainer -   F_score: 0.10945
04/16/2026 23:22:25 - INFO - utils.trainer -   Loss: 2.60934
04/16/2026 23:22:25 - INFO - utils.trainer -   Epoch: 199, Train loss: 2.62807, Test loss: 2.60934,Epoch time = 12.640s
04/16/2026 23:22:37 - INFO - utils.trainer -   ***** Running evaluation on test0 dataset *****
04/16/2026 23:22:39 - INFO - utils.trainer -   AUC: 0.44287
04/16/2026 23:22:39 - INFO - utils.trainer -   Accuracy: 0.28025
04/16/2026 23:22:39 - INFO - utils.trainer -   Precision: 0.07006
04/16/2026 23:22:39 - INFO - utils.trainer -   Recall: 0.25000
04/16/2026 23:22:39 - INFO - utils.trainer -   F_score: 0.10945
04/16/2026 23:22:39 - INFO - utils.trainer -   Loss: 2.60589
04/16/2026 23:22:39 - INFO - utils.trainer -   Epoch: 200, Train loss: 2.63531, Test loss: 2.60589,Epoch time = 11.674s
04/16/2026 23:22:43 - INFO - __main__ -   ########## Repeat:1 ##########
04/16/2026 23:22:43 - INFO - utils.trainer -   ***** Running training *****
04/16/2026 23:22:43 - INFO - utils.trainer -     Num examples = 19
04/16/2026 23:22:43 - INFO - utils.trainer -     Num Epochs = 200
04/16/2026 23:22:43 - INFO - utils.trainer -     Total train batch size = 16
04/16/2026 23:22:43 - INFO - utils.trainer -     warmup steps = 400
04/16/2026 23:22:43 - INFO - utils.trainer -     Total optimization steps = 3800
04/16/2026 23:22:43 - INFO - utils.trainer -     Save steps = 200
04/16/2026 23:22:43 - INFO - root -   Parameters [normal] length [50]
04/16/2026 23:22:50 - INFO - utils.trainer -   ***** Running evaluation on test1 dataset *****
04/16/2026 23:22:52 - INFO - utils.trainer -   AUC: 0.45535
04/16/2026 23:22:52 - INFO - utils.trainer -   Accuracy: 0.22930
04/16/2026 23:22:52 - INFO - utils.trainer -   Precision: 0.20427
04/16/2026 23:22:52 - INFO - utils.trainer -   Recall: 0.24129
04/16/2026 23:22:52 - INFO - utils.trainer -   F_score: 0.17767
04/16/2026 23:22:52 - INFO - utils.trainer -   Loss: 377.22431
04/16/2026 23:22:52 - INFO - utils.trainer -   Epoch: 1, Train loss: 3602.33255, Test loss: 377.22431,Epoch time = 6.473s
04/16/2026 23:23:02 - INFO - utils.trainer -   ***** Running evaluation on test1 dataset *****
04/16/2026 23:23:05 - INFO - utils.trainer -   AUC: 0.48188
04/16/2026 23:23:05 - INFO - utils.trainer -   Accuracy: 0.22930
04/16/2026 23:23:05 - INFO - utils.trainer -   Precision: 0.24654
04/16/2026 23:23:05 - INFO - utils.trainer -   Recall: 0.23756
04/16/2026 23:23:05 - INFO - utils.trainer -   F_score: 0.22073
04/16/2026 23:23:05 - INFO - utils.trainer -   Loss: 335.14620
04/16/2026 23:23:05 - INFO - utils.trainer -   Epoch: 2, Train loss: 1133.18925, Test loss: 335.14620,Epoch time = 10.559s
04/16/2026 23:23:15 - INFO - utils.trainer -   ***** Running evaluation on test1 dataset *****
04/16/2026 23:23:17 - INFO - utils.trainer -   AUC: 0.50136
04/16/2026 23:23:17 - INFO - utils.trainer -   Accuracy: 0.28662
04/16/2026 23:23:17 - INFO - utils.trainer -   Precision: 0.28271
04/16/2026 23:23:17 - INFO - utils.trainer -   Recall: 0.28176
04/16/2026 23:23:17 - INFO - utils.trainer -   F_score: 0.25210
04/16/2026 23:23:17 - INFO - utils.trainer -   Loss: 185.39304
04/16/2026 23:23:17 - INFO - utils.trainer -   Epoch: 3, Train loss: 499.28708, Test loss: 185.39304,Epoch time = 10.288s
04/16/2026 23:23:28 - INFO - utils.trainer -   ***** Running evaluation on test1 dataset *****
04/16/2026 23:23:30 - INFO - utils.trainer -   AUC: 0.50961
04/16/2026 23:23:30 - INFO - utils.trainer -   Accuracy: 0.25478
04/16/2026 23:23:30 - INFO - utils.trainer -   Precision: 0.22445
04/16/2026 23:23:30 - INFO - utils.trainer -   Recall: 0.25192
04/16/2026 23:23:30 - INFO - utils.trainer -   F_score: 0.22729
04/16/2026 23:23:30 - INFO - utils.trainer -   Loss: 129.46969
04/16/2026 23:23:30 - INFO - utils.trainer -   Epoch: 4, Train loss: 284.38635, Test loss: 129.46969,Epoch time = 10.355s
04/16/2026 23:23:41 - INFO - utils.trainer -   ***** Running evaluation on test1 dataset *****
04/16/2026 23:23:43 - INFO - utils.trainer -   AUC: 0.48025
04/16/2026 23:23:43 - INFO - utils.trainer -   Accuracy: 0.22930
04/16/2026 23:23:43 - INFO - utils.trainer -   Precision: 0.21032
04/16/2026 23:23:43 - INFO - utils.trainer -   Recall: 0.22008
04/16/2026 23:23:43 - INFO - utils.trainer -   F_score: 0.20760
04/16/2026 23:23:43 - INFO - utils.trainer -   Loss: 123.08864
04/16/2026 23:23:43 - INFO - utils.trainer -   Epoch: 5, Train loss: 190.50395, Test loss: 123.08864,Epoch time = 11.062s
04/16/2026 23:23:56 - INFO - utils.trainer -   ***** Running evaluation on test1 dataset *****
04/16/2026 23:23:58 - INFO - utils.trainer -   AUC: 0.44478
04/16/2026 23:23:58 - INFO - utils.trainer -   Accuracy: 0.24204
04/16/2026 23:23:58 - INFO - utils.trainer -   Precision: 0.22540
04/16/2026 23:23:58 - INFO - utils.trainer -   Recall: 0.23178
04/16/2026 23:23:58 - INFO - utils.trainer -   F_score: 0.21471
04/16/2026 23:23:58 - INFO - utils.trainer -   Loss: 153.00161
04/16/2026 23:23:58 - INFO - utils.trainer -   Epoch: 6, Train loss: 140.62188, Test loss: 153.00161,Epoch time = 13.101s
04/16/2026 23:24:10 - INFO - utils.trainer -   ***** Running evaluation on test1 dataset *****
04/16/2026 23:24:12 - INFO - utils.trainer -   AUC: 0.46503
04/16/2026 23:24:12 - INFO - utils.trainer -   Accuracy: 0.22293
04/16/2026 23:24:12 - INFO - utils.trainer -   Precision: 0.22000
04/16/2026 23:24:12 - INFO - utils.trainer -   Recall: 0.22360
04/16/2026 23:24:12 - INFO - utils.trainer -   F_score: 0.22062
04/16/2026 23:24:12 - INFO - utils.trainer -   Loss: 132.55871
04/16/2026 23:24:12 - INFO - utils.trainer -   Epoch: 7, Train loss: 110.02124, Test loss: 132.55871,Epoch time = 12.439s
04/16/2026 23:24:24 - INFO - utils.trainer -   ***** Running evaluation on test1 dataset *****
04/16/2026 23:24:26 - INFO - utils.trainer -   AUC: 0.51178
04/16/2026 23:24:26 - INFO - utils.trainer -   Accuracy: 0.26115
04/16/2026 23:24:26 - INFO - utils.trainer -   Precision: 0.25499
04/16/2026 23:24:26 - INFO - utils.trainer -   Recall: 0.26282
04/16/2026 23:24:26 - INFO - utils.trainer -   F_score: 0.23564
04/16/2026 23:24:26 - INFO - utils.trainer -   Loss: 121.50676
04/16/2026 23:24:26 - INFO - utils.trainer -   Epoch: 8, Train loss: 89.11783, Test loss: 121.50676,Epoch time = 11.712s
04/16/2026 23:24:38 - INFO - utils.trainer -   ***** Running evaluation on test1 dataset *****
04/16/2026 23:24:39 - INFO - utils.trainer -   AUC: 0.49130
04/16/2026 23:24:39 - INFO - utils.trainer -   Accuracy: 0.26752
04/16/2026 23:24:39 - INFO - utils.trainer -   Precision: 0.25358
04/16/2026 23:24:39 - INFO - utils.trainer -   Recall: 0.25531
04/16/2026 23:24:39 - INFO - utils.trainer -   F_score: 0.23731
04/16/2026 23:24:39 - INFO - utils.trainer -   Loss: 102.24519
04/16/2026 23:24:39 - INFO - utils.trainer -   Epoch: 9, Train loss: 73.47410, Test loss: 102.24519,Epoch time = 11.254s
04/16/2026 23:24:52 - INFO - utils.trainer -   ***** Running evaluation on test1 dataset *****
04/16/2026 23:24:54 - INFO - utils.trainer -   AUC: 0.47809
04/16/2026 23:24:54 - INFO - utils.trainer -   Accuracy: 0.26115
04/16/2026 23:24:54 - INFO - utils.trainer -   Precision: 0.27019
04/16/2026 23:24:54 - INFO - utils.trainer -   Recall: 0.25118
04/16/2026 23:24:54 - INFO - utils.trainer -   F_score: 0.24177
04/16/2026 23:24:54 - INFO - utils.trainer -   Loss: 68.43220
04/16/2026 23:24:54 - INFO - utils.trainer -   Epoch: 10, Train loss: 62.69448, Test loss: 68.43220,Epoch time = 12.410s
04/16/2026 23:25:05 - INFO - utils.trainer -   ***** Running evaluation on test1 dataset *****
04/16/2026 23:25:08 - INFO - utils.trainer -   AUC: 0.46813
04/16/2026 23:25:08 - INFO - utils.trainer -   Accuracy: 0.22930
04/16/2026 23:25:08 - INFO - utils.trainer -   Precision: 0.21425
04/16/2026 23:25:08 - INFO - utils.trainer -   Recall: 0.21629
04/16/2026 23:25:08 - INFO - utils.trainer -   F_score: 0.20105
04/16/2026 23:25:08 - INFO - utils.trainer -   Loss: 63.70308
04/16/2026 23:25:08 - INFO - utils.trainer -   Epoch: 11, Train loss: 53.59576, Test loss: 63.70308,Epoch time = 11.558s
04/16/2026 23:25:19 - INFO - utils.trainer -   ***** Running evaluation on test1 dataset *****
04/16/2026 23:25:21 - INFO - utils.trainer -   AUC: 0.44708
04/16/2026 23:25:21 - INFO - utils.trainer -   Accuracy: 0.22293
04/16/2026 23:25:21 - INFO - utils.trainer -   Precision: 0.20682
04/16/2026 23:25:21 - INFO - utils.trainer -   Recall: 0.21328
04/16/2026 23:25:21 - INFO - utils.trainer -   F_score: 0.18535
04/16/2026 23:25:21 - INFO - utils.trainer -   Loss: 50.08551
04/16/2026 23:25:21 - INFO - utils.trainer -   Epoch: 12, Train loss: 46.56177, Test loss: 50.08551,Epoch time = 11.534s
04/16/2026 23:25:34 - INFO - utils.trainer -   ***** Running evaluation on test1 dataset *****
04/16/2026 23:25:36 - INFO - utils.trainer -   AUC: 0.48828
04/16/2026 23:25:36 - INFO - utils.trainer -   Accuracy: 0.23567
04/16/2026 23:25:36 - INFO - utils.trainer -   Precision: 0.17451
04/16/2026 23:25:36 - INFO - utils.trainer -   Recall: 0.21617
04/16/2026 23:25:36 - INFO - utils.trainer -   F_score: 0.15525
04/16/2026 23:25:36 - INFO - utils.trainer -   Loss: 39.60750
04/16/2026 23:25:36 - INFO - utils.trainer -   Epoch: 13, Train loss: 40.45138, Test loss: 39.60750,Epoch time = 12.797s
04/16/2026 23:25:49 - INFO - utils.trainer -   ***** Running evaluation on test1 dataset *****
04/16/2026 23:25:52 - INFO - utils.trainer -   AUC: 0.54697
04/16/2026 23:25:52 - INFO - utils.trainer -   Accuracy: 0.29936
04/16/2026 23:25:52 - INFO - utils.trainer -   Precision: 0.31360
04/16/2026 23:25:52 - INFO - utils.trainer -   Recall: 0.29057
04/16/2026 23:25:52 - INFO - utils.trainer -   F_score: 0.27826
04/16/2026 23:25:52 - INFO - utils.trainer -   Loss: 35.52064
04/16/2026 23:25:52 - INFO - utils.trainer -   Epoch: 14, Train loss: 35.92303, Test loss: 35.52064,Epoch time = 13.243s
04/16/2026 23:26:03 - INFO - utils.trainer -   ***** Running evaluation on test1 dataset *****
04/16/2026 23:26:06 - INFO - utils.trainer -   AUC: 0.50038
04/16/2026 23:26:06 - INFO - utils.trainer -   Accuracy: 0.21019
04/16/2026 23:26:06 - INFO - utils.trainer -   Precision: 0.19933
04/16/2026 23:26:06 - INFO - utils.trainer -   Recall: 0.20092
04/16/2026 23:26:06 - INFO - utils.trainer -   F_score: 0.17265
04/16/2026 23:26:06 - INFO - utils.trainer -   Loss: 32.27535
04/16/2026 23:26:06 - INFO - utils.trainer -   Epoch: 15, Train loss: 31.87841, Test loss: 32.27535,Epoch time = 11.718s
04/16/2026 23:26:18 - INFO - utils.trainer -   ***** Running evaluation on test1 dataset *****
04/16/2026 23:26:20 - INFO - utils.trainer -   AUC: 0.52991
04/16/2026 23:26:20 - INFO - utils.trainer -   Accuracy: 0.25478
04/16/2026 23:26:20 - INFO - utils.trainer -   Precision: 0.25170
04/16/2026 23:26:20 - INFO - utils.trainer -   Recall: 0.25411
04/16/2026 23:26:20 - INFO - utils.trainer -   F_score: 0.24554
04/16/2026 23:26:20 - INFO - utils.trainer -   Loss: 27.89029
04/16/2026 23:26:20 - INFO - utils.trainer -   Epoch: 16, Train loss: 28.47346, Test loss: 27.89029,Epoch time = 12.078s
04/16/2026 23:26:33 - INFO - utils.trainer -   ***** Running evaluation on test1 dataset *****
04/16/2026 23:26:35 - INFO - utils.trainer -   AUC: 0.55900
04/16/2026 23:26:35 - INFO - utils.trainer -   Accuracy: 0.28025
04/16/2026 23:26:35 - INFO - utils.trainer -   Precision: 0.24554
04/16/2026 23:26:35 - INFO - utils.trainer -   Recall: 0.26138
04/16/2026 23:26:35 - INFO - utils.trainer -   F_score: 0.21853
04/16/2026 23:26:35 - INFO - utils.trainer -   Loss: 25.69317
04/16/2026 23:26:35 - INFO - utils.trainer -   Epoch: 17, Train loss: 25.61645, Test loss: 25.69317,Epoch time = 12.789s
04/16/2026 23:26:47 - INFO - utils.trainer -   ***** Running evaluation on test1 dataset *****
04/16/2026 23:26:49 - INFO - utils.trainer -   AUC: 0.55843
04/16/2026 23:26:49 - INFO - utils.trainer -   Accuracy: 0.29299
04/16/2026 23:26:49 - INFO - utils.trainer -   Precision: 0.25807
04/16/2026 23:26:49 - INFO - utils.trainer -   Recall: 0.27112
04/16/2026 23:26:49 - INFO - utils.trainer -   F_score: 0.21154
04/16/2026 23:26:49 - INFO - utils.trainer -   Loss: 23.69994
04/16/2026 23:26:49 - INFO - utils.trainer -   Epoch: 18, Train loss: 23.58446, Test loss: 23.69994,Epoch time = 12.192s
04/16/2026 23:27:00 - INFO - utils.trainer -   ***** Running evaluation on test1 dataset *****
04/16/2026 23:27:02 - INFO - utils.trainer -   AUC: 0.45344
04/16/2026 23:27:02 - INFO - utils.trainer -   Accuracy: 0.26115
04/16/2026 23:27:02 - INFO - utils.trainer -   Precision: 0.17826
04/16/2026 23:27:02 - INFO - utils.trainer -   Recall: 0.23783
04/16/2026 23:27:02 - INFO - utils.trainer -   F_score: 0.16136
04/16/2026 23:27:02 - INFO - utils.trainer -   Loss: 21.93923
04/16/2026 23:27:02 - INFO - utils.trainer -   Epoch: 19, Train loss: 21.33058, Test loss: 21.93923,Epoch time = 11.345s
04/16/2026 23:27:14 - INFO - utils.trainer -   ***** Running evaluation on test1 dataset *****
04/16/2026 23:27:16 - INFO - utils.trainer -   AUC: 0.48986
04/16/2026 23:27:16 - INFO - utils.trainer -   Accuracy: 0.27389
04/16/2026 23:27:16 - INFO - utils.trainer -   Precision: 0.24956
04/16/2026 23:27:16 - INFO - utils.trainer -   Recall: 0.25603
04/16/2026 23:27:16 - INFO - utils.trainer -   F_score: 0.21384
04/16/2026 23:27:16 - INFO - utils.trainer -   Loss: 19.57338
04/16/2026 23:27:16 - INFO - utils.trainer -   Epoch: 20, Train loss: 19.86864, Test loss: 19.57338,Epoch time = 11.311s
04/16/2026 23:27:29 - INFO - utils.trainer -   ***** Running evaluation on test1 dataset *****
04/16/2026 23:27:31 - INFO - utils.trainer -   AUC: 0.46049
04/16/2026 23:27:31 - INFO - utils.trainer -   Accuracy: 0.21656
04/16/2026 23:27:31 - INFO - utils.trainer -   Precision: 0.16929
04/16/2026 23:27:31 - INFO - utils.trainer -   Recall: 0.19986
04/16/2026 23:27:31 - INFO - utils.trainer -   F_score: 0.15363
04/16/2026 23:27:31 - INFO - utils.trainer -   Loss: 17.65582
04/16/2026 23:27:31 - INFO - utils.trainer -   Epoch: 21, Train loss: 18.35290, Test loss: 17.65582,Epoch time = 12.827s
04/16/2026 23:27:44 - INFO - utils.trainer -   ***** Running evaluation on test1 dataset *****
04/16/2026 23:27:46 - INFO - utils.trainer -   AUC: 0.48902
04/16/2026 23:27:46 - INFO - utils.trainer -   Accuracy: 0.23567
04/16/2026 23:27:46 - INFO - utils.trainer -   Precision: 0.21758
04/16/2026 23:27:46 - INFO - utils.trainer -   Recall: 0.21942
04/16/2026 23:27:46 - INFO - utils.trainer -   F_score: 0.17860
04/16/2026 23:27:46 - INFO - utils.trainer -   Loss: 16.48501
04/16/2026 23:27:46 - INFO - utils.trainer -   Epoch: 22, Train loss: 17.11627, Test loss: 16.48501,Epoch time = 12.723s
04/16/2026 23:27:58 - INFO - utils.trainer -   ***** Running evaluation on test1 dataset *****
04/16/2026 23:28:00 - INFO - utils.trainer -   AUC: 0.50957
04/16/2026 23:28:00 - INFO - utils.trainer -   Accuracy: 0.29299
04/16/2026 23:28:00 - INFO - utils.trainer -   Precision: 0.27890
04/16/2026 23:28:00 - INFO - utils.trainer -   Recall: 0.26787
04/16/2026 23:28:00 - INFO - utils.trainer -   F_score: 0.18796
04/16/2026 23:28:00 - INFO - utils.trainer -   Loss: 15.43349
04/16/2026 23:28:00 - INFO - utils.trainer -   Epoch: 23, Train loss: 16.07591, Test loss: 15.43349,Epoch time = 11.701s
04/16/2026 23:28:11 - INFO - utils.trainer -   ***** Running evaluation on test1 dataset *****
04/16/2026 23:28:14 - INFO - utils.trainer -   AUC: 0.50935
04/16/2026 23:28:14 - INFO - utils.trainer -   Accuracy: 0.28025
04/16/2026 23:28:14 - INFO - utils.trainer -   Precision: 0.21312
04/16/2026 23:28:14 - INFO - utils.trainer -   Recall: 0.26287
04/16/2026 23:28:14 - INFO - utils.trainer -   F_score: 0.21786
04/16/2026 23:28:14 - INFO - utils.trainer -   Loss: 14.59924
04/16/2026 23:28:14 - INFO - utils.trainer -   Epoch: 24, Train loss: 15.06128, Test loss: 14.59924,Epoch time = 11.652s
04/16/2026 23:28:26 - INFO - utils.trainer -   ***** Running evaluation on test1 dataset *****
04/16/2026 23:28:28 - INFO - utils.trainer -   AUC: 0.45757
04/16/2026 23:28:28 - INFO - utils.trainer -   Accuracy: 0.26752
04/16/2026 23:28:28 - INFO - utils.trainer -   Precision: 0.22708
04/16/2026 23:28:28 - INFO - utils.trainer -   Recall: 0.24660
04/16/2026 23:28:28 - INFO - utils.trainer -   F_score: 0.18984
04/16/2026 23:28:28 - INFO - utils.trainer -   Loss: 13.69053
04/16/2026 23:28:28 - INFO - utils.trainer -   Epoch: 25, Train loss: 14.22887, Test loss: 13.69053,Epoch time = 12.752s
04/16/2026 23:28:42 - INFO - utils.trainer -   ***** Running evaluation on test1 dataset *****
04/16/2026 23:28:44 - INFO - utils.trainer -   AUC: 0.48664
04/16/2026 23:28:44 - INFO - utils.trainer -   Accuracy: 0.25478
04/16/2026 23:28:44 - INFO - utils.trainer -   Precision: 0.22600
04/16/2026 23:28:44 - INFO - utils.trainer -   Recall: 0.23700
04/16/2026 23:28:44 - INFO - utils.trainer -   F_score: 0.19055
04/16/2026 23:28:44 - INFO - utils.trainer -   Loss: 13.16628
04/16/2026 23:28:44 - INFO - utils.trainer -   Epoch: 26, Train loss: 13.49123, Test loss: 13.16628,Epoch time = 13.278s
04/16/2026 23:28:56 - INFO - utils.trainer -   ***** Running evaluation on test1 dataset *****
04/16/2026 23:28:58 - INFO - utils.trainer -   AUC: 0.51551
04/16/2026 23:28:58 - INFO - utils.trainer -   Accuracy: 0.31847
04/16/2026 23:28:58 - INFO - utils.trainer -   Precision: 0.31410
04/16/2026 23:28:58 - INFO - utils.trainer -   Recall: 0.29870
04/16/2026 23:28:58 - INFO - utils.trainer -   F_score: 0.25476
04/16/2026 23:28:58 - INFO - utils.trainer -   Loss: 12.45978
04/16/2026 23:28:58 - INFO - utils.trainer -   Epoch: 27, Train loss: 12.60628, Test loss: 12.45978,Epoch time = 11.860s
04/16/2026 23:29:12 - INFO - utils.trainer -   ***** Running evaluation on test1 dataset *****
04/16/2026 23:29:15 - INFO - utils.trainer -   AUC: 0.51559
04/16/2026 23:29:15 - INFO - utils.trainer -   Accuracy: 0.30573
04/16/2026 23:29:15 - INFO - utils.trainer -   Precision: 0.40376
04/16/2026 23:29:15 - INFO - utils.trainer -   Recall: 0.28010
04/16/2026 23:29:15 - INFO - utils.trainer -   F_score: 0.19715
04/16/2026 23:29:15 - INFO - utils.trainer -   Loss: 11.83461
04/16/2026 23:29:15 - INFO - utils.trainer -   Epoch: 28, Train loss: 12.26356, Test loss: 11.83461,Epoch time = 14.535s
04/16/2026 23:29:28 - INFO - utils.trainer -   ***** Running evaluation on test1 dataset *****
04/16/2026 23:29:30 - INFO - utils.trainer -   AUC: 0.49175
04/16/2026 23:29:30 - INFO - utils.trainer -   Accuracy: 0.28662
04/16/2026 23:29:30 - INFO - utils.trainer -   Precision: 0.19233
04/16/2026 23:29:30 - INFO - utils.trainer -   Recall: 0.26000
04/16/2026 23:29:30 - INFO - utils.trainer -   F_score: 0.15664
04/16/2026 23:29:30 - INFO - utils.trainer -   Loss: 11.60948
04/16/2026 23:29:30 - INFO - utils.trainer -   Epoch: 29, Train loss: 11.63888, Test loss: 11.60948,Epoch time = 13.202s
04/16/2026 23:29:43 - INFO - utils.trainer -   ***** Running evaluation on test1 dataset *****
04/16/2026 23:29:45 - INFO - utils.trainer -   AUC: 0.49657
04/16/2026 23:29:45 - INFO - utils.trainer -   Accuracy: 0.28025
04/16/2026 23:29:45 - INFO - utils.trainer -   Precision: 0.25586
04/16/2026 23:29:45 - INFO - utils.trainer -   Recall: 0.26030
04/16/2026 23:29:45 - INFO - utils.trainer -   F_score: 0.19302
04/16/2026 23:29:45 - INFO - utils.trainer -   Loss: 10.68916
04/16/2026 23:29:45 - INFO - utils.trainer -   Epoch: 30, Train loss: 11.13215, Test loss: 10.68916,Epoch time = 12.458s
04/16/2026 23:29:58 - INFO - utils.trainer -   ***** Running evaluation on test1 dataset *****
04/16/2026 23:30:01 - INFO - utils.trainer -   AUC: 0.51434
04/16/2026 23:30:01 - INFO - utils.trainer -   Accuracy: 0.26752
04/16/2026 23:30:01 - INFO - utils.trainer -   Precision: 0.30009
04/16/2026 23:30:01 - INFO - utils.trainer -   Recall: 0.25274
04/16/2026 23:30:01 - INFO - utils.trainer -   F_score: 0.22559
04/16/2026 23:30:01 - INFO - utils.trainer -   Loss: 10.59009
04/16/2026 23:30:01 - INFO - utils.trainer -   Epoch: 31, Train loss: 10.81440, Test loss: 10.59009,Epoch time = 13.693s
04/16/2026 23:30:14 - INFO - utils.trainer -   ***** Running evaluation on test1 dataset *****
04/16/2026 23:30:16 - INFO - utils.trainer -   AUC: 0.50373
04/16/2026 23:30:16 - INFO - utils.trainer -   Accuracy: 0.27389
04/16/2026 23:30:16 - INFO - utils.trainer -   Precision: 0.18354
04/16/2026 23:30:16 - INFO - utils.trainer -   Recall: 0.24900
04/16/2026 23:30:16 - INFO - utils.trainer -   F_score: 0.16410
04/16/2026 23:30:16 - INFO - utils.trainer -   Loss: 10.42315
04/16/2026 23:30:16 - INFO - utils.trainer -   Epoch: 32, Train loss: 10.38688, Test loss: 10.42315,Epoch time = 13.090s
04/16/2026 23:30:28 - INFO - utils.trainer -   ***** Running evaluation on test1 dataset *****
04/16/2026 23:30:30 - INFO - utils.trainer -   AUC: 0.50771
04/16/2026 23:30:30 - INFO - utils.trainer -   Accuracy: 0.29936
04/16/2026 23:30:30 - INFO - utils.trainer -   Precision: 0.31564
04/16/2026 23:30:30 - INFO - utils.trainer -   Recall: 0.27697
04/16/2026 23:30:30 - INFO - utils.trainer -   F_score: 0.21858
04/16/2026 23:30:30 - INFO - utils.trainer -   Loss: 9.72725
04/16/2026 23:30:30 - INFO - utils.trainer -   Epoch: 33, Train loss: 9.87486, Test loss: 9.72725,Epoch time = 11.718s
04/16/2026 23:30:42 - INFO - utils.trainer -   ***** Running evaluation on test1 dataset *****
04/16/2026 23:30:44 - INFO - utils.trainer -   AUC: 0.49792
04/16/2026 23:30:44 - INFO - utils.trainer -   Accuracy: 0.22930
04/16/2026 23:30:44 - INFO - utils.trainer -   Precision: 0.08307
04/16/2026 23:30:44 - INFO - utils.trainer -   Recall: 0.20581
04/16/2026 23:30:44 - INFO - utils.trainer -   F_score: 0.11118
04/16/2026 23:30:44 - INFO - utils.trainer -   Loss: 9.40529
04/16/2026 23:30:44 - INFO - utils.trainer -   Epoch: 34, Train loss: 9.58523, Test loss: 9.40529,Epoch time = 12.148s
04/16/2026 23:30:57 - INFO - utils.trainer -   ***** Running evaluation on test1 dataset *****
04/16/2026 23:30:59 - INFO - utils.trainer -   AUC: 0.47186
04/16/2026 23:30:59 - INFO - utils.trainer -   Accuracy: 0.24204
04/16/2026 23:30:59 - INFO - utils.trainer -   Precision: 0.20343
04/16/2026 23:30:59 - INFO - utils.trainer -   Recall: 0.22528
04/16/2026 23:30:59 - INFO - utils.trainer -   F_score: 0.16719
04/16/2026 23:30:59 - INFO - utils.trainer -   Loss: 9.21997
04/16/2026 23:30:59 - INFO - utils.trainer -   Epoch: 35, Train loss: 9.25832, Test loss: 9.21997,Epoch time = 12.712s
04/16/2026 23:31:11 - INFO - utils.trainer -   ***** Running evaluation on test1 dataset *****
04/16/2026 23:31:13 - INFO - utils.trainer -   AUC: 0.53919
04/16/2026 23:31:13 - INFO - utils.trainer -   Accuracy: 0.26752
04/16/2026 23:31:13 - INFO - utils.trainer -   Precision: 0.20204
04/16/2026 23:31:13 - INFO - utils.trainer -   Recall: 0.24548
04/16/2026 23:31:13 - INFO - utils.trainer -   F_score: 0.16536
04/16/2026 23:31:13 - INFO - utils.trainer -   Loss: 8.99186
04/16/2026 23:31:13 - INFO - utils.trainer -   Epoch: 36, Train loss: 8.90899, Test loss: 8.99186,Epoch time = 12.623s
04/16/2026 23:31:25 - INFO - utils.trainer -   ***** Running evaluation on test1 dataset *****
04/16/2026 23:31:27 - INFO - utils.trainer -   AUC: 0.54979
04/16/2026 23:31:27 - INFO - utils.trainer -   Accuracy: 0.32484
04/16/2026 23:31:27 - INFO - utils.trainer -   Precision: 0.24165
04/16/2026 23:31:27 - INFO - utils.trainer -   Recall: 0.29931
04/16/2026 23:31:27 - INFO - utils.trainer -   F_score: 0.20937
04/16/2026 23:31:27 - INFO - utils.trainer -   Loss: 8.48335
04/16/2026 23:31:27 - INFO - utils.trainer -   Epoch: 37, Train loss: 8.57776, Test loss: 8.48335,Epoch time = 11.347s
04/16/2026 23:31:38 - INFO - utils.trainer -   ***** Running evaluation on test1 dataset *****
04/16/2026 23:31:41 - INFO - utils.trainer -   AUC: 0.49937
04/16/2026 23:31:41 - INFO - utils.trainer -   Accuracy: 0.31210
04/16/2026 23:31:41 - INFO - utils.trainer -   Precision: 0.34400
04/16/2026 23:31:41 - INFO - utils.trainer -   Recall: 0.28850
04/16/2026 23:31:41 - INFO - utils.trainer -   F_score: 0.21787
04/16/2026 23:31:41 - INFO - utils.trainer -   Loss: 8.21903
04/16/2026 23:31:41 - INFO - utils.trainer -   Epoch: 38, Train loss: 8.40862, Test loss: 8.21903,Epoch time = 11.517s
04/16/2026 23:31:52 - INFO - utils.trainer -   ***** Running evaluation on test1 dataset *****
04/16/2026 23:31:55 - INFO - utils.trainer -   AUC: 0.50558
04/16/2026 23:31:55 - INFO - utils.trainer -   Accuracy: 0.26115
04/16/2026 23:31:55 - INFO - utils.trainer -   Precision: 0.20146
04/16/2026 23:31:55 - INFO - utils.trainer -   Recall: 0.23674
04/16/2026 23:31:55 - INFO - utils.trainer -   F_score: 0.14740
04/16/2026 23:31:55 - INFO - utils.trainer -   Loss: 8.09540
04/16/2026 23:31:55 - INFO - utils.trainer -   Epoch: 39, Train loss: 8.10850, Test loss: 8.09540,Epoch time = 11.861s
04/16/2026 23:32:07 - INFO - utils.trainer -   ***** Running evaluation on test1 dataset *****
04/16/2026 23:32:09 - INFO - utils.trainer -   AUC: 0.50527
04/16/2026 23:32:09 - INFO - utils.trainer -   Accuracy: 0.29936
04/16/2026 23:32:09 - INFO - utils.trainer -   Precision: 0.32114
04/16/2026 23:32:09 - INFO - utils.trainer -   Recall: 0.27717
04/16/2026 23:32:09 - INFO - utils.trainer -   F_score: 0.21419
04/16/2026 23:32:09 - INFO - utils.trainer -   Loss: 7.89849
04/16/2026 23:32:09 - INFO - utils.trainer -   Epoch: 40, Train loss: 7.93172, Test loss: 7.89849,Epoch time = 12.169s
04/16/2026 23:32:20 - INFO - utils.trainer -   ***** Running evaluation on test1 dataset *****
04/16/2026 23:32:23 - INFO - utils.trainer -   AUC: 0.46937
04/16/2026 23:32:23 - INFO - utils.trainer -   Accuracy: 0.28025
04/16/2026 23:32:23 - INFO - utils.trainer -   Precision: 0.20426
04/16/2026 23:32:23 - INFO - utils.trainer -   Recall: 0.25342
04/16/2026 23:32:23 - INFO - utils.trainer -   F_score: 0.15139
04/16/2026 23:32:23 - INFO - utils.trainer -   Loss: 7.59480
04/16/2026 23:32:23 - INFO - utils.trainer -   Epoch: 41, Train loss: 7.73836, Test loss: 7.59480,Epoch time = 11.882s
04/16/2026 23:32:34 - INFO - utils.trainer -   ***** Running evaluation on test1 dataset *****
04/16/2026 23:32:36 - INFO - utils.trainer -   AUC: 0.46145
04/16/2026 23:32:36 - INFO - utils.trainer -   Accuracy: 0.29299
04/16/2026 23:32:36 - INFO - utils.trainer -   Precision: 0.24267
04/16/2026 23:32:36 - INFO - utils.trainer -   Recall: 0.26697
04/16/2026 23:32:36 - INFO - utils.trainer -   F_score: 0.18187
04/16/2026 23:32:36 - INFO - utils.trainer -   Loss: 7.33645
04/16/2026 23:32:36 - INFO - utils.trainer -   Epoch: 42, Train loss: 7.44561, Test loss: 7.33645,Epoch time = 11.294s
04/16/2026 23:32:48 - INFO - utils.trainer -   ***** Running evaluation on test1 dataset *****
04/16/2026 23:32:50 - INFO - utils.trainer -   AUC: 0.51549
04/16/2026 23:32:50 - INFO - utils.trainer -   Accuracy: 0.28025
04/16/2026 23:32:50 - INFO - utils.trainer -   Precision: 0.29565
04/16/2026 23:32:50 - INFO - utils.trainer -   Recall: 0.25451
04/16/2026 23:32:50 - INFO - utils.trainer -   F_score: 0.16343
04/16/2026 23:32:50 - INFO - utils.trainer -   Loss: 7.12917
04/16/2026 23:32:50 - INFO - utils.trainer -   Epoch: 43, Train loss: 7.29208, Test loss: 7.12917,Epoch time = 11.771s
04/16/2026 23:33:03 - INFO - utils.trainer -   ***** Running evaluation on test1 dataset *****
04/16/2026 23:33:05 - INFO - utils.trainer -   AUC: 0.51125
04/16/2026 23:33:05 - INFO - utils.trainer -   Accuracy: 0.23567
04/16/2026 23:33:05 - INFO - utils.trainer -   Precision: 0.15387
04/16/2026 23:33:05 - INFO - utils.trainer -   Recall: 0.21671
04/16/2026 23:33:05 - INFO - utils.trainer -   F_score: 0.14994
04/16/2026 23:33:05 - INFO - utils.trainer -   Loss: 6.98644
04/16/2026 23:33:05 - INFO - utils.trainer -   Epoch: 44, Train loss: 7.18400, Test loss: 6.98644,Epoch time = 12.395s
04/16/2026 23:33:17 - INFO - utils.trainer -   ***** Running evaluation on test1 dataset *****
04/16/2026 23:33:19 - INFO - utils.trainer -   AUC: 0.48626
04/16/2026 23:33:19 - INFO - utils.trainer -   Accuracy: 0.26115
04/16/2026 23:33:19 - INFO - utils.trainer -   Precision: 0.27317
04/16/2026 23:33:19 - INFO - utils.trainer -   Recall: 0.24106
04/16/2026 23:33:19 - INFO - utils.trainer -   F_score: 0.17731
04/16/2026 23:33:19 - INFO - utils.trainer -   Loss: 6.87638
04/16/2026 23:33:19 - INFO - utils.trainer -   Epoch: 45, Train loss: 6.94636, Test loss: 6.87638,Epoch time = 12.512s
04/16/2026 23:33:31 - INFO - utils.trainer -   ***** Running evaluation on test1 dataset *****
04/16/2026 23:33:33 - INFO - utils.trainer -   AUC: 0.47950
04/16/2026 23:33:33 - INFO - utils.trainer -   Accuracy: 0.26115
04/16/2026 23:33:33 - INFO - utils.trainer -   Precision: 0.23230
04/16/2026 23:33:33 - INFO - utils.trainer -   Recall: 0.23601
04/16/2026 23:33:33 - INFO - utils.trainer -   F_score: 0.13716
04/16/2026 23:33:33 - INFO - utils.trainer -   Loss: 6.67262
04/16/2026 23:33:33 - INFO - utils.trainer -   Epoch: 46, Train loss: 6.76747, Test loss: 6.67262,Epoch time = 12.022s
04/16/2026 23:33:45 - INFO - utils.trainer -   ***** Running evaluation on test1 dataset *****
04/16/2026 23:33:47 - INFO - utils.trainer -   AUC: 0.50574
04/16/2026 23:33:47 - INFO - utils.trainer -   Accuracy: 0.27389
04/16/2026 23:33:47 - INFO - utils.trainer -   Precision: 0.20518
04/16/2026 23:33:47 - INFO - utils.trainer -   Recall: 0.25079
04/16/2026 23:33:47 - INFO - utils.trainer -   F_score: 0.17429
04/16/2026 23:33:47 - INFO - utils.trainer -   Loss: 6.66199
04/16/2026 23:33:47 - INFO - utils.trainer -   Epoch: 47, Train loss: 6.62855, Test loss: 6.66199,Epoch time = 11.462s
04/16/2026 23:33:59 - INFO - utils.trainer -   ***** Running evaluation on test1 dataset *****
04/16/2026 23:34:01 - INFO - utils.trainer -   AUC: 0.50919
04/16/2026 23:34:01 - INFO - utils.trainer -   Accuracy: 0.32484
04/16/2026 23:34:01 - INFO - utils.trainer -   Precision: 0.35267
04/16/2026 23:34:01 - INFO - utils.trainer -   Recall: 0.30794
04/16/2026 23:34:01 - INFO - utils.trainer -   F_score: 0.25929
04/16/2026 23:34:01 - INFO - utils.trainer -   Loss: 6.31107
04/16/2026 23:34:01 - INFO - utils.trainer -   Epoch: 48, Train loss: 6.43842, Test loss: 6.31107,Epoch time = 12.524s
04/16/2026 23:34:14 - INFO - utils.trainer -   ***** Running evaluation on test1 dataset *****
04/16/2026 23:34:16 - INFO - utils.trainer -   AUC: 0.51551
04/16/2026 23:34:16 - INFO - utils.trainer -   Accuracy: 0.28662
04/16/2026 23:34:16 - INFO - utils.trainer -   Precision: 0.38159
04/16/2026 23:34:16 - INFO - utils.trainer -   Recall: 0.27441
04/16/2026 23:34:16 - INFO - utils.trainer -   F_score: 0.24855
04/16/2026 23:34:16 - INFO - utils.trainer -   Loss: 6.17274
04/16/2026 23:34:16 - INFO - utils.trainer -   Epoch: 49, Train loss: 6.39188, Test loss: 6.17274,Epoch time = 12.963s
04/16/2026 23:34:28 - INFO - utils.trainer -   ***** Running evaluation on test1 dataset *****
04/16/2026 23:34:30 - INFO - utils.trainer -   AUC: 0.52732
04/16/2026 23:34:30 - INFO - utils.trainer -   Accuracy: 0.27389
04/16/2026 23:34:30 - INFO - utils.trainer -   Precision: 0.24613
04/16/2026 23:34:30 - INFO - utils.trainer -   Recall: 0.26595
04/16/2026 23:34:30 - INFO - utils.trainer -   F_score: 0.22573
04/16/2026 23:34:30 - INFO - utils.trainer -   Loss: 6.09211
04/16/2026 23:34:30 - INFO - utils.trainer -   Epoch: 50, Train loss: 6.15625, Test loss: 6.09211,Epoch time = 11.833s
04/16/2026 23:34:42 - INFO - utils.trainer -   ***** Running evaluation on test1 dataset *****
04/16/2026 23:34:44 - INFO - utils.trainer -   AUC: 0.42758
04/16/2026 23:34:44 - INFO - utils.trainer -   Accuracy: 0.23567
04/16/2026 23:34:44 - INFO - utils.trainer -   Precision: 0.12185
04/16/2026 23:34:44 - INFO - utils.trainer -   Recall: 0.21185
04/16/2026 23:34:44 - INFO - utils.trainer -   F_score: 0.11723
04/16/2026 23:34:44 - INFO - utils.trainer -   Loss: 5.88118
04/16/2026 23:34:44 - INFO - utils.trainer -   Epoch: 51, Train loss: 6.03095, Test loss: 5.88118,Epoch time = 11.633s
04/16/2026 23:34:57 - INFO - utils.trainer -   ***** Running evaluation on test1 dataset *****
04/16/2026 23:34:59 - INFO - utils.trainer -   AUC: 0.49251
04/16/2026 23:34:59 - INFO - utils.trainer -   Accuracy: 0.22930
04/16/2026 23:34:59 - INFO - utils.trainer -   Precision: 0.11860
04/16/2026 23:34:59 - INFO - utils.trainer -   Recall: 0.21083
04/16/2026 23:34:59 - INFO - utils.trainer -   F_score: 0.14401
04/16/2026 23:34:59 - INFO - utils.trainer -   Loss: 5.72039
04/16/2026 23:34:59 - INFO - utils.trainer -   Epoch: 52, Train loss: 5.90844, Test loss: 5.72039,Epoch time = 12.393s
04/16/2026 23:35:12 - INFO - utils.trainer -   ***** Running evaluation on test1 dataset *****
04/16/2026 23:35:14 - INFO - utils.trainer -   AUC: 0.50126
04/16/2026 23:35:14 - INFO - utils.trainer -   Accuracy: 0.25478
04/16/2026 23:35:14 - INFO - utils.trainer -   Precision: 0.12065
04/16/2026 23:35:14 - INFO - utils.trainer -   Recall: 0.22854
04/16/2026 23:35:14 - INFO - utils.trainer -   F_score: 0.11934
04/16/2026 23:35:14 - INFO - utils.trainer -   Loss: 5.63895
04/16/2026 23:35:14 - INFO - utils.trainer -   Epoch: 53, Train loss: 5.85246, Test loss: 5.63895,Epoch time = 12.999s
04/16/2026 23:35:26 - INFO - utils.trainer -   ***** Running evaluation on test1 dataset *****
04/16/2026 23:35:28 - INFO - utils.trainer -   AUC: 0.51197
04/16/2026 23:35:28 - INFO - utils.trainer -   Accuracy: 0.28662
04/16/2026 23:35:28 - INFO - utils.trainer -   Precision: 0.28713
04/16/2026 23:35:28 - INFO - utils.trainer -   Recall: 0.26110
04/16/2026 23:35:28 - INFO - utils.trainer -   F_score: 0.17006
04/16/2026 23:35:28 - INFO - utils.trainer -   Loss: 5.66367
04/16/2026 23:35:28 - INFO - utils.trainer -   Epoch: 54, Train loss: 5.72951, Test loss: 5.66367,Epoch time = 11.983s
04/16/2026 23:35:41 - INFO - utils.trainer -   ***** Running evaluation on test1 dataset *****
04/16/2026 23:35:43 - INFO - utils.trainer -   AUC: 0.51462
04/16/2026 23:35:43 - INFO - utils.trainer -   Accuracy: 0.27389
04/16/2026 23:35:43 - INFO - utils.trainer -   Precision: 0.26113
04/16/2026 23:35:43 - INFO - utils.trainer -   Recall: 0.24847
04/16/2026 23:35:43 - INFO - utils.trainer -   F_score: 0.15804
04/16/2026 23:35:43 - INFO - utils.trainer -   Loss: 5.44822
04/16/2026 23:35:43 - INFO - utils.trainer -   Epoch: 55, Train loss: 5.61408, Test loss: 5.44822,Epoch time = 12.410s
04/16/2026 23:35:55 - INFO - utils.trainer -   ***** Running evaluation on test1 dataset *****
04/16/2026 23:35:57 - INFO - utils.trainer -   AUC: 0.54506
04/16/2026 23:35:57 - INFO - utils.trainer -   Accuracy: 0.31847
04/16/2026 23:35:57 - INFO - utils.trainer -   Precision: 0.27687
04/16/2026 23:35:57 - INFO - utils.trainer -   Recall: 0.29205
04/16/2026 23:35:57 - INFO - utils.trainer -   F_score: 0.21173
04/16/2026 23:35:57 - INFO - utils.trainer -   Loss: 5.38336
04/16/2026 23:35:57 - INFO - utils.trainer -   Epoch: 56, Train loss: 5.49629, Test loss: 5.38336,Epoch time = 12.534s
04/16/2026 23:36:10 - INFO - utils.trainer -   ***** Running evaluation on test1 dataset *****
04/16/2026 23:36:12 - INFO - utils.trainer -   AUC: 0.47682
04/16/2026 23:36:12 - INFO - utils.trainer -   Accuracy: 0.26752
04/16/2026 23:36:12 - INFO - utils.trainer -   Precision: 0.15966
04/16/2026 23:36:12 - INFO - utils.trainer -   Recall: 0.24172
04/16/2026 23:36:12 - INFO - utils.trainer -   F_score: 0.14556
04/16/2026 23:36:12 - INFO - utils.trainer -   Loss: 5.28644
04/16/2026 23:36:12 - INFO - utils.trainer -   Epoch: 57, Train loss: 5.32705, Test loss: 5.28644,Epoch time = 12.435s
04/16/2026 23:36:23 - INFO - utils.trainer -   ***** Running evaluation on test1 dataset *****
04/16/2026 23:36:26 - INFO - utils.trainer -   AUC: 0.43845
04/16/2026 23:36:26 - INFO - utils.trainer -   Accuracy: 0.23567
04/16/2026 23:36:26 - INFO - utils.trainer -   Precision: 0.08187
04/16/2026 23:36:26 - INFO - utils.trainer -   Recall: 0.21112
04/16/2026 23:36:26 - INFO - utils.trainer -   F_score: 0.11021
04/16/2026 23:36:26 - INFO - utils.trainer -   Loss: 5.20700
04/16/2026 23:36:26 - INFO - utils.trainer -   Epoch: 58, Train loss: 5.26462, Test loss: 5.20700,Epoch time = 11.407s
04/16/2026 23:36:37 - INFO - utils.trainer -   ***** Running evaluation on test1 dataset *****
04/16/2026 23:36:40 - INFO - utils.trainer -   AUC: 0.42272
04/16/2026 23:36:40 - INFO - utils.trainer -   Accuracy: 0.25478
04/16/2026 23:36:40 - INFO - utils.trainer -   Precision: 0.17275
04/16/2026 23:36:40 - INFO - utils.trainer -   Recall: 0.22996
04/16/2026 23:36:40 - INFO - utils.trainer -   F_score: 0.13333
04/16/2026 23:36:40 - INFO - utils.trainer -   Loss: 5.02410
04/16/2026 23:36:40 - INFO - utils.trainer -   Epoch: 59, Train loss: 5.18840, Test loss: 5.02410,Epoch time = 11.627s
04/16/2026 23:36:53 - INFO - utils.trainer -   ***** Running evaluation on test1 dataset *****
04/16/2026 23:36:56 - INFO - utils.trainer -   AUC: 0.54641
04/16/2026 23:36:56 - INFO - utils.trainer -   Accuracy: 0.29299
04/16/2026 23:36:56 - INFO - utils.trainer -   Precision: 0.25676
04/16/2026 23:36:56 - INFO - utils.trainer -   Recall: 0.26461
04/16/2026 23:36:56 - INFO - utils.trainer -   F_score: 0.15775
04/16/2026 23:36:56 - INFO - utils.trainer -   Loss: 4.91741
04/16/2026 23:36:56 - INFO - utils.trainer -   Epoch: 60, Train loss: 5.06453, Test loss: 4.91741,Epoch time = 13.891s
04/16/2026 23:37:08 - INFO - utils.trainer -   ***** Running evaluation on test1 dataset *****
04/16/2026 23:37:10 - INFO - utils.trainer -   AUC: 0.50702
04/16/2026 23:37:10 - INFO - utils.trainer -   Accuracy: 0.26115
04/16/2026 23:37:10 - INFO - utils.trainer -   Precision: 0.13611
04/16/2026 23:37:10 - INFO - utils.trainer -   Recall: 0.23458
04/16/2026 23:37:10 - INFO - utils.trainer -   F_score: 0.12714
04/16/2026 23:37:10 - INFO - utils.trainer -   Loss: 4.88193
04/16/2026 23:37:10 - INFO - utils.trainer -   Epoch: 61, Train loss: 5.01571, Test loss: 4.88193,Epoch time = 12.171s
04/16/2026 23:37:22 - INFO - utils.trainer -   ***** Running evaluation on test1 dataset *****
04/16/2026 23:37:24 - INFO - utils.trainer -   AUC: 0.50443
04/16/2026 23:37:24 - INFO - utils.trainer -   Accuracy: 0.28025
04/16/2026 23:37:24 - INFO - utils.trainer -   Precision: 0.34120
04/16/2026 23:37:24 - INFO - utils.trainer -   Recall: 0.25595
04/16/2026 23:37:24 - INFO - utils.trainer -   F_score: 0.17513
04/16/2026 23:37:24 - INFO - utils.trainer -   Loss: 4.84624
04/16/2026 23:37:24 - INFO - utils.trainer -   Epoch: 62, Train loss: 4.89285, Test loss: 4.84624,Epoch time = 11.827s
04/16/2026 23:37:37 - INFO - utils.trainer -   ***** Running evaluation on test1 dataset *****
04/16/2026 23:37:39 - INFO - utils.trainer -   AUC: 0.56083
04/16/2026 23:37:39 - INFO - utils.trainer -   Accuracy: 0.27389
04/16/2026 23:37:39 - INFO - utils.trainer -   Precision: 0.26184
04/16/2026 23:37:39 - INFO - utils.trainer -   Recall: 0.24740
04/16/2026 23:37:39 - INFO - utils.trainer -   F_score: 0.14734
04/16/2026 23:37:39 - INFO - utils.trainer -   Loss: 4.82129
04/16/2026 23:37:39 - INFO - utils.trainer -   Epoch: 63, Train loss: 4.84671, Test loss: 4.82129,Epoch time = 12.994s
04/16/2026 23:37:52 - INFO - utils.trainer -   ***** Running evaluation on test1 dataset *****
04/16/2026 23:37:55 - INFO - utils.trainer -   AUC: 0.48817
04/16/2026 23:37:55 - INFO - utils.trainer -   Accuracy: 0.28025
04/16/2026 23:37:55 - INFO - utils.trainer -   Precision: 0.30303
04/16/2026 23:37:55 - INFO - utils.trainer -   Recall: 0.25471
04/16/2026 23:37:55 - INFO - utils.trainer -   F_score: 0.15992
04/16/2026 23:37:55 - INFO - utils.trainer -   Loss: 4.74832
04/16/2026 23:37:55 - INFO - utils.trainer -   Epoch: 64, Train loss: 4.74955, Test loss: 4.74832,Epoch time = 12.928s
04/16/2026 23:38:06 - INFO - utils.trainer -   ***** Running evaluation on test1 dataset *****
04/16/2026 23:38:08 - INFO - utils.trainer -   AUC: 0.51575
04/16/2026 23:38:08 - INFO - utils.trainer -   Accuracy: 0.24204
04/16/2026 23:38:08 - INFO - utils.trainer -   Precision: 0.06507
04/16/2026 23:38:08 - INFO - utils.trainer -   Recall: 0.21591
04/16/2026 23:38:08 - INFO - utils.trainer -   F_score: 0.10000
04/16/2026 23:38:08 - INFO - utils.trainer -   Loss: 4.57148
04/16/2026 23:38:08 - INFO - utils.trainer -   Epoch: 65, Train loss: 4.71400, Test loss: 4.57148,Epoch time = 11.276s
04/16/2026 23:38:20 - INFO - utils.trainer -   ***** Running evaluation on test1 dataset *****
04/16/2026 23:38:22 - INFO - utils.trainer -   AUC: 0.47309
04/16/2026 23:38:22 - INFO - utils.trainer -   Accuracy: 0.25478
04/16/2026 23:38:22 - INFO - utils.trainer -   Precision: 0.25380
04/16/2026 23:38:22 - INFO - utils.trainer -   Recall: 0.23089
04/16/2026 23:38:22 - INFO - utils.trainer -   F_score: 0.14545
04/16/2026 23:38:22 - INFO - utils.trainer -   Loss: 4.57991
04/16/2026 23:38:22 - INFO - utils.trainer -   Epoch: 66, Train loss: 4.62790, Test loss: 4.57991,Epoch time = 11.451s
04/16/2026 23:38:33 - INFO - utils.trainer -   ***** Running evaluation on test1 dataset *****
04/16/2026 23:38:35 - INFO - utils.trainer -   AUC: 0.50032
04/16/2026 23:38:35 - INFO - utils.trainer -   Accuracy: 0.22293
04/16/2026 23:38:35 - INFO - utils.trainer -   Precision: 0.18347
04/16/2026 23:38:35 - INFO - utils.trainer -   Recall: 0.20394
04/16/2026 23:38:35 - INFO - utils.trainer -   F_score: 0.14387
04/16/2026 23:38:35 - INFO - utils.trainer -   Loss: 4.43180
04/16/2026 23:38:35 - INFO - utils.trainer -   Epoch: 67, Train loss: 4.55365, Test loss: 4.43180,Epoch time = 11.931s
04/16/2026 23:38:47 - INFO - utils.trainer -   ***** Running evaluation on test1 dataset *****
04/16/2026 23:38:49 - INFO - utils.trainer -   AUC: 0.49541
04/16/2026 23:38:49 - INFO - utils.trainer -   Accuracy: 0.28662
04/16/2026 23:38:49 - INFO - utils.trainer -   Precision: 0.26117
04/16/2026 23:38:49 - INFO - utils.trainer -   Recall: 0.27890
04/16/2026 23:38:49 - INFO - utils.trainer -   F_score: 0.25810
04/16/2026 23:38:49 - INFO - utils.trainer -   Loss: 4.40876
04/16/2026 23:38:49 - INFO - utils.trainer -   Epoch: 68, Train loss: 4.52713, Test loss: 4.40876,Epoch time = 11.561s
04/16/2026 23:39:00 - INFO - utils.trainer -   ***** Running evaluation on test1 dataset *****
04/16/2026 23:39:02 - INFO - utils.trainer -   AUC: 0.49512
04/16/2026 23:39:02 - INFO - utils.trainer -   Accuracy: 0.28025
04/16/2026 23:39:02 - INFO - utils.trainer -   Precision: 0.22264
04/16/2026 23:39:02 - INFO - utils.trainer -   Recall: 0.25600
04/16/2026 23:39:02 - INFO - utils.trainer -   F_score: 0.17255
04/16/2026 23:39:02 - INFO - utils.trainer -   Loss: 4.39759
04/16/2026 23:39:02 - INFO - utils.trainer -   Epoch: 69, Train loss: 4.43039, Test loss: 4.39759,Epoch time = 11.550s
04/16/2026 23:39:13 - INFO - utils.trainer -   ***** Running evaluation on test1 dataset *****
04/16/2026 23:39:15 - INFO - utils.trainer -   AUC: 0.48909
04/16/2026 23:39:15 - INFO - utils.trainer -   Accuracy: 0.27389
04/16/2026 23:39:15 - INFO - utils.trainer -   Precision: 0.25641
04/16/2026 23:39:15 - INFO - utils.trainer -   Recall: 0.24866
04/16/2026 23:39:15 - INFO - utils.trainer -   F_score: 0.15934
04/16/2026 23:39:15 - INFO - utils.trainer -   Loss: 4.34410
04/16/2026 23:39:15 - INFO - utils.trainer -   Epoch: 70, Train loss: 4.38798, Test loss: 4.34410,Epoch time = 10.705s
04/16/2026 23:39:25 - INFO - utils.trainer -   ***** Running evaluation on test1 dataset *****
04/16/2026 23:39:27 - INFO - utils.trainer -   AUC: 0.44688
04/16/2026 23:39:27 - INFO - utils.trainer -   Accuracy: 0.23567
04/16/2026 23:39:27 - INFO - utils.trainer -   Precision: 0.20384
04/16/2026 23:39:27 - INFO - utils.trainer -   Recall: 0.21384
04/16/2026 23:39:27 - INFO - utils.trainer -   F_score: 0.13817
04/16/2026 23:39:27 - INFO - utils.trainer -   Loss: 4.28899
04/16/2026 23:39:27 - INFO - utils.trainer -   Epoch: 71, Train loss: 4.32596, Test loss: 4.28899,Epoch time = 10.547s
04/16/2026 23:39:39 - INFO - utils.trainer -   ***** Running evaluation on test1 dataset *****
04/16/2026 23:39:41 - INFO - utils.trainer -   AUC: 0.46906
04/16/2026 23:39:41 - INFO - utils.trainer -   Accuracy: 0.24841
04/16/2026 23:39:41 - INFO - utils.trainer -   Precision: 0.19542
04/16/2026 23:39:41 - INFO - utils.trainer -   Recall: 0.23043
04/16/2026 23:39:41 - INFO - utils.trainer -   F_score: 0.17040
04/16/2026 23:39:41 - INFO - utils.trainer -   Loss: 4.26723
04/16/2026 23:39:41 - INFO - utils.trainer -   Epoch: 72, Train loss: 4.28502, Test loss: 4.26723,Epoch time = 11.055s
04/16/2026 23:39:53 - INFO - utils.trainer -   ***** Running evaluation on test1 dataset *****
04/16/2026 23:39:55 - INFO - utils.trainer -   AUC: 0.54224
04/16/2026 23:39:55 - INFO - utils.trainer -   Accuracy: 0.31210
04/16/2026 23:39:55 - INFO - utils.trainer -   Precision: 0.30806
04/16/2026 23:39:55 - INFO - utils.trainer -   Recall: 0.29501
04/16/2026 23:39:55 - INFO - utils.trainer -   F_score: 0.26096
04/16/2026 23:39:55 - INFO - utils.trainer -   Loss: 4.15209
04/16/2026 23:39:55 - INFO - utils.trainer -   Epoch: 73, Train loss: 4.23791, Test loss: 4.15209,Epoch time = 12.176s
04/16/2026 23:40:07 - INFO - utils.trainer -   ***** Running evaluation on test1 dataset *****
04/16/2026 23:40:09 - INFO - utils.trainer -   AUC: 0.50400
04/16/2026 23:40:09 - INFO - utils.trainer -   Accuracy: 0.29936
04/16/2026 23:40:09 - INFO - utils.trainer -   Precision: 0.28158
04/16/2026 23:40:09 - INFO - utils.trainer -   Recall: 0.27790
04/16/2026 23:40:09 - INFO - utils.trainer -   F_score: 0.22381
04/16/2026 23:40:09 - INFO - utils.trainer -   Loss: 4.11715
04/16/2026 23:40:09 - INFO - utils.trainer -   Epoch: 74, Train loss: 4.15133, Test loss: 4.11715,Epoch time = 12.522s
04/16/2026 23:40:21 - INFO - utils.trainer -   ***** Running evaluation on test1 dataset *****
04/16/2026 23:40:23 - INFO - utils.trainer -   AUC: 0.56656
04/16/2026 23:40:23 - INFO - utils.trainer -   Accuracy: 0.26752
04/16/2026 23:40:23 - INFO - utils.trainer -   Precision: 0.24281
04/16/2026 23:40:23 - INFO - utils.trainer -   Recall: 0.25260
04/16/2026 23:40:23 - INFO - utils.trainer -   F_score: 0.21618
04/16/2026 23:40:23 - INFO - utils.trainer -   Loss: 4.08616
04/16/2026 23:40:23 - INFO - utils.trainer -   Epoch: 75, Train loss: 4.13501, Test loss: 4.08616,Epoch time = 11.626s
04/16/2026 23:40:34 - INFO - utils.trainer -   ***** Running evaluation on test1 dataset *****
04/16/2026 23:40:36 - INFO - utils.trainer -   AUC: 0.49046
04/16/2026 23:40:36 - INFO - utils.trainer -   Accuracy: 0.25478
04/16/2026 23:40:36 - INFO - utils.trainer -   Precision: 0.19174
04/16/2026 23:40:36 - INFO - utils.trainer -   Recall: 0.23792
04/16/2026 23:40:36 - INFO - utils.trainer -   F_score: 0.19437
04/16/2026 23:40:36 - INFO - utils.trainer -   Loss: 3.97257
04/16/2026 23:40:36 - INFO - utils.trainer -   Epoch: 76, Train loss: 4.07999, Test loss: 3.97257,Epoch time = 11.072s
04/16/2026 23:40:47 - INFO - utils.trainer -   ***** Running evaluation on test1 dataset *****
04/16/2026 23:40:49 - INFO - utils.trainer -   AUC: 0.54429
04/16/2026 23:40:49 - INFO - utils.trainer -   Accuracy: 0.29936
04/16/2026 23:40:49 - INFO - utils.trainer -   Precision: 0.28319
04/16/2026 23:40:49 - INFO - utils.trainer -   Recall: 0.28292
04/16/2026 23:40:49 - INFO - utils.trainer -   F_score: 0.25065
04/16/2026 23:40:49 - INFO - utils.trainer -   Loss: 3.89336
04/16/2026 23:40:49 - INFO - utils.trainer -   Epoch: 77, Train loss: 4.05075, Test loss: 3.89336,Epoch time = 10.965s
04/16/2026 23:41:00 - INFO - utils.trainer -   ***** Running evaluation on test1 dataset *****
04/16/2026 23:41:02 - INFO - utils.trainer -   AUC: 0.51530
04/16/2026 23:41:02 - INFO - utils.trainer -   Accuracy: 0.25478
04/16/2026 23:41:02 - INFO - utils.trainer -   Precision: 0.19981
04/16/2026 23:41:02 - INFO - utils.trainer -   Recall: 0.23089
04/16/2026 23:41:02 - INFO - utils.trainer -   F_score: 0.14541
04/16/2026 23:41:02 - INFO - utils.trainer -   Loss: 3.85127
04/16/2026 23:41:02 - INFO - utils.trainer -   Epoch: 78, Train loss: 3.98338, Test loss: 3.85127,Epoch time = 11.146s
04/16/2026 23:41:14 - INFO - utils.trainer -   ***** Running evaluation on test1 dataset *****
04/16/2026 23:41:16 - INFO - utils.trainer -   AUC: 0.51107
04/16/2026 23:41:16 - INFO - utils.trainer -   Accuracy: 0.31210
04/16/2026 23:41:16 - INFO - utils.trainer -   Precision: 0.32955
04/16/2026 23:41:16 - INFO - utils.trainer -   Recall: 0.29574
04/16/2026 23:41:16 - INFO - utils.trainer -   F_score: 0.26786
04/16/2026 23:41:16 - INFO - utils.trainer -   Loss: 3.83443
04/16/2026 23:41:16 - INFO - utils.trainer -   Epoch: 79, Train loss: 3.93823, Test loss: 3.83443,Epoch time = 11.814s
04/16/2026 23:41:27 - INFO - utils.trainer -   ***** Running evaluation on test1 dataset *****
04/16/2026 23:41:29 - INFO - utils.trainer -   AUC: 0.52816
04/16/2026 23:41:29 - INFO - utils.trainer -   Accuracy: 0.26115
04/16/2026 23:41:29 - INFO - utils.trainer -   Precision: 0.27045
04/16/2026 23:41:29 - INFO - utils.trainer -   Recall: 0.24594
04/16/2026 23:41:29 - INFO - utils.trainer -   F_score: 0.21263
04/16/2026 23:41:29 - INFO - utils.trainer -   Loss: 3.80933
04/16/2026 23:41:29 - INFO - utils.trainer -   Epoch: 80, Train loss: 3.94444, Test loss: 3.80933,Epoch time = 11.774s
04/16/2026 23:41:40 - INFO - utils.trainer -   ***** Running evaluation on test1 dataset *****
04/16/2026 23:41:42 - INFO - utils.trainer -   AUC: 0.50210
04/16/2026 23:41:42 - INFO - utils.trainer -   Accuracy: 0.27389
04/16/2026 23:41:42 - INFO - utils.trainer -   Precision: 0.26055
04/16/2026 23:41:42 - INFO - utils.trainer -   Recall: 0.24956
04/16/2026 23:41:42 - INFO - utils.trainer -   F_score: 0.16963
04/16/2026 23:41:42 - INFO - utils.trainer -   Loss: 3.75321
04/16/2026 23:41:42 - INFO - utils.trainer -   Epoch: 81, Train loss: 3.88102, Test loss: 3.75321,Epoch time = 11.269s
04/16/2026 23:41:54 - INFO - utils.trainer -   ***** Running evaluation on test1 dataset *****
04/16/2026 23:41:56 - INFO - utils.trainer -   AUC: 0.51153
04/16/2026 23:41:56 - INFO - utils.trainer -   Accuracy: 0.29936
04/16/2026 23:41:56 - INFO - utils.trainer -   Precision: 0.29301
04/16/2026 23:41:56 - INFO - utils.trainer -   Recall: 0.27862
04/16/2026 23:41:56 - INFO - utils.trainer -   F_score: 0.22795
04/16/2026 23:41:56 - INFO - utils.trainer -   Loss: 3.72001
04/16/2026 23:41:56 - INFO - utils.trainer -   Epoch: 82, Train loss: 3.82177, Test loss: 3.72001,Epoch time = 11.041s
04/16/2026 23:42:07 - INFO - utils.trainer -   ***** Running evaluation on test1 dataset *****
04/16/2026 23:42:09 - INFO - utils.trainer -   AUC: 0.51373
04/16/2026 23:42:09 - INFO - utils.trainer -   Accuracy: 0.28662
04/16/2026 23:42:09 - INFO - utils.trainer -   Precision: 0.31310
04/16/2026 23:42:09 - INFO - utils.trainer -   Recall: 0.26199
04/16/2026 23:42:09 - INFO - utils.trainer -   F_score: 0.18053
04/16/2026 23:42:09 - INFO - utils.trainer -   Loss: 3.69412
04/16/2026 23:42:09 - INFO - utils.trainer -   Epoch: 83, Train loss: 3.80352, Test loss: 3.69412,Epoch time = 11.466s
04/16/2026 23:42:21 - INFO - utils.trainer -   ***** Running evaluation on test1 dataset *****
04/16/2026 23:42:23 - INFO - utils.trainer -   AUC: 0.46372
04/16/2026 23:42:23 - INFO - utils.trainer -   Accuracy: 0.26115
04/16/2026 23:42:23 - INFO - utils.trainer -   Precision: 0.27308
04/16/2026 23:42:23 - INFO - utils.trainer -   Recall: 0.23727
04/16/2026 23:42:23 - INFO - utils.trainer -   F_score: 0.15056
04/16/2026 23:42:23 - INFO - utils.trainer -   Loss: 3.70110
04/16/2026 23:42:23 - INFO - utils.trainer -   Epoch: 84, Train loss: 3.76134, Test loss: 3.70110,Epoch time = 12.400s
04/16/2026 23:42:36 - INFO - utils.trainer -   ***** Running evaluation on test1 dataset *****
04/16/2026 23:42:38 - INFO - utils.trainer -   AUC: 0.51322
04/16/2026 23:42:38 - INFO - utils.trainer -   Accuracy: 0.30573
04/16/2026 23:42:38 - INFO - utils.trainer -   Precision: 0.31329
04/16/2026 23:42:38 - INFO - utils.trainer -   Recall: 0.28156
04/16/2026 23:42:38 - INFO - utils.trainer -   F_score: 0.20738
04/16/2026 23:42:38 - INFO - utils.trainer -   Loss: 3.66491
04/16/2026 23:42:38 - INFO - utils.trainer -   Epoch: 85, Train loss: 3.68121, Test loss: 3.66491,Epoch time = 12.415s
04/16/2026 23:42:49 - INFO - utils.trainer -   ***** Running evaluation on test1 dataset *****
04/16/2026 23:42:52 - INFO - utils.trainer -   AUC: 0.45852
04/16/2026 23:42:52 - INFO - utils.trainer -   Accuracy: 0.24204
04/16/2026 23:42:52 - INFO - utils.trainer -   Precision: 0.23236
04/16/2026 23:42:52 - INFO - utils.trainer -   Recall: 0.22528
04/16/2026 23:42:52 - INFO - utils.trainer -   F_score: 0.17504
04/16/2026 23:42:52 - INFO - utils.trainer -   Loss: 3.59283
04/16/2026 23:42:52 - INFO - utils.trainer -   Epoch: 86, Train loss: 3.69605, Test loss: 3.59283,Epoch time = 11.748s
04/16/2026 23:43:02 - INFO - utils.trainer -   ***** Running evaluation on test1 dataset *****
04/16/2026 23:43:04 - INFO - utils.trainer -   AUC: 0.53224
04/16/2026 23:43:04 - INFO - utils.trainer -   Accuracy: 0.32484
04/16/2026 23:43:04 - INFO - utils.trainer -   Precision: 0.39565
04/16/2026 23:43:04 - INFO - utils.trainer -   Recall: 0.30278
04/16/2026 23:43:04 - INFO - utils.trainer -   F_score: 0.24652
04/16/2026 23:43:04 - INFO - utils.trainer -   Loss: 3.58077
04/16/2026 23:43:04 - INFO - utils.trainer -   Epoch: 87, Train loss: 3.64600, Test loss: 3.58077,Epoch time = 10.686s
04/16/2026 23:43:16 - INFO - utils.trainer -   ***** Running evaluation on test1 dataset *****
04/16/2026 23:43:18 - INFO - utils.trainer -   AUC: 0.50096
04/16/2026 23:43:18 - INFO - utils.trainer -   Accuracy: 0.26115
04/16/2026 23:43:18 - INFO - utils.trainer -   Precision: 0.22775
04/16/2026 23:43:18 - INFO - utils.trainer -   Recall: 0.24198
04/16/2026 23:43:18 - INFO - utils.trainer -   F_score: 0.18721
04/16/2026 23:43:18 - INFO - utils.trainer -   Loss: 3.54623
04/16/2026 23:43:18 - INFO - utils.trainer -   Epoch: 88, Train loss: 3.59081, Test loss: 3.54623,Epoch time = 11.336s
04/16/2026 23:43:30 - INFO - utils.trainer -   ***** Running evaluation on test1 dataset *****
04/16/2026 23:43:32 - INFO - utils.trainer -   AUC: 0.48651
04/16/2026 23:43:32 - INFO - utils.trainer -   Accuracy: 0.28662
04/16/2026 23:43:32 - INFO - utils.trainer -   Precision: 0.31848
04/16/2026 23:43:32 - INFO - utils.trainer -   Recall: 0.26435
04/16/2026 23:43:32 - INFO - utils.trainer -   F_score: 0.19985
04/16/2026 23:43:32 - INFO - utils.trainer -   Loss: 3.49985
04/16/2026 23:43:32 - INFO - utils.trainer -   Epoch: 89, Train loss: 3.59046, Test loss: 3.49985,Epoch time = 12.476s
04/16/2026 23:43:45 - INFO - utils.trainer -   ***** Running evaluation on test1 dataset *****
04/16/2026 23:43:46 - INFO - utils.trainer -   AUC: 0.50109
04/16/2026 23:43:46 - INFO - utils.trainer -   Accuracy: 0.22293
04/16/2026 23:43:46 - INFO - utils.trainer -   Precision: 0.20826
04/16/2026 23:43:46 - INFO - utils.trainer -   Recall: 0.20428
04/16/2026 23:43:46 - INFO - utils.trainer -   F_score: 0.13834
04/16/2026 23:43:46 - INFO - utils.trainer -   Loss: 3.50775
04/16/2026 23:43:46 - INFO - utils.trainer -   Epoch: 90, Train loss: 3.52736, Test loss: 3.50775,Epoch time = 12.439s
04/16/2026 23:43:58 - INFO - utils.trainer -   ***** Running evaluation on test1 dataset *****
04/16/2026 23:44:00 - INFO - utils.trainer -   AUC: 0.48572
04/16/2026 23:44:00 - INFO - utils.trainer -   Accuracy: 0.27389
04/16/2026 23:44:00 - INFO - utils.trainer -   Precision: 0.07167
04/16/2026 23:44:00 - INFO - utils.trainer -   Recall: 0.24432
04/16/2026 23:44:00 - INFO - utils.trainer -   F_score: 0.11082
04/16/2026 23:44:00 - INFO - utils.trainer -   Loss: 3.45920
04/16/2026 23:44:00 - INFO - utils.trainer -   Epoch: 91, Train loss: 3.54582, Test loss: 3.45920,Epoch time = 11.463s
04/16/2026 23:44:11 - INFO - utils.trainer -   ***** Running evaluation on test1 dataset *****
04/16/2026 23:44:14 - INFO - utils.trainer -   AUC: 0.50913
04/16/2026 23:44:14 - INFO - utils.trainer -   Accuracy: 0.26115
04/16/2026 23:44:14 - INFO - utils.trainer -   Precision: 0.21320
04/16/2026 23:44:14 - INFO - utils.trainer -   Recall: 0.23895
04/16/2026 23:44:14 - INFO - utils.trainer -   F_score: 0.17330
04/16/2026 23:44:14 - INFO - utils.trainer -   Loss: 3.45943
04/16/2026 23:44:14 - INFO - utils.trainer -   Epoch: 92, Train loss: 3.54483, Test loss: 3.45943,Epoch time = 11.376s
04/16/2026 23:44:26 - INFO - utils.trainer -   ***** Running evaluation on test1 dataset *****
04/16/2026 23:44:29 - INFO - utils.trainer -   AUC: 0.47782
04/16/2026 23:44:29 - INFO - utils.trainer -   Accuracy: 0.28662
04/16/2026 23:44:29 - INFO - utils.trainer -   Precision: 0.33100
04/16/2026 23:44:29 - INFO - utils.trainer -   Recall: 0.26381
04/16/2026 23:44:29 - INFO - utils.trainer -   F_score: 0.19436
04/16/2026 23:44:29 - INFO - utils.trainer -   Loss: 3.41818
04/16/2026 23:44:29 - INFO - utils.trainer -   Epoch: 93, Train loss: 3.47145, Test loss: 3.41818,Epoch time = 12.665s
04/16/2026 23:44:41 - INFO - utils.trainer -   ***** Running evaluation on test1 dataset *****
04/16/2026 23:44:43 - INFO - utils.trainer -   AUC: 0.47811
04/16/2026 23:44:43 - INFO - utils.trainer -   Accuracy: 0.24841
04/16/2026 23:44:43 - INFO - utils.trainer -   Precision: 0.28498
04/16/2026 23:44:43 - INFO - utils.trainer -   Recall: 0.22933
04/16/2026 23:44:43 - INFO - utils.trainer -   F_score: 0.17360
04/16/2026 23:44:43 - INFO - utils.trainer -   Loss: 3.39848
04/16/2026 23:44:43 - INFO - utils.trainer -   Epoch: 94, Train loss: 3.44770, Test loss: 3.39848,Epoch time = 12.527s
04/16/2026 23:44:55 - INFO - utils.trainer -   ***** Running evaluation on test1 dataset *****
04/16/2026 23:44:57 - INFO - utils.trainer -   AUC: 0.46353
04/16/2026 23:44:57 - INFO - utils.trainer -   Accuracy: 0.26752
04/16/2026 23:44:57 - INFO - utils.trainer -   Precision: 0.25225
04/16/2026 23:44:57 - INFO - utils.trainer -   Recall: 0.25378
04/16/2026 23:44:57 - INFO - utils.trainer -   F_score: 0.21559
04/16/2026 23:44:57 - INFO - utils.trainer -   Loss: 3.37153
04/16/2026 23:44:57 - INFO - utils.trainer -   Epoch: 95, Train loss: 3.43065, Test loss: 3.37153,Epoch time = 11.573s
04/16/2026 23:45:08 - INFO - utils.trainer -   ***** Running evaluation on test1 dataset *****
04/16/2026 23:45:10 - INFO - utils.trainer -   AUC: 0.45928
04/16/2026 23:45:10 - INFO - utils.trainer -   Accuracy: 0.26115
04/16/2026 23:45:10 - INFO - utils.trainer -   Precision: 0.29695
04/16/2026 23:45:10 - INFO - utils.trainer -   Recall: 0.23876
04/16/2026 23:45:10 - INFO - utils.trainer -   F_score: 0.16770
04/16/2026 23:45:10 - INFO - utils.trainer -   Loss: 3.30118
04/16/2026 23:45:10 - INFO - utils.trainer -   Epoch: 96, Train loss: 3.40402, Test loss: 3.30118,Epoch time = 11.267s
04/16/2026 23:45:21 - INFO - utils.trainer -   ***** Running evaluation on test1 dataset *****
04/16/2026 23:45:24 - INFO - utils.trainer -   AUC: 0.47141
04/16/2026 23:45:24 - INFO - utils.trainer -   Accuracy: 0.24204
04/16/2026 23:45:24 - INFO - utils.trainer -   Precision: 0.20417
04/16/2026 23:45:24 - INFO - utils.trainer -   Recall: 0.21790
04/16/2026 23:45:24 - INFO - utils.trainer -   F_score: 0.12219
04/16/2026 23:45:24 - INFO - utils.trainer -   Loss: 3.27356
04/16/2026 23:45:24 - INFO - utils.trainer -   Epoch: 97, Train loss: 3.32837, Test loss: 3.27356,Epoch time = 11.147s
04/16/2026 23:45:37 - INFO - utils.trainer -   ***** Running evaluation on test1 dataset *****
04/16/2026 23:45:39 - INFO - utils.trainer -   AUC: 0.47709
04/16/2026 23:45:39 - INFO - utils.trainer -   Accuracy: 0.28025
04/16/2026 23:45:39 - INFO - utils.trainer -   Precision: 0.19048
04/16/2026 23:45:39 - INFO - utils.trainer -   Recall: 0.25342
04/16/2026 23:45:39 - INFO - utils.trainer -   F_score: 0.15148
04/16/2026 23:45:39 - INFO - utils.trainer -   Loss: 3.25726
04/16/2026 23:45:39 - INFO - utils.trainer -   Epoch: 98, Train loss: 3.31249, Test loss: 3.25726,Epoch time = 13.087s
04/16/2026 23:45:52 - INFO - utils.trainer -   ***** Running evaluation on test1 dataset *****
04/16/2026 23:45:55 - INFO - utils.trainer -   AUC: 0.54910
04/16/2026 23:45:55 - INFO - utils.trainer -   Accuracy: 0.28025
04/16/2026 23:45:55 - INFO - utils.trainer -   Precision: 0.29938
04/16/2026 23:45:55 - INFO - utils.trainer -   Recall: 0.25398
04/16/2026 23:45:55 - INFO - utils.trainer -   F_score: 0.15959
04/16/2026 23:45:55 - INFO - utils.trainer -   Loss: 3.23717
04/16/2026 23:45:55 - INFO - utils.trainer -   Epoch: 99, Train loss: 3.31058, Test loss: 3.23717,Epoch time = 13.887s
04/16/2026 23:46:06 - INFO - utils.trainer -   ***** Running evaluation on test1 dataset *****
04/16/2026 23:46:08 - INFO - utils.trainer -   AUC: 0.46770
04/16/2026 23:46:08 - INFO - utils.trainer -   Accuracy: 0.27389
04/16/2026 23:46:08 - INFO - utils.trainer -   Precision: 0.21941
04/16/2026 23:46:08 - INFO - utils.trainer -   Recall: 0.24594
04/16/2026 23:46:08 - INFO - utils.trainer -   F_score: 0.13213
04/16/2026 23:46:08 - INFO - utils.trainer -   Loss: 3.21689
04/16/2026 23:46:08 - INFO - utils.trainer -   Epoch: 100, Train loss: 3.30229, Test loss: 3.21689,Epoch time = 11.421s
04/16/2026 23:46:19 - INFO - utils.trainer -   ***** Running evaluation on test1 dataset *****
04/16/2026 23:46:21 - INFO - utils.trainer -   AUC: 0.47547
04/16/2026 23:46:21 - INFO - utils.trainer -   Accuracy: 0.27389
04/16/2026 23:46:21 - INFO - utils.trainer -   Precision: 0.13271
04/16/2026 23:46:21 - INFO - utils.trainer -   Recall: 0.24578
04/16/2026 23:46:21 - INFO - utils.trainer -   F_score: 0.12917
04/16/2026 23:46:21 - INFO - utils.trainer -   Loss: 3.23103
04/16/2026 23:46:21 - INFO - utils.trainer -   Epoch: 101, Train loss: 3.26098, Test loss: 3.23103,Epoch time = 10.900s
04/16/2026 23:46:34 - INFO - utils.trainer -   ***** Running evaluation on test1 dataset *****
04/16/2026 23:46:36 - INFO - utils.trainer -   AUC: 0.54227
04/16/2026 23:46:36 - INFO - utils.trainer -   Accuracy: 0.28662
04/16/2026 23:46:36 - INFO - utils.trainer -   Precision: 0.35207
04/16/2026 23:46:36 - INFO - utils.trainer -   Recall: 0.26003
04/16/2026 23:46:36 - INFO - utils.trainer -   F_score: 0.16426
04/16/2026 23:46:36 - INFO - utils.trainer -   Loss: 3.15625
04/16/2026 23:46:36 - INFO - utils.trainer -   Epoch: 102, Train loss: 3.23738, Test loss: 3.15625,Epoch time = 12.994s
04/16/2026 23:46:49 - INFO - utils.trainer -   ***** Running evaluation on test1 dataset *****
04/16/2026 23:46:51 - INFO - utils.trainer -   AUC: 0.50324
04/16/2026 23:46:51 - INFO - utils.trainer -   Accuracy: 0.27389
04/16/2026 23:46:51 - INFO - utils.trainer -   Precision: 0.31690
04/16/2026 23:46:51 - INFO - utils.trainer -   Recall: 0.24866
04/16/2026 23:46:51 - INFO - utils.trainer -   F_score: 0.15842
04/16/2026 23:46:51 - INFO - utils.trainer -   Loss: 3.20067
04/16/2026 23:46:51 - INFO - utils.trainer -   Epoch: 103, Train loss: 3.23777, Test loss: 3.20067,Epoch time = 12.592s
04/16/2026 23:47:02 - INFO - utils.trainer -   ***** Running evaluation on test1 dataset *****
04/16/2026 23:47:04 - INFO - utils.trainer -   AUC: 0.54047
04/16/2026 23:47:04 - INFO - utils.trainer -   Accuracy: 0.30573
04/16/2026 23:47:04 - INFO - utils.trainer -   Precision: 0.28247
04/16/2026 23:47:04 - INFO - utils.trainer -   Recall: 0.27690
04/16/2026 23:47:04 - INFO - utils.trainer -   F_score: 0.17011
04/16/2026 23:47:04 - INFO - utils.trainer -   Loss: 3.15530
04/16/2026 23:47:04 - INFO - utils.trainer -   Epoch: 104, Train loss: 3.19360, Test loss: 3.15530,Epoch time = 11.146s
04/16/2026 23:47:15 - INFO - utils.trainer -   ***** Running evaluation on test1 dataset *****
04/16/2026 23:47:17 - INFO - utils.trainer -   AUC: 0.50028
04/16/2026 23:47:17 - INFO - utils.trainer -   Accuracy: 0.25478
04/16/2026 23:47:17 - INFO - utils.trainer -   Precision: 0.06993
04/16/2026 23:47:17 - INFO - utils.trainer -   Recall: 0.22727
04/16/2026 23:47:17 - INFO - utils.trainer -   F_score: 0.10695
04/16/2026 23:47:17 - INFO - utils.trainer -   Loss: 3.14467
04/16/2026 23:47:17 - INFO - utils.trainer -   Epoch: 105, Train loss: 3.20260, Test loss: 3.14467,Epoch time = 10.749s
04/16/2026 23:47:28 - INFO - utils.trainer -   ***** Running evaluation on test1 dataset *****
04/16/2026 23:47:30 - INFO - utils.trainer -   AUC: 0.48276
04/16/2026 23:47:30 - INFO - utils.trainer -   Accuracy: 0.28025
04/16/2026 23:47:30 - INFO - utils.trainer -   Precision: 0.24213
04/16/2026 23:47:30 - INFO - utils.trainer -   Recall: 0.25235
04/16/2026 23:47:30 - INFO - utils.trainer -   F_score: 0.14213
04/16/2026 23:47:30 - INFO - utils.trainer -   Loss: 3.06706
04/16/2026 23:47:30 - INFO - utils.trainer -   Epoch: 106, Train loss: 3.18499, Test loss: 3.06706,Epoch time = 10.778s
04/16/2026 23:47:43 - INFO - utils.trainer -   ***** Running evaluation on test1 dataset *****
04/16/2026 23:47:45 - INFO - utils.trainer -   AUC: 0.49331
04/16/2026 23:47:45 - INFO - utils.trainer -   Accuracy: 0.23567
04/16/2026 23:47:45 - INFO - utils.trainer -   Precision: 0.19091
04/16/2026 23:47:45 - INFO - utils.trainer -   Recall: 0.21727
04/16/2026 23:47:45 - INFO - utils.trainer -   F_score: 0.16404
04/16/2026 23:47:45 - INFO - utils.trainer -   Loss: 3.13245
04/16/2026 23:47:45 - INFO - utils.trainer -   Epoch: 107, Train loss: 3.17014, Test loss: 3.13245,Epoch time = 12.801s
04/16/2026 23:47:57 - INFO - utils.trainer -   ***** Running evaluation on test1 dataset *****
04/16/2026 23:48:00 - INFO - utils.trainer -   AUC: 0.44978
04/16/2026 23:48:00 - INFO - utils.trainer -   Accuracy: 0.26115
04/16/2026 23:48:00 - INFO - utils.trainer -   Precision: 0.15248
04/16/2026 23:48:00 - INFO - utils.trainer -   Recall: 0.23458
04/16/2026 23:48:00 - INFO - utils.trainer -   F_score: 0.12788
04/16/2026 23:48:00 - INFO - utils.trainer -   Loss: 3.08695
04/16/2026 23:48:00 - INFO - utils.trainer -   Epoch: 108, Train loss: 3.11076, Test loss: 3.08695,Epoch time = 12.545s
04/16/2026 23:48:11 - INFO - utils.trainer -   ***** Running evaluation on test1 dataset *****
04/16/2026 23:48:13 - INFO - utils.trainer -   AUC: 0.51745
04/16/2026 23:48:13 - INFO - utils.trainer -   Accuracy: 0.27389
04/16/2026 23:48:13 - INFO - utils.trainer -   Precision: 0.15306
04/16/2026 23:48:13 - INFO - utils.trainer -   Recall: 0.24684
04/16/2026 23:48:13 - INFO - utils.trainer -   F_score: 0.13114
04/16/2026 23:48:13 - INFO - utils.trainer -   Loss: 3.03351
04/16/2026 23:48:13 - INFO - utils.trainer -   Epoch: 109, Train loss: 3.08063, Test loss: 3.03351,Epoch time = 11.363s
04/16/2026 23:48:24 - INFO - utils.trainer -   ***** Running evaluation on test1 dataset *****
04/16/2026 23:48:26 - INFO - utils.trainer -   AUC: 0.47478
04/16/2026 23:48:26 - INFO - utils.trainer -   Accuracy: 0.29936
04/16/2026 23:48:26 - INFO - utils.trainer -   Precision: 0.34252
04/16/2026 23:48:26 - INFO - utils.trainer -   Recall: 0.27411
04/16/2026 23:48:26 - INFO - utils.trainer -   F_score: 0.19428
04/16/2026 23:48:26 - INFO - utils.trainer -   Loss: 3.02216
04/16/2026 23:48:26 - INFO - utils.trainer -   Epoch: 110, Train loss: 3.09536, Test loss: 3.02216,Epoch time = 10.635s
04/16/2026 23:48:38 - INFO - utils.trainer -   ***** Running evaluation on test1 dataset *****
04/16/2026 23:48:40 - INFO - utils.trainer -   AUC: 0.53043
04/16/2026 23:48:40 - INFO - utils.trainer -   Accuracy: 0.27389
04/16/2026 23:48:40 - INFO - utils.trainer -   Precision: 0.37092
04/16/2026 23:48:40 - INFO - utils.trainer -   Recall: 0.24774
04/16/2026 23:48:40 - INFO - utils.trainer -   F_score: 0.14267
04/16/2026 23:48:40 - INFO - utils.trainer -   Loss: 2.99498
04/16/2026 23:48:40 - INFO - utils.trainer -   Epoch: 111, Train loss: 3.07084, Test loss: 2.99498,Epoch time = 11.629s
04/16/2026 23:48:52 - INFO - utils.trainer -   ***** Running evaluation on test1 dataset *****
04/16/2026 23:48:54 - INFO - utils.trainer -   AUC: 0.48039
04/16/2026 23:48:54 - INFO - utils.trainer -   Accuracy: 0.27389
04/16/2026 23:48:54 - INFO - utils.trainer -   Precision: 0.23438
04/16/2026 23:48:54 - INFO - utils.trainer -   Recall: 0.24740
04/16/2026 23:48:54 - INFO - utils.trainer -   F_score: 0.14717
04/16/2026 23:48:54 - INFO - utils.trainer -   Loss: 3.02238
04/16/2026 23:48:54 - INFO - utils.trainer -   Epoch: 112, Train loss: 3.08099, Test loss: 3.02238,Epoch time = 12.257s
04/16/2026 23:49:06 - INFO - utils.trainer -   ***** Running evaluation on test1 dataset *****
04/16/2026 23:49:09 - INFO - utils.trainer -   AUC: 0.52205
04/16/2026 23:49:09 - INFO - utils.trainer -   Accuracy: 0.27389
04/16/2026 23:49:09 - INFO - utils.trainer -   Precision: 0.19379
04/16/2026 23:49:09 - INFO - utils.trainer -   Recall: 0.24578
04/16/2026 23:49:09 - INFO - utils.trainer -   F_score: 0.12947
04/16/2026 23:49:09 - INFO - utils.trainer -   Loss: 2.98394
04/16/2026 23:49:09 - INFO - utils.trainer -   Epoch: 113, Train loss: 3.03265, Test loss: 2.98394,Epoch time = 12.464s
04/16/2026 23:49:20 - INFO - utils.trainer -   ***** Running evaluation on test1 dataset *****
04/16/2026 23:49:22 - INFO - utils.trainer -   AUC: 0.48737
04/16/2026 23:49:22 - INFO - utils.trainer -   Accuracy: 0.28025
04/16/2026 23:49:22 - INFO - utils.trainer -   Precision: 0.27668
04/16/2026 23:49:22 - INFO - utils.trainer -   Recall: 0.25488
04/16/2026 23:49:22 - INFO - utils.trainer -   F_score: 0.16907
04/16/2026 23:49:22 - INFO - utils.trainer -   Loss: 2.95353
04/16/2026 23:49:22 - INFO - utils.trainer -   Epoch: 114, Train loss: 3.01227, Test loss: 2.95353,Epoch time = 11.035s
04/16/2026 23:49:33 - INFO - utils.trainer -   ***** Running evaluation on test1 dataset *****
04/16/2026 23:49:35 - INFO - utils.trainer -   AUC: 0.46709
04/16/2026 23:49:35 - INFO - utils.trainer -   Accuracy: 0.26752
04/16/2026 23:49:35 - INFO - utils.trainer -   Precision: 0.20407
04/16/2026 23:49:35 - INFO - utils.trainer -   Recall: 0.24136
04/16/2026 23:49:35 - INFO - utils.trainer -   F_score: 0.14080
04/16/2026 23:49:35 - INFO - utils.trainer -   Loss: 2.92550
04/16/2026 23:49:35 - INFO - utils.trainer -   Epoch: 115, Train loss: 3.01498, Test loss: 2.92550,Epoch time = 11.125s
04/16/2026 23:49:48 - INFO - utils.trainer -   ***** Running evaluation on test1 dataset *****
04/16/2026 23:49:50 - INFO - utils.trainer -   AUC: 0.48400
04/16/2026 23:49:50 - INFO - utils.trainer -   Accuracy: 0.29936
04/16/2026 23:49:50 - INFO - utils.trainer -   Precision: 0.42212
04/16/2026 23:49:50 - INFO - utils.trainer -   Recall: 0.27716
04/16/2026 23:49:50 - INFO - utils.trainer -   F_score: 0.22045
04/16/2026 23:49:50 - INFO - utils.trainer -   Loss: 2.93194
04/16/2026 23:49:50 - INFO - utils.trainer -   Epoch: 116, Train loss: 3.01528, Test loss: 2.93194,Epoch time = 12.929s
04/16/2026 23:50:03 - INFO - utils.trainer -   ***** Running evaluation on test1 dataset *****
04/16/2026 23:50:05 - INFO - utils.trainer -   AUC: 0.50773
04/16/2026 23:50:05 - INFO - utils.trainer -   Accuracy: 0.29299
04/16/2026 23:50:05 - INFO - utils.trainer -   Precision: 0.24246
04/16/2026 23:50:05 - INFO - utils.trainer -   Recall: 0.26534
04/16/2026 23:50:05 - INFO - utils.trainer -   F_score: 0.16589
04/16/2026 23:50:05 - INFO - utils.trainer -   Loss: 2.89652
04/16/2026 23:50:05 - INFO - utils.trainer -   Epoch: 117, Train loss: 2.98903, Test loss: 2.89652,Epoch time = 12.960s
04/16/2026 23:50:17 - INFO - utils.trainer -   ***** Running evaluation on test1 dataset *****
04/16/2026 23:50:19 - INFO - utils.trainer -   AUC: 0.56016
04/16/2026 23:50:19 - INFO - utils.trainer -   Accuracy: 0.30573
04/16/2026 23:50:19 - INFO - utils.trainer -   Precision: 0.27313
04/16/2026 23:50:19 - INFO - utils.trainer -   Recall: 0.27872
04/16/2026 23:50:19 - INFO - utils.trainer -   F_score: 0.18347
04/16/2026 23:50:19 - INFO - utils.trainer -   Loss: 2.90333
04/16/2026 23:50:19 - INFO - utils.trainer -   Epoch: 118, Train loss: 2.97922, Test loss: 2.90333,Epoch time = 11.537s
04/16/2026 23:50:30 - INFO - utils.trainer -   ***** Running evaluation on test1 dataset *****
04/16/2026 23:50:32 - INFO - utils.trainer -   AUC: 0.49947
04/16/2026 23:50:32 - INFO - utils.trainer -   Accuracy: 0.26115
04/16/2026 23:50:32 - INFO - utils.trainer -   Precision: 0.07021
04/16/2026 23:50:32 - INFO - utils.trainer -   Recall: 0.23295
04/16/2026 23:50:32 - INFO - utils.trainer -   F_score: 0.10789
04/16/2026 23:50:32 - INFO - utils.trainer -   Loss: 2.93773
04/16/2026 23:50:32 - INFO - utils.trainer -   Epoch: 119, Train loss: 2.95158, Test loss: 2.93773,Epoch time = 10.605s
04/16/2026 23:50:43 - INFO - utils.trainer -   ***** Running evaluation on test1 dataset *****
04/16/2026 23:50:45 - INFO - utils.trainer -   AUC: 0.49446
04/16/2026 23:50:45 - INFO - utils.trainer -   Accuracy: 0.27389
04/16/2026 23:50:45 - INFO - utils.trainer -   Precision: 0.06981
04/16/2026 23:50:45 - INFO - utils.trainer -   Recall: 0.24432
04/16/2026 23:50:45 - INFO - utils.trainer -   F_score: 0.10859
04/16/2026 23:50:45 - INFO - utils.trainer -   Loss: 2.87338
04/16/2026 23:50:45 - INFO - utils.trainer -   Epoch: 120, Train loss: 2.90856, Test loss: 2.87338,Epoch time = 11.331s
04/16/2026 23:50:58 - INFO - utils.trainer -   ***** Running evaluation on test1 dataset *****
04/16/2026 23:51:00 - INFO - utils.trainer -   AUC: 0.51579
04/16/2026 23:51:00 - INFO - utils.trainer -   Accuracy: 0.28025
04/16/2026 23:51:00 - INFO - utils.trainer -   Precision: 0.11286
04/16/2026 23:51:00 - INFO - utils.trainer -   Recall: 0.25073
04/16/2026 23:51:00 - INFO - utils.trainer -   F_score: 0.12137
04/16/2026 23:51:00 - INFO - utils.trainer -   Loss: 2.85321
04/16/2026 23:51:00 - INFO - utils.trainer -   Epoch: 121, Train loss: 2.90997, Test loss: 2.85321,Epoch time = 12.782s
04/16/2026 23:51:13 - INFO - utils.trainer -   ***** Running evaluation on test1 dataset *****
04/16/2026 23:51:15 - INFO - utils.trainer -   AUC: 0.50783
04/16/2026 23:51:15 - INFO - utils.trainer -   Accuracy: 0.28025
04/16/2026 23:51:15 - INFO - utils.trainer -   Precision: 0.19572
04/16/2026 23:51:15 - INFO - utils.trainer -   Recall: 0.25090
04/16/2026 23:51:15 - INFO - utils.trainer -   F_score: 0.12219
04/16/2026 23:51:15 - INFO - utils.trainer -   Loss: 2.85481
04/16/2026 23:51:15 - INFO - utils.trainer -   Epoch: 122, Train loss: 2.91128, Test loss: 2.85481,Epoch time = 12.502s
04/16/2026 23:51:27 - INFO - utils.trainer -   ***** Running evaluation on test1 dataset *****
04/16/2026 23:51:29 - INFO - utils.trainer -   AUC: 0.47132
04/16/2026 23:51:29 - INFO - utils.trainer -   Accuracy: 0.28662
04/16/2026 23:51:29 - INFO - utils.trainer -   Precision: 0.19597
04/16/2026 23:51:29 - INFO - utils.trainer -   Recall: 0.25641
04/16/2026 23:51:29 - INFO - utils.trainer -   F_score: 0.12275
04/16/2026 23:51:29 - INFO - utils.trainer -   Loss: 2.86694
04/16/2026 23:51:29 - INFO - utils.trainer -   Epoch: 123, Train loss: 2.94116, Test loss: 2.86694,Epoch time = 11.792s
04/16/2026 23:51:41 - INFO - utils.trainer -   ***** Running evaluation on test1 dataset *****
04/16/2026 23:51:43 - INFO - utils.trainer -   AUC: 0.52638
04/16/2026 23:51:43 - INFO - utils.trainer -   Accuracy: 0.28025
04/16/2026 23:51:43 - INFO - utils.trainer -   Precision: 0.13276
04/16/2026 23:51:43 - INFO - utils.trainer -   Recall: 0.25073
04/16/2026 23:51:43 - INFO - utils.trainer -   F_score: 0.12076
04/16/2026 23:51:43 - INFO - utils.trainer -   Loss: 2.81678
04/16/2026 23:51:43 - INFO - utils.trainer -   Epoch: 124, Train loss: 2.86563, Test loss: 2.81678,Epoch time = 11.930s
04/16/2026 23:51:56 - INFO - utils.trainer -   ***** Running evaluation on test1 dataset *****
04/16/2026 23:51:58 - INFO - utils.trainer -   AUC: 0.46235
04/16/2026 23:51:58 - INFO - utils.trainer -   Accuracy: 0.26752
04/16/2026 23:51:58 - INFO - utils.trainer -   Precision: 0.06818
04/16/2026 23:51:58 - INFO - utils.trainer -   Recall: 0.23864
04/16/2026 23:51:58 - INFO - utils.trainer -   F_score: 0.10606
04/16/2026 23:51:58 - INFO - utils.trainer -   Loss: 2.81051
04/16/2026 23:51:58 - INFO - utils.trainer -   Epoch: 125, Train loss: 2.87723, Test loss: 2.81051,Epoch time = 12.713s
04/16/2026 23:52:10 - INFO - utils.trainer -   ***** Running evaluation on test1 dataset *****
04/16/2026 23:52:12 - INFO - utils.trainer -   AUC: 0.48021
04/16/2026 23:52:12 - INFO - utils.trainer -   Accuracy: 0.26115
04/16/2026 23:52:12 - INFO - utils.trainer -   Precision: 0.06743
04/16/2026 23:52:12 - INFO - utils.trainer -   Recall: 0.23295
04/16/2026 23:52:12 - INFO - utils.trainer -   F_score: 0.10459
04/16/2026 23:52:12 - INFO - utils.trainer -   Loss: 2.82232
04/16/2026 23:52:12 - INFO - utils.trainer -   Epoch: 126, Train loss: 2.85532, Test loss: 2.82232,Epoch time = 12.389s
04/16/2026 23:52:24 - INFO - utils.trainer -   ***** Running evaluation on test1 dataset *****
04/16/2026 23:52:26 - INFO - utils.trainer -   AUC: 0.46762
04/16/2026 23:52:26 - INFO - utils.trainer -   Accuracy: 0.28025
04/16/2026 23:52:26 - INFO - utils.trainer -   Precision: 0.07006
04/16/2026 23:52:26 - INFO - utils.trainer -   Recall: 0.25000
04/16/2026 23:52:26 - INFO - utils.trainer -   F_score: 0.10945
04/16/2026 23:52:26 - INFO - utils.trainer -   Loss: 2.80147
04/16/2026 23:52:26 - INFO - utils.trainer -   Epoch: 127, Train loss: 2.85393, Test loss: 2.80147,Epoch time = 11.432s
04/16/2026 23:52:37 - INFO - utils.trainer -   ***** Running evaluation on test1 dataset *****
04/16/2026 23:52:40 - INFO - utils.trainer -   AUC: 0.43432
04/16/2026 23:52:40 - INFO - utils.trainer -   Accuracy: 0.27389
04/16/2026 23:52:40 - INFO - utils.trainer -   Precision: 0.15152
04/16/2026 23:52:40 - INFO - utils.trainer -   Recall: 0.24505
04/16/2026 23:52:40 - INFO - utils.trainer -   F_score: 0.11797
04/16/2026 23:52:40 - INFO - utils.trainer -   Loss: 2.81508
04/16/2026 23:52:40 - INFO - utils.trainer -   Epoch: 128, Train loss: 2.85129, Test loss: 2.81508,Epoch time = 11.635s
04/16/2026 23:52:52 - INFO - utils.trainer -   ***** Running evaluation on test1 dataset *****
04/16/2026 23:52:54 - INFO - utils.trainer -   AUC: 0.49020
04/16/2026 23:52:54 - INFO - utils.trainer -   Accuracy: 0.28025
04/16/2026 23:52:54 - INFO - utils.trainer -   Precision: 0.07006
04/16/2026 23:52:54 - INFO - utils.trainer -   Recall: 0.25000
04/16/2026 23:52:54 - INFO - utils.trainer -   F_score: 0.10945
04/16/2026 23:52:54 - INFO - utils.trainer -   Loss: 2.82640
04/16/2026 23:52:54 - INFO - utils.trainer -   Epoch: 129, Train loss: 2.84476, Test loss: 2.82640,Epoch time = 12.308s
04/16/2026 23:53:07 - INFO - utils.trainer -   ***** Running evaluation on test1 dataset *****
04/16/2026 23:53:09 - INFO - utils.trainer -   AUC: 0.47439
04/16/2026 23:53:09 - INFO - utils.trainer -   Accuracy: 0.28025
04/16/2026 23:53:09 - INFO - utils.trainer -   Precision: 0.07006
04/16/2026 23:53:09 - INFO - utils.trainer -   Recall: 0.25000
04/16/2026 23:53:09 - INFO - utils.trainer -   F_score: 0.10945
04/16/2026 23:53:09 - INFO - utils.trainer -   Loss: 2.78293
04/16/2026 23:53:09 - INFO - utils.trainer -   Epoch: 130, Train loss: 2.81112, Test loss: 2.78293,Epoch time = 12.550s
04/16/2026 23:53:20 - INFO - utils.trainer -   ***** Running evaluation on test1 dataset *****
04/16/2026 23:53:23 - INFO - utils.trainer -   AUC: 0.46058
04/16/2026 23:53:23 - INFO - utils.trainer -   Accuracy: 0.28025
04/16/2026 23:53:23 - INFO - utils.trainer -   Precision: 0.07006
04/16/2026 23:53:23 - INFO - utils.trainer -   Recall: 0.25000
04/16/2026 23:53:23 - INFO - utils.trainer -   F_score: 0.10945
04/16/2026 23:53:23 - INFO - utils.trainer -   Loss: 2.76899
04/16/2026 23:53:23 - INFO - utils.trainer -   Epoch: 131, Train loss: 2.84468, Test loss: 2.76899,Epoch time = 11.665s
04/16/2026 23:53:34 - INFO - utils.trainer -   ***** Running evaluation on test1 dataset *****
04/16/2026 23:53:36 - INFO - utils.trainer -   AUC: 0.48428
04/16/2026 23:53:36 - INFO - utils.trainer -   Accuracy: 0.28662
04/16/2026 23:53:36 - INFO - utils.trainer -   Precision: 0.15476
04/16/2026 23:53:36 - INFO - utils.trainer -   Recall: 0.25641
04/16/2026 23:53:36 - INFO - utils.trainer -   F_score: 0.12302
04/16/2026 23:53:36 - INFO - utils.trainer -   Loss: 2.77507
04/16/2026 23:53:36 - INFO - utils.trainer -   Epoch: 132, Train loss: 2.77449, Test loss: 2.77507,Epoch time = 11.540s
04/16/2026 23:53:48 - INFO - utils.trainer -   ***** Running evaluation on test1 dataset *****
04/16/2026 23:53:50 - INFO - utils.trainer -   AUC: 0.52031
04/16/2026 23:53:50 - INFO - utils.trainer -   Accuracy: 0.26752
04/16/2026 23:53:50 - INFO - utils.trainer -   Precision: 0.06774
04/16/2026 23:53:50 - INFO - utils.trainer -   Recall: 0.23864
04/16/2026 23:53:50 - INFO - utils.trainer -   F_score: 0.10553
04/16/2026 23:53:50 - INFO - utils.trainer -   Loss: 2.74311
04/16/2026 23:53:50 - INFO - utils.trainer -   Epoch: 133, Train loss: 2.80186, Test loss: 2.74311,Epoch time = 11.946s
04/16/2026 23:54:03 - INFO - utils.trainer -   ***** Running evaluation on test1 dataset *****
04/16/2026 23:54:05 - INFO - utils.trainer -   AUC: 0.46458
04/16/2026 23:54:05 - INFO - utils.trainer -   Accuracy: 0.28025
04/16/2026 23:54:05 - INFO - utils.trainer -   Precision: 0.13276
04/16/2026 23:54:05 - INFO - utils.trainer -   Recall: 0.25073
04/16/2026 23:54:05 - INFO - utils.trainer -   F_score: 0.12076
04/16/2026 23:54:05 - INFO - utils.trainer -   Loss: 2.76231
04/16/2026 23:54:05 - INFO - utils.trainer -   Epoch: 134, Train loss: 2.79164, Test loss: 2.76231,Epoch time = 12.870s
04/16/2026 23:54:17 - INFO - utils.trainer -   ***** Running evaluation on test1 dataset *****
04/16/2026 23:54:19 - INFO - utils.trainer -   AUC: 0.49227
04/16/2026 23:54:19 - INFO - utils.trainer -   Accuracy: 0.26752
04/16/2026 23:54:19 - INFO - utils.trainer -   Precision: 0.06818
04/16/2026 23:54:19 - INFO - utils.trainer -   Recall: 0.23864
04/16/2026 23:54:19 - INFO - utils.trainer -   F_score: 0.10606
04/16/2026 23:54:19 - INFO - utils.trainer -   Loss: 2.74038
04/16/2026 23:54:19 - INFO - utils.trainer -   Epoch: 135, Train loss: 2.78304, Test loss: 2.74038,Epoch time = 12.012s
04/16/2026 23:54:30 - INFO - utils.trainer -   ***** Running evaluation on test1 dataset *****
04/16/2026 23:54:33 - INFO - utils.trainer -   AUC: 0.49672
04/16/2026 23:54:33 - INFO - utils.trainer -   Accuracy: 0.28662
04/16/2026 23:54:33 - INFO - utils.trainer -   Precision: 0.38369
04/16/2026 23:54:33 - INFO - utils.trainer -   Recall: 0.25731
04/16/2026 23:54:33 - INFO - utils.trainer -   F_score: 0.13470
04/16/2026 23:54:33 - INFO - utils.trainer -   Loss: 2.73946
04/16/2026 23:54:33 - INFO - utils.trainer -   Epoch: 136, Train loss: 2.77419, Test loss: 2.73946,Epoch time = 10.973s
04/16/2026 23:54:45 - INFO - utils.trainer -   ***** Running evaluation on test1 dataset *****
04/16/2026 23:54:47 - INFO - utils.trainer -   AUC: 0.50512
04/16/2026 23:54:47 - INFO - utils.trainer -   Accuracy: 0.29299
04/16/2026 23:54:47 - INFO - utils.trainer -   Precision: 0.31993
04/16/2026 23:54:47 - INFO - utils.trainer -   Recall: 0.26590
04/16/2026 23:54:47 - INFO - utils.trainer -   F_score: 0.17047
04/16/2026 23:54:47 - INFO - utils.trainer -   Loss: 2.73546
04/16/2026 23:54:47 - INFO - utils.trainer -   Epoch: 137, Train loss: 2.77370, Test loss: 2.73546,Epoch time = 11.958s
04/16/2026 23:55:00 - INFO - utils.trainer -   ***** Running evaluation on test1 dataset *****
04/16/2026 23:55:02 - INFO - utils.trainer -   AUC: 0.48394
04/16/2026 23:55:02 - INFO - utils.trainer -   Accuracy: 0.26115
04/16/2026 23:55:02 - INFO - utils.trainer -   Precision: 0.10328
04/16/2026 23:55:02 - INFO - utils.trainer -   Recall: 0.23368
04/16/2026 23:55:02 - INFO - utils.trainer -   F_score: 0.11504
04/16/2026 23:55:02 - INFO - utils.trainer -   Loss: 2.72163
04/16/2026 23:55:02 - INFO - utils.trainer -   Epoch: 138, Train loss: 2.77501, Test loss: 2.72163,Epoch time = 12.816s
04/16/2026 23:55:15 - INFO - utils.trainer -   ***** Running evaluation on test1 dataset *****
04/16/2026 23:55:17 - INFO - utils.trainer -   AUC: 0.50381
04/16/2026 23:55:17 - INFO - utils.trainer -   Accuracy: 0.28025
04/16/2026 23:55:17 - INFO - utils.trainer -   Precision: 0.11333
04/16/2026 23:55:17 - INFO - utils.trainer -   Recall: 0.25073
04/16/2026 23:55:17 - INFO - utils.trainer -   F_score: 0.12194
04/16/2026 23:55:17 - INFO - utils.trainer -   Loss: 2.68896
04/16/2026 23:55:17 - INFO - utils.trainer -   Epoch: 139, Train loss: 2.74801, Test loss: 2.68896,Epoch time = 13.027s
04/16/2026 23:55:28 - INFO - utils.trainer -   ***** Running evaluation on test1 dataset *****
04/16/2026 23:55:30 - INFO - utils.trainer -   AUC: 0.55205
04/16/2026 23:55:30 - INFO - utils.trainer -   Accuracy: 0.28025
04/16/2026 23:55:30 - INFO - utils.trainer -   Precision: 0.07143
04/16/2026 23:55:30 - INFO - utils.trainer -   Recall: 0.25000
04/16/2026 23:55:30 - INFO - utils.trainer -   F_score: 0.11111
04/16/2026 23:55:30 - INFO - utils.trainer -   Loss: 2.68166
04/16/2026 23:55:30 - INFO - utils.trainer -   Epoch: 140, Train loss: 2.72994, Test loss: 2.68166,Epoch time = 11.249s
04/16/2026 23:55:42 - INFO - utils.trainer -   ***** Running evaluation on test1 dataset *****
04/16/2026 23:55:44 - INFO - utils.trainer -   AUC: 0.51729
04/16/2026 23:55:44 - INFO - utils.trainer -   Accuracy: 0.28662
04/16/2026 23:55:44 - INFO - utils.trainer -   Precision: 0.14310
04/16/2026 23:55:44 - INFO - utils.trainer -   Recall: 0.25714
04/16/2026 23:55:44 - INFO - utils.trainer -   F_score: 0.13256
04/16/2026 23:55:44 - INFO - utils.trainer -   Loss: 2.67661
04/16/2026 23:55:44 - INFO - utils.trainer -   Epoch: 141, Train loss: 2.72895, Test loss: 2.67661,Epoch time = 11.714s
04/16/2026 23:55:56 - INFO - utils.trainer -   ***** Running evaluation on test1 dataset *****
04/16/2026 23:55:58 - INFO - utils.trainer -   AUC: 0.53295
04/16/2026 23:55:58 - INFO - utils.trainer -   Accuracy: 0.29299
04/16/2026 23:55:58 - INFO - utils.trainer -   Precision: 0.23810
04/16/2026 23:55:58 - INFO - utils.trainer -   Recall: 0.26282
04/16/2026 23:55:58 - INFO - utils.trainer -   F_score: 0.13492
04/16/2026 23:55:58 - INFO - utils.trainer -   Loss: 2.69976
04/16/2026 23:55:58 - INFO - utils.trainer -   Epoch: 142, Train loss: 2.70248, Test loss: 2.69976,Epoch time = 12.416s
04/16/2026 23:56:11 - INFO - utils.trainer -   ***** Running evaluation on test1 dataset *****
04/16/2026 23:56:13 - INFO - utils.trainer -   AUC: 0.48572
04/16/2026 23:56:13 - INFO - utils.trainer -   Accuracy: 0.26752
04/16/2026 23:56:13 - INFO - utils.trainer -   Precision: 0.10004
04/16/2026 23:56:13 - INFO - utils.trainer -   Recall: 0.23936
04/16/2026 23:56:13 - INFO - utils.trainer -   F_score: 0.11686
04/16/2026 23:56:13 - INFO - utils.trainer -   Loss: 2.69280
04/16/2026 23:56:13 - INFO - utils.trainer -   Epoch: 143, Train loss: 2.71554, Test loss: 2.69280,Epoch time = 12.494s
04/16/2026 23:56:26 - INFO - utils.trainer -   ***** Running evaluation on test1 dataset *****
04/16/2026 23:56:28 - INFO - utils.trainer -   AUC: 0.56216
04/16/2026 23:56:28 - INFO - utils.trainer -   Accuracy: 0.26115
04/16/2026 23:56:28 - INFO - utils.trainer -   Precision: 0.06833
04/16/2026 23:56:28 - INFO - utils.trainer -   Recall: 0.23295
04/16/2026 23:56:28 - INFO - utils.trainer -   F_score: 0.10567
04/16/2026 23:56:28 - INFO - utils.trainer -   Loss: 2.64344
04/16/2026 23:56:28 - INFO - utils.trainer -   Epoch: 144, Train loss: 2.70616, Test loss: 2.64344,Epoch time = 12.175s
04/16/2026 23:56:40 - INFO - utils.trainer -   ***** Running evaluation on test1 dataset *****
04/16/2026 23:56:42 - INFO - utils.trainer -   AUC: 0.49151
04/16/2026 23:56:42 - INFO - utils.trainer -   Accuracy: 0.28662
04/16/2026 23:56:42 - INFO - utils.trainer -   Precision: 0.15476
04/16/2026 23:56:42 - INFO - utils.trainer -   Recall: 0.25641
04/16/2026 23:56:42 - INFO - utils.trainer -   F_score: 0.12302
04/16/2026 23:56:42 - INFO - utils.trainer -   Loss: 2.67141
04/16/2026 23:56:42 - INFO - utils.trainer -   Epoch: 145, Train loss: 2.70388, Test loss: 2.67141,Epoch time = 11.748s
04/16/2026 23:56:54 - INFO - utils.trainer -   ***** Running evaluation on test1 dataset *****
04/16/2026 23:56:56 - INFO - utils.trainer -   AUC: 0.46400
04/16/2026 23:56:56 - INFO - utils.trainer -   Accuracy: 0.28662
04/16/2026 23:56:56 - INFO - utils.trainer -   Precision: 0.15476
04/16/2026 23:56:56 - INFO - utils.trainer -   Recall: 0.25641
04/16/2026 23:56:56 - INFO - utils.trainer -   F_score: 0.12302
04/16/2026 23:56:56 - INFO - utils.trainer -   Loss: 2.66808
04/16/2026 23:56:56 - INFO - utils.trainer -   Epoch: 146, Train loss: 2.69354, Test loss: 2.66808,Epoch time = 12.661s
04/16/2026 23:57:09 - INFO - utils.trainer -   ***** Running evaluation on test1 dataset *****
04/16/2026 23:57:11 - INFO - utils.trainer -   AUC: 0.51852
04/16/2026 23:57:11 - INFO - utils.trainer -   Accuracy: 0.27389
04/16/2026 23:57:11 - INFO - utils.trainer -   Precision: 0.06981
04/16/2026 23:57:11 - INFO - utils.trainer -   Recall: 0.24432
04/16/2026 23:57:11 - INFO - utils.trainer -   F_score: 0.10859
04/16/2026 23:57:11 - INFO - utils.trainer -   Loss: 2.64809
04/16/2026 23:57:11 - INFO - utils.trainer -   Epoch: 147, Train loss: 2.69996, Test loss: 2.64809,Epoch time = 12.491s
04/16/2026 23:57:22 - INFO - utils.trainer -   ***** Running evaluation on test1 dataset *****
04/16/2026 23:57:25 - INFO - utils.trainer -   AUC: 0.49725
04/16/2026 23:57:25 - INFO - utils.trainer -   Accuracy: 0.28662
04/16/2026 23:57:25 - INFO - utils.trainer -   Precision: 0.44408
04/16/2026 23:57:25 - INFO - utils.trainer -   Recall: 0.25840
04/16/2026 23:57:25 - INFO - utils.trainer -   F_score: 0.14391
04/16/2026 23:57:25 - INFO - utils.trainer -   Loss: 2.63793
04/16/2026 23:57:25 - INFO - utils.trainer -   Epoch: 148, Train loss: 2.68053, Test loss: 2.63793,Epoch time = 11.346s
04/16/2026 23:57:37 - INFO - utils.trainer -   ***** Running evaluation on test1 dataset *****
04/16/2026 23:57:39 - INFO - utils.trainer -   AUC: 0.55253
04/16/2026 23:57:39 - INFO - utils.trainer -   Accuracy: 0.28025
04/16/2026 23:57:39 - INFO - utils.trainer -   Precision: 0.07006
04/16/2026 23:57:39 - INFO - utils.trainer -   Recall: 0.25000
04/16/2026 23:57:39 - INFO - utils.trainer -   F_score: 0.10945
04/16/2026 23:57:39 - INFO - utils.trainer -   Loss: 2.64214
04/16/2026 23:57:39 - INFO - utils.trainer -   Epoch: 149, Train loss: 2.66753, Test loss: 2.64214,Epoch time = 12.200s
04/16/2026 23:57:52 - INFO - utils.trainer -   ***** Running evaluation on test1 dataset *****
04/16/2026 23:57:54 - INFO - utils.trainer -   AUC: 0.54187
04/16/2026 23:57:54 - INFO - utils.trainer -   Accuracy: 0.27389
04/16/2026 23:57:54 - INFO - utils.trainer -   Precision: 0.06891
04/16/2026 23:57:54 - INFO - utils.trainer -   Recall: 0.24432
04/16/2026 23:57:54 - INFO - utils.trainer -   F_score: 0.10750
04/16/2026 23:57:54 - INFO - utils.trainer -   Loss: 2.64482
04/16/2026 23:57:54 - INFO - utils.trainer -   Epoch: 150, Train loss: 2.66952, Test loss: 2.64482,Epoch time = 12.880s
04/16/2026 23:58:06 - INFO - utils.trainer -   ***** Running evaluation on test1 dataset *****
04/16/2026 23:58:08 - INFO - utils.trainer -   AUC: 0.50974
04/16/2026 23:58:08 - INFO - utils.trainer -   Accuracy: 0.28025
04/16/2026 23:58:08 - INFO - utils.trainer -   Precision: 0.13276
04/16/2026 23:58:08 - INFO - utils.trainer -   Recall: 0.25073
04/16/2026 23:58:08 - INFO - utils.trainer -   F_score: 0.12076
04/16/2026 23:58:08 - INFO - utils.trainer -   Loss: 2.61491
04/16/2026 23:58:08 - INFO - utils.trainer -   Epoch: 151, Train loss: 2.65942, Test loss: 2.61491,Epoch time = 11.911s
04/16/2026 23:58:20 - INFO - utils.trainer -   ***** Running evaluation on test1 dataset *****
04/16/2026 23:58:22 - INFO - utils.trainer -   AUC: 0.45134
04/16/2026 23:58:22 - INFO - utils.trainer -   Accuracy: 0.28025
04/16/2026 23:58:22 - INFO - utils.trainer -   Precision: 0.07006
04/16/2026 23:58:22 - INFO - utils.trainer -   Recall: 0.25000
04/16/2026 23:58:22 - INFO - utils.trainer -   F_score: 0.10945
04/16/2026 23:58:22 - INFO - utils.trainer -   Loss: 2.65193
04/16/2026 23:58:22 - INFO - utils.trainer -   Epoch: 152, Train loss: 2.67542, Test loss: 2.65193,Epoch time = 11.571s
04/16/2026 23:58:34 - INFO - utils.trainer -   ***** Running evaluation on test1 dataset *****
04/16/2026 23:58:37 - INFO - utils.trainer -   AUC: 0.51443
04/16/2026 23:58:37 - INFO - utils.trainer -   Accuracy: 0.28025
04/16/2026 23:58:37 - INFO - utils.trainer -   Precision: 0.31981
04/16/2026 23:58:37 - INFO - utils.trainer -   Recall: 0.25126
04/16/2026 23:58:37 - INFO - utils.trainer -   F_score: 0.12210
04/16/2026 23:58:37 - INFO - utils.trainer -   Loss: 2.61650
04/16/2026 23:58:37 - INFO - utils.trainer -   Epoch: 153, Train loss: 2.68412, Test loss: 2.61650,Epoch time = 12.623s
04/16/2026 23:58:49 - INFO - utils.trainer -   ***** Running evaluation on test1 dataset *****
04/16/2026 23:58:51 - INFO - utils.trainer -   AUC: 0.47610
04/16/2026 23:58:51 - INFO - utils.trainer -   Accuracy: 0.28025
04/16/2026 23:58:51 - INFO - utils.trainer -   Precision: 0.19363
04/16/2026 23:58:51 - INFO - utils.trainer -   Recall: 0.25146
04/16/2026 23:58:51 - INFO - utils.trainer -   F_score: 0.12985
04/16/2026 23:58:51 - INFO - utils.trainer -   Loss: 2.59978
04/16/2026 23:58:51 - INFO - utils.trainer -   Epoch: 154, Train loss: 2.64486, Test loss: 2.59978,Epoch time = 12.667s
04/16/2026 23:59:04 - INFO - utils.trainer -   ***** Running evaluation on test1 dataset *****
04/16/2026 23:59:06 - INFO - utils.trainer -   AUC: 0.58976
04/16/2026 23:59:06 - INFO - utils.trainer -   Accuracy: 0.28025
04/16/2026 23:59:06 - INFO - utils.trainer -   Precision: 0.07006
04/16/2026 23:59:06 - INFO - utils.trainer -   Recall: 0.25000
04/16/2026 23:59:06 - INFO - utils.trainer -   F_score: 0.10945
04/16/2026 23:59:06 - INFO - utils.trainer -   Loss: 2.65046
04/16/2026 23:59:06 - INFO - utils.trainer -   Epoch: 155, Train loss: 2.64759, Test loss: 2.65046,Epoch time = 13.126s
04/16/2026 23:59:19 - INFO - utils.trainer -   ***** Running evaluation on test1 dataset *****
04/16/2026 23:59:21 - INFO - utils.trainer -   AUC: 0.48414
04/16/2026 23:59:21 - INFO - utils.trainer -   Accuracy: 0.28662
04/16/2026 23:59:21 - INFO - utils.trainer -   Precision: 0.15476
04/16/2026 23:59:21 - INFO - utils.trainer -   Recall: 0.25641
04/16/2026 23:59:21 - INFO - utils.trainer -   F_score: 0.12302
04/16/2026 23:59:21 - INFO - utils.trainer -   Loss: 2.59953
04/16/2026 23:59:21 - INFO - utils.trainer -   Epoch: 156, Train loss: 2.63892, Test loss: 2.59953,Epoch time = 12.740s
04/16/2026 23:59:35 - INFO - utils.trainer -   ***** Running evaluation on test1 dataset *****
04/16/2026 23:59:36 - INFO - utils.trainer -   AUC: 0.48901
04/16/2026 23:59:36 - INFO - utils.trainer -   Accuracy: 0.27389
04/16/2026 23:59:36 - INFO - utils.trainer -   Precision: 0.06981
04/16/2026 23:59:36 - INFO - utils.trainer -   Recall: 0.24432
04/16/2026 23:59:36 - INFO - utils.trainer -   F_score: 0.10859
04/16/2026 23:59:36 - INFO - utils.trainer -   Loss: 2.58891
04/16/2026 23:59:36 - INFO - utils.trainer -   Epoch: 157, Train loss: 2.63811, Test loss: 2.58891,Epoch time = 13.080s
04/16/2026 23:59:49 - INFO - utils.trainer -   ***** Running evaluation on test1 dataset *****
04/16/2026 23:59:51 - INFO - utils.trainer -   AUC: 0.52864
04/16/2026 23:59:51 - INFO - utils.trainer -   Accuracy: 0.28025
04/16/2026 23:59:51 - INFO - utils.trainer -   Precision: 0.07051
04/16/2026 23:59:51 - INFO - utils.trainer -   Recall: 0.25000
04/16/2026 23:59:51 - INFO - utils.trainer -   F_score: 0.11000
04/16/2026 23:59:51 - INFO - utils.trainer -   Loss: 2.60119
04/16/2026 23:59:51 - INFO - utils.trainer -   Epoch: 158, Train loss: 2.66300, Test loss: 2.60119,Epoch time = 12.066s
04/17/2026 00:00:03 - INFO - utils.trainer -   ***** Running evaluation on test1 dataset *****
04/17/2026 00:00:05 - INFO - utils.trainer -   AUC: 0.47680
04/17/2026 00:00:05 - INFO - utils.trainer -   Accuracy: 0.28025
04/17/2026 00:00:05 - INFO - utils.trainer -   Precision: 0.07097
04/17/2026 00:00:05 - INFO - utils.trainer -   Recall: 0.25000
04/17/2026 00:00:05 - INFO - utils.trainer -   F_score: 0.11055
04/17/2026 00:00:05 - INFO - utils.trainer -   Loss: 2.59454
04/17/2026 00:00:05 - INFO - utils.trainer -   Epoch: 159, Train loss: 2.61833, Test loss: 2.59454,Epoch time = 11.797s
04/17/2026 00:00:17 - INFO - utils.trainer -   ***** Running evaluation on test1 dataset *****
04/17/2026 00:00:19 - INFO - utils.trainer -   AUC: 0.50171
04/17/2026 00:00:19 - INFO - utils.trainer -   Accuracy: 0.29299
04/17/2026 00:00:19 - INFO - utils.trainer -   Precision: 0.23810
04/17/2026 00:00:19 - INFO - utils.trainer -   Recall: 0.26282
04/17/2026 00:00:19 - INFO - utils.trainer -   F_score: 0.13492
04/17/2026 00:00:19 - INFO - utils.trainer -   Loss: 2.59351
04/17/2026 00:00:19 - INFO - utils.trainer -   Epoch: 160, Train loss: 2.63296, Test loss: 2.59351,Epoch time = 12.575s
04/17/2026 00:00:32 - INFO - utils.trainer -   ***** Running evaluation on test1 dataset *****
04/17/2026 00:00:35 - INFO - utils.trainer -   AUC: 0.49699
04/17/2026 00:00:35 - INFO - utils.trainer -   Accuracy: 0.28025
04/17/2026 00:00:35 - INFO - utils.trainer -   Precision: 0.07097
04/17/2026 00:00:35 - INFO - utils.trainer -   Recall: 0.25000
04/17/2026 00:00:35 - INFO - utils.trainer -   F_score: 0.11055
04/17/2026 00:00:35 - INFO - utils.trainer -   Loss: 2.58207
04/17/2026 00:00:35 - INFO - utils.trainer -   Epoch: 161, Train loss: 2.62061, Test loss: 2.58207,Epoch time = 13.005s
04/17/2026 00:00:46 - INFO - utils.trainer -   ***** Running evaluation on test1 dataset *****
04/17/2026 00:00:49 - INFO - utils.trainer -   AUC: 0.51408
04/17/2026 00:00:49 - INFO - utils.trainer -   Accuracy: 0.26752
04/17/2026 00:00:49 - INFO - utils.trainer -   Precision: 0.06774
04/17/2026 00:00:49 - INFO - utils.trainer -   Recall: 0.23864
04/17/2026 00:00:49 - INFO - utils.trainer -   F_score: 0.10553
04/17/2026 00:00:49 - INFO - utils.trainer -   Loss: 2.57972
04/17/2026 00:00:49 - INFO - utils.trainer -   Epoch: 162, Train loss: 2.62994, Test loss: 2.57972,Epoch time = 11.714s
04/17/2026 00:00:59 - INFO - utils.trainer -   ***** Running evaluation on test1 dataset *****
04/17/2026 00:01:01 - INFO - utils.trainer -   AUC: 0.47860
04/17/2026 00:01:01 - INFO - utils.trainer -   Accuracy: 0.28025
04/17/2026 00:01:01 - INFO - utils.trainer -   Precision: 0.07006
04/17/2026 00:01:01 - INFO - utils.trainer -   Recall: 0.25000
04/17/2026 00:01:01 - INFO - utils.trainer -   F_score: 0.10945
04/17/2026 00:01:01 - INFO - utils.trainer -   Loss: 2.58172
04/17/2026 00:01:01 - INFO - utils.trainer -   Epoch: 163, Train loss: 2.62071, Test loss: 2.58172,Epoch time = 10.514s
04/17/2026 00:01:14 - INFO - utils.trainer -   ***** Running evaluation on test1 dataset *****
04/17/2026 00:01:16 - INFO - utils.trainer -   AUC: 0.49197
04/17/2026 00:01:16 - INFO - utils.trainer -   Accuracy: 0.28025
04/17/2026 00:01:16 - INFO - utils.trainer -   Precision: 0.07051
04/17/2026 00:01:16 - INFO - utils.trainer -   Recall: 0.25000
04/17/2026 00:01:16 - INFO - utils.trainer -   F_score: 0.11000
04/17/2026 00:01:16 - INFO - utils.trainer -   Loss: 2.60198
04/17/2026 00:01:16 - INFO - utils.trainer -   Epoch: 164, Train loss: 2.60186, Test loss: 2.60198,Epoch time = 12.358s
04/17/2026 00:01:28 - INFO - utils.trainer -   ***** Running evaluation on test1 dataset *****
04/17/2026 00:01:30 - INFO - utils.trainer -   AUC: 0.50065
04/17/2026 00:01:30 - INFO - utils.trainer -   Accuracy: 0.26752
04/17/2026 00:01:30 - INFO - utils.trainer -   Precision: 0.06818
04/17/2026 00:01:30 - INFO - utils.trainer -   Recall: 0.23864
04/17/2026 00:01:30 - INFO - utils.trainer -   F_score: 0.10606
04/17/2026 00:01:30 - INFO - utils.trainer -   Loss: 2.58597
04/17/2026 00:01:30 - INFO - utils.trainer -   Epoch: 165, Train loss: 2.61268, Test loss: 2.58597,Epoch time = 12.236s
04/17/2026 00:01:42 - INFO - utils.trainer -   ***** Running evaluation on test1 dataset *****
04/17/2026 00:01:44 - INFO - utils.trainer -   AUC: 0.52553
04/17/2026 00:01:44 - INFO - utils.trainer -   Accuracy: 0.29936
04/17/2026 00:01:44 - INFO - utils.trainer -   Precision: 0.32143
04/17/2026 00:01:44 - INFO - utils.trainer -   Recall: 0.26923
04/17/2026 00:01:44 - INFO - utils.trainer -   F_score: 0.14683
04/17/2026 00:01:44 - INFO - utils.trainer -   Loss: 2.58464
04/17/2026 00:01:44 - INFO - utils.trainer -   Epoch: 166, Train loss: 2.62861, Test loss: 2.58464,Epoch time = 11.925s
04/17/2026 00:01:56 - INFO - utils.trainer -   ***** Running evaluation on test1 dataset *****
04/17/2026 00:01:58 - INFO - utils.trainer -   AUC: 0.49987
04/17/2026 00:01:58 - INFO - utils.trainer -   Accuracy: 0.28025
04/17/2026 00:01:58 - INFO - utils.trainer -   Precision: 0.07006
04/17/2026 00:01:58 - INFO - utils.trainer -   Recall: 0.25000
04/17/2026 00:01:58 - INFO - utils.trainer -   F_score: 0.10945
04/17/2026 00:01:58 - INFO - utils.trainer -   Loss: 2.57696
04/17/2026 00:01:58 - INFO - utils.trainer -   Epoch: 167, Train loss: 2.60921, Test loss: 2.57696,Epoch time = 11.547s
04/17/2026 00:02:10 - INFO - utils.trainer -   ***** Running evaluation on test1 dataset *****
04/17/2026 00:02:12 - INFO - utils.trainer -   AUC: 0.49463
04/17/2026 00:02:12 - INFO - utils.trainer -   Accuracy: 0.27389
04/17/2026 00:02:12 - INFO - utils.trainer -   Precision: 0.06891
04/17/2026 00:02:12 - INFO - utils.trainer -   Recall: 0.24432
04/17/2026 00:02:12 - INFO - utils.trainer -   F_score: 0.10750
04/17/2026 00:02:12 - INFO - utils.trainer -   Loss: 2.55106
04/17/2026 00:02:12 - INFO - utils.trainer -   Epoch: 168, Train loss: 2.61319, Test loss: 2.55106,Epoch time = 11.933s
04/17/2026 00:02:24 - INFO - utils.trainer -   ***** Running evaluation on test1 dataset *****
04/17/2026 00:02:26 - INFO - utils.trainer -   AUC: 0.44206
04/17/2026 00:02:26 - INFO - utils.trainer -   Accuracy: 0.28662
04/17/2026 00:02:26 - INFO - utils.trainer -   Precision: 0.32051
04/17/2026 00:02:26 - INFO - utils.trainer -   Recall: 0.25641
04/17/2026 00:02:26 - INFO - utils.trainer -   F_score: 0.12250
04/17/2026 00:02:26 - INFO - utils.trainer -   Loss: 2.57205
04/17/2026 00:02:26 - INFO - utils.trainer -   Epoch: 169, Train loss: 2.58736, Test loss: 2.57205,Epoch time = 11.942s
04/17/2026 00:02:38 - INFO - utils.trainer -   ***** Running evaluation on test1 dataset *****
04/17/2026 00:02:40 - INFO - utils.trainer -   AUC: 0.48440
04/17/2026 00:02:40 - INFO - utils.trainer -   Accuracy: 0.28025
04/17/2026 00:02:40 - INFO - utils.trainer -   Precision: 0.07006
04/17/2026 00:02:40 - INFO - utils.trainer -   Recall: 0.25000
04/17/2026 00:02:40 - INFO - utils.trainer -   F_score: 0.10945
04/17/2026 00:02:40 - INFO - utils.trainer -   Loss: 2.56245
04/17/2026 00:02:40 - INFO - utils.trainer -   Epoch: 170, Train loss: 2.60526, Test loss: 2.56245,Epoch time = 11.998s
04/17/2026 00:02:51 - INFO - utils.trainer -   ***** Running evaluation on test1 dataset *****
04/17/2026 00:02:53 - INFO - utils.trainer -   AUC: 0.49841
04/17/2026 00:02:53 - INFO - utils.trainer -   Accuracy: 0.28025
04/17/2026 00:02:53 - INFO - utils.trainer -   Precision: 0.07143
04/17/2026 00:02:53 - INFO - utils.trainer -   Recall: 0.25000
04/17/2026 00:02:53 - INFO - utils.trainer -   F_score: 0.11111
04/17/2026 00:02:53 - INFO - utils.trainer -   Loss: 2.54372
04/17/2026 00:02:53 - INFO - utils.trainer -   Epoch: 171, Train loss: 2.59025, Test loss: 2.54372,Epoch time = 11.312s
04/17/2026 00:03:05 - INFO - utils.trainer -   ***** Running evaluation on test1 dataset *****
04/17/2026 00:03:07 - INFO - utils.trainer -   AUC: 0.50833
04/17/2026 00:03:07 - INFO - utils.trainer -   Accuracy: 0.28025
04/17/2026 00:03:07 - INFO - utils.trainer -   Precision: 0.07051
04/17/2026 00:03:07 - INFO - utils.trainer -   Recall: 0.25000
04/17/2026 00:03:07 - INFO - utils.trainer -   F_score: 0.11000
04/17/2026 00:03:07 - INFO - utils.trainer -   Loss: 2.56086
04/17/2026 00:03:07 - INFO - utils.trainer -   Epoch: 172, Train loss: 2.60233, Test loss: 2.56086,Epoch time = 11.948s
04/17/2026 00:03:19 - INFO - utils.trainer -   ***** Running evaluation on test1 dataset *****
04/17/2026 00:03:21 - INFO - utils.trainer -   AUC: 0.46465
04/17/2026 00:03:21 - INFO - utils.trainer -   Accuracy: 0.28025
04/17/2026 00:03:21 - INFO - utils.trainer -   Precision: 0.07051
04/17/2026 00:03:21 - INFO - utils.trainer -   Recall: 0.25000
04/17/2026 00:03:21 - INFO - utils.trainer -   F_score: 0.11000
04/17/2026 00:03:21 - INFO - utils.trainer -   Loss: 2.55890
04/17/2026 00:03:21 - INFO - utils.trainer -   Epoch: 173, Train loss: 2.59361, Test loss: 2.55890,Epoch time = 11.278s
04/17/2026 00:03:32 - INFO - utils.trainer -   ***** Running evaluation on test1 dataset *****
04/17/2026 00:03:34 - INFO - utils.trainer -   AUC: 0.54361
04/17/2026 00:03:34 - INFO - utils.trainer -   Accuracy: 0.27389
04/17/2026 00:03:34 - INFO - utils.trainer -   Precision: 0.06935
04/17/2026 00:03:34 - INFO - utils.trainer -   Recall: 0.24432
04/17/2026 00:03:34 - INFO - utils.trainer -   F_score: 0.10804
04/17/2026 00:03:34 - INFO - utils.trainer -   Loss: 2.51725
04/17/2026 00:03:34 - INFO - utils.trainer -   Epoch: 174, Train loss: 2.56321, Test loss: 2.51725,Epoch time = 11.105s
04/17/2026 00:03:46 - INFO - utils.trainer -   ***** Running evaluation on test1 dataset *****
04/17/2026 00:03:48 - INFO - utils.trainer -   AUC: 0.46957
04/17/2026 00:03:48 - INFO - utils.trainer -   Accuracy: 0.28662
04/17/2026 00:03:48 - INFO - utils.trainer -   Precision: 0.15453
04/17/2026 00:03:48 - INFO - utils.trainer -   Recall: 0.25714
04/17/2026 00:03:48 - INFO - utils.trainer -   F_score: 0.13248
04/17/2026 00:03:48 - INFO - utils.trainer -   Loss: 2.52825
04/17/2026 00:03:48 - INFO - utils.trainer -   Epoch: 175, Train loss: 2.58579, Test loss: 2.52825,Epoch time = 11.866s
04/17/2026 00:04:01 - INFO - utils.trainer -   ***** Running evaluation on test1 dataset *****
04/17/2026 00:04:03 - INFO - utils.trainer -   AUC: 0.48062
04/17/2026 00:04:03 - INFO - utils.trainer -   Accuracy: 0.28025
04/17/2026 00:04:03 - INFO - utils.trainer -   Precision: 0.19435
04/17/2026 00:04:03 - INFO - utils.trainer -   Recall: 0.25073
04/17/2026 00:04:03 - INFO - utils.trainer -   F_score: 0.12024
04/17/2026 00:04:03 - INFO - utils.trainer -   Loss: 2.53879
04/17/2026 00:04:03 - INFO - utils.trainer -   Epoch: 176, Train loss: 2.58909, Test loss: 2.53879,Epoch time = 12.328s
04/17/2026 00:04:15 - INFO - utils.trainer -   ***** Running evaluation on test1 dataset *****
04/17/2026 00:04:17 - INFO - utils.trainer -   AUC: 0.46483
04/17/2026 00:04:17 - INFO - utils.trainer -   Accuracy: 0.27389
04/17/2026 00:04:17 - INFO - utils.trainer -   Precision: 0.06891
04/17/2026 00:04:17 - INFO - utils.trainer -   Recall: 0.24432
04/17/2026 00:04:17 - INFO - utils.trainer -   F_score: 0.10750
04/17/2026 00:04:17 - INFO - utils.trainer -   Loss: 2.52920
04/17/2026 00:04:17 - INFO - utils.trainer -   Epoch: 177, Train loss: 2.57936, Test loss: 2.52920,Epoch time = 12.167s
04/17/2026 00:04:29 - INFO - utils.trainer -   ***** Running evaluation on test1 dataset *****
04/17/2026 00:04:31 - INFO - utils.trainer -   AUC: 0.45928
04/17/2026 00:04:31 - INFO - utils.trainer -   Accuracy: 0.27389
04/17/2026 00:04:31 - INFO - utils.trainer -   Precision: 0.06981
04/17/2026 00:04:31 - INFO - utils.trainer -   Recall: 0.24432
04/17/2026 00:04:31 - INFO - utils.trainer -   F_score: 0.10859
04/17/2026 00:04:31 - INFO - utils.trainer -   Loss: 2.53856
04/17/2026 00:04:31 - INFO - utils.trainer -   Epoch: 178, Train loss: 2.58948, Test loss: 2.53856,Epoch time = 11.791s
04/17/2026 00:04:43 - INFO - utils.trainer -   ***** Running evaluation on test1 dataset *****
04/17/2026 00:04:45 - INFO - utils.trainer -   AUC: 0.48987
04/17/2026 00:04:45 - INFO - utils.trainer -   Accuracy: 0.29299
04/17/2026 00:04:45 - INFO - utils.trainer -   Precision: 0.32097
04/17/2026 00:04:45 - INFO - utils.trainer -   Recall: 0.26282
04/17/2026 00:04:45 - INFO - utils.trainer -   F_score: 0.13494
04/17/2026 00:04:45 - INFO - utils.trainer -   Loss: 2.53866
04/17/2026 00:04:45 - INFO - utils.trainer -   Epoch: 179, Train loss: 2.58197, Test loss: 2.53866,Epoch time = 12.409s
04/17/2026 00:04:58 - INFO - utils.trainer -   ***** Running evaluation on test1 dataset *****
04/17/2026 00:05:00 - INFO - utils.trainer -   AUC: 0.56664
04/17/2026 00:05:00 - INFO - utils.trainer -   Accuracy: 0.28025
04/17/2026 00:05:00 - INFO - utils.trainer -   Precision: 0.15314
04/17/2026 00:05:00 - INFO - utils.trainer -   Recall: 0.25073
04/17/2026 00:05:00 - INFO - utils.trainer -   F_score: 0.12049
04/17/2026 00:05:00 - INFO - utils.trainer -   Loss: 2.53528
04/17/2026 00:05:00 - INFO - utils.trainer -   Epoch: 180, Train loss: 2.58681, Test loss: 2.53528,Epoch time = 12.626s
04/17/2026 00:05:12 - INFO - utils.trainer -   ***** Running evaluation on test1 dataset *****
04/17/2026 00:05:15 - INFO - utils.trainer -   AUC: 0.44712
04/17/2026 00:05:15 - INFO - utils.trainer -   Accuracy: 0.28662
04/17/2026 00:05:15 - INFO - utils.trainer -   Precision: 0.19597
04/17/2026 00:05:15 - INFO - utils.trainer -   Recall: 0.25658
04/17/2026 00:05:15 - INFO - utils.trainer -   F_score: 0.12305
04/17/2026 00:05:15 - INFO - utils.trainer -   Loss: 2.56865
04/17/2026 00:05:15 - INFO - utils.trainer -   Epoch: 181, Train loss: 2.57681, Test loss: 2.56865,Epoch time = 12.357s
04/17/2026 00:05:26 - INFO - utils.trainer -   ***** Running evaluation on test1 dataset *****
04/17/2026 00:05:29 - INFO - utils.trainer -   AUC: 0.52875
04/17/2026 00:05:29 - INFO - utils.trainer -   Accuracy: 0.29299
04/17/2026 00:05:29 - INFO - utils.trainer -   Precision: 0.19619
04/17/2026 00:05:29 - INFO - utils.trainer -   Recall: 0.26355
04/17/2026 00:05:29 - INFO - utils.trainer -   F_score: 0.14359
04/17/2026 00:05:29 - INFO - utils.trainer -   Loss: 2.54146
04/17/2026 00:05:29 - INFO - utils.trainer -   Epoch: 182, Train loss: 2.59575, Test loss: 2.54146,Epoch time = 11.803s
04/17/2026 00:05:40 - INFO - utils.trainer -   ***** Running evaluation on test1 dataset *****
04/17/2026 00:05:43 - INFO - utils.trainer -   AUC: 0.54728
04/17/2026 00:05:43 - INFO - utils.trainer -   Accuracy: 0.28025
04/17/2026 00:05:43 - INFO - utils.trainer -   Precision: 0.07097
04/17/2026 00:05:43 - INFO - utils.trainer -   Recall: 0.25000
04/17/2026 00:05:43 - INFO - utils.trainer -   F_score: 0.11055
04/17/2026 00:05:43 - INFO - utils.trainer -   Loss: 2.52674
04/17/2026 00:05:43 - INFO - utils.trainer -   Epoch: 183, Train loss: 2.57131, Test loss: 2.52674,Epoch time = 11.690s
04/17/2026 00:05:55 - INFO - utils.trainer -   ***** Running evaluation on test1 dataset *****
04/17/2026 00:05:57 - INFO - utils.trainer -   AUC: 0.52028
04/17/2026 00:05:57 - INFO - utils.trainer -   Accuracy: 0.26752
04/17/2026 00:05:57 - INFO - utils.trainer -   Precision: 0.06818
04/17/2026 00:05:57 - INFO - utils.trainer -   Recall: 0.23864
04/17/2026 00:05:57 - INFO - utils.trainer -   F_score: 0.10606
04/17/2026 00:05:57 - INFO - utils.trainer -   Loss: 2.51679
04/17/2026 00:05:57 - INFO - utils.trainer -   Epoch: 184, Train loss: 2.56359, Test loss: 2.51679,Epoch time = 12.314s
04/17/2026 00:06:10 - INFO - utils.trainer -   ***** Running evaluation on test1 dataset *****
04/17/2026 00:06:12 - INFO - utils.trainer -   AUC: 0.50520
04/17/2026 00:06:12 - INFO - utils.trainer -   Accuracy: 0.28662
04/17/2026 00:06:12 - INFO - utils.trainer -   Precision: 0.19597
04/17/2026 00:06:12 - INFO - utils.trainer -   Recall: 0.25641
04/17/2026 00:06:12 - INFO - utils.trainer -   F_score: 0.12275
04/17/2026 00:06:12 - INFO - utils.trainer -   Loss: 2.52956
04/17/2026 00:06:12 - INFO - utils.trainer -   Epoch: 185, Train loss: 2.57516, Test loss: 2.52956,Epoch time = 12.515s
04/17/2026 00:06:24 - INFO - utils.trainer -   ***** Running evaluation on test1 dataset *****
04/17/2026 00:06:26 - INFO - utils.trainer -   AUC: 0.59695
04/17/2026 00:06:26 - INFO - utils.trainer -   Accuracy: 0.28025
04/17/2026 00:06:26 - INFO - utils.trainer -   Precision: 0.07051
04/17/2026 00:06:26 - INFO - utils.trainer -   Recall: 0.25000
04/17/2026 00:06:26 - INFO - utils.trainer -   F_score: 0.11000
04/17/2026 00:06:26 - INFO - utils.trainer -   Loss: 2.52124
04/17/2026 00:06:26 - INFO - utils.trainer -   Epoch: 186, Train loss: 2.57963, Test loss: 2.52124,Epoch time = 12.149s
04/17/2026 00:06:37 - INFO - utils.trainer -   ***** Running evaluation on test1 dataset *****
04/17/2026 00:06:40 - INFO - utils.trainer -   AUC: 0.49718
04/17/2026 00:06:40 - INFO - utils.trainer -   Accuracy: 0.27389
04/17/2026 00:06:40 - INFO - utils.trainer -   Precision: 0.06935
04/17/2026 00:06:40 - INFO - utils.trainer -   Recall: 0.24432
04/17/2026 00:06:40 - INFO - utils.trainer -   F_score: 0.10804
04/17/2026 00:06:40 - INFO - utils.trainer -   Loss: 2.52631
04/17/2026 00:06:40 - INFO - utils.trainer -   Epoch: 187, Train loss: 2.55441, Test loss: 2.52631,Epoch time = 11.418s
04/17/2026 00:06:52 - INFO - utils.trainer -   ***** Running evaluation on test1 dataset *****
04/17/2026 00:06:54 - INFO - utils.trainer -   AUC: 0.50752
04/17/2026 00:06:54 - INFO - utils.trainer -   Accuracy: 0.28025
04/17/2026 00:06:54 - INFO - utils.trainer -   Precision: 0.07006
04/17/2026 00:06:54 - INFO - utils.trainer -   Recall: 0.25000
04/17/2026 00:06:54 - INFO - utils.trainer -   F_score: 0.10945
04/17/2026 00:06:54 - INFO - utils.trainer -   Loss: 2.51678
04/17/2026 00:06:54 - INFO - utils.trainer -   Epoch: 188, Train loss: 2.56555, Test loss: 2.51678,Epoch time = 12.129s
04/17/2026 00:07:07 - INFO - utils.trainer -   ***** Running evaluation on test1 dataset *****
04/17/2026 00:07:09 - INFO - utils.trainer -   AUC: 0.45673
04/17/2026 00:07:09 - INFO - utils.trainer -   Accuracy: 0.28025
04/17/2026 00:07:09 - INFO - utils.trainer -   Precision: 0.07051
04/17/2026 00:07:09 - INFO - utils.trainer -   Recall: 0.25000
04/17/2026 00:07:09 - INFO - utils.trainer -   F_score: 0.11000
04/17/2026 00:07:09 - INFO - utils.trainer -   Loss: 2.52574
04/17/2026 00:07:09 - INFO - utils.trainer -   Epoch: 189, Train loss: 2.56601, Test loss: 2.52574,Epoch time = 12.744s
04/17/2026 00:07:21 - INFO - utils.trainer -   ***** Running evaluation on test1 dataset *****
04/17/2026 00:07:23 - INFO - utils.trainer -   AUC: 0.49864
04/17/2026 00:07:23 - INFO - utils.trainer -   Accuracy: 0.27389
04/17/2026 00:07:23 - INFO - utils.trainer -   Precision: 0.06935
04/17/2026 00:07:23 - INFO - utils.trainer -   Recall: 0.24432
04/17/2026 00:07:23 - INFO - utils.trainer -   F_score: 0.10804
04/17/2026 00:07:23 - INFO - utils.trainer -   Loss: 2.51789
04/17/2026 00:07:23 - INFO - utils.trainer -   Epoch: 190, Train loss: 2.55504, Test loss: 2.51789,Epoch time = 12.415s
04/17/2026 00:07:35 - INFO - utils.trainer -   ***** Running evaluation on test1 dataset *****
04/17/2026 00:07:37 - INFO - utils.trainer -   AUC: 0.50983
04/17/2026 00:07:37 - INFO - utils.trainer -   Accuracy: 0.27389
04/17/2026 00:07:37 - INFO - utils.trainer -   Precision: 0.06935
04/17/2026 00:07:37 - INFO - utils.trainer -   Recall: 0.24432
04/17/2026 00:07:37 - INFO - utils.trainer -   F_score: 0.10804
04/17/2026 00:07:37 - INFO - utils.trainer -   Loss: 2.52253
04/17/2026 00:07:37 - INFO - utils.trainer -   Epoch: 191, Train loss: 2.57248, Test loss: 2.52253,Epoch time = 11.988s
04/17/2026 00:07:50 - INFO - utils.trainer -   ***** Running evaluation on test1 dataset *****
04/17/2026 00:07:52 - INFO - utils.trainer -   AUC: 0.47437
04/17/2026 00:07:52 - INFO - utils.trainer -   Accuracy: 0.28025
04/17/2026 00:07:52 - INFO - utils.trainer -   Precision: 0.07051
04/17/2026 00:07:52 - INFO - utils.trainer -   Recall: 0.25000
04/17/2026 00:07:52 - INFO - utils.trainer -   F_score: 0.11000
04/17/2026 00:07:52 - INFO - utils.trainer -   Loss: 2.51022
04/17/2026 00:07:52 - INFO - utils.trainer -   Epoch: 192, Train loss: 2.57507, Test loss: 2.51022,Epoch time = 12.255s
04/17/2026 00:08:05 - INFO - utils.trainer -   ***** Running evaluation on test1 dataset *****
04/17/2026 00:08:07 - INFO - utils.trainer -   AUC: 0.53701
04/17/2026 00:08:07 - INFO - utils.trainer -   Accuracy: 0.28025
04/17/2026 00:08:07 - INFO - utils.trainer -   Precision: 0.07006
04/17/2026 00:08:07 - INFO - utils.trainer -   Recall: 0.25000
04/17/2026 00:08:07 - INFO - utils.trainer -   F_score: 0.10945
04/17/2026 00:08:07 - INFO - utils.trainer -   Loss: 2.51750
04/17/2026 00:08:07 - INFO - utils.trainer -   Epoch: 193, Train loss: 2.56555, Test loss: 2.51750,Epoch time = 12.692s
04/17/2026 00:08:19 - INFO - utils.trainer -   ***** Running evaluation on test1 dataset *****
04/17/2026 00:08:22 - INFO - utils.trainer -   AUC: 0.47793
04/17/2026 00:08:22 - INFO - utils.trainer -   Accuracy: 0.28662
04/17/2026 00:08:22 - INFO - utils.trainer -   Precision: 0.32051
04/17/2026 00:08:22 - INFO - utils.trainer -   Recall: 0.25641
04/17/2026 00:08:22 - INFO - utils.trainer -   F_score: 0.12250
04/17/2026 00:08:22 - INFO - utils.trainer -   Loss: 2.55111
04/17/2026 00:08:22 - INFO - utils.trainer -   Epoch: 194, Train loss: 2.58498, Test loss: 2.55111,Epoch time = 12.587s
04/17/2026 00:08:33 - INFO - utils.trainer -   ***** Running evaluation on test1 dataset *****
04/17/2026 00:08:35 - INFO - utils.trainer -   AUC: 0.49305
04/17/2026 00:08:35 - INFO - utils.trainer -   Accuracy: 0.27389
04/17/2026 00:08:35 - INFO - utils.trainer -   Precision: 0.11908
04/17/2026 00:08:35 - INFO - utils.trainer -   Recall: 0.24505
04/17/2026 00:08:35 - INFO - utils.trainer -   F_score: 0.11851
04/17/2026 00:08:35 - INFO - utils.trainer -   Loss: 2.51150
04/17/2026 00:08:35 - INFO - utils.trainer -   Epoch: 195, Train loss: 2.56868, Test loss: 2.51150,Epoch time = 11.710s
04/17/2026 00:08:48 - INFO - utils.trainer -   ***** Running evaluation on test1 dataset *****
04/17/2026 00:08:50 - INFO - utils.trainer -   AUC: 0.49650
04/17/2026 00:08:50 - INFO - utils.trainer -   Accuracy: 0.28662
04/17/2026 00:08:50 - INFO - utils.trainer -   Precision: 0.32190
04/17/2026 00:08:50 - INFO - utils.trainer -   Recall: 0.25658
04/17/2026 00:08:50 - INFO - utils.trainer -   F_score: 0.12450
04/17/2026 00:08:50 - INFO - utils.trainer -   Loss: 2.53084
04/17/2026 00:08:50 - INFO - utils.trainer -   Epoch: 196, Train loss: 2.56431, Test loss: 2.53084,Epoch time = 12.549s
04/17/2026 00:09:03 - INFO - utils.trainer -   ***** Running evaluation on test1 dataset *****
04/17/2026 00:09:05 - INFO - utils.trainer -   AUC: 0.49698
04/17/2026 00:09:05 - INFO - utils.trainer -   Accuracy: 0.28662
04/17/2026 00:09:05 - INFO - utils.trainer -   Precision: 0.19643
04/17/2026 00:09:05 - INFO - utils.trainer -   Recall: 0.25641
04/17/2026 00:09:05 - INFO - utils.trainer -   F_score: 0.12331
04/17/2026 00:09:05 - INFO - utils.trainer -   Loss: 2.51127
04/17/2026 00:09:05 - INFO - utils.trainer -   Epoch: 197, Train loss: 2.56499, Test loss: 2.51127,Epoch time = 12.879s
04/17/2026 00:09:17 - INFO - utils.trainer -   ***** Running evaluation on test1 dataset *****
04/17/2026 00:09:19 - INFO - utils.trainer -   AUC: 0.50705
04/17/2026 00:09:19 - INFO - utils.trainer -   Accuracy: 0.28025
04/17/2026 00:09:19 - INFO - utils.trainer -   Precision: 0.07051
04/17/2026 00:09:19 - INFO - utils.trainer -   Recall: 0.25000
04/17/2026 00:09:19 - INFO - utils.trainer -   F_score: 0.11000
04/17/2026 00:09:19 - INFO - utils.trainer -   Loss: 2.52151
04/17/2026 00:09:19 - INFO - utils.trainer -   Epoch: 198, Train loss: 2.55233, Test loss: 2.52151,Epoch time = 11.739s
04/17/2026 00:09:31 - INFO - utils.trainer -   ***** Running evaluation on test1 dataset *****
04/17/2026 00:09:33 - INFO - utils.trainer -   AUC: 0.46088
04/17/2026 00:09:33 - INFO - utils.trainer -   Accuracy: 0.28025
04/17/2026 00:09:33 - INFO - utils.trainer -   Precision: 0.07006
04/17/2026 00:09:33 - INFO - utils.trainer -   Recall: 0.25000
04/17/2026 00:09:33 - INFO - utils.trainer -   F_score: 0.10945
04/17/2026 00:09:33 - INFO - utils.trainer -   Loss: 2.51890
04/17/2026 00:09:33 - INFO - utils.trainer -   Epoch: 199, Train loss: 2.58660, Test loss: 2.51890,Epoch time = 12.085s
04/17/2026 00:09:46 - INFO - utils.trainer -   ***** Running evaluation on test1 dataset *****
04/17/2026 00:09:48 - INFO - utils.trainer -   AUC: 0.54386
04/17/2026 00:09:48 - INFO - utils.trainer -   Accuracy: 0.28662
04/17/2026 00:09:48 - INFO - utils.trainer -   Precision: 0.32051
04/17/2026 00:09:48 - INFO - utils.trainer -   Recall: 0.25641
04/17/2026 00:09:48 - INFO - utils.trainer -   F_score: 0.12250
04/17/2026 00:09:48 - INFO - utils.trainer -   Loss: 2.54437
04/17/2026 00:09:48 - INFO - utils.trainer -   Epoch: 200, Train loss: 2.56398, Test loss: 2.54437,Epoch time = 12.843s
04/17/2026 00:09:54 - INFO - __main__ -   ########## Repeat:2 ##########
04/17/2026 00:09:54 - INFO - utils.trainer -   ***** Running training *****
04/17/2026 00:09:54 - INFO - utils.trainer -     Num examples = 19
04/17/2026 00:09:54 - INFO - utils.trainer -     Num Epochs = 200
04/17/2026 00:09:54 - INFO - utils.trainer -     Total train batch size = 16
04/17/2026 00:09:54 - INFO - utils.trainer -     warmup steps = 400
04/17/2026 00:09:54 - INFO - utils.trainer -     Total optimization steps = 3800
04/17/2026 00:09:54 - INFO - utils.trainer -     Save steps = 200
04/17/2026 00:09:54 - INFO - root -   Parameters [normal] length [50]
04/17/2026 00:10:01 - INFO - utils.trainer -   ***** Running evaluation on test2 dataset *****
04/17/2026 00:10:03 - INFO - utils.trainer -   AUC: 0.51635
04/17/2026 00:10:03 - INFO - utils.trainer -   Accuracy: 0.29487
04/17/2026 00:10:03 - INFO - utils.trainer -   Precision: 0.17227
04/17/2026 00:10:03 - INFO - utils.trainer -   Recall: 0.27641
04/17/2026 00:10:03 - INFO - utils.trainer -   F_score: 0.20173
04/17/2026 00:10:03 - INFO - utils.trainer -   Loss: 251.18427
04/17/2026 00:10:03 - INFO - utils.trainer -   Epoch: 1, Train loss: 2837.76895, Test loss: 251.18427,Epoch time = 7.303s
04/17/2026 00:10:14 - INFO - utils.trainer -   ***** Running evaluation on test2 dataset *****
04/17/2026 00:10:16 - INFO - utils.trainer -   AUC: 0.50822
04/17/2026 00:10:16 - INFO - utils.trainer -   Accuracy: 0.25000
04/17/2026 00:10:16 - INFO - utils.trainer -   Precision: 0.24089
04/17/2026 00:10:16 - INFO - utils.trainer -   Recall: 0.24345
04/17/2026 00:10:16 - INFO - utils.trainer -   F_score: 0.23146
04/17/2026 00:10:16 - INFO - utils.trainer -   Loss: 183.82848
04/17/2026 00:10:16 - INFO - utils.trainer -   Epoch: 2, Train loss: 935.01279, Test loss: 183.82848,Epoch time = 10.937s
04/17/2026 00:10:27 - INFO - utils.trainer -   ***** Running evaluation on test2 dataset *****
04/17/2026 00:10:29 - INFO - utils.trainer -   AUC: 0.50877
04/17/2026 00:10:29 - INFO - utils.trainer -   Accuracy: 0.26923
04/17/2026 00:10:29 - INFO - utils.trainer -   Precision: 0.25563
04/17/2026 00:10:29 - INFO - utils.trainer -   Recall: 0.26444
04/17/2026 00:10:29 - INFO - utils.trainer -   F_score: 0.24972
04/17/2026 00:10:29 - INFO - utils.trainer -   Loss: 143.22358
04/17/2026 00:10:29 - INFO - utils.trainer -   Epoch: 3, Train loss: 450.45602, Test loss: 143.22358,Epoch time = 10.471s
04/17/2026 00:10:42 - INFO - utils.trainer -   ***** Running evaluation on test2 dataset *****
04/17/2026 00:10:44 - INFO - utils.trainer -   AUC: 0.41403
04/17/2026 00:10:44 - INFO - utils.trainer -   Accuracy: 0.16667
04/17/2026 00:10:44 - INFO - utils.trainer -   Precision: 0.16129
04/17/2026 00:10:44 - INFO - utils.trainer -   Recall: 0.16333
04/17/2026 00:10:44 - INFO - utils.trainer -   F_score: 0.16081
04/17/2026 00:10:44 - INFO - utils.trainer -   Loss: 199.32890
04/17/2026 00:10:44 - INFO - utils.trainer -   Epoch: 4, Train loss: 286.73059, Test loss: 199.32890,Epoch time = 12.883s
04/17/2026 00:10:56 - INFO - utils.trainer -   ***** Running evaluation on test2 dataset *****
04/17/2026 00:10:58 - INFO - utils.trainer -   AUC: 0.44419
04/17/2026 00:10:58 - INFO - utils.trainer -   Accuracy: 0.25641
04/17/2026 00:10:58 - INFO - utils.trainer -   Precision: 0.25884
04/17/2026 00:10:58 - INFO - utils.trainer -   Recall: 0.24699
04/17/2026 00:10:58 - INFO - utils.trainer -   F_score: 0.23222
04/17/2026 00:10:58 - INFO - utils.trainer -   Loss: 179.92433
04/17/2026 00:10:58 - INFO - utils.trainer -   Epoch: 5, Train loss: 208.45861, Test loss: 179.92433,Epoch time = 12.125s
04/17/2026 00:11:10 - INFO - utils.trainer -   ***** Running evaluation on test2 dataset *****
04/17/2026 00:11:12 - INFO - utils.trainer -   AUC: 0.43531
04/17/2026 00:11:12 - INFO - utils.trainer -   Accuracy: 0.22436
04/17/2026 00:11:12 - INFO - utils.trainer -   Precision: 0.25163
04/17/2026 00:11:12 - INFO - utils.trainer -   Recall: 0.22323
04/17/2026 00:11:12 - INFO - utils.trainer -   F_score: 0.20610
04/17/2026 00:11:12 - INFO - utils.trainer -   Loss: 129.53121
04/17/2026 00:11:12 - INFO - utils.trainer -   Epoch: 6, Train loss: 159.03482, Test loss: 129.53121,Epoch time = 11.988s
04/17/2026 00:11:24 - INFO - utils.trainer -   ***** Running evaluation on test2 dataset *****
04/17/2026 00:11:26 - INFO - utils.trainer -   AUC: 0.54523
04/17/2026 00:11:26 - INFO - utils.trainer -   Accuracy: 0.32692
04/17/2026 00:11:26 - INFO - utils.trainer -   Precision: 0.27757
04/17/2026 00:11:26 - INFO - utils.trainer -   Recall: 0.31432
04/17/2026 00:11:26 - INFO - utils.trainer -   F_score: 0.27678
04/17/2026 00:11:26 - INFO - utils.trainer -   Loss: 113.37250
04/17/2026 00:11:26 - INFO - utils.trainer -   Epoch: 7, Train loss: 123.75720, Test loss: 113.37250,Epoch time = 11.739s
04/17/2026 00:11:38 - INFO - utils.trainer -   ***** Running evaluation on test2 dataset *****
04/17/2026 00:11:41 - INFO - utils.trainer -   AUC: 0.50457
04/17/2026 00:11:41 - INFO - utils.trainer -   Accuracy: 0.25641
04/17/2026 00:11:41 - INFO - utils.trainer -   Precision: 0.24633
04/17/2026 00:11:41 - INFO - utils.trainer -   Recall: 0.25237
04/17/2026 00:11:41 - INFO - utils.trainer -   F_score: 0.23534
04/17/2026 00:11:41 - INFO - utils.trainer -   Loss: 92.22160
04/17/2026 00:11:41 - INFO - utils.trainer -   Epoch: 8, Train loss: 100.71760, Test loss: 92.22160,Epoch time = 12.603s
04/17/2026 00:11:53 - INFO - utils.trainer -   ***** Running evaluation on test2 dataset *****
04/17/2026 00:11:55 - INFO - utils.trainer -   AUC: 0.52489
04/17/2026 00:11:55 - INFO - utils.trainer -   Accuracy: 0.27564
04/17/2026 00:11:55 - INFO - utils.trainer -   Precision: 0.31122
04/17/2026 00:11:55 - INFO - utils.trainer -   Recall: 0.27102
04/17/2026 00:11:55 - INFO - utils.trainer -   F_score: 0.26892
04/17/2026 00:11:55 - INFO - utils.trainer -   Loss: 76.94986
04/17/2026 00:11:55 - INFO - utils.trainer -   Epoch: 9, Train loss: 82.92606, Test loss: 76.94986,Epoch time = 12.280s
04/17/2026 00:12:07 - INFO - utils.trainer -   ***** Running evaluation on test2 dataset *****
04/17/2026 00:12:09 - INFO - utils.trainer -   AUC: 0.52254
04/17/2026 00:12:09 - INFO - utils.trainer -   Accuracy: 0.25641
04/17/2026 00:12:09 - INFO - utils.trainer -   Precision: 0.20019
04/17/2026 00:12:09 - INFO - utils.trainer -   Recall: 0.23677
04/17/2026 00:12:09 - INFO - utils.trainer -   F_score: 0.18500
04/17/2026 00:12:09 - INFO - utils.trainer -   Loss: 66.23318
04/17/2026 00:12:09 - INFO - utils.trainer -   Epoch: 10, Train loss: 69.55589, Test loss: 66.23318,Epoch time = 11.977s
04/17/2026 00:12:20 - INFO - utils.trainer -   ***** Running evaluation on test2 dataset *****
04/17/2026 00:12:22 - INFO - utils.trainer -   AUC: 0.44164
04/17/2026 00:12:22 - INFO - utils.trainer -   Accuracy: 0.22436
04/17/2026 00:12:22 - INFO - utils.trainer -   Precision: 0.20854
04/17/2026 00:12:22 - INFO - utils.trainer -   Recall: 0.21249
04/17/2026 00:12:22 - INFO - utils.trainer -   F_score: 0.18690
04/17/2026 00:12:22 - INFO - utils.trainer -   Loss: 55.82680
04/17/2026 00:12:22 - INFO - utils.trainer -   Epoch: 11, Train loss: 59.78845, Test loss: 55.82680,Epoch time = 11.204s
04/17/2026 00:12:34 - INFO - utils.trainer -   ***** Running evaluation on test2 dataset *****
04/17/2026 00:12:36 - INFO - utils.trainer -   AUC: 0.49559
04/17/2026 00:12:36 - INFO - utils.trainer -   Accuracy: 0.18590
04/17/2026 00:12:36 - INFO - utils.trainer -   Precision: 0.17457
04/17/2026 00:12:36 - INFO - utils.trainer -   Recall: 0.18180
04/17/2026 00:12:36 - INFO - utils.trainer -   F_score: 0.16762
04/17/2026 00:12:36 - INFO - utils.trainer -   Loss: 48.36456
04/17/2026 00:12:36 - INFO - utils.trainer -   Epoch: 12, Train loss: 52.00364, Test loss: 48.36456,Epoch time = 11.715s
04/17/2026 00:12:49 - INFO - utils.trainer -   ***** Running evaluation on test2 dataset *****
04/17/2026 00:12:51 - INFO - utils.trainer -   AUC: 0.55660
04/17/2026 00:12:51 - INFO - utils.trainer -   Accuracy: 0.28846
04/17/2026 00:12:51 - INFO - utils.trainer -   Precision: 0.26259
04/17/2026 00:12:51 - INFO - utils.trainer -   Recall: 0.28327
04/17/2026 00:12:51 - INFO - utils.trainer -   F_score: 0.26010
04/17/2026 00:12:51 - INFO - utils.trainer -   Loss: 42.38555
04/17/2026 00:12:51 - INFO - utils.trainer -   Epoch: 13, Train loss: 44.80357, Test loss: 42.38555,Epoch time = 13.053s
04/17/2026 00:13:04 - INFO - utils.trainer -   ***** Running evaluation on test2 dataset *****
04/17/2026 00:13:06 - INFO - utils.trainer -   AUC: 0.54860
04/17/2026 00:13:06 - INFO - utils.trainer -   Accuracy: 0.28205
04/17/2026 00:13:06 - INFO - utils.trainer -   Precision: 0.28375
04/17/2026 00:13:06 - INFO - utils.trainer -   Recall: 0.27563
04/17/2026 00:13:06 - INFO - utils.trainer -   F_score: 0.27037
04/17/2026 00:13:06 - INFO - utils.trainer -   Loss: 38.45725
04/17/2026 00:13:06 - INFO - utils.trainer -   Epoch: 14, Train loss: 40.72683, Test loss: 38.45725,Epoch time = 12.391s
04/17/2026 00:13:18 - INFO - utils.trainer -   ***** Running evaluation on test2 dataset *****
04/17/2026 00:13:20 - INFO - utils.trainer -   AUC: 0.55546
04/17/2026 00:13:20 - INFO - utils.trainer -   Accuracy: 0.31410
04/17/2026 00:13:20 - INFO - utils.trainer -   Precision: 0.21320
04/17/2026 00:13:20 - INFO - utils.trainer -   Recall: 0.29668
04/17/2026 00:13:20 - INFO - utils.trainer -   F_score: 0.23754
04/17/2026 00:13:20 - INFO - utils.trainer -   Loss: 33.57136
04/17/2026 00:13:20 - INFO - utils.trainer -   Epoch: 15, Train loss: 35.89664, Test loss: 33.57136,Epoch time = 11.779s
04/17/2026 00:13:33 - INFO - utils.trainer -   ***** Running evaluation on test2 dataset *****
04/17/2026 00:13:35 - INFO - utils.trainer -   AUC: 0.54232
04/17/2026 00:13:35 - INFO - utils.trainer -   Accuracy: 0.30769
04/17/2026 00:13:35 - INFO - utils.trainer -   Precision: 0.29962
04/17/2026 00:13:35 - INFO - utils.trainer -   Recall: 0.30086
04/17/2026 00:13:35 - INFO - utils.trainer -   F_score: 0.28845
04/17/2026 00:13:35 - INFO - utils.trainer -   Loss: 30.27694
04/17/2026 00:13:35 - INFO - utils.trainer -   Epoch: 16, Train loss: 32.39801, Test loss: 30.27694,Epoch time = 12.767s
04/17/2026 00:13:48 - INFO - utils.trainer -   ***** Running evaluation on test2 dataset *****
04/17/2026 00:13:50 - INFO - utils.trainer -   AUC: 0.53171
04/17/2026 00:13:50 - INFO - utils.trainer -   Accuracy: 0.28205
04/17/2026 00:13:50 - INFO - utils.trainer -   Precision: 0.28211
04/17/2026 00:13:50 - INFO - utils.trainer -   Recall: 0.27186
04/17/2026 00:13:50 - INFO - utils.trainer -   F_score: 0.23816
04/17/2026 00:13:50 - INFO - utils.trainer -   Loss: 28.02409
04/17/2026 00:13:50 - INFO - utils.trainer -   Epoch: 17, Train loss: 29.71559, Test loss: 28.02409,Epoch time = 13.180s
04/17/2026 00:14:02 - INFO - utils.trainer -   ***** Running evaluation on test2 dataset *****
04/17/2026 00:14:04 - INFO - utils.trainer -   AUC: 0.51680
04/17/2026 00:14:04 - INFO - utils.trainer -   Accuracy: 0.23718
04/17/2026 00:14:04 - INFO - utils.trainer -   Precision: 0.17134
04/17/2026 00:14:04 - INFO - utils.trainer -   Recall: 0.22420
04/17/2026 00:14:04 - INFO - utils.trainer -   F_score: 0.17347
04/17/2026 00:14:04 - INFO - utils.trainer -   Loss: 26.15877
04/17/2026 00:14:04 - INFO - utils.trainer -   Epoch: 18, Train loss: 27.27111, Test loss: 26.15877,Epoch time = 11.504s
04/17/2026 00:14:15 - INFO - utils.trainer -   ***** Running evaluation on test2 dataset *****
04/17/2026 00:14:18 - INFO - utils.trainer -   AUC: 0.48699
04/17/2026 00:14:18 - INFO - utils.trainer -   Accuracy: 0.23077
04/17/2026 00:14:18 - INFO - utils.trainer -   Precision: 0.20136
04/17/2026 00:14:18 - INFO - utils.trainer -   Recall: 0.22157
04/17/2026 00:14:18 - INFO - utils.trainer -   F_score: 0.19147
04/17/2026 00:14:18 - INFO - utils.trainer -   Loss: 23.69910
04/17/2026 00:14:18 - INFO - utils.trainer -   Epoch: 19, Train loss: 25.04477, Test loss: 23.69910,Epoch time = 11.118s
04/17/2026 00:14:31 - INFO - utils.trainer -   ***** Running evaluation on test2 dataset *****
04/17/2026 00:14:32 - INFO - utils.trainer -   AUC: 0.46270
04/17/2026 00:14:32 - INFO - utils.trainer -   Accuracy: 0.22436
04/17/2026 00:14:32 - INFO - utils.trainer -   Precision: 0.20895
04/17/2026 00:14:32 - INFO - utils.trainer -   Recall: 0.21588
04/17/2026 00:14:32 - INFO - utils.trainer -   F_score: 0.17845
04/17/2026 00:14:32 - INFO - utils.trainer -   Loss: 22.13648
04/17/2026 00:14:32 - INFO - utils.trainer -   Epoch: 20, Train loss: 23.54040, Test loss: 22.13648,Epoch time = 13.072s
04/17/2026 00:14:45 - INFO - utils.trainer -   ***** Running evaluation on test2 dataset *****
04/17/2026 00:14:48 - INFO - utils.trainer -   AUC: 0.49997
04/17/2026 00:14:48 - INFO - utils.trainer -   Accuracy: 0.25000
04/17/2026 00:14:48 - INFO - utils.trainer -   Precision: 0.17196
04/17/2026 00:14:48 - INFO - utils.trainer -   Recall: 0.23431
04/17/2026 00:14:48 - INFO - utils.trainer -   F_score: 0.17532
04/17/2026 00:14:48 - INFO - utils.trainer -   Loss: 20.63795
04/17/2026 00:14:48 - INFO - utils.trainer -   Epoch: 21, Train loss: 21.89266, Test loss: 20.63795,Epoch time = 12.982s
04/17/2026 00:15:00 - INFO - utils.trainer -   ***** Running evaluation on test2 dataset *****
04/17/2026 00:15:02 - INFO - utils.trainer -   AUC: 0.50191
04/17/2026 00:15:02 - INFO - utils.trainer -   Accuracy: 0.30128
04/17/2026 00:15:02 - INFO - utils.trainer -   Precision: 0.21550
04/17/2026 00:15:02 - INFO - utils.trainer -   Recall: 0.28317
04/17/2026 00:15:02 - INFO - utils.trainer -   F_score: 0.22799
04/17/2026 00:15:02 - INFO - utils.trainer -   Loss: 19.46998
04/17/2026 00:15:02 - INFO - utils.trainer -   Epoch: 22, Train loss: 20.61073, Test loss: 19.46998,Epoch time = 11.782s
04/17/2026 00:15:14 - INFO - utils.trainer -   ***** Running evaluation on test2 dataset *****
04/17/2026 00:15:17 - INFO - utils.trainer -   AUC: 0.53570
04/17/2026 00:15:17 - INFO - utils.trainer -   Accuracy: 0.28846
04/17/2026 00:15:17 - INFO - utils.trainer -   Precision: 0.30210
04/17/2026 00:15:17 - INFO - utils.trainer -   Recall: 0.27468
04/17/2026 00:15:17 - INFO - utils.trainer -   F_score: 0.23803
04/17/2026 00:15:17 - INFO - utils.trainer -   Loss: 18.04750
04/17/2026 00:15:17 - INFO - utils.trainer -   Epoch: 23, Train loss: 19.30719, Test loss: 18.04750,Epoch time = 12.696s
04/17/2026 00:15:30 - INFO - utils.trainer -   ***** Running evaluation on test2 dataset *****
04/17/2026 00:15:32 - INFO - utils.trainer -   AUC: 0.52376
04/17/2026 00:15:32 - INFO - utils.trainer -   Accuracy: 0.25641
04/17/2026 00:15:32 - INFO - utils.trainer -   Precision: 0.24298
04/17/2026 00:15:32 - INFO - utils.trainer -   Recall: 0.23659
04/17/2026 00:15:32 - INFO - utils.trainer -   F_score: 0.17729
04/17/2026 00:15:32 - INFO - utils.trainer -   Loss: 17.31706
04/17/2026 00:15:32 - INFO - utils.trainer -   Epoch: 24, Train loss: 18.08539, Test loss: 17.31706,Epoch time = 12.969s
04/17/2026 00:15:43 - INFO - utils.trainer -   ***** Running evaluation on test2 dataset *****
04/17/2026 00:15:46 - INFO - utils.trainer -   AUC: 0.47080
04/17/2026 00:15:46 - INFO - utils.trainer -   Accuracy: 0.24359
04/17/2026 00:15:46 - INFO - utils.trainer -   Precision: 0.18902
04/17/2026 00:15:46 - INFO - utils.trainer -   Recall: 0.22756
04/17/2026 00:15:46 - INFO - utils.trainer -   F_score: 0.18197
04/17/2026 00:15:46 - INFO - utils.trainer -   Loss: 16.39127
04/17/2026 00:15:46 - INFO - utils.trainer -   Epoch: 25, Train loss: 17.32840, Test loss: 16.39127,Epoch time = 11.404s
04/17/2026 00:15:57 - INFO - utils.trainer -   ***** Running evaluation on test2 dataset *****
04/17/2026 00:15:59 - INFO - utils.trainer -   AUC: 0.52687
04/17/2026 00:15:59 - INFO - utils.trainer -   Accuracy: 0.34615
04/17/2026 00:15:59 - INFO - utils.trainer -   Precision: 0.29971
04/17/2026 00:15:59 - INFO - utils.trainer -   Recall: 0.32564
04/17/2026 00:15:59 - INFO - utils.trainer -   F_score: 0.27617
04/17/2026 00:15:59 - INFO - utils.trainer -   Loss: 15.66956
04/17/2026 00:15:59 - INFO - utils.trainer -   Epoch: 26, Train loss: 16.53288, Test loss: 15.66956,Epoch time = 11.119s
04/17/2026 00:16:10 - INFO - utils.trainer -   ***** Running evaluation on test2 dataset *****
04/17/2026 00:16:12 - INFO - utils.trainer -   AUC: 0.53574
04/17/2026 00:16:12 - INFO - utils.trainer -   Accuracy: 0.25641
04/17/2026 00:16:12 - INFO - utils.trainer -   Precision: 0.25109
04/17/2026 00:16:12 - INFO - utils.trainer -   Recall: 0.25451
04/17/2026 00:16:12 - INFO - utils.trainer -   F_score: 0.24574
04/17/2026 00:16:12 - INFO - utils.trainer -   Loss: 15.06960
04/17/2026 00:16:12 - INFO - utils.trainer -   Epoch: 27, Train loss: 15.66592, Test loss: 15.06960,Epoch time = 11.305s
04/17/2026 00:16:24 - INFO - utils.trainer -   ***** Running evaluation on test2 dataset *****
04/17/2026 00:16:26 - INFO - utils.trainer -   AUC: 0.54297
04/17/2026 00:16:26 - INFO - utils.trainer -   Accuracy: 0.31410
04/17/2026 00:16:26 - INFO - utils.trainer -   Precision: 0.22992
04/17/2026 00:16:26 - INFO - utils.trainer -   Recall: 0.28916
04/17/2026 00:16:26 - INFO - utils.trainer -   F_score: 0.21048
04/17/2026 00:16:26 - INFO - utils.trainer -   Loss: 14.08168
04/17/2026 00:16:26 - INFO - utils.trainer -   Epoch: 28, Train loss: 14.80600, Test loss: 14.08168,Epoch time = 11.621s
04/17/2026 00:16:39 - INFO - utils.trainer -   ***** Running evaluation on test2 dataset *****
04/17/2026 00:16:41 - INFO - utils.trainer -   AUC: 0.55361
04/17/2026 00:16:41 - INFO - utils.trainer -   Accuracy: 0.35897
04/17/2026 00:16:41 - INFO - utils.trainer -   Precision: 0.27258
04/17/2026 00:16:41 - INFO - utils.trainer -   Recall: 0.33968
04/17/2026 00:16:41 - INFO - utils.trainer -   F_score: 0.27989
04/17/2026 00:16:41 - INFO - utils.trainer -   Loss: 13.45621
04/17/2026 00:16:41 - INFO - utils.trainer -   Epoch: 29, Train loss: 14.28111, Test loss: 13.45621,Epoch time = 12.612s
04/17/2026 00:16:53 - INFO - utils.trainer -   ***** Running evaluation on test2 dataset *****
04/17/2026 00:16:55 - INFO - utils.trainer -   AUC: 0.52750
04/17/2026 00:16:55 - INFO - utils.trainer -   Accuracy: 0.28205
04/17/2026 00:16:55 - INFO - utils.trainer -   Precision: 0.31339
04/17/2026 00:16:55 - INFO - utils.trainer -   Recall: 0.26541
04/17/2026 00:16:55 - INFO - utils.trainer -   F_score: 0.23380
04/17/2026 00:16:55 - INFO - utils.trainer -   Loss: 12.78341
04/17/2026 00:16:55 - INFO - utils.trainer -   Epoch: 30, Train loss: 13.74412, Test loss: 12.78341,Epoch time = 11.658s
04/17/2026 00:17:07 - INFO - utils.trainer -   ***** Running evaluation on test2 dataset *****
04/17/2026 00:17:09 - INFO - utils.trainer -   AUC: 0.49133
04/17/2026 00:17:09 - INFO - utils.trainer -   Accuracy: 0.25000
04/17/2026 00:17:09 - INFO - utils.trainer -   Precision: 0.22471
04/17/2026 00:17:09 - INFO - utils.trainer -   Recall: 0.23198
04/17/2026 00:17:09 - INFO - utils.trainer -   F_score: 0.18011
04/17/2026 00:17:09 - INFO - utils.trainer -   Loss: 12.26310
04/17/2026 00:17:09 - INFO - utils.trainer -   Epoch: 31, Train loss: 13.07280, Test loss: 12.26310,Epoch time = 11.465s
04/17/2026 00:17:22 - INFO - utils.trainer -   ***** Running evaluation on test2 dataset *****
04/17/2026 00:17:24 - INFO - utils.trainer -   AUC: 0.45839
04/17/2026 00:17:24 - INFO - utils.trainer -   Accuracy: 0.26923
04/17/2026 00:17:24 - INFO - utils.trainer -   Precision: 0.15446
04/17/2026 00:17:24 - INFO - utils.trainer -   Recall: 0.24383
04/17/2026 00:17:24 - INFO - utils.trainer -   F_score: 0.16003
04/17/2026 00:17:24 - INFO - utils.trainer -   Loss: 11.90035
04/17/2026 00:17:24 - INFO - utils.trainer -   Epoch: 32, Train loss: 12.52892, Test loss: 11.90035,Epoch time = 12.919s
04/17/2026 00:17:37 - INFO - utils.trainer -   ***** Running evaluation on test2 dataset *****
04/17/2026 00:17:39 - INFO - utils.trainer -   AUC: 0.43498
04/17/2026 00:17:39 - INFO - utils.trainer -   Accuracy: 0.24359
04/17/2026 00:17:39 - INFO - utils.trainer -   Precision: 0.18730
04/17/2026 00:17:39 - INFO - utils.trainer -   Recall: 0.22003
04/17/2026 00:17:39 - INFO - utils.trainer -   F_score: 0.14180
04/17/2026 00:17:39 - INFO - utils.trainer -   Loss: 11.46339
04/17/2026 00:17:39 - INFO - utils.trainer -   Epoch: 33, Train loss: 12.10188, Test loss: 11.46339,Epoch time = 12.954s
04/17/2026 00:17:52 - INFO - utils.trainer -   ***** Running evaluation on test2 dataset *****
04/17/2026 00:17:55 - INFO - utils.trainer -   AUC: 0.47765
04/17/2026 00:17:55 - INFO - utils.trainer -   Accuracy: 0.24359
04/17/2026 00:17:55 - INFO - utils.trainer -   Precision: 0.18238
04/17/2026 00:17:55 - INFO - utils.trainer -   Recall: 0.22183
04/17/2026 00:17:55 - INFO - utils.trainer -   F_score: 0.15707
04/17/2026 00:17:55 - INFO - utils.trainer -   Loss: 11.05433
04/17/2026 00:17:55 - INFO - utils.trainer -   Epoch: 34, Train loss: 11.56784, Test loss: 11.05433,Epoch time = 12.951s
04/17/2026 00:18:06 - INFO - utils.trainer -   ***** Running evaluation on test2 dataset *****
04/17/2026 00:18:09 - INFO - utils.trainer -   AUC: 0.47708
04/17/2026 00:18:09 - INFO - utils.trainer -   Accuracy: 0.25000
04/17/2026 00:18:09 - INFO - utils.trainer -   Precision: 0.29957
04/17/2026 00:18:09 - INFO - utils.trainer -   Recall: 0.23628
04/17/2026 00:18:09 - INFO - utils.trainer -   F_score: 0.20497
04/17/2026 00:18:09 - INFO - utils.trainer -   Loss: 10.51473
04/17/2026 00:18:09 - INFO - utils.trainer -   Epoch: 35, Train loss: 11.36423, Test loss: 10.51473,Epoch time = 11.652s
04/17/2026 00:18:21 - INFO - utils.trainer -   ***** Running evaluation on test2 dataset *****
04/17/2026 00:18:23 - INFO - utils.trainer -   AUC: 0.55144
04/17/2026 00:18:23 - INFO - utils.trainer -   Accuracy: 0.28205
04/17/2026 00:18:23 - INFO - utils.trainer -   Precision: 0.21549
04/17/2026 00:18:23 - INFO - utils.trainer -   Recall: 0.26290
04/17/2026 00:18:23 - INFO - utils.trainer -   F_score: 0.19840
04/17/2026 00:18:23 - INFO - utils.trainer -   Loss: 10.28664
04/17/2026 00:18:23 - INFO - utils.trainer -   Epoch: 36, Train loss: 10.79878, Test loss: 10.28664,Epoch time = 12.009s
04/17/2026 00:18:34 - INFO - utils.trainer -   ***** Running evaluation on test2 dataset *****
04/17/2026 00:18:37 - INFO - utils.trainer -   AUC: 0.47472
04/17/2026 00:18:37 - INFO - utils.trainer -   Accuracy: 0.25000
04/17/2026 00:18:37 - INFO - utils.trainer -   Precision: 0.16875
04/17/2026 00:18:37 - INFO - utils.trainer -   Recall: 0.23019
04/17/2026 00:18:37 - INFO - utils.trainer -   F_score: 0.16410
04/17/2026 00:18:37 - INFO - utils.trainer -   Loss: 10.09870
04/17/2026 00:18:37 - INFO - utils.trainer -   Epoch: 37, Train loss: 10.50584, Test loss: 10.09870,Epoch time = 11.745s
04/17/2026 00:18:48 - INFO - utils.trainer -   ***** Running evaluation on test2 dataset *****
04/17/2026 00:18:50 - INFO - utils.trainer -   AUC: 0.44839
04/17/2026 00:18:50 - INFO - utils.trainer -   Accuracy: 0.25000
04/17/2026 00:18:50 - INFO - utils.trainer -   Precision: 0.13483
04/17/2026 00:18:50 - INFO - utils.trainer -   Recall: 0.22697
04/17/2026 00:18:50 - INFO - utils.trainer -   F_score: 0.14316
04/17/2026 00:18:50 - INFO - utils.trainer -   Loss: 9.67270
04/17/2026 00:18:50 - INFO - utils.trainer -   Epoch: 38, Train loss: 10.14303, Test loss: 9.67270,Epoch time = 11.176s
04/17/2026 00:19:01 - INFO - utils.trainer -   ***** Running evaluation on test2 dataset *****
04/17/2026 00:19:03 - INFO - utils.trainer -   AUC: 0.47298
04/17/2026 00:19:03 - INFO - utils.trainer -   Accuracy: 0.27564
04/17/2026 00:19:03 - INFO - utils.trainer -   Precision: 0.18355
04/17/2026 00:19:03 - INFO - utils.trainer -   Recall: 0.25399
04/17/2026 00:19:03 - INFO - utils.trainer -   F_score: 0.18177
04/17/2026 00:19:03 - INFO - utils.trainer -   Loss: 9.30450
04/17/2026 00:19:03 - INFO - utils.trainer -   Epoch: 39, Train loss: 9.86810, Test loss: 9.30450,Epoch time = 10.858s
04/17/2026 00:19:15 - INFO - utils.trainer -   ***** Running evaluation on test2 dataset *****
04/17/2026 00:19:17 - INFO - utils.trainer -   AUC: 0.55133
04/17/2026 00:19:17 - INFO - utils.trainer -   Accuracy: 0.30769
04/17/2026 00:19:17 - INFO - utils.trainer -   Precision: 0.25689
04/17/2026 00:19:17 - INFO - utils.trainer -   Recall: 0.28133
04/17/2026 00:19:17 - INFO - utils.trainer -   F_score: 0.19042
04/17/2026 00:19:17 - INFO - utils.trainer -   Loss: 9.12072
04/17/2026 00:19:17 - INFO - utils.trainer -   Epoch: 40, Train loss: 9.55448, Test loss: 9.12072,Epoch time = 11.613s
04/17/2026 00:19:30 - INFO - utils.trainer -   ***** Running evaluation on test2 dataset *****
04/17/2026 00:19:32 - INFO - utils.trainer -   AUC: 0.49630
04/17/2026 00:19:32 - INFO - utils.trainer -   Accuracy: 0.24359
04/17/2026 00:19:32 - INFO - utils.trainer -   Precision: 0.09014
04/17/2026 00:19:32 - INFO - utils.trainer -   Recall: 0.21698
04/17/2026 00:19:32 - INFO - utils.trainer -   F_score: 0.11010
04/17/2026 00:19:32 - INFO - utils.trainer -   Loss: 8.91976
04/17/2026 00:19:32 - INFO - utils.trainer -   Epoch: 41, Train loss: 9.23599, Test loss: 8.91976,Epoch time = 12.566s
04/17/2026 00:19:45 - INFO - utils.trainer -   ***** Running evaluation on test2 dataset *****
04/17/2026 00:19:47 - INFO - utils.trainer -   AUC: 0.45963
04/17/2026 00:19:47 - INFO - utils.trainer -   Accuracy: 0.23077
04/17/2026 00:19:47 - INFO - utils.trainer -   Precision: 0.23565
04/17/2026 00:19:47 - INFO - utils.trainer -   Recall: 0.22049
04/17/2026 00:19:47 - INFO - utils.trainer -   F_score: 0.18424
04/17/2026 00:19:47 - INFO - utils.trainer -   Loss: 8.51357
04/17/2026 00:19:47 - INFO - utils.trainer -   Epoch: 42, Train loss: 8.92817, Test loss: 8.51357,Epoch time = 13.225s
04/17/2026 00:19:59 - INFO - utils.trainer -   ***** Running evaluation on test2 dataset *****
04/17/2026 00:20:01 - INFO - utils.trainer -   AUC: 0.53185
04/17/2026 00:20:01 - INFO - utils.trainer -   Accuracy: 0.33974
04/17/2026 00:20:01 - INFO - utils.trainer -   Precision: 0.26987
04/17/2026 00:20:01 - INFO - utils.trainer -   Recall: 0.32426
04/17/2026 00:20:01 - INFO - utils.trainer -   F_score: 0.27948
04/17/2026 00:20:01 - INFO - utils.trainer -   Loss: 8.37626
04/17/2026 00:20:01 - INFO - utils.trainer -   Epoch: 43, Train loss: 8.68588, Test loss: 8.37626,Epoch time = 11.617s
04/17/2026 00:20:14 - INFO - utils.trainer -   ***** Running evaluation on test2 dataset *****
04/17/2026 00:20:16 - INFO - utils.trainer -   AUC: 0.49057
04/17/2026 00:20:16 - INFO - utils.trainer -   Accuracy: 0.25000
04/17/2026 00:20:16 - INFO - utils.trainer -   Precision: 0.25007
04/17/2026 00:20:16 - INFO - utils.trainer -   Recall: 0.22661
04/17/2026 00:20:16 - INFO - utils.trainer -   F_score: 0.15151
04/17/2026 00:20:16 - INFO - utils.trainer -   Loss: 8.20474
04/17/2026 00:20:16 - INFO - utils.trainer -   Epoch: 44, Train loss: 8.43074, Test loss: 8.20474,Epoch time = 12.656s
04/17/2026 00:20:28 - INFO - utils.trainer -   ***** Running evaluation on test2 dataset *****
04/17/2026 00:20:30 - INFO - utils.trainer -   AUC: 0.43614
04/17/2026 00:20:30 - INFO - utils.trainer -   Accuracy: 0.26923
04/17/2026 00:20:30 - INFO - utils.trainer -   Precision: 0.18932
04/17/2026 00:20:30 - INFO - utils.trainer -   Recall: 0.24724
04/17/2026 00:20:30 - INFO - utils.trainer -   F_score: 0.17293
04/17/2026 00:20:30 - INFO - utils.trainer -   Loss: 7.97205
04/17/2026 00:20:30 - INFO - utils.trainer -   Epoch: 45, Train loss: 8.25741, Test loss: 7.97205,Epoch time = 12.662s
04/17/2026 00:20:43 - INFO - utils.trainer -   ***** Running evaluation on test2 dataset *****
04/17/2026 00:20:45 - INFO - utils.trainer -   AUC: 0.52013
04/17/2026 00:20:45 - INFO - utils.trainer -   Accuracy: 0.28846
04/17/2026 00:20:45 - INFO - utils.trainer -   Precision: 0.30417
04/17/2026 00:20:45 - INFO - utils.trainer -   Recall: 0.26787
04/17/2026 00:20:45 - INFO - utils.trainer -   F_score: 0.22144
04/17/2026 00:20:45 - INFO - utils.trainer -   Loss: 7.67552
04/17/2026 00:20:45 - INFO - utils.trainer -   Epoch: 46, Train loss: 8.10408, Test loss: 7.67552,Epoch time = 12.324s
04/17/2026 00:20:56 - INFO - utils.trainer -   ***** Running evaluation on test2 dataset *****
04/17/2026 00:20:58 - INFO - utils.trainer -   AUC: 0.49651
04/17/2026 00:20:58 - INFO - utils.trainer -   Accuracy: 0.29487
04/17/2026 00:20:58 - INFO - utils.trainer -   Precision: 0.23974
04/17/2026 00:20:58 - INFO - utils.trainer -   Recall: 0.26996
04/17/2026 00:20:58 - INFO - utils.trainer -   F_score: 0.18676
04/17/2026 00:20:58 - INFO - utils.trainer -   Loss: 7.54343
04/17/2026 00:20:58 - INFO - utils.trainer -   Epoch: 47, Train loss: 7.89387, Test loss: 7.54343,Epoch time = 11.152s
04/17/2026 00:21:09 - INFO - utils.trainer -   ***** Running evaluation on test2 dataset *****
04/17/2026 00:21:11 - INFO - utils.trainer -   AUC: 0.52298
04/17/2026 00:21:11 - INFO - utils.trainer -   Accuracy: 0.27564
04/17/2026 00:21:11 - INFO - utils.trainer -   Precision: 0.27331
04/17/2026 00:21:11 - INFO - utils.trainer -   Recall: 0.26207
04/17/2026 00:21:11 - INFO - utils.trainer -   F_score: 0.24028
04/17/2026 00:21:11 - INFO - utils.trainer -   Loss: 7.27708
04/17/2026 00:21:11 - INFO - utils.trainer -   Epoch: 48, Train loss: 7.66071, Test loss: 7.27708,Epoch time = 10.862s
04/17/2026 00:21:23 - INFO - utils.trainer -   ***** Running evaluation on test2 dataset *****
04/17/2026 00:21:26 - INFO - utils.trainer -   AUC: 0.55016
04/17/2026 00:21:26 - INFO - utils.trainer -   Accuracy: 0.28846
04/17/2026 00:21:26 - INFO - utils.trainer -   Precision: 0.28437
04/17/2026 00:21:26 - INFO - utils.trainer -   Recall: 0.26088
04/17/2026 00:21:26 - INFO - utils.trainer -   F_score: 0.16892
04/17/2026 00:21:26 - INFO - utils.trainer -   Loss: 7.13739
04/17/2026 00:21:26 - INFO - utils.trainer -   Epoch: 49, Train loss: 7.55351, Test loss: 7.13739,Epoch time = 11.934s
04/17/2026 00:21:38 - INFO - utils.trainer -   ***** Running evaluation on test2 dataset *****
04/17/2026 00:21:40 - INFO - utils.trainer -   AUC: 0.52858
04/17/2026 00:21:40 - INFO - utils.trainer -   Accuracy: 0.28846
04/17/2026 00:21:40 - INFO - utils.trainer -   Precision: 0.45779
04/17/2026 00:21:40 - INFO - utils.trainer -   Recall: 0.26303
04/17/2026 00:21:40 - INFO - utils.trainer -   F_score: 0.18267
04/17/2026 00:21:40 - INFO - utils.trainer -   Loss: 7.03789
04/17/2026 00:21:40 - INFO - utils.trainer -   Epoch: 50, Train loss: 7.41078, Test loss: 7.03789,Epoch time = 12.511s
04/17/2026 00:21:52 - INFO - utils.trainer -   ***** Running evaluation on test2 dataset *****
04/17/2026 00:21:54 - INFO - utils.trainer -   AUC: 0.44035
04/17/2026 00:21:54 - INFO - utils.trainer -   Accuracy: 0.28205
04/17/2026 00:21:54 - INFO - utils.trainer -   Precision: 0.27633
04/17/2026 00:21:54 - INFO - utils.trainer -   Recall: 0.26254
04/17/2026 00:21:54 - INFO - utils.trainer -   F_score: 0.21213
04/17/2026 00:21:54 - INFO - utils.trainer -   Loss: 6.91009
04/17/2026 00:21:54 - INFO - utils.trainer -   Epoch: 51, Train loss: 7.17547, Test loss: 6.91009,Epoch time = 12.582s
04/17/2026 00:22:06 - INFO - utils.trainer -   ***** Running evaluation on test2 dataset *****
04/17/2026 00:22:08 - INFO - utils.trainer -   AUC: 0.52740
04/17/2026 00:22:08 - INFO - utils.trainer -   Accuracy: 0.30128
04/17/2026 00:22:08 - INFO - utils.trainer -   Precision: 0.29861
04/17/2026 00:22:08 - INFO - utils.trainer -   Recall: 0.29124
04/17/2026 00:22:08 - INFO - utils.trainer -   F_score: 0.28366
04/17/2026 00:22:08 - INFO - utils.trainer -   Loss: 6.67259
04/17/2026 00:22:08 - INFO - utils.trainer -   Epoch: 52, Train loss: 7.08845, Test loss: 6.67259,Epoch time = 11.778s
04/17/2026 00:22:20 - INFO - utils.trainer -   ***** Running evaluation on test2 dataset *****
04/17/2026 00:22:22 - INFO - utils.trainer -   AUC: 0.47821
04/17/2026 00:22:22 - INFO - utils.trainer -   Accuracy: 0.24359
04/17/2026 00:22:22 - INFO - utils.trainer -   Precision: 0.24811
04/17/2026 00:22:22 - INFO - utils.trainer -   Recall: 0.23042
04/17/2026 00:22:22 - INFO - utils.trainer -   F_score: 0.20625
04/17/2026 00:22:22 - INFO - utils.trainer -   Loss: 6.54972
04/17/2026 00:22:22 - INFO - utils.trainer -   Epoch: 53, Train loss: 6.90358, Test loss: 6.54972,Epoch time = 11.506s
04/17/2026 00:22:33 - INFO - utils.trainer -   ***** Running evaluation on test2 dataset *****
04/17/2026 00:22:36 - INFO - utils.trainer -   AUC: 0.50609
04/17/2026 00:22:36 - INFO - utils.trainer -   Accuracy: 0.25641
04/17/2026 00:22:36 - INFO - utils.trainer -   Precision: 0.15764
04/17/2026 00:22:36 - INFO - utils.trainer -   Recall: 0.23050
04/17/2026 00:22:36 - INFO - utils.trainer -   F_score: 0.13686
04/17/2026 00:22:36 - INFO - utils.trainer -   Loss: 6.52436
04/17/2026 00:22:36 - INFO - utils.trainer -   Epoch: 54, Train loss: 6.65487, Test loss: 6.52436,Epoch time = 11.269s
04/17/2026 00:22:48 - INFO - utils.trainer -   ***** Running evaluation on test2 dataset *****
04/17/2026 00:22:50 - INFO - utils.trainer -   AUC: 0.49419
04/17/2026 00:22:50 - INFO - utils.trainer -   Accuracy: 0.28846
04/17/2026 00:22:50 - INFO - utils.trainer -   Precision: 0.26758
04/17/2026 00:22:50 - INFO - utils.trainer -   Recall: 0.26088
04/17/2026 00:22:50 - INFO - utils.trainer -   F_score: 0.16658
04/17/2026 00:22:50 - INFO - utils.trainer -   Loss: 6.34061
04/17/2026 00:22:50 - INFO - utils.trainer -   Epoch: 55, Train loss: 6.59588, Test loss: 6.34061,Epoch time = 12.700s
04/17/2026 00:23:03 - INFO - utils.trainer -   ***** Running evaluation on test2 dataset *****
04/17/2026 00:23:05 - INFO - utils.trainer -   AUC: 0.56729
04/17/2026 00:23:05 - INFO - utils.trainer -   Accuracy: 0.32051
04/17/2026 00:23:05 - INFO - utils.trainer -   Precision: 0.49746
04/17/2026 00:23:05 - INFO - utils.trainer -   Recall: 0.29538
04/17/2026 00:23:05 - INFO - utils.trainer -   F_score: 0.22981
04/17/2026 00:23:05 - INFO - utils.trainer -   Loss: 6.14942
04/17/2026 00:23:05 - INFO - utils.trainer -   Epoch: 56, Train loss: 6.50682, Test loss: 6.14942,Epoch time = 12.633s
04/17/2026 00:23:17 - INFO - utils.trainer -   ***** Running evaluation on test2 dataset *****
04/17/2026 00:23:19 - INFO - utils.trainer -   AUC: 0.51156
04/17/2026 00:23:19 - INFO - utils.trainer -   Accuracy: 0.23718
04/17/2026 00:23:19 - INFO - utils.trainer -   Precision: 0.24485
04/17/2026 00:23:19 - INFO - utils.trainer -   Recall: 0.21829
04/17/2026 00:23:19 - INFO - utils.trainer -   F_score: 0.16946
04/17/2026 00:23:19 - INFO - utils.trainer -   Loss: 6.04974
04/17/2026 00:23:19 - INFO - utils.trainer -   Epoch: 57, Train loss: 6.39276, Test loss: 6.04974,Epoch time = 11.779s
04/17/2026 00:23:30 - INFO - utils.trainer -   ***** Running evaluation on test2 dataset *****
04/17/2026 00:23:32 - INFO - utils.trainer -   AUC: 0.49966
04/17/2026 00:23:32 - INFO - utils.trainer -   Accuracy: 0.24359
04/17/2026 00:23:32 - INFO - utils.trainer -   Precision: 0.19156
04/17/2026 00:23:32 - INFO - utils.trainer -   Recall: 0.22558
04/17/2026 00:23:32 - INFO - utils.trainer -   F_score: 0.16795
04/17/2026 00:23:32 - INFO - utils.trainer -   Loss: 5.92145
04/17/2026 00:23:32 - INFO - utils.trainer -   Epoch: 58, Train loss: 6.27537, Test loss: 5.92145,Epoch time = 11.204s
04/17/2026 00:23:44 - INFO - utils.trainer -   ***** Running evaluation on test2 dataset *****
04/17/2026 00:23:46 - INFO - utils.trainer -   AUC: 0.53701
04/17/2026 00:23:46 - INFO - utils.trainer -   Accuracy: 0.29487
04/17/2026 00:23:46 - INFO - utils.trainer -   Precision: 0.29032
04/17/2026 00:23:46 - INFO - utils.trainer -   Recall: 0.27373
04/17/2026 00:23:46 - INFO - utils.trainer -   F_score: 0.21904
04/17/2026 00:23:46 - INFO - utils.trainer -   Loss: 5.85977
04/17/2026 00:23:46 - INFO - utils.trainer -   Epoch: 59, Train loss: 6.13556, Test loss: 5.85977,Epoch time = 11.636s
04/17/2026 00:23:58 - INFO - utils.trainer -   ***** Running evaluation on test2 dataset *****
04/17/2026 00:24:00 - INFO - utils.trainer -   AUC: 0.50092
04/17/2026 00:24:00 - INFO - utils.trainer -   Accuracy: 0.26282
04/17/2026 00:24:00 - INFO - utils.trainer -   Precision: 0.27087
04/17/2026 00:24:00 - INFO - utils.trainer -   Recall: 0.23923
04/17/2026 00:24:00 - INFO - utils.trainer -   F_score: 0.16173
04/17/2026 00:24:00 - INFO - utils.trainer -   Loss: 5.69111
04/17/2026 00:24:00 - INFO - utils.trainer -   Epoch: 60, Train loss: 6.02617, Test loss: 5.69111,Epoch time = 12.118s
04/17/2026 00:24:13 - INFO - utils.trainer -   ***** Running evaluation on test2 dataset *****
04/17/2026 00:24:15 - INFO - utils.trainer -   AUC: 0.49878
04/17/2026 00:24:15 - INFO - utils.trainer -   Accuracy: 0.28205
04/17/2026 00:24:15 - INFO - utils.trainer -   Precision: 0.34871
04/17/2026 00:24:15 - INFO - utils.trainer -   Recall: 0.26022
04/17/2026 00:24:15 - INFO - utils.trainer -   F_score: 0.20516
04/17/2026 00:24:15 - INFO - utils.trainer -   Loss: 5.62280
04/17/2026 00:24:15 - INFO - utils.trainer -   Epoch: 61, Train loss: 5.86781, Test loss: 5.62280,Epoch time = 12.487s
04/17/2026 00:24:27 - INFO - utils.trainer -   ***** Running evaluation on test2 dataset *****
04/17/2026 00:24:29 - INFO - utils.trainer -   AUC: 0.52450
04/17/2026 00:24:29 - INFO - utils.trainer -   Accuracy: 0.25641
04/17/2026 00:24:29 - INFO - utils.trainer -   Precision: 0.14970
04/17/2026 00:24:29 - INFO - utils.trainer -   Recall: 0.22924
04/17/2026 00:24:29 - INFO - utils.trainer -   F_score: 0.12668
04/17/2026 00:24:29 - INFO - utils.trainer -   Loss: 5.43273
04/17/2026 00:24:29 - INFO - utils.trainer -   Epoch: 62, Train loss: 5.79383, Test loss: 5.43273,Epoch time = 12.108s
04/17/2026 00:24:40 - INFO - utils.trainer -   ***** Running evaluation on test2 dataset *****
04/17/2026 00:24:43 - INFO - utils.trainer -   AUC: 0.52928
04/17/2026 00:24:43 - INFO - utils.trainer -   Accuracy: 0.28846
04/17/2026 00:24:43 - INFO - utils.trainer -   Precision: 0.25126
04/17/2026 00:24:43 - INFO - utils.trainer -   Recall: 0.26250
04/17/2026 00:24:43 - INFO - utils.trainer -   F_score: 0.18176
04/17/2026 00:24:43 - INFO - utils.trainer -   Loss: 5.44018
04/17/2026 00:24:43 - INFO - utils.trainer -   Epoch: 63, Train loss: 5.71710, Test loss: 5.44018,Epoch time = 11.325s
04/17/2026 00:24:53 - INFO - utils.trainer -   ***** Running evaluation on test2 dataset *****
04/17/2026 00:24:55 - INFO - utils.trainer -   AUC: 0.50300
04/17/2026 00:24:55 - INFO - utils.trainer -   Accuracy: 0.30128
04/17/2026 00:24:55 - INFO - utils.trainer -   Precision: 0.36461
04/17/2026 00:24:55 - INFO - utils.trainer -   Recall: 0.27780
04/17/2026 00:24:55 - INFO - utils.trainer -   F_score: 0.21813
04/17/2026 00:24:55 - INFO - utils.trainer -   Loss: 5.37456
04/17/2026 00:24:55 - INFO - utils.trainer -   Epoch: 64, Train loss: 5.58389, Test loss: 5.37456,Epoch time = 10.626s
04/17/2026 00:25:07 - INFO - utils.trainer -   ***** Running evaluation on test2 dataset *****
04/17/2026 00:25:09 - INFO - utils.trainer -   AUC: 0.49274
04/17/2026 00:25:09 - INFO - utils.trainer -   Accuracy: 0.25641
04/17/2026 00:25:09 - INFO - utils.trainer -   Precision: 0.12974
04/17/2026 00:25:09 - INFO - utils.trainer -   Recall: 0.22835
04/17/2026 00:25:09 - INFO - utils.trainer -   F_score: 0.11537
04/17/2026 00:25:09 - INFO - utils.trainer -   Loss: 5.34989
04/17/2026 00:25:09 - INFO - utils.trainer -   Epoch: 65, Train loss: 5.51435, Test loss: 5.34989,Epoch time = 11.202s
04/17/2026 00:25:21 - INFO - utils.trainer -   ***** Running evaluation on test2 dataset *****
04/17/2026 00:25:23 - INFO - utils.trainer -   AUC: 0.51349
04/17/2026 00:25:23 - INFO - utils.trainer -   Accuracy: 0.27564
04/17/2026 00:25:23 - INFO - utils.trainer -   Precision: 0.07119
04/17/2026 00:25:23 - INFO - utils.trainer -   Recall: 0.24432
04/17/2026 00:25:23 - INFO - utils.trainer -   F_score: 0.11026
04/17/2026 00:25:23 - INFO - utils.trainer -   Loss: 5.17946
04/17/2026 00:25:23 - INFO - utils.trainer -   Epoch: 66, Train loss: 5.41671, Test loss: 5.17946,Epoch time = 12.249s
04/17/2026 00:25:36 - INFO - utils.trainer -   ***** Running evaluation on test2 dataset *****
04/17/2026 00:25:38 - INFO - utils.trainer -   AUC: 0.52945
04/17/2026 00:25:38 - INFO - utils.trainer -   Accuracy: 0.28205
04/17/2026 00:25:38 - INFO - utils.trainer -   Precision: 0.19619
04/17/2026 00:25:38 - INFO - utils.trainer -   Recall: 0.25107
04/17/2026 00:25:38 - INFO - utils.trainer -   F_score: 0.12308
04/17/2026 00:25:38 - INFO - utils.trainer -   Loss: 5.09188
04/17/2026 00:25:38 - INFO - utils.trainer -   Epoch: 67, Train loss: 5.30630, Test loss: 5.09188,Epoch time = 12.592s
04/17/2026 00:25:50 - INFO - utils.trainer -   ***** Running evaluation on test2 dataset *****
04/17/2026 00:25:52 - INFO - utils.trainer -   AUC: 0.50829
04/17/2026 00:25:52 - INFO - utils.trainer -   Accuracy: 0.27564
04/17/2026 00:25:52 - INFO - utils.trainer -   Precision: 0.12576
04/17/2026 00:25:52 - INFO - utils.trainer -   Recall: 0.24647
04/17/2026 00:25:52 - INFO - utils.trainer -   F_score: 0.12963
04/17/2026 00:25:52 - INFO - utils.trainer -   Loss: 5.07523
04/17/2026 00:25:52 - INFO - utils.trainer -   Epoch: 68, Train loss: 5.29178, Test loss: 5.07523,Epoch time = 12.188s
04/17/2026 00:26:05 - INFO - utils.trainer -   ***** Running evaluation on test2 dataset *****
04/17/2026 00:26:07 - INFO - utils.trainer -   AUC: 0.50229
04/17/2026 00:26:07 - INFO - utils.trainer -   Accuracy: 0.28205
04/17/2026 00:26:07 - INFO - utils.trainer -   Precision: 0.31981
04/17/2026 00:26:07 - INFO - utils.trainer -   Recall: 0.25107
04/17/2026 00:26:07 - INFO - utils.trainer -   F_score: 0.12174
04/17/2026 00:26:07 - INFO - utils.trainer -   Loss: 4.99198
04/17/2026 00:26:07 - INFO - utils.trainer -   Epoch: 69, Train loss: 5.20260, Test loss: 4.99198,Epoch time = 13.036s
04/17/2026 00:26:20 - INFO - utils.trainer -   ***** Running evaluation on test2 dataset *****
04/17/2026 00:26:22 - INFO - utils.trainer -   AUC: 0.50695
04/17/2026 00:26:22 - INFO - utils.trainer -   Accuracy: 0.28846
04/17/2026 00:26:22 - INFO - utils.trainer -   Precision: 0.27953
04/17/2026 00:26:22 - INFO - utils.trainer -   Recall: 0.25783
04/17/2026 00:26:22 - INFO - utils.trainer -   F_score: 0.13558
04/17/2026 00:26:22 - INFO - utils.trainer -   Loss: 4.86179
04/17/2026 00:26:22 - INFO - utils.trainer -   Epoch: 70, Train loss: 5.13645, Test loss: 4.86179,Epoch time = 12.421s
04/17/2026 00:26:34 - INFO - utils.trainer -   ***** Running evaluation on test2 dataset *****
04/17/2026 00:26:36 - INFO - utils.trainer -   AUC: 0.51704
04/17/2026 00:26:36 - INFO - utils.trainer -   Accuracy: 0.28205
04/17/2026 00:26:36 - INFO - utils.trainer -   Precision: 0.07190
04/17/2026 00:26:36 - INFO - utils.trainer -   Recall: 0.25000
04/17/2026 00:26:36 - INFO - utils.trainer -   F_score: 0.11168
04/17/2026 00:26:36 - INFO - utils.trainer -   Loss: 4.89144
04/17/2026 00:26:36 - INFO - utils.trainer -   Epoch: 71, Train loss: 5.12377, Test loss: 4.89144,Epoch time = 12.194s
04/17/2026 00:26:49 - INFO - utils.trainer -   ***** Running evaluation on test2 dataset *****
04/17/2026 00:26:51 - INFO - utils.trainer -   AUC: 0.53995
04/17/2026 00:26:51 - INFO - utils.trainer -   Accuracy: 0.28205
04/17/2026 00:26:51 - INFO - utils.trainer -   Precision: 0.19572
04/17/2026 00:26:51 - INFO - utils.trainer -   Recall: 0.25107
04/17/2026 00:26:51 - INFO - utils.trainer -   F_score: 0.12251
04/17/2026 00:26:51 - INFO - utils.trainer -   Loss: 4.84802
04/17/2026 00:26:51 - INFO - utils.trainer -   Epoch: 72, Train loss: 4.97930, Test loss: 4.84802,Epoch time = 12.609s
04/17/2026 00:27:03 - INFO - utils.trainer -   ***** Running evaluation on test2 dataset *****
04/17/2026 00:27:05 - INFO - utils.trainer -   AUC: 0.53294
04/17/2026 00:27:05 - INFO - utils.trainer -   Accuracy: 0.28205
04/17/2026 00:27:05 - INFO - utils.trainer -   Precision: 0.07143
04/17/2026 00:27:05 - INFO - utils.trainer -   Recall: 0.25000
04/17/2026 00:27:05 - INFO - utils.trainer -   F_score: 0.11111
04/17/2026 00:27:05 - INFO - utils.trainer -   Loss: 4.68482
04/17/2026 00:27:05 - INFO - utils.trainer -   Epoch: 73, Train loss: 4.96253, Test loss: 4.68482,Epoch time = 12.023s
04/17/2026 00:27:17 - INFO - utils.trainer -   ***** Running evaluation on test2 dataset *****
04/17/2026 00:27:19 - INFO - utils.trainer -   AUC: 0.46373
04/17/2026 00:27:19 - INFO - utils.trainer -   Accuracy: 0.28846
04/17/2026 00:27:19 - INFO - utils.trainer -   Precision: 0.32143
04/17/2026 00:27:19 - INFO - utils.trainer -   Recall: 0.25676
04/17/2026 00:27:19 - INFO - utils.trainer -   F_score: 0.12427
04/17/2026 00:27:19 - INFO - utils.trainer -   Loss: 4.68921
04/17/2026 00:27:19 - INFO - utils.trainer -   Epoch: 74, Train loss: 4.83849, Test loss: 4.68921,Epoch time = 11.322s
04/17/2026 00:27:32 - INFO - utils.trainer -   ***** Running evaluation on test2 dataset *****
04/17/2026 00:27:34 - INFO - utils.trainer -   AUC: 0.48693
04/17/2026 00:27:34 - INFO - utils.trainer -   Accuracy: 0.26923
04/17/2026 00:27:34 - INFO - utils.trainer -   Precision: 0.31833
04/17/2026 00:27:34 - INFO - utils.trainer -   Recall: 0.23953
04/17/2026 00:27:34 - INFO - utils.trainer -   F_score: 0.11849
04/17/2026 00:27:34 - INFO - utils.trainer -   Loss: 4.61116
04/17/2026 00:27:34 - INFO - utils.trainer -   Epoch: 75, Train loss: 4.79041, Test loss: 4.61116,Epoch time = 12.819s
04/17/2026 00:27:47 - INFO - utils.trainer -   ***** Running evaluation on test2 dataset *****
04/17/2026 00:27:49 - INFO - utils.trainer -   AUC: 0.55702
04/17/2026 00:27:49 - INFO - utils.trainer -   Accuracy: 0.28846
04/17/2026 00:27:49 - INFO - utils.trainer -   Precision: 0.24643
04/17/2026 00:27:49 - INFO - utils.trainer -   Recall: 0.25891
04/17/2026 00:27:49 - INFO - utils.trainer -   F_score: 0.14624
04/17/2026 00:27:49 - INFO - utils.trainer -   Loss: 4.45625
04/17/2026 00:27:49 - INFO - utils.trainer -   Epoch: 76, Train loss: 4.73608, Test loss: 4.45625,Epoch time = 12.686s
04/17/2026 00:28:01 - INFO - utils.trainer -   ***** Running evaluation on test2 dataset *****
04/17/2026 00:28:04 - INFO - utils.trainer -   AUC: 0.49193
04/17/2026 00:28:04 - INFO - utils.trainer -   Accuracy: 0.28205
04/17/2026 00:28:04 - INFO - utils.trainer -   Precision: 0.28778
04/17/2026 00:28:04 - INFO - utils.trainer -   Recall: 0.25735
04/17/2026 00:28:04 - INFO - utils.trainer -   F_score: 0.17304
04/17/2026 00:28:04 - INFO - utils.trainer -   Loss: 4.41062
04/17/2026 00:28:04 - INFO - utils.trainer -   Epoch: 77, Train loss: 4.65742, Test loss: 4.41062,Epoch time = 12.885s
04/17/2026 00:28:16 - INFO - utils.trainer -   ***** Running evaluation on test2 dataset *****
04/17/2026 00:28:18 - INFO - utils.trainer -   AUC: 0.48618
04/17/2026 00:28:18 - INFO - utils.trainer -   Accuracy: 0.27564
04/17/2026 00:28:18 - INFO - utils.trainer -   Precision: 0.21626
04/17/2026 00:28:18 - INFO - utils.trainer -   Recall: 0.24754
04/17/2026 00:28:18 - INFO - utils.trainer -   F_score: 0.14298
04/17/2026 00:28:18 - INFO - utils.trainer -   Loss: 4.40562
04/17/2026 00:28:18 - INFO - utils.trainer -   Epoch: 78, Train loss: 4.58008, Test loss: 4.40562,Epoch time = 12.030s
04/17/2026 00:28:31 - INFO - utils.trainer -   ***** Running evaluation on test2 dataset *****
04/17/2026 00:28:33 - INFO - utils.trainer -   AUC: 0.54539
04/17/2026 00:28:33 - INFO - utils.trainer -   Accuracy: 0.28846
04/17/2026 00:28:33 - INFO - utils.trainer -   Precision: 0.44572
04/17/2026 00:28:33 - INFO - utils.trainer -   Recall: 0.25765
04/17/2026 00:28:33 - INFO - utils.trainer -   F_score: 0.13533
04/17/2026 00:28:33 - INFO - utils.trainer -   Loss: 4.35458
04/17/2026 00:28:33 - INFO - utils.trainer -   Epoch: 79, Train loss: 4.50226, Test loss: 4.35458,Epoch time = 12.962s
04/17/2026 00:28:47 - INFO - utils.trainer -   ***** Running evaluation on test2 dataset *****
04/17/2026 00:28:50 - INFO - utils.trainer -   AUC: 0.51095
04/17/2026 00:28:50 - INFO - utils.trainer -   Accuracy: 0.28846
04/17/2026 00:28:50 - INFO - utils.trainer -   Precision: 0.32095
04/17/2026 00:28:50 - INFO - utils.trainer -   Recall: 0.25891
04/17/2026 00:28:50 - INFO - utils.trainer -   F_score: 0.14659
04/17/2026 00:28:50 - INFO - utils.trainer -   Loss: 4.26838
04/17/2026 00:28:50 - INFO - utils.trainer -   Epoch: 80, Train loss: 4.51577, Test loss: 4.26838,Epoch time = 14.032s
04/17/2026 00:29:01 - INFO - utils.trainer -   ***** Running evaluation on test2 dataset *****
04/17/2026 00:29:04 - INFO - utils.trainer -   AUC: 0.47514
04/17/2026 00:29:04 - INFO - utils.trainer -   Accuracy: 0.28846
04/17/2026 00:29:04 - INFO - utils.trainer -   Precision: 0.31701
04/17/2026 00:29:04 - INFO - utils.trainer -   Recall: 0.25980
04/17/2026 00:29:04 - INFO - utils.trainer -   F_score: 0.15724
04/17/2026 00:29:04 - INFO - utils.trainer -   Loss: 4.20894
04/17/2026 00:29:04 - INFO - utils.trainer -   Epoch: 81, Train loss: 4.36053, Test loss: 4.20894,Epoch time = 11.619s
04/17/2026 00:29:17 - INFO - utils.trainer -   ***** Running evaluation on test2 dataset *****
04/17/2026 00:29:20 - INFO - utils.trainer -   AUC: 0.48979
04/17/2026 00:29:20 - INFO - utils.trainer -   Accuracy: 0.26923
04/17/2026 00:29:20 - INFO - utils.trainer -   Precision: 0.06908
04/17/2026 00:29:20 - INFO - utils.trainer -   Recall: 0.23864
04/17/2026 00:29:20 - INFO - utils.trainer -   F_score: 0.10714
04/17/2026 00:29:20 - INFO - utils.trainer -   Loss: 4.22229
04/17/2026 00:29:20 - INFO - utils.trainer -   Epoch: 82, Train loss: 4.36120, Test loss: 4.22229,Epoch time = 13.121s
04/17/2026 00:29:32 - INFO - utils.trainer -   ***** Running evaluation on test2 dataset *****
04/17/2026 00:29:34 - INFO - utils.trainer -   AUC: 0.48310
04/17/2026 00:29:34 - INFO - utils.trainer -   Accuracy: 0.28205
04/17/2026 00:29:34 - INFO - utils.trainer -   Precision: 0.07051
04/17/2026 00:29:34 - INFO - utils.trainer -   Recall: 0.25000
04/17/2026 00:29:34 - INFO - utils.trainer -   F_score: 0.11000
04/17/2026 00:29:34 - INFO - utils.trainer -   Loss: 4.14135
04/17/2026 00:29:34 - INFO - utils.trainer -   Epoch: 83, Train loss: 4.34152, Test loss: 4.14135,Epoch time = 12.793s
04/17/2026 00:29:47 - INFO - utils.trainer -   ***** Running evaluation on test2 dataset *****
04/17/2026 00:29:49 - INFO - utils.trainer -   AUC: 0.49166
04/17/2026 00:29:49 - INFO - utils.trainer -   Accuracy: 0.28205
04/17/2026 00:29:49 - INFO - utils.trainer -   Precision: 0.07097
04/17/2026 00:29:49 - INFO - utils.trainer -   Recall: 0.25000
04/17/2026 00:29:49 - INFO - utils.trainer -   F_score: 0.11055
04/17/2026 00:29:49 - INFO - utils.trainer -   Loss: 4.14032
04/17/2026 00:29:49 - INFO - utils.trainer -   Epoch: 84, Train loss: 4.32738, Test loss: 4.14032,Epoch time = 12.613s
04/17/2026 00:30:02 - INFO - utils.trainer -   ***** Running evaluation on test2 dataset *****
04/17/2026 00:30:04 - INFO - utils.trainer -   AUC: 0.57795
04/17/2026 00:30:04 - INFO - utils.trainer -   Accuracy: 0.28205
04/17/2026 00:30:04 - INFO - utils.trainer -   Precision: 0.07097
04/17/2026 00:30:04 - INFO - utils.trainer -   Recall: 0.25000
04/17/2026 00:30:04 - INFO - utils.trainer -   F_score: 0.11055
04/17/2026 00:30:04 - INFO - utils.trainer -   Loss: 4.06672
04/17/2026 00:30:04 - INFO - utils.trainer -   Epoch: 85, Train loss: 4.31240, Test loss: 4.06672,Epoch time = 12.275s
04/17/2026 00:30:16 - INFO - utils.trainer -   ***** Running evaluation on test2 dataset *****
04/17/2026 00:30:18 - INFO - utils.trainer -   AUC: 0.52304
04/17/2026 00:30:18 - INFO - utils.trainer -   Accuracy: 0.28205
04/17/2026 00:30:18 - INFO - utils.trainer -   Precision: 0.07051
04/17/2026 00:30:18 - INFO - utils.trainer -   Recall: 0.25000
04/17/2026 00:30:18 - INFO - utils.trainer -   F_score: 0.11000
04/17/2026 00:30:18 - INFO - utils.trainer -   Loss: 4.03064
04/17/2026 00:30:18 - INFO - utils.trainer -   Epoch: 86, Train loss: 4.26150, Test loss: 4.03064,Epoch time = 11.955s
04/17/2026 00:30:32 - INFO - utils.trainer -   ***** Running evaluation on test2 dataset *****
04/17/2026 00:30:34 - INFO - utils.trainer -   AUC: 0.45012
04/17/2026 00:30:34 - INFO - utils.trainer -   Accuracy: 0.28205
04/17/2026 00:30:34 - INFO - utils.trainer -   Precision: 0.07051
04/17/2026 00:30:34 - INFO - utils.trainer -   Recall: 0.25000
04/17/2026 00:30:34 - INFO - utils.trainer -   F_score: 0.11000
04/17/2026 00:30:34 - INFO - utils.trainer -   Loss: 3.96981
04/17/2026 00:30:34 - INFO - utils.trainer -   Epoch: 87, Train loss: 4.21440, Test loss: 3.96981,Epoch time = 13.187s
04/17/2026 00:30:47 - INFO - utils.trainer -   ***** Running evaluation on test2 dataset *****
04/17/2026 00:30:49 - INFO - utils.trainer -   AUC: 0.50613
04/17/2026 00:30:49 - INFO - utils.trainer -   Accuracy: 0.28205
04/17/2026 00:30:49 - INFO - utils.trainer -   Precision: 0.07051
04/17/2026 00:30:49 - INFO - utils.trainer -   Recall: 0.25000
04/17/2026 00:30:49 - INFO - utils.trainer -   F_score: 0.11000
04/17/2026 00:30:49 - INFO - utils.trainer -   Loss: 4.00192
04/17/2026 00:30:49 - INFO - utils.trainer -   Epoch: 88, Train loss: 4.19323, Test loss: 4.00192,Epoch time = 12.934s
04/17/2026 00:31:00 - INFO - utils.trainer -   ***** Running evaluation on test2 dataset *****
04/17/2026 00:31:03 - INFO - utils.trainer -   AUC: 0.50177
04/17/2026 00:31:03 - INFO - utils.trainer -   Accuracy: 0.28205
04/17/2026 00:31:03 - INFO - utils.trainer -   Precision: 0.07051
04/17/2026 00:31:03 - INFO - utils.trainer -   Recall: 0.25000
04/17/2026 00:31:03 - INFO - utils.trainer -   F_score: 0.11000
04/17/2026 00:31:03 - INFO - utils.trainer -   Loss: 3.97842
04/17/2026 00:31:03 - INFO - utils.trainer -   Epoch: 89, Train loss: 4.10320, Test loss: 3.97842,Epoch time = 11.384s
04/17/2026 00:31:14 - INFO - utils.trainer -   ***** Running evaluation on test2 dataset *****
04/17/2026 00:31:16 - INFO - utils.trainer -   AUC: 0.49066
04/17/2026 00:31:16 - INFO - utils.trainer -   Accuracy: 0.28205
04/17/2026 00:31:16 - INFO - utils.trainer -   Precision: 0.07051
04/17/2026 00:31:16 - INFO - utils.trainer -   Recall: 0.25000
04/17/2026 00:31:16 - INFO - utils.trainer -   F_score: 0.11000
04/17/2026 00:31:16 - INFO - utils.trainer -   Loss: 3.89282
04/17/2026 00:31:16 - INFO - utils.trainer -   Epoch: 90, Train loss: 4.08645, Test loss: 3.89282,Epoch time = 11.250s
04/17/2026 00:31:29 - INFO - utils.trainer -   ***** Running evaluation on test2 dataset *****
04/17/2026 00:31:31 - INFO - utils.trainer -   AUC: 0.53525
04/17/2026 00:31:31 - INFO - utils.trainer -   Accuracy: 0.27564
04/17/2026 00:31:31 - INFO - utils.trainer -   Precision: 0.10618
04/17/2026 00:31:31 - INFO - utils.trainer -   Recall: 0.24522
04/17/2026 00:31:31 - INFO - utils.trainer -   F_score: 0.11992
04/17/2026 00:31:31 - INFO - utils.trainer -   Loss: 3.85900
04/17/2026 00:31:31 - INFO - utils.trainer -   Epoch: 91, Train loss: 4.03016, Test loss: 3.85900,Epoch time = 12.667s
04/17/2026 00:31:44 - INFO - utils.trainer -   ***** Running evaluation on test2 dataset *****
04/17/2026 00:31:46 - INFO - utils.trainer -   AUC: 0.48832
04/17/2026 00:31:46 - INFO - utils.trainer -   Accuracy: 0.30128
04/17/2026 00:31:46 - INFO - utils.trainer -   Precision: 0.37004
04/17/2026 00:31:46 - INFO - utils.trainer -   Recall: 0.28139
04/17/2026 00:31:46 - INFO - utils.trainer -   F_score: 0.22993
04/17/2026 00:31:46 - INFO - utils.trainer -   Loss: 3.80310
04/17/2026 00:31:46 - INFO - utils.trainer -   Epoch: 92, Train loss: 4.01297, Test loss: 3.80310,Epoch time = 12.972s
04/17/2026 00:31:58 - INFO - utils.trainer -   ***** Running evaluation on test2 dataset *****
04/17/2026 00:32:01 - INFO - utils.trainer -   AUC: 0.50374
04/17/2026 00:32:01 - INFO - utils.trainer -   Accuracy: 0.28205
04/17/2026 00:32:01 - INFO - utils.trainer -   Precision: 0.07051
04/17/2026 00:32:01 - INFO - utils.trainer -   Recall: 0.25000
04/17/2026 00:32:01 - INFO - utils.trainer -   F_score: 0.11000
04/17/2026 00:32:01 - INFO - utils.trainer -   Loss: 3.79786
04/17/2026 00:32:01 - INFO - utils.trainer -   Epoch: 93, Train loss: 3.99809, Test loss: 3.79786,Epoch time = 12.189s
04/17/2026 00:32:12 - INFO - utils.trainer -   ***** Running evaluation on test2 dataset *****
04/17/2026 00:32:14 - INFO - utils.trainer -   AUC: 0.54128
04/17/2026 00:32:14 - INFO - utils.trainer -   Accuracy: 0.28205
04/17/2026 00:32:14 - INFO - utils.trainer -   Precision: 0.07051
04/17/2026 00:32:14 - INFO - utils.trainer -   Recall: 0.25000
04/17/2026 00:32:14 - INFO - utils.trainer -   F_score: 0.11000
04/17/2026 00:32:14 - INFO - utils.trainer -   Loss: 3.81214
04/17/2026 00:32:14 - INFO - utils.trainer -   Epoch: 94, Train loss: 3.92769, Test loss: 3.81214,Epoch time = 11.041s
04/17/2026 00:32:25 - INFO - utils.trainer -   ***** Running evaluation on test2 dataset *****
04/17/2026 00:32:28 - INFO - utils.trainer -   AUC: 0.53487
04/17/2026 00:32:28 - INFO - utils.trainer -   Accuracy: 0.28205
04/17/2026 00:32:28 - INFO - utils.trainer -   Precision: 0.07051
04/17/2026 00:32:28 - INFO - utils.trainer -   Recall: 0.25000
04/17/2026 00:32:28 - INFO - utils.trainer -   F_score: 0.11000
04/17/2026 00:32:28 - INFO - utils.trainer -   Loss: 3.72200
04/17/2026 00:32:28 - INFO - utils.trainer -   Epoch: 95, Train loss: 3.90263, Test loss: 3.72200,Epoch time = 11.287s
04/17/2026 00:32:40 - INFO - utils.trainer -   ***** Running evaluation on test2 dataset *****
04/17/2026 00:32:42 - INFO - utils.trainer -   AUC: 0.49749
04/17/2026 00:32:42 - INFO - utils.trainer -   Accuracy: 0.28205
04/17/2026 00:32:42 - INFO - utils.trainer -   Precision: 0.07051
04/17/2026 00:32:42 - INFO - utils.trainer -   Recall: 0.25000
04/17/2026 00:32:42 - INFO - utils.trainer -   F_score: 0.11000
04/17/2026 00:32:42 - INFO - utils.trainer -   Loss: 3.70899
04/17/2026 00:32:42 - INFO - utils.trainer -   Epoch: 96, Train loss: 3.79706, Test loss: 3.70899,Epoch time = 12.223s
04/17/2026 00:32:55 - INFO - utils.trainer -   ***** Running evaluation on test2 dataset *****
04/17/2026 00:32:57 - INFO - utils.trainer -   AUC: 0.49029
04/17/2026 00:32:57 - INFO - utils.trainer -   Accuracy: 0.27564
04/17/2026 00:32:57 - INFO - utils.trainer -   Precision: 0.17411
04/17/2026 00:32:57 - INFO - utils.trainer -   Recall: 0.24737
04/17/2026 00:32:57 - INFO - utils.trainer -   F_score: 0.14229
04/17/2026 00:32:57 - INFO - utils.trainer -   Loss: 3.69675
04/17/2026 00:32:57 - INFO - utils.trainer -   Epoch: 97, Train loss: 3.85684, Test loss: 3.69675,Epoch time = 12.900s
04/17/2026 00:33:09 - INFO - utils.trainer -   ***** Running evaluation on test2 dataset *****
04/17/2026 00:33:11 - INFO - utils.trainer -   AUC: 0.47505
04/17/2026 00:33:11 - INFO - utils.trainer -   Accuracy: 0.26923
04/17/2026 00:33:11 - INFO - utils.trainer -   Precision: 0.19700
04/17/2026 00:33:11 - INFO - utils.trainer -   Recall: 0.24742
04/17/2026 00:33:11 - INFO - utils.trainer -   F_score: 0.18149
04/17/2026 00:33:11 - INFO - utils.trainer -   Loss: 3.64307
04/17/2026 00:33:11 - INFO - utils.trainer -   Epoch: 98, Train loss: 3.80465, Test loss: 3.64307,Epoch time = 12.254s
04/17/2026 00:33:23 - INFO - utils.trainer -   ***** Running evaluation on test2 dataset *****
04/17/2026 00:33:25 - INFO - utils.trainer -   AUC: 0.50278
04/17/2026 00:33:25 - INFO - utils.trainer -   Accuracy: 0.26282
04/17/2026 00:33:25 - INFO - utils.trainer -   Precision: 0.17483
04/17/2026 00:33:25 - INFO - utils.trainer -   Recall: 0.24120
04/17/2026 00:33:25 - INFO - utils.trainer -   F_score: 0.17046
04/17/2026 00:33:25 - INFO - utils.trainer -   Loss: 3.66067
04/17/2026 00:33:25 - INFO - utils.trainer -   Epoch: 99, Train loss: 3.77985, Test loss: 3.66067,Epoch time = 11.473s
04/17/2026 00:33:38 - INFO - utils.trainer -   ***** Running evaluation on test2 dataset *****
04/17/2026 00:33:40 - INFO - utils.trainer -   AUC: 0.49467
04/17/2026 00:33:40 - INFO - utils.trainer -   Accuracy: 0.28205
04/17/2026 00:33:40 - INFO - utils.trainer -   Precision: 0.13322
04/17/2026 00:33:40 - INFO - utils.trainer -   Recall: 0.25107
04/17/2026 00:33:40 - INFO - utils.trainer -   F_score: 0.12189
04/17/2026 00:33:40 - INFO - utils.trainer -   Loss: 3.58673
04/17/2026 00:33:40 - INFO - utils.trainer -   Epoch: 100, Train loss: 3.73556, Test loss: 3.58673,Epoch time = 12.380s
04/17/2026 00:33:53 - INFO - utils.trainer -   ***** Running evaluation on test2 dataset *****
04/17/2026 00:33:55 - INFO - utils.trainer -   AUC: 0.51101
04/17/2026 00:33:55 - INFO - utils.trainer -   Accuracy: 0.28205
04/17/2026 00:33:55 - INFO - utils.trainer -   Precision: 0.07051
04/17/2026 00:33:55 - INFO - utils.trainer -   Recall: 0.25000
04/17/2026 00:33:55 - INFO - utils.trainer -   F_score: 0.11000
04/17/2026 00:33:55 - INFO - utils.trainer -   Loss: 3.54399
04/17/2026 00:33:55 - INFO - utils.trainer -   Epoch: 101, Train loss: 3.71550, Test loss: 3.54399,Epoch time = 13.064s
04/17/2026 00:34:07 - INFO - utils.trainer -   ***** Running evaluation on test2 dataset *****
04/17/2026 00:34:10 - INFO - utils.trainer -   AUC: 0.51427
04/17/2026 00:34:10 - INFO - utils.trainer -   Accuracy: 0.28205
04/17/2026 00:34:10 - INFO - utils.trainer -   Precision: 0.07051
04/17/2026 00:34:10 - INFO - utils.trainer -   Recall: 0.25000
04/17/2026 00:34:10 - INFO - utils.trainer -   F_score: 0.11000
04/17/2026 00:34:10 - INFO - utils.trainer -   Loss: 3.52913
04/17/2026 00:34:10 - INFO - utils.trainer -   Epoch: 102, Train loss: 3.67796, Test loss: 3.52913,Epoch time = 12.301s
04/17/2026 00:34:21 - INFO - utils.trainer -   ***** Running evaluation on test2 dataset *****
04/17/2026 00:34:24 - INFO - utils.trainer -   AUC: 0.48295
04/17/2026 00:34:24 - INFO - utils.trainer -   Accuracy: 0.28205
04/17/2026 00:34:24 - INFO - utils.trainer -   Precision: 0.07051
04/17/2026 00:34:24 - INFO - utils.trainer -   Recall: 0.25000
04/17/2026 00:34:24 - INFO - utils.trainer -   F_score: 0.11000
04/17/2026 00:34:24 - INFO - utils.trainer -   Loss: 3.49536
04/17/2026 00:34:24 - INFO - utils.trainer -   Epoch: 103, Train loss: 3.65669, Test loss: 3.49536,Epoch time = 11.633s
04/17/2026 00:34:36 - INFO - utils.trainer -   ***** Running evaluation on test2 dataset *****
04/17/2026 00:34:38 - INFO - utils.trainer -   AUC: 0.53650
04/17/2026 00:34:38 - INFO - utils.trainer -   Accuracy: 0.28205
04/17/2026 00:34:38 - INFO - utils.trainer -   Precision: 0.07051
04/17/2026 00:34:38 - INFO - utils.trainer -   Recall: 0.25000
04/17/2026 00:34:38 - INFO - utils.trainer -   F_score: 0.11000
04/17/2026 00:34:38 - INFO - utils.trainer -   Loss: 3.47084
04/17/2026 00:34:38 - INFO - utils.trainer -   Epoch: 104, Train loss: 3.63074, Test loss: 3.47084,Epoch time = 12.552s
04/17/2026 00:34:51 - INFO - utils.trainer -   ***** Running evaluation on test2 dataset *****
04/17/2026 00:34:53 - INFO - utils.trainer -   AUC: 0.48968
04/17/2026 00:34:53 - INFO - utils.trainer -   Accuracy: 0.28205
04/17/2026 00:34:53 - INFO - utils.trainer -   Precision: 0.07051
04/17/2026 00:34:53 - INFO - utils.trainer -   Recall: 0.25000
04/17/2026 00:34:53 - INFO - utils.trainer -   F_score: 0.11000
04/17/2026 00:34:53 - INFO - utils.trainer -   Loss: 3.46493
04/17/2026 00:34:53 - INFO - utils.trainer -   Epoch: 105, Train loss: 3.58704, Test loss: 3.46493,Epoch time = 12.474s
04/17/2026 00:35:05 - INFO - utils.trainer -   ***** Running evaluation on test2 dataset *****
04/17/2026 00:35:08 - INFO - utils.trainer -   AUC: 0.51123
04/17/2026 00:35:08 - INFO - utils.trainer -   Accuracy: 0.27564
04/17/2026 00:35:08 - INFO - utils.trainer -   Precision: 0.07026
04/17/2026 00:35:08 - INFO - utils.trainer -   Recall: 0.24432
04/17/2026 00:35:08 - INFO - utils.trainer -   F_score: 0.10914
04/17/2026 00:35:08 - INFO - utils.trainer -   Loss: 3.46776
04/17/2026 00:35:08 - INFO - utils.trainer -   Epoch: 106, Train loss: 3.62219, Test loss: 3.46776,Epoch time = 12.302s
04/17/2026 00:35:19 - INFO - utils.trainer -   ***** Running evaluation on test2 dataset *****
04/17/2026 00:35:21 - INFO - utils.trainer -   AUC: 0.50519
04/17/2026 00:35:21 - INFO - utils.trainer -   Accuracy: 0.27564
04/17/2026 00:35:21 - INFO - utils.trainer -   Precision: 0.06935
04/17/2026 00:35:21 - INFO - utils.trainer -   Recall: 0.24432
04/17/2026 00:35:21 - INFO - utils.trainer -   F_score: 0.10804
04/17/2026 00:35:21 - INFO - utils.trainer -   Loss: 3.37172
04/17/2026 00:35:21 - INFO - utils.trainer -   Epoch: 107, Train loss: 3.53957, Test loss: 3.37172,Epoch time = 11.330s
04/17/2026 00:35:33 - INFO - utils.trainer -   ***** Running evaluation on test2 dataset *****
04/17/2026 00:35:35 - INFO - utils.trainer -   AUC: 0.53036
04/17/2026 00:35:35 - INFO - utils.trainer -   Accuracy: 0.28846
04/17/2026 00:35:35 - INFO - utils.trainer -   Precision: 0.13514
04/17/2026 00:35:35 - INFO - utils.trainer -   Recall: 0.25783
04/17/2026 00:35:35 - INFO - utils.trainer -   F_score: 0.13420
04/17/2026 00:35:35 - INFO - utils.trainer -   Loss: 3.36878
04/17/2026 00:35:35 - INFO - utils.trainer -   Epoch: 108, Train loss: 3.51335, Test loss: 3.36878,Epoch time = 11.819s
04/17/2026 00:35:47 - INFO - utils.trainer -   ***** Running evaluation on test2 dataset *****
04/17/2026 00:35:50 - INFO - utils.trainer -   AUC: 0.51019
04/17/2026 00:35:50 - INFO - utils.trainer -   Accuracy: 0.28205
04/17/2026 00:35:50 - INFO - utils.trainer -   Precision: 0.07051
04/17/2026 00:35:50 - INFO - utils.trainer -   Recall: 0.25000
04/17/2026 00:35:50 - INFO - utils.trainer -   F_score: 0.11000
04/17/2026 00:35:50 - INFO - utils.trainer -   Loss: 3.33655
04/17/2026 00:35:50 - INFO - utils.trainer -   Epoch: 109, Train loss: 3.51225, Test loss: 3.33655,Epoch time = 11.740s
04/17/2026 00:36:02 - INFO - utils.trainer -   ***** Running evaluation on test2 dataset *****
04/17/2026 00:36:04 - INFO - utils.trainer -   AUC: 0.51053
04/17/2026 00:36:04 - INFO - utils.trainer -   Accuracy: 0.28846
04/17/2026 00:36:04 - INFO - utils.trainer -   Precision: 0.32097
04/17/2026 00:36:04 - INFO - utils.trainer -   Recall: 0.25676
04/17/2026 00:36:04 - INFO - utils.trainer -   F_score: 0.12371
04/17/2026 00:36:04 - INFO - utils.trainer -   Loss: 3.34835
04/17/2026 00:36:04 - INFO - utils.trainer -   Epoch: 110, Train loss: 3.51134, Test loss: 3.34835,Epoch time = 12.230s
04/17/2026 00:36:17 - INFO - utils.trainer -   ***** Running evaluation on test2 dataset *****
04/17/2026 00:36:19 - INFO - utils.trainer -   AUC: 0.50073
04/17/2026 00:36:19 - INFO - utils.trainer -   Accuracy: 0.28205
04/17/2026 00:36:19 - INFO - utils.trainer -   Precision: 0.19481
04/17/2026 00:36:19 - INFO - utils.trainer -   Recall: 0.25107
04/17/2026 00:36:19 - INFO - utils.trainer -   F_score: 0.12141
04/17/2026 00:36:19 - INFO - utils.trainer -   Loss: 3.32850
04/17/2026 00:36:19 - INFO - utils.trainer -   Epoch: 111, Train loss: 3.43027, Test loss: 3.32850,Epoch time = 12.652s
04/17/2026 00:36:30 - INFO - utils.trainer -   ***** Running evaluation on test2 dataset *****
04/17/2026 00:36:32 - INFO - utils.trainer -   AUC: 0.47183
04/17/2026 00:36:32 - INFO - utils.trainer -   Accuracy: 0.28205
04/17/2026 00:36:32 - INFO - utils.trainer -   Precision: 0.07051
04/17/2026 00:36:32 - INFO - utils.trainer -   Recall: 0.25000
04/17/2026 00:36:32 - INFO - utils.trainer -   F_score: 0.11000
04/17/2026 00:36:32 - INFO - utils.trainer -   Loss: 3.32781
04/17/2026 00:36:32 - INFO - utils.trainer -   Epoch: 112, Train loss: 3.47328, Test loss: 3.32781,Epoch time = 10.936s
04/17/2026 00:36:43 - INFO - utils.trainer -   ***** Running evaluation on test2 dataset *****
04/17/2026 00:36:46 - INFO - utils.trainer -   AUC: 0.46913
04/17/2026 00:36:46 - INFO - utils.trainer -   Accuracy: 0.28205
04/17/2026 00:36:46 - INFO - utils.trainer -   Precision: 0.07051
04/17/2026 00:36:46 - INFO - utils.trainer -   Recall: 0.25000
04/17/2026 00:36:46 - INFO - utils.trainer -   F_score: 0.11000
04/17/2026 00:36:46 - INFO - utils.trainer -   Loss: 3.32495
04/17/2026 00:36:46 - INFO - utils.trainer -   Epoch: 113, Train loss: 3.43558, Test loss: 3.32495,Epoch time = 10.917s
04/17/2026 00:36:58 - INFO - utils.trainer -   ***** Running evaluation on test2 dataset *****
04/17/2026 00:37:00 - INFO - utils.trainer -   AUC: 0.53586
04/17/2026 00:37:00 - INFO - utils.trainer -   Accuracy: 0.28205
04/17/2026 00:37:00 - INFO - utils.trainer -   Precision: 0.07051
04/17/2026 00:37:00 - INFO - utils.trainer -   Recall: 0.25000
04/17/2026 00:37:00 - INFO - utils.trainer -   F_score: 0.11000
04/17/2026 00:37:00 - INFO - utils.trainer -   Loss: 3.27670
04/17/2026 00:37:00 - INFO - utils.trainer -   Epoch: 114, Train loss: 3.37532, Test loss: 3.27670,Epoch time = 11.892s
04/17/2026 00:37:13 - INFO - utils.trainer -   ***** Running evaluation on test2 dataset *****
04/17/2026 00:37:15 - INFO - utils.trainer -   AUC: 0.47698
04/17/2026 00:37:15 - INFO - utils.trainer -   Accuracy: 0.28205
04/17/2026 00:37:15 - INFO - utils.trainer -   Precision: 0.07051
04/17/2026 00:37:15 - INFO - utils.trainer -   Recall: 0.25000
04/17/2026 00:37:15 - INFO - utils.trainer -   F_score: 0.11000
04/17/2026 00:37:15 - INFO - utils.trainer -   Loss: 3.22837
04/17/2026 00:37:15 - INFO - utils.trainer -   Epoch: 115, Train loss: 3.38421, Test loss: 3.22837,Epoch time = 12.838s
04/17/2026 00:37:27 - INFO - utils.trainer -   ***** Running evaluation on test2 dataset *****
04/17/2026 00:37:29 - INFO - utils.trainer -   AUC: 0.50526
04/17/2026 00:37:29 - INFO - utils.trainer -   Accuracy: 0.28205
04/17/2026 00:37:29 - INFO - utils.trainer -   Precision: 0.07051
04/17/2026 00:37:29 - INFO - utils.trainer -   Recall: 0.25000
04/17/2026 00:37:29 - INFO - utils.trainer -   F_score: 0.11000
04/17/2026 00:37:29 - INFO - utils.trainer -   Loss: 3.27735
04/17/2026 00:37:29 - INFO - utils.trainer -   Epoch: 116, Train loss: 3.38296, Test loss: 3.27735,Epoch time = 12.128s
04/17/2026 00:37:41 - INFO - utils.trainer -   ***** Running evaluation on test2 dataset *****
04/17/2026 00:37:43 - INFO - utils.trainer -   AUC: 0.48042
04/17/2026 00:37:43 - INFO - utils.trainer -   Accuracy: 0.28205
04/17/2026 00:37:43 - INFO - utils.trainer -   Precision: 0.07051
04/17/2026 00:37:43 - INFO - utils.trainer -   Recall: 0.25000
04/17/2026 00:37:43 - INFO - utils.trainer -   F_score: 0.11000
04/17/2026 00:37:43 - INFO - utils.trainer -   Loss: 3.21788
04/17/2026 00:37:43 - INFO - utils.trainer -   Epoch: 117, Train loss: 3.36606, Test loss: 3.21788,Epoch time = 11.424s
04/17/2026 00:37:55 - INFO - utils.trainer -   ***** Running evaluation on test2 dataset *****
04/17/2026 00:37:57 - INFO - utils.trainer -   AUC: 0.53600
04/17/2026 00:37:57 - INFO - utils.trainer -   Accuracy: 0.28205
04/17/2026 00:37:57 - INFO - utils.trainer -   Precision: 0.07051
04/17/2026 00:37:57 - INFO - utils.trainer -   Recall: 0.25000
04/17/2026 00:37:57 - INFO - utils.trainer -   F_score: 0.11000
04/17/2026 00:37:57 - INFO - utils.trainer -   Loss: 3.18450
04/17/2026 00:37:57 - INFO - utils.trainer -   Epoch: 118, Train loss: 3.35752, Test loss: 3.18450,Epoch time = 11.587s
04/17/2026 00:38:10 - INFO - utils.trainer -   ***** Running evaluation on test2 dataset *****
04/17/2026 00:38:12 - INFO - utils.trainer -   AUC: 0.46538
04/17/2026 00:38:12 - INFO - utils.trainer -   Accuracy: 0.28205
04/17/2026 00:38:12 - INFO - utils.trainer -   Precision: 0.07051
04/17/2026 00:38:12 - INFO - utils.trainer -   Recall: 0.25000
04/17/2026 00:38:12 - INFO - utils.trainer -   F_score: 0.11000
04/17/2026 00:38:12 - INFO - utils.trainer -   Loss: 3.20060
04/17/2026 00:38:12 - INFO - utils.trainer -   Epoch: 119, Train loss: 3.31511, Test loss: 3.20060,Epoch time = 12.714s
04/17/2026 00:38:25 - INFO - utils.trainer -   ***** Running evaluation on test2 dataset *****
04/17/2026 00:38:27 - INFO - utils.trainer -   AUC: 0.55324
04/17/2026 00:38:27 - INFO - utils.trainer -   Accuracy: 0.28205
04/17/2026 00:38:27 - INFO - utils.trainer -   Precision: 0.07051
04/17/2026 00:38:27 - INFO - utils.trainer -   Recall: 0.25000
04/17/2026 00:38:27 - INFO - utils.trainer -   F_score: 0.11000
04/17/2026 00:38:27 - INFO - utils.trainer -   Loss: 3.15782
04/17/2026 00:38:27 - INFO - utils.trainer -   Epoch: 120, Train loss: 3.28717, Test loss: 3.15782,Epoch time = 12.911s
04/17/2026 00:38:39 - INFO - utils.trainer -   ***** Running evaluation on test2 dataset *****
04/17/2026 00:38:41 - INFO - utils.trainer -   AUC: 0.48054
04/17/2026 00:38:41 - INFO - utils.trainer -   Accuracy: 0.28205
04/17/2026 00:38:41 - INFO - utils.trainer -   Precision: 0.07051
04/17/2026 00:38:41 - INFO - utils.trainer -   Recall: 0.25000
04/17/2026 00:38:41 - INFO - utils.trainer -   F_score: 0.11000
04/17/2026 00:38:41 - INFO - utils.trainer -   Loss: 3.15800
04/17/2026 00:38:41 - INFO - utils.trainer -   Epoch: 121, Train loss: 3.29973, Test loss: 3.15800,Epoch time = 11.768s
04/17/2026 00:38:53 - INFO - utils.trainer -   ***** Running evaluation on test2 dataset *****
04/17/2026 00:38:55 - INFO - utils.trainer -   AUC: 0.47746
04/17/2026 00:38:55 - INFO - utils.trainer -   Accuracy: 0.28205
04/17/2026 00:38:55 - INFO - utils.trainer -   Precision: 0.07051
04/17/2026 00:38:55 - INFO - utils.trainer -   Recall: 0.25000
04/17/2026 00:38:55 - INFO - utils.trainer -   F_score: 0.11000
04/17/2026 00:38:55 - INFO - utils.trainer -   Loss: 3.15547
04/17/2026 00:38:55 - INFO - utils.trainer -   Epoch: 122, Train loss: 3.24461, Test loss: 3.15547,Epoch time = 11.617s
04/17/2026 00:39:07 - INFO - utils.trainer -   ***** Running evaluation on test2 dataset *****
04/17/2026 00:39:10 - INFO - utils.trainer -   AUC: 0.45663
04/17/2026 00:39:10 - INFO - utils.trainer -   Accuracy: 0.28205
04/17/2026 00:39:10 - INFO - utils.trainer -   Precision: 0.07051
04/17/2026 00:39:10 - INFO - utils.trainer -   Recall: 0.25000
04/17/2026 00:39:10 - INFO - utils.trainer -   F_score: 0.11000
04/17/2026 00:39:10 - INFO - utils.trainer -   Loss: 3.12646
04/17/2026 00:39:10 - INFO - utils.trainer -   Epoch: 123, Train loss: 3.25669, Test loss: 3.12646,Epoch time = 12.331s
04/17/2026 00:39:23 - INFO - utils.trainer -   ***** Running evaluation on test2 dataset *****
04/17/2026 00:39:25 - INFO - utils.trainer -   AUC: 0.46994
04/17/2026 00:39:25 - INFO - utils.trainer -   Accuracy: 0.28205
04/17/2026 00:39:25 - INFO - utils.trainer -   Precision: 0.07051
04/17/2026 00:39:25 - INFO - utils.trainer -   Recall: 0.25000
04/17/2026 00:39:25 - INFO - utils.trainer -   F_score: 0.11000
04/17/2026 00:39:25 - INFO - utils.trainer -   Loss: 3.11143
04/17/2026 00:39:25 - INFO - utils.trainer -   Epoch: 124, Train loss: 3.23592, Test loss: 3.11143,Epoch time = 13.172s
04/17/2026 00:39:38 - INFO - utils.trainer -   ***** Running evaluation on test2 dataset *****
04/17/2026 00:39:40 - INFO - utils.trainer -   AUC: 0.53132
04/17/2026 00:39:40 - INFO - utils.trainer -   Accuracy: 0.28205
04/17/2026 00:39:40 - INFO - utils.trainer -   Precision: 0.07051
04/17/2026 00:39:40 - INFO - utils.trainer -   Recall: 0.25000
04/17/2026 00:39:40 - INFO - utils.trainer -   F_score: 0.11000
04/17/2026 00:39:40 - INFO - utils.trainer -   Loss: 3.07565
04/17/2026 00:39:40 - INFO - utils.trainer -   Epoch: 125, Train loss: 3.22026, Test loss: 3.07565,Epoch time = 12.471s
04/17/2026 00:39:52 - INFO - utils.trainer -   ***** Running evaluation on test2 dataset *****
04/17/2026 00:39:54 - INFO - utils.trainer -   AUC: 0.47605
04/17/2026 00:39:54 - INFO - utils.trainer -   Accuracy: 0.28205
04/17/2026 00:39:54 - INFO - utils.trainer -   Precision: 0.07051
04/17/2026 00:39:54 - INFO - utils.trainer -   Recall: 0.25000
04/17/2026 00:39:54 - INFO - utils.trainer -   F_score: 0.11000
04/17/2026 00:39:54 - INFO - utils.trainer -   Loss: 3.07043
04/17/2026 00:39:54 - INFO - utils.trainer -   Epoch: 126, Train loss: 3.21377, Test loss: 3.07043,Epoch time = 11.455s
04/17/2026 00:40:06 - INFO - utils.trainer -   ***** Running evaluation on test2 dataset *****
04/17/2026 00:40:08 - INFO - utils.trainer -   AUC: 0.49864
04/17/2026 00:40:08 - INFO - utils.trainer -   Accuracy: 0.28205
04/17/2026 00:40:08 - INFO - utils.trainer -   Precision: 0.07051
04/17/2026 00:40:08 - INFO - utils.trainer -   Recall: 0.25000
04/17/2026 00:40:08 - INFO - utils.trainer -   F_score: 0.11000
04/17/2026 00:40:08 - INFO - utils.trainer -   Loss: 3.08771
04/17/2026 00:40:08 - INFO - utils.trainer -   Epoch: 127, Train loss: 3.16404, Test loss: 3.08771,Epoch time = 11.839s
04/17/2026 00:40:21 - INFO - utils.trainer -   ***** Running evaluation on test2 dataset *****
04/17/2026 00:40:23 - INFO - utils.trainer -   AUC: 0.47680
04/17/2026 00:40:23 - INFO - utils.trainer -   Accuracy: 0.28205
04/17/2026 00:40:23 - INFO - utils.trainer -   Precision: 0.07051
04/17/2026 00:40:23 - INFO - utils.trainer -   Recall: 0.25000
04/17/2026 00:40:23 - INFO - utils.trainer -   F_score: 0.11000
04/17/2026 00:40:23 - INFO - utils.trainer -   Loss: 3.06840
04/17/2026 00:40:23 - INFO - utils.trainer -   Epoch: 128, Train loss: 3.18374, Test loss: 3.06840,Epoch time = 12.705s
04/17/2026 00:40:35 - INFO - utils.trainer -   ***** Running evaluation on test2 dataset *****
04/17/2026 00:40:37 - INFO - utils.trainer -   AUC: 0.51980
04/17/2026 00:40:37 - INFO - utils.trainer -   Accuracy: 0.28205
04/17/2026 00:40:37 - INFO - utils.trainer -   Precision: 0.07051
04/17/2026 00:40:37 - INFO - utils.trainer -   Recall: 0.25000
04/17/2026 00:40:37 - INFO - utils.trainer -   F_score: 0.11000
04/17/2026 00:40:37 - INFO - utils.trainer -   Loss: 3.04435
04/17/2026 00:40:37 - INFO - utils.trainer -   Epoch: 129, Train loss: 3.18772, Test loss: 3.04435,Epoch time = 12.118s
04/17/2026 00:40:49 - INFO - utils.trainer -   ***** Running evaluation on test2 dataset *****
04/17/2026 00:40:51 - INFO - utils.trainer -   AUC: 0.52938
04/17/2026 00:40:51 - INFO - utils.trainer -   Accuracy: 0.28205
04/17/2026 00:40:51 - INFO - utils.trainer -   Precision: 0.07051
04/17/2026 00:40:51 - INFO - utils.trainer -   Recall: 0.25000
04/17/2026 00:40:51 - INFO - utils.trainer -   F_score: 0.11000
04/17/2026 00:40:51 - INFO - utils.trainer -   Loss: 3.02517
04/17/2026 00:40:51 - INFO - utils.trainer -   Epoch: 130, Train loss: 3.13322, Test loss: 3.02517,Epoch time = 11.466s
04/17/2026 00:41:02 - INFO - utils.trainer -   ***** Running evaluation on test2 dataset *****
04/17/2026 00:41:04 - INFO - utils.trainer -   AUC: 0.48618
04/17/2026 00:41:04 - INFO - utils.trainer -   Accuracy: 0.28205
04/17/2026 00:41:04 - INFO - utils.trainer -   Precision: 0.07051
04/17/2026 00:41:04 - INFO - utils.trainer -   Recall: 0.25000
04/17/2026 00:41:04 - INFO - utils.trainer -   F_score: 0.11000
04/17/2026 00:41:04 - INFO - utils.trainer -   Loss: 3.03674
04/17/2026 00:41:04 - INFO - utils.trainer -   Epoch: 131, Train loss: 3.13290, Test loss: 3.03674,Epoch time = 11.150s
04/17/2026 00:41:17 - INFO - utils.trainer -   ***** Running evaluation on test2 dataset *****
04/17/2026 00:41:19 - INFO - utils.trainer -   AUC: 0.52105
04/17/2026 00:41:19 - INFO - utils.trainer -   Accuracy: 0.28205
04/17/2026 00:41:19 - INFO - utils.trainer -   Precision: 0.07051
04/17/2026 00:41:19 - INFO - utils.trainer -   Recall: 0.25000
04/17/2026 00:41:19 - INFO - utils.trainer -   F_score: 0.11000
04/17/2026 00:41:19 - INFO - utils.trainer -   Loss: 3.01221
04/17/2026 00:41:19 - INFO - utils.trainer -   Epoch: 132, Train loss: 3.13203, Test loss: 3.01221,Epoch time = 12.475s
04/17/2026 00:41:32 - INFO - utils.trainer -   ***** Running evaluation on test2 dataset *****
04/17/2026 00:41:34 - INFO - utils.trainer -   AUC: 0.49011
04/17/2026 00:41:34 - INFO - utils.trainer -   Accuracy: 0.28205
04/17/2026 00:41:34 - INFO - utils.trainer -   Precision: 0.07051
04/17/2026 00:41:34 - INFO - utils.trainer -   Recall: 0.25000
04/17/2026 00:41:34 - INFO - utils.trainer -   F_score: 0.11000
04/17/2026 00:41:34 - INFO - utils.trainer -   Loss: 2.99881
04/17/2026 00:41:34 - INFO - utils.trainer -   Epoch: 133, Train loss: 3.10364, Test loss: 2.99881,Epoch time = 12.817s
04/17/2026 00:41:46 - INFO - utils.trainer -   ***** Running evaluation on test2 dataset *****
04/17/2026 00:41:48 - INFO - utils.trainer -   AUC: 0.48171
04/17/2026 00:41:48 - INFO - utils.trainer -   Accuracy: 0.28205
04/17/2026 00:41:48 - INFO - utils.trainer -   Precision: 0.07051
04/17/2026 00:41:48 - INFO - utils.trainer -   Recall: 0.25000
04/17/2026 00:41:48 - INFO - utils.trainer -   F_score: 0.11000
04/17/2026 00:41:48 - INFO - utils.trainer -   Loss: 3.01426
04/17/2026 00:41:48 - INFO - utils.trainer -   Epoch: 134, Train loss: 3.07498, Test loss: 3.01426,Epoch time = 11.796s
04/17/2026 00:42:00 - INFO - utils.trainer -   ***** Running evaluation on test2 dataset *****
04/17/2026 00:42:02 - INFO - utils.trainer -   AUC: 0.48103
04/17/2026 00:42:02 - INFO - utils.trainer -   Accuracy: 0.28205
04/17/2026 00:42:02 - INFO - utils.trainer -   Precision: 0.07051
04/17/2026 00:42:02 - INFO - utils.trainer -   Recall: 0.25000
04/17/2026 00:42:02 - INFO - utils.trainer -   F_score: 0.11000
04/17/2026 00:42:02 - INFO - utils.trainer -   Loss: 3.00008
04/17/2026 00:42:02 - INFO - utils.trainer -   Epoch: 135, Train loss: 3.10827, Test loss: 3.00008,Epoch time = 12.210s
04/17/2026 00:42:13 - INFO - utils.trainer -   ***** Running evaluation on test2 dataset *****
04/17/2026 00:42:15 - INFO - utils.trainer -   AUC: 0.50292
04/17/2026 00:42:15 - INFO - utils.trainer -   Accuracy: 0.28205
04/17/2026 00:42:15 - INFO - utils.trainer -   Precision: 0.07051
04/17/2026 00:42:15 - INFO - utils.trainer -   Recall: 0.25000
04/17/2026 00:42:15 - INFO - utils.trainer -   F_score: 0.11000
04/17/2026 00:42:15 - INFO - utils.trainer -   Loss: 2.95773
04/17/2026 00:42:15 - INFO - utils.trainer -   Epoch: 136, Train loss: 3.09262, Test loss: 2.95773,Epoch time = 11.055s
04/17/2026 00:42:26 - INFO - utils.trainer -   ***** Running evaluation on test2 dataset *****
04/17/2026 00:42:28 - INFO - utils.trainer -   AUC: 0.43566
04/17/2026 00:42:28 - INFO - utils.trainer -   Accuracy: 0.28205
04/17/2026 00:42:28 - INFO - utils.trainer -   Precision: 0.07051
04/17/2026 00:42:28 - INFO - utils.trainer -   Recall: 0.25000
04/17/2026 00:42:28 - INFO - utils.trainer -   F_score: 0.11000
04/17/2026 00:42:28 - INFO - utils.trainer -   Loss: 2.94674
04/17/2026 00:42:28 - INFO - utils.trainer -   Epoch: 137, Train loss: 3.05751, Test loss: 2.94674,Epoch time = 10.502s
04/17/2026 00:42:38 - INFO - utils.trainer -   ***** Running evaluation on test2 dataset *****
04/17/2026 00:42:40 - INFO - utils.trainer -   AUC: 0.53490
04/17/2026 00:42:40 - INFO - utils.trainer -   Accuracy: 0.28205
04/17/2026 00:42:40 - INFO - utils.trainer -   Precision: 0.07051
04/17/2026 00:42:40 - INFO - utils.trainer -   Recall: 0.25000
04/17/2026 00:42:40 - INFO - utils.trainer -   F_score: 0.11000
04/17/2026 00:42:40 - INFO - utils.trainer -   Loss: 2.96452
04/17/2026 00:42:40 - INFO - utils.trainer -   Epoch: 138, Train loss: 3.07858, Test loss: 2.96452,Epoch time = 10.408s
04/17/2026 00:42:51 - INFO - utils.trainer -   ***** Running evaluation on test2 dataset *****
04/17/2026 00:42:52 - INFO - utils.trainer -   AUC: 0.51053
04/17/2026 00:42:52 - INFO - utils.trainer -   Accuracy: 0.28205
04/17/2026 00:42:52 - INFO - utils.trainer -   Precision: 0.07051
04/17/2026 00:42:52 - INFO - utils.trainer -   Recall: 0.25000
04/17/2026 00:42:52 - INFO - utils.trainer -   F_score: 0.11000
04/17/2026 00:42:52 - INFO - utils.trainer -   Loss: 2.93561
04/17/2026 00:42:52 - INFO - utils.trainer -   Epoch: 139, Train loss: 3.06761, Test loss: 2.93561,Epoch time = 10.659s
04/17/2026 00:43:03 - INFO - utils.trainer -   ***** Running evaluation on test2 dataset *****
04/17/2026 00:43:05 - INFO - utils.trainer -   AUC: 0.51296
04/17/2026 00:43:05 - INFO - utils.trainer -   Accuracy: 0.28205
04/17/2026 00:43:05 - INFO - utils.trainer -   Precision: 0.07051
04/17/2026 00:43:05 - INFO - utils.trainer -   Recall: 0.25000
04/17/2026 00:43:05 - INFO - utils.trainer -   F_score: 0.11000
04/17/2026 00:43:05 - INFO - utils.trainer -   Loss: 2.95168
04/17/2026 00:43:05 - INFO - utils.trainer -   Epoch: 140, Train loss: 3.06039, Test loss: 2.95168,Epoch time = 10.359s
04/17/2026 00:43:15 - INFO - utils.trainer -   ***** Running evaluation on test2 dataset *****
04/17/2026 00:43:17 - INFO - utils.trainer -   AUC: 0.49362
04/17/2026 00:43:17 - INFO - utils.trainer -   Accuracy: 0.28205
04/17/2026 00:43:17 - INFO - utils.trainer -   Precision: 0.07051
04/17/2026 00:43:17 - INFO - utils.trainer -   Recall: 0.25000
04/17/2026 00:43:17 - INFO - utils.trainer -   F_score: 0.11000
04/17/2026 00:43:17 - INFO - utils.trainer -   Loss: 2.93029
04/17/2026 00:43:17 - INFO - utils.trainer -   Epoch: 141, Train loss: 3.02776, Test loss: 2.93029,Epoch time = 10.505s
04/17/2026 00:43:27 - INFO - utils.trainer -   ***** Running evaluation on test2 dataset *****
04/17/2026 00:43:29 - INFO - utils.trainer -   AUC: 0.51832
04/17/2026 00:43:29 - INFO - utils.trainer -   Accuracy: 0.28205
04/17/2026 00:43:29 - INFO - utils.trainer -   Precision: 0.07051
04/17/2026 00:43:29 - INFO - utils.trainer -   Recall: 0.25000
04/17/2026 00:43:29 - INFO - utils.trainer -   F_score: 0.11000
04/17/2026 00:43:29 - INFO - utils.trainer -   Loss: 2.94524
04/17/2026 00:43:29 - INFO - utils.trainer -   Epoch: 142, Train loss: 3.03170, Test loss: 2.94524,Epoch time = 10.296s
04/17/2026 00:43:39 - INFO - utils.trainer -   ***** Running evaluation on test2 dataset *****
04/17/2026 00:43:41 - INFO - utils.trainer -   AUC: 0.52855
04/17/2026 00:43:41 - INFO - utils.trainer -   Accuracy: 0.28205
04/17/2026 00:43:41 - INFO - utils.trainer -   Precision: 0.07051
04/17/2026 00:43:41 - INFO - utils.trainer -   Recall: 0.25000
04/17/2026 00:43:41 - INFO - utils.trainer -   F_score: 0.11000
04/17/2026 00:43:41 - INFO - utils.trainer -   Loss: 2.91738
04/17/2026 00:43:41 - INFO - utils.trainer -   Epoch: 143, Train loss: 3.02322, Test loss: 2.91738,Epoch time = 10.224s
04/17/2026 00:43:51 - INFO - utils.trainer -   ***** Running evaluation on test2 dataset *****
04/17/2026 00:43:53 - INFO - utils.trainer -   AUC: 0.54153
04/17/2026 00:43:53 - INFO - utils.trainer -   Accuracy: 0.28205
04/17/2026 00:43:53 - INFO - utils.trainer -   Precision: 0.07051
04/17/2026 00:43:53 - INFO - utils.trainer -   Recall: 0.25000
04/17/2026 00:43:53 - INFO - utils.trainer -   F_score: 0.11000
04/17/2026 00:43:53 - INFO - utils.trainer -   Loss: 2.92098
04/17/2026 00:43:53 - INFO - utils.trainer -   Epoch: 144, Train loss: 3.02397, Test loss: 2.92098,Epoch time = 10.161s
04/17/2026 00:44:03 - INFO - utils.trainer -   ***** Running evaluation on test2 dataset *****
04/17/2026 00:44:05 - INFO - utils.trainer -   AUC: 0.44672
04/17/2026 00:44:05 - INFO - utils.trainer -   Accuracy: 0.28205
04/17/2026 00:44:05 - INFO - utils.trainer -   Precision: 0.07051
04/17/2026 00:44:05 - INFO - utils.trainer -   Recall: 0.25000
04/17/2026 00:44:05 - INFO - utils.trainer -   F_score: 0.11000
04/17/2026 00:44:05 - INFO - utils.trainer -   Loss: 2.89025
04/17/2026 00:44:05 - INFO - utils.trainer -   Epoch: 145, Train loss: 2.99861, Test loss: 2.89025,Epoch time = 10.113s
04/17/2026 00:44:16 - INFO - utils.trainer -   ***** Running evaluation on test2 dataset *****
04/17/2026 00:44:17 - INFO - utils.trainer -   AUC: 0.49112
04/17/2026 00:44:17 - INFO - utils.trainer -   Accuracy: 0.28205
04/17/2026 00:44:17 - INFO - utils.trainer -   Precision: 0.07051
04/17/2026 00:44:17 - INFO - utils.trainer -   Recall: 0.25000
04/17/2026 00:44:17 - INFO - utils.trainer -   F_score: 0.11000
04/17/2026 00:44:17 - INFO - utils.trainer -   Loss: 2.87295
04/17/2026 00:44:17 - INFO - utils.trainer -   Epoch: 146, Train loss: 3.01300, Test loss: 2.87295,Epoch time = 10.927s
04/17/2026 00:44:28 - INFO - utils.trainer -   ***** Running evaluation on test2 dataset *****
04/17/2026 00:44:30 - INFO - utils.trainer -   AUC: 0.56952
04/17/2026 00:44:30 - INFO - utils.trainer -   Accuracy: 0.28205
04/17/2026 00:44:30 - INFO - utils.trainer -   Precision: 0.07051
04/17/2026 00:44:30 - INFO - utils.trainer -   Recall: 0.25000
04/17/2026 00:44:30 - INFO - utils.trainer -   F_score: 0.11000
04/17/2026 00:44:30 - INFO - utils.trainer -   Loss: 2.88197
04/17/2026 00:44:30 - INFO - utils.trainer -   Epoch: 147, Train loss: 2.98020, Test loss: 2.88197,Epoch time = 10.662s
04/17/2026 00:44:40 - INFO - utils.trainer -   ***** Running evaluation on test2 dataset *****
04/17/2026 00:44:42 - INFO - utils.trainer -   AUC: 0.49478
04/17/2026 00:44:42 - INFO - utils.trainer -   Accuracy: 0.28205
04/17/2026 00:44:42 - INFO - utils.trainer -   Precision: 0.07051
04/17/2026 00:44:42 - INFO - utils.trainer -   Recall: 0.25000
04/17/2026 00:44:42 - INFO - utils.trainer -   F_score: 0.11000
04/17/2026 00:44:42 - INFO - utils.trainer -   Loss: 2.88151
04/17/2026 00:44:42 - INFO - utils.trainer -   Epoch: 148, Train loss: 2.96302, Test loss: 2.88151,Epoch time = 10.501s
04/17/2026 00:44:52 - INFO - utils.trainer -   ***** Running evaluation on test2 dataset *****
04/17/2026 00:44:54 - INFO - utils.trainer -   AUC: 0.51708
04/17/2026 00:44:54 - INFO - utils.trainer -   Accuracy: 0.28205
04/17/2026 00:44:54 - INFO - utils.trainer -   Precision: 0.07097
04/17/2026 00:44:54 - INFO - utils.trainer -   Recall: 0.25000
04/17/2026 00:44:54 - INFO - utils.trainer -   F_score: 0.11055
04/17/2026 00:44:54 - INFO - utils.trainer -   Loss: 2.87232
04/17/2026 00:44:54 - INFO - utils.trainer -   Epoch: 149, Train loss: 2.97180, Test loss: 2.87232,Epoch time = 10.429s
04/17/2026 00:45:05 - INFO - utils.trainer -   ***** Running evaluation on test2 dataset *****
04/17/2026 00:45:06 - INFO - utils.trainer -   AUC: 0.48860
04/17/2026 00:45:06 - INFO - utils.trainer -   Accuracy: 0.27564
04/17/2026 00:45:06 - INFO - utils.trainer -   Precision: 0.11167
04/17/2026 00:45:06 - INFO - utils.trainer -   Recall: 0.24522
04/17/2026 00:45:06 - INFO - utils.trainer -   F_score: 0.11961
04/17/2026 00:45:06 - INFO - utils.trainer -   Loss: 2.86249
04/17/2026 00:45:06 - INFO - utils.trainer -   Epoch: 150, Train loss: 2.95293, Test loss: 2.86249,Epoch time = 10.288s
04/17/2026 00:45:17 - INFO - utils.trainer -   ***** Running evaluation on test2 dataset *****
04/17/2026 00:45:19 - INFO - utils.trainer -   AUC: 0.51223
04/17/2026 00:45:19 - INFO - utils.trainer -   Accuracy: 0.28205
04/17/2026 00:45:19 - INFO - utils.trainer -   Precision: 0.07051
04/17/2026 00:45:19 - INFO - utils.trainer -   Recall: 0.25000
04/17/2026 00:45:19 - INFO - utils.trainer -   F_score: 0.11000
04/17/2026 00:45:19 - INFO - utils.trainer -   Loss: 2.87403
04/17/2026 00:45:19 - INFO - utils.trainer -   Epoch: 151, Train loss: 2.95760, Test loss: 2.87403,Epoch time = 10.733s
04/17/2026 00:45:29 - INFO - utils.trainer -   ***** Running evaluation on test2 dataset *****
04/17/2026 00:45:31 - INFO - utils.trainer -   AUC: 0.52252
04/17/2026 00:45:31 - INFO - utils.trainer -   Accuracy: 0.28205
04/17/2026 00:45:31 - INFO - utils.trainer -   Precision: 0.07051
04/17/2026 00:45:31 - INFO - utils.trainer -   Recall: 0.25000
04/17/2026 00:45:31 - INFO - utils.trainer -   F_score: 0.11000
04/17/2026 00:45:31 - INFO - utils.trainer -   Loss: 2.86153
04/17/2026 00:45:31 - INFO - utils.trainer -   Epoch: 152, Train loss: 2.97779, Test loss: 2.86153,Epoch time = 10.462s
04/17/2026 00:45:41 - INFO - utils.trainer -   ***** Running evaluation on test2 dataset *****
04/17/2026 00:45:43 - INFO - utils.trainer -   AUC: 0.57815
04/17/2026 00:45:43 - INFO - utils.trainer -   Accuracy: 0.28205
04/17/2026 00:45:43 - INFO - utils.trainer -   Precision: 0.07051
04/17/2026 00:45:43 - INFO - utils.trainer -   Recall: 0.25000
04/17/2026 00:45:43 - INFO - utils.trainer -   F_score: 0.11000
04/17/2026 00:45:43 - INFO - utils.trainer -   Loss: 2.86607
04/17/2026 00:45:43 - INFO - utils.trainer -   Epoch: 153, Train loss: 2.94166, Test loss: 2.86607,Epoch time = 10.275s
04/17/2026 00:45:53 - INFO - utils.trainer -   ***** Running evaluation on test2 dataset *****
04/17/2026 00:45:55 - INFO - utils.trainer -   AUC: 0.50748
04/17/2026 00:45:55 - INFO - utils.trainer -   Accuracy: 0.28205
04/17/2026 00:45:55 - INFO - utils.trainer -   Precision: 0.07051
04/17/2026 00:45:55 - INFO - utils.trainer -   Recall: 0.25000
04/17/2026 00:45:55 - INFO - utils.trainer -   F_score: 0.11000
04/17/2026 00:45:55 - INFO - utils.trainer -   Loss: 2.85196
04/17/2026 00:45:55 - INFO - utils.trainer -   Epoch: 154, Train loss: 2.95929, Test loss: 2.85196,Epoch time = 10.212s
04/17/2026 00:46:06 - INFO - utils.trainer -   ***** Running evaluation on test2 dataset *****
04/17/2026 00:46:08 - INFO - utils.trainer -   AUC: 0.50765
04/17/2026 00:46:08 - INFO - utils.trainer -   Accuracy: 0.28205
04/17/2026 00:46:08 - INFO - utils.trainer -   Precision: 0.07051
04/17/2026 00:46:08 - INFO - utils.trainer -   Recall: 0.25000
04/17/2026 00:46:08 - INFO - utils.trainer -   F_score: 0.11000
04/17/2026 00:46:08 - INFO - utils.trainer -   Loss: 2.83534
04/17/2026 00:46:08 - INFO - utils.trainer -   Epoch: 155, Train loss: 2.94201, Test loss: 2.83534,Epoch time = 10.587s
04/17/2026 00:46:18 - INFO - utils.trainer -   ***** Running evaluation on test2 dataset *****
04/17/2026 00:46:20 - INFO - utils.trainer -   AUC: 0.49247
04/17/2026 00:46:20 - INFO - utils.trainer -   Accuracy: 0.28205
04/17/2026 00:46:20 - INFO - utils.trainer -   Precision: 0.07051
04/17/2026 00:46:20 - INFO - utils.trainer -   Recall: 0.25000
04/17/2026 00:46:20 - INFO - utils.trainer -   F_score: 0.11000
04/17/2026 00:46:20 - INFO - utils.trainer -   Loss: 2.84270
04/17/2026 00:46:20 - INFO - utils.trainer -   Epoch: 156, Train loss: 2.93366, Test loss: 2.84270,Epoch time = 10.366s
04/17/2026 00:46:30 - INFO - utils.trainer -   ***** Running evaluation on test2 dataset *****
04/17/2026 00:46:32 - INFO - utils.trainer -   AUC: 0.47871
04/17/2026 00:46:32 - INFO - utils.trainer -   Accuracy: 0.28205
04/17/2026 00:46:32 - INFO - utils.trainer -   Precision: 0.07051
04/17/2026 00:46:32 - INFO - utils.trainer -   Recall: 0.25000
04/17/2026 00:46:32 - INFO - utils.trainer -   F_score: 0.11000
04/17/2026 00:46:32 - INFO - utils.trainer -   Loss: 2.81957
04/17/2026 00:46:32 - INFO - utils.trainer -   Epoch: 157, Train loss: 2.96289, Test loss: 2.81957,Epoch time = 10.533s
04/17/2026 00:46:42 - INFO - utils.trainer -   ***** Running evaluation on test2 dataset *****
04/17/2026 00:46:44 - INFO - utils.trainer -   AUC: 0.56183
04/17/2026 00:46:44 - INFO - utils.trainer -   Accuracy: 0.28205
04/17/2026 00:46:44 - INFO - utils.trainer -   Precision: 0.07051
04/17/2026 00:46:44 - INFO - utils.trainer -   Recall: 0.25000
04/17/2026 00:46:44 - INFO - utils.trainer -   F_score: 0.11000
04/17/2026 00:46:44 - INFO - utils.trainer -   Loss: 2.82233
04/17/2026 00:46:44 - INFO - utils.trainer -   Epoch: 158, Train loss: 2.93443, Test loss: 2.82233,Epoch time = 10.299s
04/17/2026 00:46:54 - INFO - utils.trainer -   ***** Running evaluation on test2 dataset *****
04/17/2026 00:46:56 - INFO - utils.trainer -   AUC: 0.49447
04/17/2026 00:46:56 - INFO - utils.trainer -   Accuracy: 0.28205
04/17/2026 00:46:56 - INFO - utils.trainer -   Precision: 0.07051
04/17/2026 00:46:56 - INFO - utils.trainer -   Recall: 0.25000
04/17/2026 00:46:56 - INFO - utils.trainer -   F_score: 0.11000
04/17/2026 00:46:56 - INFO - utils.trainer -   Loss: 2.81100
04/17/2026 00:46:56 - INFO - utils.trainer -   Epoch: 159, Train loss: 2.90379, Test loss: 2.81100,Epoch time = 10.237s
04/17/2026 00:47:07 - INFO - utils.trainer -   ***** Running evaluation on test2 dataset *****
04/17/2026 00:47:08 - INFO - utils.trainer -   AUC: 0.52205
04/17/2026 00:47:08 - INFO - utils.trainer -   Accuracy: 0.28205
04/17/2026 00:47:08 - INFO - utils.trainer -   Precision: 0.07051
04/17/2026 00:47:08 - INFO - utils.trainer -   Recall: 0.25000
04/17/2026 00:47:08 - INFO - utils.trainer -   F_score: 0.11000
04/17/2026 00:47:08 - INFO - utils.trainer -   Loss: 2.80440
04/17/2026 00:47:08 - INFO - utils.trainer -   Epoch: 160, Train loss: 2.92031, Test loss: 2.80440,Epoch time = 10.349s
04/17/2026 00:47:19 - INFO - utils.trainer -   ***** Running evaluation on test2 dataset *****
04/17/2026 00:47:20 - INFO - utils.trainer -   AUC: 0.47609
04/17/2026 00:47:20 - INFO - utils.trainer -   Accuracy: 0.28205
04/17/2026 00:47:20 - INFO - utils.trainer -   Precision: 0.07051
04/17/2026 00:47:20 - INFO - utils.trainer -   Recall: 0.25000
04/17/2026 00:47:20 - INFO - utils.trainer -   F_score: 0.11000
04/17/2026 00:47:20 - INFO - utils.trainer -   Loss: 2.79394
04/17/2026 00:47:20 - INFO - utils.trainer -   Epoch: 161, Train loss: 2.89031, Test loss: 2.79394,Epoch time = 10.360s
04/17/2026 00:47:31 - INFO - utils.trainer -   ***** Running evaluation on test2 dataset *****
04/17/2026 00:47:33 - INFO - utils.trainer -   AUC: 0.48784
04/17/2026 00:47:33 - INFO - utils.trainer -   Accuracy: 0.28205
04/17/2026 00:47:33 - INFO - utils.trainer -   Precision: 0.07051
04/17/2026 00:47:33 - INFO - utils.trainer -   Recall: 0.25000
04/17/2026 00:47:33 - INFO - utils.trainer -   F_score: 0.11000
04/17/2026 00:47:33 - INFO - utils.trainer -   Loss: 2.81067
04/17/2026 00:47:33 - INFO - utils.trainer -   Epoch: 162, Train loss: 2.88117, Test loss: 2.81067,Epoch time = 11.023s
04/17/2026 00:47:44 - INFO - utils.trainer -   ***** Running evaluation on test2 dataset *****
04/17/2026 00:47:46 - INFO - utils.trainer -   AUC: 0.51752
04/17/2026 00:47:46 - INFO - utils.trainer -   Accuracy: 0.28205
04/17/2026 00:47:46 - INFO - utils.trainer -   Precision: 0.07051
04/17/2026 00:47:46 - INFO - utils.trainer -   Recall: 0.25000
04/17/2026 00:47:46 - INFO - utils.trainer -   F_score: 0.11000
04/17/2026 00:47:46 - INFO - utils.trainer -   Loss: 2.79363
04/17/2026 00:47:46 - INFO - utils.trainer -   Epoch: 163, Train loss: 2.89012, Test loss: 2.79363,Epoch time = 10.425s
04/17/2026 00:47:56 - INFO - utils.trainer -   ***** Running evaluation on test2 dataset *****
04/17/2026 00:47:57 - INFO - utils.trainer -   AUC: 0.48010
04/17/2026 00:47:57 - INFO - utils.trainer -   Accuracy: 0.28205
04/17/2026 00:47:57 - INFO - utils.trainer -   Precision: 0.07051
04/17/2026 00:47:57 - INFO - utils.trainer -   Recall: 0.25000
04/17/2026 00:47:57 - INFO - utils.trainer -   F_score: 0.11000
04/17/2026 00:47:57 - INFO - utils.trainer -   Loss: 2.78386
04/17/2026 00:47:57 - INFO - utils.trainer -   Epoch: 164, Train loss: 2.89520, Test loss: 2.78386,Epoch time = 10.050s
04/17/2026 00:48:08 - INFO - utils.trainer -   ***** Running evaluation on test2 dataset *****
04/17/2026 00:48:09 - INFO - utils.trainer -   AUC: 0.46354
04/17/2026 00:48:09 - INFO - utils.trainer -   Accuracy: 0.28205
04/17/2026 00:48:09 - INFO - utils.trainer -   Precision: 0.07051
04/17/2026 00:48:09 - INFO - utils.trainer -   Recall: 0.25000
04/17/2026 00:48:09 - INFO - utils.trainer -   F_score: 0.11000
04/17/2026 00:48:09 - INFO - utils.trainer -   Loss: 2.76696
04/17/2026 00:48:09 - INFO - utils.trainer -   Epoch: 165, Train loss: 2.89611, Test loss: 2.76696,Epoch time = 10.262s
04/17/2026 00:48:20 - INFO - utils.trainer -   ***** Running evaluation on test2 dataset *****
04/17/2026 00:48:21 - INFO - utils.trainer -   AUC: 0.53221
04/17/2026 00:48:21 - INFO - utils.trainer -   Accuracy: 0.28205
04/17/2026 00:48:21 - INFO - utils.trainer -   Precision: 0.07051
04/17/2026 00:48:21 - INFO - utils.trainer -   Recall: 0.25000
04/17/2026 00:48:21 - INFO - utils.trainer -   F_score: 0.11000
04/17/2026 00:48:21 - INFO - utils.trainer -   Loss: 2.78342
04/17/2026 00:48:21 - INFO - utils.trainer -   Epoch: 166, Train loss: 2.86935, Test loss: 2.78342,Epoch time = 10.362s
04/17/2026 00:48:32 - INFO - utils.trainer -   ***** Running evaluation on test2 dataset *****
04/17/2026 00:48:33 - INFO - utils.trainer -   AUC: 0.52362
04/17/2026 00:48:33 - INFO - utils.trainer -   Accuracy: 0.28205
04/17/2026 00:48:33 - INFO - utils.trainer -   Precision: 0.07051
04/17/2026 00:48:33 - INFO - utils.trainer -   Recall: 0.25000
04/17/2026 00:48:33 - INFO - utils.trainer -   F_score: 0.11000
04/17/2026 00:48:33 - INFO - utils.trainer -   Loss: 2.82037
04/17/2026 00:48:33 - INFO - utils.trainer -   Epoch: 167, Train loss: 2.90722, Test loss: 2.82037,Epoch time = 10.188s
04/17/2026 00:48:44 - INFO - utils.trainer -   ***** Running evaluation on test2 dataset *****
04/17/2026 00:48:45 - INFO - utils.trainer -   AUC: 0.48304
04/17/2026 00:48:45 - INFO - utils.trainer -   Accuracy: 0.28205
04/17/2026 00:48:45 - INFO - utils.trainer -   Precision: 0.07051
04/17/2026 00:48:45 - INFO - utils.trainer -   Recall: 0.25000
04/17/2026 00:48:45 - INFO - utils.trainer -   F_score: 0.11000
04/17/2026 00:48:45 - INFO - utils.trainer -   Loss: 2.77675
04/17/2026 00:48:45 - INFO - utils.trainer -   Epoch: 168, Train loss: 2.88592, Test loss: 2.77675,Epoch time = 10.296s
04/17/2026 00:48:56 - INFO - utils.trainer -   ***** Running evaluation on test2 dataset *****
04/17/2026 00:48:58 - INFO - utils.trainer -   AUC: 0.49672
04/17/2026 00:48:58 - INFO - utils.trainer -   Accuracy: 0.28205
04/17/2026 00:48:58 - INFO - utils.trainer -   Precision: 0.07051
04/17/2026 00:48:58 - INFO - utils.trainer -   Recall: 0.25000
04/17/2026 00:48:58 - INFO - utils.trainer -   F_score: 0.11000
04/17/2026 00:48:58 - INFO - utils.trainer -   Loss: 2.80097
04/17/2026 00:48:58 - INFO - utils.trainer -   Epoch: 169, Train loss: 2.88125, Test loss: 2.80097,Epoch time = 10.218s
04/17/2026 00:49:08 - INFO - utils.trainer -   ***** Running evaluation on test2 dataset *****
04/17/2026 00:49:09 - INFO - utils.trainer -   AUC: 0.48332
04/17/2026 00:49:09 - INFO - utils.trainer -   Accuracy: 0.28205
04/17/2026 00:49:09 - INFO - utils.trainer -   Precision: 0.07051
04/17/2026 00:49:09 - INFO - utils.trainer -   Recall: 0.25000
04/17/2026 00:49:09 - INFO - utils.trainer -   F_score: 0.11000
04/17/2026 00:49:09 - INFO - utils.trainer -   Loss: 2.77219
04/17/2026 00:49:09 - INFO - utils.trainer -   Epoch: 170, Train loss: 2.86144, Test loss: 2.77219,Epoch time = 9.991s
04/17/2026 00:49:19 - INFO - utils.trainer -   ***** Running evaluation on test2 dataset *****
04/17/2026 00:49:21 - INFO - utils.trainer -   AUC: 0.49429
04/17/2026 00:49:21 - INFO - utils.trainer -   Accuracy: 0.28205
04/17/2026 00:49:21 - INFO - utils.trainer -   Precision: 0.07051
04/17/2026 00:49:21 - INFO - utils.trainer -   Recall: 0.25000
04/17/2026 00:49:21 - INFO - utils.trainer -   F_score: 0.11000
04/17/2026 00:49:21 - INFO - utils.trainer -   Loss: 2.75867
04/17/2026 00:49:21 - INFO - utils.trainer -   Epoch: 171, Train loss: 2.88028, Test loss: 2.75867,Epoch time = 9.672s
04/17/2026 00:49:31 - INFO - utils.trainer -   ***** Running evaluation on test2 dataset *****
04/17/2026 00:49:33 - INFO - utils.trainer -   AUC: 0.42939
04/17/2026 00:49:33 - INFO - utils.trainer -   Accuracy: 0.28205
04/17/2026 00:49:33 - INFO - utils.trainer -   Precision: 0.07051
04/17/2026 00:49:33 - INFO - utils.trainer -   Recall: 0.25000
04/17/2026 00:49:33 - INFO - utils.trainer -   F_score: 0.11000
04/17/2026 00:49:33 - INFO - utils.trainer -   Loss: 2.79525
04/17/2026 00:49:33 - INFO - utils.trainer -   Epoch: 172, Train loss: 2.87304, Test loss: 2.79525,Epoch time = 10.002s
04/17/2026 00:49:43 - INFO - utils.trainer -   ***** Running evaluation on test2 dataset *****
04/17/2026 00:49:45 - INFO - utils.trainer -   AUC: 0.50289
04/17/2026 00:49:45 - INFO - utils.trainer -   Accuracy: 0.28205
04/17/2026 00:49:45 - INFO - utils.trainer -   Precision: 0.07051
04/17/2026 00:49:45 - INFO - utils.trainer -   Recall: 0.25000
04/17/2026 00:49:45 - INFO - utils.trainer -   F_score: 0.11000
04/17/2026 00:49:45 - INFO - utils.trainer -   Loss: 2.78346
04/17/2026 00:49:45 - INFO - utils.trainer -   Epoch: 173, Train loss: 2.85582, Test loss: 2.78346,Epoch time = 10.209s
04/17/2026 00:49:54 - INFO - utils.trainer -   ***** Running evaluation on test2 dataset *****
04/17/2026 00:49:56 - INFO - utils.trainer -   AUC: 0.50601
04/17/2026 00:49:56 - INFO - utils.trainer -   Accuracy: 0.28205
04/17/2026 00:49:56 - INFO - utils.trainer -   Precision: 0.07051
04/17/2026 00:49:56 - INFO - utils.trainer -   Recall: 0.25000
04/17/2026 00:49:56 - INFO - utils.trainer -   F_score: 0.11000
04/17/2026 00:49:56 - INFO - utils.trainer -   Loss: 2.77775
04/17/2026 00:49:56 - INFO - utils.trainer -   Epoch: 174, Train loss: 2.86315, Test loss: 2.77775,Epoch time = 9.498s
04/17/2026 00:50:06 - INFO - utils.trainer -   ***** Running evaluation on test2 dataset *****
04/17/2026 00:50:08 - INFO - utils.trainer -   AUC: 0.49277
04/17/2026 00:50:08 - INFO - utils.trainer -   Accuracy: 0.28205
04/17/2026 00:50:08 - INFO - utils.trainer -   Precision: 0.07051
04/17/2026 00:50:08 - INFO - utils.trainer -   Recall: 0.25000
04/17/2026 00:50:08 - INFO - utils.trainer -   F_score: 0.11000
04/17/2026 00:50:08 - INFO - utils.trainer -   Loss: 2.74961
04/17/2026 00:50:08 - INFO - utils.trainer -   Epoch: 175, Train loss: 2.83785, Test loss: 2.74961,Epoch time = 10.379s
04/17/2026 00:50:19 - INFO - utils.trainer -   ***** Running evaluation on test2 dataset *****
04/17/2026 00:50:20 - INFO - utils.trainer -   AUC: 0.49178
04/17/2026 00:50:20 - INFO - utils.trainer -   Accuracy: 0.28205
04/17/2026 00:50:20 - INFO - utils.trainer -   Precision: 0.07051
04/17/2026 00:50:20 - INFO - utils.trainer -   Recall: 0.25000
04/17/2026 00:50:20 - INFO - utils.trainer -   F_score: 0.11000
04/17/2026 00:50:20 - INFO - utils.trainer -   Loss: 2.74812
04/17/2026 00:50:20 - INFO - utils.trainer -   Epoch: 176, Train loss: 2.87240, Test loss: 2.74812,Epoch time = 10.382s
04/17/2026 00:50:31 - INFO - utils.trainer -   ***** Running evaluation on test2 dataset *****
04/17/2026 00:50:32 - INFO - utils.trainer -   AUC: 0.50823
04/17/2026 00:50:32 - INFO - utils.trainer -   Accuracy: 0.28205
04/17/2026 00:50:32 - INFO - utils.trainer -   Precision: 0.07051
04/17/2026 00:50:32 - INFO - utils.trainer -   Recall: 0.25000
04/17/2026 00:50:32 - INFO - utils.trainer -   F_score: 0.11000
04/17/2026 00:50:32 - INFO - utils.trainer -   Loss: 2.75727
04/17/2026 00:50:32 - INFO - utils.trainer -   Epoch: 177, Train loss: 2.87342, Test loss: 2.75727,Epoch time = 10.248s
04/17/2026 00:50:42 - INFO - utils.trainer -   ***** Running evaluation on test2 dataset *****
04/17/2026 00:50:44 - INFO - utils.trainer -   AUC: 0.47450
04/17/2026 00:50:44 - INFO - utils.trainer -   Accuracy: 0.28205
04/17/2026 00:50:44 - INFO - utils.trainer -   Precision: 0.07051
04/17/2026 00:50:44 - INFO - utils.trainer -   Recall: 0.25000
04/17/2026 00:50:44 - INFO - utils.trainer -   F_score: 0.11000
04/17/2026 00:50:44 - INFO - utils.trainer -   Loss: 2.75043
04/17/2026 00:50:44 - INFO - utils.trainer -   Epoch: 178, Train loss: 2.86812, Test loss: 2.75043,Epoch time = 9.930s
04/17/2026 00:50:54 - INFO - utils.trainer -   ***** Running evaluation on test2 dataset *****
04/17/2026 00:50:56 - INFO - utils.trainer -   AUC: 0.50487
04/17/2026 00:50:56 - INFO - utils.trainer -   Accuracy: 0.28205
04/17/2026 00:50:56 - INFO - utils.trainer -   Precision: 0.07051
04/17/2026 00:50:56 - INFO - utils.trainer -   Recall: 0.25000
04/17/2026 00:50:56 - INFO - utils.trainer -   F_score: 0.11000
04/17/2026 00:50:56 - INFO - utils.trainer -   Loss: 2.75773
04/17/2026 00:50:56 - INFO - utils.trainer -   Epoch: 179, Train loss: 2.85322, Test loss: 2.75773,Epoch time = 10.203s
04/17/2026 00:51:06 - INFO - utils.trainer -   ***** Running evaluation on test2 dataset *****
04/17/2026 00:51:08 - INFO - utils.trainer -   AUC: 0.45974
04/17/2026 00:51:08 - INFO - utils.trainer -   Accuracy: 0.28205
04/17/2026 00:51:08 - INFO - utils.trainer -   Precision: 0.07051
04/17/2026 00:51:08 - INFO - utils.trainer -   Recall: 0.25000
04/17/2026 00:51:08 - INFO - utils.trainer -   F_score: 0.11000
04/17/2026 00:51:08 - INFO - utils.trainer -   Loss: 2.73051
04/17/2026 00:51:08 - INFO - utils.trainer -   Epoch: 180, Train loss: 2.84525, Test loss: 2.73051,Epoch time = 10.105s
04/17/2026 00:51:18 - INFO - utils.trainer -   ***** Running evaluation on test2 dataset *****
04/17/2026 00:51:20 - INFO - utils.trainer -   AUC: 0.41331
04/17/2026 00:51:20 - INFO - utils.trainer -   Accuracy: 0.28205
04/17/2026 00:51:20 - INFO - utils.trainer -   Precision: 0.07051
04/17/2026 00:51:20 - INFO - utils.trainer -   Recall: 0.25000
04/17/2026 00:51:20 - INFO - utils.trainer -   F_score: 0.11000
04/17/2026 00:51:20 - INFO - utils.trainer -   Loss: 2.75083
04/17/2026 00:51:20 - INFO - utils.trainer -   Epoch: 181, Train loss: 2.83191, Test loss: 2.75083,Epoch time = 10.003s
04/17/2026 00:51:30 - INFO - utils.trainer -   ***** Running evaluation on test2 dataset *****
04/17/2026 00:51:32 - INFO - utils.trainer -   AUC: 0.49279
04/17/2026 00:51:32 - INFO - utils.trainer -   Accuracy: 0.28205
04/17/2026 00:51:32 - INFO - utils.trainer -   Precision: 0.07051
04/17/2026 00:51:32 - INFO - utils.trainer -   Recall: 0.25000
04/17/2026 00:51:32 - INFO - utils.trainer -   F_score: 0.11000
04/17/2026 00:51:32 - INFO - utils.trainer -   Loss: 2.74628
04/17/2026 00:51:32 - INFO - utils.trainer -   Epoch: 182, Train loss: 2.82920, Test loss: 2.74628,Epoch time = 10.524s
04/17/2026 00:51:42 - INFO - utils.trainer -   ***** Running evaluation on test2 dataset *****
04/17/2026 00:51:44 - INFO - utils.trainer -   AUC: 0.51618
04/17/2026 00:51:44 - INFO - utils.trainer -   Accuracy: 0.28205
04/17/2026 00:51:44 - INFO - utils.trainer -   Precision: 0.07051
04/17/2026 00:51:44 - INFO - utils.trainer -   Recall: 0.25000
04/17/2026 00:51:44 - INFO - utils.trainer -   F_score: 0.11000
04/17/2026 00:51:44 - INFO - utils.trainer -   Loss: 2.77092
04/17/2026 00:51:44 - INFO - utils.trainer -   Epoch: 183, Train loss: 2.83971, Test loss: 2.77092,Epoch time = 10.262s
04/17/2026 00:51:54 - INFO - utils.trainer -   ***** Running evaluation on test2 dataset *****
04/17/2026 00:51:56 - INFO - utils.trainer -   AUC: 0.47696
04/17/2026 00:51:56 - INFO - utils.trainer -   Accuracy: 0.28205
04/17/2026 00:51:56 - INFO - utils.trainer -   Precision: 0.07051
04/17/2026 00:51:56 - INFO - utils.trainer -   Recall: 0.25000
04/17/2026 00:51:56 - INFO - utils.trainer -   F_score: 0.11000
04/17/2026 00:51:56 - INFO - utils.trainer -   Loss: 2.73190
04/17/2026 00:51:56 - INFO - utils.trainer -   Epoch: 184, Train loss: 2.82528, Test loss: 2.73190,Epoch time = 10.111s
04/17/2026 00:52:07 - INFO - utils.trainer -   ***** Running evaluation on test2 dataset *****
04/17/2026 00:52:09 - INFO - utils.trainer -   AUC: 0.45147
04/17/2026 00:52:09 - INFO - utils.trainer -   Accuracy: 0.28205
04/17/2026 00:52:09 - INFO - utils.trainer -   Precision: 0.07051
04/17/2026 00:52:09 - INFO - utils.trainer -   Recall: 0.25000
04/17/2026 00:52:09 - INFO - utils.trainer -   F_score: 0.11000
04/17/2026 00:52:09 - INFO - utils.trainer -   Loss: 2.73698
04/17/2026 00:52:09 - INFO - utils.trainer -   Epoch: 185, Train loss: 2.85890, Test loss: 2.73698,Epoch time = 10.695s
04/17/2026 00:52:19 - INFO - utils.trainer -   ***** Running evaluation on test2 dataset *****
04/17/2026 00:52:21 - INFO - utils.trainer -   AUC: 0.49530
04/17/2026 00:52:21 - INFO - utils.trainer -   Accuracy: 0.28205
04/17/2026 00:52:21 - INFO - utils.trainer -   Precision: 0.07051
04/17/2026 00:52:21 - INFO - utils.trainer -   Recall: 0.25000
04/17/2026 00:52:21 - INFO - utils.trainer -   F_score: 0.11000
04/17/2026 00:52:21 - INFO - utils.trainer -   Loss: 2.76008
04/17/2026 00:52:21 - INFO - utils.trainer -   Epoch: 186, Train loss: 2.86070, Test loss: 2.76008,Epoch time = 10.552s
04/17/2026 00:52:31 - INFO - utils.trainer -   ***** Running evaluation on test2 dataset *****
04/17/2026 00:52:33 - INFO - utils.trainer -   AUC: 0.50947
04/17/2026 00:52:33 - INFO - utils.trainer -   Accuracy: 0.28205
04/17/2026 00:52:33 - INFO - utils.trainer -   Precision: 0.07051
04/17/2026 00:52:33 - INFO - utils.trainer -   Recall: 0.25000
04/17/2026 00:52:33 - INFO - utils.trainer -   F_score: 0.11000
04/17/2026 00:52:33 - INFO - utils.trainer -   Loss: 2.74551
04/17/2026 00:52:33 - INFO - utils.trainer -   Epoch: 187, Train loss: 2.82817, Test loss: 2.74551,Epoch time = 10.316s
04/17/2026 00:52:43 - INFO - utils.trainer -   ***** Running evaluation on test2 dataset *****
04/17/2026 00:52:45 - INFO - utils.trainer -   AUC: 0.47829
04/17/2026 00:52:45 - INFO - utils.trainer -   Accuracy: 0.28205
04/17/2026 00:52:45 - INFO - utils.trainer -   Precision: 0.07051
04/17/2026 00:52:45 - INFO - utils.trainer -   Recall: 0.25000
04/17/2026 00:52:45 - INFO - utils.trainer -   F_score: 0.11000
04/17/2026 00:52:45 - INFO - utils.trainer -   Loss: 2.71594
04/17/2026 00:52:45 - INFO - utils.trainer -   Epoch: 188, Train loss: 2.82208, Test loss: 2.71594,Epoch time = 10.095s
04/17/2026 00:52:56 - INFO - utils.trainer -   ***** Running evaluation on test2 dataset *****
04/17/2026 00:52:57 - INFO - utils.trainer -   AUC: 0.46053
04/17/2026 00:52:57 - INFO - utils.trainer -   Accuracy: 0.28205
04/17/2026 00:52:57 - INFO - utils.trainer -   Precision: 0.07051
04/17/2026 00:52:57 - INFO - utils.trainer -   Recall: 0.25000
04/17/2026 00:52:57 - INFO - utils.trainer -   F_score: 0.11000
04/17/2026 00:52:57 - INFO - utils.trainer -   Loss: 2.74421
04/17/2026 00:52:57 - INFO - utils.trainer -   Epoch: 189, Train loss: 2.82259, Test loss: 2.74421,Epoch time = 10.502s
04/17/2026 00:53:08 - INFO - utils.trainer -   ***** Running evaluation on test2 dataset *****
04/17/2026 00:53:09 - INFO - utils.trainer -   AUC: 0.50140
04/17/2026 00:53:09 - INFO - utils.trainer -   Accuracy: 0.28205
04/17/2026 00:53:09 - INFO - utils.trainer -   Precision: 0.07051
04/17/2026 00:53:09 - INFO - utils.trainer -   Recall: 0.25000
04/17/2026 00:53:09 - INFO - utils.trainer -   F_score: 0.11000
04/17/2026 00:53:09 - INFO - utils.trainer -   Loss: 2.71122
04/17/2026 00:53:09 - INFO - utils.trainer -   Epoch: 190, Train loss: 2.84844, Test loss: 2.71122,Epoch time = 10.265s
04/17/2026 00:53:20 - INFO - utils.trainer -   ***** Running evaluation on test2 dataset *****
04/17/2026 00:53:22 - INFO - utils.trainer -   AUC: 0.44222
04/17/2026 00:53:22 - INFO - utils.trainer -   Accuracy: 0.28205
04/17/2026 00:53:22 - INFO - utils.trainer -   Precision: 0.07051
04/17/2026 00:53:22 - INFO - utils.trainer -   Recall: 0.25000
04/17/2026 00:53:22 - INFO - utils.trainer -   F_score: 0.11000
04/17/2026 00:53:22 - INFO - utils.trainer -   Loss: 2.73463
04/17/2026 00:53:22 - INFO - utils.trainer -   Epoch: 191, Train loss: 2.84776, Test loss: 2.73463,Epoch time = 10.280s
04/17/2026 00:53:32 - INFO - utils.trainer -   ***** Running evaluation on test2 dataset *****
04/17/2026 00:53:34 - INFO - utils.trainer -   AUC: 0.50458
04/17/2026 00:53:34 - INFO - utils.trainer -   Accuracy: 0.28205
04/17/2026 00:53:34 - INFO - utils.trainer -   Precision: 0.07051
04/17/2026 00:53:34 - INFO - utils.trainer -   Recall: 0.25000
04/17/2026 00:53:34 - INFO - utils.trainer -   F_score: 0.11000
04/17/2026 00:53:34 - INFO - utils.trainer -   Loss: 2.72031
04/17/2026 00:53:34 - INFO - utils.trainer -   Epoch: 192, Train loss: 2.82846, Test loss: 2.72031,Epoch time = 10.510s
04/17/2026 00:53:44 - INFO - utils.trainer -   ***** Running evaluation on test2 dataset *****
04/17/2026 00:53:46 - INFO - utils.trainer -   AUC: 0.52252
04/17/2026 00:53:46 - INFO - utils.trainer -   Accuracy: 0.28205
04/17/2026 00:53:46 - INFO - utils.trainer -   Precision: 0.07051
04/17/2026 00:53:46 - INFO - utils.trainer -   Recall: 0.25000
04/17/2026 00:53:46 - INFO - utils.trainer -   F_score: 0.11000
04/17/2026 00:53:46 - INFO - utils.trainer -   Loss: 2.73885
04/17/2026 00:53:46 - INFO - utils.trainer -   Epoch: 193, Train loss: 2.82926, Test loss: 2.73885,Epoch time = 9.894s
04/17/2026 00:53:56 - INFO - utils.trainer -   ***** Running evaluation on test2 dataset *****
04/17/2026 00:53:58 - INFO - utils.trainer -   AUC: 0.52372
04/17/2026 00:53:58 - INFO - utils.trainer -   Accuracy: 0.28205
04/17/2026 00:53:58 - INFO - utils.trainer -   Precision: 0.07051
04/17/2026 00:53:58 - INFO - utils.trainer -   Recall: 0.25000
04/17/2026 00:53:58 - INFO - utils.trainer -   F_score: 0.11000
04/17/2026 00:53:58 - INFO - utils.trainer -   Loss: 2.74909
04/17/2026 00:53:58 - INFO - utils.trainer -   Epoch: 194, Train loss: 2.82298, Test loss: 2.74909,Epoch time = 10.136s
04/17/2026 00:54:08 - INFO - utils.trainer -   ***** Running evaluation on test2 dataset *****
04/17/2026 00:54:09 - INFO - utils.trainer -   AUC: 0.49038
04/17/2026 00:54:09 - INFO - utils.trainer -   Accuracy: 0.28205
04/17/2026 00:54:09 - INFO - utils.trainer -   Precision: 0.07051
04/17/2026 00:54:09 - INFO - utils.trainer -   Recall: 0.25000
04/17/2026 00:54:09 - INFO - utils.trainer -   F_score: 0.11000
04/17/2026 00:54:09 - INFO - utils.trainer -   Loss: 2.74214
04/17/2026 00:54:09 - INFO - utils.trainer -   Epoch: 195, Train loss: 2.84271, Test loss: 2.74214,Epoch time = 9.964s
04/17/2026 00:54:19 - INFO - utils.trainer -   ***** Running evaluation on test2 dataset *****
04/17/2026 00:54:21 - INFO - utils.trainer -   AUC: 0.46306
04/17/2026 00:54:21 - INFO - utils.trainer -   Accuracy: 0.28205
04/17/2026 00:54:21 - INFO - utils.trainer -   Precision: 0.07051
04/17/2026 00:54:21 - INFO - utils.trainer -   Recall: 0.25000
04/17/2026 00:54:21 - INFO - utils.trainer -   F_score: 0.11000
04/17/2026 00:54:21 - INFO - utils.trainer -   Loss: 2.72659
04/17/2026 00:54:21 - INFO - utils.trainer -   Epoch: 196, Train loss: 2.84182, Test loss: 2.72659,Epoch time = 10.073s
04/17/2026 00:54:31 - INFO - utils.trainer -   ***** Running evaluation on test2 dataset *****
04/17/2026 00:54:33 - INFO - utils.trainer -   AUC: 0.55382
04/17/2026 00:54:33 - INFO - utils.trainer -   Accuracy: 0.28205
04/17/2026 00:54:33 - INFO - utils.trainer -   Precision: 0.07051
04/17/2026 00:54:33 - INFO - utils.trainer -   Recall: 0.25000
04/17/2026 00:54:33 - INFO - utils.trainer -   F_score: 0.11000
04/17/2026 00:54:33 - INFO - utils.trainer -   Loss: 2.73416
04/17/2026 00:54:33 - INFO - utils.trainer -   Epoch: 197, Train loss: 2.83051, Test loss: 2.73416,Epoch time = 10.230s
04/17/2026 00:54:43 - INFO - utils.trainer -   ***** Running evaluation on test2 dataset *****
04/17/2026 00:54:45 - INFO - utils.trainer -   AUC: 0.50273
04/17/2026 00:54:45 - INFO - utils.trainer -   Accuracy: 0.28205
04/17/2026 00:54:45 - INFO - utils.trainer -   Precision: 0.07051
04/17/2026 00:54:45 - INFO - utils.trainer -   Recall: 0.25000
04/17/2026 00:54:45 - INFO - utils.trainer -   F_score: 0.11000
04/17/2026 00:54:45 - INFO - utils.trainer -   Loss: 2.72371
04/17/2026 00:54:45 - INFO - utils.trainer -   Epoch: 198, Train loss: 2.83348, Test loss: 2.72371,Epoch time = 10.115s
04/17/2026 00:54:56 - INFO - utils.trainer -   ***** Running evaluation on test2 dataset *****
04/17/2026 00:54:58 - INFO - utils.trainer -   AUC: 0.44317
04/17/2026 00:54:58 - INFO - utils.trainer -   Accuracy: 0.28205
04/17/2026 00:54:58 - INFO - utils.trainer -   Precision: 0.07051
04/17/2026 00:54:58 - INFO - utils.trainer -   Recall: 0.25000
04/17/2026 00:54:58 - INFO - utils.trainer -   F_score: 0.11000
04/17/2026 00:54:58 - INFO - utils.trainer -   Loss: 2.75658
04/17/2026 00:54:58 - INFO - utils.trainer -   Epoch: 199, Train loss: 2.82541, Test loss: 2.75658,Epoch time = 10.558s
04/17/2026 00:55:08 - INFO - utils.trainer -   ***** Running evaluation on test2 dataset *****
04/17/2026 00:55:09 - INFO - utils.trainer -   AUC: 0.49074
04/17/2026 00:55:09 - INFO - utils.trainer -   Accuracy: 0.28205
04/17/2026 00:55:09 - INFO - utils.trainer -   Precision: 0.07051
04/17/2026 00:55:09 - INFO - utils.trainer -   Recall: 0.25000
04/17/2026 00:55:09 - INFO - utils.trainer -   F_score: 0.11000
04/17/2026 00:55:09 - INFO - utils.trainer -   Loss: 2.73506
04/17/2026 00:55:09 - INFO - utils.trainer -   Epoch: 200, Train loss: 2.84206, Test loss: 2.73506,Epoch time = 10.122s
