04/20/2026 10:34:41 - INFO - __main__ -   ########## Repeat:0 ##########
04/20/2026 10:34:41 - INFO - utils.trainer -   ***** Running training *****
04/20/2026 10:34:41 - INFO - utils.trainer -     Num examples = 19
04/20/2026 10:34:41 - INFO - utils.trainer -     Num Epochs = 200
04/20/2026 10:34:41 - INFO - utils.trainer -     Total train batch size = 16
04/20/2026 10:34:41 - INFO - utils.trainer -     warmup steps = 400
04/20/2026 10:34:41 - INFO - utils.trainer -     Total optimization steps = 3800
04/20/2026 10:34:41 - INFO - utils.trainer -     Save steps = 200
04/20/2026 10:34:41 - INFO - root -   Parameters [normal] length [38]
04/20/2026 10:34:47 - INFO - utils.trainer -   ***** Running evaluation on test0 dataset *****
04/20/2026 10:34:48 - INFO - utils.trainer -   AUC: 0.48247
04/20/2026 10:34:48 - INFO - utils.trainer -   Accuracy: 0.24204
04/20/2026 10:34:48 - INFO - utils.trainer -   Precision: 0.06051
04/20/2026 10:34:48 - INFO - utils.trainer -   Recall: 0.25000
04/20/2026 10:34:48 - INFO - utils.trainer -   F_score: 0.09744
04/20/2026 10:34:48 - INFO - utils.trainer -   Loss: 1.39240
04/20/2026 10:34:48 - INFO - utils.trainer -    Train loss: 1.40404, Test loss: 1.39240,Epoch time = 5.839s
04/20/2026 10:34:48 - INFO - utils.trainer -   Saving model checkpoint to output_dir/FBNetGen
04/20/2026 10:34:53 - INFO - utils.trainer -   ***** Running evaluation on test0 dataset *****
04/20/2026 10:34:54 - INFO - utils.trainer -   AUC: 0.49013
04/20/2026 10:34:54 - INFO - utils.trainer -   Accuracy: 0.23567
04/20/2026 10:34:54 - INFO - utils.trainer -   Precision: 0.15833
04/20/2026 10:34:54 - INFO - utils.trainer -   Recall: 0.24163
04/20/2026 10:34:54 - INFO - utils.trainer -   F_score: 0.11349
04/20/2026 10:34:54 - INFO - utils.trainer -   Loss: 1.40471
04/20/2026 10:34:54 - INFO - utils.trainer -    Train loss: 1.39718, Test loss: 1.40471,Epoch time = 4.322s
04/20/2026 10:35:00 - INFO - utils.trainer -   ***** Running evaluation on test0 dataset *****
04/20/2026 10:35:01 - INFO - utils.trainer -   AUC: 0.51218
04/20/2026 10:35:01 - INFO - utils.trainer -   Accuracy: 0.23567
04/20/2026 10:35:01 - INFO - utils.trainer -   Precision: 0.42008
04/20/2026 10:35:01 - INFO - utils.trainer -   Recall: 0.24198
04/20/2026 10:35:01 - INFO - utils.trainer -   F_score: 0.15466
04/20/2026 10:35:01 - INFO - utils.trainer -   Loss: 1.52007
04/20/2026 10:35:01 - INFO - utils.trainer -    Train loss: 1.37459, Test loss: 1.52007,Epoch time = 5.453s
04/20/2026 10:35:06 - INFO - utils.trainer -   ***** Running evaluation on test0 dataset *****
04/20/2026 10:35:07 - INFO - utils.trainer -   AUC: 0.54711
04/20/2026 10:35:07 - INFO - utils.trainer -   Accuracy: 0.25478
04/20/2026 10:35:07 - INFO - utils.trainer -   Precision: 0.27626
04/20/2026 10:35:07 - INFO - utils.trainer -   Recall: 0.25831
04/20/2026 10:35:07 - INFO - utils.trainer -   F_score: 0.21701
04/20/2026 10:35:07 - INFO - utils.trainer -   Loss: 2.66169
04/20/2026 10:35:07 - INFO - utils.trainer -    Train loss: 1.35735, Test loss: 2.66169,Epoch time = 4.922s
04/20/2026 10:35:07 - INFO - utils.trainer -   Saving model checkpoint to output_dir/FBNetGen
04/20/2026 10:35:13 - INFO - utils.trainer -   ***** Running evaluation on test0 dataset *****
04/20/2026 10:35:14 - INFO - utils.trainer -   AUC: 0.54583
04/20/2026 10:35:14 - INFO - utils.trainer -   Accuracy: 0.26115
04/20/2026 10:35:14 - INFO - utils.trainer -   Precision: 0.27485
04/20/2026 10:35:14 - INFO - utils.trainer -   Recall: 0.26739
04/20/2026 10:35:14 - INFO - utils.trainer -   F_score: 0.22907
04/20/2026 10:35:14 - INFO - utils.trainer -   Loss: 3.50816
04/20/2026 10:35:14 - INFO - utils.trainer -    Train loss: 1.30496, Test loss: 3.50816,Epoch time = 5.191s
04/20/2026 10:35:14 - INFO - utils.trainer -   Saving model checkpoint to output_dir/FBNetGen
04/20/2026 10:35:19 - INFO - utils.trainer -   ***** Running evaluation on test0 dataset *****
04/20/2026 10:35:21 - INFO - utils.trainer -   AUC: 0.52524
04/20/2026 10:35:21 - INFO - utils.trainer -   Accuracy: 0.23567
04/20/2026 10:35:21 - INFO - utils.trainer -   Precision: 0.23468
04/20/2026 10:35:21 - INFO - utils.trainer -   Recall: 0.23732
04/20/2026 10:35:21 - INFO - utils.trainer -   F_score: 0.20062
04/20/2026 10:35:21 - INFO - utils.trainer -   Loss: 2.00225
04/20/2026 10:35:21 - INFO - utils.trainer -    Train loss: 1.24515, Test loss: 2.00225,Epoch time = 5.470s
04/20/2026 10:35:28 - INFO - utils.trainer -   ***** Running evaluation on test0 dataset *****
04/20/2026 10:35:29 - INFO - utils.trainer -   AUC: 0.55601
04/20/2026 10:35:29 - INFO - utils.trainer -   Accuracy: 0.33121
04/20/2026 10:35:29 - INFO - utils.trainer -   Precision: 0.38377
04/20/2026 10:35:29 - INFO - utils.trainer -   Recall: 0.33061
04/20/2026 10:35:29 - INFO - utils.trainer -   F_score: 0.31910
04/20/2026 10:35:29 - INFO - utils.trainer -   Loss: 3.81022
04/20/2026 10:35:29 - INFO - utils.trainer -    Train loss: 1.24714, Test loss: 3.81022,Epoch time = 6.696s
04/20/2026 10:35:29 - INFO - utils.trainer -   Saving model checkpoint to output_dir/FBNetGen
04/20/2026 10:35:36 - INFO - utils.trainer -   ***** Running evaluation on test0 dataset *****
04/20/2026 10:35:37 - INFO - utils.trainer -   AUC: 0.55189
04/20/2026 10:35:37 - INFO - utils.trainer -   Accuracy: 0.29936
04/20/2026 10:35:37 - INFO - utils.trainer -   Precision: 0.34257
04/20/2026 10:35:37 - INFO - utils.trainer -   Recall: 0.30005
04/20/2026 10:35:37 - INFO - utils.trainer -   F_score: 0.28943
04/20/2026 10:35:37 - INFO - utils.trainer -   Loss: 3.89090
04/20/2026 10:35:37 - INFO - utils.trainer -    Train loss: 1.23371, Test loss: 3.89090,Epoch time = 6.440s
04/20/2026 10:35:44 - INFO - utils.trainer -   ***** Running evaluation on test0 dataset *****
04/20/2026 10:35:46 - INFO - utils.trainer -   AUC: 0.53217
04/20/2026 10:35:46 - INFO - utils.trainer -   Accuracy: 0.25478
04/20/2026 10:35:46 - INFO - utils.trainer -   Precision: 0.27718
04/20/2026 10:35:46 - INFO - utils.trainer -   Recall: 0.25525
04/20/2026 10:35:46 - INFO - utils.trainer -   F_score: 0.23653
04/20/2026 10:35:46 - INFO - utils.trainer -   Loss: 4.30353
04/20/2026 10:35:46 - INFO - utils.trainer -    Train loss: 1.21217, Test loss: 4.30353,Epoch time = 6.919s
04/20/2026 10:35:53 - INFO - utils.trainer -   ***** Running evaluation on test0 dataset *****
04/20/2026 10:35:55 - INFO - utils.trainer -   AUC: 0.54077
04/20/2026 10:35:55 - INFO - utils.trainer -   Accuracy: 0.25478
04/20/2026 10:35:55 - INFO - utils.trainer -   Precision: 0.28062
04/20/2026 10:35:55 - INFO - utils.trainer -   Recall: 0.25687
04/20/2026 10:35:55 - INFO - utils.trainer -   F_score: 0.24509
04/20/2026 10:35:55 - INFO - utils.trainer -   Loss: 3.86533
04/20/2026 10:35:55 - INFO - utils.trainer -    Train loss: 1.17395, Test loss: 3.86533,Epoch time = 7.277s
04/20/2026 10:36:01 - INFO - utils.trainer -   ***** Running evaluation on test0 dataset *****
04/20/2026 10:36:03 - INFO - utils.trainer -   AUC: 0.54149
04/20/2026 10:36:03 - INFO - utils.trainer -   Accuracy: 0.22930
04/20/2026 10:36:03 - INFO - utils.trainer -   Precision: 0.24010
04/20/2026 10:36:03 - INFO - utils.trainer -   Recall: 0.22930
04/20/2026 10:36:03 - INFO - utils.trainer -   F_score: 0.21307
04/20/2026 10:36:03 - INFO - utils.trainer -   Loss: 4.12624
04/20/2026 10:36:03 - INFO - utils.trainer -    Train loss: 1.15407, Test loss: 4.12624,Epoch time = 6.340s
04/20/2026 10:36:10 - INFO - utils.trainer -   ***** Running evaluation on test0 dataset *****
04/20/2026 10:36:11 - INFO - utils.trainer -   AUC: 0.55418
04/20/2026 10:36:11 - INFO - utils.trainer -   Accuracy: 0.25478
04/20/2026 10:36:11 - INFO - utils.trainer -   Precision: 0.27441
04/20/2026 10:36:11 - INFO - utils.trainer -   Recall: 0.25777
04/20/2026 10:36:11 - INFO - utils.trainer -   F_score: 0.23863
04/20/2026 10:36:11 - INFO - utils.trainer -   Loss: 4.15910
04/20/2026 10:36:11 - INFO - utils.trainer -    Train loss: 1.14677, Test loss: 4.15910,Epoch time = 6.929s
04/20/2026 10:36:19 - INFO - utils.trainer -   ***** Running evaluation on test0 dataset *****
04/20/2026 10:36:20 - INFO - utils.trainer -   AUC: 0.50984
04/20/2026 10:36:20 - INFO - utils.trainer -   Accuracy: 0.24204
04/20/2026 10:36:20 - INFO - utils.trainer -   Precision: 0.26192
04/20/2026 10:36:20 - INFO - utils.trainer -   Recall: 0.24443
04/20/2026 10:36:20 - INFO - utils.trainer -   F_score: 0.22452
04/20/2026 10:36:20 - INFO - utils.trainer -   Loss: 3.48422
04/20/2026 10:36:20 - INFO - utils.trainer -    Train loss: 1.12360, Test loss: 3.48422,Epoch time = 7.345s
04/20/2026 10:36:27 - INFO - utils.trainer -   ***** Running evaluation on test0 dataset *****
04/20/2026 10:36:28 - INFO - utils.trainer -   AUC: 0.54350
04/20/2026 10:36:28 - INFO - utils.trainer -   Accuracy: 0.26115
04/20/2026 10:36:28 - INFO - utils.trainer -   Precision: 0.27508
04/20/2026 10:36:28 - INFO - utils.trainer -   Recall: 0.26380
04/20/2026 10:36:28 - INFO - utils.trainer -   F_score: 0.24178
04/20/2026 10:36:28 - INFO - utils.trainer -   Loss: 3.44957
04/20/2026 10:36:28 - INFO - utils.trainer -    Train loss: 1.10800, Test loss: 3.44957,Epoch time = 6.278s
04/20/2026 10:36:35 - INFO - utils.trainer -   ***** Running evaluation on test0 dataset *****
04/20/2026 10:36:37 - INFO - utils.trainer -   AUC: 0.52204
04/20/2026 10:36:37 - INFO - utils.trainer -   Accuracy: 0.24204
04/20/2026 10:36:37 - INFO - utils.trainer -   Precision: 0.25278
04/20/2026 10:36:37 - INFO - utils.trainer -   Recall: 0.24551
04/20/2026 10:36:37 - INFO - utils.trainer -   F_score: 0.21909
04/20/2026 10:36:37 - INFO - utils.trainer -   Loss: 2.96528
04/20/2026 10:36:37 - INFO - utils.trainer -    Train loss: 1.08300, Test loss: 2.96528,Epoch time = 7.008s
04/20/2026 10:36:44 - INFO - utils.trainer -   ***** Running evaluation on test0 dataset *****
04/20/2026 10:36:45 - INFO - utils.trainer -   AUC: 0.55471
04/20/2026 10:36:45 - INFO - utils.trainer -   Accuracy: 0.28025
04/20/2026 10:36:45 - INFO - utils.trainer -   Precision: 0.31242
04/20/2026 10:36:45 - INFO - utils.trainer -   Recall: 0.28264
04/20/2026 10:36:45 - INFO - utils.trainer -   F_score: 0.26314
04/20/2026 10:36:45 - INFO - utils.trainer -   Loss: 3.33701
04/20/2026 10:36:45 - INFO - utils.trainer -    Train loss: 1.06589, Test loss: 3.33701,Epoch time = 6.693s
04/20/2026 10:36:52 - INFO - utils.trainer -   ***** Running evaluation on test0 dataset *****
04/20/2026 10:36:54 - INFO - utils.trainer -   AUC: 0.48986
04/20/2026 10:36:54 - INFO - utils.trainer -   Accuracy: 0.22930
04/20/2026 10:36:54 - INFO - utils.trainer -   Precision: 0.24588
04/20/2026 10:36:54 - INFO - utils.trainer -   Recall: 0.22840
04/20/2026 10:36:54 - INFO - utils.trainer -   F_score: 0.21048
04/20/2026 10:36:54 - INFO - utils.trainer -   Loss: 5.05998
04/20/2026 10:36:54 - INFO - utils.trainer -    Train loss: 1.06602, Test loss: 5.05998,Epoch time = 6.427s
04/20/2026 10:37:00 - INFO - utils.trainer -   ***** Running evaluation on test0 dataset *****
04/20/2026 10:37:02 - INFO - utils.trainer -   AUC: 0.53526
04/20/2026 10:37:02 - INFO - utils.trainer -   Accuracy: 0.27389
04/20/2026 10:37:02 - INFO - utils.trainer -   Precision: 0.29959
04/20/2026 10:37:02 - INFO - utils.trainer -   Recall: 0.27589
04/20/2026 10:37:02 - INFO - utils.trainer -   F_score: 0.26327
04/20/2026 10:37:02 - INFO - utils.trainer -   Loss: 4.42355
04/20/2026 10:37:02 - INFO - utils.trainer -    Train loss: 1.03521, Test loss: 4.42355,Epoch time = 6.597s
04/20/2026 10:37:09 - INFO - utils.trainer -   ***** Running evaluation on test0 dataset *****
04/20/2026 10:37:11 - INFO - utils.trainer -   AUC: 0.50617
04/20/2026 10:37:11 - INFO - utils.trainer -   Accuracy: 0.21656
04/20/2026 10:37:11 - INFO - utils.trainer -   Precision: 0.23017
04/20/2026 10:37:11 - INFO - utils.trainer -   Recall: 0.22009
04/20/2026 10:37:11 - INFO - utils.trainer -   F_score: 0.20211
04/20/2026 10:37:11 - INFO - utils.trainer -   Loss: 3.09896
04/20/2026 10:37:11 - INFO - utils.trainer -    Train loss: 1.14375, Test loss: 3.09896,Epoch time = 7.144s
04/20/2026 10:37:16 - INFO - utils.trainer -   ***** Running evaluation on test0 dataset *****
04/20/2026 10:37:18 - INFO - utils.trainer -   AUC: 0.52490
04/20/2026 10:37:18 - INFO - utils.trainer -   Accuracy: 0.19745
04/20/2026 10:37:18 - INFO - utils.trainer -   Precision: 0.17738
04/20/2026 10:37:18 - INFO - utils.trainer -   Recall: 0.20161
04/20/2026 10:37:18 - INFO - utils.trainer -   F_score: 0.17385
04/20/2026 10:37:18 - INFO - utils.trainer -   Loss: 2.71602
04/20/2026 10:37:18 - INFO - utils.trainer -    Train loss: 1.02085, Test loss: 2.71602,Epoch time = 5.194s
04/20/2026 10:37:25 - INFO - utils.trainer -   ***** Running evaluation on test0 dataset *****
04/20/2026 10:37:27 - INFO - utils.trainer -   AUC: 0.49062
04/20/2026 10:37:27 - INFO - utils.trainer -   Accuracy: 0.23567
04/20/2026 10:37:27 - INFO - utils.trainer -   Precision: 0.23762
04/20/2026 10:37:27 - INFO - utils.trainer -   Recall: 0.23498
04/20/2026 10:37:27 - INFO - utils.trainer -   F_score: 0.21918
04/20/2026 10:37:27 - INFO - utils.trainer -   Loss: 4.86770
04/20/2026 10:37:27 - INFO - utils.trainer -    Train loss: 1.09431, Test loss: 4.86770,Epoch time = 7.264s
04/20/2026 10:37:32 - INFO - utils.trainer -   ***** Running evaluation on test0 dataset *****
04/20/2026 10:37:34 - INFO - utils.trainer -   AUC: 0.51846
04/20/2026 10:37:34 - INFO - utils.trainer -   Accuracy: 0.24204
04/20/2026 10:37:34 - INFO - utils.trainer -   Precision: 0.24217
04/20/2026 10:37:34 - INFO - utils.trainer -   Recall: 0.24336
04/20/2026 10:37:34 - INFO - utils.trainer -   F_score: 0.22397
04/20/2026 10:37:34 - INFO - utils.trainer -   Loss: 4.76620
04/20/2026 10:37:34 - INFO - utils.trainer -    Train loss: 1.03370, Test loss: 4.76620,Epoch time = 5.537s
04/20/2026 10:37:41 - INFO - utils.trainer -   ***** Running evaluation on test0 dataset *****
04/20/2026 10:37:43 - INFO - utils.trainer -   AUC: 0.53553
04/20/2026 10:37:43 - INFO - utils.trainer -   Accuracy: 0.25478
04/20/2026 10:37:43 - INFO - utils.trainer -   Precision: 0.26995
04/20/2026 10:37:43 - INFO - utils.trainer -   Recall: 0.25741
04/20/2026 10:37:43 - INFO - utils.trainer -   F_score: 0.23408
04/20/2026 10:37:43 - INFO - utils.trainer -   Loss: 4.40033
04/20/2026 10:37:43 - INFO - utils.trainer -    Train loss: 1.06025, Test loss: 4.40033,Epoch time = 6.973s
04/20/2026 10:37:49 - INFO - utils.trainer -   ***** Running evaluation on test0 dataset *****
04/20/2026 10:37:51 - INFO - utils.trainer -   AUC: 0.51969
04/20/2026 10:37:51 - INFO - utils.trainer -   Accuracy: 0.22293
04/20/2026 10:37:51 - INFO - utils.trainer -   Precision: 0.24427
04/20/2026 10:37:51 - INFO - utils.trainer -   Recall: 0.22667
04/20/2026 10:37:51 - INFO - utils.trainer -   F_score: 0.20919
04/20/2026 10:37:51 - INFO - utils.trainer -   Loss: 4.15095
04/20/2026 10:37:51 - INFO - utils.trainer -    Train loss: 0.97500, Test loss: 4.15095,Epoch time = 6.462s
04/20/2026 10:37:58 - INFO - utils.trainer -   ***** Running evaluation on test0 dataset *****
04/20/2026 10:38:00 - INFO - utils.trainer -   AUC: 0.52811
04/20/2026 10:38:00 - INFO - utils.trainer -   Accuracy: 0.24204
04/20/2026 10:38:00 - INFO - utils.trainer -   Precision: 0.26558
04/20/2026 10:38:00 - INFO - utils.trainer -   Recall: 0.24353
04/20/2026 10:38:00 - INFO - utils.trainer -   F_score: 0.22372
04/20/2026 10:38:00 - INFO - utils.trainer -   Loss: 3.61079
04/20/2026 10:38:00 - INFO - utils.trainer -    Train loss: 0.98075, Test loss: 3.61079,Epoch time = 6.926s
04/20/2026 10:38:05 - INFO - utils.trainer -   ***** Running evaluation on test0 dataset *****
04/20/2026 10:38:07 - INFO - utils.trainer -   AUC: 0.51879
04/20/2026 10:38:07 - INFO - utils.trainer -   Accuracy: 0.21019
04/20/2026 10:38:07 - INFO - utils.trainer -   Precision: 0.20795
04/20/2026 10:38:07 - INFO - utils.trainer -   Recall: 0.21351
04/20/2026 10:38:07 - INFO - utils.trainer -   F_score: 0.19869
04/20/2026 10:38:07 - INFO - utils.trainer -   Loss: 4.10640
04/20/2026 10:38:07 - INFO - utils.trainer -    Train loss: 1.01048, Test loss: 4.10640,Epoch time = 5.866s
04/20/2026 10:38:14 - INFO - utils.trainer -   ***** Running evaluation on test0 dataset *****
04/20/2026 10:38:16 - INFO - utils.trainer -   AUC: 0.51647
04/20/2026 10:38:16 - INFO - utils.trainer -   Accuracy: 0.24204
04/20/2026 10:38:16 - INFO - utils.trainer -   Precision: 0.26252
04/20/2026 10:38:16 - INFO - utils.trainer -   Recall: 0.24640
04/20/2026 10:38:16 - INFO - utils.trainer -   F_score: 0.22806
04/20/2026 10:38:16 - INFO - utils.trainer -   Loss: 4.24478
04/20/2026 10:38:16 - INFO - utils.trainer -    Train loss: 1.01281, Test loss: 4.24478,Epoch time = 7.340s
04/20/2026 10:38:22 - INFO - utils.trainer -   ***** Running evaluation on test0 dataset *****
04/20/2026 10:38:23 - INFO - utils.trainer -   AUC: 0.51805
04/20/2026 10:38:23 - INFO - utils.trainer -   Accuracy: 0.25478
04/20/2026 10:38:23 - INFO - utils.trainer -   Precision: 0.27060
04/20/2026 10:38:23 - INFO - utils.trainer -   Recall: 0.25400
04/20/2026 10:38:23 - INFO - utils.trainer -   F_score: 0.23742
04/20/2026 10:38:23 - INFO - utils.trainer -   Loss: 4.15876
04/20/2026 10:38:23 - INFO - utils.trainer -    Train loss: 1.00943, Test loss: 4.15876,Epoch time = 5.456s
04/20/2026 10:38:31 - INFO - utils.trainer -   ***** Running evaluation on test0 dataset *****
04/20/2026 10:38:32 - INFO - utils.trainer -   AUC: 0.50189
04/20/2026 10:38:32 - INFO - utils.trainer -   Accuracy: 0.24204
04/20/2026 10:38:32 - INFO - utils.trainer -   Precision: 0.24469
04/20/2026 10:38:32 - INFO - utils.trainer -   Recall: 0.24174
04/20/2026 10:38:32 - INFO - utils.trainer -   F_score: 0.22383
04/20/2026 10:38:32 - INFO - utils.trainer -   Loss: 4.19525
04/20/2026 10:38:32 - INFO - utils.trainer -    Train loss: 0.88003, Test loss: 4.19525,Epoch time = 7.208s
04/20/2026 10:38:39 - INFO - utils.trainer -   ***** Running evaluation on test0 dataset *****
04/20/2026 10:38:41 - INFO - utils.trainer -   AUC: 0.48716
04/20/2026 10:38:41 - INFO - utils.trainer -   Accuracy: 0.21019
04/20/2026 10:38:41 - INFO - utils.trainer -   Precision: 0.19294
04/20/2026 10:38:41 - INFO - utils.trainer -   Recall: 0.21118
04/20/2026 10:38:41 - INFO - utils.trainer -   F_score: 0.19164
04/20/2026 10:38:41 - INFO - utils.trainer -   Loss: 5.71353
04/20/2026 10:38:41 - INFO - utils.trainer -    Train loss: 1.06861, Test loss: 5.71353,Epoch time = 6.716s
04/20/2026 10:38:48 - INFO - utils.trainer -   ***** Running evaluation on test0 dataset *****
04/20/2026 10:38:50 - INFO - utils.trainer -   AUC: 0.48800
04/20/2026 10:38:50 - INFO - utils.trainer -   Accuracy: 0.22930
04/20/2026 10:38:50 - INFO - utils.trainer -   Precision: 0.22087
04/20/2026 10:38:50 - INFO - utils.trainer -   Recall: 0.22930
04/20/2026 10:38:50 - INFO - utils.trainer -   F_score: 0.21359
04/20/2026 10:38:50 - INFO - utils.trainer -   Loss: 4.16829
04/20/2026 10:38:50 - INFO - utils.trainer -    Train loss: 0.88775, Test loss: 4.16829,Epoch time = 6.841s
04/20/2026 10:38:56 - INFO - utils.trainer -   ***** Running evaluation on test0 dataset *****
04/20/2026 10:38:58 - INFO - utils.trainer -   AUC: 0.46795
04/20/2026 10:38:58 - INFO - utils.trainer -   Accuracy: 0.22293
04/20/2026 10:38:58 - INFO - utils.trainer -   Precision: 0.20889
04/20/2026 10:38:58 - INFO - utils.trainer -   Recall: 0.21644
04/20/2026 10:38:58 - INFO - utils.trainer -   F_score: 0.19680
04/20/2026 10:38:58 - INFO - utils.trainer -   Loss: 4.40289
04/20/2026 10:38:58 - INFO - utils.trainer -    Train loss: 0.94275, Test loss: 4.40289,Epoch time = 6.368s
04/20/2026 10:39:06 - INFO - utils.trainer -   ***** Running evaluation on test0 dataset *****
04/20/2026 10:39:07 - INFO - utils.trainer -   AUC: 0.46944
04/20/2026 10:39:07 - INFO - utils.trainer -   Accuracy: 0.21656
04/20/2026 10:39:07 - INFO - utils.trainer -   Precision: 0.21720
04/20/2026 10:39:07 - INFO - utils.trainer -   Recall: 0.21327
04/20/2026 10:39:07 - INFO - utils.trainer -   F_score: 0.20683
04/20/2026 10:39:07 - INFO - utils.trainer -   Loss: 3.43153
04/20/2026 10:39:07 - INFO - utils.trainer -    Train loss: 0.95121, Test loss: 3.43153,Epoch time = 7.677s
04/20/2026 10:39:13 - INFO - utils.trainer -   ***** Running evaluation on test0 dataset *****
04/20/2026 10:39:15 - INFO - utils.trainer -   AUC: 0.49325
04/20/2026 10:39:15 - INFO - utils.trainer -   Accuracy: 0.20382
04/20/2026 10:39:15 - INFO - utils.trainer -   Precision: 0.21142
04/20/2026 10:39:15 - INFO - utils.trainer -   Recall: 0.20872
04/20/2026 10:39:15 - INFO - utils.trainer -   F_score: 0.19519
04/20/2026 10:39:15 - INFO - utils.trainer -   Loss: 3.31353
04/20/2026 10:39:15 - INFO - utils.trainer -    Train loss: 0.96713, Test loss: 3.31353,Epoch time = 5.954s
04/20/2026 10:39:22 - INFO - utils.trainer -   ***** Running evaluation on test0 dataset *****
04/20/2026 10:39:24 - INFO - utils.trainer -   AUC: 0.49405
04/20/2026 10:39:24 - INFO - utils.trainer -   Accuracy: 0.22930
04/20/2026 10:39:24 - INFO - utils.trainer -   Precision: 0.23084
04/20/2026 10:39:24 - INFO - utils.trainer -   Recall: 0.22123
04/20/2026 10:39:24 - INFO - utils.trainer -   F_score: 0.20604
04/20/2026 10:39:24 - INFO - utils.trainer -   Loss: 3.54117
04/20/2026 10:39:24 - INFO - utils.trainer -    Train loss: 0.93300, Test loss: 3.54117,Epoch time = 7.159s
04/20/2026 10:39:31 - INFO - utils.trainer -   ***** Running evaluation on test0 dataset *****
04/20/2026 10:39:33 - INFO - utils.trainer -   AUC: 0.50218
04/20/2026 10:39:33 - INFO - utils.trainer -   Accuracy: 0.23567
04/20/2026 10:39:33 - INFO - utils.trainer -   Precision: 0.24874
04/20/2026 10:39:33 - INFO - utils.trainer -   Recall: 0.23462
04/20/2026 10:39:33 - INFO - utils.trainer -   F_score: 0.23115
04/20/2026 10:39:33 - INFO - utils.trainer -   Loss: 3.39283
04/20/2026 10:39:33 - INFO - utils.trainer -    Train loss: 0.93888, Test loss: 3.39283,Epoch time = 6.905s
04/20/2026 10:39:40 - INFO - utils.trainer -   ***** Running evaluation on test0 dataset *****
04/20/2026 10:39:42 - INFO - utils.trainer -   AUC: 0.50091
04/20/2026 10:39:42 - INFO - utils.trainer -   Accuracy: 0.28025
04/20/2026 10:39:42 - INFO - utils.trainer -   Precision: 0.27917
04/20/2026 10:39:42 - INFO - utils.trainer -   Recall: 0.26793
04/20/2026 10:39:42 - INFO - utils.trainer -   F_score: 0.25037
04/20/2026 10:39:42 - INFO - utils.trainer -   Loss: 3.44452
04/20/2026 10:39:42 - INFO - utils.trainer -    Train loss: 0.91175, Test loss: 3.44452,Epoch time = 7.116s
04/20/2026 10:39:48 - INFO - utils.trainer -   ***** Running evaluation on test0 dataset *****
04/20/2026 10:39:50 - INFO - utils.trainer -   AUC: 0.50806
04/20/2026 10:39:50 - INFO - utils.trainer -   Accuracy: 0.24841
04/20/2026 10:39:50 - INFO - utils.trainer -   Precision: 0.26220
04/20/2026 10:39:50 - INFO - utils.trainer -   Recall: 0.24867
04/20/2026 10:39:50 - INFO - utils.trainer -   F_score: 0.23419
04/20/2026 10:39:50 - INFO - utils.trainer -   Loss: 3.90083
04/20/2026 10:39:50 - INFO - utils.trainer -    Train loss: 0.93789, Test loss: 3.90083,Epoch time = 6.148s
04/20/2026 10:39:57 - INFO - utils.trainer -   ***** Running evaluation on test0 dataset *****
04/20/2026 10:39:59 - INFO - utils.trainer -   AUC: 0.49813
04/20/2026 10:39:59 - INFO - utils.trainer -   Accuracy: 0.29299
04/20/2026 10:39:59 - INFO - utils.trainer -   Precision: 0.29022
04/20/2026 10:39:59 - INFO - utils.trainer -   Recall: 0.28127
04/20/2026 10:39:59 - INFO - utils.trainer -   F_score: 0.26678
04/20/2026 10:39:59 - INFO - utils.trainer -   Loss: 4.29568
04/20/2026 10:39:59 - INFO - utils.trainer -    Train loss: 0.81712, Test loss: 4.29568,Epoch time = 7.482s
04/20/2026 10:40:06 - INFO - utils.trainer -   ***** Running evaluation on test0 dataset *****
04/20/2026 10:40:07 - INFO - utils.trainer -   AUC: 0.49805
04/20/2026 10:40:07 - INFO - utils.trainer -   Accuracy: 0.29936
04/20/2026 10:40:07 - INFO - utils.trainer -   Precision: 0.29691
04/20/2026 10:40:07 - INFO - utils.trainer -   Recall: 0.28857
04/20/2026 10:40:07 - INFO - utils.trainer -   F_score: 0.27563
04/20/2026 10:40:07 - INFO - utils.trainer -   Loss: 3.67976
04/20/2026 10:40:07 - INFO - utils.trainer -    Train loss: 0.95849, Test loss: 3.67976,Epoch time = 6.423s
04/20/2026 10:40:14 - INFO - utils.trainer -   ***** Running evaluation on test0 dataset *****
04/20/2026 10:40:16 - INFO - utils.trainer -   AUC: 0.51591
04/20/2026 10:40:16 - INFO - utils.trainer -   Accuracy: 0.32484
04/20/2026 10:40:16 - INFO - utils.trainer -   Precision: 0.33078
04/20/2026 10:40:16 - INFO - utils.trainer -   Recall: 0.31631
04/20/2026 10:40:16 - INFO - utils.trainer -   F_score: 0.31133
04/20/2026 10:40:16 - INFO - utils.trainer -   Loss: 3.54339
04/20/2026 10:40:16 - INFO - utils.trainer -    Train loss: 0.90228, Test loss: 3.54339,Epoch time = 6.820s
04/20/2026 10:40:23 - INFO - utils.trainer -   ***** Running evaluation on test0 dataset *****
04/20/2026 10:40:25 - INFO - utils.trainer -   AUC: 0.53274
04/20/2026 10:40:25 - INFO - utils.trainer -   Accuracy: 0.32484
04/20/2026 10:40:25 - INFO - utils.trainer -   Precision: 0.35138
04/20/2026 10:40:25 - INFO - utils.trainer -   Recall: 0.31631
04/20/2026 10:40:25 - INFO - utils.trainer -   F_score: 0.31346
04/20/2026 10:40:25 - INFO - utils.trainer -   Loss: 3.46308
04/20/2026 10:40:25 - INFO - utils.trainer -    Train loss: 0.94456, Test loss: 3.46308,Epoch time = 6.811s
04/20/2026 10:40:32 - INFO - utils.trainer -   ***** Running evaluation on test0 dataset *****
04/20/2026 10:40:34 - INFO - utils.trainer -   AUC: 0.51547
04/20/2026 10:40:34 - INFO - utils.trainer -   Accuracy: 0.30573
04/20/2026 10:40:34 - INFO - utils.trainer -   Precision: 0.32747
04/20/2026 10:40:34 - INFO - utils.trainer -   Recall: 0.29335
04/20/2026 10:40:34 - INFO - utils.trainer -   F_score: 0.27676
04/20/2026 10:40:34 - INFO - utils.trainer -   Loss: 3.31387
04/20/2026 10:40:34 - INFO - utils.trainer -    Train loss: 0.92071, Test loss: 3.31387,Epoch time = 7.116s
04/20/2026 10:40:39 - INFO - utils.trainer -   ***** Running evaluation on test0 dataset *****
04/20/2026 10:40:41 - INFO - utils.trainer -   AUC: 0.50701
04/20/2026 10:40:41 - INFO - utils.trainer -   Accuracy: 0.28662
04/20/2026 10:40:41 - INFO - utils.trainer -   Precision: 0.27671
04/20/2026 10:40:41 - INFO - utils.trainer -   Recall: 0.27612
04/20/2026 10:40:41 - INFO - utils.trainer -   F_score: 0.26022
04/20/2026 10:40:41 - INFO - utils.trainer -   Loss: 4.04235
04/20/2026 10:40:41 - INFO - utils.trainer -    Train loss: 0.98192, Test loss: 4.04235,Epoch time = 5.541s
04/20/2026 10:40:49 - INFO - utils.trainer -   ***** Running evaluation on test0 dataset *****
04/20/2026 10:40:50 - INFO - utils.trainer -   AUC: 0.49033
04/20/2026 10:40:50 - INFO - utils.trainer -   Accuracy: 0.28662
04/20/2026 10:40:50 - INFO - utils.trainer -   Precision: 0.28415
04/20/2026 10:40:50 - INFO - utils.trainer -   Recall: 0.27469
04/20/2026 10:40:50 - INFO - utils.trainer -   F_score: 0.25565
04/20/2026 10:40:50 - INFO - utils.trainer -   Loss: 3.82668
04/20/2026 10:40:50 - INFO - utils.trainer -    Train loss: 0.83973, Test loss: 3.82668,Epoch time = 7.522s
04/20/2026 10:40:57 - INFO - utils.trainer -   ***** Running evaluation on test0 dataset *****
04/20/2026 10:40:58 - INFO - utils.trainer -   AUC: 0.51499
04/20/2026 10:40:58 - INFO - utils.trainer -   Accuracy: 0.31847
04/20/2026 10:40:58 - INFO - utils.trainer -   Precision: 0.33551
04/20/2026 10:40:58 - INFO - utils.trainer -   Recall: 0.30866
04/20/2026 10:40:58 - INFO - utils.trainer -   F_score: 0.30054
04/20/2026 10:40:58 - INFO - utils.trainer -   Loss: 3.79075
04/20/2026 10:40:58 - INFO - utils.trainer -    Train loss: 0.90070, Test loss: 3.79075,Epoch time = 6.282s
04/20/2026 10:41:05 - INFO - utils.trainer -   ***** Running evaluation on test0 dataset *****
04/20/2026 10:41:07 - INFO - utils.trainer -   AUC: 0.53105
04/20/2026 10:41:07 - INFO - utils.trainer -   Accuracy: 0.28025
04/20/2026 10:41:07 - INFO - utils.trainer -   Precision: 0.29354
04/20/2026 10:41:07 - INFO - utils.trainer -   Recall: 0.27977
04/20/2026 10:41:07 - INFO - utils.trainer -   F_score: 0.27592
04/20/2026 10:41:07 - INFO - utils.trainer -   Loss: 3.70964
04/20/2026 10:41:07 - INFO - utils.trainer -    Train loss: 0.93813, Test loss: 3.70964,Epoch time = 6.662s
04/20/2026 10:41:14 - INFO - utils.trainer -   ***** Running evaluation on test0 dataset *****
04/20/2026 10:41:15 - INFO - utils.trainer -   AUC: 0.53139
04/20/2026 10:41:15 - INFO - utils.trainer -   Accuracy: 0.33121
04/20/2026 10:41:15 - INFO - utils.trainer -   Precision: 0.34108
04/20/2026 10:41:15 - INFO - utils.trainer -   Recall: 0.32272
04/20/2026 10:41:15 - INFO - utils.trainer -   F_score: 0.31653
04/20/2026 10:41:15 - INFO - utils.trainer -   Loss: 4.53125
04/20/2026 10:41:15 - INFO - utils.trainer -    Train loss: 0.97217, Test loss: 4.53125,Epoch time = 6.857s
04/20/2026 10:41:15 - INFO - utils.trainer -   Saving model checkpoint to output_dir/FBNetGen
04/20/2026 10:41:23 - INFO - utils.trainer -   ***** Running evaluation on test0 dataset *****
04/20/2026 10:41:25 - INFO - utils.trainer -   AUC: 0.51622
04/20/2026 10:41:25 - INFO - utils.trainer -   Accuracy: 0.31210
04/20/2026 10:41:25 - INFO - utils.trainer -   Precision: 0.30908
04/20/2026 10:41:25 - INFO - utils.trainer -   Recall: 0.30262
04/20/2026 10:41:25 - INFO - utils.trainer -   F_score: 0.29201
04/20/2026 10:41:25 - INFO - utils.trainer -   Loss: 4.29813
04/20/2026 10:41:25 - INFO - utils.trainer -    Train loss: 0.89008, Test loss: 4.29813,Epoch time = 7.543s
04/20/2026 10:41:30 - INFO - utils.trainer -   ***** Running evaluation on test0 dataset *****
04/20/2026 10:41:32 - INFO - utils.trainer -   AUC: 0.50280
04/20/2026 10:41:32 - INFO - utils.trainer -   Accuracy: 0.29936
04/20/2026 10:41:32 - INFO - utils.trainer -   Precision: 0.28976
04/20/2026 10:41:32 - INFO - utils.trainer -   Recall: 0.28588
04/20/2026 10:41:32 - INFO - utils.trainer -   F_score: 0.26580
04/20/2026 10:41:32 - INFO - utils.trainer -   Loss: 4.22770
04/20/2026 10:41:32 - INFO - utils.trainer -    Train loss: 0.94295, Test loss: 4.22770,Epoch time = 5.435s
04/20/2026 10:41:40 - INFO - utils.trainer -   ***** Running evaluation on test0 dataset *****
04/20/2026 10:41:41 - INFO - utils.trainer -   AUC: 0.51233
04/20/2026 10:41:41 - INFO - utils.trainer -   Accuracy: 0.23567
04/20/2026 10:41:41 - INFO - utils.trainer -   Precision: 0.24602
04/20/2026 10:41:41 - INFO - utils.trainer -   Recall: 0.23606
04/20/2026 10:41:41 - INFO - utils.trainer -   F_score: 0.22767
04/20/2026 10:41:41 - INFO - utils.trainer -   Loss: 3.49479
04/20/2026 10:41:41 - INFO - utils.trainer -    Train loss: 0.87449, Test loss: 3.49479,Epoch time = 7.545s
04/20/2026 10:41:48 - INFO - utils.trainer -   ***** Running evaluation on test0 dataset *****
04/20/2026 10:41:50 - INFO - utils.trainer -   AUC: 0.54352
04/20/2026 10:41:50 - INFO - utils.trainer -   Accuracy: 0.28025
04/20/2026 10:41:50 - INFO - utils.trainer -   Precision: 0.30488
04/20/2026 10:41:50 - INFO - utils.trainer -   Recall: 0.27995
04/20/2026 10:41:50 - INFO - utils.trainer -   F_score: 0.27706
04/20/2026 10:41:50 - INFO - utils.trainer -   Loss: 2.75353
04/20/2026 10:41:50 - INFO - utils.trainer -    Train loss: 0.87150, Test loss: 2.75353,Epoch time = 6.383s
04/20/2026 10:41:56 - INFO - utils.trainer -   ***** Running evaluation on test0 dataset *****
04/20/2026 10:41:58 - INFO - utils.trainer -   AUC: 0.52660
04/20/2026 10:41:58 - INFO - utils.trainer -   Accuracy: 0.33758
04/20/2026 10:41:58 - INFO - utils.trainer -   Precision: 0.34194
04/20/2026 10:41:58 - INFO - utils.trainer -   Recall: 0.33019
04/20/2026 10:41:58 - INFO - utils.trainer -   F_score: 0.32221
04/20/2026 10:41:58 - INFO - utils.trainer -   Loss: 3.07656
04/20/2026 10:41:58 - INFO - utils.trainer -    Train loss: 0.99157, Test loss: 3.07656,Epoch time = 6.627s
04/20/2026 10:41:58 - INFO - utils.trainer -   Saving model checkpoint to output_dir/FBNetGen
04/20/2026 10:42:05 - INFO - utils.trainer -   ***** Running evaluation on test0 dataset *****
04/20/2026 10:42:07 - INFO - utils.trainer -   AUC: 0.50058
04/20/2026 10:42:07 - INFO - utils.trainer -   Accuracy: 0.23567
04/20/2026 10:42:07 - INFO - utils.trainer -   Precision: 0.25327
04/20/2026 10:42:07 - INFO - utils.trainer -   Recall: 0.23265
04/20/2026 10:42:07 - INFO - utils.trainer -   F_score: 0.22838
04/20/2026 10:42:07 - INFO - utils.trainer -   Loss: 3.90909
04/20/2026 10:42:07 - INFO - utils.trainer -    Train loss: 0.93243, Test loss: 3.90909,Epoch time = 6.869s
04/20/2026 10:42:14 - INFO - utils.trainer -   ***** Running evaluation on test0 dataset *****
04/20/2026 10:42:16 - INFO - utils.trainer -   AUC: 0.52568
04/20/2026 10:42:16 - INFO - utils.trainer -   Accuracy: 0.26752
04/20/2026 10:42:16 - INFO - utils.trainer -   Precision: 0.28394
04/20/2026 10:42:16 - INFO - utils.trainer -   Recall: 0.26679
04/20/2026 10:42:16 - INFO - utils.trainer -   F_score: 0.26656
04/20/2026 10:42:16 - INFO - utils.trainer -   Loss: 3.50136
04/20/2026 10:42:16 - INFO - utils.trainer -    Train loss: 0.87742, Test loss: 3.50136,Epoch time = 7.276s
04/20/2026 10:42:21 - INFO - utils.trainer -   ***** Running evaluation on test0 dataset *****
04/20/2026 10:42:23 - INFO - utils.trainer -   AUC: 0.53168
04/20/2026 10:42:23 - INFO - utils.trainer -   Accuracy: 0.29936
04/20/2026 10:42:23 - INFO - utils.trainer -   Precision: 0.29211
04/20/2026 10:42:23 - INFO - utils.trainer -   Recall: 0.28947
04/20/2026 10:42:23 - INFO - utils.trainer -   F_score: 0.27762
04/20/2026 10:42:23 - INFO - utils.trainer -   Loss: 2.96011
04/20/2026 10:42:23 - INFO - utils.trainer -    Train loss: 0.83052, Test loss: 2.96011,Epoch time = 5.445s
04/20/2026 10:42:31 - INFO - utils.trainer -   ***** Running evaluation on test0 dataset *****
04/20/2026 10:42:33 - INFO - utils.trainer -   AUC: 0.52588
04/20/2026 10:42:33 - INFO - utils.trainer -   Accuracy: 0.29936
04/20/2026 10:42:33 - INFO - utils.trainer -   Precision: 0.30006
04/20/2026 10:42:33 - INFO - utils.trainer -   Recall: 0.29466
04/20/2026 10:42:33 - INFO - utils.trainer -   F_score: 0.29324
04/20/2026 10:42:33 - INFO - utils.trainer -   Loss: 3.18363
04/20/2026 10:42:33 - INFO - utils.trainer -    Train loss: 0.82810, Test loss: 3.18363,Epoch time = 7.495s
04/20/2026 10:42:39 - INFO - utils.trainer -   ***** Running evaluation on test0 dataset *****
04/20/2026 10:42:41 - INFO - utils.trainer -   AUC: 0.51738
04/20/2026 10:42:41 - INFO - utils.trainer -   Accuracy: 0.31210
04/20/2026 10:42:41 - INFO - utils.trainer -   Precision: 0.32426
04/20/2026 10:42:41 - INFO - utils.trainer -   Recall: 0.30101
04/20/2026 10:42:41 - INFO - utils.trainer -   F_score: 0.29051
04/20/2026 10:42:41 - INFO - utils.trainer -   Loss: 4.42564
04/20/2026 10:42:41 - INFO - utils.trainer -    Train loss: 0.90766, Test loss: 4.42564,Epoch time = 6.388s
04/20/2026 10:42:47 - INFO - utils.trainer -   ***** Running evaluation on test0 dataset *****
04/20/2026 10:42:49 - INFO - utils.trainer -   AUC: 0.51200
04/20/2026 10:42:49 - INFO - utils.trainer -   Accuracy: 0.22293
04/20/2026 10:42:49 - INFO - utils.trainer -   Precision: 0.22878
04/20/2026 10:42:49 - INFO - utils.trainer -   Recall: 0.22595
04/20/2026 10:42:49 - INFO - utils.trainer -   F_score: 0.22087
04/20/2026 10:42:49 - INFO - utils.trainer -   Loss: 5.10783
04/20/2026 10:42:49 - INFO - utils.trainer -    Train loss: 0.93242, Test loss: 5.10783,Epoch time = 6.606s
04/20/2026 10:42:56 - INFO - utils.trainer -   ***** Running evaluation on test0 dataset *****
04/20/2026 10:42:58 - INFO - utils.trainer -   AUC: 0.52467
04/20/2026 10:42:58 - INFO - utils.trainer -   Accuracy: 0.31210
04/20/2026 10:42:58 - INFO - utils.trainer -   Precision: 0.30405
04/20/2026 10:42:58 - INFO - utils.trainer -   Recall: 0.30531
04/20/2026 10:42:58 - INFO - utils.trainer -   F_score: 0.29749
04/20/2026 10:42:58 - INFO - utils.trainer -   Loss: 3.09807
04/20/2026 10:42:58 - INFO - utils.trainer -    Train loss: 0.90430, Test loss: 3.09807,Epoch time = 6.559s
04/20/2026 10:43:05 - INFO - utils.trainer -   ***** Running evaluation on test0 dataset *****
04/20/2026 10:43:07 - INFO - utils.trainer -   AUC: 0.53230
04/20/2026 10:43:07 - INFO - utils.trainer -   Accuracy: 0.31210
04/20/2026 10:43:07 - INFO - utils.trainer -   Precision: 0.31702
04/20/2026 10:43:07 - INFO - utils.trainer -   Recall: 0.30854
04/20/2026 10:43:07 - INFO - utils.trainer -   F_score: 0.30630
04/20/2026 10:43:07 - INFO - utils.trainer -   Loss: 3.64984
04/20/2026 10:43:07 - INFO - utils.trainer -    Train loss: 0.87597, Test loss: 3.64984,Epoch time = 7.388s
04/20/2026 10:43:12 - INFO - utils.trainer -   ***** Running evaluation on test0 dataset *****
04/20/2026 10:43:14 - INFO - utils.trainer -   AUC: 0.52982
04/20/2026 10:43:14 - INFO - utils.trainer -   Accuracy: 0.31847
04/20/2026 10:43:14 - INFO - utils.trainer -   Precision: 0.31399
04/20/2026 10:43:14 - INFO - utils.trainer -   Recall: 0.31063
04/20/2026 10:43:14 - INFO - utils.trainer -   F_score: 0.30389
04/20/2026 10:43:14 - INFO - utils.trainer -   Loss: 3.87675
04/20/2026 10:43:14 - INFO - utils.trainer -    Train loss: 0.79887, Test loss: 3.87675,Epoch time = 5.263s
04/20/2026 10:43:22 - INFO - utils.trainer -   ***** Running evaluation on test0 dataset *****
04/20/2026 10:43:23 - INFO - utils.trainer -   AUC: 0.54235
04/20/2026 10:43:23 - INFO - utils.trainer -   Accuracy: 0.33758
04/20/2026 10:43:23 - INFO - utils.trainer -   Precision: 0.34152
04/20/2026 10:43:23 - INFO - utils.trainer -   Recall: 0.33127
04/20/2026 10:43:23 - INFO - utils.trainer -   F_score: 0.32736
04/20/2026 10:43:23 - INFO - utils.trainer -   Loss: 3.48538
04/20/2026 10:43:23 - INFO - utils.trainer -    Train loss: 0.82297, Test loss: 3.48538,Epoch time = 7.514s
04/20/2026 10:43:23 - INFO - utils.trainer -   Saving model checkpoint to output_dir/FBNetGen
04/20/2026 10:43:30 - INFO - utils.trainer -   ***** Running evaluation on test0 dataset *****
04/20/2026 10:43:31 - INFO - utils.trainer -   AUC: 0.52260
04/20/2026 10:43:31 - INFO - utils.trainer -   Accuracy: 0.30573
04/20/2026 10:43:31 - INFO - utils.trainer -   Precision: 0.30921
04/20/2026 10:43:31 - INFO - utils.trainer -   Recall: 0.30447
04/20/2026 10:43:31 - INFO - utils.trainer -   F_score: 0.30362
04/20/2026 10:43:31 - INFO - utils.trainer -   Loss: 3.52103
04/20/2026 10:43:31 - INFO - utils.trainer -    Train loss: 0.85383, Test loss: 3.52103,Epoch time = 6.387s
04/20/2026 10:43:38 - INFO - utils.trainer -   ***** Running evaluation on test0 dataset *****
04/20/2026 10:43:40 - INFO - utils.trainer -   AUC: 0.52750
04/20/2026 10:43:40 - INFO - utils.trainer -   Accuracy: 0.24204
04/20/2026 10:43:40 - INFO - utils.trainer -   Precision: 0.25003
04/20/2026 10:43:40 - INFO - utils.trainer -   Recall: 0.24335
04/20/2026 10:43:40 - INFO - utils.trainer -   F_score: 0.24339
04/20/2026 10:43:40 - INFO - utils.trainer -   Loss: 3.30532
04/20/2026 10:43:40 - INFO - utils.trainer -    Train loss: 0.84095, Test loss: 3.30532,Epoch time = 6.630s
04/20/2026 10:43:47 - INFO - utils.trainer -   ***** Running evaluation on test0 dataset *****
04/20/2026 10:43:49 - INFO - utils.trainer -   AUC: 0.54173
04/20/2026 10:43:49 - INFO - utils.trainer -   Accuracy: 0.36943
04/20/2026 10:43:49 - INFO - utils.trainer -   Precision: 0.37701
04/20/2026 10:43:49 - INFO - utils.trainer -   Recall: 0.36255
04/20/2026 10:43:49 - INFO - utils.trainer -   F_score: 0.36003
04/20/2026 10:43:49 - INFO - utils.trainer -   Loss: 2.91887
04/20/2026 10:43:49 - INFO - utils.trainer -    Train loss: 0.89450, Test loss: 2.91887,Epoch time = 6.954s
04/20/2026 10:43:49 - INFO - utils.trainer -   Saving model checkpoint to output_dir/FBNetGen
04/20/2026 10:43:56 - INFO - utils.trainer -   ***** Running evaluation on test0 dataset *****
04/20/2026 10:43:58 - INFO - utils.trainer -   AUC: 0.53114
04/20/2026 10:43:58 - INFO - utils.trainer -   Accuracy: 0.31847
04/20/2026 10:43:58 - INFO - utils.trainer -   Precision: 0.33751
04/20/2026 10:43:58 - INFO - utils.trainer -   Recall: 0.31530
04/20/2026 10:43:58 - INFO - utils.trainer -   F_score: 0.31790
04/20/2026 10:43:58 - INFO - utils.trainer -   Loss: 2.97339
04/20/2026 10:43:58 - INFO - utils.trainer -    Train loss: 0.90875, Test loss: 2.97339,Epoch time = 7.165s
04/20/2026 10:44:03 - INFO - utils.trainer -   ***** Running evaluation on test0 dataset *****
04/20/2026 10:44:05 - INFO - utils.trainer -   AUC: 0.53738
04/20/2026 10:44:05 - INFO - utils.trainer -   Accuracy: 0.26752
04/20/2026 10:44:05 - INFO - utils.trainer -   Precision: 0.27646
04/20/2026 10:44:05 - INFO - utils.trainer -   Recall: 0.26931
04/20/2026 10:44:05 - INFO - utils.trainer -   F_score: 0.26254
04/20/2026 10:44:05 - INFO - utils.trainer -   Loss: 2.63089
04/20/2026 10:44:05 - INFO - utils.trainer -    Train loss: 0.81553, Test loss: 2.63089,Epoch time = 5.601s
04/20/2026 10:44:13 - INFO - utils.trainer -   ***** Running evaluation on test0 dataset *****
04/20/2026 10:44:14 - INFO - utils.trainer -   AUC: 0.52604
04/20/2026 10:44:14 - INFO - utils.trainer -   Accuracy: 0.25478
04/20/2026 10:44:14 - INFO - utils.trainer -   Precision: 0.26263
04/20/2026 10:44:14 - INFO - utils.trainer -   Recall: 0.25705
04/20/2026 10:44:14 - INFO - utils.trainer -   F_score: 0.25124
04/20/2026 10:44:14 - INFO - utils.trainer -   Loss: 3.08745
04/20/2026 10:44:14 - INFO - utils.trainer -    Train loss: 0.83464, Test loss: 3.08745,Epoch time = 7.495s
04/20/2026 10:44:21 - INFO - utils.trainer -   ***** Running evaluation on test0 dataset *****
04/20/2026 10:44:23 - INFO - utils.trainer -   AUC: 0.53453
04/20/2026 10:44:23 - INFO - utils.trainer -   Accuracy: 0.29299
04/20/2026 10:44:23 - INFO - utils.trainer -   Precision: 0.30465
04/20/2026 10:44:23 - INFO - utils.trainer -   Recall: 0.29077
04/20/2026 10:44:23 - INFO - utils.trainer -   F_score: 0.29336
04/20/2026 10:44:23 - INFO - utils.trainer -   Loss: 2.72013
04/20/2026 10:44:23 - INFO - utils.trainer -    Train loss: 0.87124, Test loss: 2.72013,Epoch time = 6.426s
04/20/2026 10:44:29 - INFO - utils.trainer -   ***** Running evaluation on test0 dataset *****
04/20/2026 10:44:31 - INFO - utils.trainer -   AUC: 0.53427
04/20/2026 10:44:31 - INFO - utils.trainer -   Accuracy: 0.30573
04/20/2026 10:44:31 - INFO - utils.trainer -   Precision: 0.31218
04/20/2026 10:44:31 - INFO - utils.trainer -   Recall: 0.30393
04/20/2026 10:44:31 - INFO - utils.trainer -   F_score: 0.30323
04/20/2026 10:44:31 - INFO - utils.trainer -   Loss: 2.82239
04/20/2026 10:44:31 - INFO - utils.trainer -    Train loss: 0.89988, Test loss: 2.82239,Epoch time = 6.534s
04/20/2026 10:44:38 - INFO - utils.trainer -   ***** Running evaluation on test0 dataset *****
04/20/2026 10:44:40 - INFO - utils.trainer -   AUC: 0.52709
04/20/2026 10:44:40 - INFO - utils.trainer -   Accuracy: 0.32484
04/20/2026 10:44:40 - INFO - utils.trainer -   Precision: 0.32140
04/20/2026 10:44:40 - INFO - utils.trainer -   Recall: 0.31631
04/20/2026 10:44:40 - INFO - utils.trainer -   F_score: 0.30967
04/20/2026 10:44:40 - INFO - utils.trainer -   Loss: 2.72236
04/20/2026 10:44:40 - INFO - utils.trainer -    Train loss: 0.82600, Test loss: 2.72236,Epoch time = 7.128s
04/20/2026 10:44:47 - INFO - utils.trainer -   ***** Running evaluation on test0 dataset *****
04/20/2026 10:44:49 - INFO - utils.trainer -   AUC: 0.54158
04/20/2026 10:44:49 - INFO - utils.trainer -   Accuracy: 0.29936
04/20/2026 10:44:49 - INFO - utils.trainer -   Precision: 0.29852
04/20/2026 10:44:49 - INFO - utils.trainer -   Recall: 0.29269
04/20/2026 10:44:49 - INFO - utils.trainer -   F_score: 0.28805
04/20/2026 10:44:49 - INFO - utils.trainer -   Loss: 2.87842
04/20/2026 10:44:49 - INFO - utils.trainer -    Train loss: 0.80675, Test loss: 2.87842,Epoch time = 7.327s
04/20/2026 10:44:55 - INFO - utils.trainer -   ***** Running evaluation on test0 dataset *****
04/20/2026 10:44:57 - INFO - utils.trainer -   AUC: 0.53895
04/20/2026 10:44:57 - INFO - utils.trainer -   Accuracy: 0.30573
04/20/2026 10:44:57 - INFO - utils.trainer -   Precision: 0.30317
04/20/2026 10:44:57 - INFO - utils.trainer -   Recall: 0.30089
04/20/2026 10:44:57 - INFO - utils.trainer -   F_score: 0.29761
04/20/2026 10:44:57 - INFO - utils.trainer -   Loss: 2.95007
04/20/2026 10:44:57 - INFO - utils.trainer -    Train loss: 0.84722, Test loss: 2.95007,Epoch time = 5.777s
04/20/2026 10:45:04 - INFO - utils.trainer -   ***** Running evaluation on test0 dataset *****
04/20/2026 10:45:06 - INFO - utils.trainer -   AUC: 0.53230
04/20/2026 10:45:06 - INFO - utils.trainer -   Accuracy: 0.29299
04/20/2026 10:45:06 - INFO - utils.trainer -   Precision: 0.29251
04/20/2026 10:45:06 - INFO - utils.trainer -   Recall: 0.29042
04/20/2026 10:45:06 - INFO - utils.trainer -   F_score: 0.28785
04/20/2026 10:45:06 - INFO - utils.trainer -   Loss: 3.45523
04/20/2026 10:45:06 - INFO - utils.trainer -    Train loss: 0.85361, Test loss: 3.45523,Epoch time = 7.535s
04/20/2026 10:45:13 - INFO - utils.trainer -   ***** Running evaluation on test0 dataset *****
04/20/2026 10:45:15 - INFO - utils.trainer -   AUC: 0.54371
04/20/2026 10:45:15 - INFO - utils.trainer -   Accuracy: 0.29936
04/20/2026 10:45:15 - INFO - utils.trainer -   Precision: 0.30213
04/20/2026 10:45:15 - INFO - utils.trainer -   Recall: 0.29628
04/20/2026 10:45:15 - INFO - utils.trainer -   F_score: 0.29529
04/20/2026 10:45:15 - INFO - utils.trainer -   Loss: 2.82960
04/20/2026 10:45:15 - INFO - utils.trainer -    Train loss: 0.81905, Test loss: 2.82960,Epoch time = 6.574s
04/20/2026 10:45:21 - INFO - utils.trainer -   ***** Running evaluation on test0 dataset *****
04/20/2026 10:45:23 - INFO - utils.trainer -   AUC: 0.54676
04/20/2026 10:45:23 - INFO - utils.trainer -   Accuracy: 0.31847
04/20/2026 10:45:23 - INFO - utils.trainer -   Precision: 0.31779
04/20/2026 10:45:23 - INFO - utils.trainer -   Recall: 0.31046
04/20/2026 10:45:23 - INFO - utils.trainer -   F_score: 0.30460
04/20/2026 10:45:23 - INFO - utils.trainer -   Loss: 2.54675
04/20/2026 10:45:23 - INFO - utils.trainer -    Train loss: 0.74037, Test loss: 2.54675,Epoch time = 6.600s
04/20/2026 10:45:30 - INFO - utils.trainer -   ***** Running evaluation on test0 dataset *****
04/20/2026 10:45:32 - INFO - utils.trainer -   AUC: 0.54867
04/20/2026 10:45:32 - INFO - utils.trainer -   Accuracy: 0.29299
04/20/2026 10:45:32 - INFO - utils.trainer -   Precision: 0.30903
04/20/2026 10:45:32 - INFO - utils.trainer -   Recall: 0.29831
04/20/2026 10:45:32 - INFO - utils.trainer -   F_score: 0.29522
04/20/2026 10:45:32 - INFO - utils.trainer -   Loss: 3.08277
04/20/2026 10:45:32 - INFO - utils.trainer -    Train loss: 0.84704, Test loss: 3.08277,Epoch time = 6.593s
04/20/2026 10:45:39 - INFO - utils.trainer -   ***** Running evaluation on test0 dataset *****
04/20/2026 10:45:41 - INFO - utils.trainer -   AUC: 0.55905
04/20/2026 10:45:41 - INFO - utils.trainer -   Accuracy: 0.31847
04/20/2026 10:45:41 - INFO - utils.trainer -   Precision: 0.32488
04/20/2026 10:45:41 - INFO - utils.trainer -   Recall: 0.31512
04/20/2026 10:45:41 - INFO - utils.trainer -   F_score: 0.31519
04/20/2026 10:45:41 - INFO - utils.trainer -   Loss: 2.74209
04/20/2026 10:45:41 - INFO - utils.trainer -    Train loss: 0.73338, Test loss: 2.74209,Epoch time = 7.652s
04/20/2026 10:45:47 - INFO - utils.trainer -   ***** Running evaluation on test0 dataset *****
04/20/2026 10:45:49 - INFO - utils.trainer -   AUC: 0.55255
04/20/2026 10:45:49 - INFO - utils.trainer -   Accuracy: 0.26752
04/20/2026 10:45:49 - INFO - utils.trainer -   Precision: 0.29119
04/20/2026 10:45:49 - INFO - utils.trainer -   Recall: 0.27074
04/20/2026 10:45:49 - INFO - utils.trainer -   F_score: 0.26915
04/20/2026 10:45:49 - INFO - utils.trainer -   Loss: 3.29498
04/20/2026 10:45:49 - INFO - utils.trainer -    Train loss: 0.75540, Test loss: 3.29498,Epoch time = 5.749s
04/20/2026 10:45:56 - INFO - utils.trainer -   ***** Running evaluation on test0 dataset *****
04/20/2026 10:45:58 - INFO - utils.trainer -   AUC: 0.53751
04/20/2026 10:45:58 - INFO - utils.trainer -   Accuracy: 0.27389
04/20/2026 10:45:58 - INFO - utils.trainer -   Precision: 0.28189
04/20/2026 10:45:58 - INFO - utils.trainer -   Recall: 0.27068
04/20/2026 10:45:58 - INFO - utils.trainer -   F_score: 0.26860
04/20/2026 10:45:58 - INFO - utils.trainer -   Loss: 3.12632
04/20/2026 10:45:58 - INFO - utils.trainer -    Train loss: 0.87193, Test loss: 3.12632,Epoch time = 7.443s
04/20/2026 10:46:05 - INFO - utils.trainer -   ***** Running evaluation on test0 dataset *****
04/20/2026 10:46:07 - INFO - utils.trainer -   AUC: 0.56774
04/20/2026 10:46:07 - INFO - utils.trainer -   Accuracy: 0.29936
04/20/2026 10:46:07 - INFO - utils.trainer -   Precision: 0.30415
04/20/2026 10:46:07 - INFO - utils.trainer -   Recall: 0.29790
04/20/2026 10:46:07 - INFO - utils.trainer -   F_score: 0.29484
04/20/2026 10:46:07 - INFO - utils.trainer -   Loss: 2.30707
04/20/2026 10:46:07 - INFO - utils.trainer -    Train loss: 0.84535, Test loss: 2.30707,Epoch time = 6.606s
04/20/2026 10:46:13 - INFO - utils.trainer -   ***** Running evaluation on test0 dataset *****
04/20/2026 10:46:15 - INFO - utils.trainer -   AUC: 0.55077
04/20/2026 10:46:15 - INFO - utils.trainer -   Accuracy: 0.28662
04/20/2026 10:46:15 - INFO - utils.trainer -   Precision: 0.28569
04/20/2026 10:46:15 - INFO - utils.trainer -   Recall: 0.28402
04/20/2026 10:46:15 - INFO - utils.trainer -   F_score: 0.28327
04/20/2026 10:46:15 - INFO - utils.trainer -   Loss: 2.49580
04/20/2026 10:46:15 - INFO - utils.trainer -    Train loss: 0.75283, Test loss: 2.49580,Epoch time = 6.659s
04/20/2026 10:46:21 - INFO - utils.trainer -   ***** Running evaluation on test0 dataset *****
04/20/2026 10:46:23 - INFO - utils.trainer -   AUC: 0.54950
04/20/2026 10:46:23 - INFO - utils.trainer -   Accuracy: 0.30573
04/20/2026 10:46:23 - INFO - utils.trainer -   Precision: 0.31138
04/20/2026 10:46:23 - INFO - utils.trainer -   Recall: 0.30734
04/20/2026 10:46:23 - INFO - utils.trainer -   F_score: 0.30018
04/20/2026 10:46:23 - INFO - utils.trainer -   Loss: 3.05956
04/20/2026 10:46:23 - INFO - utils.trainer -    Train loss: 0.80730, Test loss: 3.05956,Epoch time = 6.052s
04/20/2026 10:46:30 - INFO - utils.trainer -   ***** Running evaluation on test0 dataset *****
04/20/2026 10:46:32 - INFO - utils.trainer -   AUC: 0.55525
04/20/2026 10:46:32 - INFO - utils.trainer -   Accuracy: 0.34395
04/20/2026 10:46:32 - INFO - utils.trainer -   Precision: 0.35149
04/20/2026 10:46:32 - INFO - utils.trainer -   Recall: 0.33892
04/20/2026 10:46:32 - INFO - utils.trainer -   F_score: 0.33783
04/20/2026 10:46:32 - INFO - utils.trainer -   Loss: 2.68795
04/20/2026 10:46:32 - INFO - utils.trainer -    Train loss: 0.77936, Test loss: 2.68795,Epoch time = 7.510s
04/20/2026 10:46:38 - INFO - utils.trainer -   ***** Running evaluation on test0 dataset *****
04/20/2026 10:46:39 - INFO - utils.trainer -   AUC: 0.53689
04/20/2026 10:46:39 - INFO - utils.trainer -   Accuracy: 0.31210
04/20/2026 10:46:39 - INFO - utils.trainer -   Precision: 0.31552
04/20/2026 10:46:39 - INFO - utils.trainer -   Recall: 0.30979
04/20/2026 10:46:39 - INFO - utils.trainer -   F_score: 0.31074
04/20/2026 10:46:39 - INFO - utils.trainer -   Loss: 2.46896
04/20/2026 10:46:39 - INFO - utils.trainer -    Train loss: 0.65544, Test loss: 2.46896,Epoch time = 5.233s
04/20/2026 10:46:47 - INFO - utils.trainer -   ***** Running evaluation on test0 dataset *****
04/20/2026 10:46:49 - INFO - utils.trainer -   AUC: 0.54377
04/20/2026 10:46:49 - INFO - utils.trainer -   Accuracy: 0.30573
04/20/2026 10:46:49 - INFO - utils.trainer -   Precision: 0.30858
04/20/2026 10:46:49 - INFO - utils.trainer -   Recall: 0.30411
04/20/2026 10:46:49 - INFO - utils.trainer -   F_score: 0.30484
04/20/2026 10:46:49 - INFO - utils.trainer -   Loss: 2.42968
04/20/2026 10:46:49 - INFO - utils.trainer -    Train loss: 0.72090, Test loss: 2.42968,Epoch time = 7.457s
04/20/2026 10:46:56 - INFO - utils.trainer -   ***** Running evaluation on test0 dataset *****
04/20/2026 10:46:57 - INFO - utils.trainer -   AUC: 0.56644
04/20/2026 10:46:57 - INFO - utils.trainer -   Accuracy: 0.31847
04/20/2026 10:46:57 - INFO - utils.trainer -   Precision: 0.31723
04/20/2026 10:46:57 - INFO - utils.trainer -   Recall: 0.31619
04/20/2026 10:46:57 - INFO - utils.trainer -   F_score: 0.31400
04/20/2026 10:46:57 - INFO - utils.trainer -   Loss: 2.52067
04/20/2026 10:46:57 - INFO - utils.trainer -    Train loss: 0.69520, Test loss: 2.52067,Epoch time = 6.757s
04/20/2026 10:47:04 - INFO - utils.trainer -   ***** Running evaluation on test0 dataset *****
04/20/2026 10:47:06 - INFO - utils.trainer -   AUC: 0.53948
04/20/2026 10:47:06 - INFO - utils.trainer -   Accuracy: 0.25478
04/20/2026 10:47:06 - INFO - utils.trainer -   Precision: 0.24642
04/20/2026 10:47:06 - INFO - utils.trainer -   Recall: 0.26009
04/20/2026 10:47:06 - INFO - utils.trainer -   F_score: 0.24437
04/20/2026 10:47:06 - INFO - utils.trainer -   Loss: 2.61270
04/20/2026 10:47:06 - INFO - utils.trainer -    Train loss: 0.78653, Test loss: 2.61270,Epoch time = 6.930s
04/20/2026 10:47:12 - INFO - utils.trainer -   ***** Running evaluation on test0 dataset *****
04/20/2026 10:47:14 - INFO - utils.trainer -   AUC: 0.55556
04/20/2026 10:47:14 - INFO - utils.trainer -   Accuracy: 0.29299
04/20/2026 10:47:14 - INFO - utils.trainer -   Precision: 0.30310
04/20/2026 10:47:14 - INFO - utils.trainer -   Recall: 0.29454
04/20/2026 10:47:14 - INFO - utils.trainer -   F_score: 0.29449
04/20/2026 10:47:14 - INFO - utils.trainer -   Loss: 2.62066
04/20/2026 10:47:14 - INFO - utils.trainer -    Train loss: 0.84027, Test loss: 2.62066,Epoch time = 6.037s
04/20/2026 10:47:22 - INFO - utils.trainer -   ***** Running evaluation on test0 dataset *****
04/20/2026 10:47:23 - INFO - utils.trainer -   AUC: 0.54303
04/20/2026 10:47:23 - INFO - utils.trainer -   Accuracy: 0.26752
04/20/2026 10:47:23 - INFO - utils.trainer -   Precision: 0.27475
04/20/2026 10:47:23 - INFO - utils.trainer -   Recall: 0.26877
04/20/2026 10:47:23 - INFO - utils.trainer -   F_score: 0.26600
04/20/2026 10:47:23 - INFO - utils.trainer -   Loss: 2.71139
04/20/2026 10:47:23 - INFO - utils.trainer -    Train loss: 0.79047, Test loss: 2.71139,Epoch time = 7.547s
04/20/2026 10:47:29 - INFO - utils.trainer -   ***** Running evaluation on test0 dataset *****
04/20/2026 10:47:31 - INFO - utils.trainer -   AUC: 0.55442
04/20/2026 10:47:31 - INFO - utils.trainer -   Accuracy: 0.31210
04/20/2026 10:47:31 - INFO - utils.trainer -   Precision: 0.31090
04/20/2026 10:47:31 - INFO - utils.trainer -   Recall: 0.30998
04/20/2026 10:47:31 - INFO - utils.trainer -   F_score: 0.30362
04/20/2026 10:47:31 - INFO - utils.trainer -   Loss: 2.86354
04/20/2026 10:47:31 - INFO - utils.trainer -    Train loss: 0.77782, Test loss: 2.86354,Epoch time = 5.411s
04/20/2026 10:47:38 - INFO - utils.trainer -   ***** Running evaluation on test0 dataset *****
04/20/2026 10:47:40 - INFO - utils.trainer -   AUC: 0.55205
04/20/2026 10:47:40 - INFO - utils.trainer -   Accuracy: 0.28662
04/20/2026 10:47:40 - INFO - utils.trainer -   Precision: 0.29211
04/20/2026 10:47:40 - INFO - utils.trainer -   Recall: 0.28868
04/20/2026 10:47:40 - INFO - utils.trainer -   F_score: 0.28497
04/20/2026 10:47:40 - INFO - utils.trainer -   Loss: 2.52855
04/20/2026 10:47:40 - INFO - utils.trainer -    Train loss: 0.76398, Test loss: 2.52855,Epoch time = 7.242s
04/20/2026 10:47:47 - INFO - utils.trainer -   ***** Running evaluation on test0 dataset *****
04/20/2026 10:47:48 - INFO - utils.trainer -   AUC: 0.57671
04/20/2026 10:47:48 - INFO - utils.trainer -   Accuracy: 0.34395
04/20/2026 10:47:48 - INFO - utils.trainer -   Precision: 0.34894
04/20/2026 10:47:48 - INFO - utils.trainer -   Recall: 0.34358
04/20/2026 10:47:48 - INFO - utils.trainer -   F_score: 0.34289
04/20/2026 10:47:48 - INFO - utils.trainer -   Loss: 2.04042
04/20/2026 10:47:48 - INFO - utils.trainer -    Train loss: 0.71200, Test loss: 2.04042,Epoch time = 6.696s
04/20/2026 10:47:55 - INFO - utils.trainer -   ***** Running evaluation on test0 dataset *****
04/20/2026 10:47:57 - INFO - utils.trainer -   AUC: 0.58140
04/20/2026 10:47:57 - INFO - utils.trainer -   Accuracy: 0.35669
04/20/2026 10:47:57 - INFO - utils.trainer -   Precision: 0.35981
04/20/2026 10:47:57 - INFO - utils.trainer -   Recall: 0.35639
04/20/2026 10:47:57 - INFO - utils.trainer -   F_score: 0.35062
04/20/2026 10:47:57 - INFO - utils.trainer -   Loss: 2.39581
04/20/2026 10:47:57 - INFO - utils.trainer -    Train loss: 0.73959, Test loss: 2.39581,Epoch time = 6.747s
04/20/2026 10:48:03 - INFO - utils.trainer -   ***** Running evaluation on test0 dataset *****
04/20/2026 10:48:05 - INFO - utils.trainer -   AUC: 0.59195
04/20/2026 10:48:05 - INFO - utils.trainer -   Accuracy: 0.35669
04/20/2026 10:48:05 - INFO - utils.trainer -   Precision: 0.36240
04/20/2026 10:48:05 - INFO - utils.trainer -   Recall: 0.35423
04/20/2026 10:48:05 - INFO - utils.trainer -   F_score: 0.35491
04/20/2026 10:48:05 - INFO - utils.trainer -   Loss: 2.09652
04/20/2026 10:48:05 - INFO - utils.trainer -    Train loss: 0.75430, Test loss: 2.09652,Epoch time = 6.178s
04/20/2026 10:48:12 - INFO - utils.trainer -   ***** Running evaluation on test0 dataset *****
04/20/2026 10:48:14 - INFO - utils.trainer -   AUC: 0.57140
04/20/2026 10:48:14 - INFO - utils.trainer -   Accuracy: 0.28662
04/20/2026 10:48:14 - INFO - utils.trainer -   Precision: 0.29258
04/20/2026 10:48:14 - INFO - utils.trainer -   Recall: 0.28761
04/20/2026 10:48:14 - INFO - utils.trainer -   F_score: 0.28462
04/20/2026 10:48:14 - INFO - utils.trainer -   Loss: 2.27486
04/20/2026 10:48:14 - INFO - utils.trainer -    Train loss: 0.65173, Test loss: 2.27486,Epoch time = 7.521s
04/20/2026 10:48:19 - INFO - utils.trainer -   ***** Running evaluation on test0 dataset *****
04/20/2026 10:48:21 - INFO - utils.trainer -   AUC: 0.55805
04/20/2026 10:48:21 - INFO - utils.trainer -   Accuracy: 0.31210
04/20/2026 10:48:21 - INFO - utils.trainer -   Precision: 0.31361
04/20/2026 10:48:21 - INFO - utils.trainer -   Recall: 0.31069
04/20/2026 10:48:21 - INFO - utils.trainer -   F_score: 0.31023
04/20/2026 10:48:21 - INFO - utils.trainer -   Loss: 2.18353
04/20/2026 10:48:21 - INFO - utils.trainer -    Train loss: 0.81133, Test loss: 2.18353,Epoch time = 4.992s
04/20/2026 10:48:29 - INFO - utils.trainer -   ***** Running evaluation on test0 dataset *****
04/20/2026 10:48:31 - INFO - utils.trainer -   AUC: 0.56175
04/20/2026 10:48:31 - INFO - utils.trainer -   Accuracy: 0.26752
04/20/2026 10:48:31 - INFO - utils.trainer -   Precision: 0.27778
04/20/2026 10:48:31 - INFO - utils.trainer -   Recall: 0.26966
04/20/2026 10:48:31 - INFO - utils.trainer -   F_score: 0.26649
04/20/2026 10:48:31 - INFO - utils.trainer -   Loss: 2.37207
04/20/2026 10:48:31 - INFO - utils.trainer -    Train loss: 0.80459, Test loss: 2.37207,Epoch time = 7.518s
04/20/2026 10:48:37 - INFO - utils.trainer -   ***** Running evaluation on test0 dataset *****
04/20/2026 10:48:39 - INFO - utils.trainer -   AUC: 0.57494
04/20/2026 10:48:39 - INFO - utils.trainer -   Accuracy: 0.33758
04/20/2026 10:48:39 - INFO - utils.trainer -   Precision: 0.34213
04/20/2026 10:48:39 - INFO - utils.trainer -   Recall: 0.33808
04/20/2026 10:48:39 - INFO - utils.trainer -   F_score: 0.33691
04/20/2026 10:48:39 - INFO - utils.trainer -   Loss: 2.39378
04/20/2026 10:48:39 - INFO - utils.trainer -    Train loss: 0.80019, Test loss: 2.39378,Epoch time = 6.478s
04/20/2026 10:48:46 - INFO - utils.trainer -   ***** Running evaluation on test0 dataset *****
04/20/2026 10:48:47 - INFO - utils.trainer -   AUC: 0.56845
04/20/2026 10:48:47 - INFO - utils.trainer -   Accuracy: 0.31847
04/20/2026 10:48:47 - INFO - utils.trainer -   Precision: 0.32403
04/20/2026 10:48:47 - INFO - utils.trainer -   Recall: 0.31709
04/20/2026 10:48:47 - INFO - utils.trainer -   F_score: 0.31590
04/20/2026 10:48:47 - INFO - utils.trainer -   Loss: 2.40562
04/20/2026 10:48:47 - INFO - utils.trainer -    Train loss: 0.74757, Test loss: 2.40562,Epoch time = 6.675s
04/20/2026 10:48:54 - INFO - utils.trainer -   ***** Running evaluation on test0 dataset *****
04/20/2026 10:48:56 - INFO - utils.trainer -   AUC: 0.56174
04/20/2026 10:48:56 - INFO - utils.trainer -   Accuracy: 0.33758
04/20/2026 10:48:56 - INFO - utils.trainer -   Precision: 0.33981
04/20/2026 10:48:56 - INFO - utils.trainer -   Recall: 0.33324
04/20/2026 10:48:56 - INFO - utils.trainer -   F_score: 0.33281
04/20/2026 10:48:56 - INFO - utils.trainer -   Loss: 2.51909
04/20/2026 10:48:56 - INFO - utils.trainer -    Train loss: 0.82351, Test loss: 2.51909,Epoch time = 6.507s
04/20/2026 10:49:03 - INFO - utils.trainer -   ***** Running evaluation on test0 dataset *****
04/20/2026 10:49:05 - INFO - utils.trainer -   AUC: 0.56827
04/20/2026 10:49:05 - INFO - utils.trainer -   Accuracy: 0.32484
04/20/2026 10:49:05 - INFO - utils.trainer -   Precision: 0.32758
04/20/2026 10:49:05 - INFO - utils.trainer -   Recall: 0.32779
04/20/2026 10:49:05 - INFO - utils.trainer -   F_score: 0.32565
04/20/2026 10:49:05 - INFO - utils.trainer -   Loss: 2.11483
04/20/2026 10:49:05 - INFO - utils.trainer -    Train loss: 0.62473, Test loss: 2.11483,Epoch time = 7.563s
04/20/2026 10:49:11 - INFO - utils.trainer -   ***** Running evaluation on test0 dataset *****
04/20/2026 10:49:12 - INFO - utils.trainer -   AUC: 0.59094
04/20/2026 10:49:12 - INFO - utils.trainer -   Accuracy: 0.35669
04/20/2026 10:49:12 - INFO - utils.trainer -   Precision: 0.34179
04/20/2026 10:49:12 - INFO - utils.trainer -   Recall: 0.34706
04/20/2026 10:49:12 - INFO - utils.trainer -   F_score: 0.33535
04/20/2026 10:49:12 - INFO - utils.trainer -   Loss: 2.35942
04/20/2026 10:49:12 - INFO - utils.trainer -    Train loss: 0.68151, Test loss: 2.35942,Epoch time = 5.317s
04/20/2026 10:49:20 - INFO - utils.trainer -   ***** Running evaluation on test0 dataset *****
04/20/2026 10:49:22 - INFO - utils.trainer -   AUC: 0.57296
04/20/2026 10:49:22 - INFO - utils.trainer -   Accuracy: 0.33758
04/20/2026 10:49:22 - INFO - utils.trainer -   Precision: 0.33314
04/20/2026 10:49:22 - INFO - utils.trainer -   Recall: 0.33467
04/20/2026 10:49:22 - INFO - utils.trainer -   F_score: 0.33340
04/20/2026 10:49:22 - INFO - utils.trainer -   Loss: 2.28925
04/20/2026 10:49:22 - INFO - utils.trainer -    Train loss: 0.67113, Test loss: 2.28925,Epoch time = 7.466s
04/20/2026 10:49:29 - INFO - utils.trainer -   ***** Running evaluation on test0 dataset *****
04/20/2026 10:49:30 - INFO - utils.trainer -   AUC: 0.56062
04/20/2026 10:49:30 - INFO - utils.trainer -   Accuracy: 0.33758
04/20/2026 10:49:30 - INFO - utils.trainer -   Precision: 0.33480
04/20/2026 10:49:30 - INFO - utils.trainer -   Recall: 0.33252
04/20/2026 10:49:30 - INFO - utils.trainer -   F_score: 0.33064
04/20/2026 10:49:30 - INFO - utils.trainer -   Loss: 2.41974
04/20/2026 10:49:30 - INFO - utils.trainer -    Train loss: 0.75070, Test loss: 2.41974,Epoch time = 6.767s
04/20/2026 10:49:37 - INFO - utils.trainer -   ***** Running evaluation on test0 dataset *****
04/20/2026 10:49:39 - INFO - utils.trainer -   AUC: 0.55934
04/20/2026 10:49:39 - INFO - utils.trainer -   Accuracy: 0.29936
04/20/2026 10:49:39 - INFO - utils.trainer -   Precision: 0.29285
04/20/2026 10:49:39 - INFO - utils.trainer -   Recall: 0.29592
04/20/2026 10:49:39 - INFO - utils.trainer -   F_score: 0.29113
04/20/2026 10:49:39 - INFO - utils.trainer -   Loss: 2.32440
04/20/2026 10:49:39 - INFO - utils.trainer -    Train loss: 0.68525, Test loss: 2.32440,Epoch time = 6.658s
04/20/2026 10:49:45 - INFO - utils.trainer -   ***** Running evaluation on test0 dataset *****
04/20/2026 10:49:47 - INFO - utils.trainer -   AUC: 0.55327
04/20/2026 10:49:47 - INFO - utils.trainer -   Accuracy: 0.30573
04/20/2026 10:49:47 - INFO - utils.trainer -   Precision: 0.30596
04/20/2026 10:49:47 - INFO - utils.trainer -   Recall: 0.30178
04/20/2026 10:49:47 - INFO - utils.trainer -   F_score: 0.29788
04/20/2026 10:49:47 - INFO - utils.trainer -   Loss: 2.46357
04/20/2026 10:49:47 - INFO - utils.trainer -    Train loss: 0.82698, Test loss: 2.46357,Epoch time = 6.461s
04/20/2026 10:49:55 - INFO - utils.trainer -   ***** Running evaluation on test0 dataset *****
04/20/2026 10:49:57 - INFO - utils.trainer -   AUC: 0.55226
04/20/2026 10:49:57 - INFO - utils.trainer -   Accuracy: 0.31847
04/20/2026 10:49:57 - INFO - utils.trainer -   Precision: 0.32499
04/20/2026 10:49:57 - INFO - utils.trainer -   Recall: 0.31799
04/20/2026 10:49:57 - INFO - utils.trainer -   F_score: 0.31746
04/20/2026 10:49:57 - INFO - utils.trainer -   Loss: 2.63222
04/20/2026 10:49:57 - INFO - utils.trainer -    Train loss: 0.70832, Test loss: 2.63222,Epoch time = 7.779s
04/20/2026 10:50:03 - INFO - utils.trainer -   ***** Running evaluation on test0 dataset *****
04/20/2026 10:50:05 - INFO - utils.trainer -   AUC: 0.57095
04/20/2026 10:50:05 - INFO - utils.trainer -   Accuracy: 0.32484
04/20/2026 10:50:05 - INFO - utils.trainer -   Precision: 0.33261
04/20/2026 10:50:05 - INFO - utils.trainer -   Recall: 0.32474
04/20/2026 10:50:05 - INFO - utils.trainer -   F_score: 0.32463
04/20/2026 10:50:05 - INFO - utils.trainer -   Loss: 2.38430
04/20/2026 10:50:05 - INFO - utils.trainer -    Train loss: 0.75956, Test loss: 2.38430,Epoch time = 6.218s
04/20/2026 10:50:12 - INFO - utils.trainer -   ***** Running evaluation on test0 dataset *****
04/20/2026 10:50:14 - INFO - utils.trainer -   AUC: 0.55819
04/20/2026 10:50:14 - INFO - utils.trainer -   Accuracy: 0.31210
04/20/2026 10:50:14 - INFO - utils.trainer -   Precision: 0.31186
04/20/2026 10:50:14 - INFO - utils.trainer -   Recall: 0.30692
04/20/2026 10:50:14 - INFO - utils.trainer -   F_score: 0.30546
04/20/2026 10:50:14 - INFO - utils.trainer -   Loss: 2.59476
04/20/2026 10:50:14 - INFO - utils.trainer -    Train loss: 0.62946, Test loss: 2.59476,Epoch time = 7.128s
04/20/2026 10:50:21 - INFO - utils.trainer -   ***** Running evaluation on test0 dataset *****
04/20/2026 10:50:23 - INFO - utils.trainer -   AUC: 0.57527
04/20/2026 10:50:23 - INFO - utils.trainer -   Accuracy: 0.34395
04/20/2026 10:50:23 - INFO - utils.trainer -   Precision: 0.35566
04/20/2026 10:50:23 - INFO - utils.trainer -   Recall: 0.34430
04/20/2026 10:50:23 - INFO - utils.trainer -   F_score: 0.34221
04/20/2026 10:50:23 - INFO - utils.trainer -   Loss: 2.24806
04/20/2026 10:50:23 - INFO - utils.trainer -    Train loss: 0.75348, Test loss: 2.24806,Epoch time = 7.155s
04/20/2026 10:50:30 - INFO - utils.trainer -   ***** Running evaluation on test0 dataset *****
04/20/2026 10:50:32 - INFO - utils.trainer -   AUC: 0.58737
04/20/2026 10:50:32 - INFO - utils.trainer -   Accuracy: 0.35032
04/20/2026 10:50:32 - INFO - utils.trainer -   Precision: 0.34986
04/20/2026 10:50:32 - INFO - utils.trainer -   Recall: 0.34640
04/20/2026 10:50:32 - INFO - utils.trainer -   F_score: 0.34497
04/20/2026 10:50:32 - INFO - utils.trainer -   Loss: 2.28855
04/20/2026 10:50:32 - INFO - utils.trainer -    Train loss: 0.70594, Test loss: 2.28855,Epoch time = 7.225s
04/20/2026 10:50:38 - INFO - utils.trainer -   ***** Running evaluation on test0 dataset *****
04/20/2026 10:50:40 - INFO - utils.trainer -   AUC: 0.57838
04/20/2026 10:50:40 - INFO - utils.trainer -   Accuracy: 0.31847
04/20/2026 10:50:40 - INFO - utils.trainer -   Precision: 0.31966
04/20/2026 10:50:40 - INFO - utils.trainer -   Recall: 0.31404
04/20/2026 10:50:40 - INFO - utils.trainer -   F_score: 0.31050
04/20/2026 10:50:40 - INFO - utils.trainer -   Loss: 2.24513
04/20/2026 10:50:40 - INFO - utils.trainer -    Train loss: 0.70105, Test loss: 2.24513,Epoch time = 6.177s
04/20/2026 10:50:47 - INFO - utils.trainer -   ***** Running evaluation on test0 dataset *****
04/20/2026 10:50:49 - INFO - utils.trainer -   AUC: 0.56712
04/20/2026 10:50:49 - INFO - utils.trainer -   Accuracy: 0.36306
04/20/2026 10:50:49 - INFO - utils.trainer -   Precision: 0.36324
04/20/2026 10:50:49 - INFO - utils.trainer -   Recall: 0.35955
04/20/2026 10:50:49 - INFO - utils.trainer -   F_score: 0.35684
04/20/2026 10:50:49 - INFO - utils.trainer -   Loss: 2.43558
04/20/2026 10:50:49 - INFO - utils.trainer -    Train loss: 0.67468, Test loss: 2.43558,Epoch time = 7.550s
04/20/2026 10:50:56 - INFO - utils.trainer -   ***** Running evaluation on test0 dataset *****
04/20/2026 10:50:58 - INFO - utils.trainer -   AUC: 0.55276
04/20/2026 10:50:58 - INFO - utils.trainer -   Accuracy: 0.33121
04/20/2026 10:50:58 - INFO - utils.trainer -   Precision: 0.33569
04/20/2026 10:50:58 - INFO - utils.trainer -   Recall: 0.32863
04/20/2026 10:50:58 - INFO - utils.trainer -   F_score: 0.32913
04/20/2026 10:50:58 - INFO - utils.trainer -   Loss: 2.62796
04/20/2026 10:50:58 - INFO - utils.trainer -    Train loss: 0.75149, Test loss: 2.62796,Epoch time = 7.379s
04/20/2026 10:51:05 - INFO - utils.trainer -   ***** Running evaluation on test0 dataset *****
04/20/2026 10:51:07 - INFO - utils.trainer -   AUC: 0.55184
04/20/2026 10:51:07 - INFO - utils.trainer -   Accuracy: 0.31210
04/20/2026 10:51:07 - INFO - utils.trainer -   Precision: 0.31322
04/20/2026 10:51:07 - INFO - utils.trainer -   Recall: 0.31069
04/20/2026 10:51:07 - INFO - utils.trainer -   F_score: 0.30970
04/20/2026 10:51:07 - INFO - utils.trainer -   Loss: 2.89962
04/20/2026 10:51:07 - INFO - utils.trainer -    Train loss: 0.78931, Test loss: 2.89962,Epoch time = 6.629s
04/20/2026 10:51:13 - INFO - utils.trainer -   ***** Running evaluation on test0 dataset *****
04/20/2026 10:51:15 - INFO - utils.trainer -   AUC: 0.56429
04/20/2026 10:51:15 - INFO - utils.trainer -   Accuracy: 0.31210
04/20/2026 10:51:15 - INFO - utils.trainer -   Precision: 0.32519
04/20/2026 10:51:15 - INFO - utils.trainer -   Recall: 0.31141
04/20/2026 10:51:15 - INFO - utils.trainer -   F_score: 0.31213
04/20/2026 10:51:15 - INFO - utils.trainer -   Loss: 2.38254
04/20/2026 10:51:15 - INFO - utils.trainer -    Train loss: 0.78741, Test loss: 2.38254,Epoch time = 6.726s
04/20/2026 10:51:23 - INFO - utils.trainer -   ***** Running evaluation on test0 dataset *****
04/20/2026 10:51:24 - INFO - utils.trainer -   AUC: 0.58158
04/20/2026 10:51:24 - INFO - utils.trainer -   Accuracy: 0.33121
04/20/2026 10:51:24 - INFO - utils.trainer -   Precision: 0.33155
04/20/2026 10:51:24 - INFO - utils.trainer -   Recall: 0.32881
04/20/2026 10:51:24 - INFO - utils.trainer -   F_score: 0.32893
04/20/2026 10:51:24 - INFO - utils.trainer -   Loss: 2.23974
04/20/2026 10:51:24 - INFO - utils.trainer -    Train loss: 0.65179, Test loss: 2.23974,Epoch time = 7.463s
04/20/2026 10:51:31 - INFO - utils.trainer -   ***** Running evaluation on test0 dataset *****
04/20/2026 10:51:33 - INFO - utils.trainer -   AUC: 0.55295
04/20/2026 10:51:33 - INFO - utils.trainer -   Accuracy: 0.33121
04/20/2026 10:51:33 - INFO - utils.trainer -   Precision: 0.33878
04/20/2026 10:51:33 - INFO - utils.trainer -   Recall: 0.33347
04/20/2026 10:51:33 - INFO - utils.trainer -   F_score: 0.33261
04/20/2026 10:51:33 - INFO - utils.trainer -   Loss: 2.67391
04/20/2026 10:51:33 - INFO - utils.trainer -    Train loss: 0.69261, Test loss: 2.67391,Epoch time = 6.530s
04/20/2026 10:51:40 - INFO - utils.trainer -   ***** Running evaluation on test0 dataset *****
04/20/2026 10:51:42 - INFO - utils.trainer -   AUC: 0.56363
04/20/2026 10:51:42 - INFO - utils.trainer -   Accuracy: 0.33121
04/20/2026 10:51:42 - INFO - utils.trainer -   Precision: 0.33041
04/20/2026 10:51:42 - INFO - utils.trainer -   Recall: 0.32935
04/20/2026 10:51:42 - INFO - utils.trainer -   F_score: 0.32799
04/20/2026 10:51:42 - INFO - utils.trainer -   Loss: 2.03916
04/20/2026 10:51:42 - INFO - utils.trainer -    Train loss: 0.75986, Test loss: 2.03916,Epoch time = 7.135s
04/20/2026 10:51:49 - INFO - utils.trainer -   ***** Running evaluation on test0 dataset *****
04/20/2026 10:51:51 - INFO - utils.trainer -   AUC: 0.55741
04/20/2026 10:51:51 - INFO - utils.trainer -   Accuracy: 0.33121
04/20/2026 10:51:51 - INFO - utils.trainer -   Precision: 0.33175
04/20/2026 10:51:51 - INFO - utils.trainer -   Recall: 0.33043
04/20/2026 10:51:51 - INFO - utils.trainer -   F_score: 0.32925
04/20/2026 10:51:51 - INFO - utils.trainer -   Loss: 2.23512
04/20/2026 10:51:51 - INFO - utils.trainer -    Train loss: 0.80961, Test loss: 2.23512,Epoch time = 7.174s
04/20/2026 10:51:58 - INFO - utils.trainer -   ***** Running evaluation on test0 dataset *****
04/20/2026 10:52:00 - INFO - utils.trainer -   AUC: 0.55510
04/20/2026 10:52:00 - INFO - utils.trainer -   Accuracy: 0.31847
04/20/2026 10:52:00 - INFO - utils.trainer -   Precision: 0.32116
04/20/2026 10:52:00 - INFO - utils.trainer -   Recall: 0.31799
04/20/2026 10:52:00 - INFO - utils.trainer -   F_score: 0.31618
04/20/2026 10:52:00 - INFO - utils.trainer -   Loss: 2.06285
04/20/2026 10:52:00 - INFO - utils.trainer -    Train loss: 0.65874, Test loss: 2.06285,Epoch time = 7.342s
04/20/2026 10:52:06 - INFO - utils.trainer -   ***** Running evaluation on test0 dataset *****
04/20/2026 10:52:08 - INFO - utils.trainer -   AUC: 0.55992
04/20/2026 10:52:08 - INFO - utils.trainer -   Accuracy: 0.34395
04/20/2026 10:52:08 - INFO - utils.trainer -   Precision: 0.34497
04/20/2026 10:52:08 - INFO - utils.trainer -   Recall: 0.34466
04/20/2026 10:52:08 - INFO - utils.trainer -   F_score: 0.34119
04/20/2026 10:52:08 - INFO - utils.trainer -   Loss: 2.36704
04/20/2026 10:52:08 - INFO - utils.trainer -    Train loss: 0.78339, Test loss: 2.36704,Epoch time = 6.539s
04/20/2026 10:52:15 - INFO - utils.trainer -   ***** Running evaluation on test0 dataset *****
04/20/2026 10:52:17 - INFO - utils.trainer -   AUC: 0.57167
04/20/2026 10:52:17 - INFO - utils.trainer -   Accuracy: 0.33121
04/20/2026 10:52:17 - INFO - utils.trainer -   Precision: 0.33388
04/20/2026 10:52:17 - INFO - utils.trainer -   Recall: 0.33419
04/20/2026 10:52:17 - INFO - utils.trainer -   F_score: 0.33068
04/20/2026 10:52:17 - INFO - utils.trainer -   Loss: 1.98216
04/20/2026 10:52:17 - INFO - utils.trainer -    Train loss: 0.69427, Test loss: 1.98216,Epoch time = 7.151s
04/20/2026 10:52:24 - INFO - utils.trainer -   ***** Running evaluation on test0 dataset *****
04/20/2026 10:52:26 - INFO - utils.trainer -   AUC: 0.57003
04/20/2026 10:52:26 - INFO - utils.trainer -   Accuracy: 0.35032
04/20/2026 10:52:26 - INFO - utils.trainer -   Precision: 0.35281
04/20/2026 10:52:26 - INFO - utils.trainer -   Recall: 0.34962
04/20/2026 10:52:26 - INFO - utils.trainer -   F_score: 0.34883
04/20/2026 10:52:26 - INFO - utils.trainer -   Loss: 2.03260
04/20/2026 10:52:26 - INFO - utils.trainer -    Train loss: 0.67501, Test loss: 2.03260,Epoch time = 7.457s
04/20/2026 10:52:33 - INFO - utils.trainer -   ***** Running evaluation on test0 dataset *****
04/20/2026 10:52:35 - INFO - utils.trainer -   AUC: 0.56002
04/20/2026 10:52:35 - INFO - utils.trainer -   Accuracy: 0.29936
04/20/2026 10:52:35 - INFO - utils.trainer -   Precision: 0.29803
04/20/2026 10:52:35 - INFO - utils.trainer -   Recall: 0.29718
04/20/2026 10:52:35 - INFO - utils.trainer -   F_score: 0.29562
04/20/2026 10:52:35 - INFO - utils.trainer -   Loss: 2.17645
04/20/2026 10:52:35 - INFO - utils.trainer -    Train loss: 0.72849, Test loss: 2.17645,Epoch time = 7.000s
04/20/2026 10:52:42 - INFO - utils.trainer -   ***** Running evaluation on test0 dataset *****
04/20/2026 10:52:44 - INFO - utils.trainer -   AUC: 0.55552
04/20/2026 10:52:44 - INFO - utils.trainer -   Accuracy: 0.29299
04/20/2026 10:52:44 - INFO - utils.trainer -   Precision: 0.29246
04/20/2026 10:52:44 - INFO - utils.trainer -   Recall: 0.29239
04/20/2026 10:52:44 - INFO - utils.trainer -   F_score: 0.29082
04/20/2026 10:52:44 - INFO - utils.trainer -   Loss: 2.21394
04/20/2026 10:52:44 - INFO - utils.trainer -    Train loss: 0.75424, Test loss: 2.21394,Epoch time = 6.595s
04/20/2026 10:52:51 - INFO - utils.trainer -   ***** Running evaluation on test0 dataset *****
04/20/2026 10:52:53 - INFO - utils.trainer -   AUC: 0.57011
04/20/2026 10:52:53 - INFO - utils.trainer -   Accuracy: 0.33758
04/20/2026 10:52:53 - INFO - utils.trainer -   Precision: 0.34880
04/20/2026 10:52:53 - INFO - utils.trainer -   Recall: 0.33916
04/20/2026 10:52:53 - INFO - utils.trainer -   F_score: 0.33997
04/20/2026 10:52:53 - INFO - utils.trainer -   Loss: 2.12697
04/20/2026 10:52:53 - INFO - utils.trainer -    Train loss: 0.70083, Test loss: 2.12697,Epoch time = 7.537s
04/20/2026 10:53:00 - INFO - utils.trainer -   ***** Running evaluation on test0 dataset *****
04/20/2026 10:53:02 - INFO - utils.trainer -   AUC: 0.56196
04/20/2026 10:53:02 - INFO - utils.trainer -   Accuracy: 0.31210
04/20/2026 10:53:02 - INFO - utils.trainer -   Precision: 0.31279
04/20/2026 10:53:02 - INFO - utils.trainer -   Recall: 0.31194
04/20/2026 10:53:02 - INFO - utils.trainer -   F_score: 0.31031
04/20/2026 10:53:02 - INFO - utils.trainer -   Loss: 3.17198
04/20/2026 10:53:02 - INFO - utils.trainer -    Train loss: 0.83203, Test loss: 3.17198,Epoch time = 7.351s
04/20/2026 10:53:09 - INFO - utils.trainer -   ***** Running evaluation on test0 dataset *****
04/20/2026 10:53:11 - INFO - utils.trainer -   AUC: 0.56817
04/20/2026 10:53:11 - INFO - utils.trainer -   Accuracy: 0.33121
04/20/2026 10:53:11 - INFO - utils.trainer -   Precision: 0.33125
04/20/2026 10:53:11 - INFO - utils.trainer -   Recall: 0.33132
04/20/2026 10:53:11 - INFO - utils.trainer -   F_score: 0.32972
04/20/2026 10:53:11 - INFO - utils.trainer -   Loss: 2.32566
04/20/2026 10:53:11 - INFO - utils.trainer -    Train loss: 0.68800, Test loss: 2.32566,Epoch time = 6.705s
04/20/2026 10:53:18 - INFO - utils.trainer -   ***** Running evaluation on test0 dataset *****
04/20/2026 10:53:19 - INFO - utils.trainer -   AUC: 0.57098
04/20/2026 10:53:19 - INFO - utils.trainer -   Accuracy: 0.35032
04/20/2026 10:53:19 - INFO - utils.trainer -   Precision: 0.34132
04/20/2026 10:53:19 - INFO - utils.trainer -   Recall: 0.34766
04/20/2026 10:53:19 - INFO - utils.trainer -   F_score: 0.33818
04/20/2026 10:53:19 - INFO - utils.trainer -   Loss: 2.20366
04/20/2026 10:53:19 - INFO - utils.trainer -    Train loss: 0.65369, Test loss: 2.20366,Epoch time = 6.973s
04/20/2026 10:53:27 - INFO - utils.trainer -   ***** Running evaluation on test0 dataset *****
04/20/2026 10:53:28 - INFO - utils.trainer -   AUC: 0.56474
04/20/2026 10:53:28 - INFO - utils.trainer -   Accuracy: 0.33121
04/20/2026 10:53:28 - INFO - utils.trainer -   Precision: 0.33312
04/20/2026 10:53:28 - INFO - utils.trainer -   Recall: 0.33079
04/20/2026 10:53:28 - INFO - utils.trainer -   F_score: 0.32463
04/20/2026 10:53:28 - INFO - utils.trainer -   Loss: 2.56376
04/20/2026 10:53:28 - INFO - utils.trainer -    Train loss: 0.62504, Test loss: 2.56376,Epoch time = 7.468s
04/20/2026 10:53:36 - INFO - utils.trainer -   ***** Running evaluation on test0 dataset *****
04/20/2026 10:53:37 - INFO - utils.trainer -   AUC: 0.57229
04/20/2026 10:53:37 - INFO - utils.trainer -   Accuracy: 0.31210
04/20/2026 10:53:37 - INFO - utils.trainer -   Precision: 0.31130
04/20/2026 10:53:37 - INFO - utils.trainer -   Recall: 0.31446
04/20/2026 10:53:37 - INFO - utils.trainer -   F_score: 0.31107
04/20/2026 10:53:37 - INFO - utils.trainer -   Loss: 2.28158
04/20/2026 10:53:38 - INFO - utils.trainer -    Train loss: 0.62798, Test loss: 2.28158,Epoch time = 7.230s
04/20/2026 10:53:44 - INFO - utils.trainer -   ***** Running evaluation on test0 dataset *****
04/20/2026 10:53:46 - INFO - utils.trainer -   AUC: 0.57961
04/20/2026 10:53:46 - INFO - utils.trainer -   Accuracy: 0.35032
04/20/2026 10:53:46 - INFO - utils.trainer -   Precision: 0.35617
04/20/2026 10:53:46 - INFO - utils.trainer -   Recall: 0.34927
04/20/2026 10:53:46 - INFO - utils.trainer -   F_score: 0.34879
04/20/2026 10:53:46 - INFO - utils.trainer -   Loss: 2.18537
04/20/2026 10:53:46 - INFO - utils.trainer -    Train loss: 0.71270, Test loss: 2.18537,Epoch time = 6.757s
04/20/2026 10:53:53 - INFO - utils.trainer -   ***** Running evaluation on test0 dataset *****
04/20/2026 10:53:55 - INFO - utils.trainer -   AUC: 0.57149
04/20/2026 10:53:55 - INFO - utils.trainer -   Accuracy: 0.31847
04/20/2026 10:53:55 - INFO - utils.trainer -   Precision: 0.32811
04/20/2026 10:53:55 - INFO - utils.trainer -   Recall: 0.31924
04/20/2026 10:53:55 - INFO - utils.trainer -   F_score: 0.32026
04/20/2026 10:53:55 - INFO - utils.trainer -   Loss: 2.30246
04/20/2026 10:53:55 - INFO - utils.trainer -    Train loss: 0.78100, Test loss: 2.30246,Epoch time = 7.181s
04/20/2026 10:54:02 - INFO - utils.trainer -   ***** Running evaluation on test0 dataset *****
04/20/2026 10:54:04 - INFO - utils.trainer -   AUC: 0.57121
04/20/2026 10:54:04 - INFO - utils.trainer -   Accuracy: 0.33758
04/20/2026 10:54:04 - INFO - utils.trainer -   Precision: 0.33941
04/20/2026 10:54:04 - INFO - utils.trainer -   Recall: 0.33701
04/20/2026 10:54:04 - INFO - utils.trainer -   F_score: 0.33562
04/20/2026 10:54:04 - INFO - utils.trainer -   Loss: 2.04790
04/20/2026 10:54:04 - INFO - utils.trainer -    Train loss: 0.65955, Test loss: 2.04790,Epoch time = 7.444s
04/20/2026 10:54:11 - INFO - utils.trainer -   ***** Running evaluation on test0 dataset *****
04/20/2026 10:54:13 - INFO - utils.trainer -   AUC: 0.56701
04/20/2026 10:54:13 - INFO - utils.trainer -   Accuracy: 0.31847
04/20/2026 10:54:13 - INFO - utils.trainer -   Precision: 0.31711
04/20/2026 10:54:13 - INFO - utils.trainer -   Recall: 0.31799
04/20/2026 10:54:13 - INFO - utils.trainer -   F_score: 0.31637
04/20/2026 10:54:13 - INFO - utils.trainer -   Loss: 2.33969
04/20/2026 10:54:13 - INFO - utils.trainer -    Train loss: 0.75182, Test loss: 2.33969,Epoch time = 7.174s
04/20/2026 10:54:20 - INFO - utils.trainer -   ***** Running evaluation on test0 dataset *****
04/20/2026 10:54:22 - INFO - utils.trainer -   AUC: 0.56318
04/20/2026 10:54:22 - INFO - utils.trainer -   Accuracy: 0.31847
04/20/2026 10:54:22 - INFO - utils.trainer -   Precision: 0.31839
04/20/2026 10:54:22 - INFO - utils.trainer -   Recall: 0.31996
04/20/2026 10:54:22 - INFO - utils.trainer -   F_score: 0.31785
04/20/2026 10:54:22 - INFO - utils.trainer -   Loss: 2.37968
04/20/2026 10:54:22 - INFO - utils.trainer -    Train loss: 0.73136, Test loss: 2.37968,Epoch time = 6.969s
04/20/2026 10:54:30 - INFO - utils.trainer -   ***** Running evaluation on test0 dataset *****
04/20/2026 10:54:31 - INFO - utils.trainer -   AUC: 0.57479
04/20/2026 10:54:31 - INFO - utils.trainer -   Accuracy: 0.31210
04/20/2026 10:54:31 - INFO - utils.trainer -   Precision: 0.31344
04/20/2026 10:54:31 - INFO - utils.trainer -   Recall: 0.31159
04/20/2026 10:54:31 - INFO - utils.trainer -   F_score: 0.31068
04/20/2026 10:54:31 - INFO - utils.trainer -   Loss: 2.01356
04/20/2026 10:54:31 - INFO - utils.trainer -    Train loss: 0.67620, Test loss: 2.01356,Epoch time = 7.540s
04/20/2026 10:54:38 - INFO - utils.trainer -   ***** Running evaluation on test0 dataset *****
04/20/2026 10:54:40 - INFO - utils.trainer -   AUC: 0.56816
04/20/2026 10:54:40 - INFO - utils.trainer -   Accuracy: 0.31210
04/20/2026 10:54:40 - INFO - utils.trainer -   Precision: 0.31805
04/20/2026 10:54:40 - INFO - utils.trainer -   Recall: 0.31159
04/20/2026 10:54:40 - INFO - utils.trainer -   F_score: 0.31248
04/20/2026 10:54:40 - INFO - utils.trainer -   Loss: 2.25900
04/20/2026 10:54:40 - INFO - utils.trainer -    Train loss: 0.72785, Test loss: 2.25900,Epoch time = 7.054s
04/20/2026 10:54:47 - INFO - utils.trainer -   ***** Running evaluation on test0 dataset *****
04/20/2026 10:54:49 - INFO - utils.trainer -   AUC: 0.57256
04/20/2026 10:54:49 - INFO - utils.trainer -   Accuracy: 0.33758
04/20/2026 10:54:49 - INFO - utils.trainer -   Precision: 0.34376
04/20/2026 10:54:49 - INFO - utils.trainer -   Recall: 0.33880
04/20/2026 10:54:49 - INFO - utils.trainer -   F_score: 0.33550
04/20/2026 10:54:49 - INFO - utils.trainer -   Loss: 2.50984
04/20/2026 10:54:49 - INFO - utils.trainer -    Train loss: 0.74742, Test loss: 2.50984,Epoch time = 6.711s
04/20/2026 10:54:56 - INFO - utils.trainer -   ***** Running evaluation on test0 dataset *****
04/20/2026 10:54:57 - INFO - utils.trainer -   AUC: 0.58047
04/20/2026 10:54:57 - INFO - utils.trainer -   Accuracy: 0.34395
04/20/2026 10:54:57 - INFO - utils.trainer -   Precision: 0.35087
04/20/2026 10:54:57 - INFO - utils.trainer -   Recall: 0.34448
04/20/2026 10:54:57 - INFO - utils.trainer -   F_score: 0.34379
04/20/2026 10:54:57 - INFO - utils.trainer -   Loss: 2.31883
04/20/2026 10:54:57 - INFO - utils.trainer -    Train loss: 0.72919, Test loss: 2.31883,Epoch time = 6.988s
04/20/2026 10:55:05 - INFO - utils.trainer -   ***** Running evaluation on test0 dataset *****
04/20/2026 10:55:07 - INFO - utils.trainer -   AUC: 0.58034
04/20/2026 10:55:07 - INFO - utils.trainer -   Accuracy: 0.33121
04/20/2026 10:55:07 - INFO - utils.trainer -   Precision: 0.33264
04/20/2026 10:55:07 - INFO - utils.trainer -   Recall: 0.33115
04/20/2026 10:55:07 - INFO - utils.trainer -   F_score: 0.32946
04/20/2026 10:55:07 - INFO - utils.trainer -   Loss: 2.17452
04/20/2026 10:55:07 - INFO - utils.trainer -    Train loss: 0.58919, Test loss: 2.17452,Epoch time = 7.733s
04/20/2026 10:55:14 - INFO - utils.trainer -   ***** Running evaluation on test0 dataset *****
04/20/2026 10:55:15 - INFO - utils.trainer -   AUC: 0.57702
04/20/2026 10:55:15 - INFO - utils.trainer -   Accuracy: 0.33121
04/20/2026 10:55:15 - INFO - utils.trainer -   Precision: 0.33759
04/20/2026 10:55:15 - INFO - utils.trainer -   Recall: 0.33330
04/20/2026 10:55:15 - INFO - utils.trainer -   F_score: 0.33238
04/20/2026 10:55:15 - INFO - utils.trainer -   Loss: 2.08958
04/20/2026 10:55:15 - INFO - utils.trainer -    Train loss: 0.68086, Test loss: 2.08958,Epoch time = 6.587s
04/20/2026 10:55:22 - INFO - utils.trainer -   ***** Running evaluation on test0 dataset *****
04/20/2026 10:55:24 - INFO - utils.trainer -   AUC: 0.58978
04/20/2026 10:55:24 - INFO - utils.trainer -   Accuracy: 0.35032
04/20/2026 10:55:24 - INFO - utils.trainer -   Precision: 0.35186
04/20/2026 10:55:24 - INFO - utils.trainer -   Recall: 0.35034
04/20/2026 10:55:24 - INFO - utils.trainer -   F_score: 0.34992
04/20/2026 10:55:24 - INFO - utils.trainer -   Loss: 1.99650
04/20/2026 10:55:24 - INFO - utils.trainer -    Train loss: 0.65222, Test loss: 1.99650,Epoch time = 6.763s
04/20/2026 10:55:32 - INFO - utils.trainer -   ***** Running evaluation on test0 dataset *****
04/20/2026 10:55:33 - INFO - utils.trainer -   AUC: 0.57172
04/20/2026 10:55:33 - INFO - utils.trainer -   Accuracy: 0.31847
04/20/2026 10:55:33 - INFO - utils.trainer -   Precision: 0.32396
04/20/2026 10:55:33 - INFO - utils.trainer -   Recall: 0.32301
04/20/2026 10:55:33 - INFO - utils.trainer -   F_score: 0.31965
04/20/2026 10:55:33 - INFO - utils.trainer -   Loss: 2.31942
04/20/2026 10:55:33 - INFO - utils.trainer -    Train loss: 0.66606, Test loss: 2.31942,Epoch time = 7.656s
04/20/2026 10:55:40 - INFO - utils.trainer -   ***** Running evaluation on test0 dataset *****
04/20/2026 10:55:42 - INFO - utils.trainer -   AUC: 0.57875
04/20/2026 10:55:42 - INFO - utils.trainer -   Accuracy: 0.33121
04/20/2026 10:55:42 - INFO - utils.trainer -   Precision: 0.33791
04/20/2026 10:55:42 - INFO - utils.trainer -   Recall: 0.33043
04/20/2026 10:55:42 - INFO - utils.trainer -   F_score: 0.33029
04/20/2026 10:55:42 - INFO - utils.trainer -   Loss: 2.33984
04/20/2026 10:55:42 - INFO - utils.trainer -    Train loss: 0.68081, Test loss: 2.33984,Epoch time = 7.222s
04/20/2026 10:55:49 - INFO - utils.trainer -   ***** Running evaluation on test0 dataset *****
04/20/2026 10:55:50 - INFO - utils.trainer -   AUC: 0.57239
04/20/2026 10:55:50 - INFO - utils.trainer -   Accuracy: 0.33758
04/20/2026 10:55:50 - INFO - utils.trainer -   Precision: 0.34237
04/20/2026 10:55:50 - INFO - utils.trainer -   Recall: 0.34005
04/20/2026 10:55:50 - INFO - utils.trainer -   F_score: 0.33792
04/20/2026 10:55:50 - INFO - utils.trainer -   Loss: 2.41513
04/20/2026 10:55:50 - INFO - utils.trainer -    Train loss: 0.65721, Test loss: 2.41513,Epoch time = 6.247s
04/20/2026 10:55:58 - INFO - utils.trainer -   ***** Running evaluation on test0 dataset *****
04/20/2026 10:55:59 - INFO - utils.trainer -   AUC: 0.58836
04/20/2026 10:55:59 - INFO - utils.trainer -   Accuracy: 0.36306
04/20/2026 10:55:59 - INFO - utils.trainer -   Precision: 0.37093
04/20/2026 10:55:59 - INFO - utils.trainer -   Recall: 0.36637
04/20/2026 10:55:59 - INFO - utils.trainer -   F_score: 0.36253
04/20/2026 10:55:59 - INFO - utils.trainer -   Loss: 2.16001
04/20/2026 10:55:59 - INFO - utils.trainer -    Train loss: 0.76409, Test loss: 2.16001,Epoch time = 7.361s
04/20/2026 10:56:07 - INFO - utils.trainer -   ***** Running evaluation on test0 dataset *****
04/20/2026 10:56:08 - INFO - utils.trainer -   AUC: 0.58216
04/20/2026 10:56:08 - INFO - utils.trainer -   Accuracy: 0.35032
04/20/2026 10:56:08 - INFO - utils.trainer -   Precision: 0.35202
04/20/2026 10:56:08 - INFO - utils.trainer -   Recall: 0.35124
04/20/2026 10:56:08 - INFO - utils.trainer -   F_score: 0.34935
04/20/2026 10:56:08 - INFO - utils.trainer -   Loss: 2.14734
04/20/2026 10:56:08 - INFO - utils.trainer -    Train loss: 0.66268, Test loss: 2.14734,Epoch time = 7.031s
04/20/2026 10:56:15 - INFO - utils.trainer -   ***** Running evaluation on test0 dataset *****
04/20/2026 10:56:17 - INFO - utils.trainer -   AUC: 0.59484
04/20/2026 10:56:17 - INFO - utils.trainer -   Accuracy: 0.38217
04/20/2026 10:56:17 - INFO - utils.trainer -   Precision: 0.38363
04/20/2026 10:56:17 - INFO - utils.trainer -   Recall: 0.38341
04/20/2026 10:56:17 - INFO - utils.trainer -   F_score: 0.38141
04/20/2026 10:56:17 - INFO - utils.trainer -   Loss: 2.08804
04/20/2026 10:56:17 - INFO - utils.trainer -    Train loss: 0.67687, Test loss: 2.08804,Epoch time = 6.697s
04/20/2026 10:56:17 - INFO - utils.trainer -   Saving model checkpoint to output_dir/FBNetGen
04/20/2026 10:56:23 - INFO - utils.trainer -   ***** Running evaluation on test0 dataset *****
04/20/2026 10:56:25 - INFO - utils.trainer -   AUC: 0.57698
04/20/2026 10:56:25 - INFO - utils.trainer -   Accuracy: 0.35032
04/20/2026 10:56:25 - INFO - utils.trainer -   Precision: 0.35645
04/20/2026 10:56:25 - INFO - utils.trainer -   Recall: 0.35231
04/20/2026 10:56:25 - INFO - utils.trainer -   F_score: 0.35071
04/20/2026 10:56:25 - INFO - utils.trainer -   Loss: 2.08223
04/20/2026 10:56:25 - INFO - utils.trainer -    Train loss: 0.62366, Test loss: 2.08223,Epoch time = 6.400s
04/20/2026 10:56:33 - INFO - utils.trainer -   ***** Running evaluation on test0 dataset *****
04/20/2026 10:56:35 - INFO - utils.trainer -   AUC: 0.58899
04/20/2026 10:56:35 - INFO - utils.trainer -   Accuracy: 0.36306
04/20/2026 10:56:35 - INFO - utils.trainer -   Precision: 0.37114
04/20/2026 10:56:35 - INFO - utils.trainer -   Recall: 0.36637
04/20/2026 10:56:35 - INFO - utils.trainer -   F_score: 0.36306
04/20/2026 10:56:35 - INFO - utils.trainer -   Loss: 2.08940
04/20/2026 10:56:35 - INFO - utils.trainer -    Train loss: 0.69999, Test loss: 2.08940,Epoch time = 7.538s
04/20/2026 10:56:41 - INFO - utils.trainer -   ***** Running evaluation on test0 dataset *****
04/20/2026 10:56:43 - INFO - utils.trainer -   AUC: 0.57947
04/20/2026 10:56:43 - INFO - utils.trainer -   Accuracy: 0.35032
04/20/2026 10:56:43 - INFO - utils.trainer -   Precision: 0.35784
04/20/2026 10:56:43 - INFO - utils.trainer -   Recall: 0.35321
04/20/2026 10:56:43 - INFO - utils.trainer -   F_score: 0.35181
04/20/2026 10:56:43 - INFO - utils.trainer -   Loss: 2.34293
04/20/2026 10:56:43 - INFO - utils.trainer -    Train loss: 0.76928, Test loss: 2.34293,Epoch time = 6.408s
04/20/2026 10:56:50 - INFO - utils.trainer -   ***** Running evaluation on test0 dataset *****
04/20/2026 10:56:52 - INFO - utils.trainer -   AUC: 0.58383
04/20/2026 10:56:52 - INFO - utils.trainer -   Accuracy: 0.36306
04/20/2026 10:56:52 - INFO - utils.trainer -   Precision: 0.36409
04/20/2026 10:56:52 - INFO - utils.trainer -   Recall: 0.36475
04/20/2026 10:56:52 - INFO - utils.trainer -   F_score: 0.36341
04/20/2026 10:56:52 - INFO - utils.trainer -   Loss: 2.15863
04/20/2026 10:56:52 - INFO - utils.trainer -    Train loss: 0.72674, Test loss: 2.15863,Epoch time = 7.024s
04/20/2026 10:56:59 - INFO - utils.trainer -   ***** Running evaluation on test0 dataset *****
04/20/2026 10:57:01 - INFO - utils.trainer -   AUC: 0.59299
04/20/2026 10:57:01 - INFO - utils.trainer -   Accuracy: 0.38217
04/20/2026 10:57:01 - INFO - utils.trainer -   Precision: 0.38328
04/20/2026 10:57:01 - INFO - utils.trainer -   Recall: 0.38054
04/20/2026 10:57:01 - INFO - utils.trainer -   F_score: 0.37962
04/20/2026 10:57:01 - INFO - utils.trainer -   Loss: 2.15773
04/20/2026 10:57:01 - INFO - utils.trainer -    Train loss: 0.70194, Test loss: 2.15773,Epoch time = 6.902s
04/20/2026 10:57:01 - INFO - utils.trainer -   Saving model checkpoint to output_dir/FBNetGen
04/20/2026 10:57:08 - INFO - utils.trainer -   ***** Running evaluation on test0 dataset *****
04/20/2026 10:57:10 - INFO - utils.trainer -   AUC: 0.59237
04/20/2026 10:57:10 - INFO - utils.trainer -   Accuracy: 0.35669
04/20/2026 10:57:10 - INFO - utils.trainer -   Precision: 0.35860
04/20/2026 10:57:10 - INFO - utils.trainer -   Recall: 0.35692
04/20/2026 10:57:10 - INFO - utils.trainer -   F_score: 0.35322
04/20/2026 10:57:10 - INFO - utils.trainer -   Loss: 1.98690
04/20/2026 10:57:10 - INFO - utils.trainer -    Train loss: 0.65271, Test loss: 1.98690,Epoch time = 7.226s
04/20/2026 10:57:16 - INFO - utils.trainer -   ***** Running evaluation on test0 dataset *****
04/20/2026 10:57:17 - INFO - utils.trainer -   AUC: 0.58366
04/20/2026 10:57:17 - INFO - utils.trainer -   Accuracy: 0.35669
04/20/2026 10:57:17 - INFO - utils.trainer -   Precision: 0.36110
04/20/2026 10:57:17 - INFO - utils.trainer -   Recall: 0.35692
04/20/2026 10:57:17 - INFO - utils.trainer -   F_score: 0.35597
04/20/2026 10:57:17 - INFO - utils.trainer -   Loss: 2.27422
04/20/2026 10:57:17 - INFO - utils.trainer -    Train loss: 0.65145, Test loss: 2.27422,Epoch time = 5.833s
04/20/2026 10:57:25 - INFO - utils.trainer -   ***** Running evaluation on test0 dataset *****
04/20/2026 10:57:27 - INFO - utils.trainer -   AUC: 0.58050
04/20/2026 10:57:27 - INFO - utils.trainer -   Accuracy: 0.33758
04/20/2026 10:57:27 - INFO - utils.trainer -   Precision: 0.33956
04/20/2026 10:57:27 - INFO - utils.trainer -   Recall: 0.34095
04/20/2026 10:57:27 - INFO - utils.trainer -   F_score: 0.33762
04/20/2026 10:57:27 - INFO - utils.trainer -   Loss: 2.24978
04/20/2026 10:57:27 - INFO - utils.trainer -    Train loss: 0.70567, Test loss: 2.24978,Epoch time = 7.562s
04/20/2026 10:57:34 - INFO - utils.trainer -   ***** Running evaluation on test0 dataset *****
04/20/2026 10:57:35 - INFO - utils.trainer -   AUC: 0.58701
04/20/2026 10:57:35 - INFO - utils.trainer -   Accuracy: 0.36943
04/20/2026 10:57:35 - INFO - utils.trainer -   Precision: 0.37015
04/20/2026 10:57:35 - INFO - utils.trainer -   Recall: 0.37026
04/20/2026 10:57:35 - INFO - utils.trainer -   F_score: 0.36779
04/20/2026 10:57:35 - INFO - utils.trainer -   Loss: 2.28911
04/20/2026 10:57:35 - INFO - utils.trainer -    Train loss: 0.69640, Test loss: 2.28911,Epoch time = 6.729s
04/20/2026 10:57:42 - INFO - utils.trainer -   ***** Running evaluation on test0 dataset *****
04/20/2026 10:57:44 - INFO - utils.trainer -   AUC: 0.58703
04/20/2026 10:57:44 - INFO - utils.trainer -   Accuracy: 0.36306
04/20/2026 10:57:44 - INFO - utils.trainer -   Precision: 0.36373
04/20/2026 10:57:44 - INFO - utils.trainer -   Recall: 0.36242
04/20/2026 10:57:44 - INFO - utils.trainer -   F_score: 0.36039
04/20/2026 10:57:44 - INFO - utils.trainer -   Loss: 2.20630
04/20/2026 10:57:44 - INFO - utils.trainer -    Train loss: 0.74214, Test loss: 2.20630,Epoch time = 6.652s
04/20/2026 10:57:50 - INFO - utils.trainer -   ***** Running evaluation on test0 dataset *****
04/20/2026 10:57:52 - INFO - utils.trainer -   AUC: 0.58156
04/20/2026 10:57:52 - INFO - utils.trainer -   Accuracy: 0.33758
04/20/2026 10:57:52 - INFO - utils.trainer -   Precision: 0.33938
04/20/2026 10:57:52 - INFO - utils.trainer -   Recall: 0.34059
04/20/2026 10:57:52 - INFO - utils.trainer -   F_score: 0.33645
04/20/2026 10:57:52 - INFO - utils.trainer -   Loss: 2.42476
04/20/2026 10:57:52 - INFO - utils.trainer -    Train loss: 0.71475, Test loss: 2.42476,Epoch time = 6.405s
04/20/2026 10:58:00 - INFO - utils.trainer -   ***** Running evaluation on test0 dataset *****
04/20/2026 10:58:02 - INFO - utils.trainer -   AUC: 0.57440
04/20/2026 10:58:02 - INFO - utils.trainer -   Accuracy: 0.36306
04/20/2026 10:58:02 - INFO - utils.trainer -   Precision: 0.36729
04/20/2026 10:58:02 - INFO - utils.trainer -   Recall: 0.36655
04/20/2026 10:58:02 - INFO - utils.trainer -   F_score: 0.36405
04/20/2026 10:58:02 - INFO - utils.trainer -   Loss: 2.19839
04/20/2026 10:58:02 - INFO - utils.trainer -    Train loss: 0.66940, Test loss: 2.19839,Epoch time = 7.525s
04/20/2026 10:58:07 - INFO - utils.trainer -   ***** Running evaluation on test0 dataset *****
04/20/2026 10:58:09 - INFO - utils.trainer -   AUC: 0.57674
04/20/2026 10:58:09 - INFO - utils.trainer -   Accuracy: 0.36306
04/20/2026 10:58:09 - INFO - utils.trainer -   Precision: 0.36482
04/20/2026 10:58:09 - INFO - utils.trainer -   Recall: 0.36655
04/20/2026 10:58:09 - INFO - utils.trainer -   F_score: 0.36260
04/20/2026 10:58:09 - INFO - utils.trainer -   Loss: 2.29561
04/20/2026 10:58:09 - INFO - utils.trainer -    Train loss: 0.71995, Test loss: 2.29561,Epoch time = 5.346s
04/20/2026 10:58:16 - INFO - utils.trainer -   ***** Running evaluation on test0 dataset *****
04/20/2026 10:58:18 - INFO - utils.trainer -   AUC: 0.58334
04/20/2026 10:58:18 - INFO - utils.trainer -   Accuracy: 0.37580
04/20/2026 10:58:18 - INFO - utils.trainer -   Precision: 0.37618
04/20/2026 10:58:18 - INFO - utils.trainer -   Recall: 0.37701
04/20/2026 10:58:18 - INFO - utils.trainer -   F_score: 0.37525
04/20/2026 10:58:18 - INFO - utils.trainer -   Loss: 2.01045
04/20/2026 10:58:18 - INFO - utils.trainer -    Train loss: 0.70817, Test loss: 2.01045,Epoch time = 7.304s
04/20/2026 10:58:25 - INFO - utils.trainer -   ***** Running evaluation on test0 dataset *****
04/20/2026 10:58:27 - INFO - utils.trainer -   AUC: 0.57998
04/20/2026 10:58:27 - INFO - utils.trainer -   Accuracy: 0.36306
04/20/2026 10:58:27 - INFO - utils.trainer -   Precision: 0.36501
04/20/2026 10:58:27 - INFO - utils.trainer -   Recall: 0.36368
04/20/2026 10:58:27 - INFO - utils.trainer -   F_score: 0.36297
04/20/2026 10:58:27 - INFO - utils.trainer -   Loss: 2.06953
04/20/2026 10:58:27 - INFO - utils.trainer -    Train loss: 0.72265, Test loss: 2.06953,Epoch time = 6.693s
04/20/2026 10:58:33 - INFO - utils.trainer -   ***** Running evaluation on test0 dataset *****
04/20/2026 10:58:35 - INFO - utils.trainer -   AUC: 0.57863
04/20/2026 10:58:35 - INFO - utils.trainer -   Accuracy: 0.35669
04/20/2026 10:58:35 - INFO - utils.trainer -   Precision: 0.36135
04/20/2026 10:58:35 - INFO - utils.trainer -   Recall: 0.35979
04/20/2026 10:58:35 - INFO - utils.trainer -   F_score: 0.35768
04/20/2026 10:58:35 - INFO - utils.trainer -   Loss: 2.42719
04/20/2026 10:58:35 - INFO - utils.trainer -    Train loss: 0.73107, Test loss: 2.42719,Epoch time = 6.597s
04/20/2026 10:58:41 - INFO - utils.trainer -   ***** Running evaluation on test0 dataset *****
04/20/2026 10:58:43 - INFO - utils.trainer -   AUC: 0.58057
04/20/2026 10:58:43 - INFO - utils.trainer -   Accuracy: 0.36306
04/20/2026 10:58:43 - INFO - utils.trainer -   Precision: 0.36462
04/20/2026 10:58:43 - INFO - utils.trainer -   Recall: 0.36260
04/20/2026 10:58:43 - INFO - utils.trainer -   F_score: 0.36178
04/20/2026 10:58:43 - INFO - utils.trainer -   Loss: 2.30772
04/20/2026 10:58:43 - INFO - utils.trainer -    Train loss: 0.66916, Test loss: 2.30772,Epoch time = 6.329s
04/20/2026 10:58:51 - INFO - utils.trainer -   ***** Running evaluation on test0 dataset *****
04/20/2026 10:58:52 - INFO - utils.trainer -   AUC: 0.58125
04/20/2026 10:58:52 - INFO - utils.trainer -   Accuracy: 0.36943
04/20/2026 10:58:52 - INFO - utils.trainer -   Precision: 0.36800
04/20/2026 10:58:52 - INFO - utils.trainer -   Recall: 0.37115
04/20/2026 10:58:52 - INFO - utils.trainer -   F_score: 0.36772
04/20/2026 10:58:52 - INFO - utils.trainer -   Loss: 2.26444
04/20/2026 10:58:52 - INFO - utils.trainer -    Train loss: 0.71790, Test loss: 2.26444,Epoch time = 7.472s
04/20/2026 10:58:58 - INFO - utils.trainer -   ***** Running evaluation on test0 dataset *****
04/20/2026 10:59:00 - INFO - utils.trainer -   AUC: 0.58409
04/20/2026 10:59:00 - INFO - utils.trainer -   Accuracy: 0.34395
04/20/2026 10:59:00 - INFO - utils.trainer -   Precision: 0.34499
04/20/2026 10:59:00 - INFO - utils.trainer -   Recall: 0.34645
04/20/2026 10:59:00 - INFO - utils.trainer -   F_score: 0.34196
04/20/2026 10:59:00 - INFO - utils.trainer -   Loss: 2.47135
04/20/2026 10:59:00 - INFO - utils.trainer -    Train loss: 0.77441, Test loss: 2.47135,Epoch time = 5.532s
04/20/2026 10:59:07 - INFO - utils.trainer -   ***** Running evaluation on test0 dataset *****
04/20/2026 10:59:09 - INFO - utils.trainer -   AUC: 0.58805
04/20/2026 10:59:09 - INFO - utils.trainer -   Accuracy: 0.36306
04/20/2026 10:59:09 - INFO - utils.trainer -   Precision: 0.36715
04/20/2026 10:59:09 - INFO - utils.trainer -   Recall: 0.36547
04/20/2026 10:59:09 - INFO - utils.trainer -   F_score: 0.36326
04/20/2026 10:59:09 - INFO - utils.trainer -   Loss: 2.15168
04/20/2026 10:59:09 - INFO - utils.trainer -    Train loss: 0.66050, Test loss: 2.15168,Epoch time = 7.244s
04/20/2026 10:59:16 - INFO - utils.trainer -   ***** Running evaluation on test0 dataset *****
04/20/2026 10:59:18 - INFO - utils.trainer -   AUC: 0.58742
04/20/2026 10:59:18 - INFO - utils.trainer -   Accuracy: 0.35032
04/20/2026 10:59:18 - INFO - utils.trainer -   Precision: 0.35231
04/20/2026 10:59:18 - INFO - utils.trainer -   Recall: 0.35321
04/20/2026 10:59:18 - INFO - utils.trainer -   F_score: 0.35014
04/20/2026 10:59:18 - INFO - utils.trainer -   Loss: 2.03508
04/20/2026 10:59:18 - INFO - utils.trainer -    Train loss: 0.57372, Test loss: 2.03508,Epoch time = 6.779s
04/20/2026 10:59:24 - INFO - utils.trainer -   ***** Running evaluation on test0 dataset *****
04/20/2026 10:59:26 - INFO - utils.trainer -   AUC: 0.58651
04/20/2026 10:59:26 - INFO - utils.trainer -   Accuracy: 0.33758
04/20/2026 10:59:26 - INFO - utils.trainer -   Precision: 0.34049
04/20/2026 10:59:26 - INFO - utils.trainer -   Recall: 0.34005
04/20/2026 10:59:26 - INFO - utils.trainer -   F_score: 0.33824
04/20/2026 10:59:26 - INFO - utils.trainer -   Loss: 2.02434
04/20/2026 10:59:26 - INFO - utils.trainer -    Train loss: 0.68216, Test loss: 2.02434,Epoch time = 6.407s
04/20/2026 10:59:32 - INFO - utils.trainer -   ***** Running evaluation on test0 dataset *****
04/20/2026 10:59:34 - INFO - utils.trainer -   AUC: 0.58611
04/20/2026 10:59:34 - INFO - utils.trainer -   Accuracy: 0.33758
04/20/2026 10:59:34 - INFO - utils.trainer -   Precision: 0.34144
04/20/2026 10:59:34 - INFO - utils.trainer -   Recall: 0.34095
04/20/2026 10:59:34 - INFO - utils.trainer -   F_score: 0.33718
04/20/2026 10:59:34 - INFO - utils.trainer -   Loss: 2.24304
04/20/2026 10:59:34 - INFO - utils.trainer -    Train loss: 0.64133, Test loss: 2.24304,Epoch time = 6.491s
04/20/2026 10:59:42 - INFO - utils.trainer -   ***** Running evaluation on test0 dataset *****
04/20/2026 10:59:43 - INFO - utils.trainer -   AUC: 0.58676
04/20/2026 10:59:43 - INFO - utils.trainer -   Accuracy: 0.34395
04/20/2026 10:59:43 - INFO - utils.trainer -   Precision: 0.34769
04/20/2026 10:59:43 - INFO - utils.trainer -   Recall: 0.34466
04/20/2026 10:59:43 - INFO - utils.trainer -   F_score: 0.34387
04/20/2026 10:59:43 - INFO - utils.trainer -   Loss: 2.31715
04/20/2026 10:59:43 - INFO - utils.trainer -    Train loss: 0.62058, Test loss: 2.31715,Epoch time = 7.400s
04/20/2026 10:59:49 - INFO - utils.trainer -   ***** Running evaluation on test0 dataset *****
04/20/2026 10:59:51 - INFO - utils.trainer -   AUC: 0.58623
04/20/2026 10:59:51 - INFO - utils.trainer -   Accuracy: 0.33758
04/20/2026 10:59:51 - INFO - utils.trainer -   Precision: 0.34316
04/20/2026 10:59:51 - INFO - utils.trainer -   Recall: 0.33790
04/20/2026 10:59:51 - INFO - utils.trainer -   F_score: 0.33691
04/20/2026 10:59:51 - INFO - utils.trainer -   Loss: 2.18041
04/20/2026 10:59:51 - INFO - utils.trainer -    Train loss: 0.66199, Test loss: 2.18041,Epoch time = 5.351s
04/20/2026 10:59:58 - INFO - utils.trainer -   ***** Running evaluation on test0 dataset *****
04/20/2026 11:00:00 - INFO - utils.trainer -   AUC: 0.58999
04/20/2026 11:00:00 - INFO - utils.trainer -   Accuracy: 0.35669
04/20/2026 11:00:00 - INFO - utils.trainer -   Precision: 0.35936
04/20/2026 11:00:00 - INFO - utils.trainer -   Recall: 0.35585
04/20/2026 11:00:00 - INFO - utils.trainer -   F_score: 0.35383
04/20/2026 11:00:00 - INFO - utils.trainer -   Loss: 2.41896
04/20/2026 11:00:00 - INFO - utils.trainer -    Train loss: 0.77204, Test loss: 2.41896,Epoch time = 7.569s
04/20/2026 11:00:06 - INFO - utils.trainer -   ***** Running evaluation on test0 dataset *****
04/20/2026 11:00:08 - INFO - utils.trainer -   AUC: 0.58274
04/20/2026 11:00:08 - INFO - utils.trainer -   Accuracy: 0.33758
04/20/2026 11:00:08 - INFO - utils.trainer -   Precision: 0.34144
04/20/2026 11:00:08 - INFO - utils.trainer -   Recall: 0.34095
04/20/2026 11:00:08 - INFO - utils.trainer -   F_score: 0.33718
04/20/2026 11:00:08 - INFO - utils.trainer -   Loss: 2.40175
04/20/2026 11:00:08 - INFO - utils.trainer -    Train loss: 0.65300, Test loss: 2.40175,Epoch time = 6.428s
04/20/2026 11:00:15 - INFO - utils.trainer -   ***** Running evaluation on test0 dataset *****
04/20/2026 11:00:17 - INFO - utils.trainer -   AUC: 0.58925
04/20/2026 11:00:17 - INFO - utils.trainer -   Accuracy: 0.35669
04/20/2026 11:00:17 - INFO - utils.trainer -   Precision: 0.36065
04/20/2026 11:00:17 - INFO - utils.trainer -   Recall: 0.35889
04/20/2026 11:00:17 - INFO - utils.trainer -   F_score: 0.35692
04/20/2026 11:00:17 - INFO - utils.trainer -   Loss: 2.32844
04/20/2026 11:00:17 - INFO - utils.trainer -    Train loss: 0.66509, Test loss: 2.32844,Epoch time = 6.595s
04/20/2026 11:00:24 - INFO - utils.trainer -   ***** Running evaluation on test0 dataset *****
04/20/2026 11:00:25 - INFO - utils.trainer -   AUC: 0.58274
04/20/2026 11:00:25 - INFO - utils.trainer -   Accuracy: 0.33758
04/20/2026 11:00:25 - INFO - utils.trainer -   Precision: 0.34411
04/20/2026 11:00:25 - INFO - utils.trainer -   Recall: 0.34095
04/20/2026 11:00:25 - INFO - utils.trainer -   F_score: 0.33852
04/20/2026 11:00:25 - INFO - utils.trainer -   Loss: 2.19423
04/20/2026 11:00:25 - INFO - utils.trainer -    Train loss: 0.72817, Test loss: 2.19423,Epoch time = 6.770s
04/20/2026 11:00:33 - INFO - utils.trainer -   ***** Running evaluation on test0 dataset *****
04/20/2026 11:00:35 - INFO - utils.trainer -   AUC: 0.58294
04/20/2026 11:00:35 - INFO - utils.trainer -   Accuracy: 0.33121
04/20/2026 11:00:35 - INFO - utils.trainer -   Precision: 0.33422
04/20/2026 11:00:35 - INFO - utils.trainer -   Recall: 0.33401
04/20/2026 11:00:35 - INFO - utils.trainer -   F_score: 0.32915
04/20/2026 11:00:35 - INFO - utils.trainer -   Loss: 2.27815
04/20/2026 11:00:35 - INFO - utils.trainer -    Train loss: 0.71287, Test loss: 2.27815,Epoch time = 7.466s
04/20/2026 11:00:40 - INFO - utils.trainer -   ***** Running evaluation on test0 dataset *****
04/20/2026 11:00:42 - INFO - utils.trainer -   AUC: 0.58370
04/20/2026 11:00:42 - INFO - utils.trainer -   Accuracy: 0.33758
04/20/2026 11:00:42 - INFO - utils.trainer -   Precision: 0.34380
04/20/2026 11:00:42 - INFO - utils.trainer -   Recall: 0.34095
04/20/2026 11:00:42 - INFO - utils.trainer -   F_score: 0.33865
04/20/2026 11:00:42 - INFO - utils.trainer -   Loss: 2.41836
04/20/2026 11:00:42 - INFO - utils.trainer -    Train loss: 0.69686, Test loss: 2.41836,Epoch time = 5.456s
04/20/2026 11:00:50 - INFO - utils.trainer -   ***** Running evaluation on test0 dataset *****
04/20/2026 11:00:51 - INFO - utils.trainer -   AUC: 0.58995
04/20/2026 11:00:51 - INFO - utils.trainer -   Accuracy: 0.33758
04/20/2026 11:00:51 - INFO - utils.trainer -   Precision: 0.33822
04/20/2026 11:00:51 - INFO - utils.trainer -   Recall: 0.34077
04/20/2026 11:00:51 - INFO - utils.trainer -   F_score: 0.33637
04/20/2026 11:00:51 - INFO - utils.trainer -   Loss: 2.21582
04/20/2026 11:00:51 - INFO - utils.trainer -    Train loss: 0.67858, Test loss: 2.21582,Epoch time = 7.655s
04/20/2026 11:00:57 - INFO - utils.trainer -   ***** Running evaluation on test0 dataset *****
04/20/2026 11:00:59 - INFO - utils.trainer -   AUC: 0.58691
04/20/2026 11:00:59 - INFO - utils.trainer -   Accuracy: 0.34395
04/20/2026 11:00:59 - INFO - utils.trainer -   Precision: 0.34956
04/20/2026 11:00:59 - INFO - utils.trainer -   Recall: 0.34753
04/20/2026 11:00:59 - INFO - utils.trainer -   F_score: 0.34484
04/20/2026 11:00:59 - INFO - utils.trainer -   Loss: 2.35862
04/20/2026 11:00:59 - INFO - utils.trainer -    Train loss: 0.73774, Test loss: 2.35862,Epoch time = 6.067s
04/20/2026 11:01:06 - INFO - utils.trainer -   ***** Running evaluation on test0 dataset *****
04/20/2026 11:01:08 - INFO - utils.trainer -   AUC: 0.58058
04/20/2026 11:01:08 - INFO - utils.trainer -   Accuracy: 0.31210
04/20/2026 11:01:08 - INFO - utils.trainer -   Precision: 0.31614
04/20/2026 11:01:08 - INFO - utils.trainer -   Recall: 0.31463
04/20/2026 11:01:08 - INFO - utils.trainer -   F_score: 0.31334
04/20/2026 11:01:08 - INFO - utils.trainer -   Loss: 2.27722
04/20/2026 11:01:08 - INFO - utils.trainer -    Train loss: 0.68430, Test loss: 2.27722,Epoch time = 6.991s
04/20/2026 11:01:15 - INFO - utils.trainer -   ***** Running evaluation on test0 dataset *****
04/20/2026 11:01:16 - INFO - utils.trainer -   AUC: 0.58475
04/20/2026 11:01:16 - INFO - utils.trainer -   Accuracy: 0.33121
04/20/2026 11:01:16 - INFO - utils.trainer -   Precision: 0.33572
04/20/2026 11:01:16 - INFO - utils.trainer -   Recall: 0.33330
04/20/2026 11:01:16 - INFO - utils.trainer -   F_score: 0.33214
04/20/2026 11:01:16 - INFO - utils.trainer -   Loss: 2.18817
04/20/2026 11:01:16 - INFO - utils.trainer -    Train loss: 0.66433, Test loss: 2.18817,Epoch time = 6.568s
04/20/2026 11:01:23 - INFO - utils.trainer -   ***** Running evaluation on test0 dataset *****
04/20/2026 11:01:25 - INFO - utils.trainer -   AUC: 0.58671
04/20/2026 11:01:25 - INFO - utils.trainer -   Accuracy: 0.33758
04/20/2026 11:01:25 - INFO - utils.trainer -   Precision: 0.33751
04/20/2026 11:01:25 - INFO - utils.trainer -   Recall: 0.33987
04/20/2026 11:01:25 - INFO - utils.trainer -   F_score: 0.33621
04/20/2026 11:01:25 - INFO - utils.trainer -   Loss: 2.31064
04/20/2026 11:01:25 - INFO - utils.trainer -    Train loss: 0.72631, Test loss: 2.31064,Epoch time = 6.623s
04/20/2026 11:01:31 - INFO - utils.trainer -   ***** Running evaluation on test0 dataset *****
04/20/2026 11:01:32 - INFO - utils.trainer -   AUC: 0.58408
04/20/2026 11:01:32 - INFO - utils.trainer -   Accuracy: 0.34395
04/20/2026 11:01:32 - INFO - utils.trainer -   Precision: 0.34770
04/20/2026 11:01:32 - INFO - utils.trainer -   Recall: 0.34484
04/20/2026 11:01:32 - INFO - utils.trainer -   F_score: 0.34447
04/20/2026 11:01:32 - INFO - utils.trainer -   Loss: 2.34147
04/20/2026 11:01:32 - INFO - utils.trainer -    Train loss: 0.61238, Test loss: 2.34147,Epoch time = 5.724s
04/20/2026 11:01:40 - INFO - utils.trainer -   ***** Running evaluation on test0 dataset *****
04/20/2026 11:01:41 - INFO - utils.trainer -   AUC: 0.58210
04/20/2026 11:01:41 - INFO - utils.trainer -   Accuracy: 0.35032
04/20/2026 11:01:41 - INFO - utils.trainer -   Precision: 0.35281
04/20/2026 11:01:41 - INFO - utils.trainer -   Recall: 0.35231
04/20/2026 11:01:41 - INFO - utils.trainer -   F_score: 0.35076
04/20/2026 11:01:41 - INFO - utils.trainer -   Loss: 2.28480
04/20/2026 11:01:41 - INFO - utils.trainer -    Train loss: 0.74523, Test loss: 2.28480,Epoch time = 7.426s
04/20/2026 11:01:47 - INFO - utils.trainer -   ***** Running evaluation on test0 dataset *****
04/20/2026 11:01:48 - INFO - utils.trainer -   AUC: 0.58415
04/20/2026 11:01:48 - INFO - utils.trainer -   Accuracy: 0.33121
04/20/2026 11:01:48 - INFO - utils.trainer -   Precision: 0.33120
04/20/2026 11:01:48 - INFO - utils.trainer -   Recall: 0.33509
04/20/2026 11:01:48 - INFO - utils.trainer -   F_score: 0.33018
04/20/2026 11:01:48 - INFO - utils.trainer -   Loss: 2.08084
04/20/2026 11:01:48 - INFO - utils.trainer -    Train loss: 0.61952, Test loss: 2.08084,Epoch time = 5.094s
04/20/2026 11:01:56 - INFO - utils.trainer -   ***** Running evaluation on test0 dataset *****
04/20/2026 11:01:58 - INFO - utils.trainer -   AUC: 0.58505
04/20/2026 11:01:58 - INFO - utils.trainer -   Accuracy: 0.36306
04/20/2026 11:01:58 - INFO - utils.trainer -   Precision: 0.36770
04/20/2026 11:01:58 - INFO - utils.trainer -   Recall: 0.36655
04/20/2026 11:01:58 - INFO - utils.trainer -   F_score: 0.36447
04/20/2026 11:01:58 - INFO - utils.trainer -   Loss: 2.30690
04/20/2026 11:01:58 - INFO - utils.trainer -    Train loss: 0.64013, Test loss: 2.30690,Epoch time = 7.508s
04/20/2026 11:02:04 - INFO - utils.trainer -   ***** Running evaluation on test0 dataset *****
04/20/2026 11:02:06 - INFO - utils.trainer -   AUC: 0.57471
04/20/2026 11:02:06 - INFO - utils.trainer -   Accuracy: 0.33121
04/20/2026 11:02:06 - INFO - utils.trainer -   Precision: 0.33254
04/20/2026 11:02:06 - INFO - utils.trainer -   Recall: 0.33545
04/20/2026 11:02:06 - INFO - utils.trainer -   F_score: 0.33173
04/20/2026 11:02:06 - INFO - utils.trainer -   Loss: 2.35326
04/20/2026 11:02:06 - INFO - utils.trainer -    Train loss: 0.72408, Test loss: 2.35326,Epoch time = 6.304s
04/20/2026 11:02:12 - INFO - utils.trainer -   ***** Running evaluation on test0 dataset *****
04/20/2026 11:02:14 - INFO - utils.trainer -   AUC: 0.57980
04/20/2026 11:02:14 - INFO - utils.trainer -   Accuracy: 0.33121
04/20/2026 11:02:14 - INFO - utils.trainer -   Precision: 0.33316
04/20/2026 11:02:14 - INFO - utils.trainer -   Recall: 0.33330
04/20/2026 11:02:14 - INFO - utils.trainer -   F_score: 0.33128
04/20/2026 11:02:14 - INFO - utils.trainer -   Loss: 2.51878
04/20/2026 11:02:14 - INFO - utils.trainer -    Train loss: 0.73908, Test loss: 2.51878,Epoch time = 6.459s
04/20/2026 11:02:21 - INFO - utils.trainer -   ***** Running evaluation on test0 dataset *****
04/20/2026 11:02:23 - INFO - utils.trainer -   AUC: 0.59481
04/20/2026 11:02:23 - INFO - utils.trainer -   Accuracy: 0.34395
04/20/2026 11:02:23 - INFO - utils.trainer -   Precision: 0.34580
04/20/2026 11:02:23 - INFO - utils.trainer -   Recall: 0.34466
04/20/2026 11:02:23 - INFO - utils.trainer -   F_score: 0.34411
04/20/2026 11:02:23 - INFO - utils.trainer -   Loss: 2.26850
04/20/2026 11:02:23 - INFO - utils.trainer -    Train loss: 0.64377, Test loss: 2.26850,Epoch time = 6.812s
04/20/2026 11:02:30 - INFO - utils.trainer -   ***** Running evaluation on test0 dataset *****
04/20/2026 11:02:32 - INFO - utils.trainer -   AUC: 0.58912
04/20/2026 11:02:32 - INFO - utils.trainer -   Accuracy: 0.34395
04/20/2026 11:02:32 - INFO - utils.trainer -   Precision: 0.34587
04/20/2026 11:02:32 - INFO - utils.trainer -   Recall: 0.34771
04/20/2026 11:02:32 - INFO - utils.trainer -   F_score: 0.34445
04/20/2026 11:02:32 - INFO - utils.trainer -   Loss: 2.44019
04/20/2026 11:02:32 - INFO - utils.trainer -    Train loss: 0.65571, Test loss: 2.44019,Epoch time = 7.183s
04/20/2026 11:02:37 - INFO - utils.trainer -   ***** Running evaluation on test0 dataset *****
04/20/2026 11:02:39 - INFO - utils.trainer -   AUC: 0.57713
04/20/2026 11:02:39 - INFO - utils.trainer -   Accuracy: 0.32484
04/20/2026 11:02:39 - INFO - utils.trainer -   Precision: 0.32553
04/20/2026 11:02:39 - INFO - utils.trainer -   Recall: 0.32976
04/20/2026 11:02:39 - INFO - utils.trainer -   F_score: 0.32399
04/20/2026 11:02:39 - INFO - utils.trainer -   Loss: 2.31508
04/20/2026 11:02:39 - INFO - utils.trainer -    Train loss: 0.68579, Test loss: 2.31508,Epoch time = 5.338s
04/20/2026 11:02:47 - INFO - utils.trainer -   ***** Running evaluation on test0 dataset *****
04/20/2026 11:02:48 - INFO - utils.trainer -   AUC: 0.58718
04/20/2026 11:02:48 - INFO - utils.trainer -   Accuracy: 0.30573
04/20/2026 11:02:48 - INFO - utils.trainer -   Precision: 0.30367
04/20/2026 11:02:48 - INFO - utils.trainer -   Recall: 0.30895
04/20/2026 11:02:48 - INFO - utils.trainer -   F_score: 0.30460
04/20/2026 11:02:48 - INFO - utils.trainer -   Loss: 2.55936
04/20/2026 11:02:48 - INFO - utils.trainer -    Train loss: 0.75247, Test loss: 2.55936,Epoch time = 7.455s
04/20/2026 11:02:54 - INFO - utils.trainer -   ***** Running evaluation on test0 dataset *****
04/20/2026 11:02:56 - INFO - utils.trainer -   AUC: 0.58318
04/20/2026 11:02:56 - INFO - utils.trainer -   Accuracy: 0.33758
04/20/2026 11:02:56 - INFO - utils.trainer -   Precision: 0.33832
04/20/2026 11:02:56 - INFO - utils.trainer -   Recall: 0.33916
04/20/2026 11:02:56 - INFO - utils.trainer -   F_score: 0.33754
04/20/2026 11:02:56 - INFO - utils.trainer -   Loss: 2.19240
04/20/2026 11:02:56 - INFO - utils.trainer -    Train loss: 0.72515, Test loss: 2.19240,Epoch time = 5.380s
04/20/2026 11:03:03 - INFO - utils.trainer -   ***** Running evaluation on test0 dataset *****
04/20/2026 11:03:04 - INFO - utils.trainer -   AUC: 0.58333
04/20/2026 11:03:04 - INFO - utils.trainer -   Accuracy: 0.32484
04/20/2026 11:03:04 - INFO - utils.trainer -   Precision: 0.32748
04/20/2026 11:03:04 - INFO - utils.trainer -   Recall: 0.32689
04/20/2026 11:03:04 - INFO - utils.trainer -   F_score: 0.32611
04/20/2026 11:03:04 - INFO - utils.trainer -   Loss: 2.09289
04/20/2026 11:03:04 - INFO - utils.trainer -    Train loss: 0.61633, Test loss: 2.09289,Epoch time = 7.056s
04/20/2026 11:03:09 - INFO - __main__ -   ########## Repeat:1 ##########
04/20/2026 11:03:09 - INFO - utils.trainer -   ***** Running training *****
04/20/2026 11:03:09 - INFO - utils.trainer -     Num examples = 19
04/20/2026 11:03:09 - INFO - utils.trainer -     Num Epochs = 200
04/20/2026 11:03:09 - INFO - utils.trainer -     Total train batch size = 16
04/20/2026 11:03:09 - INFO - utils.trainer -     warmup steps = 400
04/20/2026 11:03:09 - INFO - utils.trainer -     Total optimization steps = 3800
04/20/2026 11:03:09 - INFO - utils.trainer -     Save steps = 200
04/20/2026 11:03:09 - INFO - root -   Parameters [normal] length [38]
04/20/2026 11:03:15 - INFO - utils.trainer -   ***** Running evaluation on test1 dataset *****
04/20/2026 11:03:17 - INFO - utils.trainer -   AUC: 0.55073
04/20/2026 11:03:17 - INFO - utils.trainer -   Accuracy: 0.28025
04/20/2026 11:03:17 - INFO - utils.trainer -   Precision: 0.07006
04/20/2026 11:03:17 - INFO - utils.trainer -   Recall: 0.25000
04/20/2026 11:03:17 - INFO - utils.trainer -   F_score: 0.10945
04/20/2026 11:03:17 - INFO - utils.trainer -   Loss: 1.38363
04/20/2026 11:03:17 - INFO - utils.trainer -    Train loss: 1.42346, Test loss: 1.38363,Epoch time = 6.196s
04/20/2026 11:03:17 - INFO - utils.trainer -   Saving model checkpoint to output_dir/FBNetGen
04/20/2026 11:03:24 - INFO - utils.trainer -   ***** Running evaluation on test1 dataset *****
04/20/2026 11:03:26 - INFO - utils.trainer -   AUC: 0.51798
04/20/2026 11:03:26 - INFO - utils.trainer -   Accuracy: 0.24841
04/20/2026 11:03:26 - INFO - utils.trainer -   Precision: 0.06250
04/20/2026 11:03:26 - INFO - utils.trainer -   Recall: 0.25000
04/20/2026 11:03:26 - INFO - utils.trainer -   F_score: 0.10000
04/20/2026 11:03:26 - INFO - utils.trainer -   Loss: 1.38560
04/20/2026 11:03:26 - INFO - utils.trainer -    Train loss: 1.38883, Test loss: 1.38560,Epoch time = 7.172s
04/20/2026 11:03:33 - INFO - utils.trainer -   ***** Running evaluation on test1 dataset *****
04/20/2026 11:03:34 - INFO - utils.trainer -   AUC: 0.52379
04/20/2026 11:03:34 - INFO - utils.trainer -   Accuracy: 0.29299
04/20/2026 11:03:34 - INFO - utils.trainer -   Precision: 0.22490
04/20/2026 11:03:34 - INFO - utils.trainer -   Recall: 0.29315
04/20/2026 11:03:34 - INFO - utils.trainer -   F_score: 0.20494
04/20/2026 11:03:34 - INFO - utils.trainer -   Loss: 1.42433
04/20/2026 11:03:34 - INFO - utils.trainer -    Train loss: 1.37906, Test loss: 1.42433,Epoch time = 6.819s
04/20/2026 11:03:34 - INFO - utils.trainer -   Saving model checkpoint to output_dir/FBNetGen
04/20/2026 11:03:41 - INFO - utils.trainer -   ***** Running evaluation on test1 dataset *****
04/20/2026 11:03:43 - INFO - utils.trainer -   AUC: 0.50458
04/20/2026 11:03:43 - INFO - utils.trainer -   Accuracy: 0.22930
04/20/2026 11:03:43 - INFO - utils.trainer -   Precision: 0.25166
04/20/2026 11:03:43 - INFO - utils.trainer -   Recall: 0.21968
04/20/2026 11:03:43 - INFO - utils.trainer -   F_score: 0.20161
04/20/2026 11:03:43 - INFO - utils.trainer -   Loss: 1.46929
04/20/2026 11:03:43 - INFO - utils.trainer -    Train loss: 1.36540, Test loss: 1.46929,Epoch time = 6.790s
04/20/2026 11:03:50 - INFO - utils.trainer -   ***** Running evaluation on test1 dataset *****
04/20/2026 11:03:52 - INFO - utils.trainer -   AUC: 0.55269
04/20/2026 11:03:52 - INFO - utils.trainer -   Accuracy: 0.25478
04/20/2026 11:03:52 - INFO - utils.trainer -   Precision: 0.30382
04/20/2026 11:03:52 - INFO - utils.trainer -   Recall: 0.24479
04/20/2026 11:03:52 - INFO - utils.trainer -   F_score: 0.23315
04/20/2026 11:03:52 - INFO - utils.trainer -   Loss: 1.46989
04/20/2026 11:03:52 - INFO - utils.trainer -    Train loss: 1.33949, Test loss: 1.46989,Epoch time = 7.427s
04/20/2026 11:03:59 - INFO - utils.trainer -   ***** Running evaluation on test1 dataset *****
04/20/2026 11:04:01 - INFO - utils.trainer -   AUC: 0.56782
04/20/2026 11:04:01 - INFO - utils.trainer -   Accuracy: 0.31847
04/20/2026 11:04:01 - INFO - utils.trainer -   Precision: 0.34267
04/20/2026 11:04:01 - INFO - utils.trainer -   Recall: 0.32351
04/20/2026 11:04:01 - INFO - utils.trainer -   F_score: 0.31142
04/20/2026 11:04:01 - INFO - utils.trainer -   Loss: 3.00250
04/20/2026 11:04:01 - INFO - utils.trainer -    Train loss: 1.29804, Test loss: 3.00250,Epoch time = 6.975s
04/20/2026 11:04:01 - INFO - utils.trainer -   Saving model checkpoint to output_dir/FBNetGen
04/20/2026 11:04:07 - INFO - utils.trainer -   ***** Running evaluation on test1 dataset *****
04/20/2026 11:04:09 - INFO - utils.trainer -   AUC: 0.54062
04/20/2026 11:04:09 - INFO - utils.trainer -   Accuracy: 0.29936
04/20/2026 11:04:09 - INFO - utils.trainer -   Precision: 0.30926
04/20/2026 11:04:09 - INFO - utils.trainer -   Recall: 0.29595
04/20/2026 11:04:09 - INFO - utils.trainer -   F_score: 0.29825
04/20/2026 11:04:09 - INFO - utils.trainer -   Loss: 4.66684
04/20/2026 11:04:09 - INFO - utils.trainer -    Train loss: 1.27270, Test loss: 4.66684,Epoch time = 6.586s
04/20/2026 11:04:16 - INFO - utils.trainer -   ***** Running evaluation on test1 dataset *****
04/20/2026 11:04:17 - INFO - utils.trainer -   AUC: 0.52659
04/20/2026 11:04:17 - INFO - utils.trainer -   Accuracy: 0.31847
04/20/2026 11:04:17 - INFO - utils.trainer -   Precision: 0.39903
04/20/2026 11:04:17 - INFO - utils.trainer -   Recall: 0.31800
04/20/2026 11:04:17 - INFO - utils.trainer -   F_score: 0.27686
04/20/2026 11:04:17 - INFO - utils.trainer -   Loss: 1.82414
04/20/2026 11:04:17 - INFO - utils.trainer -    Train loss: 1.23454, Test loss: 1.82414,Epoch time = 6.988s
04/20/2026 11:04:17 - INFO - utils.trainer -   Saving model checkpoint to output_dir/FBNetGen
04/20/2026 11:04:25 - INFO - utils.trainer -   ***** Running evaluation on test1 dataset *****
04/20/2026 11:04:26 - INFO - utils.trainer -   AUC: 0.52581
04/20/2026 11:04:26 - INFO - utils.trainer -   Accuracy: 0.24841
04/20/2026 11:04:26 - INFO - utils.trainer -   Precision: 0.26095
04/20/2026 11:04:26 - INFO - utils.trainer -   Recall: 0.23258
04/20/2026 11:04:26 - INFO - utils.trainer -   F_score: 0.19717
04/20/2026 11:04:26 - INFO - utils.trainer -   Loss: 1.42480
04/20/2026 11:04:26 - INFO - utils.trainer -    Train loss: 1.18970, Test loss: 1.42480,Epoch time = 7.243s
04/20/2026 11:04:33 - INFO - utils.trainer -   ***** Running evaluation on test1 dataset *****
04/20/2026 11:04:35 - INFO - utils.trainer -   AUC: 0.54624
04/20/2026 11:04:35 - INFO - utils.trainer -   Accuracy: 0.32484
04/20/2026 11:04:35 - INFO - utils.trainer -   Precision: 0.44124
04/20/2026 11:04:35 - INFO - utils.trainer -   Recall: 0.32621
04/20/2026 11:04:35 - INFO - utils.trainer -   F_score: 0.28929
04/20/2026 11:04:35 - INFO - utils.trainer -   Loss: 1.59268
04/20/2026 11:04:35 - INFO - utils.trainer -    Train loss: 1.18695, Test loss: 1.59268,Epoch time = 6.915s
04/20/2026 11:04:35 - INFO - utils.trainer -   Saving model checkpoint to output_dir/FBNetGen
04/20/2026 11:04:42 - INFO - utils.trainer -   ***** Running evaluation on test1 dataset *****
04/20/2026 11:04:44 - INFO - utils.trainer -   AUC: 0.55416
04/20/2026 11:04:44 - INFO - utils.trainer -   Accuracy: 0.31210
04/20/2026 11:04:44 - INFO - utils.trainer -   Precision: 0.32514
04/20/2026 11:04:44 - INFO - utils.trainer -   Recall: 0.30580
04/20/2026 11:04:44 - INFO - utils.trainer -   F_score: 0.30258
04/20/2026 11:04:44 - INFO - utils.trainer -   Loss: 2.01935
04/20/2026 11:04:44 - INFO - utils.trainer -    Train loss: 1.20088, Test loss: 2.01935,Epoch time = 6.651s
04/20/2026 11:04:51 - INFO - utils.trainer -   ***** Running evaluation on test1 dataset *****
04/20/2026 11:04:52 - INFO - utils.trainer -   AUC: 0.55425
04/20/2026 11:04:52 - INFO - utils.trainer -   Accuracy: 0.29299
04/20/2026 11:04:52 - INFO - utils.trainer -   Precision: 0.34274
04/20/2026 11:04:52 - INFO - utils.trainer -   Recall: 0.28267
04/20/2026 11:04:52 - INFO - utils.trainer -   F_score: 0.27793
04/20/2026 11:04:52 - INFO - utils.trainer -   Loss: 1.65553
04/20/2026 11:04:53 - INFO - utils.trainer -    Train loss: 1.13914, Test loss: 1.65553,Epoch time = 7.399s
04/20/2026 11:04:59 - INFO - utils.trainer -   ***** Running evaluation on test1 dataset *****
04/20/2026 11:05:01 - INFO - utils.trainer -   AUC: 0.51878
04/20/2026 11:05:01 - INFO - utils.trainer -   Accuracy: 0.26752
04/20/2026 11:05:01 - INFO - utils.trainer -   Precision: 0.27260
04/20/2026 11:05:01 - INFO - utils.trainer -   Recall: 0.25973
04/20/2026 11:05:01 - INFO - utils.trainer -   F_score: 0.25429
04/20/2026 11:05:01 - INFO - utils.trainer -   Loss: 2.05735
04/20/2026 11:05:01 - INFO - utils.trainer -    Train loss: 1.10729, Test loss: 2.05735,Epoch time = 6.611s
04/20/2026 11:05:08 - INFO - utils.trainer -   ***** Running evaluation on test1 dataset *****
04/20/2026 11:05:09 - INFO - utils.trainer -   AUC: 0.55299
04/20/2026 11:05:09 - INFO - utils.trainer -   Accuracy: 0.28025
04/20/2026 11:05:09 - INFO - utils.trainer -   Precision: 0.31080
04/20/2026 11:05:09 - INFO - utils.trainer -   Recall: 0.26876
04/20/2026 11:05:09 - INFO - utils.trainer -   F_score: 0.25752
04/20/2026 11:05:09 - INFO - utils.trainer -   Loss: 1.74340
04/20/2026 11:05:09 - INFO - utils.trainer -    Train loss: 1.11995, Test loss: 1.74340,Epoch time = 6.954s
04/20/2026 11:05:17 - INFO - utils.trainer -   ***** Running evaluation on test1 dataset *****
04/20/2026 11:05:18 - INFO - utils.trainer -   AUC: 0.54179
04/20/2026 11:05:18 - INFO - utils.trainer -   Accuracy: 0.31847
04/20/2026 11:05:18 - INFO - utils.trainer -   Precision: 0.33782
04/20/2026 11:05:18 - INFO - utils.trainer -   Recall: 0.31882
04/20/2026 11:05:18 - INFO - utils.trainer -   F_score: 0.30576
04/20/2026 11:05:18 - INFO - utils.trainer -   Loss: 1.70706
04/20/2026 11:05:18 - INFO - utils.trainer -    Train loss: 1.13549, Test loss: 1.70706,Epoch time = 7.158s
04/20/2026 11:05:25 - INFO - utils.trainer -   ***** Running evaluation on test1 dataset *****
04/20/2026 11:05:27 - INFO - utils.trainer -   AUC: 0.57147
04/20/2026 11:05:27 - INFO - utils.trainer -   Accuracy: 0.27389
04/20/2026 11:05:27 - INFO - utils.trainer -   Precision: 0.29284
04/20/2026 11:05:27 - INFO - utils.trainer -   Recall: 0.25985
04/20/2026 11:05:27 - INFO - utils.trainer -   F_score: 0.23590
04/20/2026 11:05:27 - INFO - utils.trainer -   Loss: 1.50944
04/20/2026 11:05:27 - INFO - utils.trainer -    Train loss: 1.11707, Test loss: 1.50944,Epoch time = 7.083s
04/20/2026 11:05:33 - INFO - utils.trainer -   ***** Running evaluation on test1 dataset *****
04/20/2026 11:05:35 - INFO - utils.trainer -   AUC: 0.52686
04/20/2026 11:05:35 - INFO - utils.trainer -   Accuracy: 0.27389
04/20/2026 11:05:35 - INFO - utils.trainer -   Precision: 0.28056
04/20/2026 11:05:35 - INFO - utils.trainer -   Recall: 0.26524
04/20/2026 11:05:35 - INFO - utils.trainer -   F_score: 0.25550
04/20/2026 11:05:35 - INFO - utils.trainer -   Loss: 1.80011
04/20/2026 11:05:35 - INFO - utils.trainer -    Train loss: 1.03075, Test loss: 1.80011,Epoch time = 6.238s
04/20/2026 11:05:43 - INFO - utils.trainer -   ***** Running evaluation on test1 dataset *****
04/20/2026 11:05:44 - INFO - utils.trainer -   AUC: 0.54299
04/20/2026 11:05:44 - INFO - utils.trainer -   Accuracy: 0.28025
04/20/2026 11:05:44 - INFO - utils.trainer -   Precision: 0.30789
04/20/2026 11:05:44 - INFO - utils.trainer -   Recall: 0.27459
04/20/2026 11:05:44 - INFO - utils.trainer -   F_score: 0.27009
04/20/2026 11:05:44 - INFO - utils.trainer -   Loss: 1.53477
04/20/2026 11:05:44 - INFO - utils.trainer -    Train loss: 1.11588, Test loss: 1.53477,Epoch time = 7.500s
04/20/2026 11:05:51 - INFO - utils.trainer -   ***** Running evaluation on test1 dataset *****
04/20/2026 11:05:53 - INFO - utils.trainer -   AUC: 0.53513
04/20/2026 11:05:53 - INFO - utils.trainer -   Accuracy: 0.29299
04/20/2026 11:05:53 - INFO - utils.trainer -   Precision: 0.31562
04/20/2026 11:05:53 - INFO - utils.trainer -   Recall: 0.28551
04/20/2026 11:05:53 - INFO - utils.trainer -   F_score: 0.28077
04/20/2026 11:05:53 - INFO - utils.trainer -   Loss: 1.64315
04/20/2026 11:05:53 - INFO - utils.trainer -    Train loss: 1.15071, Test loss: 1.64315,Epoch time = 6.561s
04/20/2026 11:05:59 - INFO - utils.trainer -   ***** Running evaluation on test1 dataset *****
04/20/2026 11:06:01 - INFO - utils.trainer -   AUC: 0.53969
04/20/2026 11:06:01 - INFO - utils.trainer -   Accuracy: 0.28662
04/20/2026 11:06:01 - INFO - utils.trainer -   Precision: 0.27175
04/20/2026 11:06:01 - INFO - utils.trainer -   Recall: 0.28162
04/20/2026 11:06:01 - INFO - utils.trainer -   F_score: 0.27010
04/20/2026 11:06:01 - INFO - utils.trainer -   Loss: 1.71552
04/20/2026 11:06:01 - INFO - utils.trainer -    Train loss: 1.07929, Test loss: 1.71552,Epoch time = 6.514s
04/20/2026 11:06:08 - INFO - utils.trainer -   ***** Running evaluation on test1 dataset *****
04/20/2026 11:06:09 - INFO - utils.trainer -   AUC: 0.51827
04/20/2026 11:06:09 - INFO - utils.trainer -   Accuracy: 0.29299
04/20/2026 11:06:09 - INFO - utils.trainer -   Precision: 0.31477
04/20/2026 11:06:09 - INFO - utils.trainer -   Recall: 0.28879
04/20/2026 11:06:09 - INFO - utils.trainer -   F_score: 0.29283
04/20/2026 11:06:09 - INFO - utils.trainer -   Loss: 1.87920
04/20/2026 11:06:09 - INFO - utils.trainer -    Train loss: 1.04629, Test loss: 1.87920,Epoch time = 6.817s
04/20/2026 11:06:17 - INFO - utils.trainer -   ***** Running evaluation on test1 dataset *****
04/20/2026 11:06:18 - INFO - utils.trainer -   AUC: 0.56316
04/20/2026 11:06:18 - INFO - utils.trainer -   Accuracy: 0.30573
04/20/2026 11:06:18 - INFO - utils.trainer -   Precision: 0.32158
04/20/2026 11:06:18 - INFO - utils.trainer -   Recall: 0.30357
04/20/2026 11:06:18 - INFO - utils.trainer -   F_score: 0.30853
04/20/2026 11:06:18 - INFO - utils.trainer -   Loss: 1.63929
04/20/2026 11:06:18 - INFO - utils.trainer -    Train loss: 1.08878, Test loss: 1.63929,Epoch time = 7.356s
04/20/2026 11:06:24 - INFO - utils.trainer -   ***** Running evaluation on test1 dataset *****
04/20/2026 11:06:26 - INFO - utils.trainer -   AUC: 0.53329
04/20/2026 11:06:26 - INFO - utils.trainer -   Accuracy: 0.27389
04/20/2026 11:06:26 - INFO - utils.trainer -   Precision: 0.28717
04/20/2026 11:06:26 - INFO - utils.trainer -   Recall: 0.26776
04/20/2026 11:06:26 - INFO - utils.trainer -   F_score: 0.26396
04/20/2026 11:06:26 - INFO - utils.trainer -   Loss: 1.73471
04/20/2026 11:06:26 - INFO - utils.trainer -    Train loss: 1.03160, Test loss: 1.73471,Epoch time = 5.365s
04/20/2026 11:06:33 - INFO - utils.trainer -   ***** Running evaluation on test1 dataset *****
04/20/2026 11:06:35 - INFO - utils.trainer -   AUC: 0.53377
04/20/2026 11:06:35 - INFO - utils.trainer -   Accuracy: 0.28662
04/20/2026 11:06:35 - INFO - utils.trainer -   Precision: 0.31038
04/20/2026 11:06:35 - INFO - utils.trainer -   Recall: 0.27750
04/20/2026 11:06:35 - INFO - utils.trainer -   F_score: 0.27385
04/20/2026 11:06:35 - INFO - utils.trainer -   Loss: 1.62783
04/20/2026 11:06:35 - INFO - utils.trainer -    Train loss: 0.98852, Test loss: 1.62783,Epoch time = 7.313s
04/20/2026 11:06:40 - INFO - utils.trainer -   ***** Running evaluation on test1 dataset *****
04/20/2026 11:06:42 - INFO - utils.trainer -   AUC: 0.51798
04/20/2026 11:06:42 - INFO - utils.trainer -   Accuracy: 0.27389
04/20/2026 11:06:42 - INFO - utils.trainer -   Precision: 0.28008
04/20/2026 11:06:42 - INFO - utils.trainer -   Recall: 0.26638
04/20/2026 11:06:42 - INFO - utils.trainer -   F_score: 0.25856
04/20/2026 11:06:42 - INFO - utils.trainer -   Loss: 2.03243
04/20/2026 11:06:42 - INFO - utils.trainer -    Train loss: 1.02677, Test loss: 2.03243,Epoch time = 5.723s
04/20/2026 11:06:49 - INFO - utils.trainer -   ***** Running evaluation on test1 dataset *****
04/20/2026 11:06:51 - INFO - utils.trainer -   AUC: 0.52945
04/20/2026 11:06:51 - INFO - utils.trainer -   Accuracy: 0.28662
04/20/2026 11:06:51 - INFO - utils.trainer -   Precision: 0.29606
04/20/2026 11:06:51 - INFO - utils.trainer -   Recall: 0.28325
04/20/2026 11:06:51 - INFO - utils.trainer -   F_score: 0.28366
04/20/2026 11:06:51 - INFO - utils.trainer -   Loss: 1.69494
04/20/2026 11:06:51 - INFO - utils.trainer -    Train loss: 0.98567, Test loss: 1.69494,Epoch time = 6.947s
04/20/2026 11:06:57 - INFO - utils.trainer -   ***** Running evaluation on test1 dataset *****
04/20/2026 11:06:59 - INFO - utils.trainer -   AUC: 0.49701
04/20/2026 11:06:59 - INFO - utils.trainer -   Accuracy: 0.28662
04/20/2026 11:06:59 - INFO - utils.trainer -   Precision: 0.32165
04/20/2026 11:06:59 - INFO - utils.trainer -   Recall: 0.28425
04/20/2026 11:06:59 - INFO - utils.trainer -   F_score: 0.28368
04/20/2026 11:06:59 - INFO - utils.trainer -   Loss: 2.05183
04/20/2026 11:06:59 - INFO - utils.trainer -    Train loss: 0.96723, Test loss: 2.05183,Epoch time = 6.429s
04/20/2026 11:07:06 - INFO - utils.trainer -   ***** Running evaluation on test1 dataset *****
04/20/2026 11:07:08 - INFO - utils.trainer -   AUC: 0.51409
04/20/2026 11:07:08 - INFO - utils.trainer -   Accuracy: 0.24841
04/20/2026 11:07:08 - INFO - utils.trainer -   Precision: 0.26083
04/20/2026 11:07:08 - INFO - utils.trainer -   Recall: 0.24164
04/20/2026 11:07:08 - INFO - utils.trainer -   F_score: 0.23819
04/20/2026 11:07:08 - INFO - utils.trainer -   Loss: 1.85914
04/20/2026 11:07:08 - INFO - utils.trainer -    Train loss: 0.97379, Test loss: 1.85914,Epoch time = 6.793s
04/20/2026 11:07:13 - INFO - utils.trainer -   ***** Running evaluation on test1 dataset *****
04/20/2026 11:07:15 - INFO - utils.trainer -   AUC: 0.56149
04/20/2026 11:07:15 - INFO - utils.trainer -   Accuracy: 0.28662
04/20/2026 11:07:15 - INFO - utils.trainer -   Precision: 0.29536
04/20/2026 11:07:15 - INFO - utils.trainer -   Recall: 0.27629
04/20/2026 11:07:15 - INFO - utils.trainer -   F_score: 0.26600
04/20/2026 11:07:15 - INFO - utils.trainer -   Loss: 1.73867
04/20/2026 11:07:15 - INFO - utils.trainer -    Train loss: 1.01000, Test loss: 1.73867,Epoch time = 5.688s
04/20/2026 11:07:23 - INFO - utils.trainer -   ***** Running evaluation on test1 dataset *****
04/20/2026 11:07:25 - INFO - utils.trainer -   AUC: 0.55615
04/20/2026 11:07:25 - INFO - utils.trainer -   Accuracy: 0.31210
04/20/2026 11:07:25 - INFO - utils.trainer -   Precision: 0.32276
04/20/2026 11:07:25 - INFO - utils.trainer -   Recall: 0.30518
04/20/2026 11:07:25 - INFO - utils.trainer -   F_score: 0.29790
04/20/2026 11:07:25 - INFO - utils.trainer -   Loss: 1.89920
04/20/2026 11:07:25 - INFO - utils.trainer -    Train loss: 0.99561, Test loss: 1.89920,Epoch time = 7.474s
04/20/2026 11:07:30 - INFO - utils.trainer -   ***** Running evaluation on test1 dataset *****
04/20/2026 11:07:32 - INFO - utils.trainer -   AUC: 0.57707
04/20/2026 11:07:32 - INFO - utils.trainer -   Accuracy: 0.33121
04/20/2026 11:07:32 - INFO - utils.trainer -   Precision: 0.33827
04/20/2026 11:07:32 - INFO - utils.trainer -   Recall: 0.32422
04/20/2026 11:07:32 - INFO - utils.trainer -   F_score: 0.31747
04/20/2026 11:07:32 - INFO - utils.trainer -   Loss: 1.70437
04/20/2026 11:07:32 - INFO - utils.trainer -    Train loss: 0.93642, Test loss: 1.70437,Epoch time = 5.110s
04/20/2026 11:07:32 - INFO - utils.trainer -   Saving model checkpoint to output_dir/FBNetGen
04/20/2026 11:07:39 - INFO - utils.trainer -   ***** Running evaluation on test1 dataset *****
04/20/2026 11:07:41 - INFO - utils.trainer -   AUC: 0.54565
04/20/2026 11:07:41 - INFO - utils.trainer -   Accuracy: 0.29936
04/20/2026 11:07:41 - INFO - utils.trainer -   Precision: 0.30827
04/20/2026 11:07:41 - INFO - utils.trainer -   Recall: 0.30089
04/20/2026 11:07:41 - INFO - utils.trainer -   F_score: 0.28779
04/20/2026 11:07:41 - INFO - utils.trainer -   Loss: 1.90716
04/20/2026 11:07:41 - INFO - utils.trainer -    Train loss: 1.00848, Test loss: 1.90716,Epoch time = 7.163s
04/20/2026 11:07:47 - INFO - utils.trainer -   ***** Running evaluation on test1 dataset *****
04/20/2026 11:07:49 - INFO - utils.trainer -   AUC: 0.53395
04/20/2026 11:07:49 - INFO - utils.trainer -   Accuracy: 0.28662
04/20/2026 11:07:49 - INFO - utils.trainer -   Precision: 0.28776
04/20/2026 11:07:49 - INFO - utils.trainer -   Recall: 0.28170
04/20/2026 11:07:49 - INFO - utils.trainer -   F_score: 0.27990
04/20/2026 11:07:49 - INFO - utils.trainer -   Loss: 1.65754
04/20/2026 11:07:49 - INFO - utils.trainer -    Train loss: 0.98990, Test loss: 1.65754,Epoch time = 6.597s
04/20/2026 11:07:55 - INFO - utils.trainer -   ***** Running evaluation on test1 dataset *****
04/20/2026 11:07:57 - INFO - utils.trainer -   AUC: 0.54166
04/20/2026 11:07:57 - INFO - utils.trainer -   Accuracy: 0.28025
04/20/2026 11:07:57 - INFO - utils.trainer -   Precision: 0.28938
04/20/2026 11:07:57 - INFO - utils.trainer -   Recall: 0.28042
04/20/2026 11:07:57 - INFO - utils.trainer -   F_score: 0.26456
04/20/2026 11:07:57 - INFO - utils.trainer -   Loss: 1.79668
04/20/2026 11:07:57 - INFO - utils.trainer -    Train loss: 0.90046, Test loss: 1.79668,Epoch time = 6.568s
04/20/2026 11:08:04 - INFO - utils.trainer -   ***** Running evaluation on test1 dataset *****
04/20/2026 11:08:05 - INFO - utils.trainer -   AUC: 0.54460
04/20/2026 11:08:05 - INFO - utils.trainer -   Accuracy: 0.29299
04/20/2026 11:08:05 - INFO - utils.trainer -   Precision: 0.30494
04/20/2026 11:08:05 - INFO - utils.trainer -   Recall: 0.28595
04/20/2026 11:08:05 - INFO - utils.trainer -   F_score: 0.28090
04/20/2026 11:08:05 - INFO - utils.trainer -   Loss: 1.67564
04/20/2026 11:08:05 - INFO - utils.trainer -    Train loss: 0.95224, Test loss: 1.67564,Epoch time = 6.251s
04/20/2026 11:08:13 - INFO - utils.trainer -   ***** Running evaluation on test1 dataset *****
04/20/2026 11:08:15 - INFO - utils.trainer -   AUC: 0.52448
04/20/2026 11:08:15 - INFO - utils.trainer -   Accuracy: 0.29936
04/20/2026 11:08:15 - INFO - utils.trainer -   Precision: 0.31154
04/20/2026 11:08:15 - INFO - utils.trainer -   Recall: 0.29503
04/20/2026 11:08:15 - INFO - utils.trainer -   F_score: 0.29629
04/20/2026 11:08:15 - INFO - utils.trainer -   Loss: 1.71670
04/20/2026 11:08:15 - INFO - utils.trainer -    Train loss: 1.01224, Test loss: 1.71670,Epoch time = 7.525s
04/20/2026 11:08:19 - INFO - utils.trainer -   ***** Running evaluation on test1 dataset *****
04/20/2026 11:08:21 - INFO - utils.trainer -   AUC: 0.53135
04/20/2026 11:08:21 - INFO - utils.trainer -   Accuracy: 0.31847
04/20/2026 11:08:21 - INFO - utils.trainer -   Precision: 0.33196
04/20/2026 11:08:21 - INFO - utils.trainer -   Recall: 0.31681
04/20/2026 11:08:21 - INFO - utils.trainer -   F_score: 0.31556
04/20/2026 11:08:21 - INFO - utils.trainer -   Loss: 1.99452
04/20/2026 11:08:21 - INFO - utils.trainer -    Train loss: 0.96338, Test loss: 1.99452,Epoch time = 4.711s
04/20/2026 11:08:29 - INFO - utils.trainer -   ***** Running evaluation on test1 dataset *****
04/20/2026 11:08:30 - INFO - utils.trainer -   AUC: 0.52758
04/20/2026 11:08:30 - INFO - utils.trainer -   Accuracy: 0.24204
04/20/2026 11:08:30 - INFO - utils.trainer -   Precision: 0.28198
04/20/2026 11:08:30 - INFO - utils.trainer -   Recall: 0.23739
04/20/2026 11:08:30 - INFO - utils.trainer -   F_score: 0.24055
04/20/2026 11:08:30 - INFO - utils.trainer -   Loss: 1.82387
04/20/2026 11:08:30 - INFO - utils.trainer -    Train loss: 0.84147, Test loss: 1.82387,Epoch time = 7.462s
04/20/2026 11:08:37 - INFO - utils.trainer -   ***** Running evaluation on test1 dataset *****
04/20/2026 11:08:38 - INFO - utils.trainer -   AUC: 0.53571
04/20/2026 11:08:38 - INFO - utils.trainer -   Accuracy: 0.28025
04/20/2026 11:08:38 - INFO - utils.trainer -   Precision: 0.27397
04/20/2026 11:08:38 - INFO - utils.trainer -   Recall: 0.27613
04/20/2026 11:08:38 - INFO - utils.trainer -   F_score: 0.27151
04/20/2026 11:08:38 - INFO - utils.trainer -   Loss: 2.03216
04/20/2026 11:08:38 - INFO - utils.trainer -    Train loss: 0.89774, Test loss: 2.03216,Epoch time = 6.330s
04/20/2026 11:08:45 - INFO - utils.trainer -   ***** Running evaluation on test1 dataset *****
04/20/2026 11:08:47 - INFO - utils.trainer -   AUC: 0.54183
04/20/2026 11:08:47 - INFO - utils.trainer -   Accuracy: 0.28025
04/20/2026 11:08:47 - INFO - utils.trainer -   Precision: 0.35339
04/20/2026 11:08:47 - INFO - utils.trainer -   Recall: 0.27383
04/20/2026 11:08:47 - INFO - utils.trainer -   F_score: 0.27760
04/20/2026 11:08:47 - INFO - utils.trainer -   Loss: 2.00416
04/20/2026 11:08:47 - INFO - utils.trainer -    Train loss: 1.04334, Test loss: 2.00416,Epoch time = 6.522s
04/20/2026 11:08:54 - INFO - utils.trainer -   ***** Running evaluation on test1 dataset *****
04/20/2026 11:08:55 - INFO - utils.trainer -   AUC: 0.56069
04/20/2026 11:08:55 - INFO - utils.trainer -   Accuracy: 0.29299
04/20/2026 11:08:55 - INFO - utils.trainer -   Precision: 0.32759
04/20/2026 11:08:55 - INFO - utils.trainer -   Recall: 0.28590
04/20/2026 11:08:55 - INFO - utils.trainer -   F_score: 0.28663
04/20/2026 11:08:55 - INFO - utils.trainer -   Loss: 2.07941
04/20/2026 11:08:55 - INFO - utils.trainer -    Train loss: 0.96777, Test loss: 2.07941,Epoch time = 6.860s
04/20/2026 11:09:02 - INFO - utils.trainer -   ***** Running evaluation on test1 dataset *****
04/20/2026 11:09:04 - INFO - utils.trainer -   AUC: 0.53228
04/20/2026 11:09:04 - INFO - utils.trainer -   Accuracy: 0.28025
04/20/2026 11:09:04 - INFO - utils.trainer -   Precision: 0.30077
04/20/2026 11:09:04 - INFO - utils.trainer -   Recall: 0.27417
04/20/2026 11:09:04 - INFO - utils.trainer -   F_score: 0.27526
04/20/2026 11:09:04 - INFO - utils.trainer -   Loss: 1.82665
04/20/2026 11:09:04 - INFO - utils.trainer -    Train loss: 0.93148, Test loss: 1.82665,Epoch time = 7.051s
04/20/2026 11:09:10 - INFO - utils.trainer -   ***** Running evaluation on test1 dataset *****
04/20/2026 11:09:12 - INFO - utils.trainer -   AUC: 0.51150
04/20/2026 11:09:12 - INFO - utils.trainer -   Accuracy: 0.30573
04/20/2026 11:09:12 - INFO - utils.trainer -   Precision: 0.33486
04/20/2026 11:09:12 - INFO - utils.trainer -   Recall: 0.30214
04/20/2026 11:09:12 - INFO - utils.trainer -   F_score: 0.30778
04/20/2026 11:09:12 - INFO - utils.trainer -   Loss: 1.62594
04/20/2026 11:09:12 - INFO - utils.trainer -    Train loss: 0.94504, Test loss: 1.62594,Epoch time = 6.016s
04/20/2026 11:09:19 - INFO - utils.trainer -   ***** Running evaluation on test1 dataset *****
04/20/2026 11:09:21 - INFO - utils.trainer -   AUC: 0.53238
04/20/2026 11:09:21 - INFO - utils.trainer -   Accuracy: 0.28662
04/20/2026 11:09:21 - INFO - utils.trainer -   Precision: 0.28644
04/20/2026 11:09:21 - INFO - utils.trainer -   Recall: 0.28415
04/20/2026 11:09:21 - INFO - utils.trainer -   F_score: 0.27818
04/20/2026 11:09:21 - INFO - utils.trainer -   Loss: 2.09702
04/20/2026 11:09:21 - INFO - utils.trainer -    Train loss: 1.02038, Test loss: 2.09702,Epoch time = 7.417s
04/20/2026 11:09:27 - INFO - utils.trainer -   ***** Running evaluation on test1 dataset *****
04/20/2026 11:09:29 - INFO - utils.trainer -   AUC: 0.49412
04/20/2026 11:09:29 - INFO - utils.trainer -   Accuracy: 0.24841
04/20/2026 11:09:29 - INFO - utils.trainer -   Precision: 0.26370
04/20/2026 11:09:29 - INFO - utils.trainer -   Recall: 0.24358
04/20/2026 11:09:29 - INFO - utils.trainer -   F_score: 0.24038
04/20/2026 11:09:29 - INFO - utils.trainer -   Loss: 1.88222
04/20/2026 11:09:29 - INFO - utils.trainer -    Train loss: 0.91082, Test loss: 1.88222,Epoch time = 6.578s
04/20/2026 11:09:35 - INFO - utils.trainer -   ***** Running evaluation on test1 dataset *****
04/20/2026 11:09:37 - INFO - utils.trainer -   AUC: 0.50912
04/20/2026 11:09:37 - INFO - utils.trainer -   Accuracy: 0.25478
04/20/2026 11:09:37 - INFO - utils.trainer -   Precision: 0.25240
04/20/2026 11:09:37 - INFO - utils.trainer -   Recall: 0.24853
04/20/2026 11:09:37 - INFO - utils.trainer -   F_score: 0.24157
04/20/2026 11:09:37 - INFO - utils.trainer -   Loss: 1.79077
04/20/2026 11:09:37 - INFO - utils.trainer -    Train loss: 0.98389, Test loss: 1.79077,Epoch time = 6.560s
04/20/2026 11:09:44 - INFO - utils.trainer -   ***** Running evaluation on test1 dataset *****
04/20/2026 11:09:46 - INFO - utils.trainer -   AUC: 0.51958
04/20/2026 11:09:46 - INFO - utils.trainer -   Accuracy: 0.26115
04/20/2026 11:09:46 - INFO - utils.trainer -   Precision: 0.27240
04/20/2026 11:09:46 - INFO - utils.trainer -   Recall: 0.25298
04/20/2026 11:09:46 - INFO - utils.trainer -   F_score: 0.24899
04/20/2026 11:09:46 - INFO - utils.trainer -   Loss: 1.88232
04/20/2026 11:09:46 - INFO - utils.trainer -    Train loss: 0.86697, Test loss: 1.88232,Epoch time = 7.289s
04/20/2026 11:09:53 - INFO - utils.trainer -   ***** Running evaluation on test1 dataset *****
04/20/2026 11:09:55 - INFO - utils.trainer -   AUC: 0.52726
04/20/2026 11:09:55 - INFO - utils.trainer -   Accuracy: 0.25478
04/20/2026 11:09:55 - INFO - utils.trainer -   Precision: 0.25365
04/20/2026 11:09:55 - INFO - utils.trainer -   Recall: 0.24872
04/20/2026 11:09:55 - INFO - utils.trainer -   F_score: 0.24538
04/20/2026 11:09:55 - INFO - utils.trainer -   Loss: 1.94890
04/20/2026 11:09:55 - INFO - utils.trainer -    Train loss: 0.85960, Test loss: 1.94890,Epoch time = 6.928s
04/20/2026 11:10:01 - INFO - utils.trainer -   ***** Running evaluation on test1 dataset *****
04/20/2026 11:10:03 - INFO - utils.trainer -   AUC: 0.57337
04/20/2026 11:10:03 - INFO - utils.trainer -   Accuracy: 0.28662
04/20/2026 11:10:03 - INFO - utils.trainer -   Precision: 0.29123
04/20/2026 11:10:03 - INFO - utils.trainer -   Recall: 0.28005
04/20/2026 11:10:03 - INFO - utils.trainer -   F_score: 0.27845
04/20/2026 11:10:03 - INFO - utils.trainer -   Loss: 1.61439
04/20/2026 11:10:03 - INFO - utils.trainer -    Train loss: 0.80393, Test loss: 1.61439,Epoch time = 6.572s
04/20/2026 11:10:10 - INFO - utils.trainer -   ***** Running evaluation on test1 dataset *****
04/20/2026 11:10:12 - INFO - utils.trainer -   AUC: 0.53461
04/20/2026 11:10:12 - INFO - utils.trainer -   Accuracy: 0.26752
04/20/2026 11:10:12 - INFO - utils.trainer -   Precision: 0.26804
04/20/2026 11:10:12 - INFO - utils.trainer -   Recall: 0.26300
04/20/2026 11:10:12 - INFO - utils.trainer -   F_score: 0.26269
04/20/2026 11:10:12 - INFO - utils.trainer -   Loss: 1.73997
04/20/2026 11:10:12 - INFO - utils.trainer -    Train loss: 0.81164, Test loss: 1.73997,Epoch time = 7.381s
04/20/2026 11:10:19 - INFO - utils.trainer -   ***** Running evaluation on test1 dataset *****
04/20/2026 11:10:21 - INFO - utils.trainer -   AUC: 0.50140
04/20/2026 11:10:21 - INFO - utils.trainer -   Accuracy: 0.24204
04/20/2026 11:10:21 - INFO - utils.trainer -   Precision: 0.23903
04/20/2026 11:10:21 - INFO - utils.trainer -   Recall: 0.23792
04/20/2026 11:10:21 - INFO - utils.trainer -   F_score: 0.23641
04/20/2026 11:10:21 - INFO - utils.trainer -   Loss: 1.96449
04/20/2026 11:10:21 - INFO - utils.trainer -    Train loss: 0.87810, Test loss: 1.96449,Epoch time = 7.218s
04/20/2026 11:10:27 - INFO - utils.trainer -   ***** Running evaluation on test1 dataset *****
04/20/2026 11:10:29 - INFO - utils.trainer -   AUC: 0.51898
04/20/2026 11:10:29 - INFO - utils.trainer -   Accuracy: 0.26115
04/20/2026 11:10:29 - INFO - utils.trainer -   Precision: 0.26484
04/20/2026 11:10:29 - INFO - utils.trainer -   Recall: 0.25550
04/20/2026 11:10:29 - INFO - utils.trainer -   F_score: 0.25294
04/20/2026 11:10:29 - INFO - utils.trainer -   Loss: 1.91386
04/20/2026 11:10:29 - INFO - utils.trainer -    Train loss: 0.95849, Test loss: 1.91386,Epoch time = 6.469s
04/20/2026 11:10:36 - INFO - utils.trainer -   ***** Running evaluation on test1 dataset *****
04/20/2026 11:10:38 - INFO - utils.trainer -   AUC: 0.51587
04/20/2026 11:10:38 - INFO - utils.trainer -   Accuracy: 0.24841
04/20/2026 11:10:38 - INFO - utils.trainer -   Precision: 0.23999
04/20/2026 11:10:38 - INFO - utils.trainer -   Recall: 0.24178
04/20/2026 11:10:38 - INFO - utils.trainer -   F_score: 0.23707
04/20/2026 11:10:38 - INFO - utils.trainer -   Loss: 1.90978
04/20/2026 11:10:38 - INFO - utils.trainer -    Train loss: 0.84633, Test loss: 1.90978,Epoch time = 7.145s
04/20/2026 11:10:45 - INFO - utils.trainer -   ***** Running evaluation on test1 dataset *****
04/20/2026 11:10:47 - INFO - utils.trainer -   AUC: 0.55534
04/20/2026 11:10:47 - INFO - utils.trainer -   Accuracy: 0.27389
04/20/2026 11:10:47 - INFO - utils.trainer -   Precision: 0.29411
04/20/2026 11:10:47 - INFO - utils.trainer -   Recall: 0.27029
04/20/2026 11:10:47 - INFO - utils.trainer -   F_score: 0.27294
04/20/2026 11:10:47 - INFO - utils.trainer -   Loss: 1.85786
04/20/2026 11:10:47 - INFO - utils.trainer -    Train loss: 0.81998, Test loss: 1.85786,Epoch time = 7.632s
04/20/2026 11:10:54 - INFO - utils.trainer -   ***** Running evaluation on test1 dataset *****
04/20/2026 11:10:55 - INFO - utils.trainer -   AUC: 0.52316
04/20/2026 11:10:55 - INFO - utils.trainer -   Accuracy: 0.28025
04/20/2026 11:10:55 - INFO - utils.trainer -   Precision: 0.28466
04/20/2026 11:10:55 - INFO - utils.trainer -   Recall: 0.27672
04/20/2026 11:10:55 - INFO - utils.trainer -   F_score: 0.27787
04/20/2026 11:10:55 - INFO - utils.trainer -   Loss: 2.67516
04/20/2026 11:10:55 - INFO - utils.trainer -    Train loss: 0.94749, Test loss: 2.67516,Epoch time = 6.511s
04/20/2026 11:11:02 - INFO - utils.trainer -   ***** Running evaluation on test1 dataset *****
04/20/2026 11:11:04 - INFO - utils.trainer -   AUC: 0.55122
04/20/2026 11:11:04 - INFO - utils.trainer -   Accuracy: 0.26115
04/20/2026 11:11:04 - INFO - utils.trainer -   Precision: 0.25402
04/20/2026 11:11:04 - INFO - utils.trainer -   Recall: 0.25116
04/20/2026 11:11:04 - INFO - utils.trainer -   F_score: 0.23724
04/20/2026 11:11:04 - INFO - utils.trainer -   Loss: 2.11527
04/20/2026 11:11:04 - INFO - utils.trainer -    Train loss: 0.93491, Test loss: 2.11527,Epoch time = 6.791s
04/20/2026 11:11:11 - INFO - utils.trainer -   ***** Running evaluation on test1 dataset *****
04/20/2026 11:11:13 - INFO - utils.trainer -   AUC: 0.52961
04/20/2026 11:11:13 - INFO - utils.trainer -   Accuracy: 0.28025
04/20/2026 11:11:13 - INFO - utils.trainer -   Precision: 0.29757
04/20/2026 11:11:13 - INFO - utils.trainer -   Recall: 0.27473
04/20/2026 11:11:13 - INFO - utils.trainer -   F_score: 0.27555
04/20/2026 11:11:13 - INFO - utils.trainer -   Loss: 2.23779
04/20/2026 11:11:13 - INFO - utils.trainer -    Train loss: 0.82143, Test loss: 2.23779,Epoch time = 7.479s
04/20/2026 11:11:20 - INFO - utils.trainer -   ***** Running evaluation on test1 dataset *****
04/20/2026 11:11:21 - INFO - utils.trainer -   AUC: 0.53326
04/20/2026 11:11:21 - INFO - utils.trainer -   Accuracy: 0.26752
04/20/2026 11:11:21 - INFO - utils.trainer -   Precision: 0.27148
04/20/2026 11:11:21 - INFO - utils.trainer -   Recall: 0.26466
04/20/2026 11:11:21 - INFO - utils.trainer -   F_score: 0.26421
04/20/2026 11:11:21 - INFO - utils.trainer -   Loss: 1.86627
04/20/2026 11:11:21 - INFO - utils.trainer -    Train loss: 0.86751, Test loss: 1.86627,Epoch time = 6.705s
04/20/2026 11:11:28 - INFO - utils.trainer -   ***** Running evaluation on test1 dataset *****
04/20/2026 11:11:30 - INFO - utils.trainer -   AUC: 0.53414
04/20/2026 11:11:30 - INFO - utils.trainer -   Accuracy: 0.28025
04/20/2026 11:11:30 - INFO - utils.trainer -   Precision: 0.28892
04/20/2026 11:11:30 - INFO - utils.trainer -   Recall: 0.27400
04/20/2026 11:11:30 - INFO - utils.trainer -   F_score: 0.27331
04/20/2026 11:11:30 - INFO - utils.trainer -   Loss: 1.93857
04/20/2026 11:11:30 - INFO - utils.trainer -    Train loss: 0.91938, Test loss: 1.93857,Epoch time = 6.956s
04/20/2026 11:11:37 - INFO - utils.trainer -   ***** Running evaluation on test1 dataset *****
04/20/2026 11:11:39 - INFO - utils.trainer -   AUC: 0.51207
04/20/2026 11:11:39 - INFO - utils.trainer -   Accuracy: 0.26752
04/20/2026 11:11:39 - INFO - utils.trainer -   Precision: 0.27270
04/20/2026 11:11:39 - INFO - utils.trainer -   Recall: 0.26412
04/20/2026 11:11:39 - INFO - utils.trainer -   F_score: 0.26276
04/20/2026 11:11:39 - INFO - utils.trainer -   Loss: 1.89917
04/20/2026 11:11:39 - INFO - utils.trainer -    Train loss: 0.85883, Test loss: 1.89917,Epoch time = 7.124s
04/20/2026 11:11:45 - INFO - utils.trainer -   ***** Running evaluation on test1 dataset *****
04/20/2026 11:11:47 - INFO - utils.trainer -   AUC: 0.51728
04/20/2026 11:11:47 - INFO - utils.trainer -   Accuracy: 0.26115
04/20/2026 11:11:47 - INFO - utils.trainer -   Precision: 0.25764
04/20/2026 11:11:47 - INFO - utils.trainer -   Recall: 0.25547
04/20/2026 11:11:47 - INFO - utils.trainer -   F_score: 0.25061
04/20/2026 11:11:47 - INFO - utils.trainer -   Loss: 1.99535
04/20/2026 11:11:47 - INFO - utils.trainer -    Train loss: 0.78834, Test loss: 1.99535,Epoch time = 6.785s
04/20/2026 11:11:53 - INFO - utils.trainer -   ***** Running evaluation on test1 dataset *****
04/20/2026 11:11:55 - INFO - utils.trainer -   AUC: 0.51629
04/20/2026 11:11:55 - INFO - utils.trainer -   Accuracy: 0.26752
04/20/2026 11:11:55 - INFO - utils.trainer -   Precision: 0.26940
04/20/2026 11:11:55 - INFO - utils.trainer -   Recall: 0.26300
04/20/2026 11:11:55 - INFO - utils.trainer -   F_score: 0.26228
04/20/2026 11:11:55 - INFO - utils.trainer -   Loss: 2.26655
04/20/2026 11:11:55 - INFO - utils.trainer -    Train loss: 0.94128, Test loss: 2.26655,Epoch time = 6.414s
04/20/2026 11:12:03 - INFO - utils.trainer -   ***** Running evaluation on test1 dataset *****
04/20/2026 11:12:04 - INFO - utils.trainer -   AUC: 0.51911
04/20/2026 11:12:04 - INFO - utils.trainer -   Accuracy: 0.24841
04/20/2026 11:12:04 - INFO - utils.trainer -   Precision: 0.24465
04/20/2026 11:12:04 - INFO - utils.trainer -   Recall: 0.24001
04/20/2026 11:12:04 - INFO - utils.trainer -   F_score: 0.23266
04/20/2026 11:12:04 - INFO - utils.trainer -   Loss: 1.92226
04/20/2026 11:12:04 - INFO - utils.trainer -    Train loss: 0.81762, Test loss: 1.92226,Epoch time = 7.464s
04/20/2026 11:12:11 - INFO - utils.trainer -   ***** Running evaluation on test1 dataset *****
04/20/2026 11:12:13 - INFO - utils.trainer -   AUC: 0.52127
04/20/2026 11:12:13 - INFO - utils.trainer -   Accuracy: 0.24841
04/20/2026 11:12:13 - INFO - utils.trainer -   Precision: 0.23876
04/20/2026 11:12:13 - INFO - utils.trainer -   Recall: 0.24537
04/20/2026 11:12:13 - INFO - utils.trainer -   F_score: 0.24096
04/20/2026 11:12:13 - INFO - utils.trainer -   Loss: 1.95457
04/20/2026 11:12:13 - INFO - utils.trainer -    Train loss: 0.84764, Test loss: 1.95457,Epoch time = 6.415s
04/20/2026 11:12:20 - INFO - utils.trainer -   ***** Running evaluation on test1 dataset *****
04/20/2026 11:12:21 - INFO - utils.trainer -   AUC: 0.53921
04/20/2026 11:12:21 - INFO - utils.trainer -   Accuracy: 0.28025
04/20/2026 11:12:21 - INFO - utils.trainer -   Precision: 0.29356
04/20/2026 11:12:21 - INFO - utils.trainer -   Recall: 0.27835
04/20/2026 11:12:21 - INFO - utils.trainer -   F_score: 0.28165
04/20/2026 11:12:21 - INFO - utils.trainer -   Loss: 1.81388
04/20/2026 11:12:21 - INFO - utils.trainer -    Train loss: 0.83505, Test loss: 1.81388,Epoch time = 6.935s
04/20/2026 11:12:29 - INFO - utils.trainer -   ***** Running evaluation on test1 dataset *****
04/20/2026 11:12:30 - INFO - utils.trainer -   AUC: 0.52241
04/20/2026 11:12:30 - INFO - utils.trainer -   Accuracy: 0.27389
04/20/2026 11:12:30 - INFO - utils.trainer -   Precision: 0.27345
04/20/2026 11:12:30 - INFO - utils.trainer -   Recall: 0.27264
04/20/2026 11:12:30 - INFO - utils.trainer -   F_score: 0.27227
04/20/2026 11:12:30 - INFO - utils.trainer -   Loss: 2.26739
04/20/2026 11:12:30 - INFO - utils.trainer -    Train loss: 0.81016, Test loss: 2.26739,Epoch time = 7.282s
04/20/2026 11:12:37 - INFO - utils.trainer -   ***** Running evaluation on test1 dataset *****
04/20/2026 11:12:39 - INFO - utils.trainer -   AUC: 0.55993
04/20/2026 11:12:39 - INFO - utils.trainer -   Accuracy: 0.28662
04/20/2026 11:12:39 - INFO - utils.trainer -   Precision: 0.28475
04/20/2026 11:12:39 - INFO - utils.trainer -   Recall: 0.28596
04/20/2026 11:12:39 - INFO - utils.trainer -   F_score: 0.28467
04/20/2026 11:12:39 - INFO - utils.trainer -   Loss: 2.01259
04/20/2026 11:12:39 - INFO - utils.trainer -    Train loss: 0.86061, Test loss: 2.01259,Epoch time = 6.889s
04/20/2026 11:12:45 - INFO - utils.trainer -   ***** Running evaluation on test1 dataset *****
04/20/2026 11:12:47 - INFO - utils.trainer -   AUC: 0.57833
04/20/2026 11:12:47 - INFO - utils.trainer -   Accuracy: 0.30573
04/20/2026 11:12:47 - INFO - utils.trainer -   Precision: 0.31239
04/20/2026 11:12:47 - INFO - utils.trainer -   Recall: 0.30418
04/20/2026 11:12:47 - INFO - utils.trainer -   F_score: 0.30058
04/20/2026 11:12:47 - INFO - utils.trainer -   Loss: 1.84394
04/20/2026 11:12:47 - INFO - utils.trainer -    Train loss: 0.83848, Test loss: 1.84394,Epoch time = 6.177s
04/20/2026 11:12:54 - INFO - utils.trainer -   ***** Running evaluation on test1 dataset *****
04/20/2026 11:12:56 - INFO - utils.trainer -   AUC: 0.56499
04/20/2026 11:12:56 - INFO - utils.trainer -   Accuracy: 0.27389
04/20/2026 11:12:56 - INFO - utils.trainer -   Precision: 0.26976
04/20/2026 11:12:56 - INFO - utils.trainer -   Recall: 0.26885
04/20/2026 11:12:56 - INFO - utils.trainer -   F_score: 0.26850
04/20/2026 11:12:56 - INFO - utils.trainer -   Loss: 1.70339
04/20/2026 11:12:56 - INFO - utils.trainer -    Train loss: 0.73021, Test loss: 1.70339,Epoch time = 7.422s
04/20/2026 11:13:02 - INFO - utils.trainer -   ***** Running evaluation on test1 dataset *****
04/20/2026 11:13:04 - INFO - utils.trainer -   AUC: 0.55443
04/20/2026 11:13:04 - INFO - utils.trainer -   Accuracy: 0.28662
04/20/2026 11:13:04 - INFO - utils.trainer -   Precision: 0.28239
04/20/2026 11:13:04 - INFO - utils.trainer -   Recall: 0.28524
04/20/2026 11:13:04 - INFO - utils.trainer -   F_score: 0.28014
04/20/2026 11:13:04 - INFO - utils.trainer -   Loss: 1.97976
04/20/2026 11:13:04 - INFO - utils.trainer -    Train loss: 0.86642, Test loss: 1.97976,Epoch time = 6.086s
04/20/2026 11:13:10 - INFO - utils.trainer -   ***** Running evaluation on test1 dataset *****
04/20/2026 11:13:12 - INFO - utils.trainer -   AUC: 0.54360
04/20/2026 11:13:12 - INFO - utils.trainer -   Accuracy: 0.28025
04/20/2026 11:13:12 - INFO - utils.trainer -   Precision: 0.27800
04/20/2026 11:13:12 - INFO - utils.trainer -   Recall: 0.27487
04/20/2026 11:13:12 - INFO - utils.trainer -   F_score: 0.27302
04/20/2026 11:13:12 - INFO - utils.trainer -   Loss: 1.89112
04/20/2026 11:13:12 - INFO - utils.trainer -    Train loss: 0.87063, Test loss: 1.89112,Epoch time = 6.891s
04/20/2026 11:13:19 - INFO - utils.trainer -   ***** Running evaluation on test1 dataset *****
04/20/2026 11:13:20 - INFO - utils.trainer -   AUC: 0.53324
04/20/2026 11:13:20 - INFO - utils.trainer -   Accuracy: 0.27389
04/20/2026 11:13:20 - INFO - utils.trainer -   Precision: 0.28343
04/20/2026 11:13:20 - INFO - utils.trainer -   Recall: 0.26941
04/20/2026 11:13:20 - INFO - utils.trainer -   F_score: 0.27021
04/20/2026 11:13:20 - INFO - utils.trainer -   Loss: 1.92826
04/20/2026 11:13:20 - INFO - utils.trainer -    Train loss: 0.86487, Test loss: 1.92826,Epoch time = 6.655s
04/20/2026 11:13:27 - INFO - utils.trainer -   ***** Running evaluation on test1 dataset *****
04/20/2026 11:13:29 - INFO - utils.trainer -   AUC: 0.54130
04/20/2026 11:13:29 - INFO - utils.trainer -   Accuracy: 0.26115
04/20/2026 11:13:29 - INFO - utils.trainer -   Precision: 0.25372
04/20/2026 11:13:29 - INFO - utils.trainer -   Recall: 0.26069
04/20/2026 11:13:29 - INFO - utils.trainer -   F_score: 0.25671
04/20/2026 11:13:29 - INFO - utils.trainer -   Loss: 2.03005
04/20/2026 11:13:29 - INFO - utils.trainer -    Train loss: 0.79373, Test loss: 2.03005,Epoch time = 6.971s
04/20/2026 11:13:35 - INFO - utils.trainer -   ***** Running evaluation on test1 dataset *****
04/20/2026 11:13:37 - INFO - utils.trainer -   AUC: 0.56589
04/20/2026 11:13:37 - INFO - utils.trainer -   Accuracy: 0.28662
04/20/2026 11:13:37 - INFO - utils.trainer -   Precision: 0.28998
04/20/2026 11:13:37 - INFO - utils.trainer -   Recall: 0.28580
04/20/2026 11:13:37 - INFO - utils.trainer -   F_score: 0.28357
04/20/2026 11:13:37 - INFO - utils.trainer -   Loss: 1.78917
04/20/2026 11:13:37 - INFO - utils.trainer -    Train loss: 0.78631, Test loss: 1.78917,Epoch time = 6.111s
04/20/2026 11:13:45 - INFO - utils.trainer -   ***** Running evaluation on test1 dataset *****
04/20/2026 11:13:46 - INFO - utils.trainer -   AUC: 0.55474
04/20/2026 11:13:46 - INFO - utils.trainer -   Accuracy: 0.29936
04/20/2026 11:13:46 - INFO - utils.trainer -   Precision: 0.30721
04/20/2026 11:13:46 - INFO - utils.trainer -   Recall: 0.29932
04/20/2026 11:13:46 - INFO - utils.trainer -   F_score: 0.30033
04/20/2026 11:13:46 - INFO - utils.trainer -   Loss: 1.72051
04/20/2026 11:13:46 - INFO - utils.trainer -    Train loss: 0.76486, Test loss: 1.72051,Epoch time = 7.365s
04/20/2026 11:13:53 - INFO - utils.trainer -   ***** Running evaluation on test1 dataset *****
04/20/2026 11:13:54 - INFO - utils.trainer -   AUC: 0.56400
04/20/2026 11:13:54 - INFO - utils.trainer -   Accuracy: 0.34395
04/20/2026 11:13:54 - INFO - utils.trainer -   Precision: 0.33497
04/20/2026 11:13:54 - INFO - utils.trainer -   Recall: 0.33637
04/20/2026 11:13:54 - INFO - utils.trainer -   F_score: 0.33210
04/20/2026 11:13:54 - INFO - utils.trainer -   Loss: 1.61679
04/20/2026 11:13:54 - INFO - utils.trainer -    Train loss: 0.78997, Test loss: 1.61679,Epoch time = 6.034s
04/20/2026 11:13:54 - INFO - utils.trainer -   Saving model checkpoint to output_dir/FBNetGen
04/20/2026 11:14:01 - INFO - utils.trainer -   ***** Running evaluation on test1 dataset *****
04/20/2026 11:14:03 - INFO - utils.trainer -   AUC: 0.55523
04/20/2026 11:14:03 - INFO - utils.trainer -   Accuracy: 0.28025
04/20/2026 11:14:03 - INFO - utils.trainer -   Precision: 0.27967
04/20/2026 11:14:03 - INFO - utils.trainer -   Recall: 0.27613
04/20/2026 11:14:03 - INFO - utils.trainer -   F_score: 0.27780
04/20/2026 11:14:03 - INFO - utils.trainer -   Loss: 1.82950
04/20/2026 11:14:03 - INFO - utils.trainer -    Train loss: 0.73358, Test loss: 1.82950,Epoch time = 7.009s
04/20/2026 11:14:10 - INFO - utils.trainer -   ***** Running evaluation on test1 dataset *****
04/20/2026 11:14:12 - INFO - utils.trainer -   AUC: 0.55382
04/20/2026 11:14:12 - INFO - utils.trainer -   Accuracy: 0.30573
04/20/2026 11:14:12 - INFO - utils.trainer -   Precision: 0.30087
04/20/2026 11:14:12 - INFO - utils.trainer -   Recall: 0.30212
04/20/2026 11:14:12 - INFO - utils.trainer -   F_score: 0.29933
04/20/2026 11:14:12 - INFO - utils.trainer -   Loss: 1.85851
04/20/2026 11:14:12 - INFO - utils.trainer -    Train loss: 0.73419, Test loss: 1.85851,Epoch time = 6.689s
04/20/2026 11:14:18 - INFO - utils.trainer -   ***** Running evaluation on test1 dataset *****
04/20/2026 11:14:20 - INFO - utils.trainer -   AUC: 0.55372
04/20/2026 11:14:20 - INFO - utils.trainer -   Accuracy: 0.29299
04/20/2026 11:14:20 - INFO - utils.trainer -   Precision: 0.29858
04/20/2026 11:14:20 - INFO - utils.trainer -   Recall: 0.29651
04/20/2026 11:14:20 - INFO - utils.trainer -   F_score: 0.28842
04/20/2026 11:14:20 - INFO - utils.trainer -   Loss: 1.92481
04/20/2026 11:14:20 - INFO - utils.trainer -    Train loss: 0.87186, Test loss: 1.92481,Epoch time = 6.750s
04/20/2026 11:14:26 - INFO - utils.trainer -   ***** Running evaluation on test1 dataset *****
04/20/2026 11:14:28 - INFO - utils.trainer -   AUC: 0.51698
04/20/2026 11:14:28 - INFO - utils.trainer -   Accuracy: 0.25478
04/20/2026 11:14:28 - INFO - utils.trainer -   Precision: 0.25265
04/20/2026 11:14:28 - INFO - utils.trainer -   Recall: 0.25251
04/20/2026 11:14:28 - INFO - utils.trainer -   F_score: 0.25241
04/20/2026 11:14:28 - INFO - utils.trainer -   Loss: 1.92735
04/20/2026 11:14:28 - INFO - utils.trainer -    Train loss: 0.81935, Test loss: 1.92735,Epoch time = 6.054s
04/20/2026 11:14:35 - INFO - utils.trainer -   ***** Running evaluation on test1 dataset *****
04/20/2026 11:14:37 - INFO - utils.trainer -   AUC: 0.52217
04/20/2026 11:14:37 - INFO - utils.trainer -   Accuracy: 0.21019
04/20/2026 11:14:37 - INFO - utils.trainer -   Precision: 0.20804
04/20/2026 11:14:37 - INFO - utils.trainer -   Recall: 0.20752
04/20/2026 11:14:37 - INFO - utils.trainer -   F_score: 0.20756
04/20/2026 11:14:37 - INFO - utils.trainer -   Loss: 2.03336
04/20/2026 11:14:37 - INFO - utils.trainer -    Train loss: 0.68135, Test loss: 2.03336,Epoch time = 7.352s
04/20/2026 11:14:42 - INFO - utils.trainer -   ***** Running evaluation on test1 dataset *****
04/20/2026 11:14:44 - INFO - utils.trainer -   AUC: 0.53445
04/20/2026 11:14:44 - INFO - utils.trainer -   Accuracy: 0.23567
04/20/2026 11:14:44 - INFO - utils.trainer -   Precision: 0.23712
04/20/2026 11:14:44 - INFO - utils.trainer -   Recall: 0.23386
04/20/2026 11:14:44 - INFO - utils.trainer -   F_score: 0.23491
04/20/2026 11:14:44 - INFO - utils.trainer -   Loss: 1.80493
04/20/2026 11:14:44 - INFO - utils.trainer -    Train loss: 0.67912, Test loss: 1.80493,Epoch time = 4.962s
04/20/2026 11:14:51 - INFO - utils.trainer -   ***** Running evaluation on test1 dataset *****
04/20/2026 11:14:53 - INFO - utils.trainer -   AUC: 0.55662
04/20/2026 11:14:53 - INFO - utils.trainer -   Accuracy: 0.26752
04/20/2026 11:14:53 - INFO - utils.trainer -   Precision: 0.24421
04/20/2026 11:14:53 - INFO - utils.trainer -   Recall: 0.26548
04/20/2026 11:14:53 - INFO - utils.trainer -   F_score: 0.25148
04/20/2026 11:14:53 - INFO - utils.trainer -   Loss: 1.90188
04/20/2026 11:14:53 - INFO - utils.trainer -    Train loss: 0.70937, Test loss: 1.90188,Epoch time = 7.365s
04/20/2026 11:14:59 - INFO - utils.trainer -   ***** Running evaluation on test1 dataset *****
04/20/2026 11:15:01 - INFO - utils.trainer -   AUC: 0.54461
04/20/2026 11:15:01 - INFO - utils.trainer -   Accuracy: 0.26115
04/20/2026 11:15:01 - INFO - utils.trainer -   Precision: 0.26244
04/20/2026 11:15:01 - INFO - utils.trainer -   Recall: 0.26288
04/20/2026 11:15:01 - INFO - utils.trainer -   F_score: 0.26148
04/20/2026 11:15:01 - INFO - utils.trainer -   Loss: 1.79506
04/20/2026 11:15:01 - INFO - utils.trainer -    Train loss: 0.59719, Test loss: 1.79506,Epoch time = 6.301s
04/20/2026 11:15:07 - INFO - utils.trainer -   ***** Running evaluation on test1 dataset *****
04/20/2026 11:15:09 - INFO - utils.trainer -   AUC: 0.53331
04/20/2026 11:15:09 - INFO - utils.trainer -   Accuracy: 0.28662
04/20/2026 11:15:09 - INFO - utils.trainer -   Precision: 0.28762
04/20/2026 11:15:09 - INFO - utils.trainer -   Recall: 0.28367
04/20/2026 11:15:09 - INFO - utils.trainer -   F_score: 0.28336
04/20/2026 11:15:09 - INFO - utils.trainer -   Loss: 2.12664
04/20/2026 11:15:09 - INFO - utils.trainer -    Train loss: 0.80650, Test loss: 2.12664,Epoch time = 6.436s
04/20/2026 11:15:16 - INFO - utils.trainer -   ***** Running evaluation on test1 dataset *****
04/20/2026 11:15:17 - INFO - utils.trainer -   AUC: 0.54540
04/20/2026 11:15:17 - INFO - utils.trainer -   Accuracy: 0.29299
04/20/2026 11:15:17 - INFO - utils.trainer -   Precision: 0.29406
04/20/2026 11:15:17 - INFO - utils.trainer -   Recall: 0.29044
04/20/2026 11:15:17 - INFO - utils.trainer -   F_score: 0.28973
04/20/2026 11:15:17 - INFO - utils.trainer -   Loss: 1.96101
04/20/2026 11:15:17 - INFO - utils.trainer -    Train loss: 0.63140, Test loss: 1.96101,Epoch time = 6.609s
04/20/2026 11:15:24 - INFO - utils.trainer -   ***** Running evaluation on test1 dataset *****
04/20/2026 11:15:26 - INFO - utils.trainer -   AUC: 0.54667
04/20/2026 11:15:26 - INFO - utils.trainer -   Accuracy: 0.28662
04/20/2026 11:15:26 - INFO - utils.trainer -   Precision: 0.28554
04/20/2026 11:15:26 - INFO - utils.trainer -   Recall: 0.28240
04/20/2026 11:15:26 - INFO - utils.trainer -   F_score: 0.28153
04/20/2026 11:15:26 - INFO - utils.trainer -   Loss: 2.32628
04/20/2026 11:15:26 - INFO - utils.trainer -    Train loss: 0.81861, Test loss: 2.32628,Epoch time = 6.927s
04/20/2026 11:15:31 - INFO - utils.trainer -   ***** Running evaluation on test1 dataset *****
04/20/2026 11:15:33 - INFO - utils.trainer -   AUC: 0.55448
04/20/2026 11:15:33 - INFO - utils.trainer -   Accuracy: 0.30573
04/20/2026 11:15:33 - INFO - utils.trainer -   Precision: 0.30238
04/20/2026 11:15:33 - INFO - utils.trainer -   Recall: 0.30447
04/20/2026 11:15:33 - INFO - utils.trainer -   F_score: 0.30295
04/20/2026 11:15:33 - INFO - utils.trainer -   Loss: 2.11772
04/20/2026 11:15:33 - INFO - utils.trainer -    Train loss: 0.69562, Test loss: 2.11772,Epoch time = 5.314s
04/20/2026 11:15:41 - INFO - utils.trainer -   ***** Running evaluation on test1 dataset *****
04/20/2026 11:15:42 - INFO - utils.trainer -   AUC: 0.55275
04/20/2026 11:15:42 - INFO - utils.trainer -   Accuracy: 0.31210
04/20/2026 11:15:42 - INFO - utils.trainer -   Precision: 0.31129
04/20/2026 11:15:42 - INFO - utils.trainer -   Recall: 0.30855
04/20/2026 11:15:42 - INFO - utils.trainer -   F_score: 0.30769
04/20/2026 11:15:42 - INFO - utils.trainer -   Loss: 1.87591
04/20/2026 11:15:42 - INFO - utils.trainer -    Train loss: 0.75047, Test loss: 1.87591,Epoch time = 7.427s
04/20/2026 11:15:48 - INFO - utils.trainer -   ***** Running evaluation on test1 dataset *****
04/20/2026 11:15:50 - INFO - utils.trainer -   AUC: 0.58253
04/20/2026 11:15:50 - INFO - utils.trainer -   Accuracy: 0.34395
04/20/2026 11:15:50 - INFO - utils.trainer -   Precision: 0.34173
04/20/2026 11:15:50 - INFO - utils.trainer -   Recall: 0.34089
04/20/2026 11:15:50 - INFO - utils.trainer -   F_score: 0.33723
04/20/2026 11:15:50 - INFO - utils.trainer -   Loss: 1.82347
04/20/2026 11:15:50 - INFO - utils.trainer -    Train loss: 0.78075, Test loss: 1.82347,Epoch time = 5.777s
04/20/2026 11:15:50 - INFO - utils.trainer -   Saving model checkpoint to output_dir/FBNetGen
04/20/2026 11:15:57 - INFO - utils.trainer -   ***** Running evaluation on test1 dataset *****
04/20/2026 11:15:59 - INFO - utils.trainer -   AUC: 0.56442
04/20/2026 11:15:59 - INFO - utils.trainer -   Accuracy: 0.29299
04/20/2026 11:15:59 - INFO - utils.trainer -   Precision: 0.30385
04/20/2026 11:15:59 - INFO - utils.trainer -   Recall: 0.29098
04/20/2026 11:15:59 - INFO - utils.trainer -   F_score: 0.29027
04/20/2026 11:15:59 - INFO - utils.trainer -   Loss: 1.78757
04/20/2026 11:15:59 - INFO - utils.trainer -    Train loss: 0.78483, Test loss: 1.78757,Epoch time = 6.998s
04/20/2026 11:16:05 - INFO - utils.trainer -   ***** Running evaluation on test1 dataset *****
04/20/2026 11:16:07 - INFO - utils.trainer -   AUC: 0.56891
04/20/2026 11:16:07 - INFO - utils.trainer -   Accuracy: 0.28662
04/20/2026 11:16:07 - INFO - utils.trainer -   Precision: 0.28862
04/20/2026 11:16:07 - INFO - utils.trainer -   Recall: 0.28456
04/20/2026 11:16:07 - INFO - utils.trainer -   F_score: 0.28550
04/20/2026 11:16:07 - INFO - utils.trainer -   Loss: 1.95066
04/20/2026 11:16:07 - INFO - utils.trainer -    Train loss: 0.70582, Test loss: 1.95066,Epoch time = 6.729s
04/20/2026 11:16:14 - INFO - utils.trainer -   ***** Running evaluation on test1 dataset *****
04/20/2026 11:16:16 - INFO - utils.trainer -   AUC: 0.58255
04/20/2026 11:16:16 - INFO - utils.trainer -   Accuracy: 0.33121
04/20/2026 11:16:16 - INFO - utils.trainer -   Precision: 0.32719
04/20/2026 11:16:16 - INFO - utils.trainer -   Recall: 0.32630
04/20/2026 11:16:16 - INFO - utils.trainer -   F_score: 0.32442
04/20/2026 11:16:16 - INFO - utils.trainer -   Loss: 2.12512
04/20/2026 11:16:16 - INFO - utils.trainer -    Train loss: 0.69647, Test loss: 2.12512,Epoch time = 6.725s
04/20/2026 11:16:22 - INFO - utils.trainer -   ***** Running evaluation on test1 dataset *****
04/20/2026 11:16:23 - INFO - utils.trainer -   AUC: 0.56231
04/20/2026 11:16:23 - INFO - utils.trainer -   Accuracy: 0.29936
04/20/2026 11:16:23 - INFO - utils.trainer -   Precision: 0.29881
04/20/2026 11:16:23 - INFO - utils.trainer -   Recall: 0.30061
04/20/2026 11:16:23 - INFO - utils.trainer -   F_score: 0.29886
04/20/2026 11:16:23 - INFO - utils.trainer -   Loss: 1.94335
04/20/2026 11:16:23 - INFO - utils.trainer -    Train loss: 0.68277, Test loss: 1.94335,Epoch time = 5.929s
04/20/2026 11:16:31 - INFO - utils.trainer -   ***** Running evaluation on test1 dataset *****
04/20/2026 11:16:33 - INFO - utils.trainer -   AUC: 0.55968
04/20/2026 11:16:33 - INFO - utils.trainer -   Accuracy: 0.26752
04/20/2026 11:16:33 - INFO - utils.trainer -   Precision: 0.26643
04/20/2026 11:16:33 - INFO - utils.trainer -   Recall: 0.26499
04/20/2026 11:16:33 - INFO - utils.trainer -   F_score: 0.26528
04/20/2026 11:16:33 - INFO - utils.trainer -   Loss: 2.00493
04/20/2026 11:16:33 - INFO - utils.trainer -    Train loss: 0.81934, Test loss: 2.00493,Epoch time = 7.496s
04/20/2026 11:16:38 - INFO - utils.trainer -   ***** Running evaluation on test1 dataset *****
04/20/2026 11:16:40 - INFO - utils.trainer -   AUC: 0.57703
04/20/2026 11:16:40 - INFO - utils.trainer -   Accuracy: 0.28025
04/20/2026 11:16:40 - INFO - utils.trainer -   Precision: 0.28211
04/20/2026 11:16:40 - INFO - utils.trainer -   Recall: 0.28085
04/20/2026 11:16:40 - INFO - utils.trainer -   F_score: 0.28123
04/20/2026 11:16:40 - INFO - utils.trainer -   Loss: 1.75436
04/20/2026 11:16:40 - INFO - utils.trainer -    Train loss: 0.67158, Test loss: 1.75436,Epoch time = 5.477s
04/20/2026 11:16:47 - INFO - utils.trainer -   ***** Running evaluation on test1 dataset *****
04/20/2026 11:16:49 - INFO - utils.trainer -   AUC: 0.56785
04/20/2026 11:16:49 - INFO - utils.trainer -   Accuracy: 0.29299
04/20/2026 11:16:49 - INFO - utils.trainer -   Precision: 0.29633
04/20/2026 11:16:49 - INFO - utils.trainer -   Recall: 0.29238
04/20/2026 11:16:49 - INFO - utils.trainer -   F_score: 0.29174
04/20/2026 11:16:49 - INFO - utils.trainer -   Loss: 1.74120
04/20/2026 11:16:49 - INFO - utils.trainer -    Train loss: 0.82851, Test loss: 1.74120,Epoch time = 7.375s
04/20/2026 11:16:56 - INFO - utils.trainer -   ***** Running evaluation on test1 dataset *****
04/20/2026 11:16:57 - INFO - utils.trainer -   AUC: 0.53901
04/20/2026 11:16:57 - INFO - utils.trainer -   Accuracy: 0.28662
04/20/2026 11:16:57 - INFO - utils.trainer -   Precision: 0.27366
04/20/2026 11:16:57 - INFO - utils.trainer -   Recall: 0.28720
04/20/2026 11:16:57 - INFO - utils.trainer -   F_score: 0.27878
04/20/2026 11:16:57 - INFO - utils.trainer -   Loss: 1.93697
04/20/2026 11:16:57 - INFO - utils.trainer -    Train loss: 0.85965, Test loss: 1.93697,Epoch time = 6.598s
04/20/2026 11:17:04 - INFO - utils.trainer -   ***** Running evaluation on test1 dataset *****
04/20/2026 11:17:06 - INFO - utils.trainer -   AUC: 0.56708
04/20/2026 11:17:06 - INFO - utils.trainer -   Accuracy: 0.33121
04/20/2026 11:17:06 - INFO - utils.trainer -   Precision: 0.32873
04/20/2026 11:17:06 - INFO - utils.trainer -   Recall: 0.32902
04/20/2026 11:17:06 - INFO - utils.trainer -   F_score: 0.32820
04/20/2026 11:17:06 - INFO - utils.trainer -   Loss: 1.80105
04/20/2026 11:17:06 - INFO - utils.trainer -    Train loss: 0.70860, Test loss: 1.80105,Epoch time = 6.547s
04/20/2026 11:17:12 - INFO - utils.trainer -   ***** Running evaluation on test1 dataset *****
04/20/2026 11:17:14 - INFO - utils.trainer -   AUC: 0.56465
04/20/2026 11:17:14 - INFO - utils.trainer -   Accuracy: 0.29936
04/20/2026 11:17:14 - INFO - utils.trainer -   Precision: 0.30073
04/20/2026 11:17:14 - INFO - utils.trainer -   Recall: 0.29988
04/20/2026 11:17:14 - INFO - utils.trainer -   F_score: 0.29845
04/20/2026 11:17:14 - INFO - utils.trainer -   Loss: 1.69980
04/20/2026 11:17:14 - INFO - utils.trainer -    Train loss: 0.77298, Test loss: 1.69980,Epoch time = 6.707s
04/20/2026 11:17:22 - INFO - utils.trainer -   ***** Running evaluation on test1 dataset *****
04/20/2026 11:17:24 - INFO - utils.trainer -   AUC: 0.55626
04/20/2026 11:17:24 - INFO - utils.trainer -   Accuracy: 0.28025
04/20/2026 11:17:24 - INFO - utils.trainer -   Precision: 0.27446
04/20/2026 11:17:24 - INFO - utils.trainer -   Recall: 0.27723
04/20/2026 11:17:24 - INFO - utils.trainer -   F_score: 0.27442
04/20/2026 11:17:24 - INFO - utils.trainer -   Loss: 1.82165
04/20/2026 11:17:24 - INFO - utils.trainer -    Train loss: 0.68189, Test loss: 1.82165,Epoch time = 7.453s
04/20/2026 11:17:29 - INFO - utils.trainer -   ***** Running evaluation on test1 dataset *****
04/20/2026 11:17:31 - INFO - utils.trainer -   AUC: 0.54603
04/20/2026 11:17:31 - INFO - utils.trainer -   Accuracy: 0.31847
04/20/2026 11:17:31 - INFO - utils.trainer -   Precision: 0.33448
04/20/2026 11:17:31 - INFO - utils.trainer -   Recall: 0.32234
04/20/2026 11:17:31 - INFO - utils.trainer -   F_score: 0.31819
04/20/2026 11:17:31 - INFO - utils.trainer -   Loss: 1.92325
04/20/2026 11:17:31 - INFO - utils.trainer -    Train loss: 0.77456, Test loss: 1.92325,Epoch time = 5.598s
04/20/2026 11:17:39 - INFO - utils.trainer -   ***** Running evaluation on test1 dataset *****
04/20/2026 11:17:40 - INFO - utils.trainer -   AUC: 0.54013
04/20/2026 11:17:40 - INFO - utils.trainer -   Accuracy: 0.29936
04/20/2026 11:17:40 - INFO - utils.trainer -   Precision: 0.29442
04/20/2026 11:17:40 - INFO - utils.trainer -   Recall: 0.29680
04/20/2026 11:17:40 - INFO - utils.trainer -   F_score: 0.29483
04/20/2026 11:17:40 - INFO - utils.trainer -   Loss: 1.89512
04/20/2026 11:17:40 - INFO - utils.trainer -    Train loss: 0.86748, Test loss: 1.89512,Epoch time = 7.435s
04/20/2026 11:17:45 - INFO - utils.trainer -   ***** Running evaluation on test1 dataset *****
04/20/2026 11:17:47 - INFO - utils.trainer -   AUC: 0.55523
04/20/2026 11:17:47 - INFO - utils.trainer -   Accuracy: 0.31210
04/20/2026 11:17:47 - INFO - utils.trainer -   Precision: 0.31370
04/20/2026 11:17:47 - INFO - utils.trainer -   Recall: 0.31127
04/20/2026 11:17:47 - INFO - utils.trainer -   F_score: 0.31121
04/20/2026 11:17:47 - INFO - utils.trainer -   Loss: 1.88175
04/20/2026 11:17:47 - INFO - utils.trainer -    Train loss: 0.74420, Test loss: 1.88175,Epoch time = 4.695s
04/20/2026 11:17:54 - INFO - utils.trainer -   ***** Running evaluation on test1 dataset *****
04/20/2026 11:17:56 - INFO - utils.trainer -   AUC: 0.56871
04/20/2026 11:17:56 - INFO - utils.trainer -   Accuracy: 0.29936
04/20/2026 11:17:56 - INFO - utils.trainer -   Precision: 0.29559
04/20/2026 11:17:56 - INFO - utils.trainer -   Recall: 0.29859
04/20/2026 11:17:56 - INFO - utils.trainer -   F_score: 0.29591
04/20/2026 11:17:56 - INFO - utils.trainer -   Loss: 1.71201
04/20/2026 11:17:56 - INFO - utils.trainer -    Train loss: 0.71313, Test loss: 1.71201,Epoch time = 7.352s
04/20/2026 11:18:02 - INFO - utils.trainer -   ***** Running evaluation on test1 dataset *****
04/20/2026 11:18:04 - INFO - utils.trainer -   AUC: 0.57476
04/20/2026 11:18:04 - INFO - utils.trainer -   Accuracy: 0.33758
04/20/2026 11:18:04 - INFO - utils.trainer -   Precision: 0.32417
04/20/2026 11:18:04 - INFO - utils.trainer -   Recall: 0.33358
04/20/2026 11:18:04 - INFO - utils.trainer -   F_score: 0.32647
04/20/2026 11:18:04 - INFO - utils.trainer -   Loss: 1.64609
04/20/2026 11:18:04 - INFO - utils.trainer -    Train loss: 0.70899, Test loss: 1.64609,Epoch time = 6.472s
04/20/2026 11:18:11 - INFO - utils.trainer -   ***** Running evaluation on test1 dataset *****
04/20/2026 11:18:12 - INFO - utils.trainer -   AUC: 0.56162
04/20/2026 11:18:12 - INFO - utils.trainer -   Accuracy: 0.31210
04/20/2026 11:18:12 - INFO - utils.trainer -   Precision: 0.31098
04/20/2026 11:18:12 - INFO - utils.trainer -   Recall: 0.31251
04/20/2026 11:18:12 - INFO - utils.trainer -   F_score: 0.31093
04/20/2026 11:18:12 - INFO - utils.trainer -   Loss: 1.82155
04/20/2026 11:18:12 - INFO - utils.trainer -    Train loss: 0.70420, Test loss: 1.82155,Epoch time = 6.522s
04/20/2026 11:18:19 - INFO - utils.trainer -   ***** Running evaluation on test1 dataset *****
04/20/2026 11:18:21 - INFO - utils.trainer -   AUC: 0.55945
04/20/2026 11:18:21 - INFO - utils.trainer -   Accuracy: 0.30573
04/20/2026 11:18:21 - INFO - utils.trainer -   Precision: 0.30907
04/20/2026 11:18:21 - INFO - utils.trainer -   Recall: 0.30683
04/20/2026 11:18:21 - INFO - utils.trainer -   F_score: 0.30657
04/20/2026 11:18:21 - INFO - utils.trainer -   Loss: 1.87362
04/20/2026 11:18:21 - INFO - utils.trainer -    Train loss: 0.75568, Test loss: 1.87362,Epoch time = 7.125s
04/20/2026 11:18:28 - INFO - utils.trainer -   ***** Running evaluation on test1 dataset *****
04/20/2026 11:18:30 - INFO - utils.trainer -   AUC: 0.56038
04/20/2026 11:18:30 - INFO - utils.trainer -   Accuracy: 0.33758
04/20/2026 11:18:30 - INFO - utils.trainer -   Precision: 0.33249
04/20/2026 11:18:30 - INFO - utils.trainer -   Recall: 0.33594
04/20/2026 11:18:30 - INFO - utils.trainer -   F_score: 0.33390
04/20/2026 11:18:30 - INFO - utils.trainer -   Loss: 1.59955
04/20/2026 11:18:30 - INFO - utils.trainer -    Train loss: 0.72975, Test loss: 1.59955,Epoch time = 6.909s
04/20/2026 11:18:36 - INFO - utils.trainer -   ***** Running evaluation on test1 dataset *****
04/20/2026 11:18:38 - INFO - utils.trainer -   AUC: 0.56535
04/20/2026 11:18:38 - INFO - utils.trainer -   Accuracy: 0.35032
04/20/2026 11:18:38 - INFO - utils.trainer -   Precision: 0.35300
04/20/2026 11:18:38 - INFO - utils.trainer -   Recall: 0.34985
04/20/2026 11:18:38 - INFO - utils.trainer -   F_score: 0.35085
04/20/2026 11:18:38 - INFO - utils.trainer -   Loss: 1.68006
04/20/2026 11:18:38 - INFO - utils.trainer -    Train loss: 0.82059, Test loss: 1.68006,Epoch time = 6.563s
04/20/2026 11:18:38 - INFO - utils.trainer -   Saving model checkpoint to output_dir/FBNetGen
04/20/2026 11:18:45 - INFO - utils.trainer -   ***** Running evaluation on test1 dataset *****
04/20/2026 11:18:47 - INFO - utils.trainer -   AUC: 0.56765
04/20/2026 11:18:47 - INFO - utils.trainer -   Accuracy: 0.32484
04/20/2026 11:18:47 - INFO - utils.trainer -   Precision: 0.32924
04/20/2026 11:18:47 - INFO - utils.trainer -   Recall: 0.32191
04/20/2026 11:18:47 - INFO - utils.trainer -   F_score: 0.32413
04/20/2026 11:18:47 - INFO - utils.trainer -   Loss: 1.86047
04/20/2026 11:18:47 - INFO - utils.trainer -    Train loss: 0.74039, Test loss: 1.86047,Epoch time = 7.412s
04/20/2026 11:18:54 - INFO - utils.trainer -   ***** Running evaluation on test1 dataset *****
04/20/2026 11:18:56 - INFO - utils.trainer -   AUC: 0.56788
04/20/2026 11:18:56 - INFO - utils.trainer -   Accuracy: 0.28025
04/20/2026 11:18:56 - INFO - utils.trainer -   Precision: 0.28072
04/20/2026 11:18:56 - INFO - utils.trainer -   Recall: 0.27922
04/20/2026 11:18:56 - INFO - utils.trainer -   F_score: 0.27970
04/20/2026 11:18:56 - INFO - utils.trainer -   Loss: 1.79567
04/20/2026 11:18:56 - INFO - utils.trainer -    Train loss: 0.74829, Test loss: 1.79567,Epoch time = 7.007s
04/20/2026 11:19:02 - INFO - utils.trainer -   ***** Running evaluation on test1 dataset *****
04/20/2026 11:19:04 - INFO - utils.trainer -   AUC: 0.58205
04/20/2026 11:19:04 - INFO - utils.trainer -   Accuracy: 0.31847
04/20/2026 11:19:04 - INFO - utils.trainer -   Precision: 0.32108
04/20/2026 11:19:04 - INFO - utils.trainer -   Recall: 0.31640
04/20/2026 11:19:04 - INFO - utils.trainer -   F_score: 0.31825
04/20/2026 11:19:04 - INFO - utils.trainer -   Loss: 1.81063
04/20/2026 11:19:04 - INFO - utils.trainer -    Train loss: 0.68871, Test loss: 1.81063,Epoch time = 6.673s
04/20/2026 11:19:11 - INFO - utils.trainer -   ***** Running evaluation on test1 dataset *****
04/20/2026 11:19:13 - INFO - utils.trainer -   AUC: 0.60173
04/20/2026 11:19:13 - INFO - utils.trainer -   Accuracy: 0.36306
04/20/2026 11:19:13 - INFO - utils.trainer -   Precision: 0.35455
04/20/2026 11:19:13 - INFO - utils.trainer -   Recall: 0.35760
04/20/2026 11:19:13 - INFO - utils.trainer -   F_score: 0.35395
04/20/2026 11:19:13 - INFO - utils.trainer -   Loss: 1.65047
04/20/2026 11:19:13 - INFO - utils.trainer -    Train loss: 0.75131, Test loss: 1.65047,Epoch time = 6.930s
04/20/2026 11:19:13 - INFO - utils.trainer -   Saving model checkpoint to output_dir/FBNetGen
04/20/2026 11:19:20 - INFO - utils.trainer -   ***** Running evaluation on test1 dataset *****
04/20/2026 11:19:22 - INFO - utils.trainer -   AUC: 0.58042
04/20/2026 11:19:22 - INFO - utils.trainer -   Accuracy: 0.31847
04/20/2026 11:19:22 - INFO - utils.trainer -   Precision: 0.32517
04/20/2026 11:19:22 - INFO - utils.trainer -   Recall: 0.31547
04/20/2026 11:19:22 - INFO - utils.trainer -   F_score: 0.31853
04/20/2026 11:19:22 - INFO - utils.trainer -   Loss: 1.88912
04/20/2026 11:19:22 - INFO - utils.trainer -    Train loss: 0.64145, Test loss: 1.88912,Epoch time = 7.481s
04/20/2026 11:19:29 - INFO - utils.trainer -   ***** Running evaluation on test1 dataset *****
04/20/2026 11:19:31 - INFO - utils.trainer -   AUC: 0.59042
04/20/2026 11:19:31 - INFO - utils.trainer -   Accuracy: 0.36306
04/20/2026 11:19:31 - INFO - utils.trainer -   Precision: 0.35750
04/20/2026 11:19:31 - INFO - utils.trainer -   Recall: 0.35833
04/20/2026 11:19:31 - INFO - utils.trainer -   F_score: 0.35576
04/20/2026 11:19:31 - INFO - utils.trainer -   Loss: 1.63217
04/20/2026 11:19:31 - INFO - utils.trainer -    Train loss: 0.63150, Test loss: 1.63217,Epoch time = 6.914s
04/20/2026 11:19:31 - INFO - utils.trainer -   Saving model checkpoint to output_dir/FBNetGen
04/20/2026 11:19:37 - INFO - utils.trainer -   ***** Running evaluation on test1 dataset *****
04/20/2026 11:19:39 - INFO - utils.trainer -   AUC: 0.58257
04/20/2026 11:19:39 - INFO - utils.trainer -   Accuracy: 0.33758
04/20/2026 11:19:39 - INFO - utils.trainer -   Precision: 0.33412
04/20/2026 11:19:39 - INFO - utils.trainer -   Recall: 0.33504
04/20/2026 11:19:39 - INFO - utils.trainer -   F_score: 0.33141
04/20/2026 11:19:39 - INFO - utils.trainer -   Loss: 1.85295
04/20/2026 11:19:39 - INFO - utils.trainer -    Train loss: 0.75556, Test loss: 1.85295,Epoch time = 6.589s
04/20/2026 11:19:46 - INFO - utils.trainer -   ***** Running evaluation on test1 dataset *****
04/20/2026 11:19:48 - INFO - utils.trainer -   AUC: 0.59091
04/20/2026 11:19:48 - INFO - utils.trainer -   Accuracy: 0.38217
04/20/2026 11:19:48 - INFO - utils.trainer -   Precision: 0.38125
04/20/2026 11:19:48 - INFO - utils.trainer -   Recall: 0.37952
04/20/2026 11:19:48 - INFO - utils.trainer -   F_score: 0.37716
04/20/2026 11:19:48 - INFO - utils.trainer -   Loss: 1.70770
04/20/2026 11:19:48 - INFO - utils.trainer -    Train loss: 0.69540, Test loss: 1.70770,Epoch time = 7.362s
04/20/2026 11:19:48 - INFO - utils.trainer -   Saving model checkpoint to output_dir/FBNetGen
04/20/2026 11:19:54 - INFO - utils.trainer -   ***** Running evaluation on test1 dataset *****
04/20/2026 11:19:56 - INFO - utils.trainer -   AUC: 0.57833
04/20/2026 11:19:56 - INFO - utils.trainer -   Accuracy: 0.31210
04/20/2026 11:19:56 - INFO - utils.trainer -   Precision: 0.31924
04/20/2026 11:19:56 - INFO - utils.trainer -   Recall: 0.31360
04/20/2026 11:19:56 - INFO - utils.trainer -   F_score: 0.31342
04/20/2026 11:19:56 - INFO - utils.trainer -   Loss: 1.84583
04/20/2026 11:19:56 - INFO - utils.trainer -    Train loss: 0.70497, Test loss: 1.84583,Epoch time = 6.436s
04/20/2026 11:20:03 - INFO - utils.trainer -   ***** Running evaluation on test1 dataset *****
04/20/2026 11:20:05 - INFO - utils.trainer -   AUC: 0.58322
04/20/2026 11:20:05 - INFO - utils.trainer -   Accuracy: 0.33121
04/20/2026 11:20:05 - INFO - utils.trainer -   Precision: 0.33255
04/20/2026 11:20:05 - INFO - utils.trainer -   Recall: 0.32848
04/20/2026 11:20:05 - INFO - utils.trainer -   F_score: 0.32958
04/20/2026 11:20:05 - INFO - utils.trainer -   Loss: 1.74490
04/20/2026 11:20:05 - INFO - utils.trainer -    Train loss: 0.58165, Test loss: 1.74490,Epoch time = 6.946s
04/20/2026 11:20:12 - INFO - utils.trainer -   ***** Running evaluation on test1 dataset *****
04/20/2026 11:20:13 - INFO - utils.trainer -   AUC: 0.60185
04/20/2026 11:20:13 - INFO - utils.trainer -   Accuracy: 0.39490
04/20/2026 11:20:13 - INFO - utils.trainer -   Precision: 0.39757
04/20/2026 11:20:13 - INFO - utils.trainer -   Recall: 0.39846
04/20/2026 11:20:13 - INFO - utils.trainer -   F_score: 0.39341
04/20/2026 11:20:13 - INFO - utils.trainer -   Loss: 1.83634
04/20/2026 11:20:13 - INFO - utils.trainer -    Train loss: 0.65302, Test loss: 1.83634,Epoch time = 6.982s
04/20/2026 11:20:13 - INFO - utils.trainer -   Saving model checkpoint to output_dir/FBNetGen
04/20/2026 11:20:21 - INFO - utils.trainer -   ***** Running evaluation on test1 dataset *****
04/20/2026 11:20:22 - INFO - utils.trainer -   AUC: 0.55964
04/20/2026 11:20:22 - INFO - utils.trainer -   Accuracy: 0.31847
04/20/2026 11:20:22 - INFO - utils.trainer -   Precision: 0.32196
04/20/2026 11:20:22 - INFO - utils.trainer -   Recall: 0.32091
04/20/2026 11:20:22 - INFO - utils.trainer -   F_score: 0.31968
04/20/2026 11:20:22 - INFO - utils.trainer -   Loss: 1.90786
04/20/2026 11:20:22 - INFO - utils.trainer -    Train loss: 0.77613, Test loss: 1.90786,Epoch time = 7.380s
04/20/2026 11:20:28 - INFO - utils.trainer -   ***** Running evaluation on test1 dataset *****
04/20/2026 11:20:30 - INFO - utils.trainer -   AUC: 0.58670
04/20/2026 11:20:30 - INFO - utils.trainer -   Accuracy: 0.34395
04/20/2026 11:20:30 - INFO - utils.trainer -   Precision: 0.34865
04/20/2026 11:20:30 - INFO - utils.trainer -   Recall: 0.34400
04/20/2026 11:20:30 - INFO - utils.trainer -   F_score: 0.34537
04/20/2026 11:20:30 - INFO - utils.trainer -   Loss: 1.75465
04/20/2026 11:20:30 - INFO - utils.trainer -    Train loss: 0.70368, Test loss: 1.75465,Epoch time = 5.793s
04/20/2026 11:20:37 - INFO - utils.trainer -   ***** Running evaluation on test1 dataset *****
04/20/2026 11:20:39 - INFO - utils.trainer -   AUC: 0.58863
04/20/2026 11:20:39 - INFO - utils.trainer -   Accuracy: 0.34395
04/20/2026 11:20:39 - INFO - utils.trainer -   Precision: 0.34676
04/20/2026 11:20:39 - INFO - utils.trainer -   Recall: 0.34220
04/20/2026 11:20:39 - INFO - utils.trainer -   F_score: 0.34325
04/20/2026 11:20:39 - INFO - utils.trainer -   Loss: 1.85527
04/20/2026 11:20:39 - INFO - utils.trainer -    Train loss: 0.75505, Test loss: 1.85527,Epoch time = 7.353s
04/20/2026 11:20:45 - INFO - utils.trainer -   ***** Running evaluation on test1 dataset *****
04/20/2026 11:20:47 - INFO - utils.trainer -   AUC: 0.56866
04/20/2026 11:20:47 - INFO - utils.trainer -   Accuracy: 0.29936
04/20/2026 11:20:47 - INFO - utils.trainer -   Precision: 0.30258
04/20/2026 11:20:47 - INFO - utils.trainer -   Recall: 0.29988
04/20/2026 11:20:47 - INFO - utils.trainer -   F_score: 0.30092
04/20/2026 11:20:47 - INFO - utils.trainer -   Loss: 1.85467
04/20/2026 11:20:47 - INFO - utils.trainer -    Train loss: 0.60100, Test loss: 1.85467,Epoch time = 6.029s
04/20/2026 11:20:53 - INFO - utils.trainer -   ***** Running evaluation on test1 dataset *****
04/20/2026 11:20:55 - INFO - utils.trainer -   AUC: 0.57659
04/20/2026 11:20:55 - INFO - utils.trainer -   Accuracy: 0.31210
04/20/2026 11:20:55 - INFO - utils.trainer -   Precision: 0.31446
04/20/2026 11:20:55 - INFO - utils.trainer -   Recall: 0.31125
04/20/2026 11:20:55 - INFO - utils.trainer -   F_score: 0.31216
04/20/2026 11:20:55 - INFO - utils.trainer -   Loss: 1.89093
04/20/2026 11:20:55 - INFO - utils.trainer -    Train loss: 0.74558, Test loss: 1.89093,Epoch time = 6.496s
04/20/2026 11:21:01 - INFO - utils.trainer -   ***** Running evaluation on test1 dataset *****
04/20/2026 11:21:03 - INFO - utils.trainer -   AUC: 0.58819
04/20/2026 11:21:03 - INFO - utils.trainer -   Accuracy: 0.33121
04/20/2026 11:21:03 - INFO - utils.trainer -   Precision: 0.33312
04/20/2026 11:21:03 - INFO - utils.trainer -   Recall: 0.33373
04/20/2026 11:21:03 - INFO - utils.trainer -   F_score: 0.33158
04/20/2026 11:21:03 - INFO - utils.trainer -   Loss: 1.87023
04/20/2026 11:21:03 - INFO - utils.trainer -    Train loss: 0.69588, Test loss: 1.87023,Epoch time = 6.520s
04/20/2026 11:21:10 - INFO - utils.trainer -   ***** Running evaluation on test1 dataset *****
04/20/2026 11:21:12 - INFO - utils.trainer -   AUC: 0.60077
04/20/2026 11:21:12 - INFO - utils.trainer -   Accuracy: 0.37580
04/20/2026 11:21:12 - INFO - utils.trainer -   Precision: 0.37761
04/20/2026 11:21:12 - INFO - utils.trainer -   Recall: 0.37530
04/20/2026 11:21:12 - INFO - utils.trainer -   F_score: 0.37604
04/20/2026 11:21:12 - INFO - utils.trainer -   Loss: 1.57683
04/20/2026 11:21:12 - INFO - utils.trainer -    Train loss: 0.71105, Test loss: 1.57683,Epoch time = 7.139s
04/20/2026 11:21:17 - INFO - utils.trainer -   ***** Running evaluation on test1 dataset *****
04/20/2026 11:21:19 - INFO - utils.trainer -   AUC: 0.58657
04/20/2026 11:21:19 - INFO - utils.trainer -   Accuracy: 0.33121
04/20/2026 11:21:19 - INFO - utils.trainer -   Precision: 0.32372
04/20/2026 11:21:19 - INFO - utils.trainer -   Recall: 0.33132
04/20/2026 11:21:19 - INFO - utils.trainer -   F_score: 0.32362
04/20/2026 11:21:19 - INFO - utils.trainer -   Loss: 1.63010
04/20/2026 11:21:19 - INFO - utils.trainer -    Train loss: 0.75738, Test loss: 1.63010,Epoch time = 5.423s
04/20/2026 11:21:27 - INFO - utils.trainer -   ***** Running evaluation on test1 dataset *****
04/20/2026 11:21:28 - INFO - utils.trainer -   AUC: 0.59091
04/20/2026 11:21:28 - INFO - utils.trainer -   Accuracy: 0.31847
04/20/2026 11:21:28 - INFO - utils.trainer -   Precision: 0.31588
04/20/2026 11:21:28 - INFO - utils.trainer -   Recall: 0.31639
04/20/2026 11:21:28 - INFO - utils.trainer -   F_score: 0.31457
04/20/2026 11:21:28 - INFO - utils.trainer -   Loss: 1.76467
04/20/2026 11:21:28 - INFO - utils.trainer -    Train loss: 0.76435, Test loss: 1.76467,Epoch time = 7.374s
04/20/2026 11:21:34 - INFO - utils.trainer -   ***** Running evaluation on test1 dataset *****
04/20/2026 11:21:36 - INFO - utils.trainer -   AUC: 0.57874
04/20/2026 11:21:36 - INFO - utils.trainer -   Accuracy: 0.33758
04/20/2026 11:21:36 - INFO - utils.trainer -   Precision: 0.33820
04/20/2026 11:21:36 - INFO - utils.trainer -   Recall: 0.33669
04/20/2026 11:21:36 - INFO - utils.trainer -   F_score: 0.33588
04/20/2026 11:21:36 - INFO - utils.trainer -   Loss: 1.71832
04/20/2026 11:21:36 - INFO - utils.trainer -    Train loss: 0.74084, Test loss: 1.71832,Epoch time = 6.049s
04/20/2026 11:21:43 - INFO - utils.trainer -   ***** Running evaluation on test1 dataset *****
04/20/2026 11:21:45 - INFO - utils.trainer -   AUC: 0.56859
04/20/2026 11:21:45 - INFO - utils.trainer -   Accuracy: 0.31210
04/20/2026 11:21:45 - INFO - utils.trainer -   Precision: 0.31278
04/20/2026 11:21:45 - INFO - utils.trainer -   Recall: 0.31433
04/20/2026 11:21:45 - INFO - utils.trainer -   F_score: 0.31141
04/20/2026 11:21:45 - INFO - utils.trainer -   Loss: 1.70439
04/20/2026 11:21:45 - INFO - utils.trainer -    Train loss: 0.72128, Test loss: 1.70439,Epoch time = 6.847s
04/20/2026 11:21:51 - INFO - utils.trainer -   ***** Running evaluation on test1 dataset *****
04/20/2026 11:21:53 - INFO - utils.trainer -   AUC: 0.57601
04/20/2026 11:21:53 - INFO - utils.trainer -   Accuracy: 0.30573
04/20/2026 11:21:53 - INFO - utils.trainer -   Precision: 0.30308
04/20/2026 11:21:53 - INFO - utils.trainer -   Recall: 0.30575
04/20/2026 11:21:53 - INFO - utils.trainer -   F_score: 0.30305
04/20/2026 11:21:53 - INFO - utils.trainer -   Loss: 1.68042
04/20/2026 11:21:53 - INFO - utils.trainer -    Train loss: 0.66200, Test loss: 1.68042,Epoch time = 6.584s
04/20/2026 11:22:00 - INFO - utils.trainer -   ***** Running evaluation on test1 dataset *****
04/20/2026 11:22:02 - INFO - utils.trainer -   AUC: 0.57699
04/20/2026 11:22:02 - INFO - utils.trainer -   Accuracy: 0.32484
04/20/2026 11:22:02 - INFO - utils.trainer -   Precision: 0.31815
04/20/2026 11:22:02 - INFO - utils.trainer -   Recall: 0.32154
04/20/2026 11:22:02 - INFO - utils.trainer -   F_score: 0.31869
04/20/2026 11:22:02 - INFO - utils.trainer -   Loss: 1.64001
04/20/2026 11:22:02 - INFO - utils.trainer -    Train loss: 0.72686, Test loss: 1.64001,Epoch time = 6.957s
04/20/2026 11:22:08 - INFO - utils.trainer -   ***** Running evaluation on test1 dataset *****
04/20/2026 11:22:09 - INFO - utils.trainer -   AUC: 0.56899
04/20/2026 11:22:09 - INFO - utils.trainer -   Accuracy: 0.32484
04/20/2026 11:22:09 - INFO - utils.trainer -   Precision: 0.31535
04/20/2026 11:22:09 - INFO - utils.trainer -   Recall: 0.32311
04/20/2026 11:22:09 - INFO - utils.trainer -   F_score: 0.31699
04/20/2026 11:22:09 - INFO - utils.trainer -   Loss: 1.68256
04/20/2026 11:22:09 - INFO - utils.trainer -    Train loss: 0.76200, Test loss: 1.68256,Epoch time = 5.774s
04/20/2026 11:22:17 - INFO - utils.trainer -   ***** Running evaluation on test1 dataset *****
04/20/2026 11:22:19 - INFO - utils.trainer -   AUC: 0.57462
04/20/2026 11:22:19 - INFO - utils.trainer -   Accuracy: 0.31210
04/20/2026 11:22:19 - INFO - utils.trainer -   Precision: 0.30647
04/20/2026 11:22:19 - INFO - utils.trainer -   Recall: 0.31121
04/20/2026 11:22:19 - INFO - utils.trainer -   F_score: 0.30581
04/20/2026 11:22:19 - INFO - utils.trainer -   Loss: 1.71224
04/20/2026 11:22:19 - INFO - utils.trainer -    Train loss: 0.74562, Test loss: 1.71224,Epoch time = 7.431s
04/20/2026 11:22:24 - INFO - utils.trainer -   ***** Running evaluation on test1 dataset *****
04/20/2026 11:22:26 - INFO - utils.trainer -   AUC: 0.59454
04/20/2026 11:22:26 - INFO - utils.trainer -   Accuracy: 0.35669
04/20/2026 11:22:26 - INFO - utils.trainer -   Precision: 0.35546
04/20/2026 11:22:26 - INFO - utils.trainer -   Recall: 0.35447
04/20/2026 11:22:26 - INFO - utils.trainer -   F_score: 0.35475
04/20/2026 11:22:26 - INFO - utils.trainer -   Loss: 1.61491
04/20/2026 11:22:26 - INFO - utils.trainer -    Train loss: 0.71330, Test loss: 1.61491,Epoch time = 5.406s
04/20/2026 11:22:33 - INFO - utils.trainer -   ***** Running evaluation on test1 dataset *****
04/20/2026 11:22:34 - INFO - utils.trainer -   AUC: 0.58819
04/20/2026 11:22:34 - INFO - utils.trainer -   Accuracy: 0.32484
04/20/2026 11:22:34 - INFO - utils.trainer -   Precision: 0.32236
04/20/2026 11:22:34 - INFO - utils.trainer -   Recall: 0.32909
04/20/2026 11:22:34 - INFO - utils.trainer -   F_score: 0.32170
04/20/2026 11:22:34 - INFO - utils.trainer -   Loss: 1.68572
04/20/2026 11:22:34 - INFO - utils.trainer -    Train loss: 0.66775, Test loss: 1.68572,Epoch time = 6.981s
04/20/2026 11:22:41 - INFO - utils.trainer -   ***** Running evaluation on test1 dataset *****
04/20/2026 11:22:43 - INFO - utils.trainer -   AUC: 0.58578
04/20/2026 11:22:43 - INFO - utils.trainer -   Accuracy: 0.36943
04/20/2026 11:22:43 - INFO - utils.trainer -   Precision: 0.36822
04/20/2026 11:22:43 - INFO - utils.trainer -   Recall: 0.37065
04/20/2026 11:22:43 - INFO - utils.trainer -   F_score: 0.36715
04/20/2026 11:22:43 - INFO - utils.trainer -   Loss: 1.76684
04/20/2026 11:22:43 - INFO - utils.trainer -    Train loss: 0.73320, Test loss: 1.76684,Epoch time = 6.870s
04/20/2026 11:22:50 - INFO - utils.trainer -   ***** Running evaluation on test1 dataset *****
04/20/2026 11:22:52 - INFO - utils.trainer -   AUC: 0.59536
04/20/2026 11:22:52 - INFO - utils.trainer -   Accuracy: 0.33121
04/20/2026 11:22:52 - INFO - utils.trainer -   Precision: 0.33112
04/20/2026 11:22:52 - INFO - utils.trainer -   Recall: 0.33047
04/20/2026 11:22:52 - INFO - utils.trainer -   F_score: 0.32848
04/20/2026 11:22:52 - INFO - utils.trainer -   Loss: 1.68037
04/20/2026 11:22:52 - INFO - utils.trainer -    Train loss: 0.69993, Test loss: 1.68037,Epoch time = 6.981s
04/20/2026 11:22:58 - INFO - utils.trainer -   ***** Running evaluation on test1 dataset *****
04/20/2026 11:22:59 - INFO - utils.trainer -   AUC: 0.60356
04/20/2026 11:22:59 - INFO - utils.trainer -   Accuracy: 0.36943
04/20/2026 11:22:59 - INFO - utils.trainer -   Precision: 0.36688
04/20/2026 11:22:59 - INFO - utils.trainer -   Recall: 0.36709
04/20/2026 11:22:59 - INFO - utils.trainer -   F_score: 0.36692
04/20/2026 11:22:59 - INFO - utils.trainer -   Loss: 1.56363
04/20/2026 11:22:59 - INFO - utils.trainer -    Train loss: 0.62255, Test loss: 1.56363,Epoch time = 6.108s
04/20/2026 11:23:07 - INFO - utils.trainer -   ***** Running evaluation on test1 dataset *****
04/20/2026 11:23:09 - INFO - utils.trainer -   AUC: 0.57722
04/20/2026 11:23:09 - INFO - utils.trainer -   Accuracy: 0.33758
04/20/2026 11:23:09 - INFO - utils.trainer -   Precision: 0.33708
04/20/2026 11:23:09 - INFO - utils.trainer -   Recall: 0.33722
04/20/2026 11:23:09 - INFO - utils.trainer -   F_score: 0.33689
04/20/2026 11:23:09 - INFO - utils.trainer -   Loss: 1.72614
04/20/2026 11:23:09 - INFO - utils.trainer -    Train loss: 0.79777, Test loss: 1.72614,Epoch time = 7.457s
04/20/2026 11:23:15 - INFO - utils.trainer -   ***** Running evaluation on test1 dataset *****
04/20/2026 11:23:17 - INFO - utils.trainer -   AUC: 0.58952
04/20/2026 11:23:17 - INFO - utils.trainer -   Accuracy: 0.35669
04/20/2026 11:23:17 - INFO - utils.trainer -   Precision: 0.35657
04/20/2026 11:23:17 - INFO - utils.trainer -   Recall: 0.35662
04/20/2026 11:23:17 - INFO - utils.trainer -   F_score: 0.35562
04/20/2026 11:23:17 - INFO - utils.trainer -   Loss: 1.66378
04/20/2026 11:23:17 - INFO - utils.trainer -    Train loss: 0.56421, Test loss: 1.66378,Epoch time = 6.273s
04/20/2026 11:23:24 - INFO - utils.trainer -   ***** Running evaluation on test1 dataset *****
04/20/2026 11:23:26 - INFO - utils.trainer -   AUC: 0.56282
04/20/2026 11:23:26 - INFO - utils.trainer -   Accuracy: 0.28662
04/20/2026 11:23:26 - INFO - utils.trainer -   Precision: 0.28634
04/20/2026 11:23:26 - INFO - utils.trainer -   Recall: 0.28922
04/20/2026 11:23:26 - INFO - utils.trainer -   F_score: 0.28399
04/20/2026 11:23:26 - INFO - utils.trainer -   Loss: 1.79502
04/20/2026 11:23:26 - INFO - utils.trainer -    Train loss: 0.75315, Test loss: 1.79502,Epoch time = 7.065s
04/20/2026 11:23:33 - INFO - utils.trainer -   ***** Running evaluation on test1 dataset *****
04/20/2026 11:23:34 - INFO - utils.trainer -   AUC: 0.56870
04/20/2026 11:23:34 - INFO - utils.trainer -   Accuracy: 0.28662
04/20/2026 11:23:34 - INFO - utils.trainer -   Precision: 0.28511
04/20/2026 11:23:34 - INFO - utils.trainer -   Recall: 0.28832
04/20/2026 11:23:34 - INFO - utils.trainer -   F_score: 0.28534
04/20/2026 11:23:34 - INFO - utils.trainer -   Loss: 1.70565
04/20/2026 11:23:34 - INFO - utils.trainer -    Train loss: 0.79334, Test loss: 1.70565,Epoch time = 7.137s
04/20/2026 11:23:41 - INFO - utils.trainer -   ***** Running evaluation on test1 dataset *****
04/20/2026 11:23:43 - INFO - utils.trainer -   AUC: 0.57034
04/20/2026 11:23:43 - INFO - utils.trainer -   Accuracy: 0.31210
04/20/2026 11:23:43 - INFO - utils.trainer -   Precision: 0.31066
04/20/2026 11:23:43 - INFO - utils.trainer -   Recall: 0.31251
04/20/2026 11:23:43 - INFO - utils.trainer -   F_score: 0.31084
04/20/2026 11:23:43 - INFO - utils.trainer -   Loss: 1.63761
04/20/2026 11:23:43 - INFO - utils.trainer -    Train loss: 0.72259, Test loss: 1.63761,Epoch time = 7.011s
04/20/2026 11:23:50 - INFO - utils.trainer -   ***** Running evaluation on test1 dataset *****
04/20/2026 11:23:51 - INFO - utils.trainer -   AUC: 0.57653
04/20/2026 11:23:51 - INFO - utils.trainer -   Accuracy: 0.33758
04/20/2026 11:23:51 - INFO - utils.trainer -   Precision: 0.33560
04/20/2026 11:23:51 - INFO - utils.trainer -   Recall: 0.33596
04/20/2026 11:23:51 - INFO - utils.trainer -   F_score: 0.33505
04/20/2026 11:23:51 - INFO - utils.trainer -   Loss: 1.63807
04/20/2026 11:23:51 - INFO - utils.trainer -    Train loss: 0.59160, Test loss: 1.63807,Epoch time = 6.629s
04/20/2026 11:23:59 - INFO - utils.trainer -   ***** Running evaluation on test1 dataset *****
04/20/2026 11:24:01 - INFO - utils.trainer -   AUC: 0.57473
04/20/2026 11:24:01 - INFO - utils.trainer -   Accuracy: 0.32484
04/20/2026 11:24:01 - INFO - utils.trainer -   Precision: 0.32336
04/20/2026 11:24:01 - INFO - utils.trainer -   Recall: 0.32406
04/20/2026 11:24:01 - INFO - utils.trainer -   F_score: 0.32314
04/20/2026 11:24:01 - INFO - utils.trainer -   Loss: 1.67855
04/20/2026 11:24:01 - INFO - utils.trainer -    Train loss: 0.61676, Test loss: 1.67855,Epoch time = 7.576s
04/20/2026 11:24:07 - INFO - utils.trainer -   ***** Running evaluation on test1 dataset *****
04/20/2026 11:24:09 - INFO - utils.trainer -   AUC: 0.59084
04/20/2026 11:24:09 - INFO - utils.trainer -   Accuracy: 0.36306
04/20/2026 11:24:09 - INFO - utils.trainer -   Precision: 0.36257
04/20/2026 11:24:09 - INFO - utils.trainer -   Recall: 0.36264
04/20/2026 11:24:09 - INFO - utils.trainer -   F_score: 0.36123
04/20/2026 11:24:09 - INFO - utils.trainer -   Loss: 1.59027
04/20/2026 11:24:09 - INFO - utils.trainer -    Train loss: 0.65896, Test loss: 1.59027,Epoch time = 6.930s
04/20/2026 11:24:16 - INFO - utils.trainer -   ***** Running evaluation on test1 dataset *****
04/20/2026 11:24:18 - INFO - utils.trainer -   AUC: 0.58572
04/20/2026 11:24:18 - INFO - utils.trainer -   Accuracy: 0.33121
04/20/2026 11:24:18 - INFO - utils.trainer -   Precision: 0.33050
04/20/2026 11:24:18 - INFO - utils.trainer -   Recall: 0.33118
04/20/2026 11:24:18 - INFO - utils.trainer -   F_score: 0.33017
04/20/2026 11:24:18 - INFO - utils.trainer -   Loss: 1.60941
04/20/2026 11:24:18 - INFO - utils.trainer -    Train loss: 0.69021, Test loss: 1.60941,Epoch time = 6.712s
04/20/2026 11:24:25 - INFO - utils.trainer -   ***** Running evaluation on test1 dataset *****
04/20/2026 11:24:26 - INFO - utils.trainer -   AUC: 0.59888
04/20/2026 11:24:26 - INFO - utils.trainer -   Accuracy: 0.35032
04/20/2026 11:24:26 - INFO - utils.trainer -   Precision: 0.34830
04/20/2026 11:24:26 - INFO - utils.trainer -   Recall: 0.35002
04/20/2026 11:24:26 - INFO - utils.trainer -   F_score: 0.34866
04/20/2026 11:24:26 - INFO - utils.trainer -   Loss: 1.60700
04/20/2026 11:24:26 - INFO - utils.trainer -    Train loss: 0.56110, Test loss: 1.60700,Epoch time = 7.171s
04/20/2026 11:24:34 - INFO - utils.trainer -   ***** Running evaluation on test1 dataset *****
04/20/2026 11:24:36 - INFO - utils.trainer -   AUC: 0.59421
04/20/2026 11:24:36 - INFO - utils.trainer -   Accuracy: 0.34395
04/20/2026 11:24:36 - INFO - utils.trainer -   Precision: 0.34018
04/20/2026 11:24:36 - INFO - utils.trainer -   Recall: 0.34075
04/20/2026 11:24:36 - INFO - utils.trainer -   F_score: 0.34025
04/20/2026 11:24:36 - INFO - utils.trainer -   Loss: 1.56446
04/20/2026 11:24:36 - INFO - utils.trainer -    Train loss: 0.73041, Test loss: 1.56446,Epoch time = 7.475s
04/20/2026 11:24:43 - INFO - utils.trainer -   ***** Running evaluation on test1 dataset *****
04/20/2026 11:24:44 - INFO - utils.trainer -   AUC: 0.59581
04/20/2026 11:24:44 - INFO - utils.trainer -   Accuracy: 0.35669
04/20/2026 11:24:44 - INFO - utils.trainer -   Precision: 0.35742
04/20/2026 11:24:44 - INFO - utils.trainer -   Recall: 0.35752
04/20/2026 11:24:44 - INFO - utils.trainer -   F_score: 0.35627
04/20/2026 11:24:44 - INFO - utils.trainer -   Loss: 1.59388
04/20/2026 11:24:44 - INFO - utils.trainer -    Train loss: 0.60242, Test loss: 1.59388,Epoch time = 6.801s
04/20/2026 11:24:51 - INFO - utils.trainer -   ***** Running evaluation on test1 dataset *****
04/20/2026 11:24:53 - INFO - utils.trainer -   AUC: 0.60293
04/20/2026 11:24:53 - INFO - utils.trainer -   Accuracy: 0.36943
04/20/2026 11:24:53 - INFO - utils.trainer -   Precision: 0.36871
04/20/2026 11:24:53 - INFO - utils.trainer -   Recall: 0.36692
04/20/2026 11:24:53 - INFO - utils.trainer -   F_score: 0.36723
04/20/2026 11:24:53 - INFO - utils.trainer -   Loss: 1.58117
04/20/2026 11:24:53 - INFO - utils.trainer -    Train loss: 0.61527, Test loss: 1.58117,Epoch time = 6.665s
04/20/2026 11:25:00 - INFO - utils.trainer -   ***** Running evaluation on test1 dataset *****
04/20/2026 11:25:02 - INFO - utils.trainer -   AUC: 0.59035
04/20/2026 11:25:02 - INFO - utils.trainer -   Accuracy: 0.33121
04/20/2026 11:25:02 - INFO - utils.trainer -   Precision: 0.33018
04/20/2026 11:25:02 - INFO - utils.trainer -   Recall: 0.33028
04/20/2026 11:25:02 - INFO - utils.trainer -   F_score: 0.32974
04/20/2026 11:25:02 - INFO - utils.trainer -   Loss: 1.61360
04/20/2026 11:25:02 - INFO - utils.trainer -    Train loss: 0.74978, Test loss: 1.61360,Epoch time = 7.411s
04/20/2026 11:25:08 - INFO - utils.trainer -   ***** Running evaluation on test1 dataset *****
04/20/2026 11:25:10 - INFO - utils.trainer -   AUC: 0.59667
04/20/2026 11:25:10 - INFO - utils.trainer -   Accuracy: 0.31210
04/20/2026 11:25:10 - INFO - utils.trainer -   Precision: 0.31492
04/20/2026 11:25:10 - INFO - utils.trainer -   Recall: 0.31323
04/20/2026 11:25:10 - INFO - utils.trainer -   F_score: 0.31075
04/20/2026 11:25:10 - INFO - utils.trainer -   Loss: 1.64736
04/20/2026 11:25:10 - INFO - utils.trainer -    Train loss: 0.62923, Test loss: 1.64736,Epoch time = 6.606s
04/20/2026 11:25:17 - INFO - utils.trainer -   ***** Running evaluation on test1 dataset *****
04/20/2026 11:25:18 - INFO - utils.trainer -   AUC: 0.59406
04/20/2026 11:25:18 - INFO - utils.trainer -   Accuracy: 0.34395
04/20/2026 11:25:18 - INFO - utils.trainer -   Precision: 0.34054
04/20/2026 11:25:18 - INFO - utils.trainer -   Recall: 0.34021
04/20/2026 11:25:18 - INFO - utils.trainer -   F_score: 0.33985
04/20/2026 11:25:18 - INFO - utils.trainer -   Loss: 1.59721
04/20/2026 11:25:18 - INFO - utils.trainer -    Train loss: 0.57932, Test loss: 1.59721,Epoch time = 6.668s
04/20/2026 11:25:25 - INFO - utils.trainer -   ***** Running evaluation on test1 dataset *****
04/20/2026 11:25:27 - INFO - utils.trainer -   AUC: 0.59199
04/20/2026 11:25:27 - INFO - utils.trainer -   Accuracy: 0.33121
04/20/2026 11:25:27 - INFO - utils.trainer -   Precision: 0.32925
04/20/2026 11:25:27 - INFO - utils.trainer -   Recall: 0.32938
04/20/2026 11:25:27 - INFO - utils.trainer -   F_score: 0.32918
04/20/2026 11:25:27 - INFO - utils.trainer -   Loss: 1.57248
04/20/2026 11:25:27 - INFO - utils.trainer -    Train loss: 0.64482, Test loss: 1.57248,Epoch time = 7.014s
04/20/2026 11:25:34 - INFO - utils.trainer -   ***** Running evaluation on test1 dataset *****
04/20/2026 11:25:36 - INFO - utils.trainer -   AUC: 0.59575
04/20/2026 11:25:36 - INFO - utils.trainer -   Accuracy: 0.34395
04/20/2026 11:25:36 - INFO - utils.trainer -   Precision: 0.34013
04/20/2026 11:25:36 - INFO - utils.trainer -   Recall: 0.34041
04/20/2026 11:25:36 - INFO - utils.trainer -   F_score: 0.34013
04/20/2026 11:25:36 - INFO - utils.trainer -   Loss: 1.57618
04/20/2026 11:25:36 - INFO - utils.trainer -    Train loss: 0.62294, Test loss: 1.57618,Epoch time = 7.273s
04/20/2026 11:25:42 - INFO - utils.trainer -   ***** Running evaluation on test1 dataset *****
04/20/2026 11:25:44 - INFO - utils.trainer -   AUC: 0.59060
04/20/2026 11:25:44 - INFO - utils.trainer -   Accuracy: 0.33121
04/20/2026 11:25:44 - INFO - utils.trainer -   Precision: 0.32867
04/20/2026 11:25:44 - INFO - utils.trainer -   Recall: 0.32991
04/20/2026 11:25:44 - INFO - utils.trainer -   F_score: 0.32885
04/20/2026 11:25:44 - INFO - utils.trainer -   Loss: 1.65257
04/20/2026 11:25:44 - INFO - utils.trainer -    Train loss: 0.65805, Test loss: 1.65257,Epoch time = 5.879s
04/20/2026 11:25:51 - INFO - utils.trainer -   ***** Running evaluation on test1 dataset *****
04/20/2026 11:25:53 - INFO - utils.trainer -   AUC: 0.59328
04/20/2026 11:25:53 - INFO - utils.trainer -   Accuracy: 0.33758
04/20/2026 11:25:53 - INFO - utils.trainer -   Precision: 0.33472
04/20/2026 11:25:53 - INFO - utils.trainer -   Recall: 0.33635
04/20/2026 11:25:53 - INFO - utils.trainer -   F_score: 0.33471
04/20/2026 11:25:53 - INFO - utils.trainer -   Loss: 1.67229
04/20/2026 11:25:53 - INFO - utils.trainer -    Train loss: 0.64047, Test loss: 1.67229,Epoch time = 7.463s
04/20/2026 11:26:00 - INFO - utils.trainer -   ***** Running evaluation on test1 dataset *****
04/20/2026 11:26:02 - INFO - utils.trainer -   AUC: 0.60465
04/20/2026 11:26:02 - INFO - utils.trainer -   Accuracy: 0.35032
04/20/2026 11:26:02 - INFO - utils.trainer -   Precision: 0.34657
04/20/2026 11:26:02 - INFO - utils.trainer -   Recall: 0.34842
04/20/2026 11:26:02 - INFO - utils.trainer -   F_score: 0.34672
04/20/2026 11:26:02 - INFO - utils.trainer -   Loss: 1.61927
04/20/2026 11:26:02 - INFO - utils.trainer -    Train loss: 0.75780, Test loss: 1.61927,Epoch time = 6.948s
04/20/2026 11:26:08 - INFO - utils.trainer -   ***** Running evaluation on test1 dataset *****
04/20/2026 11:26:10 - INFO - utils.trainer -   AUC: 0.60211
04/20/2026 11:26:10 - INFO - utils.trainer -   Accuracy: 0.35669
04/20/2026 11:26:10 - INFO - utils.trainer -   Precision: 0.35748
04/20/2026 11:26:10 - INFO - utils.trainer -   Recall: 0.35553
04/20/2026 11:26:10 - INFO - utils.trainer -   F_score: 0.35488
04/20/2026 11:26:10 - INFO - utils.trainer -   Loss: 1.61472
04/20/2026 11:26:10 - INFO - utils.trainer -    Train loss: 0.70989, Test loss: 1.61472,Epoch time = 6.590s
04/20/2026 11:26:17 - INFO - utils.trainer -   ***** Running evaluation on test1 dataset *****
04/20/2026 11:26:18 - INFO - utils.trainer -   AUC: 0.60744
04/20/2026 11:26:18 - INFO - utils.trainer -   Accuracy: 0.35032
04/20/2026 11:26:18 - INFO - utils.trainer -   Precision: 0.34991
04/20/2026 11:26:18 - INFO - utils.trainer -   Recall: 0.34878
04/20/2026 11:26:18 - INFO - utils.trainer -   F_score: 0.34863
04/20/2026 11:26:18 - INFO - utils.trainer -   Loss: 1.56065
04/20/2026 11:26:18 - INFO - utils.trainer -    Train loss: 0.62816, Test loss: 1.56065,Epoch time = 6.683s
04/20/2026 11:26:26 - INFO - utils.trainer -   ***** Running evaluation on test1 dataset *****
04/20/2026 11:26:28 - INFO - utils.trainer -   AUC: 0.61116
04/20/2026 11:26:28 - INFO - utils.trainer -   Accuracy: 0.37580
04/20/2026 11:26:28 - INFO - utils.trainer -   Precision: 0.37213
04/20/2026 11:26:28 - INFO - utils.trainer -   Recall: 0.37403
04/20/2026 11:26:28 - INFO - utils.trainer -   F_score: 0.37262
04/20/2026 11:26:28 - INFO - utils.trainer -   Loss: 1.51810
04/20/2026 11:26:28 - INFO - utils.trainer -    Train loss: 0.59545, Test loss: 1.51810,Epoch time = 7.549s
04/20/2026 11:26:34 - INFO - utils.trainer -   ***** Running evaluation on test1 dataset *****
04/20/2026 11:26:36 - INFO - utils.trainer -   AUC: 0.59877
04/20/2026 11:26:36 - INFO - utils.trainer -   Accuracy: 0.35669
04/20/2026 11:26:36 - INFO - utils.trainer -   Precision: 0.35569
04/20/2026 11:26:36 - INFO - utils.trainer -   Recall: 0.35592
04/20/2026 11:26:36 - INFO - utils.trainer -   F_score: 0.35552
04/20/2026 11:26:36 - INFO - utils.trainer -   Loss: 1.54511
04/20/2026 11:26:36 - INFO - utils.trainer -    Train loss: 0.65463, Test loss: 1.54511,Epoch time = 6.104s
04/20/2026 11:26:43 - INFO - utils.trainer -   ***** Running evaluation on test1 dataset *****
04/20/2026 11:26:44 - INFO - utils.trainer -   AUC: 0.60066
04/20/2026 11:26:44 - INFO - utils.trainer -   Accuracy: 0.36306
04/20/2026 11:26:44 - INFO - utils.trainer -   Precision: 0.36111
04/20/2026 11:26:44 - INFO - utils.trainer -   Recall: 0.36194
04/20/2026 11:26:44 - INFO - utils.trainer -   F_score: 0.36045
04/20/2026 11:26:44 - INFO - utils.trainer -   Loss: 1.61526
04/20/2026 11:26:44 - INFO - utils.trainer -    Train loss: 0.75257, Test loss: 1.61526,Epoch time = 7.019s
04/20/2026 11:26:51 - INFO - utils.trainer -   ***** Running evaluation on test1 dataset *****
04/20/2026 11:26:53 - INFO - utils.trainer -   AUC: 0.60695
04/20/2026 11:26:53 - INFO - utils.trainer -   Accuracy: 0.34395
04/20/2026 11:26:53 - INFO - utils.trainer -   Precision: 0.34655
04/20/2026 11:26:53 - INFO - utils.trainer -   Recall: 0.34579
04/20/2026 11:26:53 - INFO - utils.trainer -   F_score: 0.34395
04/20/2026 11:26:53 - INFO - utils.trainer -   Loss: 1.51075
04/20/2026 11:26:53 - INFO - utils.trainer -    Train loss: 0.69556, Test loss: 1.51075,Epoch time = 7.046s
04/20/2026 11:27:00 - INFO - utils.trainer -   ***** Running evaluation on test1 dataset *****
04/20/2026 11:27:02 - INFO - utils.trainer -   AUC: 0.60945
04/20/2026 11:27:02 - INFO - utils.trainer -   Accuracy: 0.36306
04/20/2026 11:27:02 - INFO - utils.trainer -   Precision: 0.36424
04/20/2026 11:27:02 - INFO - utils.trainer -   Recall: 0.36463
04/20/2026 11:27:02 - INFO - utils.trainer -   F_score: 0.36190
04/20/2026 11:27:02 - INFO - utils.trainer -   Loss: 1.54848
04/20/2026 11:27:02 - INFO - utils.trainer -    Train loss: 0.64435, Test loss: 1.54848,Epoch time = 7.010s
04/20/2026 11:27:08 - INFO - utils.trainer -   ***** Running evaluation on test1 dataset *****
04/20/2026 11:27:10 - INFO - utils.trainer -   AUC: 0.61486
04/20/2026 11:27:10 - INFO - utils.trainer -   Accuracy: 0.35032
04/20/2026 11:27:10 - INFO - utils.trainer -   Precision: 0.34875
04/20/2026 11:27:10 - INFO - utils.trainer -   Recall: 0.34895
04/20/2026 11:27:10 - INFO - utils.trainer -   F_score: 0.34779
04/20/2026 11:27:10 - INFO - utils.trainer -   Loss: 1.49872
04/20/2026 11:27:10 - INFO - utils.trainer -    Train loss: 0.60736, Test loss: 1.49872,Epoch time = 6.199s
04/20/2026 11:27:18 - INFO - utils.trainer -   ***** Running evaluation on test1 dataset *****
04/20/2026 11:27:19 - INFO - utils.trainer -   AUC: 0.61427
04/20/2026 11:27:19 - INFO - utils.trainer -   Accuracy: 0.36943
04/20/2026 11:27:19 - INFO - utils.trainer -   Precision: 0.36540
04/20/2026 11:27:19 - INFO - utils.trainer -   Recall: 0.36706
04/20/2026 11:27:19 - INFO - utils.trainer -   F_score: 0.36503
04/20/2026 11:27:19 - INFO - utils.trainer -   Loss: 1.50170
04/20/2026 11:27:19 - INFO - utils.trainer -    Train loss: 0.73030, Test loss: 1.50170,Epoch time = 7.565s
04/20/2026 11:27:26 - INFO - utils.trainer -   ***** Running evaluation on test1 dataset *****
04/20/2026 11:27:28 - INFO - utils.trainer -   AUC: 0.62591
04/20/2026 11:27:28 - INFO - utils.trainer -   Accuracy: 0.34395
04/20/2026 11:27:28 - INFO - utils.trainer -   Precision: 0.34076
04/20/2026 11:27:28 - INFO - utils.trainer -   Recall: 0.34128
04/20/2026 11:27:28 - INFO - utils.trainer -   F_score: 0.33997
04/20/2026 11:27:28 - INFO - utils.trainer -   Loss: 1.44131
04/20/2026 11:27:28 - INFO - utils.trainer -    Train loss: 0.69168, Test loss: 1.44131,Epoch time = 6.517s
04/20/2026 11:27:34 - INFO - utils.trainer -   ***** Running evaluation on test1 dataset *****
04/20/2026 11:27:36 - INFO - utils.trainer -   AUC: 0.60690
04/20/2026 11:27:36 - INFO - utils.trainer -   Accuracy: 0.35032
04/20/2026 11:27:36 - INFO - utils.trainer -   Precision: 0.34841
04/20/2026 11:27:36 - INFO - utils.trainer -   Recall: 0.34895
04/20/2026 11:27:36 - INFO - utils.trainer -   F_score: 0.34767
04/20/2026 11:27:36 - INFO - utils.trainer -   Loss: 1.56761
04/20/2026 11:27:36 - INFO - utils.trainer -    Train loss: 0.74304, Test loss: 1.56761,Epoch time = 6.485s
04/20/2026 11:27:42 - INFO - utils.trainer -   ***** Running evaluation on test1 dataset *****
04/20/2026 11:27:44 - INFO - utils.trainer -   AUC: 0.59948
04/20/2026 11:27:44 - INFO - utils.trainer -   Accuracy: 0.32484
04/20/2026 11:27:44 - INFO - utils.trainer -   Precision: 0.32225
04/20/2026 11:27:44 - INFO - utils.trainer -   Recall: 0.32333
04/20/2026 11:27:44 - INFO - utils.trainer -   F_score: 0.32228
04/20/2026 11:27:44 - INFO - utils.trainer -   Loss: 1.56118
04/20/2026 11:27:44 - INFO - utils.trainer -    Train loss: 0.75487, Test loss: 1.56118,Epoch time = 6.596s
04/20/2026 11:27:51 - INFO - utils.trainer -   ***** Running evaluation on test1 dataset *****
04/20/2026 11:27:53 - INFO - utils.trainer -   AUC: 0.60562
04/20/2026 11:27:53 - INFO - utils.trainer -   Accuracy: 0.37580
04/20/2026 11:27:53 - INFO - utils.trainer -   Precision: 0.37556
04/20/2026 11:27:53 - INFO - utils.trainer -   Recall: 0.37457
04/20/2026 11:27:53 - INFO - utils.trainer -   F_score: 0.37440
04/20/2026 11:27:53 - INFO - utils.trainer -   Loss: 1.52774
04/20/2026 11:27:53 - INFO - utils.trainer -    Train loss: 0.73440, Test loss: 1.52774,Epoch time = 7.022s
04/20/2026 11:27:58 - INFO - utils.trainer -   ***** Running evaluation on test1 dataset *****
04/20/2026 11:28:00 - INFO - utils.trainer -   AUC: 0.61879
04/20/2026 11:28:00 - INFO - utils.trainer -   Accuracy: 0.36943
04/20/2026 11:28:00 - INFO - utils.trainer -   Precision: 0.36577
04/20/2026 11:28:00 - INFO - utils.trainer -   Recall: 0.36602
04/20/2026 11:28:00 - INFO - utils.trainer -   F_score: 0.36544
04/20/2026 11:28:00 - INFO - utils.trainer -   Loss: 1.48507
04/20/2026 11:28:00 - INFO - utils.trainer -    Train loss: 0.53725, Test loss: 1.48507,Epoch time = 5.447s
04/20/2026 11:28:08 - INFO - utils.trainer -   ***** Running evaluation on test1 dataset *****
04/20/2026 11:28:09 - INFO - utils.trainer -   AUC: 0.60974
04/20/2026 11:28:09 - INFO - utils.trainer -   Accuracy: 0.36306
04/20/2026 11:28:09 - INFO - utils.trainer -   Precision: 0.36284
04/20/2026 11:28:09 - INFO - utils.trainer -   Recall: 0.36230
04/20/2026 11:28:09 - INFO - utils.trainer -   F_score: 0.36194
04/20/2026 11:28:09 - INFO - utils.trainer -   Loss: 1.53054
04/20/2026 11:28:09 - INFO - utils.trainer -    Train loss: 0.68546, Test loss: 1.53054,Epoch time = 7.417s
04/20/2026 11:28:15 - INFO - utils.trainer -   ***** Running evaluation on test1 dataset *****
04/20/2026 11:28:17 - INFO - utils.trainer -   AUC: 0.60686
04/20/2026 11:28:17 - INFO - utils.trainer -   Accuracy: 0.36943
04/20/2026 11:28:17 - INFO - utils.trainer -   Precision: 0.36701
04/20/2026 11:28:17 - INFO - utils.trainer -   Recall: 0.36745
04/20/2026 11:28:17 - INFO - utils.trainer -   F_score: 0.36684
04/20/2026 11:28:17 - INFO - utils.trainer -   Loss: 1.56008
04/20/2026 11:28:17 - INFO - utils.trainer -    Train loss: 0.77941, Test loss: 1.56008,Epoch time = 5.450s
04/20/2026 11:28:24 - INFO - utils.trainer -   ***** Running evaluation on test1 dataset *****
04/20/2026 11:28:26 - INFO - utils.trainer -   AUC: 0.60370
04/20/2026 11:28:26 - INFO - utils.trainer -   Accuracy: 0.34395
04/20/2026 11:28:26 - INFO - utils.trainer -   Precision: 0.34355
04/20/2026 11:28:26 - INFO - utils.trainer -   Recall: 0.34400
04/20/2026 11:28:26 - INFO - utils.trainer -   F_score: 0.34294
04/20/2026 11:28:26 - INFO - utils.trainer -   Loss: 1.55538
04/20/2026 11:28:26 - INFO - utils.trainer -    Train loss: 0.73586, Test loss: 1.55538,Epoch time = 7.225s
04/20/2026 11:28:32 - INFO - utils.trainer -   ***** Running evaluation on test1 dataset *****
04/20/2026 11:28:34 - INFO - utils.trainer -   AUC: 0.61564
04/20/2026 11:28:34 - INFO - utils.trainer -   Accuracy: 0.35669
04/20/2026 11:28:34 - INFO - utils.trainer -   Precision: 0.35628
04/20/2026 11:28:34 - INFO - utils.trainer -   Recall: 0.35553
04/20/2026 11:28:34 - INFO - utils.trainer -   F_score: 0.35460
04/20/2026 11:28:34 - INFO - utils.trainer -   Loss: 1.46396
04/20/2026 11:28:34 - INFO - utils.trainer -    Train loss: 0.66828, Test loss: 1.46396,Epoch time = 6.614s
04/20/2026 11:28:41 - INFO - utils.trainer -   ***** Running evaluation on test1 dataset *****
04/20/2026 11:28:43 - INFO - utils.trainer -   AUC: 0.61347
04/20/2026 11:28:43 - INFO - utils.trainer -   Accuracy: 0.36943
04/20/2026 11:28:43 - INFO - utils.trainer -   Precision: 0.36899
04/20/2026 11:28:43 - INFO - utils.trainer -   Recall: 0.36726
04/20/2026 11:28:43 - INFO - utils.trainer -   F_score: 0.36742
04/20/2026 11:28:43 - INFO - utils.trainer -   Loss: 1.53027
04/20/2026 11:28:43 - INFO - utils.trainer -    Train loss: 0.70761, Test loss: 1.53027,Epoch time = 6.962s
04/20/2026 11:28:49 - INFO - utils.trainer -   ***** Running evaluation on test1 dataset *****
04/20/2026 11:28:51 - INFO - utils.trainer -   AUC: 0.60727
04/20/2026 11:28:51 - INFO - utils.trainer -   Accuracy: 0.35669
04/20/2026 11:28:51 - INFO - utils.trainer -   Precision: 0.35444
04/20/2026 11:28:51 - INFO - utils.trainer -   Recall: 0.35483
04/20/2026 11:28:51 - INFO - utils.trainer -   F_score: 0.35440
04/20/2026 11:28:51 - INFO - utils.trainer -   Loss: 1.52244
04/20/2026 11:28:51 - INFO - utils.trainer -    Train loss: 0.73222, Test loss: 1.52244,Epoch time = 6.053s
04/20/2026 11:28:58 - INFO - utils.trainer -   ***** Running evaluation on test1 dataset *****
04/20/2026 11:29:00 - INFO - utils.trainer -   AUC: 0.61757
04/20/2026 11:29:00 - INFO - utils.trainer -   Accuracy: 0.36306
04/20/2026 11:29:00 - INFO - utils.trainer -   Precision: 0.36280
04/20/2026 11:29:00 - INFO - utils.trainer -   Recall: 0.36267
04/20/2026 11:29:00 - INFO - utils.trainer -   F_score: 0.36196
04/20/2026 11:29:00 - INFO - utils.trainer -   Loss: 1.47411
04/20/2026 11:29:00 - INFO - utils.trainer -    Train loss: 0.65427, Test loss: 1.47411,Epoch time = 7.563s
04/20/2026 11:29:05 - INFO - utils.trainer -   ***** Running evaluation on test1 dataset *****
04/20/2026 11:29:07 - INFO - utils.trainer -   AUC: 0.60186
04/20/2026 11:29:07 - INFO - utils.trainer -   Accuracy: 0.36306
04/20/2026 11:29:07 - INFO - utils.trainer -   Precision: 0.36107
04/20/2026 11:29:07 - INFO - utils.trainer -   Recall: 0.36087
04/20/2026 11:29:07 - INFO - utils.trainer -   F_score: 0.36089
04/20/2026 11:29:07 - INFO - utils.trainer -   Loss: 1.55833
04/20/2026 11:29:07 - INFO - utils.trainer -    Train loss: 0.64428, Test loss: 1.55833,Epoch time = 5.455s
04/20/2026 11:29:14 - INFO - utils.trainer -   ***** Running evaluation on test1 dataset *****
04/20/2026 11:29:16 - INFO - utils.trainer -   AUC: 0.61459
04/20/2026 11:29:16 - INFO - utils.trainer -   Accuracy: 0.38854
04/20/2026 11:29:16 - INFO - utils.trainer -   Precision: 0.38805
04/20/2026 11:29:16 - INFO - utils.trainer -   Recall: 0.38865
04/20/2026 11:29:16 - INFO - utils.trainer -   F_score: 0.38815
04/20/2026 11:29:16 - INFO - utils.trainer -   Loss: 1.53086
04/20/2026 11:29:16 - INFO - utils.trainer -    Train loss: 0.55589, Test loss: 1.53086,Epoch time = 7.064s
04/20/2026 11:29:22 - INFO - utils.trainer -   ***** Running evaluation on test1 dataset *****
04/20/2026 11:29:23 - INFO - utils.trainer -   AUC: 0.61172
04/20/2026 11:29:23 - INFO - utils.trainer -   Accuracy: 0.38217
04/20/2026 11:29:23 - INFO - utils.trainer -   Precision: 0.38135
04/20/2026 11:29:23 - INFO - utils.trainer -   Recall: 0.38224
04/20/2026 11:29:23 - INFO - utils.trainer -   F_score: 0.38145
04/20/2026 11:29:23 - INFO - utils.trainer -   Loss: 1.52714
04/20/2026 11:29:23 - INFO - utils.trainer -    Train loss: 0.75742, Test loss: 1.52714,Epoch time = 5.973s
04/20/2026 11:29:30 - INFO - utils.trainer -   ***** Running evaluation on test1 dataset *****
04/20/2026 11:29:32 - INFO - utils.trainer -   AUC: 0.60910
04/20/2026 11:29:32 - INFO - utils.trainer -   Accuracy: 0.38217
04/20/2026 11:29:32 - INFO - utils.trainer -   Precision: 0.38030
04/20/2026 11:29:32 - INFO - utils.trainer -   Recall: 0.38044
04/20/2026 11:29:32 - INFO - utils.trainer -   F_score: 0.38028
04/20/2026 11:29:32 - INFO - utils.trainer -   Loss: 1.53210
04/20/2026 11:29:32 - INFO - utils.trainer -    Train loss: 0.61095, Test loss: 1.53210,Epoch time = 6.795s
04/20/2026 11:29:39 - INFO - utils.trainer -   ***** Running evaluation on test1 dataset *****
04/20/2026 11:29:40 - INFO - utils.trainer -   AUC: 0.60833
04/20/2026 11:29:40 - INFO - utils.trainer -   Accuracy: 0.35669
04/20/2026 11:29:40 - INFO - utils.trainer -   Precision: 0.35430
04/20/2026 11:29:40 - INFO - utils.trainer -   Recall: 0.35463
04/20/2026 11:29:40 - INFO - utils.trainer -   F_score: 0.35402
04/20/2026 11:29:40 - INFO - utils.trainer -   Loss: 1.56593
04/20/2026 11:29:40 - INFO - utils.trainer -    Train loss: 0.74167, Test loss: 1.56593,Epoch time = 6.794s
04/20/2026 11:29:48 - INFO - utils.trainer -   ***** Running evaluation on test1 dataset *****
04/20/2026 11:29:49 - INFO - utils.trainer -   AUC: 0.61495
04/20/2026 11:29:49 - INFO - utils.trainer -   Accuracy: 0.38854
04/20/2026 11:29:49 - INFO - utils.trainer -   Precision: 0.38680
04/20/2026 11:29:49 - INFO - utils.trainer -   Recall: 0.38811
04/20/2026 11:29:49 - INFO - utils.trainer -   F_score: 0.38695
04/20/2026 11:29:49 - INFO - utils.trainer -   Loss: 1.56810
04/20/2026 11:29:49 - INFO - utils.trainer -    Train loss: 0.71153, Test loss: 1.56810,Epoch time = 7.229s
04/20/2026 11:29:56 - INFO - utils.trainer -   ***** Running evaluation on test1 dataset *****
04/20/2026 11:29:58 - INFO - utils.trainer -   AUC: 0.61235
04/20/2026 11:29:58 - INFO - utils.trainer -   Accuracy: 0.36306
04/20/2026 11:29:58 - INFO - utils.trainer -   Precision: 0.36151
04/20/2026 11:29:58 - INFO - utils.trainer -   Recall: 0.36393
04/20/2026 11:29:58 - INFO - utils.trainer -   F_score: 0.36164
04/20/2026 11:29:58 - INFO - utils.trainer -   Loss: 1.55945
04/20/2026 11:29:58 - INFO - utils.trainer -    Train loss: 0.73472, Test loss: 1.55945,Epoch time = 7.260s
04/20/2026 11:30:04 - INFO - utils.trainer -   ***** Running evaluation on test1 dataset *****
04/20/2026 11:30:06 - INFO - utils.trainer -   AUC: 0.60799
04/20/2026 11:30:06 - INFO - utils.trainer -   Accuracy: 0.35669
04/20/2026 11:30:06 - INFO - utils.trainer -   Precision: 0.35168
04/20/2026 11:30:06 - INFO - utils.trainer -   Recall: 0.35286
04/20/2026 11:30:06 - INFO - utils.trainer -   F_score: 0.35185
04/20/2026 11:30:06 - INFO - utils.trainer -   Loss: 1.52325
04/20/2026 11:30:06 - INFO - utils.trainer -    Train loss: 0.62747, Test loss: 1.52325,Epoch time = 6.289s
04/20/2026 11:30:13 - INFO - utils.trainer -   ***** Running evaluation on test1 dataset *****
04/20/2026 11:30:15 - INFO - utils.trainer -   AUC: 0.59510
04/20/2026 11:30:15 - INFO - utils.trainer -   Accuracy: 0.34395
04/20/2026 11:30:15 - INFO - utils.trainer -   Precision: 0.34211
04/20/2026 11:30:15 - INFO - utils.trainer -   Recall: 0.34273
04/20/2026 11:30:15 - INFO - utils.trainer -   F_score: 0.34198
04/20/2026 11:30:15 - INFO - utils.trainer -   Loss: 1.60036
04/20/2026 11:30:15 - INFO - utils.trainer -    Train loss: 0.76387, Test loss: 1.60036,Epoch time = 7.309s
04/20/2026 11:30:22 - INFO - utils.trainer -   ***** Running evaluation on test1 dataset *****
04/20/2026 11:30:24 - INFO - utils.trainer -   AUC: 0.60805
04/20/2026 11:30:24 - INFO - utils.trainer -   Accuracy: 0.36306
04/20/2026 11:30:24 - INFO - utils.trainer -   Precision: 0.36195
04/20/2026 11:30:24 - INFO - utils.trainer -   Recall: 0.36121
04/20/2026 11:30:24 - INFO - utils.trainer -   F_score: 0.36048
04/20/2026 11:30:24 - INFO - utils.trainer -   Loss: 1.59671
04/20/2026 11:30:24 - INFO - utils.trainer -    Train loss: 0.70233, Test loss: 1.59671,Epoch time = 6.904s
04/20/2026 11:30:30 - INFO - utils.trainer -   ***** Running evaluation on test1 dataset *****
04/20/2026 11:30:32 - INFO - utils.trainer -   AUC: 0.60884
04/20/2026 11:30:32 - INFO - utils.trainer -   Accuracy: 0.36943
04/20/2026 11:30:32 - INFO - utils.trainer -   Precision: 0.36634
04/20/2026 11:30:32 - INFO - utils.trainer -   Recall: 0.36636
04/20/2026 11:30:32 - INFO - utils.trainer -   F_score: 0.36602
04/20/2026 11:30:32 - INFO - utils.trainer -   Loss: 1.59949
04/20/2026 11:30:32 - INFO - utils.trainer -    Train loss: 0.67983, Test loss: 1.59949,Epoch time = 6.721s
04/20/2026 11:30:39 - INFO - utils.trainer -   ***** Running evaluation on test1 dataset *****
04/20/2026 11:30:40 - INFO - utils.trainer -   AUC: 0.61487
04/20/2026 11:30:40 - INFO - utils.trainer -   Accuracy: 0.36943
04/20/2026 11:30:40 - INFO - utils.trainer -   Precision: 0.36882
04/20/2026 11:30:40 - INFO - utils.trainer -   Recall: 0.36888
04/20/2026 11:30:40 - INFO - utils.trainer -   F_score: 0.36765
04/20/2026 11:30:40 - INFO - utils.trainer -   Loss: 1.52968
04/20/2026 11:30:40 - INFO - utils.trainer -    Train loss: 0.66831, Test loss: 1.52968,Epoch time = 6.380s
04/20/2026 11:30:48 - INFO - utils.trainer -   ***** Running evaluation on test1 dataset *****
04/20/2026 11:30:50 - INFO - utils.trainer -   AUC: 0.60361
04/20/2026 11:30:50 - INFO - utils.trainer -   Accuracy: 0.35032
04/20/2026 11:30:50 - INFO - utils.trainer -   Precision: 0.34776
04/20/2026 11:30:50 - INFO - utils.trainer -   Recall: 0.35002
04/20/2026 11:30:50 - INFO - utils.trainer -   F_score: 0.34747
04/20/2026 11:30:50 - INFO - utils.trainer -   Loss: 1.65751
04/20/2026 11:30:50 - INFO - utils.trainer -    Train loss: 0.69541, Test loss: 1.65751,Epoch time = 7.500s
04/20/2026 11:30:55 - INFO - utils.trainer -   ***** Running evaluation on test1 dataset *****
04/20/2026 11:30:57 - INFO - utils.trainer -   AUC: 0.61336
04/20/2026 11:30:57 - INFO - utils.trainer -   Accuracy: 0.37580
04/20/2026 11:30:57 - INFO - utils.trainer -   Precision: 0.37432
04/20/2026 11:30:57 - INFO - utils.trainer -   Recall: 0.37546
04/20/2026 11:30:57 - INFO - utils.trainer -   F_score: 0.37361
04/20/2026 11:30:57 - INFO - utils.trainer -   Loss: 1.54877
04/20/2026 11:30:57 - INFO - utils.trainer -    Train loss: 0.70019, Test loss: 1.54877,Epoch time = 5.172s
04/20/2026 11:31:04 - INFO - utils.trainer -   ***** Running evaluation on test1 dataset *****
04/20/2026 11:31:06 - INFO - utils.trainer -   AUC: 0.59394
04/20/2026 11:31:06 - INFO - utils.trainer -   Accuracy: 0.34395
04/20/2026 11:31:06 - INFO - utils.trainer -   Precision: 0.33993
04/20/2026 11:31:06 - INFO - utils.trainer -   Recall: 0.34057
04/20/2026 11:31:06 - INFO - utils.trainer -   F_score: 0.34010
04/20/2026 11:31:06 - INFO - utils.trainer -   Loss: 1.61381
04/20/2026 11:31:06 - INFO - utils.trainer -    Train loss: 0.73610, Test loss: 1.61381,Epoch time = 7.277s
04/20/2026 11:31:12 - INFO - utils.trainer -   ***** Running evaluation on test1 dataset *****
04/20/2026 11:31:14 - INFO - utils.trainer -   AUC: 0.62553
04/20/2026 11:31:14 - INFO - utils.trainer -   Accuracy: 0.36306
04/20/2026 11:31:14 - INFO - utils.trainer -   Precision: 0.36207
04/20/2026 11:31:14 - INFO - utils.trainer -   Recall: 0.36104
04/20/2026 11:31:14 - INFO - utils.trainer -   F_score: 0.36099
04/20/2026 11:31:14 - INFO - utils.trainer -   Loss: 1.49177
04/20/2026 11:31:14 - INFO - utils.trainer -    Train loss: 0.68946, Test loss: 1.49177,Epoch time = 6.035s
04/20/2026 11:31:20 - INFO - utils.trainer -   ***** Running evaluation on test1 dataset *****
04/20/2026 11:31:22 - INFO - utils.trainer -   AUC: 0.60454
04/20/2026 11:31:22 - INFO - utils.trainer -   Accuracy: 0.36943
04/20/2026 11:31:22 - INFO - utils.trainer -   Precision: 0.36967
04/20/2026 11:31:22 - INFO - utils.trainer -   Recall: 0.36891
04/20/2026 11:31:22 - INFO - utils.trainer -   F_score: 0.36870
04/20/2026 11:31:22 - INFO - utils.trainer -   Loss: 1.55763
04/20/2026 11:31:22 - INFO - utils.trainer -    Train loss: 0.65329, Test loss: 1.55763,Epoch time = 6.635s
04/20/2026 11:31:26 - INFO - __main__ -   ########## Repeat:2 ##########
04/20/2026 11:31:26 - INFO - utils.trainer -   ***** Running training *****
04/20/2026 11:31:26 - INFO - utils.trainer -     Num examples = 19
04/20/2026 11:31:26 - INFO - utils.trainer -     Num Epochs = 200
04/20/2026 11:31:26 - INFO - utils.trainer -     Total train batch size = 16
04/20/2026 11:31:26 - INFO - utils.trainer -     warmup steps = 400
04/20/2026 11:31:26 - INFO - utils.trainer -     Total optimization steps = 3800
04/20/2026 11:31:26 - INFO - utils.trainer -     Save steps = 200
04/20/2026 11:31:26 - INFO - root -   Parameters [normal] length [38]
04/20/2026 11:31:33 - INFO - utils.trainer -   ***** Running evaluation on test2 dataset *****
04/20/2026 11:31:35 - INFO - utils.trainer -   AUC: 0.52966
04/20/2026 11:31:35 - INFO - utils.trainer -   Accuracy: 0.28205
04/20/2026 11:31:35 - INFO - utils.trainer -   Precision: 0.07051
04/20/2026 11:31:35 - INFO - utils.trainer -   Recall: 0.25000
04/20/2026 11:31:35 - INFO - utils.trainer -   F_score: 0.11000
04/20/2026 11:31:35 - INFO - utils.trainer -   Loss: 1.38301
04/20/2026 11:31:35 - INFO - utils.trainer -    Train loss: 1.41070, Test loss: 1.38301,Epoch time = 6.443s
04/20/2026 11:31:35 - INFO - utils.trainer -   Saving model checkpoint to output_dir/FBNetGen
04/20/2026 11:31:42 - INFO - utils.trainer -   ***** Running evaluation on test2 dataset *****
04/20/2026 11:31:43 - INFO - utils.trainer -   AUC: 0.54701
04/20/2026 11:31:43 - INFO - utils.trainer -   Accuracy: 0.28205
04/20/2026 11:31:43 - INFO - utils.trainer -   Precision: 0.07051
04/20/2026 11:31:43 - INFO - utils.trainer -   Recall: 0.25000
04/20/2026 11:31:43 - INFO - utils.trainer -   F_score: 0.11000
04/20/2026 11:31:43 - INFO - utils.trainer -   Loss: 1.38321
04/20/2026 11:31:43 - INFO - utils.trainer -    Train loss: 1.38831, Test loss: 1.38321,Epoch time = 7.063s
04/20/2026 11:31:43 - INFO - utils.trainer -   Saving model checkpoint to output_dir/FBNetGen
04/20/2026 11:31:51 - INFO - utils.trainer -   ***** Running evaluation on test2 dataset *****
04/20/2026 11:31:52 - INFO - utils.trainer -   AUC: 0.56684
04/20/2026 11:31:52 - INFO - utils.trainer -   Accuracy: 0.25641
04/20/2026 11:31:52 - INFO - utils.trainer -   Precision: 0.24245
04/20/2026 11:31:52 - INFO - utils.trainer -   Recall: 0.26297
04/20/2026 11:31:52 - INFO - utils.trainer -   F_score: 0.14774
04/20/2026 11:31:52 - INFO - utils.trainer -   Loss: 1.38901
04/20/2026 11:31:52 - INFO - utils.trainer -    Train loss: 1.37757, Test loss: 1.38901,Epoch time = 7.341s
04/20/2026 11:31:59 - INFO - utils.trainer -   ***** Running evaluation on test2 dataset *****
04/20/2026 11:32:01 - INFO - utils.trainer -   AUC: 0.49817
04/20/2026 11:32:01 - INFO - utils.trainer -   Accuracy: 0.25000
04/20/2026 11:32:01 - INFO - utils.trainer -   Precision: 0.17985
04/20/2026 11:32:01 - INFO - utils.trainer -   Recall: 0.22912
04/20/2026 11:32:01 - INFO - utils.trainer -   F_score: 0.15631
04/20/2026 11:32:01 - INFO - utils.trainer -   Loss: 2.85586
04/20/2026 11:32:01 - INFO - utils.trainer -    Train loss: 1.36988, Test loss: 2.85586,Epoch time = 6.897s
04/20/2026 11:32:07 - INFO - utils.trainer -   ***** Running evaluation on test2 dataset *****
04/20/2026 11:32:08 - INFO - utils.trainer -   AUC: 0.60726
04/20/2026 11:32:08 - INFO - utils.trainer -   Accuracy: 0.33333
04/20/2026 11:32:08 - INFO - utils.trainer -   Precision: 0.43507
04/20/2026 11:32:08 - INFO - utils.trainer -   Recall: 0.31678
04/20/2026 11:32:08 - INFO - utils.trainer -   F_score: 0.29014
04/20/2026 11:32:08 - INFO - utils.trainer -   Loss: 2.15476
04/20/2026 11:32:08 - INFO - utils.trainer -    Train loss: 1.37376, Test loss: 2.15476,Epoch time = 5.794s
04/20/2026 11:32:08 - INFO - utils.trainer -   Saving model checkpoint to output_dir/FBNetGen
04/20/2026 11:32:16 - INFO - utils.trainer -   ***** Running evaluation on test2 dataset *****
04/20/2026 11:32:17 - INFO - utils.trainer -   AUC: 0.54926
04/20/2026 11:32:17 - INFO - utils.trainer -   Accuracy: 0.28205
04/20/2026 11:32:17 - INFO - utils.trainer -   Precision: 0.29148
04/20/2026 11:32:17 - INFO - utils.trainer -   Recall: 0.28891
04/20/2026 11:32:17 - INFO - utils.trainer -   F_score: 0.26275
04/20/2026 11:32:17 - INFO - utils.trainer -   Loss: 2.60087
04/20/2026 11:32:17 - INFO - utils.trainer -    Train loss: 1.34437, Test loss: 2.60087,Epoch time = 7.443s
04/20/2026 11:32:23 - INFO - utils.trainer -   ***** Running evaluation on test2 dataset *****
04/20/2026 11:32:25 - INFO - utils.trainer -   AUC: 0.50971
04/20/2026 11:32:25 - INFO - utils.trainer -   Accuracy: 0.26282
04/20/2026 11:32:25 - INFO - utils.trainer -   Precision: 0.21907
04/20/2026 11:32:25 - INFO - utils.trainer -   Recall: 0.24084
04/20/2026 11:32:25 - INFO - utils.trainer -   F_score: 0.18189
04/20/2026 11:32:25 - INFO - utils.trainer -   Loss: 1.97857
04/20/2026 11:32:25 - INFO - utils.trainer -    Train loss: 1.29470, Test loss: 1.97857,Epoch time = 5.526s
04/20/2026 11:32:32 - INFO - utils.trainer -   ***** Running evaluation on test2 dataset *****
04/20/2026 11:32:34 - INFO - utils.trainer -   AUC: 0.56026
04/20/2026 11:32:34 - INFO - utils.trainer -   Accuracy: 0.32051
04/20/2026 11:32:34 - INFO - utils.trainer -   Precision: 0.32063
04/20/2026 11:32:34 - INFO - utils.trainer -   Recall: 0.30506
04/20/2026 11:32:34 - INFO - utils.trainer -   F_score: 0.28418
04/20/2026 11:32:34 - INFO - utils.trainer -   Loss: 1.73474
04/20/2026 11:32:34 - INFO - utils.trainer -    Train loss: 1.25686, Test loss: 1.73474,Epoch time = 7.137s
04/20/2026 11:32:41 - INFO - utils.trainer -   ***** Running evaluation on test2 dataset *****
04/20/2026 11:32:42 - INFO - utils.trainer -   AUC: 0.53314
04/20/2026 11:32:42 - INFO - utils.trainer -   Accuracy: 0.27564
04/20/2026 11:32:42 - INFO - utils.trainer -   Precision: 0.26338
04/20/2026 11:32:42 - INFO - utils.trainer -   Recall: 0.25615
04/20/2026 11:32:42 - INFO - utils.trainer -   F_score: 0.21029
04/20/2026 11:32:42 - INFO - utils.trainer -   Loss: 1.53578
04/20/2026 11:32:42 - INFO - utils.trainer -    Train loss: 1.26274, Test loss: 1.53578,Epoch time = 6.809s
04/20/2026 11:32:50 - INFO - utils.trainer -   ***** Running evaluation on test2 dataset *****
04/20/2026 11:32:52 - INFO - utils.trainer -   AUC: 0.51282
04/20/2026 11:32:52 - INFO - utils.trainer -   Accuracy: 0.28205
04/20/2026 11:32:52 - INFO - utils.trainer -   Precision: 0.24425
04/20/2026 11:32:52 - INFO - utils.trainer -   Recall: 0.26094
04/20/2026 11:32:52 - INFO - utils.trainer -   F_score: 0.20980
04/20/2026 11:32:52 - INFO - utils.trainer -   Loss: 1.71131
04/20/2026 11:32:52 - INFO - utils.trainer -    Train loss: 1.23203, Test loss: 1.71131,Epoch time = 7.780s
04/20/2026 11:32:57 - INFO - utils.trainer -   ***** Running evaluation on test2 dataset *****
04/20/2026 11:32:59 - INFO - utils.trainer -   AUC: 0.54832
04/20/2026 11:32:59 - INFO - utils.trainer -   Accuracy: 0.27564
04/20/2026 11:32:59 - INFO - utils.trainer -   Precision: 0.28880
04/20/2026 11:32:59 - INFO - utils.trainer -   Recall: 0.27947
04/20/2026 11:32:59 - INFO - utils.trainer -   F_score: 0.23944
04/20/2026 11:32:59 - INFO - utils.trainer -   Loss: 2.06135
04/20/2026 11:32:59 - INFO - utils.trainer -    Train loss: 1.22290, Test loss: 2.06135,Epoch time = 5.598s
04/20/2026 11:33:07 - INFO - utils.trainer -   ***** Running evaluation on test2 dataset *****
04/20/2026 11:33:09 - INFO - utils.trainer -   AUC: 0.52734
04/20/2026 11:33:09 - INFO - utils.trainer -   Accuracy: 0.30769
04/20/2026 11:33:09 - INFO - utils.trainer -   Precision: 0.31187
04/20/2026 11:33:09 - INFO - utils.trainer -   Recall: 0.29119
04/20/2026 11:33:09 - INFO - utils.trainer -   F_score: 0.26319
04/20/2026 11:33:09 - INFO - utils.trainer -   Loss: 2.29325
04/20/2026 11:33:09 - INFO - utils.trainer -    Train loss: 1.21298, Test loss: 2.29325,Epoch time = 7.665s
04/20/2026 11:33:16 - INFO - utils.trainer -   ***** Running evaluation on test2 dataset *****
04/20/2026 11:33:17 - INFO - utils.trainer -   AUC: 0.53798
04/20/2026 11:33:17 - INFO - utils.trainer -   Accuracy: 0.26923
04/20/2026 11:33:17 - INFO - utils.trainer -   Precision: 0.16812
04/20/2026 11:33:17 - INFO - utils.trainer -   Recall: 0.24168
04/20/2026 11:33:17 - INFO - utils.trainer -   F_score: 0.14148
04/20/2026 11:33:17 - INFO - utils.trainer -   Loss: 1.65222
04/20/2026 11:33:17 - INFO - utils.trainer -    Train loss: 1.22563, Test loss: 1.65222,Epoch time = 7.048s
04/20/2026 11:33:24 - INFO - utils.trainer -   ***** Running evaluation on test2 dataset *****
04/20/2026 11:33:26 - INFO - utils.trainer -   AUC: 0.45101
04/20/2026 11:33:26 - INFO - utils.trainer -   Accuracy: 0.25641
04/20/2026 11:33:26 - INFO - utils.trainer -   Precision: 0.21883
04/20/2026 11:33:26 - INFO - utils.trainer -   Recall: 0.24251
04/20/2026 11:33:26 - INFO - utils.trainer -   F_score: 0.21693
04/20/2026 11:33:26 - INFO - utils.trainer -   Loss: 2.33456
04/20/2026 11:33:26 - INFO - utils.trainer -    Train loss: 1.20041, Test loss: 2.33456,Epoch time = 6.837s
04/20/2026 11:33:32 - INFO - utils.trainer -   ***** Running evaluation on test2 dataset *****
04/20/2026 11:33:34 - INFO - utils.trainer -   AUC: 0.49504
04/20/2026 11:33:34 - INFO - utils.trainer -   Accuracy: 0.26923
04/20/2026 11:33:34 - INFO - utils.trainer -   Precision: 0.23551
04/20/2026 11:33:34 - INFO - utils.trainer -   Recall: 0.25297
04/20/2026 11:33:34 - INFO - utils.trainer -   F_score: 0.21862
04/20/2026 11:33:34 - INFO - utils.trainer -   Loss: 2.56650
04/20/2026 11:33:34 - INFO - utils.trainer -    Train loss: 1.15305, Test loss: 2.56650,Epoch time = 6.268s
04/20/2026 11:33:42 - INFO - utils.trainer -   ***** Running evaluation on test2 dataset *****
04/20/2026 11:33:44 - INFO - utils.trainer -   AUC: 0.47521
04/20/2026 11:33:44 - INFO - utils.trainer -   Accuracy: 0.26923
04/20/2026 11:33:44 - INFO - utils.trainer -   Precision: 0.23879
04/20/2026 11:33:44 - INFO - utils.trainer -   Recall: 0.25835
04/20/2026 11:33:44 - INFO - utils.trainer -   F_score: 0.23940
04/20/2026 11:33:44 - INFO - utils.trainer -   Loss: 2.75798
04/20/2026 11:33:44 - INFO - utils.trainer -    Train loss: 1.08822, Test loss: 2.75798,Epoch time = 7.535s
04/20/2026 11:33:49 - INFO - utils.trainer -   ***** Running evaluation on test2 dataset *****
04/20/2026 11:33:51 - INFO - utils.trainer -   AUC: 0.48907
04/20/2026 11:33:51 - INFO - utils.trainer -   Accuracy: 0.26923
04/20/2026 11:33:51 - INFO - utils.trainer -   Precision: 0.24967
04/20/2026 11:33:51 - INFO - utils.trainer -   Recall: 0.25835
04/20/2026 11:33:51 - INFO - utils.trainer -   F_score: 0.24118
04/20/2026 11:33:51 - INFO - utils.trainer -   Loss: 2.59969
04/20/2026 11:33:51 - INFO - utils.trainer -    Train loss: 1.17304, Test loss: 2.59969,Epoch time = 5.651s
04/20/2026 11:33:58 - INFO - utils.trainer -   ***** Running evaluation on test2 dataset *****
04/20/2026 11:34:00 - INFO - utils.trainer -   AUC: 0.46688
04/20/2026 11:34:00 - INFO - utils.trainer -   Accuracy: 0.25641
04/20/2026 11:34:00 - INFO - utils.trainer -   Precision: 0.23466
04/20/2026 11:34:00 - INFO - utils.trainer -   Recall: 0.24806
04/20/2026 11:34:00 - INFO - utils.trainer -   F_score: 0.23517
04/20/2026 11:34:00 - INFO - utils.trainer -   Loss: 2.73389
04/20/2026 11:34:00 - INFO - utils.trainer -    Train loss: 1.13147, Test loss: 2.73389,Epoch time = 7.110s
04/20/2026 11:34:07 - INFO - utils.trainer -   ***** Running evaluation on test2 dataset *****
04/20/2026 11:34:08 - INFO - utils.trainer -   AUC: 0.48116
04/20/2026 11:34:08 - INFO - utils.trainer -   Accuracy: 0.20513
04/20/2026 11:34:08 - INFO - utils.trainer -   Precision: 0.19737
04/20/2026 11:34:08 - INFO - utils.trainer -   Recall: 0.20943
04/20/2026 11:34:08 - INFO - utils.trainer -   F_score: 0.19245
04/20/2026 11:34:08 - INFO - utils.trainer -   Loss: 2.20386
04/20/2026 11:34:08 - INFO - utils.trainer -    Train loss: 1.07570, Test loss: 2.20386,Epoch time = 6.730s
04/20/2026 11:34:15 - INFO - utils.trainer -   ***** Running evaluation on test2 dataset *****
04/20/2026 11:34:17 - INFO - utils.trainer -   AUC: 0.47209
04/20/2026 11:34:17 - INFO - utils.trainer -   Accuracy: 0.19231
04/20/2026 11:34:17 - INFO - utils.trainer -   Precision: 0.16521
04/20/2026 11:34:17 - INFO - utils.trainer -   Recall: 0.19823
04/20/2026 11:34:17 - INFO - utils.trainer -   F_score: 0.15103
04/20/2026 11:34:17 - INFO - utils.trainer -   Loss: 2.29582
04/20/2026 11:34:17 - INFO - utils.trainer -    Train loss: 1.05409, Test loss: 2.29582,Epoch time = 6.815s
04/20/2026 11:34:23 - INFO - utils.trainer -   ***** Running evaluation on test2 dataset *****
04/20/2026 11:34:25 - INFO - utils.trainer -   AUC: 0.50172
04/20/2026 11:34:25 - INFO - utils.trainer -   Accuracy: 0.23077
04/20/2026 11:34:25 - INFO - utils.trainer -   Precision: 0.23802
04/20/2026 11:34:25 - INFO - utils.trainer -   Recall: 0.23252
04/20/2026 11:34:25 - INFO - utils.trainer -   F_score: 0.21594
04/20/2026 11:34:25 - INFO - utils.trainer -   Loss: 2.29121
04/20/2026 11:34:25 - INFO - utils.trainer -    Train loss: 0.99192, Test loss: 2.29121,Epoch time = 5.729s
04/20/2026 11:34:32 - INFO - utils.trainer -   ***** Running evaluation on test2 dataset *****
04/20/2026 11:34:34 - INFO - utils.trainer -   AUC: 0.47307
04/20/2026 11:34:34 - INFO - utils.trainer -   Accuracy: 0.19231
04/20/2026 11:34:34 - INFO - utils.trainer -   Precision: 0.14063
04/20/2026 11:34:34 - INFO - utils.trainer -   Recall: 0.20217
04/20/2026 11:34:34 - INFO - utils.trainer -   F_score: 0.14569
04/20/2026 11:34:34 - INFO - utils.trainer -   Loss: 2.95349
04/20/2026 11:34:34 - INFO - utils.trainer -    Train loss: 1.10406, Test loss: 2.95349,Epoch time = 7.581s
04/20/2026 11:34:39 - INFO - utils.trainer -   ***** Running evaluation on test2 dataset *****
04/20/2026 11:34:41 - INFO - utils.trainer -   AUC: 0.47450
04/20/2026 11:34:41 - INFO - utils.trainer -   Accuracy: 0.23077
04/20/2026 11:34:41 - INFO - utils.trainer -   Precision: 0.20804
04/20/2026 11:34:41 - INFO - utils.trainer -   Recall: 0.21906
04/20/2026 11:34:41 - INFO - utils.trainer -   F_score: 0.20179
04/20/2026 11:34:41 - INFO - utils.trainer -   Loss: 4.56484
04/20/2026 11:34:41 - INFO - utils.trainer -    Train loss: 1.09361, Test loss: 4.56484,Epoch time = 5.372s
04/20/2026 11:34:48 - INFO - utils.trainer -   ***** Running evaluation on test2 dataset *****
04/20/2026 11:34:50 - INFO - utils.trainer -   AUC: 0.46101
04/20/2026 11:34:50 - INFO - utils.trainer -   Accuracy: 0.25000
04/20/2026 11:34:50 - INFO - utils.trainer -   Precision: 0.22441
04/20/2026 11:34:50 - INFO - utils.trainer -   Recall: 0.23503
04/20/2026 11:34:50 - INFO - utils.trainer -   F_score: 0.20483
04/20/2026 11:34:50 - INFO - utils.trainer -   Loss: 2.56009
04/20/2026 11:34:50 - INFO - utils.trainer -    Train loss: 1.02456, Test loss: 2.56009,Epoch time = 7.212s
04/20/2026 11:34:57 - INFO - utils.trainer -   ***** Running evaluation on test2 dataset *****
04/20/2026 11:34:59 - INFO - utils.trainer -   AUC: 0.48534
04/20/2026 11:34:59 - INFO - utils.trainer -   Accuracy: 0.23718
04/20/2026 11:34:59 - INFO - utils.trainer -   Precision: 0.21301
04/20/2026 11:34:59 - INFO - utils.trainer -   Recall: 0.22134
04/20/2026 11:34:59 - INFO - utils.trainer -   F_score: 0.18779
04/20/2026 11:34:59 - INFO - utils.trainer -   Loss: 3.05836
04/20/2026 11:34:59 - INFO - utils.trainer -    Train loss: 1.02498, Test loss: 3.05836,Epoch time = 6.605s
04/20/2026 11:35:06 - INFO - utils.trainer -   ***** Running evaluation on test2 dataset *****
04/20/2026 11:35:08 - INFO - utils.trainer -   AUC: 0.50432
04/20/2026 11:35:08 - INFO - utils.trainer -   Accuracy: 0.27564
04/20/2026 11:35:08 - INFO - utils.trainer -   Precision: 0.24979
04/20/2026 11:35:08 - INFO - utils.trainer -   Recall: 0.26403
04/20/2026 11:35:08 - INFO - utils.trainer -   F_score: 0.24217
04/20/2026 11:35:08 - INFO - utils.trainer -   Loss: 4.63201
04/20/2026 11:35:08 - INFO - utils.trainer -    Train loss: 1.05601, Test loss: 4.63201,Epoch time = 6.985s
04/20/2026 11:35:13 - INFO - utils.trainer -   ***** Running evaluation on test2 dataset *****
04/20/2026 11:35:15 - INFO - utils.trainer -   AUC: 0.48150
04/20/2026 11:35:15 - INFO - utils.trainer -   Accuracy: 0.25641
04/20/2026 11:35:15 - INFO - utils.trainer -   Precision: 0.21915
04/20/2026 11:35:15 - INFO - utils.trainer -   Recall: 0.23999
04/20/2026 11:35:15 - INFO - utils.trainer -   F_score: 0.19927
04/20/2026 11:35:15 - INFO - utils.trainer -   Loss: 3.00024
04/20/2026 11:35:15 - INFO - utils.trainer -    Train loss: 1.04785, Test loss: 3.00024,Epoch time = 5.730s
04/20/2026 11:35:23 - INFO - utils.trainer -   ***** Running evaluation on test2 dataset *****
04/20/2026 11:35:24 - INFO - utils.trainer -   AUC: 0.49604
04/20/2026 11:35:24 - INFO - utils.trainer -   Accuracy: 0.26923
04/20/2026 11:35:24 - INFO - utils.trainer -   Precision: 0.25569
04/20/2026 11:35:24 - INFO - utils.trainer -   Recall: 0.25925
04/20/2026 11:35:24 - INFO - utils.trainer -   F_score: 0.24694
04/20/2026 11:35:24 - INFO - utils.trainer -   Loss: 2.97790
04/20/2026 11:35:25 - INFO - utils.trainer -    Train loss: 0.99240, Test loss: 2.97790,Epoch time = 7.685s
04/20/2026 11:35:30 - INFO - utils.trainer -   ***** Running evaluation on test2 dataset *****
04/20/2026 11:35:32 - INFO - utils.trainer -   AUC: 0.46775
04/20/2026 11:35:32 - INFO - utils.trainer -   Accuracy: 0.25000
04/20/2026 11:35:32 - INFO - utils.trainer -   Precision: 0.21391
04/20/2026 11:35:32 - INFO - utils.trainer -   Recall: 0.23503
04/20/2026 11:35:32 - INFO - utils.trainer -   F_score: 0.20638
04/20/2026 11:35:32 - INFO - utils.trainer -   Loss: 3.63824
04/20/2026 11:35:32 - INFO - utils.trainer -    Train loss: 1.06953, Test loss: 3.63824,Epoch time = 5.346s
04/20/2026 11:35:39 - INFO - utils.trainer -   ***** Running evaluation on test2 dataset *****
04/20/2026 11:35:41 - INFO - utils.trainer -   AUC: 0.46243
04/20/2026 11:35:41 - INFO - utils.trainer -   Accuracy: 0.26282
04/20/2026 11:35:41 - INFO - utils.trainer -   Precision: 0.25342
04/20/2026 11:35:41 - INFO - utils.trainer -   Recall: 0.25446
04/20/2026 11:35:41 - INFO - utils.trainer -   F_score: 0.24561
04/20/2026 11:35:41 - INFO - utils.trainer -   Loss: 2.89298
04/20/2026 11:35:41 - INFO - utils.trainer -    Train loss: 1.03694, Test loss: 2.89298,Epoch time = 7.269s
04/20/2026 11:35:48 - INFO - utils.trainer -   ***** Running evaluation on test2 dataset *****
04/20/2026 11:35:49 - INFO - utils.trainer -   AUC: 0.47176
04/20/2026 11:35:49 - INFO - utils.trainer -   Accuracy: 0.24359
04/20/2026 11:35:49 - INFO - utils.trainer -   Precision: 0.19653
04/20/2026 11:35:49 - INFO - utils.trainer -   Recall: 0.22863
04/20/2026 11:35:49 - INFO - utils.trainer -   F_score: 0.19545
04/20/2026 11:35:49 - INFO - utils.trainer -   Loss: 3.29118
04/20/2026 11:35:49 - INFO - utils.trainer -    Train loss: 1.03286, Test loss: 3.29118,Epoch time = 6.768s
04/20/2026 11:35:56 - INFO - utils.trainer -   ***** Running evaluation on test2 dataset *****
04/20/2026 11:35:58 - INFO - utils.trainer -   AUC: 0.46646
04/20/2026 11:35:58 - INFO - utils.trainer -   Accuracy: 0.24359
04/20/2026 11:35:58 - INFO - utils.trainer -   Precision: 0.21155
04/20/2026 11:35:58 - INFO - utils.trainer -   Recall: 0.22845
04/20/2026 11:35:58 - INFO - utils.trainer -   F_score: 0.19755
04/20/2026 11:35:58 - INFO - utils.trainer -   Loss: 3.02820
04/20/2026 11:35:58 - INFO - utils.trainer -    Train loss: 0.99461, Test loss: 3.02820,Epoch time = 7.037s
04/20/2026 11:36:04 - INFO - utils.trainer -   ***** Running evaluation on test2 dataset *****
04/20/2026 11:36:06 - INFO - utils.trainer -   AUC: 0.47163
04/20/2026 11:36:06 - INFO - utils.trainer -   Accuracy: 0.24359
04/20/2026 11:36:06 - INFO - utils.trainer -   Precision: 0.19799
04/20/2026 11:36:06 - INFO - utils.trainer -   Recall: 0.22523
04/20/2026 11:36:06 - INFO - utils.trainer -   F_score: 0.18003
04/20/2026 11:36:06 - INFO - utils.trainer -   Loss: 3.13973
04/20/2026 11:36:06 - INFO - utils.trainer -    Train loss: 1.00634, Test loss: 3.13973,Epoch time = 5.975s
04/20/2026 11:36:13 - INFO - utils.trainer -   ***** Running evaluation on test2 dataset *****
04/20/2026 11:36:15 - INFO - utils.trainer -   AUC: 0.48717
04/20/2026 11:36:15 - INFO - utils.trainer -   Accuracy: 0.24359
04/20/2026 11:36:15 - INFO - utils.trainer -   Precision: 0.20771
04/20/2026 11:36:15 - INFO - utils.trainer -   Recall: 0.22630
04/20/2026 11:36:15 - INFO - utils.trainer -   F_score: 0.18485
04/20/2026 11:36:15 - INFO - utils.trainer -   Loss: 2.18929
04/20/2026 11:36:15 - INFO - utils.trainer -    Train loss: 1.07354, Test loss: 2.18929,Epoch time = 7.530s
04/20/2026 11:36:21 - INFO - utils.trainer -   ***** Running evaluation on test2 dataset *****
04/20/2026 11:36:23 - INFO - utils.trainer -   AUC: 0.48339
04/20/2026 11:36:23 - INFO - utils.trainer -   Accuracy: 0.26282
04/20/2026 11:36:23 - INFO - utils.trainer -   Precision: 0.25742
04/20/2026 11:36:23 - INFO - utils.trainer -   Recall: 0.25124
04/20/2026 11:36:23 - INFO - utils.trainer -   F_score: 0.23585
04/20/2026 11:36:23 - INFO - utils.trainer -   Loss: 3.26421
04/20/2026 11:36:23 - INFO - utils.trainer -    Train loss: 0.98015, Test loss: 3.26421,Epoch time = 5.983s
04/20/2026 11:36:30 - INFO - utils.trainer -   ***** Running evaluation on test2 dataset *****
04/20/2026 11:36:32 - INFO - utils.trainer -   AUC: 0.45874
04/20/2026 11:36:32 - INFO - utils.trainer -   Accuracy: 0.25000
04/20/2026 11:36:32 - INFO - utils.trainer -   Precision: 0.22637
04/20/2026 11:36:32 - INFO - utils.trainer -   Recall: 0.23378
04/20/2026 11:36:32 - INFO - utils.trainer -   F_score: 0.20094
04/20/2026 11:36:32 - INFO - utils.trainer -   Loss: 2.92533
04/20/2026 11:36:32 - INFO - utils.trainer -    Train loss: 0.83672, Test loss: 2.92533,Epoch time = 6.945s
04/20/2026 11:36:39 - INFO - utils.trainer -   ***** Running evaluation on test2 dataset *****
04/20/2026 11:36:40 - INFO - utils.trainer -   AUC: 0.47635
04/20/2026 11:36:40 - INFO - utils.trainer -   Accuracy: 0.25000
04/20/2026 11:36:40 - INFO - utils.trainer -   Precision: 0.22687
04/20/2026 11:36:40 - INFO - utils.trainer -   Recall: 0.23700
04/20/2026 11:36:40 - INFO - utils.trainer -   F_score: 0.21420
04/20/2026 11:36:40 - INFO - utils.trainer -   Loss: 2.93283
04/20/2026 11:36:40 - INFO - utils.trainer -    Train loss: 0.91853, Test loss: 2.93283,Epoch time = 6.790s
04/20/2026 11:36:48 - INFO - utils.trainer -   ***** Running evaluation on test2 dataset *****
04/20/2026 11:36:49 - INFO - utils.trainer -   AUC: 0.50523
04/20/2026 11:36:49 - INFO - utils.trainer -   Accuracy: 0.26923
04/20/2026 11:36:49 - INFO - utils.trainer -   Precision: 0.25342
04/20/2026 11:36:49 - INFO - utils.trainer -   Recall: 0.25208
04/20/2026 11:36:49 - INFO - utils.trainer -   F_score: 0.21457
04/20/2026 11:36:49 - INFO - utils.trainer -   Loss: 3.03945
04/20/2026 11:36:49 - INFO - utils.trainer -    Train loss: 0.91524, Test loss: 3.03945,Epoch time = 7.175s
04/20/2026 11:36:55 - INFO - utils.trainer -   ***** Running evaluation on test2 dataset *****
04/20/2026 11:36:57 - INFO - utils.trainer -   AUC: 0.48419
04/20/2026 11:36:57 - INFO - utils.trainer -   Accuracy: 0.23718
04/20/2026 11:36:57 - INFO - utils.trainer -   Precision: 0.17626
04/20/2026 11:36:57 - INFO - utils.trainer -   Recall: 0.21990
04/20/2026 11:36:57 - INFO - utils.trainer -   F_score: 0.17244
04/20/2026 11:36:57 - INFO - utils.trainer -   Loss: 2.98594
04/20/2026 11:36:57 - INFO - utils.trainer -    Train loss: 1.03877, Test loss: 2.98594,Epoch time = 5.758s
04/20/2026 11:37:04 - INFO - utils.trainer -   ***** Running evaluation on test2 dataset *****
04/20/2026 11:37:06 - INFO - utils.trainer -   AUC: 0.49418
04/20/2026 11:37:06 - INFO - utils.trainer -   Accuracy: 0.28205
04/20/2026 11:37:06 - INFO - utils.trainer -   Precision: 0.25135
04/20/2026 11:37:06 - INFO - utils.trainer -   Recall: 0.26434
04/20/2026 11:37:06 - INFO - utils.trainer -   F_score: 0.22915
04/20/2026 11:37:06 - INFO - utils.trainer -   Loss: 2.89091
04/20/2026 11:37:06 - INFO - utils.trainer -    Train loss: 0.90786, Test loss: 2.89091,Epoch time = 7.457s
04/20/2026 11:37:13 - INFO - utils.trainer -   ***** Running evaluation on test2 dataset *****
04/20/2026 11:37:14 - INFO - utils.trainer -   AUC: 0.47831
04/20/2026 11:37:14 - INFO - utils.trainer -   Accuracy: 0.26282
04/20/2026 11:37:14 - INFO - utils.trainer -   Precision: 0.22239
04/20/2026 11:37:14 - INFO - utils.trainer -   Recall: 0.24783
04/20/2026 11:37:14 - INFO - utils.trainer -   F_score: 0.21608
04/20/2026 11:37:14 - INFO - utils.trainer -   Loss: 3.08655
04/20/2026 11:37:14 - INFO - utils.trainer -    Train loss: 0.91257, Test loss: 3.08655,Epoch time = 6.560s
04/20/2026 11:37:21 - INFO - utils.trainer -   ***** Running evaluation on test2 dataset *****
04/20/2026 11:37:23 - INFO - utils.trainer -   AUC: 0.48320
04/20/2026 11:37:23 - INFO - utils.trainer -   Accuracy: 0.27564
04/20/2026 11:37:23 - INFO - utils.trainer -   Precision: 0.23245
04/20/2026 11:37:23 - INFO - utils.trainer -   Recall: 0.26044
04/20/2026 11:37:23 - INFO - utils.trainer -   F_score: 0.22541
04/20/2026 11:37:23 - INFO - utils.trainer -   Loss: 2.72840
04/20/2026 11:37:23 - INFO - utils.trainer -    Train loss: 0.99823, Test loss: 2.72840,Epoch time = 6.778s
04/20/2026 11:37:30 - INFO - utils.trainer -   ***** Running evaluation on test2 dataset *****
04/20/2026 11:37:32 - INFO - utils.trainer -   AUC: 0.46538
04/20/2026 11:37:32 - INFO - utils.trainer -   Accuracy: 0.28205
04/20/2026 11:37:32 - INFO - utils.trainer -   Precision: 0.27839
04/20/2026 11:37:32 - INFO - utils.trainer -   Recall: 0.26882
04/20/2026 11:37:32 - INFO - utils.trainer -   F_score: 0.24670
04/20/2026 11:37:32 - INFO - utils.trainer -   Loss: 2.85295
04/20/2026 11:37:32 - INFO - utils.trainer -    Train loss: 0.90791, Test loss: 2.85295,Epoch time = 6.938s
04/20/2026 11:37:39 - INFO - utils.trainer -   ***** Running evaluation on test2 dataset *****
04/20/2026 11:37:41 - INFO - utils.trainer -   AUC: 0.48776
04/20/2026 11:37:41 - INFO - utils.trainer -   Accuracy: 0.23718
04/20/2026 11:37:41 - INFO - utils.trainer -   Precision: 0.20307
04/20/2026 11:37:41 - INFO - utils.trainer -   Recall: 0.22080
04/20/2026 11:37:41 - INFO - utils.trainer -   F_score: 0.18431
04/20/2026 11:37:41 - INFO - utils.trainer -   Loss: 4.01186
04/20/2026 11:37:41 - INFO - utils.trainer -    Train loss: 0.95829, Test loss: 4.01186,Epoch time = 7.501s
04/20/2026 11:37:47 - INFO - utils.trainer -   ***** Running evaluation on test2 dataset *****
04/20/2026 11:37:49 - INFO - utils.trainer -   AUC: 0.51312
04/20/2026 11:37:49 - INFO - utils.trainer -   Accuracy: 0.26923
04/20/2026 11:37:49 - INFO - utils.trainer -   Precision: 0.24252
04/20/2026 11:37:49 - INFO - utils.trainer -   Recall: 0.25208
04/20/2026 11:37:49 - INFO - utils.trainer -   F_score: 0.21876
04/20/2026 11:37:49 - INFO - utils.trainer -   Loss: 4.27168
04/20/2026 11:37:49 - INFO - utils.trainer -    Train loss: 0.91355, Test loss: 4.27168,Epoch time = 6.649s
04/20/2026 11:37:56 - INFO - utils.trainer -   ***** Running evaluation on test2 dataset *****
04/20/2026 11:37:58 - INFO - utils.trainer -   AUC: 0.49675
04/20/2026 11:37:58 - INFO - utils.trainer -   Accuracy: 0.26923
04/20/2026 11:37:58 - INFO - utils.trainer -   Precision: 0.23112
04/20/2026 11:37:58 - INFO - utils.trainer -   Recall: 0.25208
04/20/2026 11:37:58 - INFO - utils.trainer -   F_score: 0.21752
04/20/2026 11:37:58 - INFO - utils.trainer -   Loss: 4.39207
04/20/2026 11:37:58 - INFO - utils.trainer -    Train loss: 1.07584, Test loss: 4.39207,Epoch time = 6.974s
04/20/2026 11:38:05 - INFO - utils.trainer -   ***** Running evaluation on test2 dataset *****
04/20/2026 11:38:07 - INFO - utils.trainer -   AUC: 0.47764
04/20/2026 11:38:07 - INFO - utils.trainer -   Accuracy: 0.25000
04/20/2026 11:38:07 - INFO - utils.trainer -   Precision: 0.19397
04/20/2026 11:38:07 - INFO - utils.trainer -   Recall: 0.23342
04/20/2026 11:38:07 - INFO - utils.trainer -   F_score: 0.19286
04/20/2026 11:38:07 - INFO - utils.trainer -   Loss: 3.40807
04/20/2026 11:38:07 - INFO - utils.trainer -    Train loss: 0.91199, Test loss: 3.40807,Epoch time = 7.518s
04/20/2026 11:38:14 - INFO - utils.trainer -   ***** Running evaluation on test2 dataset *****
04/20/2026 11:38:16 - INFO - utils.trainer -   AUC: 0.46700
04/20/2026 11:38:16 - INFO - utils.trainer -   Accuracy: 0.25000
04/20/2026 11:38:16 - INFO - utils.trainer -   Precision: 0.18128
04/20/2026 11:38:16 - INFO - utils.trainer -   Recall: 0.23342
04/20/2026 11:38:16 - INFO - utils.trainer -   F_score: 0.18959
04/20/2026 11:38:16 - INFO - utils.trainer -   Loss: 3.34624
04/20/2026 11:38:16 - INFO - utils.trainer -    Train loss: 0.97825, Test loss: 3.34624,Epoch time = 6.778s
04/20/2026 11:38:22 - INFO - utils.trainer -   ***** Running evaluation on test2 dataset *****
04/20/2026 11:38:24 - INFO - utils.trainer -   AUC: 0.47461
04/20/2026 11:38:24 - INFO - utils.trainer -   Accuracy: 0.25000
04/20/2026 11:38:24 - INFO - utils.trainer -   Precision: 0.21183
04/20/2026 11:38:24 - INFO - utils.trainer -   Recall: 0.23521
04/20/2026 11:38:24 - INFO - utils.trainer -   F_score: 0.20360
04/20/2026 11:38:24 - INFO - utils.trainer -   Loss: 3.82050
04/20/2026 11:38:24 - INFO - utils.trainer -    Train loss: 0.95175, Test loss: 3.82050,Epoch time = 6.865s
04/20/2026 11:38:31 - INFO - utils.trainer -   ***** Running evaluation on test2 dataset *****
04/20/2026 11:38:33 - INFO - utils.trainer -   AUC: 0.47430
04/20/2026 11:38:33 - INFO - utils.trainer -   Accuracy: 0.25000
04/20/2026 11:38:33 - INFO - utils.trainer -   Precision: 0.22847
04/20/2026 11:38:33 - INFO - utils.trainer -   Recall: 0.23736
04/20/2026 11:38:33 - INFO - utils.trainer -   F_score: 0.21628
04/20/2026 11:38:33 - INFO - utils.trainer -   Loss: 3.54832
04/20/2026 11:38:33 - INFO - utils.trainer -    Train loss: 0.94777, Test loss: 3.54832,Epoch time = 7.046s
04/20/2026 11:38:41 - INFO - utils.trainer -   ***** Running evaluation on test2 dataset *****
04/20/2026 11:38:42 - INFO - utils.trainer -   AUC: 0.47893
04/20/2026 11:38:42 - INFO - utils.trainer -   Accuracy: 0.25641
04/20/2026 11:38:42 - INFO - utils.trainer -   Precision: 0.21354
04/20/2026 11:38:42 - INFO - utils.trainer -   Recall: 0.23999
04/20/2026 11:38:42 - INFO - utils.trainer -   F_score: 0.19784
04/20/2026 11:38:42 - INFO - utils.trainer -   Loss: 3.41273
04/20/2026 11:38:42 - INFO - utils.trainer -    Train loss: 0.89275, Test loss: 3.41273,Epoch time = 7.578s
04/20/2026 11:38:50 - INFO - utils.trainer -   ***** Running evaluation on test2 dataset *****
04/20/2026 11:38:52 - INFO - utils.trainer -   AUC: 0.48105
04/20/2026 11:38:52 - INFO - utils.trainer -   Accuracy: 0.26923
04/20/2026 11:38:52 - INFO - utils.trainer -   Precision: 0.25354
04/20/2026 11:38:52 - INFO - utils.trainer -   Recall: 0.25638
04/20/2026 11:38:52 - INFO - utils.trainer -   F_score: 0.23806
04/20/2026 11:38:52 - INFO - utils.trainer -   Loss: 3.32417
04/20/2026 11:38:52 - INFO - utils.trainer -    Train loss: 1.01041, Test loss: 3.32417,Epoch time = 7.343s
04/20/2026 11:38:58 - INFO - utils.trainer -   ***** Running evaluation on test2 dataset *****
04/20/2026 11:39:00 - INFO - utils.trainer -   AUC: 0.48620
04/20/2026 11:39:00 - INFO - utils.trainer -   Accuracy: 0.26923
04/20/2026 11:39:00 - INFO - utils.trainer -   Precision: 0.24067
04/20/2026 11:39:00 - INFO - utils.trainer -   Recall: 0.25315
04/20/2026 11:39:00 - INFO - utils.trainer -   F_score: 0.22242
04/20/2026 11:39:00 - INFO - utils.trainer -   Loss: 2.48234
04/20/2026 11:39:00 - INFO - utils.trainer -    Train loss: 0.81972, Test loss: 2.48234,Epoch time = 6.554s
04/20/2026 11:39:08 - INFO - utils.trainer -   ***** Running evaluation on test2 dataset *****
04/20/2026 11:39:09 - INFO - utils.trainer -   AUC: 0.48852
04/20/2026 11:39:09 - INFO - utils.trainer -   Accuracy: 0.24359
04/20/2026 11:39:09 - INFO - utils.trainer -   Precision: 0.20240
04/20/2026 11:39:09 - INFO - utils.trainer -   Recall: 0.22863
04/20/2026 11:39:09 - INFO - utils.trainer -   F_score: 0.19761
04/20/2026 11:39:09 - INFO - utils.trainer -   Loss: 2.92711
04/20/2026 11:39:09 - INFO - utils.trainer -    Train loss: 0.98832, Test loss: 2.92711,Epoch time = 7.583s
04/20/2026 11:39:17 - INFO - utils.trainer -   ***** Running evaluation on test2 dataset *****
04/20/2026 11:39:19 - INFO - utils.trainer -   AUC: 0.47165
04/20/2026 11:39:19 - INFO - utils.trainer -   Accuracy: 0.25641
04/20/2026 11:39:19 - INFO - utils.trainer -   Precision: 0.22993
04/20/2026 11:39:19 - INFO - utils.trainer -   Recall: 0.24197
04/20/2026 11:39:19 - INFO - utils.trainer -   F_score: 0.21650
04/20/2026 11:39:19 - INFO - utils.trainer -   Loss: 2.76118
04/20/2026 11:39:19 - INFO - utils.trainer -    Train loss: 0.91359, Test loss: 2.76118,Epoch time = 7.192s
04/20/2026 11:39:25 - INFO - utils.trainer -   ***** Running evaluation on test2 dataset *****
04/20/2026 11:39:27 - INFO - utils.trainer -   AUC: 0.50117
04/20/2026 11:39:27 - INFO - utils.trainer -   Accuracy: 0.27564
04/20/2026 11:39:27 - INFO - utils.trainer -   Precision: 0.25823
04/20/2026 11:39:27 - INFO - utils.trainer -   Recall: 0.25883
04/20/2026 11:39:27 - INFO - utils.trainer -   F_score: 0.22612
04/20/2026 11:39:27 - INFO - utils.trainer -   Loss: 2.53650
04/20/2026 11:39:27 - INFO - utils.trainer -    Train loss: 0.86292, Test loss: 2.53650,Epoch time = 6.836s
04/20/2026 11:39:34 - INFO - utils.trainer -   ***** Running evaluation on test2 dataset *****
04/20/2026 11:39:35 - INFO - utils.trainer -   AUC: 0.48156
04/20/2026 11:39:35 - INFO - utils.trainer -   Accuracy: 0.27564
04/20/2026 11:39:35 - INFO - utils.trainer -   Precision: 0.24774
04/20/2026 11:39:35 - INFO - utils.trainer -   Recall: 0.25883
04/20/2026 11:39:35 - INFO - utils.trainer -   F_score: 0.22575
04/20/2026 11:39:35 - INFO - utils.trainer -   Loss: 3.32622
04/20/2026 11:39:35 - INFO - utils.trainer -    Train loss: 0.85361, Test loss: 3.32622,Epoch time = 6.420s
04/20/2026 11:39:43 - INFO - utils.trainer -   ***** Running evaluation on test2 dataset *****
04/20/2026 11:39:45 - INFO - utils.trainer -   AUC: 0.47154
04/20/2026 11:39:45 - INFO - utils.trainer -   Accuracy: 0.24359
04/20/2026 11:39:45 - INFO - utils.trainer -   Precision: 0.18417
04/20/2026 11:39:45 - INFO - utils.trainer -   Recall: 0.22523
04/20/2026 11:39:45 - INFO - utils.trainer -   F_score: 0.18334
04/20/2026 11:39:45 - INFO - utils.trainer -   Loss: 3.61034
04/20/2026 11:39:45 - INFO - utils.trainer -    Train loss: 0.93218, Test loss: 3.61034,Epoch time = 7.560s
04/20/2026 11:39:52 - INFO - utils.trainer -   ***** Running evaluation on test2 dataset *****
04/20/2026 11:39:54 - INFO - utils.trainer -   AUC: 0.47769
04/20/2026 11:39:54 - INFO - utils.trainer -   Accuracy: 0.23718
04/20/2026 11:39:54 - INFO - utils.trainer -   Precision: 0.20341
04/20/2026 11:39:54 - INFO - utils.trainer -   Recall: 0.22367
04/20/2026 11:39:54 - INFO - utils.trainer -   F_score: 0.20004
04/20/2026 11:39:54 - INFO - utils.trainer -   Loss: 3.34527
04/20/2026 11:39:54 - INFO - utils.trainer -    Train loss: 0.99565, Test loss: 3.34527,Epoch time = 6.755s
04/20/2026 11:40:00 - INFO - utils.trainer -   ***** Running evaluation on test2 dataset *****
04/20/2026 11:40:02 - INFO - utils.trainer -   AUC: 0.47719
04/20/2026 11:40:02 - INFO - utils.trainer -   Accuracy: 0.24359
04/20/2026 11:40:02 - INFO - utils.trainer -   Precision: 0.19861
04/20/2026 11:40:02 - INFO - utils.trainer -   Recall: 0.22738
04/20/2026 11:40:02 - INFO - utils.trainer -   F_score: 0.19326
04/20/2026 11:40:02 - INFO - utils.trainer -   Loss: 2.83032
04/20/2026 11:40:02 - INFO - utils.trainer -    Train loss: 0.91615, Test loss: 2.83032,Epoch time = 6.708s
04/20/2026 11:40:10 - INFO - utils.trainer -   ***** Running evaluation on test2 dataset *****
04/20/2026 11:40:11 - INFO - utils.trainer -   AUC: 0.50177
04/20/2026 11:40:11 - INFO - utils.trainer -   Accuracy: 0.27564
04/20/2026 11:40:11 - INFO - utils.trainer -   Precision: 0.26225
04/20/2026 11:40:11 - INFO - utils.trainer -   Recall: 0.26063
04/20/2026 11:40:11 - INFO - utils.trainer -   F_score: 0.23588
04/20/2026 11:40:11 - INFO - utils.trainer -   Loss: 2.53581
04/20/2026 11:40:11 - INFO - utils.trainer -    Train loss: 0.86172, Test loss: 2.53581,Epoch time = 7.338s
04/20/2026 11:40:19 - INFO - utils.trainer -   ***** Running evaluation on test2 dataset *****
04/20/2026 11:40:21 - INFO - utils.trainer -   AUC: 0.49707
04/20/2026 11:40:21 - INFO - utils.trainer -   Accuracy: 0.23718
04/20/2026 11:40:21 - INFO - utils.trainer -   Precision: 0.19859
04/20/2026 11:40:21 - INFO - utils.trainer -   Recall: 0.22134
04/20/2026 11:40:21 - INFO - utils.trainer -   F_score: 0.19090
04/20/2026 11:40:21 - INFO - utils.trainer -   Loss: 2.74386
04/20/2026 11:40:21 - INFO - utils.trainer -    Train loss: 0.83611, Test loss: 2.74386,Epoch time = 7.539s
04/20/2026 11:40:27 - INFO - utils.trainer -   ***** Running evaluation on test2 dataset *****
04/20/2026 11:40:29 - INFO - utils.trainer -   AUC: 0.47478
04/20/2026 11:40:29 - INFO - utils.trainer -   Accuracy: 0.26282
04/20/2026 11:40:29 - INFO - utils.trainer -   Precision: 0.25195
04/20/2026 11:40:29 - INFO - utils.trainer -   Recall: 0.24962
04/20/2026 11:40:29 - INFO - utils.trainer -   F_score: 0.23008
04/20/2026 11:40:29 - INFO - utils.trainer -   Loss: 2.31536
04/20/2026 11:40:29 - INFO - utils.trainer -    Train loss: 0.91262, Test loss: 2.31536,Epoch time = 6.113s
04/20/2026 11:40:36 - INFO - utils.trainer -   ***** Running evaluation on test2 dataset *****
04/20/2026 11:40:38 - INFO - utils.trainer -   AUC: 0.47180
04/20/2026 11:40:38 - INFO - utils.trainer -   Accuracy: 0.23718
04/20/2026 11:40:38 - INFO - utils.trainer -   Precision: 0.21275
04/20/2026 11:40:38 - INFO - utils.trainer -   Recall: 0.22457
04/20/2026 11:40:38 - INFO - utils.trainer -   F_score: 0.20449
04/20/2026 11:40:38 - INFO - utils.trainer -   Loss: 2.37113
04/20/2026 11:40:38 - INFO - utils.trainer -    Train loss: 0.88802, Test loss: 2.37113,Epoch time = 7.142s
04/20/2026 11:40:45 - INFO - utils.trainer -   ***** Running evaluation on test2 dataset *****
04/20/2026 11:40:46 - INFO - utils.trainer -   AUC: 0.49482
04/20/2026 11:40:46 - INFO - utils.trainer -   Accuracy: 0.24359
04/20/2026 11:40:46 - INFO - utils.trainer -   Precision: 0.21509
04/20/2026 11:40:46 - INFO - utils.trainer -   Recall: 0.23060
04/20/2026 11:40:46 - INFO - utils.trainer -   F_score: 0.20889
04/20/2026 11:40:46 - INFO - utils.trainer -   Loss: 2.45864
04/20/2026 11:40:46 - INFO - utils.trainer -    Train loss: 0.89812, Test loss: 2.45864,Epoch time = 7.150s
04/20/2026 11:40:54 - INFO - utils.trainer -   ***** Running evaluation on test2 dataset *****
04/20/2026 11:40:56 - INFO - utils.trainer -   AUC: 0.50257
04/20/2026 11:40:56 - INFO - utils.trainer -   Accuracy: 0.27564
04/20/2026 11:40:56 - INFO - utils.trainer -   Precision: 0.26091
04/20/2026 11:40:56 - INFO - utils.trainer -   Recall: 0.26081
04/20/2026 11:40:56 - INFO - utils.trainer -   F_score: 0.23894
04/20/2026 11:40:56 - INFO - utils.trainer -   Loss: 2.47565
04/20/2026 11:40:56 - INFO - utils.trainer -    Train loss: 0.87255, Test loss: 2.47565,Epoch time = 7.125s
04/20/2026 11:41:02 - INFO - utils.trainer -   ***** Running evaluation on test2 dataset *****
04/20/2026 11:41:04 - INFO - utils.trainer -   AUC: 0.48510
04/20/2026 11:41:04 - INFO - utils.trainer -   Accuracy: 0.28205
04/20/2026 11:41:04 - INFO - utils.trainer -   Precision: 0.24966
04/20/2026 11:41:04 - INFO - utils.trainer -   Recall: 0.26649
04/20/2026 11:41:04 - INFO - utils.trainer -   F_score: 0.23889
04/20/2026 11:41:04 - INFO - utils.trainer -   Loss: 2.39260
04/20/2026 11:41:04 - INFO - utils.trainer -    Train loss: 0.90430, Test loss: 2.39260,Epoch time = 6.277s
04/20/2026 11:41:11 - INFO - utils.trainer -   ***** Running evaluation on test2 dataset *****
04/20/2026 11:41:13 - INFO - utils.trainer -   AUC: 0.50142
04/20/2026 11:41:13 - INFO - utils.trainer -   Accuracy: 0.28205
04/20/2026 11:41:13 - INFO - utils.trainer -   Precision: 0.27397
04/20/2026 11:41:13 - INFO - utils.trainer -   Recall: 0.26918
04/20/2026 11:41:13 - INFO - utils.trainer -   F_score: 0.25391
04/20/2026 11:41:13 - INFO - utils.trainer -   Loss: 2.73319
04/20/2026 11:41:13 - INFO - utils.trainer -    Train loss: 0.85599, Test loss: 2.73319,Epoch time = 7.546s
04/20/2026 11:41:20 - INFO - utils.trainer -   ***** Running evaluation on test2 dataset *****
04/20/2026 11:41:22 - INFO - utils.trainer -   AUC: 0.47838
04/20/2026 11:41:22 - INFO - utils.trainer -   Accuracy: 0.25000
04/20/2026 11:41:22 - INFO - utils.trainer -   Precision: 0.23192
04/20/2026 11:41:22 - INFO - utils.trainer -   Recall: 0.23826
04/20/2026 11:41:22 - INFO - utils.trainer -   F_score: 0.22094
04/20/2026 11:41:22 - INFO - utils.trainer -   Loss: 3.40565
04/20/2026 11:41:22 - INFO - utils.trainer -    Train loss: 0.87025, Test loss: 3.40565,Epoch time = 6.867s
04/20/2026 11:41:29 - INFO - utils.trainer -   ***** Running evaluation on test2 dataset *****
04/20/2026 11:41:31 - INFO - utils.trainer -   AUC: 0.47780
04/20/2026 11:41:31 - INFO - utils.trainer -   Accuracy: 0.25641
04/20/2026 11:41:31 - INFO - utils.trainer -   Precision: 0.23038
04/20/2026 11:41:31 - INFO - utils.trainer -   Recall: 0.24412
04/20/2026 11:41:31 - INFO - utils.trainer -   F_score: 0.22490
04/20/2026 11:41:31 - INFO - utils.trainer -   Loss: 3.72941
04/20/2026 11:41:31 - INFO - utils.trainer -    Train loss: 0.96737, Test loss: 3.72941,Epoch time = 7.238s
04/20/2026 11:41:37 - INFO - utils.trainer -   ***** Running evaluation on test2 dataset *****
04/20/2026 11:41:39 - INFO - utils.trainer -   AUC: 0.47597
04/20/2026 11:41:39 - INFO - utils.trainer -   Accuracy: 0.23718
04/20/2026 11:41:39 - INFO - utils.trainer -   Precision: 0.20789
04/20/2026 11:41:39 - INFO - utils.trainer -   Recall: 0.22367
04/20/2026 11:41:39 - INFO - utils.trainer -   F_score: 0.20181
04/20/2026 11:41:39 - INFO - utils.trainer -   Loss: 3.13042
04/20/2026 11:41:39 - INFO - utils.trainer -    Train loss: 0.84049, Test loss: 3.13042,Epoch time = 6.013s
04/20/2026 11:41:46 - INFO - utils.trainer -   ***** Running evaluation on test2 dataset *****
04/20/2026 11:41:48 - INFO - utils.trainer -   AUC: 0.50090
04/20/2026 11:41:48 - INFO - utils.trainer -   Accuracy: 0.27564
04/20/2026 11:41:48 - INFO - utils.trainer -   Precision: 0.26306
04/20/2026 11:41:48 - INFO - utils.trainer -   Recall: 0.26296
04/20/2026 11:41:48 - INFO - utils.trainer -   F_score: 0.24778
04/20/2026 11:41:48 - INFO - utils.trainer -   Loss: 2.62140
04/20/2026 11:41:48 - INFO - utils.trainer -    Train loss: 0.85985, Test loss: 2.62140,Epoch time = 7.555s
04/20/2026 11:41:55 - INFO - utils.trainer -   ***** Running evaluation on test2 dataset *****
04/20/2026 11:41:57 - INFO - utils.trainer -   AUC: 0.50357
04/20/2026 11:41:57 - INFO - utils.trainer -   Accuracy: 0.25641
04/20/2026 11:41:57 - INFO - utils.trainer -   Precision: 0.23519
04/20/2026 11:41:57 - INFO - utils.trainer -   Recall: 0.24609
04/20/2026 11:41:57 - INFO - utils.trainer -   F_score: 0.23262
04/20/2026 11:41:57 - INFO - utils.trainer -   Loss: 3.25083
04/20/2026 11:41:57 - INFO - utils.trainer -    Train loss: 0.78133, Test loss: 3.25083,Epoch time = 6.526s
04/20/2026 11:42:04 - INFO - utils.trainer -   ***** Running evaluation on test2 dataset *****
04/20/2026 11:42:05 - INFO - utils.trainer -   AUC: 0.52257
04/20/2026 11:42:05 - INFO - utils.trainer -   Accuracy: 0.28205
04/20/2026 11:42:05 - INFO - utils.trainer -   Precision: 0.26710
04/20/2026 11:42:05 - INFO - utils.trainer -   Recall: 0.26971
04/20/2026 11:42:05 - INFO - utils.trainer -   F_score: 0.25791
04/20/2026 11:42:05 - INFO - utils.trainer -   Loss: 2.42024
04/20/2026 11:42:05 - INFO - utils.trainer -    Train loss: 0.82723, Test loss: 2.42024,Epoch time = 6.715s
04/20/2026 11:42:13 - INFO - utils.trainer -   ***** Running evaluation on test2 dataset *****
04/20/2026 11:42:14 - INFO - utils.trainer -   AUC: 0.51868
04/20/2026 11:42:14 - INFO - utils.trainer -   Accuracy: 0.25641
04/20/2026 11:42:14 - INFO - utils.trainer -   Precision: 0.23732
04/20/2026 11:42:14 - INFO - utils.trainer -   Recall: 0.24376
04/20/2026 11:42:14 - INFO - utils.trainer -   F_score: 0.22926
04/20/2026 11:42:14 - INFO - utils.trainer -   Loss: 2.54870
04/20/2026 11:42:14 - INFO - utils.trainer -    Train loss: 0.84422, Test loss: 2.54870,Epoch time = 7.093s
04/20/2026 11:42:21 - INFO - utils.trainer -   ***** Running evaluation on test2 dataset *****
04/20/2026 11:42:23 - INFO - utils.trainer -   AUC: 0.50876
04/20/2026 11:42:23 - INFO - utils.trainer -   Accuracy: 0.26923
04/20/2026 11:42:23 - INFO - utils.trainer -   Precision: 0.24571
04/20/2026 11:42:23 - INFO - utils.trainer -   Recall: 0.25620
04/20/2026 11:42:23 - INFO - utils.trainer -   F_score: 0.23839
04/20/2026 11:42:23 - INFO - utils.trainer -   Loss: 2.76512
04/20/2026 11:42:23 - INFO - utils.trainer -    Train loss: 0.83552, Test loss: 2.76512,Epoch time = 7.297s
04/20/2026 11:42:29 - INFO - utils.trainer -   ***** Running evaluation on test2 dataset *****
04/20/2026 11:42:31 - INFO - utils.trainer -   AUC: 0.51274
04/20/2026 11:42:31 - INFO - utils.trainer -   Accuracy: 0.24359
04/20/2026 11:42:31 - INFO - utils.trainer -   Precision: 0.22236
04/20/2026 11:42:31 - INFO - utils.trainer -   Recall: 0.23150
04/20/2026 11:42:31 - INFO - utils.trainer -   F_score: 0.21389
04/20/2026 11:42:31 - INFO - utils.trainer -   Loss: 2.66734
04/20/2026 11:42:31 - INFO - utils.trainer -    Train loss: 0.90806, Test loss: 2.66734,Epoch time = 6.000s
04/20/2026 11:42:38 - INFO - utils.trainer -   ***** Running evaluation on test2 dataset *****
04/20/2026 11:42:40 - INFO - utils.trainer -   AUC: 0.51337
04/20/2026 11:42:40 - INFO - utils.trainer -   Accuracy: 0.26923
04/20/2026 11:42:40 - INFO - utils.trainer -   Precision: 0.25462
04/20/2026 11:42:40 - INFO - utils.trainer -   Recall: 0.25835
04/20/2026 11:42:40 - INFO - utils.trainer -   F_score: 0.24856
04/20/2026 11:42:40 - INFO - utils.trainer -   Loss: 2.93689
04/20/2026 11:42:40 - INFO - utils.trainer -    Train loss: 0.89614, Test loss: 2.93689,Epoch time = 7.138s
04/20/2026 11:42:47 - INFO - utils.trainer -   ***** Running evaluation on test2 dataset *****
04/20/2026 11:42:49 - INFO - utils.trainer -   AUC: 0.50507
04/20/2026 11:42:49 - INFO - utils.trainer -   Accuracy: 0.26282
04/20/2026 11:42:49 - INFO - utils.trainer -   Precision: 0.24171
04/20/2026 11:42:49 - INFO - utils.trainer -   Recall: 0.25249
04/20/2026 11:42:49 - INFO - utils.trainer -   F_score: 0.23973
04/20/2026 11:42:49 - INFO - utils.trainer -   Loss: 2.86860
04/20/2026 11:42:49 - INFO - utils.trainer -    Train loss: 0.88929, Test loss: 2.86860,Epoch time = 7.262s
04/20/2026 11:42:56 - INFO - utils.trainer -   ***** Running evaluation on test2 dataset *****
04/20/2026 11:42:58 - INFO - utils.trainer -   AUC: 0.49999
04/20/2026 11:42:58 - INFO - utils.trainer -   Accuracy: 0.23718
04/20/2026 11:42:58 - INFO - utils.trainer -   Precision: 0.21158
04/20/2026 11:42:58 - INFO - utils.trainer -   Recall: 0.22349
04/20/2026 11:42:58 - INFO - utils.trainer -   F_score: 0.20334
04/20/2026 11:42:58 - INFO - utils.trainer -   Loss: 2.62655
04/20/2026 11:42:58 - INFO - utils.trainer -    Train loss: 0.81969, Test loss: 2.62655,Epoch time = 6.879s
04/20/2026 11:43:05 - INFO - utils.trainer -   ***** Running evaluation on test2 dataset *****
04/20/2026 11:43:07 - INFO - utils.trainer -   AUC: 0.50948
04/20/2026 11:43:07 - INFO - utils.trainer -   Accuracy: 0.25641
04/20/2026 11:43:07 - INFO - utils.trainer -   Precision: 0.24549
04/20/2026 11:43:07 - INFO - utils.trainer -   Recall: 0.24376
04/20/2026 11:43:07 - INFO - utils.trainer -   F_score: 0.22909
04/20/2026 11:43:07 - INFO - utils.trainer -   Loss: 3.10282
04/20/2026 11:43:07 - INFO - utils.trainer -    Train loss: 0.92019, Test loss: 3.10282,Epoch time = 7.047s
04/20/2026 11:43:14 - INFO - utils.trainer -   ***** Running evaluation on test2 dataset *****
04/20/2026 11:43:16 - INFO - utils.trainer -   AUC: 0.50794
04/20/2026 11:43:16 - INFO - utils.trainer -   Accuracy: 0.29487
04/20/2026 11:43:16 - INFO - utils.trainer -   Precision: 0.27685
04/20/2026 11:43:16 - INFO - utils.trainer -   Recall: 0.28412
04/20/2026 11:43:16 - INFO - utils.trainer -   F_score: 0.26967
04/20/2026 11:43:16 - INFO - utils.trainer -   Loss: 2.70043
04/20/2026 11:43:16 - INFO - utils.trainer -    Train loss: 0.84996, Test loss: 2.70043,Epoch time = 7.784s
04/20/2026 11:43:23 - INFO - utils.trainer -   ***** Running evaluation on test2 dataset *****
04/20/2026 11:43:25 - INFO - utils.trainer -   AUC: 0.49958
04/20/2026 11:43:25 - INFO - utils.trainer -   Accuracy: 0.26282
04/20/2026 11:43:25 - INFO - utils.trainer -   Precision: 0.26576
04/20/2026 11:43:25 - INFO - utils.trainer -   Recall: 0.25571
04/20/2026 11:43:25 - INFO - utils.trainer -   F_score: 0.25609
04/20/2026 11:43:25 - INFO - utils.trainer -   Loss: 2.45363
04/20/2026 11:43:25 - INFO - utils.trainer -    Train loss: 0.84154, Test loss: 2.45363,Epoch time = 7.155s
04/20/2026 11:43:32 - INFO - utils.trainer -   ***** Running evaluation on test2 dataset *****
04/20/2026 11:43:34 - INFO - utils.trainer -   AUC: 0.48497
04/20/2026 11:43:34 - INFO - utils.trainer -   Accuracy: 0.25641
04/20/2026 11:43:34 - INFO - utils.trainer -   Precision: 0.23225
04/20/2026 11:43:34 - INFO - utils.trainer -   Recall: 0.24394
04/20/2026 11:43:34 - INFO - utils.trainer -   F_score: 0.22516
04/20/2026 11:43:34 - INFO - utils.trainer -   Loss: 2.70872
04/20/2026 11:43:34 - INFO - utils.trainer -    Train loss: 0.91401, Test loss: 2.70872,Epoch time = 7.053s
04/20/2026 11:43:41 - INFO - utils.trainer -   ***** Running evaluation on test2 dataset *****
04/20/2026 11:43:43 - INFO - utils.trainer -   AUC: 0.48347
04/20/2026 11:43:43 - INFO - utils.trainer -   Accuracy: 0.25000
04/20/2026 11:43:43 - INFO - utils.trainer -   Precision: 0.22559
04/20/2026 11:43:43 - INFO - utils.trainer -   Recall: 0.23628
04/20/2026 11:43:43 - INFO - utils.trainer -   F_score: 0.21602
04/20/2026 11:43:43 - INFO - utils.trainer -   Loss: 2.63420
04/20/2026 11:43:43 - INFO - utils.trainer -    Train loss: 0.84765, Test loss: 2.63420,Epoch time = 6.650s
04/20/2026 11:43:50 - INFO - utils.trainer -   ***** Running evaluation on test2 dataset *****
04/20/2026 11:43:52 - INFO - utils.trainer -   AUC: 0.49203
04/20/2026 11:43:52 - INFO - utils.trainer -   Accuracy: 0.25000
04/20/2026 11:43:52 - INFO - utils.trainer -   Precision: 0.22016
04/20/2026 11:43:52 - INFO - utils.trainer -   Recall: 0.23503
04/20/2026 11:43:52 - INFO - utils.trainer -   F_score: 0.20995
04/20/2026 11:43:52 - INFO - utils.trainer -   Loss: 2.49698
04/20/2026 11:43:52 - INFO - utils.trainer -    Train loss: 0.77879, Test loss: 2.49698,Epoch time = 7.604s
04/20/2026 11:43:59 - INFO - utils.trainer -   ***** Running evaluation on test2 dataset *****
04/20/2026 11:44:01 - INFO - utils.trainer -   AUC: 0.48324
04/20/2026 11:44:01 - INFO - utils.trainer -   Accuracy: 0.26282
04/20/2026 11:44:01 - INFO - utils.trainer -   Precision: 0.24979
04/20/2026 11:44:01 - INFO - utils.trainer -   Recall: 0.25141
04/20/2026 11:44:01 - INFO - utils.trainer -   F_score: 0.24011
04/20/2026 11:44:01 - INFO - utils.trainer -   Loss: 2.45381
04/20/2026 11:44:01 - INFO - utils.trainer -    Train loss: 0.70377, Test loss: 2.45381,Epoch time = 6.686s
04/20/2026 11:44:07 - INFO - utils.trainer -   ***** Running evaluation on test2 dataset *****
04/20/2026 11:44:09 - INFO - utils.trainer -   AUC: 0.49075
04/20/2026 11:44:09 - INFO - utils.trainer -   Accuracy: 0.26282
04/20/2026 11:44:09 - INFO - utils.trainer -   Precision: 0.25798
04/20/2026 11:44:09 - INFO - utils.trainer -   Recall: 0.25374
04/20/2026 11:44:09 - INFO - utils.trainer -   F_score: 0.24764
04/20/2026 11:44:09 - INFO - utils.trainer -   Loss: 2.72554
04/20/2026 11:44:09 - INFO - utils.trainer -    Train loss: 0.86117, Test loss: 2.72554,Epoch time = 6.763s
04/20/2026 11:44:17 - INFO - utils.trainer -   ***** Running evaluation on test2 dataset *****
04/20/2026 11:44:18 - INFO - utils.trainer -   AUC: 0.49098
04/20/2026 11:44:18 - INFO - utils.trainer -   Accuracy: 0.27564
04/20/2026 11:44:18 - INFO - utils.trainer -   Precision: 0.26203
04/20/2026 11:44:18 - INFO - utils.trainer -   Recall: 0.26475
04/20/2026 11:44:18 - INFO - utils.trainer -   F_score: 0.25355
04/20/2026 11:44:18 - INFO - utils.trainer -   Loss: 2.81251
04/20/2026 11:44:18 - INFO - utils.trainer -    Train loss: 0.78923, Test loss: 2.81251,Epoch time = 7.295s
04/20/2026 11:44:26 - INFO - utils.trainer -   ***** Running evaluation on test2 dataset *****
04/20/2026 11:44:28 - INFO - utils.trainer -   AUC: 0.48559
04/20/2026 11:44:28 - INFO - utils.trainer -   Accuracy: 0.25641
04/20/2026 11:44:28 - INFO - utils.trainer -   Precision: 0.25883
04/20/2026 11:44:28 - INFO - utils.trainer -   Recall: 0.24950
04/20/2026 11:44:28 - INFO - utils.trainer -   F_score: 0.24690
04/20/2026 11:44:28 - INFO - utils.trainer -   Loss: 2.34466
04/20/2026 11:44:28 - INFO - utils.trainer -    Train loss: 0.79427, Test loss: 2.34466,Epoch time = 7.568s
04/20/2026 11:44:34 - INFO - utils.trainer -   ***** Running evaluation on test2 dataset *****
04/20/2026 11:44:36 - INFO - utils.trainer -   AUC: 0.49635
04/20/2026 11:44:36 - INFO - utils.trainer -   Accuracy: 0.30128
04/20/2026 11:44:36 - INFO - utils.trainer -   Precision: 0.28298
04/20/2026 11:44:36 - INFO - utils.trainer -   Recall: 0.28963
04/20/2026 11:44:36 - INFO - utils.trainer -   F_score: 0.27942
04/20/2026 11:44:36 - INFO - utils.trainer -   Loss: 3.06025
04/20/2026 11:44:36 - INFO - utils.trainer -    Train loss: 0.82045, Test loss: 3.06025,Epoch time = 6.183s
04/20/2026 11:44:43 - INFO - utils.trainer -   ***** Running evaluation on test2 dataset *****
04/20/2026 11:44:45 - INFO - utils.trainer -   AUC: 0.48333
04/20/2026 11:44:45 - INFO - utils.trainer -   Accuracy: 0.22436
04/20/2026 11:44:45 - INFO - utils.trainer -   Precision: 0.22770
04/20/2026 11:44:45 - INFO - utils.trainer -   Recall: 0.22073
04/20/2026 11:44:45 - INFO - utils.trainer -   F_score: 0.21876
04/20/2026 11:44:45 - INFO - utils.trainer -   Loss: 2.95189
04/20/2026 11:44:45 - INFO - utils.trainer -    Train loss: 0.78883, Test loss: 2.95189,Epoch time = 7.171s
04/20/2026 11:44:52 - INFO - utils.trainer -   ***** Running evaluation on test2 dataset *****
04/20/2026 11:44:54 - INFO - utils.trainer -   AUC: 0.47212
04/20/2026 11:44:54 - INFO - utils.trainer -   Accuracy: 0.23718
04/20/2026 11:44:54 - INFO - utils.trainer -   Precision: 0.19929
04/20/2026 11:44:54 - INFO - utils.trainer -   Recall: 0.22402
04/20/2026 11:44:54 - INFO - utils.trainer -   F_score: 0.19754
04/20/2026 11:44:54 - INFO - utils.trainer -   Loss: 2.88198
04/20/2026 11:44:54 - INFO - utils.trainer -    Train loss: 0.73777, Test loss: 2.88198,Epoch time = 7.277s
04/20/2026 11:45:01 - INFO - utils.trainer -   ***** Running evaluation on test2 dataset *****
04/20/2026 11:45:03 - INFO - utils.trainer -   AUC: 0.47744
04/20/2026 11:45:03 - INFO - utils.trainer -   Accuracy: 0.25641
04/20/2026 11:45:03 - INFO - utils.trainer -   Precision: 0.25632
04/20/2026 11:45:03 - INFO - utils.trainer -   Recall: 0.25021
04/20/2026 11:45:03 - INFO - utils.trainer -   F_score: 0.25005
04/20/2026 11:45:03 - INFO - utils.trainer -   Loss: 2.66943
04/20/2026 11:45:03 - INFO - utils.trainer -    Train loss: 0.79990, Test loss: 2.66943,Epoch time = 7.205s
04/20/2026 11:45:09 - INFO - utils.trainer -   ***** Running evaluation on test2 dataset *****
04/20/2026 11:45:11 - INFO - utils.trainer -   AUC: 0.48548
04/20/2026 11:45:11 - INFO - utils.trainer -   Accuracy: 0.25000
04/20/2026 11:45:11 - INFO - utils.trainer -   Precision: 0.21971
04/20/2026 11:45:11 - INFO - utils.trainer -   Recall: 0.23754
04/20/2026 11:45:11 - INFO - utils.trainer -   F_score: 0.21823
04/20/2026 11:45:11 - INFO - utils.trainer -   Loss: 2.96282
04/20/2026 11:45:11 - INFO - utils.trainer -    Train loss: 0.88608, Test loss: 2.96282,Epoch time = 6.067s
04/20/2026 11:45:18 - INFO - utils.trainer -   ***** Running evaluation on test2 dataset *****
04/20/2026 11:45:20 - INFO - utils.trainer -   AUC: 0.50938
04/20/2026 11:45:20 - INFO - utils.trainer -   Accuracy: 0.28205
04/20/2026 11:45:20 - INFO - utils.trainer -   Precision: 0.25343
04/20/2026 11:45:20 - INFO - utils.trainer -   Recall: 0.26667
04/20/2026 11:45:20 - INFO - utils.trainer -   F_score: 0.24511
04/20/2026 11:45:20 - INFO - utils.trainer -   Loss: 2.31287
04/20/2026 11:45:20 - INFO - utils.trainer -    Train loss: 0.80896, Test loss: 2.31287,Epoch time = 7.544s
04/20/2026 11:45:27 - INFO - utils.trainer -   ***** Running evaluation on test2 dataset *****
04/20/2026 11:45:29 - INFO - utils.trainer -   AUC: 0.50661
04/20/2026 11:45:29 - INFO - utils.trainer -   Accuracy: 0.28205
04/20/2026 11:45:29 - INFO - utils.trainer -   Precision: 0.24134
04/20/2026 11:45:29 - INFO - utils.trainer -   Recall: 0.26792
04/20/2026 11:45:29 - INFO - utils.trainer -   F_score: 0.24365
04/20/2026 11:45:29 - INFO - utils.trainer -   Loss: 2.27392
04/20/2026 11:45:29 - INFO - utils.trainer -    Train loss: 0.68098, Test loss: 2.27392,Epoch time = 6.741s
04/20/2026 11:45:36 - INFO - utils.trainer -   ***** Running evaluation on test2 dataset *****
04/20/2026 11:45:38 - INFO - utils.trainer -   AUC: 0.51019
04/20/2026 11:45:38 - INFO - utils.trainer -   Accuracy: 0.31410
04/20/2026 11:45:38 - INFO - utils.trainer -   Precision: 0.29436
04/20/2026 11:45:38 - INFO - utils.trainer -   Recall: 0.30117
04/20/2026 11:45:38 - INFO - utils.trainer -   F_score: 0.28681
04/20/2026 11:45:38 - INFO - utils.trainer -   Loss: 2.57565
04/20/2026 11:45:38 - INFO - utils.trainer -    Train loss: 0.92785, Test loss: 2.57565,Epoch time = 6.946s
04/20/2026 11:45:44 - INFO - utils.trainer -   ***** Running evaluation on test2 dataset *****
04/20/2026 11:45:46 - INFO - utils.trainer -   AUC: 0.50876
04/20/2026 11:45:46 - INFO - utils.trainer -   Accuracy: 0.30128
04/20/2026 11:45:46 - INFO - utils.trainer -   Precision: 0.28087
04/20/2026 11:45:46 - INFO - utils.trainer -   Recall: 0.28998
04/20/2026 11:45:46 - INFO - utils.trainer -   F_score: 0.27836
04/20/2026 11:45:46 - INFO - utils.trainer -   Loss: 2.69984
04/20/2026 11:45:46 - INFO - utils.trainer -    Train loss: 0.77068, Test loss: 2.69984,Epoch time = 6.420s
04/20/2026 11:45:53 - INFO - utils.trainer -   ***** Running evaluation on test2 dataset *****
04/20/2026 11:45:55 - INFO - utils.trainer -   AUC: 0.49871
04/20/2026 11:45:55 - INFO - utils.trainer -   Accuracy: 0.28205
04/20/2026 11:45:55 - INFO - utils.trainer -   Precision: 0.27561
04/20/2026 11:45:55 - INFO - utils.trainer -   Recall: 0.27186
04/20/2026 11:45:55 - INFO - utils.trainer -   F_score: 0.26210
04/20/2026 11:45:55 - INFO - utils.trainer -   Loss: 2.35540
04/20/2026 11:45:55 - INFO - utils.trainer -    Train loss: 0.74003, Test loss: 2.35540,Epoch time = 7.565s
04/20/2026 11:46:02 - INFO - utils.trainer -   ***** Running evaluation on test2 dataset *****
04/20/2026 11:46:04 - INFO - utils.trainer -   AUC: 0.48837
04/20/2026 11:46:04 - INFO - utils.trainer -   Accuracy: 0.27564
04/20/2026 11:46:04 - INFO - utils.trainer -   Precision: 0.26173
04/20/2026 11:46:04 - INFO - utils.trainer -   Recall: 0.26583
04/20/2026 11:46:04 - INFO - utils.trainer -   F_score: 0.25633
04/20/2026 11:46:04 - INFO - utils.trainer -   Loss: 2.66654
04/20/2026 11:46:04 - INFO - utils.trainer -    Train loss: 0.86980, Test loss: 2.66654,Epoch time = 6.667s
04/20/2026 11:46:10 - INFO - utils.trainer -   ***** Running evaluation on test2 dataset *****
04/20/2026 11:46:12 - INFO - utils.trainer -   AUC: 0.48685
04/20/2026 11:46:12 - INFO - utils.trainer -   Accuracy: 0.25641
04/20/2026 11:46:12 - INFO - utils.trainer -   Precision: 0.24515
04/20/2026 11:46:12 - INFO - utils.trainer -   Recall: 0.24591
04/20/2026 11:46:12 - INFO - utils.trainer -   F_score: 0.23270
04/20/2026 11:46:12 - INFO - utils.trainer -   Loss: 2.37519
04/20/2026 11:46:12 - INFO - utils.trainer -    Train loss: 0.75298, Test loss: 2.37519,Epoch time = 6.749s
04/20/2026 11:46:20 - INFO - utils.trainer -   ***** Running evaluation on test2 dataset *****
04/20/2026 11:46:22 - INFO - utils.trainer -   AUC: 0.50560
04/20/2026 11:46:22 - INFO - utils.trainer -   Accuracy: 0.31410
04/20/2026 11:46:22 - INFO - utils.trainer -   Precision: 0.30509
04/20/2026 11:46:22 - INFO - utils.trainer -   Recall: 0.30529
04/20/2026 11:46:22 - INFO - utils.trainer -   F_score: 0.29594
04/20/2026 11:46:22 - INFO - utils.trainer -   Loss: 2.42684
04/20/2026 11:46:22 - INFO - utils.trainer -    Train loss: 0.76833, Test loss: 2.42684,Epoch time = 7.566s
04/20/2026 11:46:29 - INFO - utils.trainer -   ***** Running evaluation on test2 dataset *****
04/20/2026 11:46:31 - INFO - utils.trainer -   AUC: 0.49936
04/20/2026 11:46:31 - INFO - utils.trainer -   Accuracy: 0.29487
04/20/2026 11:46:31 - INFO - utils.trainer -   Precision: 0.28229
04/20/2026 11:46:31 - INFO - utils.trainer -   Recall: 0.28592
04/20/2026 11:46:31 - INFO - utils.trainer -   F_score: 0.27801
04/20/2026 11:46:31 - INFO - utils.trainer -   Loss: 2.64177
04/20/2026 11:46:31 - INFO - utils.trainer -    Train loss: 0.75454, Test loss: 2.64177,Epoch time = 7.174s
04/20/2026 11:46:37 - INFO - utils.trainer -   ***** Running evaluation on test2 dataset *****
04/20/2026 11:46:39 - INFO - utils.trainer -   AUC: 0.49499
04/20/2026 11:46:39 - INFO - utils.trainer -   Accuracy: 0.28846
04/20/2026 11:46:39 - INFO - utils.trainer -   Precision: 0.24413
04/20/2026 11:46:39 - INFO - utils.trainer -   Recall: 0.27682
04/20/2026 11:46:39 - INFO - utils.trainer -   F_score: 0.25146
04/20/2026 11:46:39 - INFO - utils.trainer -   Loss: 2.59381
04/20/2026 11:46:39 - INFO - utils.trainer -    Train loss: 0.77790, Test loss: 2.59381,Epoch time = 6.584s
04/20/2026 11:46:46 - INFO - utils.trainer -   ***** Running evaluation on test2 dataset *****
04/20/2026 11:46:48 - INFO - utils.trainer -   AUC: 0.50357
04/20/2026 11:46:48 - INFO - utils.trainer -   Accuracy: 0.30769
04/20/2026 11:46:48 - INFO - utils.trainer -   Precision: 0.28410
04/20/2026 11:46:48 - INFO - utils.trainer -   Recall: 0.29459
04/20/2026 11:46:48 - INFO - utils.trainer -   F_score: 0.27573
04/20/2026 11:46:48 - INFO - utils.trainer -   Loss: 2.28647
04/20/2026 11:46:48 - INFO - utils.trainer -    Train loss: 0.81980, Test loss: 2.28647,Epoch time = 6.770s
04/20/2026 11:46:55 - INFO - utils.trainer -   ***** Running evaluation on test2 dataset *****
04/20/2026 11:46:57 - INFO - utils.trainer -   AUC: 0.52636
04/20/2026 11:46:57 - INFO - utils.trainer -   Accuracy: 0.30769
04/20/2026 11:46:57 - INFO - utils.trainer -   Precision: 0.30229
04/20/2026 11:46:57 - INFO - utils.trainer -   Recall: 0.29746
04/20/2026 11:46:57 - INFO - utils.trainer -   F_score: 0.29193
04/20/2026 11:46:57 - INFO - utils.trainer -   Loss: 2.34365
04/20/2026 11:46:57 - INFO - utils.trainer -    Train loss: 0.65401, Test loss: 2.34365,Epoch time = 7.690s
04/20/2026 11:47:04 - INFO - utils.trainer -   ***** Running evaluation on test2 dataset *****
04/20/2026 11:47:06 - INFO - utils.trainer -   AUC: 0.51086
04/20/2026 11:47:06 - INFO - utils.trainer -   Accuracy: 0.29487
04/20/2026 11:47:06 - INFO - utils.trainer -   Precision: 0.27794
04/20/2026 11:47:06 - INFO - utils.trainer -   Recall: 0.28448
04/20/2026 11:47:06 - INFO - utils.trainer -   F_score: 0.27501
04/20/2026 11:47:06 - INFO - utils.trainer -   Loss: 2.54989
04/20/2026 11:47:06 - INFO - utils.trainer -    Train loss: 0.86732, Test loss: 2.54989,Epoch time = 7.136s
04/20/2026 11:47:13 - INFO - utils.trainer -   ***** Running evaluation on test2 dataset *****
04/20/2026 11:47:15 - INFO - utils.trainer -   AUC: 0.52226
04/20/2026 11:47:15 - INFO - utils.trainer -   Accuracy: 0.28846
04/20/2026 11:47:15 - INFO - utils.trainer -   Precision: 0.28925
04/20/2026 11:47:15 - INFO - utils.trainer -   Recall: 0.27737
04/20/2026 11:47:15 - INFO - utils.trainer -   F_score: 0.27039
04/20/2026 11:47:15 - INFO - utils.trainer -   Loss: 2.30048
04/20/2026 11:47:15 - INFO - utils.trainer -    Train loss: 0.72442, Test loss: 2.30048,Epoch time = 7.016s
04/20/2026 11:47:23 - INFO - utils.trainer -   ***** Running evaluation on test2 dataset *****
04/20/2026 11:47:24 - INFO - utils.trainer -   AUC: 0.52884
04/20/2026 11:47:24 - INFO - utils.trainer -   Accuracy: 0.32692
04/20/2026 11:47:24 - INFO - utils.trainer -   Precision: 0.31028
04/20/2026 11:47:24 - INFO - utils.trainer -   Recall: 0.31791
04/20/2026 11:47:24 - INFO - utils.trainer -   F_score: 0.30239
04/20/2026 11:47:24 - INFO - utils.trainer -   Loss: 2.36387
04/20/2026 11:47:24 - INFO - utils.trainer -    Train loss: 0.70812, Test loss: 2.36387,Epoch time = 7.541s
04/20/2026 11:47:32 - INFO - utils.trainer -   ***** Running evaluation on test2 dataset *****
04/20/2026 11:47:34 - INFO - utils.trainer -   AUC: 0.52364
04/20/2026 11:47:34 - INFO - utils.trainer -   Accuracy: 0.30769
04/20/2026 11:47:34 - INFO - utils.trainer -   Precision: 0.28452
04/20/2026 11:47:34 - INFO - utils.trainer -   Recall: 0.29584
04/20/2026 11:47:34 - INFO - utils.trainer -   F_score: 0.28077
04/20/2026 11:47:34 - INFO - utils.trainer -   Loss: 2.43145
04/20/2026 11:47:34 - INFO - utils.trainer -    Train loss: 0.76918, Test loss: 2.43145,Epoch time = 7.482s
04/20/2026 11:47:41 - INFO - utils.trainer -   ***** Running evaluation on test2 dataset *****
04/20/2026 11:47:43 - INFO - utils.trainer -   AUC: 0.53034
04/20/2026 11:47:43 - INFO - utils.trainer -   Accuracy: 0.31410
04/20/2026 11:47:43 - INFO - utils.trainer -   Precision: 0.31324
04/20/2026 11:47:43 - INFO - utils.trainer -   Recall: 0.30476
04/20/2026 11:47:43 - INFO - utils.trainer -   F_score: 0.29924
04/20/2026 11:47:43 - INFO - utils.trainer -   Loss: 2.39307
04/20/2026 11:47:43 - INFO - utils.trainer -    Train loss: 0.90678, Test loss: 2.39307,Epoch time = 7.054s
04/20/2026 11:47:50 - INFO - utils.trainer -   ***** Running evaluation on test2 dataset *****
04/20/2026 11:47:51 - INFO - utils.trainer -   AUC: 0.52526
04/20/2026 11:47:51 - INFO - utils.trainer -   Accuracy: 0.28846
04/20/2026 11:47:51 - INFO - utils.trainer -   Precision: 0.28309
04/20/2026 11:47:51 - INFO - utils.trainer -   Recall: 0.28041
04/20/2026 11:47:51 - INFO - utils.trainer -   F_score: 0.27811
04/20/2026 11:47:51 - INFO - utils.trainer -   Loss: 2.24471
04/20/2026 11:47:51 - INFO - utils.trainer -    Train loss: 0.67571, Test loss: 2.24471,Epoch time = 6.955s
04/20/2026 11:47:59 - INFO - utils.trainer -   ***** Running evaluation on test2 dataset *****
04/20/2026 11:48:01 - INFO - utils.trainer -   AUC: 0.51395
04/20/2026 11:48:01 - INFO - utils.trainer -   Accuracy: 0.30769
04/20/2026 11:48:01 - INFO - utils.trainer -   Precision: 0.30162
04/20/2026 11:48:01 - INFO - utils.trainer -   Recall: 0.29961
04/20/2026 11:48:01 - INFO - utils.trainer -   F_score: 0.29360
04/20/2026 11:48:01 - INFO - utils.trainer -   Loss: 2.25446
04/20/2026 11:48:01 - INFO - utils.trainer -    Train loss: 0.76894, Test loss: 2.25446,Epoch time = 7.798s
04/20/2026 11:48:08 - INFO - utils.trainer -   ***** Running evaluation on test2 dataset *****
04/20/2026 11:48:10 - INFO - utils.trainer -   AUC: 0.49168
04/20/2026 11:48:10 - INFO - utils.trainer -   Accuracy: 0.28205
04/20/2026 11:48:10 - INFO - utils.trainer -   Precision: 0.27892
04/20/2026 11:48:10 - INFO - utils.trainer -   Recall: 0.27581
04/20/2026 11:48:10 - INFO - utils.trainer -   F_score: 0.26938
04/20/2026 11:48:10 - INFO - utils.trainer -   Loss: 2.17757
04/20/2026 11:48:10 - INFO - utils.trainer -    Train loss: 0.71739, Test loss: 2.17757,Epoch time = 7.177s
04/20/2026 11:48:17 - INFO - utils.trainer -   ***** Running evaluation on test2 dataset *****
04/20/2026 11:48:19 - INFO - utils.trainer -   AUC: 0.49956
04/20/2026 11:48:19 - INFO - utils.trainer -   Accuracy: 0.28846
04/20/2026 11:48:19 - INFO - utils.trainer -   Precision: 0.30180
04/20/2026 11:48:19 - INFO - utils.trainer -   Recall: 0.28400
04/20/2026 11:48:19 - INFO - utils.trainer -   F_score: 0.28688
04/20/2026 11:48:19 - INFO - utils.trainer -   Loss: 2.40651
04/20/2026 11:48:19 - INFO - utils.trainer -    Train loss: 0.72327, Test loss: 2.40651,Epoch time = 6.871s
04/20/2026 11:48:25 - INFO - utils.trainer -   ***** Running evaluation on test2 dataset *****
04/20/2026 11:48:27 - INFO - utils.trainer -   AUC: 0.50697
04/20/2026 11:48:27 - INFO - utils.trainer -   Accuracy: 0.28205
04/20/2026 11:48:27 - INFO - utils.trainer -   Precision: 0.27710
04/20/2026 11:48:27 - INFO - utils.trainer -   Recall: 0.27258
04/20/2026 11:48:27 - INFO - utils.trainer -   F_score: 0.26865
04/20/2026 11:48:27 - INFO - utils.trainer -   Loss: 2.24389
04/20/2026 11:48:27 - INFO - utils.trainer -    Train loss: 0.74079, Test loss: 2.24389,Epoch time = 6.386s
04/20/2026 11:48:34 - INFO - utils.trainer -   ***** Running evaluation on test2 dataset *****
04/20/2026 11:48:36 - INFO - utils.trainer -   AUC: 0.51530
04/20/2026 11:48:36 - INFO - utils.trainer -   Accuracy: 0.30769
04/20/2026 11:48:36 - INFO - utils.trainer -   Precision: 0.30266
04/20/2026 11:48:36 - INFO - utils.trainer -   Recall: 0.29800
04/20/2026 11:48:36 - INFO - utils.trainer -   F_score: 0.29185
04/20/2026 11:48:36 - INFO - utils.trainer -   Loss: 2.14170
04/20/2026 11:48:36 - INFO - utils.trainer -    Train loss: 0.79951, Test loss: 2.14170,Epoch time = 7.580s
04/20/2026 11:48:43 - INFO - utils.trainer -   ***** Running evaluation on test2 dataset *****
04/20/2026 11:48:45 - INFO - utils.trainer -   AUC: 0.53762
04/20/2026 11:48:45 - INFO - utils.trainer -   Accuracy: 0.32051
04/20/2026 11:48:45 - INFO - utils.trainer -   Precision: 0.32062
04/20/2026 11:48:45 - INFO - utils.trainer -   Recall: 0.31259
04/20/2026 11:48:45 - INFO - utils.trainer -   F_score: 0.31017
04/20/2026 11:48:45 - INFO - utils.trainer -   Loss: 2.26961
04/20/2026 11:48:45 - INFO - utils.trainer -    Train loss: 0.80236, Test loss: 2.26961,Epoch time = 6.638s
04/20/2026 11:48:52 - INFO - utils.trainer -   ***** Running evaluation on test2 dataset *****
04/20/2026 11:48:53 - INFO - utils.trainer -   AUC: 0.53110
04/20/2026 11:48:53 - INFO - utils.trainer -   Accuracy: 0.29487
04/20/2026 11:48:53 - INFO - utils.trainer -   Precision: 0.29185
04/20/2026 11:48:53 - INFO - utils.trainer -   Recall: 0.28430
04/20/2026 11:48:53 - INFO - utils.trainer -   F_score: 0.27777
04/20/2026 11:48:53 - INFO - utils.trainer -   Loss: 1.93354
04/20/2026 11:48:53 - INFO - utils.trainer -    Train loss: 0.71713, Test loss: 1.93354,Epoch time = 6.645s
04/20/2026 11:49:01 - INFO - utils.trainer -   ***** Running evaluation on test2 dataset *****
04/20/2026 11:49:03 - INFO - utils.trainer -   AUC: 0.51631
04/20/2026 11:49:03 - INFO - utils.trainer -   Accuracy: 0.30769
04/20/2026 11:49:03 - INFO - utils.trainer -   Precision: 0.29894
04/20/2026 11:49:03 - INFO - utils.trainer -   Recall: 0.29961
04/20/2026 11:49:03 - INFO - utils.trainer -   F_score: 0.29462
04/20/2026 11:49:03 - INFO - utils.trainer -   Loss: 2.05152
04/20/2026 11:49:03 - INFO - utils.trainer -    Train loss: 0.73054, Test loss: 2.05152,Epoch time = 7.527s
04/20/2026 11:49:10 - INFO - utils.trainer -   ***** Running evaluation on test2 dataset *****
04/20/2026 11:49:12 - INFO - utils.trainer -   AUC: 0.51550
04/20/2026 11:49:12 - INFO - utils.trainer -   Accuracy: 0.26923
04/20/2026 11:49:12 - INFO - utils.trainer -   Precision: 0.25880
04/20/2026 11:49:12 - INFO - utils.trainer -   Recall: 0.26014
04/20/2026 11:49:12 - INFO - utils.trainer -   F_score: 0.25160
04/20/2026 11:49:12 - INFO - utils.trainer -   Loss: 2.00642
04/20/2026 11:49:12 - INFO - utils.trainer -    Train loss: 0.82124, Test loss: 2.00642,Epoch time = 7.490s
04/20/2026 11:49:19 - INFO - utils.trainer -   ***** Running evaluation on test2 dataset *****
04/20/2026 11:49:20 - INFO - utils.trainer -   AUC: 0.53145
04/20/2026 11:49:20 - INFO - utils.trainer -   Accuracy: 0.30128
04/20/2026 11:49:20 - INFO - utils.trainer -   Precision: 0.30381
04/20/2026 11:49:20 - INFO - utils.trainer -   Recall: 0.29375
04/20/2026 11:49:20 - INFO - utils.trainer -   F_score: 0.29292
04/20/2026 11:49:20 - INFO - utils.trainer -   Loss: 2.05527
04/20/2026 11:49:20 - INFO - utils.trainer -    Train loss: 0.80095, Test loss: 2.05527,Epoch time = 6.376s
04/20/2026 11:49:27 - INFO - utils.trainer -   ***** Running evaluation on test2 dataset *****
04/20/2026 11:49:29 - INFO - utils.trainer -   AUC: 0.50739
04/20/2026 11:49:29 - INFO - utils.trainer -   Accuracy: 0.27564
04/20/2026 11:49:29 - INFO - utils.trainer -   Precision: 0.26883
04/20/2026 11:49:29 - INFO - utils.trainer -   Recall: 0.26726
04/20/2026 11:49:29 - INFO - utils.trainer -   F_score: 0.26320
04/20/2026 11:49:29 - INFO - utils.trainer -   Loss: 1.97356
04/20/2026 11:49:29 - INFO - utils.trainer -    Train loss: 0.73549, Test loss: 1.97356,Epoch time = 7.108s
04/20/2026 11:49:37 - INFO - utils.trainer -   ***** Running evaluation on test2 dataset *****
04/20/2026 11:49:38 - INFO - utils.trainer -   AUC: 0.51723
04/20/2026 11:49:38 - INFO - utils.trainer -   Accuracy: 0.28205
04/20/2026 11:49:38 - INFO - utils.trainer -   Precision: 0.27945
04/20/2026 11:49:38 - INFO - utils.trainer -   Recall: 0.27258
04/20/2026 11:49:38 - INFO - utils.trainer -   F_score: 0.26713
04/20/2026 11:49:38 - INFO - utils.trainer -   Loss: 2.04076
04/20/2026 11:49:38 - INFO - utils.trainer -    Train loss: 0.72852, Test loss: 2.04076,Epoch time = 7.265s
04/20/2026 11:49:46 - INFO - utils.trainer -   ***** Running evaluation on test2 dataset *****
04/20/2026 11:49:48 - INFO - utils.trainer -   AUC: 0.51841
04/20/2026 11:49:48 - INFO - utils.trainer -   Accuracy: 0.28846
04/20/2026 11:49:48 - INFO - utils.trainer -   Precision: 0.27427
04/20/2026 11:49:48 - INFO - utils.trainer -   Recall: 0.27754
04/20/2026 11:49:48 - INFO - utils.trainer -   F_score: 0.27164
04/20/2026 11:49:48 - INFO - utils.trainer -   Loss: 1.90138
04/20/2026 11:49:48 - INFO - utils.trainer -    Train loss: 0.75135, Test loss: 1.90138,Epoch time = 7.595s
04/20/2026 11:49:54 - INFO - utils.trainer -   ***** Running evaluation on test2 dataset *****
04/20/2026 11:49:56 - INFO - utils.trainer -   AUC: 0.51633
04/20/2026 11:49:56 - INFO - utils.trainer -   Accuracy: 0.30128
04/20/2026 11:49:56 - INFO - utils.trainer -   Precision: 0.29519
04/20/2026 11:49:56 - INFO - utils.trainer -   Recall: 0.29285
04/20/2026 11:49:56 - INFO - utils.trainer -   F_score: 0.28800
04/20/2026 11:49:56 - INFO - utils.trainer -   Loss: 1.98707
04/20/2026 11:49:56 - INFO - utils.trainer -    Train loss: 0.69890, Test loss: 1.98707,Epoch time = 6.071s
04/20/2026 11:50:03 - INFO - utils.trainer -   ***** Running evaluation on test2 dataset *****
04/20/2026 11:50:05 - INFO - utils.trainer -   AUC: 0.52743
04/20/2026 11:50:05 - INFO - utils.trainer -   Accuracy: 0.34615
04/20/2026 11:50:05 - INFO - utils.trainer -   Precision: 0.33763
04/20/2026 11:50:05 - INFO - utils.trainer -   Recall: 0.33782
04/20/2026 11:50:05 - INFO - utils.trainer -   F_score: 0.33258
04/20/2026 11:50:05 - INFO - utils.trainer -   Loss: 1.95691
04/20/2026 11:50:05 - INFO - utils.trainer -    Train loss: 0.79222, Test loss: 1.95691,Epoch time = 7.221s
04/20/2026 11:50:05 - INFO - utils.trainer -   Saving model checkpoint to output_dir/FBNetGen
04/20/2026 11:50:12 - INFO - utils.trainer -   ***** Running evaluation on test2 dataset *****
04/20/2026 11:50:14 - INFO - utils.trainer -   AUC: 0.52772
04/20/2026 11:50:14 - INFO - utils.trainer -   Accuracy: 0.34615
04/20/2026 11:50:14 - INFO - utils.trainer -   Precision: 0.33956
04/20/2026 11:50:14 - INFO - utils.trainer -   Recall: 0.33675
04/20/2026 11:50:14 - INFO - utils.trainer -   F_score: 0.33156
04/20/2026 11:50:14 - INFO - utils.trainer -   Loss: 2.09900
04/20/2026 11:50:14 - INFO - utils.trainer -    Train loss: 0.72189, Test loss: 2.09900,Epoch time = 7.156s
04/20/2026 11:50:14 - INFO - utils.trainer -   Saving model checkpoint to output_dir/FBNetGen
04/20/2026 11:50:21 - INFO - utils.trainer -   ***** Running evaluation on test2 dataset *****
04/20/2026 11:50:23 - INFO - utils.trainer -   AUC: 0.50511
04/20/2026 11:50:23 - INFO - utils.trainer -   Accuracy: 0.31410
04/20/2026 11:50:23 - INFO - utils.trainer -   Precision: 0.30813
04/20/2026 11:50:23 - INFO - utils.trainer -   Recall: 0.30314
04/20/2026 11:50:23 - INFO - utils.trainer -   F_score: 0.29561
04/20/2026 11:50:23 - INFO - utils.trainer -   Loss: 1.99027
04/20/2026 11:50:23 - INFO - utils.trainer -    Train loss: 0.71057, Test loss: 1.99027,Epoch time = 7.225s
04/20/2026 11:50:29 - INFO - utils.trainer -   ***** Running evaluation on test2 dataset *****
04/20/2026 11:50:31 - INFO - utils.trainer -   AUC: 0.50467
04/20/2026 11:50:31 - INFO - utils.trainer -   Accuracy: 0.32692
04/20/2026 11:50:31 - INFO - utils.trainer -   Precision: 0.31847
04/20/2026 11:50:31 - INFO - utils.trainer -   Recall: 0.31648
04/20/2026 11:50:31 - INFO - utils.trainer -   F_score: 0.30761
04/20/2026 11:50:31 - INFO - utils.trainer -   Loss: 1.98566
04/20/2026 11:50:31 - INFO - utils.trainer -    Train loss: 0.66550, Test loss: 1.98566,Epoch time = 6.203s
04/20/2026 11:50:39 - INFO - utils.trainer -   ***** Running evaluation on test2 dataset *****
04/20/2026 11:50:41 - INFO - utils.trainer -   AUC: 0.49559
04/20/2026 11:50:41 - INFO - utils.trainer -   Accuracy: 0.29487
04/20/2026 11:50:41 - INFO - utils.trainer -   Precision: 0.28409
04/20/2026 11:50:41 - INFO - utils.trainer -   Recall: 0.28538
04/20/2026 11:50:41 - INFO - utils.trainer -   F_score: 0.27686
04/20/2026 11:50:41 - INFO - utils.trainer -   Loss: 2.18005
04/20/2026 11:50:41 - INFO - utils.trainer -    Train loss: 0.72927, Test loss: 2.18005,Epoch time = 7.680s
04/20/2026 11:50:47 - INFO - utils.trainer -   ***** Running evaluation on test2 dataset *****
04/20/2026 11:50:49 - INFO - utils.trainer -   AUC: 0.50190
04/20/2026 11:50:49 - INFO - utils.trainer -   Accuracy: 0.29487
04/20/2026 11:50:49 - INFO - utils.trainer -   Precision: 0.27807
04/20/2026 11:50:49 - INFO - utils.trainer -   Recall: 0.28395
04/20/2026 11:50:49 - INFO - utils.trainer -   F_score: 0.27464
04/20/2026 11:50:49 - INFO - utils.trainer -   Loss: 1.88922
04/20/2026 11:50:49 - INFO - utils.trainer -    Train loss: 0.79331, Test loss: 1.88922,Epoch time = 6.488s
04/20/2026 11:50:56 - INFO - utils.trainer -   ***** Running evaluation on test2 dataset *****
04/20/2026 11:50:58 - INFO - utils.trainer -   AUC: 0.50881
04/20/2026 11:50:58 - INFO - utils.trainer -   Accuracy: 0.30769
04/20/2026 11:50:58 - INFO - utils.trainer -   Precision: 0.29465
04/20/2026 11:50:58 - INFO - utils.trainer -   Recall: 0.29728
04/20/2026 11:50:58 - INFO - utils.trainer -   F_score: 0.28877
04/20/2026 11:50:58 - INFO - utils.trainer -   Loss: 1.98417
04/20/2026 11:50:58 - INFO - utils.trainer -    Train loss: 0.70620, Test loss: 1.98417,Epoch time = 6.741s
04/20/2026 11:51:05 - INFO - utils.trainer -   ***** Running evaluation on test2 dataset *****
04/20/2026 11:51:07 - INFO - utils.trainer -   AUC: 0.48256
04/20/2026 11:51:07 - INFO - utils.trainer -   Accuracy: 0.25000
04/20/2026 11:51:07 - INFO - utils.trainer -   Precision: 0.23459
04/20/2026 11:51:07 - INFO - utils.trainer -   Recall: 0.23898
04/20/2026 11:51:07 - INFO - utils.trainer -   F_score: 0.22790
04/20/2026 11:51:07 - INFO - utils.trainer -   Loss: 1.99942
04/20/2026 11:51:07 - INFO - utils.trainer -    Train loss: 0.81075, Test loss: 1.99942,Epoch time = 6.869s
04/20/2026 11:51:14 - INFO - utils.trainer -   ***** Running evaluation on test2 dataset *****
04/20/2026 11:51:16 - INFO - utils.trainer -   AUC: 0.49828
04/20/2026 11:51:16 - INFO - utils.trainer -   Accuracy: 0.31410
04/20/2026 11:51:16 - INFO - utils.trainer -   Precision: 0.30672
04/20/2026 11:51:16 - INFO - utils.trainer -   Recall: 0.30583
04/20/2026 11:51:16 - INFO - utils.trainer -   F_score: 0.30035
04/20/2026 11:51:16 - INFO - utils.trainer -   Loss: 2.08838
04/20/2026 11:51:16 - INFO - utils.trainer -    Train loss: 0.75132, Test loss: 2.08838,Epoch time = 7.640s
04/20/2026 11:51:22 - INFO - utils.trainer -   ***** Running evaluation on test2 dataset *****
04/20/2026 11:51:24 - INFO - utils.trainer -   AUC: 0.48355
04/20/2026 11:51:24 - INFO - utils.trainer -   Accuracy: 0.26282
04/20/2026 11:51:24 - INFO - utils.trainer -   Precision: 0.24406
04/20/2026 11:51:24 - INFO - utils.trainer -   Recall: 0.25267
04/20/2026 11:51:24 - INFO - utils.trainer -   F_score: 0.24167
04/20/2026 11:51:24 - INFO - utils.trainer -   Loss: 2.28732
04/20/2026 11:51:24 - INFO - utils.trainer -    Train loss: 0.82228, Test loss: 2.28732,Epoch time = 5.793s
04/20/2026 11:51:31 - INFO - utils.trainer -   ***** Running evaluation on test2 dataset *****
04/20/2026 11:51:33 - INFO - utils.trainer -   AUC: 0.50811
04/20/2026 11:51:33 - INFO - utils.trainer -   Accuracy: 0.30769
04/20/2026 11:51:33 - INFO - utils.trainer -   Precision: 0.30564
04/20/2026 11:51:33 - INFO - utils.trainer -   Recall: 0.29693
04/20/2026 11:51:33 - INFO - utils.trainer -   F_score: 0.28917
04/20/2026 11:51:33 - INFO - utils.trainer -   Loss: 2.06502
04/20/2026 11:51:33 - INFO - utils.trainer -    Train loss: 0.75949, Test loss: 2.06502,Epoch time = 7.191s
04/20/2026 11:51:40 - INFO - utils.trainer -   ***** Running evaluation on test2 dataset *****
04/20/2026 11:51:42 - INFO - utils.trainer -   AUC: 0.52271
04/20/2026 11:51:42 - INFO - utils.trainer -   Accuracy: 0.30128
04/20/2026 11:51:42 - INFO - utils.trainer -   Precision: 0.29856
04/20/2026 11:51:42 - INFO - utils.trainer -   Recall: 0.28945
04/20/2026 11:51:42 - INFO - utils.trainer -   F_score: 0.28059
04/20/2026 11:51:42 - INFO - utils.trainer -   Loss: 1.98510
04/20/2026 11:51:42 - INFO - utils.trainer -    Train loss: 0.77542, Test loss: 1.98510,Epoch time = 7.010s
04/20/2026 11:51:50 - INFO - utils.trainer -   ***** Running evaluation on test2 dataset *****
04/20/2026 11:51:52 - INFO - utils.trainer -   AUC: 0.54044
04/20/2026 11:51:52 - INFO - utils.trainer -   Accuracy: 0.31410
04/20/2026 11:51:52 - INFO - utils.trainer -   Precision: 0.30427
04/20/2026 11:51:52 - INFO - utils.trainer -   Recall: 0.30314
04/20/2026 11:51:52 - INFO - utils.trainer -   F_score: 0.29663
04/20/2026 11:51:52 - INFO - utils.trainer -   Loss: 1.91401
04/20/2026 11:51:52 - INFO - utils.trainer -    Train loss: 0.68979, Test loss: 1.91401,Epoch time = 7.384s
04/20/2026 11:51:57 - INFO - utils.trainer -   ***** Running evaluation on test2 dataset *****
04/20/2026 11:51:59 - INFO - utils.trainer -   AUC: 0.52197
04/20/2026 11:51:59 - INFO - utils.trainer -   Accuracy: 0.30769
04/20/2026 11:51:59 - INFO - utils.trainer -   Precision: 0.30719
04/20/2026 11:51:59 - INFO - utils.trainer -   Recall: 0.29746
04/20/2026 11:51:59 - INFO - utils.trainer -   F_score: 0.29324
04/20/2026 11:51:59 - INFO - utils.trainer -   Loss: 1.87865
04/20/2026 11:51:59 - INFO - utils.trainer -    Train loss: 0.71185, Test loss: 1.87865,Epoch time = 5.379s
04/20/2026 11:52:07 - INFO - utils.trainer -   ***** Running evaluation on test2 dataset *****
04/20/2026 11:52:09 - INFO - utils.trainer -   AUC: 0.51041
04/20/2026 11:52:09 - INFO - utils.trainer -   Accuracy: 0.28205
04/20/2026 11:52:09 - INFO - utils.trainer -   Precision: 0.26827
04/20/2026 11:52:09 - INFO - utils.trainer -   Recall: 0.27079
04/20/2026 11:52:09 - INFO - utils.trainer -   F_score: 0.26288
04/20/2026 11:52:09 - INFO - utils.trainer -   Loss: 1.94377
04/20/2026 11:52:09 - INFO - utils.trainer -    Train loss: 0.63901, Test loss: 1.94377,Epoch time = 7.642s
04/20/2026 11:52:15 - INFO - utils.trainer -   ***** Running evaluation on test2 dataset *****
04/20/2026 11:52:17 - INFO - utils.trainer -   AUC: 0.53448
04/20/2026 11:52:17 - INFO - utils.trainer -   Accuracy: 0.31410
04/20/2026 11:52:17 - INFO - utils.trainer -   Precision: 0.30527
04/20/2026 11:52:17 - INFO - utils.trainer -   Recall: 0.30404
04/20/2026 11:52:17 - INFO - utils.trainer -   F_score: 0.29731
04/20/2026 11:52:17 - INFO - utils.trainer -   Loss: 1.82649
04/20/2026 11:52:17 - INFO - utils.trainer -    Train loss: 0.72749, Test loss: 1.82649,Epoch time = 6.297s
04/20/2026 11:52:24 - INFO - utils.trainer -   ***** Running evaluation on test2 dataset *****
04/20/2026 11:52:26 - INFO - utils.trainer -   AUC: 0.52369
04/20/2026 11:52:26 - INFO - utils.trainer -   Accuracy: 0.29487
04/20/2026 11:52:26 - INFO - utils.trainer -   Precision: 0.27782
04/20/2026 11:52:26 - INFO - utils.trainer -   Recall: 0.28502
04/20/2026 11:52:26 - INFO - utils.trainer -   F_score: 0.27614
04/20/2026 11:52:26 - INFO - utils.trainer -   Loss: 1.88177
04/20/2026 11:52:26 - INFO - utils.trainer -    Train loss: 0.72734, Test loss: 1.88177,Epoch time = 6.838s
04/20/2026 11:52:32 - INFO - utils.trainer -   ***** Running evaluation on test2 dataset *****
04/20/2026 11:52:34 - INFO - utils.trainer -   AUC: 0.51484
04/20/2026 11:52:34 - INFO - utils.trainer -   Accuracy: 0.31410
04/20/2026 11:52:34 - INFO - utils.trainer -   Precision: 0.30005
04/20/2026 11:52:34 - INFO - utils.trainer -   Recall: 0.30386
04/20/2026 11:52:34 - INFO - utils.trainer -   F_score: 0.29582
04/20/2026 11:52:34 - INFO - utils.trainer -   Loss: 2.07888
04/20/2026 11:52:34 - INFO - utils.trainer -    Train loss: 0.81477, Test loss: 2.07888,Epoch time = 6.374s
04/20/2026 11:52:42 - INFO - utils.trainer -   ***** Running evaluation on test2 dataset *****
04/20/2026 11:52:44 - INFO - utils.trainer -   AUC: 0.51303
04/20/2026 11:52:44 - INFO - utils.trainer -   Accuracy: 0.32051
04/20/2026 11:52:44 - INFO - utils.trainer -   Precision: 0.31283
04/20/2026 11:52:44 - INFO - utils.trainer -   Recall: 0.31312
04/20/2026 11:52:44 - INFO - utils.trainer -   F_score: 0.30675
04/20/2026 11:52:44 - INFO - utils.trainer -   Loss: 1.84291
04/20/2026 11:52:44 - INFO - utils.trainer -    Train loss: 0.70596, Test loss: 1.84291,Epoch time = 7.878s
04/20/2026 11:52:49 - INFO - utils.trainer -   ***** Running evaluation on test2 dataset *****
04/20/2026 11:52:51 - INFO - utils.trainer -   AUC: 0.50461
04/20/2026 11:52:51 - INFO - utils.trainer -   Accuracy: 0.30769
04/20/2026 11:52:51 - INFO - utils.trainer -   Precision: 0.29335
04/20/2026 11:52:51 - INFO - utils.trainer -   Recall: 0.29621
04/20/2026 11:52:51 - INFO - utils.trainer -   F_score: 0.28447
04/20/2026 11:52:51 - INFO - utils.trainer -   Loss: 1.88638
04/20/2026 11:52:51 - INFO - utils.trainer -    Train loss: 0.68477, Test loss: 1.88638,Epoch time = 5.410s
04/20/2026 11:52:59 - INFO - utils.trainer -   ***** Running evaluation on test2 dataset *****
04/20/2026 11:53:01 - INFO - utils.trainer -   AUC: 0.50391
04/20/2026 11:53:01 - INFO - utils.trainer -   Accuracy: 0.32051
04/20/2026 11:53:01 - INFO - utils.trainer -   Precision: 0.31381
04/20/2026 11:53:01 - INFO - utils.trainer -   Recall: 0.31044
04/20/2026 11:53:01 - INFO - utils.trainer -   F_score: 0.30438
04/20/2026 11:53:01 - INFO - utils.trainer -   Loss: 1.96964
04/20/2026 11:53:01 - INFO - utils.trainer -    Train loss: 0.65672, Test loss: 1.96964,Epoch time = 7.489s
04/20/2026 11:53:08 - INFO - utils.trainer -   ***** Running evaluation on test2 dataset *****
04/20/2026 11:53:10 - INFO - utils.trainer -   AUC: 0.51234
04/20/2026 11:53:10 - INFO - utils.trainer -   Accuracy: 0.28205
04/20/2026 11:53:10 - INFO - utils.trainer -   Precision: 0.27479
04/20/2026 11:53:10 - INFO - utils.trainer -   Recall: 0.27258
04/20/2026 11:53:10 - INFO - utils.trainer -   F_score: 0.26635
04/20/2026 11:53:10 - INFO - utils.trainer -   Loss: 1.90631
04/20/2026 11:53:10 - INFO - utils.trainer -    Train loss: 0.70270, Test loss: 1.90631,Epoch time = 7.032s
04/20/2026 11:53:17 - INFO - utils.trainer -   ***** Running evaluation on test2 dataset *****
04/20/2026 11:53:18 - INFO - utils.trainer -   AUC: 0.50611
04/20/2026 11:53:18 - INFO - utils.trainer -   Accuracy: 0.28846
04/20/2026 11:53:18 - INFO - utils.trainer -   Precision: 0.27633
04/20/2026 11:53:18 - INFO - utils.trainer -   Recall: 0.27701
04/20/2026 11:53:18 - INFO - utils.trainer -   F_score: 0.26636
04/20/2026 11:53:18 - INFO - utils.trainer -   Loss: 1.93647
04/20/2026 11:53:18 - INFO - utils.trainer -    Train loss: 0.80882, Test loss: 1.93647,Epoch time = 6.932s
04/20/2026 11:53:25 - INFO - utils.trainer -   ***** Running evaluation on test2 dataset *****
04/20/2026 11:53:27 - INFO - utils.trainer -   AUC: 0.51751
04/20/2026 11:53:27 - INFO - utils.trainer -   Accuracy: 0.28846
04/20/2026 11:53:27 - INFO - utils.trainer -   Precision: 0.27534
04/20/2026 11:53:27 - INFO - utils.trainer -   Recall: 0.27809
04/20/2026 11:53:27 - INFO - utils.trainer -   F_score: 0.26785
04/20/2026 11:53:27 - INFO - utils.trainer -   Loss: 1.91599
04/20/2026 11:53:27 - INFO - utils.trainer -    Train loss: 0.71378, Test loss: 1.91599,Epoch time = 6.450s
04/20/2026 11:53:35 - INFO - utils.trainer -   ***** Running evaluation on test2 dataset *****
04/20/2026 11:53:36 - INFO - utils.trainer -   AUC: 0.51510
04/20/2026 11:53:36 - INFO - utils.trainer -   Accuracy: 0.29487
04/20/2026 11:53:36 - INFO - utils.trainer -   Precision: 0.28868
04/20/2026 11:53:36 - INFO - utils.trainer -   Recall: 0.28592
04/20/2026 11:53:36 - INFO - utils.trainer -   F_score: 0.28101
04/20/2026 11:53:36 - INFO - utils.trainer -   Loss: 2.12552
04/20/2026 11:53:36 - INFO - utils.trainer -    Train loss: 0.67124, Test loss: 2.12552,Epoch time = 7.826s
04/20/2026 11:53:42 - INFO - utils.trainer -   ***** Running evaluation on test2 dataset *****
04/20/2026 11:53:44 - INFO - utils.trainer -   AUC: 0.51074
04/20/2026 11:53:44 - INFO - utils.trainer -   Accuracy: 0.31410
04/20/2026 11:53:44 - INFO - utils.trainer -   Precision: 0.30875
04/20/2026 11:53:44 - INFO - utils.trainer -   Recall: 0.30547
04/20/2026 11:53:44 - INFO - utils.trainer -   F_score: 0.30157
04/20/2026 11:53:44 - INFO - utils.trainer -   Loss: 2.05089
04/20/2026 11:53:44 - INFO - utils.trainer -    Train loss: 0.63451, Test loss: 2.05089,Epoch time = 6.070s
04/20/2026 11:53:51 - INFO - utils.trainer -   ***** Running evaluation on test2 dataset *****
04/20/2026 11:53:53 - INFO - utils.trainer -   AUC: 0.51827
04/20/2026 11:53:53 - INFO - utils.trainer -   Accuracy: 0.26923
04/20/2026 11:53:53 - INFO - utils.trainer -   Precision: 0.25631
04/20/2026 11:53:53 - INFO - utils.trainer -   Recall: 0.25835
04/20/2026 11:53:53 - INFO - utils.trainer -   F_score: 0.24785
04/20/2026 11:53:53 - INFO - utils.trainer -   Loss: 1.96014
04/20/2026 11:53:53 - INFO - utils.trainer -    Train loss: 0.70348, Test loss: 1.96014,Epoch time = 7.083s
04/20/2026 11:54:00 - INFO - utils.trainer -   ***** Running evaluation on test2 dataset *****
04/20/2026 11:54:02 - INFO - utils.trainer -   AUC: 0.51869
04/20/2026 11:54:02 - INFO - utils.trainer -   Accuracy: 0.28846
04/20/2026 11:54:02 - INFO - utils.trainer -   Precision: 0.28541
04/20/2026 11:54:02 - INFO - utils.trainer -   Recall: 0.27844
04/20/2026 11:54:02 - INFO - utils.trainer -   F_score: 0.27309
04/20/2026 11:54:02 - INFO - utils.trainer -   Loss: 1.92646
04/20/2026 11:54:02 - INFO - utils.trainer -    Train loss: 0.74219, Test loss: 1.92646,Epoch time = 7.002s
04/20/2026 11:54:10 - INFO - utils.trainer -   ***** Running evaluation on test2 dataset *****
04/20/2026 11:54:11 - INFO - utils.trainer -   AUC: 0.51181
04/20/2026 11:54:11 - INFO - utils.trainer -   Accuracy: 0.30769
04/20/2026 11:54:11 - INFO - utils.trainer -   Precision: 0.29204
04/20/2026 11:54:11 - INFO - utils.trainer -   Recall: 0.29764
04/20/2026 11:54:11 - INFO - utils.trainer -   F_score: 0.28822
04/20/2026 11:54:11 - INFO - utils.trainer -   Loss: 1.89033
04/20/2026 11:54:11 - INFO - utils.trainer -    Train loss: 0.70096, Test loss: 1.89033,Epoch time = 7.367s
04/20/2026 11:54:17 - INFO - utils.trainer -   ***** Running evaluation on test2 dataset *****
04/20/2026 11:54:19 - INFO - utils.trainer -   AUC: 0.51456
04/20/2026 11:54:19 - INFO - utils.trainer -   Accuracy: 0.30128
04/20/2026 11:54:19 - INFO - utils.trainer -   Precision: 0.29150
04/20/2026 11:54:19 - INFO - utils.trainer -   Recall: 0.29195
04/20/2026 11:54:19 - INFO - utils.trainer -   F_score: 0.28543
04/20/2026 11:54:19 - INFO - utils.trainer -   Loss: 1.84437
04/20/2026 11:54:19 - INFO - utils.trainer -    Train loss: 0.63792, Test loss: 1.84437,Epoch time = 5.656s
04/20/2026 11:54:27 - INFO - utils.trainer -   ***** Running evaluation on test2 dataset *****
04/20/2026 11:54:28 - INFO - utils.trainer -   AUC: 0.51364
04/20/2026 11:54:28 - INFO - utils.trainer -   Accuracy: 0.27564
04/20/2026 11:54:28 - INFO - utils.trainer -   Precision: 0.26657
04/20/2026 11:54:28 - INFO - utils.trainer -   Recall: 0.27156
04/20/2026 11:54:28 - INFO - utils.trainer -   F_score: 0.26603
04/20/2026 11:54:28 - INFO - utils.trainer -   Loss: 1.85127
04/20/2026 11:54:28 - INFO - utils.trainer -    Train loss: 0.72249, Test loss: 1.85127,Epoch time = 7.596s
04/20/2026 11:54:35 - INFO - utils.trainer -   ***** Running evaluation on test2 dataset *****
04/20/2026 11:54:37 - INFO - utils.trainer -   AUC: 0.51850
04/20/2026 11:54:37 - INFO - utils.trainer -   Accuracy: 0.31410
04/20/2026 11:54:37 - INFO - utils.trainer -   Precision: 0.30657
04/20/2026 11:54:37 - INFO - utils.trainer -   Recall: 0.30529
04/20/2026 11:54:37 - INFO - utils.trainer -   F_score: 0.30062
04/20/2026 11:54:37 - INFO - utils.trainer -   Loss: 1.92711
04/20/2026 11:54:37 - INFO - utils.trainer -    Train loss: 0.69931, Test loss: 1.92711,Epoch time = 6.672s
04/20/2026 11:54:44 - INFO - utils.trainer -   ***** Running evaluation on test2 dataset *****
04/20/2026 11:54:45 - INFO - utils.trainer -   AUC: 0.51582
04/20/2026 11:54:45 - INFO - utils.trainer -   Accuracy: 0.29487
04/20/2026 11:54:45 - INFO - utils.trainer -   Precision: 0.28199
04/20/2026 11:54:45 - INFO - utils.trainer -   Recall: 0.28842
04/20/2026 11:54:45 - INFO - utils.trainer -   F_score: 0.28373
04/20/2026 11:54:45 - INFO - utils.trainer -   Loss: 2.07297
04/20/2026 11:54:45 - INFO - utils.trainer -    Train loss: 0.75237, Test loss: 2.07297,Epoch time = 6.587s
04/20/2026 11:54:52 - INFO - utils.trainer -   ***** Running evaluation on test2 dataset *****
04/20/2026 11:54:54 - INFO - utils.trainer -   AUC: 0.51649
04/20/2026 11:54:54 - INFO - utils.trainer -   Accuracy: 0.28205
04/20/2026 11:54:54 - INFO - utils.trainer -   Precision: 0.26632
04/20/2026 11:54:54 - INFO - utils.trainer -   Recall: 0.27312
04/20/2026 11:54:54 - INFO - utils.trainer -   F_score: 0.26628
04/20/2026 11:54:54 - INFO - utils.trainer -   Loss: 1.97782
04/20/2026 11:54:54 - INFO - utils.trainer -    Train loss: 0.63513, Test loss: 1.97782,Epoch time = 6.827s
04/20/2026 11:55:02 - INFO - utils.trainer -   ***** Running evaluation on test2 dataset *****
04/20/2026 11:55:03 - INFO - utils.trainer -   AUC: 0.51216
04/20/2026 11:55:03 - INFO - utils.trainer -   Accuracy: 0.28846
04/20/2026 11:55:03 - INFO - utils.trainer -   Precision: 0.27451
04/20/2026 11:55:03 - INFO - utils.trainer -   Recall: 0.27952
04/20/2026 11:55:03 - INFO - utils.trainer -   F_score: 0.27359
04/20/2026 11:55:03 - INFO - utils.trainer -   Loss: 2.30262
04/20/2026 11:55:03 - INFO - utils.trainer -    Train loss: 0.85883, Test loss: 2.30262,Epoch time = 7.563s
04/20/2026 11:55:10 - INFO - utils.trainer -   ***** Running evaluation on test2 dataset *****
04/20/2026 11:55:12 - INFO - utils.trainer -   AUC: 0.51393
04/20/2026 11:55:12 - INFO - utils.trainer -   Accuracy: 0.26923
04/20/2026 11:55:12 - INFO - utils.trainer -   Precision: 0.24970
04/20/2026 11:55:12 - INFO - utils.trainer -   Recall: 0.26175
04/20/2026 11:55:12 - INFO - utils.trainer -   F_score: 0.25319
04/20/2026 11:55:12 - INFO - utils.trainer -   Loss: 2.06296
04/20/2026 11:55:12 - INFO - utils.trainer -    Train loss: 0.73670, Test loss: 2.06296,Epoch time = 6.250s
04/20/2026 11:55:19 - INFO - utils.trainer -   ***** Running evaluation on test2 dataset *****
04/20/2026 11:55:20 - INFO - utils.trainer -   AUC: 0.50681
04/20/2026 11:55:20 - INFO - utils.trainer -   Accuracy: 0.28846
04/20/2026 11:55:20 - INFO - utils.trainer -   Precision: 0.27309
04/20/2026 11:55:20 - INFO - utils.trainer -   Recall: 0.28292
04/20/2026 11:55:20 - INFO - utils.trainer -   F_score: 0.27648
04/20/2026 11:55:20 - INFO - utils.trainer -   Loss: 1.98071
04/20/2026 11:55:20 - INFO - utils.trainer -    Train loss: 0.80119, Test loss: 1.98071,Epoch time = 7.237s
04/20/2026 11:55:28 - INFO - utils.trainer -   ***** Running evaluation on test2 dataset *****
04/20/2026 11:55:30 - INFO - utils.trainer -   AUC: 0.52044
04/20/2026 11:55:30 - INFO - utils.trainer -   Accuracy: 0.28205
04/20/2026 11:55:30 - INFO - utils.trainer -   Precision: 0.26101
04/20/2026 11:55:30 - INFO - utils.trainer -   Recall: 0.27186
04/20/2026 11:55:30 - INFO - utils.trainer -   F_score: 0.26233
04/20/2026 11:55:30 - INFO - utils.trainer -   Loss: 2.00479
04/20/2026 11:55:30 - INFO - utils.trainer -    Train loss: 0.77907, Test loss: 2.00479,Epoch time = 7.176s
04/20/2026 11:55:36 - INFO - utils.trainer -   ***** Running evaluation on test2 dataset *****
04/20/2026 11:55:38 - INFO - utils.trainer -   AUC: 0.52674
04/20/2026 11:55:38 - INFO - utils.trainer -   Accuracy: 0.28846
04/20/2026 11:55:38 - INFO - utils.trainer -   Precision: 0.27163
04/20/2026 11:55:38 - INFO - utils.trainer -   Recall: 0.27844
04/20/2026 11:55:38 - INFO - utils.trainer -   F_score: 0.27098
04/20/2026 11:55:38 - INFO - utils.trainer -   Loss: 1.92915
04/20/2026 11:55:38 - INFO - utils.trainer -    Train loss: 0.74946, Test loss: 1.92915,Epoch time = 6.773s
04/20/2026 11:55:45 - INFO - utils.trainer -   ***** Running evaluation on test2 dataset *****
04/20/2026 11:55:47 - INFO - utils.trainer -   AUC: 0.51862
04/20/2026 11:55:47 - INFO - utils.trainer -   Accuracy: 0.30128
04/20/2026 11:55:47 - INFO - utils.trainer -   Precision: 0.29122
04/20/2026 11:55:47 - INFO - utils.trainer -   Recall: 0.29178
04/20/2026 11:55:47 - INFO - utils.trainer -   F_score: 0.28654
04/20/2026 11:55:47 - INFO - utils.trainer -   Loss: 1.89703
04/20/2026 11:55:47 - INFO - utils.trainer -    Train loss: 0.75203, Test loss: 1.89703,Epoch time = 6.478s
04/20/2026 11:55:54 - INFO - utils.trainer -   ***** Running evaluation on test2 dataset *****
04/20/2026 11:55:56 - INFO - utils.trainer -   AUC: 0.50992
04/20/2026 11:55:56 - INFO - utils.trainer -   Accuracy: 0.28205
04/20/2026 11:55:56 - INFO - utils.trainer -   Precision: 0.26612
04/20/2026 11:55:56 - INFO - utils.trainer -   Recall: 0.27276
04/20/2026 11:55:56 - INFO - utils.trainer -   F_score: 0.26502
04/20/2026 11:55:56 - INFO - utils.trainer -   Loss: 1.98061
04/20/2026 11:55:56 - INFO - utils.trainer -    Train loss: 0.77816, Test loss: 1.98061,Epoch time = 7.632s
04/20/2026 11:56:02 - INFO - utils.trainer -   ***** Running evaluation on test2 dataset *****
04/20/2026 11:56:04 - INFO - utils.trainer -   AUC: 0.51709
04/20/2026 11:56:04 - INFO - utils.trainer -   Accuracy: 0.28846
04/20/2026 11:56:04 - INFO - utils.trainer -   Precision: 0.27964
04/20/2026 11:56:04 - INFO - utils.trainer -   Recall: 0.27952
04/20/2026 11:56:04 - INFO - utils.trainer -   F_score: 0.27463
04/20/2026 11:56:04 - INFO - utils.trainer -   Loss: 1.84455
04/20/2026 11:56:04 - INFO - utils.trainer -    Train loss: 0.67467, Test loss: 1.84455,Epoch time = 6.266s
04/20/2026 11:56:11 - INFO - utils.trainer -   ***** Running evaluation on test2 dataset *****
04/20/2026 11:56:13 - INFO - utils.trainer -   AUC: 0.50862
04/20/2026 11:56:13 - INFO - utils.trainer -   Accuracy: 0.26923
04/20/2026 11:56:13 - INFO - utils.trainer -   Precision: 0.25833
04/20/2026 11:56:13 - INFO - utils.trainer -   Recall: 0.25997
04/20/2026 11:56:13 - INFO - utils.trainer -   F_score: 0.25260
04/20/2026 11:56:13 - INFO - utils.trainer -   Loss: 2.06016
04/20/2026 11:56:13 - INFO - utils.trainer -    Train loss: 0.80810, Test loss: 2.06016,Epoch time = 7.022s
04/20/2026 11:56:20 - INFO - utils.trainer -   ***** Running evaluation on test2 dataset *****
04/20/2026 11:56:22 - INFO - utils.trainer -   AUC: 0.51232
04/20/2026 11:56:22 - INFO - utils.trainer -   Accuracy: 0.27564
04/20/2026 11:56:22 - INFO - utils.trainer -   Precision: 0.26004
04/20/2026 11:56:22 - INFO - utils.trainer -   Recall: 0.26600
04/20/2026 11:56:22 - INFO - utils.trainer -   F_score: 0.25832
04/20/2026 11:56:22 - INFO - utils.trainer -   Loss: 1.97990
04/20/2026 11:56:22 - INFO - utils.trainer -    Train loss: 0.71942, Test loss: 1.97990,Epoch time = 7.222s
04/20/2026 11:56:29 - INFO - utils.trainer -   ***** Running evaluation on test2 dataset *****
04/20/2026 11:56:31 - INFO - utils.trainer -   AUC: 0.52136
04/20/2026 11:56:31 - INFO - utils.trainer -   Accuracy: 0.32692
04/20/2026 11:56:31 - INFO - utils.trainer -   Precision: 0.31338
04/20/2026 11:56:31 - INFO - utils.trainer -   Recall: 0.31665
04/20/2026 11:56:31 - INFO - utils.trainer -   F_score: 0.30870
04/20/2026 11:56:31 - INFO - utils.trainer -   Loss: 1.81113
04/20/2026 11:56:31 - INFO - utils.trainer -    Train loss: 0.71028, Test loss: 1.81113,Epoch time = 7.028s
04/20/2026 11:56:37 - INFO - utils.trainer -   ***** Running evaluation on test2 dataset *****
04/20/2026 11:56:39 - INFO - utils.trainer -   AUC: 0.51054
04/20/2026 11:56:39 - INFO - utils.trainer -   Accuracy: 0.28846
04/20/2026 11:56:39 - INFO - utils.trainer -   Precision: 0.26875
04/20/2026 11:56:39 - INFO - utils.trainer -   Recall: 0.27969
04/20/2026 11:56:39 - INFO - utils.trainer -   F_score: 0.27038
04/20/2026 11:56:39 - INFO - utils.trainer -   Loss: 1.99315
04/20/2026 11:56:39 - INFO - utils.trainer -    Train loss: 0.73092, Test loss: 1.99315,Epoch time = 6.249s
04/20/2026 11:56:46 - INFO - utils.trainer -   ***** Running evaluation on test2 dataset *****
04/20/2026 11:56:48 - INFO - utils.trainer -   AUC: 0.52161
04/20/2026 11:56:48 - INFO - utils.trainer -   Accuracy: 0.30769
04/20/2026 11:56:48 - INFO - utils.trainer -   Precision: 0.30006
04/20/2026 11:56:48 - INFO - utils.trainer -   Recall: 0.29961
04/20/2026 11:56:48 - INFO - utils.trainer -   F_score: 0.29574
04/20/2026 11:56:48 - INFO - utils.trainer -   Loss: 1.96614
04/20/2026 11:56:48 - INFO - utils.trainer -    Train loss: 0.70878, Test loss: 1.96614,Epoch time = 7.554s
04/20/2026 11:56:55 - INFO - utils.trainer -   ***** Running evaluation on test2 dataset *****
04/20/2026 11:56:57 - INFO - utils.trainer -   AUC: 0.51572
04/20/2026 11:56:57 - INFO - utils.trainer -   Accuracy: 0.30769
04/20/2026 11:56:57 - INFO - utils.trainer -   Precision: 0.29508
04/20/2026 11:56:57 - INFO - utils.trainer -   Recall: 0.29853
04/20/2026 11:56:57 - INFO - utils.trainer -   F_score: 0.29153
04/20/2026 11:56:57 - INFO - utils.trainer -   Loss: 1.91750
04/20/2026 11:56:57 - INFO - utils.trainer -    Train loss: 0.67496, Test loss: 1.91750,Epoch time = 7.215s
04/20/2026 11:57:04 - INFO - utils.trainer -   ***** Running evaluation on test2 dataset *****
04/20/2026 11:57:06 - INFO - utils.trainer -   AUC: 0.53070
04/20/2026 11:57:06 - INFO - utils.trainer -   Accuracy: 0.28205
04/20/2026 11:57:06 - INFO - utils.trainer -   Precision: 0.27648
04/20/2026 11:57:06 - INFO - utils.trainer -   Recall: 0.27581
04/20/2026 11:57:06 - INFO - utils.trainer -   F_score: 0.27360
04/20/2026 11:57:06 - INFO - utils.trainer -   Loss: 1.87497
04/20/2026 11:57:06 - INFO - utils.trainer -    Train loss: 0.69793, Test loss: 1.87497,Epoch time = 6.814s
04/20/2026 11:57:13 - INFO - utils.trainer -   ***** Running evaluation on test2 dataset *****
04/20/2026 11:57:15 - INFO - utils.trainer -   AUC: 0.52033
04/20/2026 11:57:15 - INFO - utils.trainer -   Accuracy: 0.30128
04/20/2026 11:57:15 - INFO - utils.trainer -   Precision: 0.28839
04/20/2026 11:57:15 - INFO - utils.trainer -   Recall: 0.29285
04/20/2026 11:57:15 - INFO - utils.trainer -   F_score: 0.28673
04/20/2026 11:57:15 - INFO - utils.trainer -   Loss: 1.95218
04/20/2026 11:57:15 - INFO - utils.trainer -    Train loss: 0.69480, Test loss: 1.95218,Epoch time = 6.807s
04/20/2026 11:57:22 - INFO - utils.trainer -   ***** Running evaluation on test2 dataset *****
04/20/2026 11:57:24 - INFO - utils.trainer -   AUC: 0.52057
04/20/2026 11:57:24 - INFO - utils.trainer -   Accuracy: 0.27564
04/20/2026 11:57:24 - INFO - utils.trainer -   Precision: 0.26173
04/20/2026 11:57:24 - INFO - utils.trainer -   Recall: 0.26815
04/20/2026 11:57:24 - INFO - utils.trainer -   F_score: 0.26262
04/20/2026 11:57:24 - INFO - utils.trainer -   Loss: 1.88419
04/20/2026 11:57:24 - INFO - utils.trainer -    Train loss: 0.74108, Test loss: 1.88419,Epoch time = 7.673s
04/20/2026 11:57:31 - INFO - utils.trainer -   ***** Running evaluation on test2 dataset *****
04/20/2026 11:57:33 - INFO - utils.trainer -   AUC: 0.53276
04/20/2026 11:57:33 - INFO - utils.trainer -   Accuracy: 0.28205
04/20/2026 11:57:33 - INFO - utils.trainer -   Precision: 0.27290
04/20/2026 11:57:33 - INFO - utils.trainer -   Recall: 0.27383
04/20/2026 11:57:33 - INFO - utils.trainer -   F_score: 0.27025
04/20/2026 11:57:33 - INFO - utils.trainer -   Loss: 2.03603
04/20/2026 11:57:33 - INFO - utils.trainer -    Train loss: 0.71355, Test loss: 2.03603,Epoch time = 6.934s
04/20/2026 11:57:40 - INFO - utils.trainer -   ***** Running evaluation on test2 dataset *****
04/20/2026 11:57:41 - INFO - utils.trainer -   AUC: 0.52768
04/20/2026 11:57:41 - INFO - utils.trainer -   Accuracy: 0.29487
04/20/2026 11:57:41 - INFO - utils.trainer -   Precision: 0.27880
04/20/2026 11:57:41 - INFO - utils.trainer -   Recall: 0.28538
04/20/2026 11:57:41 - INFO - utils.trainer -   F_score: 0.27640
04/20/2026 11:57:41 - INFO - utils.trainer -   Loss: 1.83790
04/20/2026 11:57:41 - INFO - utils.trainer -    Train loss: 0.67197, Test loss: 1.83790,Epoch time = 6.863s
04/20/2026 11:57:48 - INFO - utils.trainer -   ***** Running evaluation on test2 dataset *****
04/20/2026 11:57:50 - INFO - utils.trainer -   AUC: 0.53146
04/20/2026 11:57:50 - INFO - utils.trainer -   Accuracy: 0.30769
04/20/2026 11:57:50 - INFO - utils.trainer -   Precision: 0.29472
04/20/2026 11:57:50 - INFO - utils.trainer -   Recall: 0.29871
04/20/2026 11:57:50 - INFO - utils.trainer -   F_score: 0.29205
04/20/2026 11:57:50 - INFO - utils.trainer -   Loss: 1.85017
04/20/2026 11:57:50 - INFO - utils.trainer -    Train loss: 0.71237, Test loss: 1.85017,Epoch time = 7.050s
04/20/2026 11:57:58 - INFO - utils.trainer -   ***** Running evaluation on test2 dataset *****
04/20/2026 11:58:00 - INFO - utils.trainer -   AUC: 0.52619
04/20/2026 11:58:00 - INFO - utils.trainer -   Accuracy: 0.32051
04/20/2026 11:58:00 - INFO - utils.trainer -   Precision: 0.31152
04/20/2026 11:58:00 - INFO - utils.trainer -   Recall: 0.31097
04/20/2026 11:58:00 - INFO - utils.trainer -   F_score: 0.30584
04/20/2026 11:58:00 - INFO - utils.trainer -   Loss: 1.93515
04/20/2026 11:58:00 - INFO - utils.trainer -    Train loss: 0.74511, Test loss: 1.93515,Epoch time = 7.713s
04/20/2026 11:58:07 - INFO - utils.trainer -   ***** Running evaluation on test2 dataset *****
04/20/2026 11:58:09 - INFO - utils.trainer -   AUC: 0.53822
04/20/2026 11:58:09 - INFO - utils.trainer -   Accuracy: 0.32051
04/20/2026 11:58:09 - INFO - utils.trainer -   Precision: 0.30956
04/20/2026 11:58:09 - INFO - utils.trainer -   Recall: 0.31097
04/20/2026 11:58:09 - INFO - utils.trainer -   F_score: 0.30476
04/20/2026 11:58:09 - INFO - utils.trainer -   Loss: 1.88965
04/20/2026 11:58:09 - INFO - utils.trainer -    Train loss: 0.70939, Test loss: 1.88965,Epoch time = 7.245s
04/20/2026 11:58:16 - INFO - utils.trainer -   ***** Running evaluation on test2 dataset *****
04/20/2026 11:58:18 - INFO - utils.trainer -   AUC: 0.52681
04/20/2026 11:58:18 - INFO - utils.trainer -   Accuracy: 0.30128
04/20/2026 11:58:18 - INFO - utils.trainer -   Precision: 0.29207
04/20/2026 11:58:18 - INFO - utils.trainer -   Recall: 0.29195
04/20/2026 11:58:18 - INFO - utils.trainer -   F_score: 0.28719
04/20/2026 11:58:18 - INFO - utils.trainer -   Loss: 1.85930
04/20/2026 11:58:18 - INFO - utils.trainer -    Train loss: 0.57562, Test loss: 1.85930,Epoch time = 7.060s
04/20/2026 11:58:25 - INFO - utils.trainer -   ***** Running evaluation on test2 dataset *****
04/20/2026 11:58:27 - INFO - utils.trainer -   AUC: 0.52226
04/20/2026 11:58:27 - INFO - utils.trainer -   Accuracy: 0.27564
04/20/2026 11:58:27 - INFO - utils.trainer -   Precision: 0.26405
04/20/2026 11:58:27 - INFO - utils.trainer -   Recall: 0.26726
04/20/2026 11:58:27 - INFO - utils.trainer -   F_score: 0.26228
04/20/2026 11:58:27 - INFO - utils.trainer -   Loss: 1.89302
04/20/2026 11:58:27 - INFO - utils.trainer -    Train loss: 0.65087, Test loss: 1.89302,Epoch time = 7.375s
04/20/2026 11:58:34 - INFO - utils.trainer -   ***** Running evaluation on test2 dataset *****
04/20/2026 11:58:36 - INFO - utils.trainer -   AUC: 0.52344
04/20/2026 11:58:36 - INFO - utils.trainer -   Accuracy: 0.28846
04/20/2026 11:58:36 - INFO - utils.trainer -   Precision: 0.28216
04/20/2026 11:58:36 - INFO - utils.trainer -   Recall: 0.28274
04/20/2026 11:58:36 - INFO - utils.trainer -   F_score: 0.28116
04/20/2026 11:58:36 - INFO - utils.trainer -   Loss: 1.93884
04/20/2026 11:58:36 - INFO - utils.trainer -    Train loss: 0.68352, Test loss: 1.93884,Epoch time = 7.503s
04/20/2026 11:58:43 - INFO - utils.trainer -   ***** Running evaluation on test2 dataset *****
04/20/2026 11:58:45 - INFO - utils.trainer -   AUC: 0.53189
04/20/2026 11:58:45 - INFO - utils.trainer -   Accuracy: 0.26923
04/20/2026 11:58:45 - INFO - utils.trainer -   Precision: 0.25820
04/20/2026 11:58:45 - INFO - utils.trainer -   Recall: 0.26140
04/20/2026 11:58:45 - INFO - utils.trainer -   F_score: 0.25524
04/20/2026 11:58:45 - INFO - utils.trainer -   Loss: 1.86061
04/20/2026 11:58:45 - INFO - utils.trainer -    Train loss: 0.72736, Test loss: 1.86061,Epoch time = 7.046s
04/20/2026 11:58:52 - INFO - utils.trainer -   ***** Running evaluation on test2 dataset *****
04/20/2026 11:58:54 - INFO - utils.trainer -   AUC: 0.52448
04/20/2026 11:58:54 - INFO - utils.trainer -   Accuracy: 0.29487
04/20/2026 11:58:54 - INFO - utils.trainer -   Precision: 0.28191
04/20/2026 11:58:54 - INFO - utils.trainer -   Recall: 0.28735
04/20/2026 11:58:54 - INFO - utils.trainer -   F_score: 0.28291
04/20/2026 11:58:54 - INFO - utils.trainer -   Loss: 1.96088
04/20/2026 11:58:54 - INFO - utils.trainer -    Train loss: 0.70063, Test loss: 1.96088,Epoch time = 6.657s
04/20/2026 11:59:01 - INFO - utils.trainer -   ***** Running evaluation on test2 dataset *****
04/20/2026 11:59:03 - INFO - utils.trainer -   AUC: 0.52065
04/20/2026 11:59:03 - INFO - utils.trainer -   Accuracy: 0.27564
04/20/2026 11:59:03 - INFO - utils.trainer -   Precision: 0.26673
04/20/2026 11:59:03 - INFO - utils.trainer -   Recall: 0.26833
04/20/2026 11:59:03 - INFO - utils.trainer -   F_score: 0.26524
04/20/2026 11:59:03 - INFO - utils.trainer -   Loss: 1.98343
04/20/2026 11:59:03 - INFO - utils.trainer -    Train loss: 0.74349, Test loss: 1.98343,Epoch time = 7.754s
04/20/2026 11:59:10 - INFO - utils.trainer -   ***** Running evaluation on test2 dataset *****
04/20/2026 11:59:12 - INFO - utils.trainer -   AUC: 0.52440
04/20/2026 11:59:12 - INFO - utils.trainer -   Accuracy: 0.28205
04/20/2026 11:59:12 - INFO - utils.trainer -   Precision: 0.27192
04/20/2026 11:59:12 - INFO - utils.trainer -   Recall: 0.27491
04/20/2026 11:59:12 - INFO - utils.trainer -   F_score: 0.27130
04/20/2026 11:59:12 - INFO - utils.trainer -   Loss: 1.94439
04/20/2026 11:59:12 - INFO - utils.trainer -    Train loss: 0.69053, Test loss: 1.94439,Epoch time = 6.814s
04/20/2026 11:59:18 - INFO - utils.trainer -   ***** Running evaluation on test2 dataset *****
04/20/2026 11:59:20 - INFO - utils.trainer -   AUC: 0.52525
04/20/2026 11:59:20 - INFO - utils.trainer -   Accuracy: 0.26923
04/20/2026 11:59:20 - INFO - utils.trainer -   Precision: 0.25389
04/20/2026 11:59:20 - INFO - utils.trainer -   Recall: 0.26157
04/20/2026 11:59:20 - INFO - utils.trainer -   F_score: 0.25502
04/20/2026 11:59:20 - INFO - utils.trainer -   Loss: 2.00478
04/20/2026 11:59:20 - INFO - utils.trainer -    Train loss: 0.78734, Test loss: 2.00478,Epoch time = 6.067s
04/20/2026 11:59:27 - INFO - utils.trainer -   ***** Running evaluation on test2 dataset *****
04/20/2026 11:59:28 - INFO - utils.trainer -   AUC: 0.51569
04/20/2026 11:59:28 - INFO - utils.trainer -   Accuracy: 0.27564
04/20/2026 11:59:28 - INFO - utils.trainer -   Precision: 0.25008
04/20/2026 11:59:28 - INFO - utils.trainer -   Recall: 0.26511
04/20/2026 11:59:28 - INFO - utils.trainer -   F_score: 0.25261
04/20/2026 11:59:28 - INFO - utils.trainer -   Loss: 1.90502
04/20/2026 11:59:29 - INFO - utils.trainer -    Train loss: 0.78361, Test loss: 1.90502,Epoch time = 6.718s
04/20/2026 11:59:35 - INFO - utils.trainer -   ***** Running evaluation on test2 dataset *****
04/20/2026 11:59:37 - INFO - utils.trainer -   AUC: 0.51504
04/20/2026 11:59:37 - INFO - utils.trainer -   Accuracy: 0.28205
04/20/2026 11:59:37 - INFO - utils.trainer -   Precision: 0.27059
04/20/2026 11:59:37 - INFO - utils.trainer -   Recall: 0.27401
04/20/2026 11:59:37 - INFO - utils.trainer -   F_score: 0.26915
04/20/2026 11:59:37 - INFO - utils.trainer -   Loss: 1.90581
04/20/2026 11:59:37 - INFO - utils.trainer -    Train loss: 0.72959, Test loss: 1.90581,Epoch time = 6.656s
04/20/2026 11:59:43 - INFO - utils.trainer -   ***** Running evaluation on test2 dataset *****
04/20/2026 11:59:45 - INFO - utils.trainer -   AUC: 0.50858
04/20/2026 11:59:45 - INFO - utils.trainer -   Accuracy: 0.27564
04/20/2026 11:59:45 - INFO - utils.trainer -   Precision: 0.26234
04/20/2026 11:59:45 - INFO - utils.trainer -   Recall: 0.26708
04/20/2026 11:59:45 - INFO - utils.trainer -   F_score: 0.26172
04/20/2026 11:59:45 - INFO - utils.trainer -   Loss: 1.98067
04/20/2026 11:59:45 - INFO - utils.trainer -    Train loss: 0.78762, Test loss: 1.98067,Epoch time = 5.974s
04/20/2026 11:59:52 - INFO - utils.trainer -   ***** Running evaluation on test2 dataset *****
04/20/2026 11:59:54 - INFO - utils.trainer -   AUC: 0.52342
04/20/2026 11:59:54 - INFO - utils.trainer -   Accuracy: 0.26923
04/20/2026 11:59:54 - INFO - utils.trainer -   Precision: 0.25809
04/20/2026 11:59:54 - INFO - utils.trainer -   Recall: 0.26212
04/20/2026 11:59:54 - INFO - utils.trainer -   F_score: 0.25827
04/20/2026 11:59:54 - INFO - utils.trainer -   Loss: 1.98191
04/20/2026 11:59:54 - INFO - utils.trainer -    Train loss: 0.81079, Test loss: 1.98191,Epoch time = 7.653s
04/20/2026 12:00:00 - INFO - utils.trainer -   ***** Running evaluation on test2 dataset *****
04/20/2026 12:00:02 - INFO - utils.trainer -   AUC: 0.52780
04/20/2026 12:00:02 - INFO - utils.trainer -   Accuracy: 0.26923
04/20/2026 12:00:02 - INFO - utils.trainer -   Precision: 0.25732
04/20/2026 12:00:02 - INFO - utils.trainer -   Recall: 0.26229
04/20/2026 12:00:02 - INFO - utils.trainer -   F_score: 0.25761
04/20/2026 12:00:02 - INFO - utils.trainer -   Loss: 1.98706
04/20/2026 12:00:02 - INFO - utils.trainer -    Train loss: 0.73772, Test loss: 1.98706,Epoch time = 5.265s
04/20/2026 12:00:09 - INFO - utils.trainer -   ***** Running evaluation on test2 dataset *****
04/20/2026 12:00:11 - INFO - utils.trainer -   AUC: 0.52706
04/20/2026 12:00:11 - INFO - utils.trainer -   Accuracy: 0.30128
04/20/2026 12:00:11 - INFO - utils.trainer -   Precision: 0.28977
04/20/2026 12:00:11 - INFO - utils.trainer -   Recall: 0.29393
04/20/2026 12:00:11 - INFO - utils.trainer -   F_score: 0.28808
04/20/2026 12:00:11 - INFO - utils.trainer -   Loss: 1.98558
04/20/2026 12:00:11 - INFO - utils.trainer -    Train loss: 0.66184, Test loss: 1.98558,Epoch time = 7.184s
04/20/2026 12:00:17 - INFO - utils.trainer -   ***** Running evaluation on test2 dataset *****
04/20/2026 12:00:19 - INFO - utils.trainer -   AUC: 0.52838
04/20/2026 12:00:19 - INFO - utils.trainer -   Accuracy: 0.27564
04/20/2026 12:00:19 - INFO - utils.trainer -   Precision: 0.25782
04/20/2026 12:00:19 - INFO - utils.trainer -   Recall: 0.26493
04/20/2026 12:00:19 - INFO - utils.trainer -   F_score: 0.25564
04/20/2026 12:00:19 - INFO - utils.trainer -   Loss: 1.87879
04/20/2026 12:00:19 - INFO - utils.trainer -    Train loss: 0.76457, Test loss: 1.87879,Epoch time = 6.499s
04/20/2026 12:00:26 - INFO - utils.trainer -   ***** Running evaluation on test2 dataset *****
04/20/2026 12:00:28 - INFO - utils.trainer -   AUC: 0.52956
04/20/2026 12:00:28 - INFO - utils.trainer -   Accuracy: 0.28846
04/20/2026 12:00:28 - INFO - utils.trainer -   Precision: 0.27135
04/20/2026 12:00:28 - INFO - utils.trainer -   Recall: 0.27952
04/20/2026 12:00:28 - INFO - utils.trainer -   F_score: 0.27278
04/20/2026 12:00:28 - INFO - utils.trainer -   Loss: 1.93632
04/20/2026 12:00:28 - INFO - utils.trainer -    Train loss: 0.72845, Test loss: 1.93632,Epoch time = 6.974s
04/20/2026 12:00:34 - INFO - utils.trainer -   ***** Running evaluation on test2 dataset *****
04/20/2026 12:00:36 - INFO - utils.trainer -   AUC: 0.52080
04/20/2026 12:00:36 - INFO - utils.trainer -   Accuracy: 0.29487
04/20/2026 12:00:36 - INFO - utils.trainer -   Precision: 0.28736
04/20/2026 12:00:36 - INFO - utils.trainer -   Recall: 0.28842
04/20/2026 12:00:36 - INFO - utils.trainer -   F_score: 0.28515
04/20/2026 12:00:36 - INFO - utils.trainer -   Loss: 1.82901
04/20/2026 12:00:36 - INFO - utils.trainer -    Train loss: 0.63259, Test loss: 1.82901,Epoch time = 5.722s
