06/30/2026 16:18:01 - INFO - __main__ -   ########## Repeat:0 ##########
06/30/2026 16:18:01 - INFO - utils.trainer -   ***** Running training *****
06/30/2026 16:18:01 - INFO - utils.trainer -     Num examples = 230
06/30/2026 16:18:01 - INFO - utils.trainer -     Num Epochs = 200
06/30/2026 16:18:01 - INFO - utils.trainer -     Total train batch size = 16
06/30/2026 16:18:01 - INFO - utils.trainer -     warmup steps = 400
06/30/2026 16:18:01 - INFO - utils.trainer -     Total optimization steps = 46000
06/30/2026 16:18:01 - INFO - utils.trainer -     Save steps = 200
06/30/2026 16:18:01 - INFO - root -   Parameters [normal] length [50]
06/30/2026 16:18:04 - INFO - utils.trainer -   ***** Running evaluation on test0 dataset *****
06/30/2026 16:18:05 - INFO - utils.trainer -   AUC: 0.50512
06/30/2026 16:18:05 - INFO - utils.trainer -   Accuracy: 0.50246
06/30/2026 16:18:05 - INFO - utils.trainer -   Precision: 0.52756
06/30/2026 16:18:05 - INFO - utils.trainer -   Recall: 0.04718
06/30/2026 16:18:05 - INFO - utils.trainer -   F_score: 0.08662
06/30/2026 16:18:05 - INFO - utils.trainer -   Specificity: 0.95775
06/30/2026 16:18:05 - INFO - utils.trainer -   Sensitivity: 0.04718
06/30/2026 16:18:05 - INFO - utils.trainer -   Loss: 0.69327
06/30/2026 16:18:05 - INFO - utils.trainer -   Saving model checkpoint to output_dir/VIB
06/30/2026 16:18:05 - INFO - utils.trainer -   Epoch: 1, Train loss: 0.69400, Test loss: 0.69327,Epoch time = 2.325s
06/30/2026 16:18:08 - INFO - utils.trainer -   ***** Running evaluation on test0 dataset *****
06/30/2026 16:18:09 - INFO - utils.trainer -   AUC: 0.51917
06/30/2026 16:18:09 - INFO - utils.trainer -   Accuracy: 0.50423
06/30/2026 16:18:09 - INFO - utils.trainer -   Precision: 0.51230
06/30/2026 16:18:09 - INFO - utils.trainer -   Recall: 0.17606
06/30/2026 16:18:09 - INFO - utils.trainer -   F_score: 0.26205
06/30/2026 16:18:09 - INFO - utils.trainer -   Specificity: 0.83239
06/30/2026 16:18:09 - INFO - utils.trainer -   Sensitivity: 0.17606
06/30/2026 16:18:09 - INFO - utils.trainer -   Loss: 0.69291
06/30/2026 16:18:09 - INFO - utils.trainer -   Saving model checkpoint to output_dir/VIB
06/30/2026 16:18:09 - INFO - utils.trainer -   Epoch: 2, Train loss: 0.69397, Test loss: 0.69291,Epoch time = 3.799s
06/30/2026 16:18:12 - INFO - utils.trainer -   ***** Running evaluation on test0 dataset *****
06/30/2026 16:18:13 - INFO - utils.trainer -   AUC: 0.48849
06/30/2026 16:18:13 - INFO - utils.trainer -   Accuracy: 0.49789
06/30/2026 16:18:13 - INFO - utils.trainer -   Precision: 0.47761
06/30/2026 16:18:13 - INFO - utils.trainer -   Recall: 0.04507
06/30/2026 16:18:13 - INFO - utils.trainer -   F_score: 0.08237
06/30/2026 16:18:13 - INFO - utils.trainer -   Specificity: 0.95070
06/30/2026 16:18:13 - INFO - utils.trainer -   Sensitivity: 0.04507
06/30/2026 16:18:13 - INFO - utils.trainer -   Loss: 0.69329
06/30/2026 16:18:13 - INFO - utils.trainer -   Epoch: 3, Train loss: 0.69357, Test loss: 0.69329,Epoch time = 3.165s
06/30/2026 16:18:16 - INFO - utils.trainer -   ***** Running evaluation on test0 dataset *****
06/30/2026 16:18:17 - INFO - utils.trainer -   AUC: 0.50642
06/30/2026 16:18:17 - INFO - utils.trainer -   Accuracy: 0.49648
06/30/2026 16:18:17 - INFO - utils.trainer -   Precision: 0.47899
06/30/2026 16:18:17 - INFO - utils.trainer -   Recall: 0.08028
06/30/2026 16:18:17 - INFO - utils.trainer -   F_score: 0.13752
06/30/2026 16:18:17 - INFO - utils.trainer -   Specificity: 0.91268
06/30/2026 16:18:17 - INFO - utils.trainer -   Sensitivity: 0.08028
06/30/2026 16:18:17 - INFO - utils.trainer -   Loss: 0.69318
06/30/2026 16:18:17 - INFO - utils.trainer -   Epoch: 4, Train loss: 0.69311, Test loss: 0.69318,Epoch time = 2.736s
06/30/2026 16:18:19 - INFO - utils.trainer -   ***** Running evaluation on test0 dataset *****
06/30/2026 16:18:20 - INFO - utils.trainer -   AUC: 0.45975
06/30/2026 16:18:20 - INFO - utils.trainer -   Accuracy: 0.46268
06/30/2026 16:18:20 - INFO - utils.trainer -   Precision: 0.46241
06/30/2026 16:18:20 - INFO - utils.trainer -   Recall: 0.45915
06/30/2026 16:18:20 - INFO - utils.trainer -   F_score: 0.46078
06/30/2026 16:18:20 - INFO - utils.trainer -   Specificity: 0.46620
06/30/2026 16:18:20 - INFO - utils.trainer -   Sensitivity: 0.45915
06/30/2026 16:18:20 - INFO - utils.trainer -   Loss: 0.69382
06/30/2026 16:18:20 - INFO - utils.trainer -   Saving model checkpoint to output_dir/VIB
06/30/2026 16:18:20 - INFO - utils.trainer -   Epoch: 5, Train loss: 0.69330, Test loss: 0.69382,Epoch time = 2.667s
06/30/2026 16:18:24 - INFO - utils.trainer -   ***** Running evaluation on test0 dataset *****
06/30/2026 16:18:24 - INFO - utils.trainer -   AUC: 0.48651
06/30/2026 16:18:24 - INFO - utils.trainer -   Accuracy: 0.49296
06/30/2026 16:18:24 - INFO - utils.trainer -   Precision: 0.47396
06/30/2026 16:18:24 - INFO - utils.trainer -   Recall: 0.12817
06/30/2026 16:18:24 - INFO - utils.trainer -   F_score: 0.20177
06/30/2026 16:18:24 - INFO - utils.trainer -   Specificity: 0.85775
06/30/2026 16:18:24 - INFO - utils.trainer -   Sensitivity: 0.12817
06/30/2026 16:18:24 - INFO - utils.trainer -   Loss: 0.69330
06/30/2026 16:18:24 - INFO - utils.trainer -   Epoch: 6, Train loss: 0.69349, Test loss: 0.69330,Epoch time = 3.482s
06/30/2026 16:18:28 - INFO - utils.trainer -   ***** Running evaluation on test0 dataset *****
06/30/2026 16:18:29 - INFO - utils.trainer -   AUC: 0.52989
06/30/2026 16:18:29 - INFO - utils.trainer -   Accuracy: 0.52641
06/30/2026 16:18:29 - INFO - utils.trainer -   Precision: 0.53784
06/30/2026 16:18:29 - INFO - utils.trainer -   Recall: 0.37535
06/30/2026 16:18:29 - INFO - utils.trainer -   F_score: 0.44214
06/30/2026 16:18:29 - INFO - utils.trainer -   Specificity: 0.67746
06/30/2026 16:18:29 - INFO - utils.trainer -   Sensitivity: 0.37535
06/30/2026 16:18:29 - INFO - utils.trainer -   Loss: 0.69286
06/30/2026 16:18:29 - INFO - utils.trainer -   Epoch: 7, Train loss: 0.69332, Test loss: 0.69286,Epoch time = 3.603s
06/30/2026 16:18:32 - INFO - utils.trainer -   ***** Running evaluation on test0 dataset *****
06/30/2026 16:18:33 - INFO - utils.trainer -   AUC: 0.50002
06/30/2026 16:18:33 - INFO - utils.trainer -   Accuracy: 0.49366
06/30/2026 16:18:33 - INFO - utils.trainer -   Precision: 0.49343
06/30/2026 16:18:33 - INFO - utils.trainer -   Recall: 0.47606
06/30/2026 16:18:33 - INFO - utils.trainer -   F_score: 0.48459
06/30/2026 16:18:33 - INFO - utils.trainer -   Specificity: 0.51127
06/30/2026 16:18:33 - INFO - utils.trainer -   Sensitivity: 0.47606
06/30/2026 16:18:33 - INFO - utils.trainer -   Loss: 0.69315
06/30/2026 16:18:33 - INFO - utils.trainer -   Saving model checkpoint to output_dir/VIB
06/30/2026 16:18:33 - INFO - utils.trainer -   Epoch: 8, Train loss: 0.69328, Test loss: 0.69315,Epoch time = 3.213s
06/30/2026 16:18:36 - INFO - utils.trainer -   ***** Running evaluation on test0 dataset *****
06/30/2026 16:18:37 - INFO - utils.trainer -   AUC: 0.50453
06/30/2026 16:18:37 - INFO - utils.trainer -   Accuracy: 0.50669
06/30/2026 16:18:37 - INFO - utils.trainer -   Precision: 0.51359
06/30/2026 16:18:37 - INFO - utils.trainer -   Recall: 0.25282
06/30/2026 16:18:37 - INFO - utils.trainer -   F_score: 0.33884
06/30/2026 16:18:37 - INFO - utils.trainer -   Specificity: 0.76056
06/30/2026 16:18:37 - INFO - utils.trainer -   Sensitivity: 0.25282
06/30/2026 16:18:37 - INFO - utils.trainer -   Loss: 0.69313
06/30/2026 16:18:37 - INFO - utils.trainer -   Epoch: 9, Train loss: 0.69335, Test loss: 0.69313,Epoch time = 3.127s
06/30/2026 16:18:39 - INFO - utils.trainer -   ***** Running evaluation on test0 dataset *****
06/30/2026 16:18:40 - INFO - utils.trainer -   AUC: 0.50127
06/30/2026 16:18:40 - INFO - utils.trainer -   Accuracy: 0.49577
06/30/2026 16:18:40 - INFO - utils.trainer -   Precision: 0.49536
06/30/2026 16:18:40 - INFO - utils.trainer -   Recall: 0.45141
06/30/2026 16:18:40 - INFO - utils.trainer -   F_score: 0.47237
06/30/2026 16:18:40 - INFO - utils.trainer -   Specificity: 0.54014
06/30/2026 16:18:40 - INFO - utils.trainer -   Sensitivity: 0.45141
06/30/2026 16:18:40 - INFO - utils.trainer -   Loss: 0.69316
06/30/2026 16:18:40 - INFO - utils.trainer -   Epoch: 10, Train loss: 0.69330, Test loss: 0.69316,Epoch time = 2.696s
06/30/2026 16:18:43 - INFO - utils.trainer -   ***** Running evaluation on test0 dataset *****
06/30/2026 16:18:43 - INFO - utils.trainer -   AUC: 0.50264
06/30/2026 16:18:43 - INFO - utils.trainer -   Accuracy: 0.50000
06/30/2026 16:18:43 - INFO - utils.trainer -   Precision: 0.50000
06/30/2026 16:18:43 - INFO - utils.trainer -   Recall: 0.05352
06/30/2026 16:18:43 - INFO - utils.trainer -   F_score: 0.09669
06/30/2026 16:18:43 - INFO - utils.trainer -   Specificity: 0.94648
06/30/2026 16:18:43 - INFO - utils.trainer -   Sensitivity: 0.05352
06/30/2026 16:18:43 - INFO - utils.trainer -   Loss: 0.69313
06/30/2026 16:18:43 - INFO - utils.trainer -   Epoch: 11, Train loss: 0.69326, Test loss: 0.69313,Epoch time = 2.350s
06/30/2026 16:18:47 - INFO - utils.trainer -   ***** Running evaluation on test0 dataset *****
06/30/2026 16:18:47 - INFO - utils.trainer -   AUC: 0.52508
06/30/2026 16:18:47 - INFO - utils.trainer -   Accuracy: 0.51162
06/30/2026 16:18:47 - INFO - utils.trainer -   Precision: 0.51546
06/30/2026 16:18:47 - INFO - utils.trainer -   Recall: 0.38732
06/30/2026 16:18:47 - INFO - utils.trainer -   F_score: 0.44230
06/30/2026 16:18:47 - INFO - utils.trainer -   Specificity: 0.63592
06/30/2026 16:18:47 - INFO - utils.trainer -   Sensitivity: 0.38732
06/30/2026 16:18:47 - INFO - utils.trainer -   Loss: 0.69300
06/30/2026 16:18:47 - INFO - utils.trainer -   Epoch: 12, Train loss: 0.69331, Test loss: 0.69300,Epoch time = 3.313s
06/30/2026 16:18:50 - INFO - utils.trainer -   ***** Running evaluation on test0 dataset *****
06/30/2026 16:18:51 - INFO - utils.trainer -   AUC: 0.50198
06/30/2026 16:18:51 - INFO - utils.trainer -   Accuracy: 0.50951
06/30/2026 16:18:51 - INFO - utils.trainer -   Precision: 0.50913
06/30/2026 16:18:51 - INFO - utils.trainer -   Recall: 0.53028
06/30/2026 16:18:51 - INFO - utils.trainer -   F_score: 0.51949
06/30/2026 16:18:51 - INFO - utils.trainer -   Specificity: 0.48873
06/30/2026 16:18:51 - INFO - utils.trainer -   Sensitivity: 0.53028
06/30/2026 16:18:51 - INFO - utils.trainer -   Loss: 0.69314
06/30/2026 16:18:51 - INFO - utils.trainer -   Saving model checkpoint to output_dir/VIB
06/30/2026 16:18:51 - INFO - utils.trainer -   Epoch: 13, Train loss: 0.69326, Test loss: 0.69314,Epoch time = 2.655s
06/30/2026 16:18:53 - INFO - utils.trainer -   ***** Running evaluation on test0 dataset *****
06/30/2026 16:18:54 - INFO - utils.trainer -   AUC: 0.49353
06/30/2026 16:18:54 - INFO - utils.trainer -   Accuracy: 0.49894
06/30/2026 16:18:54 - INFO - utils.trainer -   Precision: 0.49673
06/30/2026 16:18:54 - INFO - utils.trainer -   Recall: 0.16056
06/30/2026 16:18:54 - INFO - utils.trainer -   F_score: 0.24268
06/30/2026 16:18:54 - INFO - utils.trainer -   Specificity: 0.83732
06/30/2026 16:18:54 - INFO - utils.trainer -   Sensitivity: 0.16056
06/30/2026 16:18:54 - INFO - utils.trainer -   Loss: 0.69317
06/30/2026 16:18:54 - INFO - utils.trainer -   Epoch: 14, Train loss: 0.69327, Test loss: 0.69317,Epoch time = 2.616s
06/30/2026 16:18:57 - INFO - utils.trainer -   ***** Running evaluation on test0 dataset *****
06/30/2026 16:18:58 - INFO - utils.trainer -   AUC: 0.50288
06/30/2026 16:18:58 - INFO - utils.trainer -   Accuracy: 0.49789
06/30/2026 16:18:58 - INFO - utils.trainer -   Precision: 0.47917
06/30/2026 16:18:58 - INFO - utils.trainer -   Recall: 0.04859
06/30/2026 16:18:58 - INFO - utils.trainer -   F_score: 0.08824
06/30/2026 16:18:58 - INFO - utils.trainer -   Specificity: 0.94718
06/30/2026 16:18:58 - INFO - utils.trainer -   Sensitivity: 0.04859
06/30/2026 16:18:58 - INFO - utils.trainer -   Loss: 0.69318
06/30/2026 16:18:58 - INFO - utils.trainer -   Epoch: 15, Train loss: 0.69323, Test loss: 0.69318,Epoch time = 2.777s
06/30/2026 16:19:01 - INFO - utils.trainer -   ***** Running evaluation on test0 dataset *****
06/30/2026 16:19:02 - INFO - utils.trainer -   AUC: 0.50991
06/30/2026 16:19:02 - INFO - utils.trainer -   Accuracy: 0.51127
06/30/2026 16:19:02 - INFO - utils.trainer -   Precision: 0.50887
06/30/2026 16:19:02 - INFO - utils.trainer -   Recall: 0.64648
06/30/2026 16:19:02 - INFO - utils.trainer -   F_score: 0.56948
06/30/2026 16:19:02 - INFO - utils.trainer -   Specificity: 0.37606
06/30/2026 16:19:02 - INFO - utils.trainer -   Sensitivity: 0.64648
06/30/2026 16:19:02 - INFO - utils.trainer -   Loss: 0.69309
06/30/2026 16:19:02 - INFO - utils.trainer -   Saving model checkpoint to output_dir/VIB
06/30/2026 16:19:02 - INFO - utils.trainer -   Epoch: 16, Train loss: 0.69339, Test loss: 0.69309,Epoch time = 3.616s
06/30/2026 16:19:04 - INFO - utils.trainer -   ***** Running evaluation on test0 dataset *****
06/30/2026 16:19:05 - INFO - utils.trainer -   AUC: 0.48176
06/30/2026 16:19:05 - INFO - utils.trainer -   Accuracy: 0.48451
06/30/2026 16:19:05 - INFO - utils.trainer -   Precision: 0.47655
06/30/2026 16:19:05 - INFO - utils.trainer -   Recall: 0.31479
06/30/2026 16:19:05 - INFO - utils.trainer -   F_score: 0.37913
06/30/2026 16:19:05 - INFO - utils.trainer -   Specificity: 0.65423
06/30/2026 16:19:05 - INFO - utils.trainer -   Sensitivity: 0.31479
06/30/2026 16:19:05 - INFO - utils.trainer -   Loss: 0.69342
06/30/2026 16:19:05 - INFO - utils.trainer -   Epoch: 17, Train loss: 0.69299, Test loss: 0.69342,Epoch time = 2.556s
06/30/2026 16:19:08 - INFO - utils.trainer -   ***** Running evaluation on test0 dataset *****
06/30/2026 16:19:09 - INFO - utils.trainer -   AUC: 0.50619
06/30/2026 16:19:09 - INFO - utils.trainer -   Accuracy: 0.50810
06/30/2026 16:19:09 - INFO - utils.trainer -   Precision: 0.50563
06/30/2026 16:19:09 - INFO - utils.trainer -   Recall: 0.72746
06/30/2026 16:19:09 - INFO - utils.trainer -   F_score: 0.59659
06/30/2026 16:19:09 - INFO - utils.trainer -   Specificity: 0.28873
06/30/2026 16:19:09 - INFO - utils.trainer -   Sensitivity: 0.72746
06/30/2026 16:19:09 - INFO - utils.trainer -   Loss: 0.69312
06/30/2026 16:19:09 - INFO - utils.trainer -   Saving model checkpoint to output_dir/VIB
06/30/2026 16:19:09 - INFO - utils.trainer -   Epoch: 18, Train loss: 0.69339, Test loss: 0.69312,Epoch time = 2.941s
06/30/2026 16:19:12 - INFO - utils.trainer -   ***** Running evaluation on test0 dataset *****
06/30/2026 16:19:13 - INFO - utils.trainer -   AUC: 0.49089
06/30/2026 16:19:13 - INFO - utils.trainer -   Accuracy: 0.49718
06/30/2026 16:19:13 - INFO - utils.trainer -   Precision: 0.49601
06/30/2026 16:19:13 - INFO - utils.trainer -   Recall: 0.35000
06/30/2026 16:19:13 - INFO - utils.trainer -   F_score: 0.41040
06/30/2026 16:19:13 - INFO - utils.trainer -   Specificity: 0.64437
06/30/2026 16:19:13 - INFO - utils.trainer -   Sensitivity: 0.35000
06/30/2026 16:19:13 - INFO - utils.trainer -   Loss: 0.69326
06/30/2026 16:19:13 - INFO - utils.trainer -   Epoch: 19, Train loss: 0.69328, Test loss: 0.69326,Epoch time = 3.009s
06/30/2026 16:19:16 - INFO - utils.trainer -   ***** Running evaluation on test0 dataset *****
06/30/2026 16:19:16 - INFO - utils.trainer -   AUC: 0.50130
06/30/2026 16:19:16 - INFO - utils.trainer -   Accuracy: 0.50070
06/30/2026 16:19:16 - INFO - utils.trainer -   Precision: 0.50113
06/30/2026 16:19:16 - INFO - utils.trainer -   Recall: 0.31127
06/30/2026 16:19:16 - INFO - utils.trainer -   F_score: 0.38401
06/30/2026 16:19:16 - INFO - utils.trainer -   Specificity: 0.69014
06/30/2026 16:19:16 - INFO - utils.trainer -   Sensitivity: 0.31127
06/30/2026 16:19:16 - INFO - utils.trainer -   Loss: 0.69316
06/30/2026 16:19:16 - INFO - utils.trainer -   Epoch: 20, Train loss: 0.69328, Test loss: 0.69316,Epoch time = 3.243s
06/30/2026 16:19:19 - INFO - utils.trainer -   ***** Running evaluation on test0 dataset *****
06/30/2026 16:19:20 - INFO - utils.trainer -   AUC: 0.51230
06/30/2026 16:19:20 - INFO - utils.trainer -   Accuracy: 0.51408
06/30/2026 16:19:20 - INFO - utils.trainer -   Precision: 0.51931
06/30/2026 16:19:20 - INFO - utils.trainer -   Recall: 0.37887
06/30/2026 16:19:20 - INFO - utils.trainer -   F_score: 0.43811
06/30/2026 16:19:20 - INFO - utils.trainer -   Specificity: 0.64930
06/30/2026 16:19:20 - INFO - utils.trainer -   Sensitivity: 0.37887
06/30/2026 16:19:20 - INFO - utils.trainer -   Loss: 0.69303
06/30/2026 16:19:20 - INFO - utils.trainer -   Epoch: 21, Train loss: 0.69318, Test loss: 0.69303,Epoch time = 2.837s
06/30/2026 16:19:23 - INFO - utils.trainer -   ***** Running evaluation on test0 dataset *****
06/30/2026 16:19:24 - INFO - utils.trainer -   AUC: 0.51109
06/30/2026 16:19:24 - INFO - utils.trainer -   Accuracy: 0.50845
06/30/2026 16:19:24 - INFO - utils.trainer -   Precision: 0.50855
06/30/2026 16:19:24 - INFO - utils.trainer -   Recall: 0.50282
06/30/2026 16:19:24 - INFO - utils.trainer -   F_score: 0.50567
06/30/2026 16:19:24 - INFO - utils.trainer -   Specificity: 0.51408
06/30/2026 16:19:24 - INFO - utils.trainer -   Sensitivity: 0.50282
06/30/2026 16:19:24 - INFO - utils.trainer -   Loss: 0.69310
06/30/2026 16:19:24 - INFO - utils.trainer -   Epoch: 22, Train loss: 0.69338, Test loss: 0.69310,Epoch time = 2.741s
06/30/2026 16:19:26 - INFO - utils.trainer -   ***** Running evaluation on test0 dataset *****
06/30/2026 16:19:27 - INFO - utils.trainer -   AUC: 0.49742
06/30/2026 16:19:27 - INFO - utils.trainer -   Accuracy: 0.50000
06/30/2026 16:19:27 - INFO - utils.trainer -   Precision: 0.50000
06/30/2026 16:19:27 - INFO - utils.trainer -   Recall: 0.15845
06/30/2026 16:19:27 - INFO - utils.trainer -   F_score: 0.24064
06/30/2026 16:19:27 - INFO - utils.trainer -   Specificity: 0.84155
06/30/2026 16:19:27 - INFO - utils.trainer -   Sensitivity: 0.15845
06/30/2026 16:19:27 - INFO - utils.trainer -   Loss: 0.69318
06/30/2026 16:19:27 - INFO - utils.trainer -   Epoch: 23, Train loss: 0.69323, Test loss: 0.69318,Epoch time = 2.617s
06/30/2026 16:19:30 - INFO - utils.trainer -   ***** Running evaluation on test0 dataset *****
06/30/2026 16:19:30 - INFO - utils.trainer -   AUC: 0.49125
06/30/2026 16:19:30 - INFO - utils.trainer -   Accuracy: 0.50317
06/30/2026 16:19:30 - INFO - utils.trainer -   Precision: 0.50276
06/30/2026 16:19:30 - INFO - utils.trainer -   Recall: 0.57746
06/30/2026 16:19:30 - INFO - utils.trainer -   F_score: 0.53753
06/30/2026 16:19:30 - INFO - utils.trainer -   Specificity: 0.42887
06/30/2026 16:19:30 - INFO - utils.trainer -   Sensitivity: 0.57746
06/30/2026 16:19:30 - INFO - utils.trainer -   Loss: 0.69326
06/30/2026 16:19:30 - INFO - utils.trainer -   Epoch: 24, Train loss: 0.69302, Test loss: 0.69326,Epoch time = 2.756s
06/30/2026 16:19:32 - INFO - utils.trainer -   ***** Running evaluation on test0 dataset *****
06/30/2026 16:19:33 - INFO - utils.trainer -   AUC: 0.51625
06/30/2026 16:19:33 - INFO - utils.trainer -   Accuracy: 0.50739
06/30/2026 16:19:33 - INFO - utils.trainer -   Precision: 0.54884
06/30/2026 16:19:33 - INFO - utils.trainer -   Recall: 0.08310
06/30/2026 16:19:33 - INFO - utils.trainer -   F_score: 0.14434
06/30/2026 16:19:33 - INFO - utils.trainer -   Specificity: 0.93169
06/30/2026 16:19:33 - INFO - utils.trainer -   Sensitivity: 0.08310
06/30/2026 16:19:33 - INFO - utils.trainer -   Loss: 0.69305
06/30/2026 16:19:33 - INFO - utils.trainer -   Epoch: 25, Train loss: 0.69321, Test loss: 0.69305,Epoch time = 1.933s
06/30/2026 16:19:36 - INFO - utils.trainer -   ***** Running evaluation on test0 dataset *****
06/30/2026 16:19:37 - INFO - utils.trainer -   AUC: 0.49993
06/30/2026 16:19:37 - INFO - utils.trainer -   Accuracy: 0.50880
06/30/2026 16:19:37 - INFO - utils.trainer -   Precision: 0.50633
06/30/2026 16:19:37 - INFO - utils.trainer -   Recall: 0.70423
06/30/2026 16:19:37 - INFO - utils.trainer -   F_score: 0.58910
06/30/2026 16:19:37 - INFO - utils.trainer -   Specificity: 0.31338
06/30/2026 16:19:37 - INFO - utils.trainer -   Sensitivity: 0.70423
06/30/2026 16:19:37 - INFO - utils.trainer -   Loss: 0.69320
06/30/2026 16:19:37 - INFO - utils.trainer -   Epoch: 26, Train loss: 0.69325, Test loss: 0.69320,Epoch time = 3.472s
06/30/2026 16:19:39 - INFO - utils.trainer -   ***** Running evaluation on test0 dataset *****
06/30/2026 16:19:40 - INFO - utils.trainer -   AUC: 0.50427
06/30/2026 16:19:40 - INFO - utils.trainer -   Accuracy: 0.50176
06/30/2026 16:19:40 - INFO - utils.trainer -   Precision: 0.50181
06/30/2026 16:19:40 - INFO - utils.trainer -   Recall: 0.48803
06/30/2026 16:19:40 - INFO - utils.trainer -   F_score: 0.49482
06/30/2026 16:19:40 - INFO - utils.trainer -   Specificity: 0.51549
06/30/2026 16:19:40 - INFO - utils.trainer -   Sensitivity: 0.48803
06/30/2026 16:19:40 - INFO - utils.trainer -   Loss: 0.69313
06/30/2026 16:19:40 - INFO - utils.trainer -   Epoch: 27, Train loss: 0.69337, Test loss: 0.69313,Epoch time = 2.342s
06/30/2026 16:19:43 - INFO - utils.trainer -   ***** Running evaluation on test0 dataset *****
06/30/2026 16:19:44 - INFO - utils.trainer -   AUC: 0.50784
06/30/2026 16:19:44 - INFO - utils.trainer -   Accuracy: 0.50070
06/30/2026 16:19:44 - INFO - utils.trainer -   Precision: 0.50052
06/30/2026 16:19:44 - INFO - utils.trainer -   Recall: 0.67394
06/30/2026 16:19:44 - INFO - utils.trainer -   F_score: 0.57443
06/30/2026 16:19:44 - INFO - utils.trainer -   Specificity: 0.32746
06/30/2026 16:19:44 - INFO - utils.trainer -   Sensitivity: 0.67394
06/30/2026 16:19:44 - INFO - utils.trainer -   Loss: 0.69309
06/30/2026 16:19:44 - INFO - utils.trainer -   Epoch: 28, Train loss: 0.69328, Test loss: 0.69309,Epoch time = 3.216s
06/30/2026 16:19:47 - INFO - utils.trainer -   ***** Running evaluation on test0 dataset *****
06/30/2026 16:19:48 - INFO - utils.trainer -   AUC: 0.50100
06/30/2026 16:19:48 - INFO - utils.trainer -   Accuracy: 0.50739
06/30/2026 16:19:48 - INFO - utils.trainer -   Precision: 0.50645
06/30/2026 16:19:48 - INFO - utils.trainer -   Recall: 0.58028
06/30/2026 16:19:48 - INFO - utils.trainer -   F_score: 0.54086
06/30/2026 16:19:48 - INFO - utils.trainer -   Specificity: 0.43451
06/30/2026 16:19:48 - INFO - utils.trainer -   Sensitivity: 0.58028
06/30/2026 16:19:48 - INFO - utils.trainer -   Loss: 0.69317
06/30/2026 16:19:48 - INFO - utils.trainer -   Epoch: 29, Train loss: 0.69333, Test loss: 0.69317,Epoch time = 3.386s
06/30/2026 16:19:52 - INFO - utils.trainer -   ***** Running evaluation on test0 dataset *****
06/30/2026 16:19:52 - INFO - utils.trainer -   AUC: 0.48457
06/30/2026 16:19:52 - INFO - utils.trainer -   Accuracy: 0.49049
06/30/2026 16:19:52 - INFO - utils.trainer -   Precision: 0.49045
06/30/2026 16:19:52 - INFO - utils.trainer -   Recall: 0.48803
06/30/2026 16:19:52 - INFO - utils.trainer -   F_score: 0.48923
06/30/2026 16:19:52 - INFO - utils.trainer -   Specificity: 0.49296
06/30/2026 16:19:52 - INFO - utils.trainer -   Sensitivity: 0.48803
06/30/2026 16:19:52 - INFO - utils.trainer -   Loss: 0.69329
06/30/2026 16:19:52 - INFO - utils.trainer -   Epoch: 30, Train loss: 0.69323, Test loss: 0.69329,Epoch time = 3.398s
06/30/2026 16:19:56 - INFO - utils.trainer -   ***** Running evaluation on test0 dataset *****
06/30/2026 16:19:57 - INFO - utils.trainer -   AUC: 0.50783
06/30/2026 16:19:57 - INFO - utils.trainer -   Accuracy: 0.50387
06/30/2026 16:19:57 - INFO - utils.trainer -   Precision: 0.50367
06/30/2026 16:19:57 - INFO - utils.trainer -   Recall: 0.53169
06/30/2026 16:19:57 - INFO - utils.trainer -   F_score: 0.51730
06/30/2026 16:19:57 - INFO - utils.trainer -   Specificity: 0.47606
06/30/2026 16:19:57 - INFO - utils.trainer -   Sensitivity: 0.53169
06/30/2026 16:19:57 - INFO - utils.trainer -   Loss: 0.69309
06/30/2026 16:19:57 - INFO - utils.trainer -   Epoch: 31, Train loss: 0.69315, Test loss: 0.69309,Epoch time = 3.378s
06/30/2026 16:20:01 - INFO - utils.trainer -   ***** Running evaluation on test0 dataset *****
06/30/2026 16:20:01 - INFO - utils.trainer -   AUC: 0.50524
06/30/2026 16:20:01 - INFO - utils.trainer -   Accuracy: 0.50528
06/30/2026 16:20:01 - INFO - utils.trainer -   Precision: 0.50510
06/30/2026 16:20:01 - INFO - utils.trainer -   Recall: 0.52324
06/30/2026 16:20:01 - INFO - utils.trainer -   F_score: 0.51401
06/30/2026 16:20:01 - INFO - utils.trainer -   Specificity: 0.48732
06/30/2026 16:20:01 - INFO - utils.trainer -   Sensitivity: 0.52324
06/30/2026 16:20:01 - INFO - utils.trainer -   Loss: 0.69312
06/30/2026 16:20:01 - INFO - utils.trainer -   Epoch: 32, Train loss: 0.69328, Test loss: 0.69312,Epoch time = 4.069s
06/30/2026 16:20:04 - INFO - utils.trainer -   ***** Running evaluation on test0 dataset *****
06/30/2026 16:20:05 - INFO - utils.trainer -   AUC: 0.48993
06/30/2026 16:20:05 - INFO - utils.trainer -   Accuracy: 0.49190
06/30/2026 16:20:05 - INFO - utils.trainer -   Precision: 0.49225
06/30/2026 16:20:05 - INFO - utils.trainer -   Recall: 0.51408
06/30/2026 16:20:05 - INFO - utils.trainer -   F_score: 0.50293
06/30/2026 16:20:05 - INFO - utils.trainer -   Specificity: 0.46972
06/30/2026 16:20:05 - INFO - utils.trainer -   Sensitivity: 0.51408
06/30/2026 16:20:05 - INFO - utils.trainer -   Loss: 0.69323
06/30/2026 16:20:05 - INFO - utils.trainer -   Epoch: 33, Train loss: 0.69327, Test loss: 0.69323,Epoch time = 2.391s
06/30/2026 16:20:07 - INFO - utils.trainer -   ***** Running evaluation on test0 dataset *****
06/30/2026 16:20:08 - INFO - utils.trainer -   AUC: 0.49590
06/30/2026 16:20:08 - INFO - utils.trainer -   Accuracy: 0.49648
06/30/2026 16:20:08 - INFO - utils.trainer -   Precision: 0.49600
06/30/2026 16:20:08 - INFO - utils.trainer -   Recall: 0.43662
06/30/2026 16:20:08 - INFO - utils.trainer -   F_score: 0.46442
06/30/2026 16:20:08 - INFO - utils.trainer -   Specificity: 0.55634
06/30/2026 16:20:08 - INFO - utils.trainer -   Sensitivity: 0.43662
06/30/2026 16:20:08 - INFO - utils.trainer -   Loss: 0.69318
06/30/2026 16:20:08 - INFO - utils.trainer -   Epoch: 34, Train loss: 0.69316, Test loss: 0.69318,Epoch time = 2.856s
06/30/2026 16:20:10 - INFO - utils.trainer -   ***** Running evaluation on test0 dataset *****
06/30/2026 16:20:11 - INFO - utils.trainer -   AUC: 0.47946
06/30/2026 16:20:11 - INFO - utils.trainer -   Accuracy: 0.48556
06/30/2026 16:20:11 - INFO - utils.trainer -   Precision: 0.47574
06/30/2026 16:20:11 - INFO - utils.trainer -   Recall: 0.28310
06/30/2026 16:20:11 - INFO - utils.trainer -   F_score: 0.35497
06/30/2026 16:20:11 - INFO - utils.trainer -   Specificity: 0.68803
06/30/2026 16:20:11 - INFO - utils.trainer -   Sensitivity: 0.28310
06/30/2026 16:20:11 - INFO - utils.trainer -   Loss: 0.69327
06/30/2026 16:20:11 - INFO - utils.trainer -   Epoch: 35, Train loss: 0.69328, Test loss: 0.69327,Epoch time = 2.360s
06/30/2026 16:20:14 - INFO - utils.trainer -   ***** Running evaluation on test0 dataset *****
06/30/2026 16:20:15 - INFO - utils.trainer -   AUC: 0.50608
06/30/2026 16:20:15 - INFO - utils.trainer -   Accuracy: 0.50070
06/30/2026 16:20:15 - INFO - utils.trainer -   Precision: 0.50134
06/30/2026 16:20:15 - INFO - utils.trainer -   Recall: 0.26408
06/30/2026 16:20:15 - INFO - utils.trainer -   F_score: 0.34594
06/30/2026 16:20:15 - INFO - utils.trainer -   Specificity: 0.73732
06/30/2026 16:20:15 - INFO - utils.trainer -   Sensitivity: 0.26408
06/30/2026 16:20:15 - INFO - utils.trainer -   Loss: 0.69312
06/30/2026 16:20:15 - INFO - utils.trainer -   Epoch: 36, Train loss: 0.69323, Test loss: 0.69312,Epoch time = 3.221s
06/30/2026 16:20:18 - INFO - utils.trainer -   ***** Running evaluation on test0 dataset *****
06/30/2026 16:20:19 - INFO - utils.trainer -   AUC: 0.50864
06/30/2026 16:20:19 - INFO - utils.trainer -   Accuracy: 0.50634
06/30/2026 16:20:19 - INFO - utils.trainer -   Precision: 0.50791
06/30/2026 16:20:19 - INFO - utils.trainer -   Recall: 0.40704
06/30/2026 16:20:19 - INFO - utils.trainer -   F_score: 0.45192
06/30/2026 16:20:19 - INFO - utils.trainer -   Specificity: 0.60563
06/30/2026 16:20:19 - INFO - utils.trainer -   Sensitivity: 0.40704
06/30/2026 16:20:19 - INFO - utils.trainer -   Loss: 0.69306
06/30/2026 16:20:19 - INFO - utils.trainer -   Epoch: 37, Train loss: 0.69316, Test loss: 0.69306,Epoch time = 3.086s
06/30/2026 16:20:22 - INFO - utils.trainer -   ***** Running evaluation on test0 dataset *****
06/30/2026 16:20:23 - INFO - utils.trainer -   AUC: 0.50920
06/30/2026 16:20:23 - INFO - utils.trainer -   Accuracy: 0.50423
06/30/2026 16:20:23 - INFO - utils.trainer -   Precision: 0.50529
06/30/2026 16:20:23 - INFO - utils.trainer -   Recall: 0.40352
06/30/2026 16:20:23 - INFO - utils.trainer -   F_score: 0.44871
06/30/2026 16:20:23 - INFO - utils.trainer -   Specificity: 0.60493
06/30/2026 16:20:23 - INFO - utils.trainer -   Sensitivity: 0.40352
06/30/2026 16:20:23 - INFO - utils.trainer -   Loss: 0.69305
06/30/2026 16:20:23 - INFO - utils.trainer -   Epoch: 38, Train loss: 0.69333, Test loss: 0.69305,Epoch time = 2.839s
06/30/2026 16:20:27 - INFO - utils.trainer -   ***** Running evaluation on test0 dataset *****
06/30/2026 16:20:27 - INFO - utils.trainer -   AUC: 0.49470
06/30/2026 16:20:27 - INFO - utils.trainer -   Accuracy: 0.49930
06/30/2026 16:20:27 - INFO - utils.trainer -   Precision: 0.49930
06/30/2026 16:20:27 - INFO - utils.trainer -   Recall: 0.50423
06/30/2026 16:20:27 - INFO - utils.trainer -   F_score: 0.50175
06/30/2026 16:20:27 - INFO - utils.trainer -   Specificity: 0.49437
06/30/2026 16:20:27 - INFO - utils.trainer -   Sensitivity: 0.50423
06/30/2026 16:20:27 - INFO - utils.trainer -   Loss: 0.69320
06/30/2026 16:20:27 - INFO - utils.trainer -   Epoch: 39, Train loss: 0.69334, Test loss: 0.69320,Epoch time = 3.951s
06/30/2026 16:20:31 - INFO - utils.trainer -   ***** Running evaluation on test0 dataset *****
06/30/2026 16:20:31 - INFO - utils.trainer -   AUC: 0.51349
06/30/2026 16:20:31 - INFO - utils.trainer -   Accuracy: 0.50493
06/30/2026 16:20:31 - INFO - utils.trainer -   Precision: 0.50543
06/30/2026 16:20:31 - INFO - utils.trainer -   Recall: 0.45915
06/30/2026 16:20:31 - INFO - utils.trainer -   F_score: 0.48118
06/30/2026 16:20:31 - INFO - utils.trainer -   Specificity: 0.55070
06/30/2026 16:20:31 - INFO - utils.trainer -   Sensitivity: 0.45915
06/30/2026 16:20:31 - INFO - utils.trainer -   Loss: 0.69306
06/30/2026 16:20:31 - INFO - utils.trainer -   Epoch: 40, Train loss: 0.69321, Test loss: 0.69306,Epoch time = 3.288s
06/30/2026 16:20:34 - INFO - utils.trainer -   ***** Running evaluation on test0 dataset *****
06/30/2026 16:20:35 - INFO - utils.trainer -   AUC: 0.50740
06/30/2026 16:20:35 - INFO - utils.trainer -   Accuracy: 0.49789
06/30/2026 16:20:35 - INFO - utils.trainer -   Precision: 0.49703
06/30/2026 16:20:35 - INFO - utils.trainer -   Recall: 0.35352
06/30/2026 16:20:35 - INFO - utils.trainer -   F_score: 0.41317
06/30/2026 16:20:35 - INFO - utils.trainer -   Specificity: 0.64225
06/30/2026 16:20:35 - INFO - utils.trainer -   Sensitivity: 0.35352
06/30/2026 16:20:35 - INFO - utils.trainer -   Loss: 0.69309
06/30/2026 16:20:35 - INFO - utils.trainer -   Epoch: 41, Train loss: 0.69313, Test loss: 0.69309,Epoch time = 2.717s
06/30/2026 16:20:38 - INFO - utils.trainer -   ***** Running evaluation on test0 dataset *****
06/30/2026 16:20:38 - INFO - utils.trainer -   AUC: 0.50419
06/30/2026 16:20:38 - INFO - utils.trainer -   Accuracy: 0.49930
06/30/2026 16:20:38 - INFO - utils.trainer -   Precision: 0.49907
06/30/2026 16:20:38 - INFO - utils.trainer -   Recall: 0.37958
06/30/2026 16:20:38 - INFO - utils.trainer -   F_score: 0.43120
06/30/2026 16:20:38 - INFO - utils.trainer -   Specificity: 0.61901
06/30/2026 16:20:38 - INFO - utils.trainer -   Sensitivity: 0.37958
06/30/2026 16:20:38 - INFO - utils.trainer -   Loss: 0.69312
06/30/2026 16:20:38 - INFO - utils.trainer -   Epoch: 42, Train loss: 0.69321, Test loss: 0.69312,Epoch time = 2.641s
06/30/2026 16:20:42 - INFO - utils.trainer -   ***** Running evaluation on test0 dataset *****
06/30/2026 16:20:43 - INFO - utils.trainer -   AUC: 0.48392
06/30/2026 16:20:43 - INFO - utils.trainer -   Accuracy: 0.48979
06/30/2026 16:20:43 - INFO - utils.trainer -   Precision: 0.48742
06/30/2026 16:20:43 - INFO - utils.trainer -   Recall: 0.39577
06/30/2026 16:20:43 - INFO - utils.trainer -   F_score: 0.43684
06/30/2026 16:20:43 - INFO - utils.trainer -   Specificity: 0.58380
06/30/2026 16:20:43 - INFO - utils.trainer -   Sensitivity: 0.39577
06/30/2026 16:20:43 - INFO - utils.trainer -   Loss: 0.69331
06/30/2026 16:20:43 - INFO - utils.trainer -   Epoch: 43, Train loss: 0.69319, Test loss: 0.69331,Epoch time = 3.810s
06/30/2026 16:20:46 - INFO - utils.trainer -   ***** Running evaluation on test0 dataset *****
06/30/2026 16:20:46 - INFO - utils.trainer -   AUC: 0.47177
06/30/2026 16:20:46 - INFO - utils.trainer -   Accuracy: 0.47359
06/30/2026 16:20:46 - INFO - utils.trainer -   Precision: 0.47277
06/30/2026 16:20:46 - INFO - utils.trainer -   Recall: 0.45845
06/30/2026 16:20:46 - INFO - utils.trainer -   F_score: 0.46550
06/30/2026 16:20:46 - INFO - utils.trainer -   Specificity: 0.48873
06/30/2026 16:20:46 - INFO - utils.trainer -   Sensitivity: 0.45845
06/30/2026 16:20:46 - INFO - utils.trainer -   Loss: 0.69339
06/30/2026 16:20:46 - INFO - utils.trainer -   Epoch: 44, Train loss: 0.69324, Test loss: 0.69339,Epoch time = 2.978s
06/30/2026 16:20:49 - INFO - utils.trainer -   ***** Running evaluation on test0 dataset *****
06/30/2026 16:20:50 - INFO - utils.trainer -   AUC: 0.50903
06/30/2026 16:20:50 - INFO - utils.trainer -   Accuracy: 0.51444
06/30/2026 16:20:50 - INFO - utils.trainer -   Precision: 0.51323
06/30/2026 16:20:50 - INFO - utils.trainer -   Recall: 0.55986
06/30/2026 16:20:50 - INFO - utils.trainer -   F_score: 0.53553
06/30/2026 16:20:50 - INFO - utils.trainer -   Specificity: 0.46901
06/30/2026 16:20:50 - INFO - utils.trainer -   Sensitivity: 0.55986
06/30/2026 16:20:50 - INFO - utils.trainer -   Loss: 0.69308
06/30/2026 16:20:50 - INFO - utils.trainer -   Epoch: 45, Train loss: 0.69323, Test loss: 0.69308,Epoch time = 2.861s
06/30/2026 16:20:53 - INFO - utils.trainer -   ***** Running evaluation on test0 dataset *****
06/30/2026 16:20:53 - INFO - utils.trainer -   AUC: 0.50515
06/30/2026 16:20:53 - INFO - utils.trainer -   Accuracy: 0.50423
06/30/2026 16:20:53 - INFO - utils.trainer -   Precision: 0.50364
06/30/2026 16:20:53 - INFO - utils.trainer -   Recall: 0.58451
06/30/2026 16:20:53 - INFO - utils.trainer -   F_score: 0.54107
06/30/2026 16:20:53 - INFO - utils.trainer -   Specificity: 0.42394
06/30/2026 16:20:53 - INFO - utils.trainer -   Sensitivity: 0.58451
06/30/2026 16:20:53 - INFO - utils.trainer -   Loss: 0.69314
06/30/2026 16:20:53 - INFO - utils.trainer -   Epoch: 46, Train loss: 0.69323, Test loss: 0.69314,Epoch time = 2.599s
06/30/2026 16:20:57 - INFO - utils.trainer -   ***** Running evaluation on test0 dataset *****
06/30/2026 16:20:57 - INFO - utils.trainer -   AUC: 0.48959
06/30/2026 16:20:57 - INFO - utils.trainer -   Accuracy: 0.49331
06/30/2026 16:20:57 - INFO - utils.trainer -   Precision: 0.49131
06/30/2026 16:20:57 - INFO - utils.trainer -   Recall: 0.37817
06/30/2026 16:20:57 - INFO - utils.trainer -   F_score: 0.42738
06/30/2026 16:20:57 - INFO - utils.trainer -   Specificity: 0.60845
06/30/2026 16:20:57 - INFO - utils.trainer -   Sensitivity: 0.37817
06/30/2026 16:20:57 - INFO - utils.trainer -   Loss: 0.69326
06/30/2026 16:20:57 - INFO - utils.trainer -   Epoch: 47, Train loss: 0.69321, Test loss: 0.69326,Epoch time = 3.107s
06/30/2026 16:21:00 - INFO - utils.trainer -   ***** Running evaluation on test0 dataset *****
06/30/2026 16:21:01 - INFO - utils.trainer -   AUC: 0.50010
06/30/2026 16:21:01 - INFO - utils.trainer -   Accuracy: 0.49754
06/30/2026 16:21:01 - INFO - utils.trainer -   Precision: 0.49737
06/30/2026 16:21:01 - INFO - utils.trainer -   Recall: 0.46620
06/30/2026 16:21:01 - INFO - utils.trainer -   F_score: 0.48128
06/30/2026 16:21:01 - INFO - utils.trainer -   Specificity: 0.52887
06/30/2026 16:21:01 - INFO - utils.trainer -   Sensitivity: 0.46620
06/30/2026 16:21:01 - INFO - utils.trainer -   Loss: 0.69315
06/30/2026 16:21:01 - INFO - utils.trainer -   Epoch: 48, Train loss: 0.69318, Test loss: 0.69315,Epoch time = 2.726s
06/30/2026 16:21:03 - INFO - utils.trainer -   ***** Running evaluation on test0 dataset *****
06/30/2026 16:21:03 - INFO - utils.trainer -   AUC: 0.48278
06/30/2026 16:21:03 - INFO - utils.trainer -   Accuracy: 0.48415
06/30/2026 16:21:03 - INFO - utils.trainer -   Precision: 0.48320
06/30/2026 16:21:03 - INFO - utils.trainer -   Recall: 0.45563
06/30/2026 16:21:03 - INFO - utils.trainer -   F_score: 0.46901
06/30/2026 16:21:03 - INFO - utils.trainer -   Specificity: 0.51268
06/30/2026 16:21:03 - INFO - utils.trainer -   Sensitivity: 0.45563
06/30/2026 16:21:03 - INFO - utils.trainer -   Loss: 0.69331
06/30/2026 16:21:03 - INFO - utils.trainer -   Epoch: 49, Train loss: 0.69322, Test loss: 0.69331,Epoch time = 1.995s
06/30/2026 16:21:06 - INFO - utils.trainer -   ***** Running evaluation on test0 dataset *****
06/30/2026 16:21:07 - INFO - utils.trainer -   AUC: 0.49708
06/30/2026 16:21:07 - INFO - utils.trainer -   Accuracy: 0.51620
06/30/2026 16:21:07 - INFO - utils.trainer -   Precision: 0.52964
06/30/2026 16:21:07 - INFO - utils.trainer -   Recall: 0.28944
06/30/2026 16:21:07 - INFO - utils.trainer -   F_score: 0.37432
06/30/2026 16:21:07 - INFO - utils.trainer -   Specificity: 0.74296
06/30/2026 16:21:07 - INFO - utils.trainer -   Sensitivity: 0.28944
06/30/2026 16:21:07 - INFO - utils.trainer -   Loss: 0.69316
06/30/2026 16:21:07 - INFO - utils.trainer -   Epoch: 50, Train loss: 0.69343, Test loss: 0.69316,Epoch time = 2.828s
06/30/2026 16:21:09 - INFO - utils.trainer -   ***** Running evaluation on test0 dataset *****
06/30/2026 16:21:10 - INFO - utils.trainer -   AUC: 0.51858
06/30/2026 16:21:10 - INFO - utils.trainer -   Accuracy: 0.51761
06/30/2026 16:21:10 - INFO - utils.trainer -   Precision: 0.53731
06/30/2026 16:21:10 - INFO - utils.trainer -   Recall: 0.25352
06/30/2026 16:21:10 - INFO - utils.trainer -   F_score: 0.34450
06/30/2026 16:21:10 - INFO - utils.trainer -   Specificity: 0.78169
06/30/2026 16:21:10 - INFO - utils.trainer -   Sensitivity: 0.25352
06/30/2026 16:21:10 - INFO - utils.trainer -   Loss: 0.69307
06/30/2026 16:21:10 - INFO - utils.trainer -   Epoch: 51, Train loss: 0.69322, Test loss: 0.69307,Epoch time = 1.868s
06/30/2026 16:21:12 - INFO - utils.trainer -   ***** Running evaluation on test0 dataset *****
06/30/2026 16:21:13 - INFO - utils.trainer -   AUC: 0.47477
06/30/2026 16:21:13 - INFO - utils.trainer -   Accuracy: 0.48486
06/30/2026 16:21:13 - INFO - utils.trainer -   Precision: 0.47645
06/30/2026 16:21:13 - INFO - utils.trainer -   Recall: 0.30634
06/30/2026 16:21:13 - INFO - utils.trainer -   F_score: 0.37291
06/30/2026 16:21:13 - INFO - utils.trainer -   Specificity: 0.66338
06/30/2026 16:21:13 - INFO - utils.trainer -   Sensitivity: 0.30634
06/30/2026 16:21:13 - INFO - utils.trainer -   Loss: 0.69327
06/30/2026 16:21:13 - INFO - utils.trainer -   Epoch: 52, Train loss: 0.69325, Test loss: 0.69327,Epoch time = 2.486s
06/30/2026 16:21:15 - INFO - utils.trainer -   ***** Running evaluation on test0 dataset *****
06/30/2026 16:21:15 - INFO - utils.trainer -   AUC: 0.49743
06/30/2026 16:21:15 - INFO - utils.trainer -   Accuracy: 0.50493
06/30/2026 16:21:15 - INFO - utils.trainer -   Precision: 0.50560
06/30/2026 16:21:15 - INFO - utils.trainer -   Recall: 0.44507
06/30/2026 16:21:15 - INFO - utils.trainer -   F_score: 0.47341
06/30/2026 16:21:15 - INFO - utils.trainer -   Specificity: 0.56479
06/30/2026 16:21:15 - INFO - utils.trainer -   Sensitivity: 0.44507
06/30/2026 16:21:15 - INFO - utils.trainer -   Loss: 0.69316
06/30/2026 16:21:15 - INFO - utils.trainer -   Epoch: 53, Train loss: 0.69328, Test loss: 0.69316,Epoch time = 2.050s
06/30/2026 16:21:19 - INFO - utils.trainer -   ***** Running evaluation on test0 dataset *****
06/30/2026 16:21:20 - INFO - utils.trainer -   AUC: 0.49601
06/30/2026 16:21:20 - INFO - utils.trainer -   Accuracy: 0.49542
06/30/2026 16:21:20 - INFO - utils.trainer -   Precision: 0.49421
06/30/2026 16:21:20 - INFO - utils.trainer -   Recall: 0.39085
06/30/2026 16:21:20 - INFO - utils.trainer -   F_score: 0.43649
06/30/2026 16:21:20 - INFO - utils.trainer -   Specificity: 0.60000
06/30/2026 16:21:20 - INFO - utils.trainer -   Sensitivity: 0.39085
06/30/2026 16:21:20 - INFO - utils.trainer -   Loss: 0.69315
06/30/2026 16:21:20 - INFO - utils.trainer -   Epoch: 54, Train loss: 0.69323, Test loss: 0.69315,Epoch time = 3.473s
06/30/2026 16:21:22 - INFO - utils.trainer -   ***** Running evaluation on test0 dataset *****
06/30/2026 16:21:23 - INFO - utils.trainer -   AUC: 0.50335
06/30/2026 16:21:23 - INFO - utils.trainer -   Accuracy: 0.50246
06/30/2026 16:21:23 - INFO - utils.trainer -   Precision: 0.50933
06/30/2026 16:21:23 - INFO - utils.trainer -   Recall: 0.13451
06/30/2026 16:21:23 - INFO - utils.trainer -   F_score: 0.21281
06/30/2026 16:21:23 - INFO - utils.trainer -   Specificity: 0.87042
06/30/2026 16:21:23 - INFO - utils.trainer -   Sensitivity: 0.13451
06/30/2026 16:21:23 - INFO - utils.trainer -   Loss: 0.69315
06/30/2026 16:21:23 - INFO - utils.trainer -   Epoch: 55, Train loss: 0.69314, Test loss: 0.69315,Epoch time = 2.710s
06/30/2026 16:21:27 - INFO - utils.trainer -   ***** Running evaluation on test0 dataset *****
06/30/2026 16:21:27 - INFO - utils.trainer -   AUC: 0.49558
06/30/2026 16:21:27 - INFO - utils.trainer -   Accuracy: 0.49648
06/30/2026 16:21:27 - INFO - utils.trainer -   Precision: 0.49260
06/30/2026 16:21:27 - INFO - utils.trainer -   Recall: 0.23451
06/30/2026 16:21:27 - INFO - utils.trainer -   F_score: 0.31775
06/30/2026 16:21:27 - INFO - utils.trainer -   Specificity: 0.75845
06/30/2026 16:21:27 - INFO - utils.trainer -   Sensitivity: 0.23451
06/30/2026 16:21:27 - INFO - utils.trainer -   Loss: 0.69322
06/30/2026 16:21:27 - INFO - utils.trainer -   Epoch: 56, Train loss: 0.69324, Test loss: 0.69322,Epoch time = 3.473s
06/30/2026 16:21:30 - INFO - utils.trainer -   ***** Running evaluation on test0 dataset *****
06/30/2026 16:21:31 - INFO - utils.trainer -   AUC: 0.50400
06/30/2026 16:21:31 - INFO - utils.trainer -   Accuracy: 0.50387
06/30/2026 16:21:31 - INFO - utils.trainer -   Precision: 0.50506
06/30/2026 16:21:31 - INFO - utils.trainer -   Recall: 0.38662
06/30/2026 16:21:31 - INFO - utils.trainer -   F_score: 0.43797
06/30/2026 16:21:31 - INFO - utils.trainer -   Specificity: 0.62113
06/30/2026 16:21:31 - INFO - utils.trainer -   Sensitivity: 0.38662
06/30/2026 16:21:31 - INFO - utils.trainer -   Loss: 0.69313
06/30/2026 16:21:31 - INFO - utils.trainer -   Epoch: 57, Train loss: 0.69322, Test loss: 0.69313,Epoch time = 2.605s
06/30/2026 16:21:34 - INFO - utils.trainer -   ***** Running evaluation on test0 dataset *****
06/30/2026 16:21:35 - INFO - utils.trainer -   AUC: 0.50868
06/30/2026 16:21:35 - INFO - utils.trainer -   Accuracy: 0.50387
06/30/2026 16:21:35 - INFO - utils.trainer -   Precision: 0.50467
06/30/2026 16:21:35 - INFO - utils.trainer -   Recall: 0.41831
06/30/2026 16:21:35 - INFO - utils.trainer -   F_score: 0.45745
06/30/2026 16:21:35 - INFO - utils.trainer -   Specificity: 0.58944
06/30/2026 16:21:35 - INFO - utils.trainer -   Sensitivity: 0.41831
06/30/2026 16:21:35 - INFO - utils.trainer -   Loss: 0.69309
06/30/2026 16:21:35 - INFO - utils.trainer -   Epoch: 58, Train loss: 0.69325, Test loss: 0.69309,Epoch time = 3.118s
06/30/2026 16:21:38 - INFO - utils.trainer -   ***** Running evaluation on test0 dataset *****
06/30/2026 16:21:39 - INFO - utils.trainer -   AUC: 0.51565
06/30/2026 16:21:39 - INFO - utils.trainer -   Accuracy: 0.51021
06/30/2026 16:21:39 - INFO - utils.trainer -   Precision: 0.51146
06/30/2026 16:21:39 - INFO - utils.trainer -   Recall: 0.45563
06/30/2026 16:21:39 - INFO - utils.trainer -   F_score: 0.48194
06/30/2026 16:21:39 - INFO - utils.trainer -   Specificity: 0.56479
06/30/2026 16:21:39 - INFO - utils.trainer -   Sensitivity: 0.45563
06/30/2026 16:21:39 - INFO - utils.trainer -   Loss: 0.69304
06/30/2026 16:21:39 - INFO - utils.trainer -   Epoch: 59, Train loss: 0.69319, Test loss: 0.69304,Epoch time = 3.337s
06/30/2026 16:21:42 - INFO - utils.trainer -   ***** Running evaluation on test0 dataset *****
06/30/2026 16:21:42 - INFO - utils.trainer -   AUC: 0.50768
06/30/2026 16:21:42 - INFO - utils.trainer -   Accuracy: 0.50810
06/30/2026 16:21:42 - INFO - utils.trainer -   Precision: 0.50609
06/30/2026 16:21:42 - INFO - utils.trainer -   Recall: 0.67324
06/30/2026 16:21:42 - INFO - utils.trainer -   F_score: 0.57782
06/30/2026 16:21:42 - INFO - utils.trainer -   Specificity: 0.34296
06/30/2026 16:21:42 - INFO - utils.trainer -   Sensitivity: 0.67324
06/30/2026 16:21:42 - INFO - utils.trainer -   Loss: 0.69311
06/30/2026 16:21:42 - INFO - utils.trainer -   Epoch: 60, Train loss: 0.69322, Test loss: 0.69311,Epoch time = 3.001s
06/30/2026 16:21:45 - INFO - utils.trainer -   ***** Running evaluation on test0 dataset *****
06/30/2026 16:21:45 - INFO - utils.trainer -   AUC: 0.50081
06/30/2026 16:21:45 - INFO - utils.trainer -   Accuracy: 0.50845
06/30/2026 16:21:45 - INFO - utils.trainer -   Precision: 0.50581
06/30/2026 16:21:45 - INFO - utils.trainer -   Recall: 0.73592
06/30/2026 16:21:45 - INFO - utils.trainer -   F_score: 0.59954
06/30/2026 16:21:45 - INFO - utils.trainer -   Specificity: 0.28099
06/30/2026 16:21:45 - INFO - utils.trainer -   Sensitivity: 0.73592
06/30/2026 16:21:45 - INFO - utils.trainer -   Loss: 0.69313
06/30/2026 16:21:45 - INFO - utils.trainer -   Saving model checkpoint to output_dir/VIB
06/30/2026 16:21:45 - INFO - utils.trainer -   Epoch: 61, Train loss: 0.69323, Test loss: 0.69313,Epoch time = 2.547s
06/30/2026 16:21:49 - INFO - utils.trainer -   ***** Running evaluation on test0 dataset *****
06/30/2026 16:21:50 - INFO - utils.trainer -   AUC: 0.49562
06/30/2026 16:21:50 - INFO - utils.trainer -   Accuracy: 0.49718
06/30/2026 16:21:50 - INFO - utils.trainer -   Precision: 0.49679
06/30/2026 16:21:50 - INFO - utils.trainer -   Recall: 0.43662
06/30/2026 16:21:50 - INFO - utils.trainer -   F_score: 0.46477
06/30/2026 16:21:50 - INFO - utils.trainer -   Specificity: 0.55775
06/30/2026 16:21:50 - INFO - utils.trainer -   Sensitivity: 0.43662
06/30/2026 16:21:50 - INFO - utils.trainer -   Loss: 0.69318
06/30/2026 16:21:50 - INFO - utils.trainer -   Epoch: 62, Train loss: 0.69320, Test loss: 0.69318,Epoch time = 3.396s
06/30/2026 16:21:53 - INFO - utils.trainer -   ***** Running evaluation on test0 dataset *****
06/30/2026 16:21:54 - INFO - utils.trainer -   AUC: 0.49015
06/30/2026 16:21:54 - INFO - utils.trainer -   Accuracy: 0.49085
06/30/2026 16:21:54 - INFO - utils.trainer -   Precision: 0.49335
06/30/2026 16:21:54 - INFO - utils.trainer -   Recall: 0.67958
06/30/2026 16:21:54 - INFO - utils.trainer -   F_score: 0.57168
06/30/2026 16:21:54 - INFO - utils.trainer -   Specificity: 0.30211
06/30/2026 16:21:54 - INFO - utils.trainer -   Sensitivity: 0.67958
06/30/2026 16:21:54 - INFO - utils.trainer -   Loss: 0.69323
06/30/2026 16:21:54 - INFO - utils.trainer -   Epoch: 63, Train loss: 0.69325, Test loss: 0.69323,Epoch time = 3.383s
06/30/2026 16:21:58 - INFO - utils.trainer -   ***** Running evaluation on test0 dataset *****
06/30/2026 16:21:58 - INFO - utils.trainer -   AUC: 0.51370
06/30/2026 16:21:58 - INFO - utils.trainer -   Accuracy: 0.50528
06/30/2026 16:21:58 - INFO - utils.trainer -   Precision: 0.50367
06/30/2026 16:21:58 - INFO - utils.trainer -   Recall: 0.72394
06/30/2026 16:21:58 - INFO - utils.trainer -   F_score: 0.59405
06/30/2026 16:21:58 - INFO - utils.trainer -   Specificity: 0.28662
06/30/2026 16:21:58 - INFO - utils.trainer -   Sensitivity: 0.72394
06/30/2026 16:21:58 - INFO - utils.trainer -   Loss: 0.69308
06/30/2026 16:21:58 - INFO - utils.trainer -   Epoch: 64, Train loss: 0.69319, Test loss: 0.69308,Epoch time = 3.612s
06/30/2026 16:22:02 - INFO - utils.trainer -   ***** Running evaluation on test0 dataset *****
06/30/2026 16:22:03 - INFO - utils.trainer -   AUC: 0.48420
06/30/2026 16:22:03 - INFO - utils.trainer -   Accuracy: 0.48556
06/30/2026 16:22:03 - INFO - utils.trainer -   Precision: 0.48748
06/30/2026 16:22:03 - INFO - utils.trainer -   Recall: 0.56197
06/30/2026 16:22:03 - INFO - utils.trainer -   F_score: 0.52208
06/30/2026 16:22:03 - INFO - utils.trainer -   Specificity: 0.40915
06/30/2026 16:22:03 - INFO - utils.trainer -   Sensitivity: 0.56197
06/30/2026 16:22:03 - INFO - utils.trainer -   Loss: 0.69327
06/30/2026 16:22:03 - INFO - utils.trainer -   Epoch: 65, Train loss: 0.69315, Test loss: 0.69327,Epoch time = 3.684s
06/30/2026 16:22:06 - INFO - utils.trainer -   ***** Running evaluation on test0 dataset *****
06/30/2026 16:22:07 - INFO - utils.trainer -   AUC: 0.50480
06/30/2026 16:22:07 - INFO - utils.trainer -   Accuracy: 0.50775
06/30/2026 16:22:07 - INFO - utils.trainer -   Precision: 0.50621
06/30/2026 16:22:07 - INFO - utils.trainer -   Recall: 0.63169
06/30/2026 16:22:07 - INFO - utils.trainer -   F_score: 0.56203
06/30/2026 16:22:07 - INFO - utils.trainer -   Specificity: 0.38380
06/30/2026 16:22:07 - INFO - utils.trainer -   Sensitivity: 0.63169
06/30/2026 16:22:07 - INFO - utils.trainer -   Loss: 0.69314
06/30/2026 16:22:07 - INFO - utils.trainer -   Epoch: 66, Train loss: 0.69315, Test loss: 0.69314,Epoch time = 3.055s
06/30/2026 16:22:10 - INFO - utils.trainer -   ***** Running evaluation on test0 dataset *****
06/30/2026 16:22:11 - INFO - utils.trainer -   AUC: 0.50211
06/30/2026 16:22:11 - INFO - utils.trainer -   Accuracy: 0.50528
06/30/2026 16:22:11 - INFO - utils.trainer -   Precision: 0.50417
06/30/2026 16:22:11 - INFO - utils.trainer -   Recall: 0.63803
06/30/2026 16:22:11 - INFO - utils.trainer -   F_score: 0.56326
06/30/2026 16:22:11 - INFO - utils.trainer -   Specificity: 0.37254
06/30/2026 16:22:11 - INFO - utils.trainer -   Sensitivity: 0.63803
06/30/2026 16:22:11 - INFO - utils.trainer -   Loss: 0.69314
06/30/2026 16:22:11 - INFO - utils.trainer -   Epoch: 67, Train loss: 0.69326, Test loss: 0.69314,Epoch time = 3.332s
06/30/2026 16:22:13 - INFO - utils.trainer -   ***** Running evaluation on test0 dataset *****
06/30/2026 16:22:14 - INFO - utils.trainer -   AUC: 0.51320
06/30/2026 16:22:14 - INFO - utils.trainer -   Accuracy: 0.50915
06/30/2026 16:22:14 - INFO - utils.trainer -   Precision: 0.50817
06/30/2026 16:22:14 - INFO - utils.trainer -   Recall: 0.56972
06/30/2026 16:22:14 - INFO - utils.trainer -   F_score: 0.53718
06/30/2026 16:22:14 - INFO - utils.trainer -   Specificity: 0.44859
06/30/2026 16:22:14 - INFO - utils.trainer -   Sensitivity: 0.56972
06/30/2026 16:22:14 - INFO - utils.trainer -   Loss: 0.69308
06/30/2026 16:22:14 - INFO - utils.trainer -   Epoch: 68, Train loss: 0.69321, Test loss: 0.69308,Epoch time = 2.557s
06/30/2026 16:22:17 - INFO - utils.trainer -   ***** Running evaluation on test0 dataset *****
06/30/2026 16:22:18 - INFO - utils.trainer -   AUC: 0.51457
06/30/2026 16:22:18 - INFO - utils.trainer -   Accuracy: 0.50986
06/30/2026 16:22:18 - INFO - utils.trainer -   Precision: 0.51101
06/30/2026 16:22:18 - INFO - utils.trainer -   Recall: 0.45775
06/30/2026 16:22:18 - INFO - utils.trainer -   F_score: 0.48291
06/30/2026 16:22:18 - INFO - utils.trainer -   Specificity: 0.56197
06/30/2026 16:22:18 - INFO - utils.trainer -   Sensitivity: 0.45775
06/30/2026 16:22:18 - INFO - utils.trainer -   Loss: 0.69307
06/30/2026 16:22:18 - INFO - utils.trainer -   Epoch: 69, Train loss: 0.69321, Test loss: 0.69307,Epoch time = 3.319s
06/30/2026 16:22:21 - INFO - utils.trainer -   ***** Running evaluation on test0 dataset *****
06/30/2026 16:22:22 - INFO - utils.trainer -   AUC: 0.49515
06/30/2026 16:22:22 - INFO - utils.trainer -   Accuracy: 0.48873
06/30/2026 16:22:22 - INFO - utils.trainer -   Precision: 0.48824
06/30/2026 16:22:22 - INFO - utils.trainer -   Recall: 0.46761
06/30/2026 16:22:22 - INFO - utils.trainer -   F_score: 0.47770
06/30/2026 16:22:22 - INFO - utils.trainer -   Specificity: 0.50986
06/30/2026 16:22:22 - INFO - utils.trainer -   Sensitivity: 0.46761
06/30/2026 16:22:22 - INFO - utils.trainer -   Loss: 0.69315
06/30/2026 16:22:22 - INFO - utils.trainer -   Epoch: 70, Train loss: 0.69312, Test loss: 0.69315,Epoch time = 2.634s
06/30/2026 16:22:25 - INFO - utils.trainer -   ***** Running evaluation on test0 dataset *****
06/30/2026 16:22:26 - INFO - utils.trainer -   AUC: 0.50244
06/30/2026 16:22:26 - INFO - utils.trainer -   Accuracy: 0.50739
06/30/2026 16:22:26 - INFO - utils.trainer -   Precision: 0.50831
06/30/2026 16:22:26 - INFO - utils.trainer -   Recall: 0.45211
06/30/2026 16:22:26 - INFO - utils.trainer -   F_score: 0.47857
06/30/2026 16:22:26 - INFO - utils.trainer -   Specificity: 0.56268
06/30/2026 16:22:26 - INFO - utils.trainer -   Sensitivity: 0.45211
06/30/2026 16:22:26 - INFO - utils.trainer -   Loss: 0.69313
06/30/2026 16:22:26 - INFO - utils.trainer -   Epoch: 71, Train loss: 0.69320, Test loss: 0.69313,Epoch time = 3.310s
06/30/2026 16:22:29 - INFO - utils.trainer -   ***** Running evaluation on test0 dataset *****
06/30/2026 16:22:30 - INFO - utils.trainer -   AUC: 0.51241
06/30/2026 16:22:30 - INFO - utils.trainer -   Accuracy: 0.51831
06/30/2026 16:22:30 - INFO - utils.trainer -   Precision: 0.52281
06/30/2026 16:22:30 - INFO - utils.trainer -   Recall: 0.41972
06/30/2026 16:22:30 - INFO - utils.trainer -   F_score: 0.46563
06/30/2026 16:22:30 - INFO - utils.trainer -   Specificity: 0.61690
06/30/2026 16:22:30 - INFO - utils.trainer -   Sensitivity: 0.41972
06/30/2026 16:22:30 - INFO - utils.trainer -   Loss: 0.69307
06/30/2026 16:22:30 - INFO - utils.trainer -   Epoch: 72, Train loss: 0.69322, Test loss: 0.69307,Epoch time = 3.811s
06/30/2026 16:22:34 - INFO - utils.trainer -   ***** Running evaluation on test0 dataset *****
06/30/2026 16:22:35 - INFO - utils.trainer -   AUC: 0.49811
06/30/2026 16:22:35 - INFO - utils.trainer -   Accuracy: 0.49930
06/30/2026 16:22:35 - INFO - utils.trainer -   Precision: 0.49871
06/30/2026 16:22:35 - INFO - utils.trainer -   Recall: 0.27324
06/30/2026 16:22:35 - INFO - utils.trainer -   F_score: 0.35305
06/30/2026 16:22:35 - INFO - utils.trainer -   Specificity: 0.72535
06/30/2026 16:22:35 - INFO - utils.trainer -   Sensitivity: 0.27324
06/30/2026 16:22:35 - INFO - utils.trainer -   Loss: 0.69317
06/30/2026 16:22:35 - INFO - utils.trainer -   Epoch: 73, Train loss: 0.69321, Test loss: 0.69317,Epoch time = 3.841s
06/30/2026 16:22:39 - INFO - utils.trainer -   ***** Running evaluation on test0 dataset *****
06/30/2026 16:22:39 - INFO - utils.trainer -   AUC: 0.49752
06/30/2026 16:22:39 - INFO - utils.trainer -   Accuracy: 0.49824
06/30/2026 16:22:39 - INFO - utils.trainer -   Precision: 0.49780
06/30/2026 16:22:39 - INFO - utils.trainer -   Recall: 0.39789
06/30/2026 16:22:39 - INFO - utils.trainer -   F_score: 0.44227
06/30/2026 16:22:39 - INFO - utils.trainer -   Specificity: 0.59859
06/30/2026 16:22:39 - INFO - utils.trainer -   Sensitivity: 0.39789
06/30/2026 16:22:39 - INFO - utils.trainer -   Loss: 0.69316
06/30/2026 16:22:39 - INFO - utils.trainer -   Epoch: 74, Train loss: 0.69314, Test loss: 0.69316,Epoch time = 3.710s
06/30/2026 16:22:43 - INFO - utils.trainer -   ***** Running evaluation on test0 dataset *****
06/30/2026 16:22:43 - INFO - utils.trainer -   AUC: 0.50929
06/30/2026 16:22:43 - INFO - utils.trainer -   Accuracy: 0.50845
06/30/2026 16:22:43 - INFO - utils.trainer -   Precision: 0.50856
06/30/2026 16:22:43 - INFO - utils.trainer -   Recall: 0.50211
06/30/2026 16:22:43 - INFO - utils.trainer -   F_score: 0.50532
06/30/2026 16:22:43 - INFO - utils.trainer -   Specificity: 0.51479
06/30/2026 16:22:43 - INFO - utils.trainer -   Sensitivity: 0.50211
06/30/2026 16:22:43 - INFO - utils.trainer -   Loss: 0.69310
06/30/2026 16:22:43 - INFO - utils.trainer -   Epoch: 75, Train loss: 0.69316, Test loss: 0.69310,Epoch time = 3.504s
06/30/2026 16:22:47 - INFO - utils.trainer -   ***** Running evaluation on test0 dataset *****
06/30/2026 16:22:48 - INFO - utils.trainer -   AUC: 0.50349
06/30/2026 16:22:48 - INFO - utils.trainer -   Accuracy: 0.50387
06/30/2026 16:22:48 - INFO - utils.trainer -   Precision: 0.50403
06/30/2026 16:22:48 - INFO - utils.trainer -   Recall: 0.48451
06/30/2026 16:22:48 - INFO - utils.trainer -   F_score: 0.49408
06/30/2026 16:22:48 - INFO - utils.trainer -   Specificity: 0.52324
06/30/2026 16:22:48 - INFO - utils.trainer -   Sensitivity: 0.48451
06/30/2026 16:22:48 - INFO - utils.trainer -   Loss: 0.69313
06/30/2026 16:22:48 - INFO - utils.trainer -   Epoch: 76, Train loss: 0.69315, Test loss: 0.69313,Epoch time = 3.840s
06/30/2026 16:22:50 - INFO - utils.trainer -   ***** Running evaluation on test0 dataset *****
06/30/2026 16:22:51 - INFO - utils.trainer -   AUC: 0.51753
06/30/2026 16:22:51 - INFO - utils.trainer -   Accuracy: 0.51373
06/30/2026 16:22:51 - INFO - utils.trainer -   Precision: 0.51508
06/30/2026 16:22:51 - INFO - utils.trainer -   Recall: 0.46901
06/30/2026 16:22:51 - INFO - utils.trainer -   F_score: 0.49097
06/30/2026 16:22:51 - INFO - utils.trainer -   Specificity: 0.55845
06/30/2026 16:22:51 - INFO - utils.trainer -   Sensitivity: 0.46901
06/30/2026 16:22:51 - INFO - utils.trainer -   Loss: 0.69302
06/30/2026 16:22:51 - INFO - utils.trainer -   Epoch: 77, Train loss: 0.69321, Test loss: 0.69302,Epoch time = 2.470s
06/30/2026 16:22:54 - INFO - utils.trainer -   ***** Running evaluation on test0 dataset *****
06/30/2026 16:22:55 - INFO - utils.trainer -   AUC: 0.50835
06/30/2026 16:22:55 - INFO - utils.trainer -   Accuracy: 0.49930
06/30/2026 16:22:55 - INFO - utils.trainer -   Precision: 0.49920
06/30/2026 16:22:55 - INFO - utils.trainer -   Recall: 0.43873
06/30/2026 16:22:55 - INFO - utils.trainer -   F_score: 0.46702
06/30/2026 16:22:55 - INFO - utils.trainer -   Specificity: 0.55986
06/30/2026 16:22:55 - INFO - utils.trainer -   Sensitivity: 0.43873
06/30/2026 16:22:55 - INFO - utils.trainer -   Loss: 0.69310
06/30/2026 16:22:55 - INFO - utils.trainer -   Epoch: 78, Train loss: 0.69315, Test loss: 0.69310,Epoch time = 3.027s
06/30/2026 16:22:58 - INFO - utils.trainer -   ***** Running evaluation on test0 dataset *****
06/30/2026 16:22:58 - INFO - utils.trainer -   AUC: 0.51155
06/30/2026 16:22:58 - INFO - utils.trainer -   Accuracy: 0.50634
06/30/2026 16:22:58 - INFO - utils.trainer -   Precision: 0.54639
06/30/2026 16:22:58 - INFO - utils.trainer -   Recall: 0.07465
06/30/2026 16:22:58 - INFO - utils.trainer -   F_score: 0.13135
06/30/2026 16:22:58 - INFO - utils.trainer -   Specificity: 0.93803
06/30/2026 16:22:58 - INFO - utils.trainer -   Sensitivity: 0.07465
06/30/2026 16:22:58 - INFO - utils.trainer -   Loss: 0.69307
06/30/2026 16:22:58 - INFO - utils.trainer -   Epoch: 79, Train loss: 0.69324, Test loss: 0.69307,Epoch time = 2.579s
06/30/2026 16:23:02 - INFO - utils.trainer -   ***** Running evaluation on test0 dataset *****
06/30/2026 16:23:03 - INFO - utils.trainer -   AUC: 0.50364
06/30/2026 16:23:03 - INFO - utils.trainer -   Accuracy: 0.51127
06/30/2026 16:23:03 - INFO - utils.trainer -   Precision: 0.51062
06/30/2026 16:23:03 - INFO - utils.trainer -   Recall: 0.54155
06/30/2026 16:23:03 - INFO - utils.trainer -   F_score: 0.52563
06/30/2026 16:23:03 - INFO - utils.trainer -   Specificity: 0.48099
06/30/2026 16:23:03 - INFO - utils.trainer -   Sensitivity: 0.54155
06/30/2026 16:23:03 - INFO - utils.trainer -   Loss: 0.69312
06/30/2026 16:23:03 - INFO - utils.trainer -   Epoch: 80, Train loss: 0.69378, Test loss: 0.69312,Epoch time = 3.685s
06/30/2026 16:23:06 - INFO - utils.trainer -   ***** Running evaluation on test0 dataset *****
06/30/2026 16:23:06 - INFO - utils.trainer -   AUC: 0.49178
06/30/2026 16:23:06 - INFO - utils.trainer -   Accuracy: 0.49401
06/30/2026 16:23:06 - INFO - utils.trainer -   Precision: 0.49389
06/30/2026 16:23:06 - INFO - utils.trainer -   Recall: 0.48380
06/30/2026 16:23:06 - INFO - utils.trainer -   F_score: 0.48879
06/30/2026 16:23:06 - INFO - utils.trainer -   Specificity: 0.50423
06/30/2026 16:23:06 - INFO - utils.trainer -   Sensitivity: 0.48380
06/30/2026 16:23:06 - INFO - utils.trainer -   Loss: 0.69321
06/30/2026 16:23:06 - INFO - utils.trainer -   Epoch: 81, Train loss: 0.69319, Test loss: 0.69321,Epoch time = 3.060s
06/30/2026 16:23:10 - INFO - utils.trainer -   ***** Running evaluation on test0 dataset *****
06/30/2026 16:23:11 - INFO - utils.trainer -   AUC: 0.49151
06/30/2026 16:23:11 - INFO - utils.trainer -   Accuracy: 0.49930
06/30/2026 16:23:11 - INFO - utils.trainer -   Precision: 0.49926
06/30/2026 16:23:11 - INFO - utils.trainer -   Recall: 0.47394
06/30/2026 16:23:11 - INFO - utils.trainer -   F_score: 0.48627
06/30/2026 16:23:11 - INFO - utils.trainer -   Specificity: 0.52465
06/30/2026 16:23:11 - INFO - utils.trainer -   Sensitivity: 0.47394
06/30/2026 16:23:11 - INFO - utils.trainer -   Loss: 0.69322
06/30/2026 16:23:11 - INFO - utils.trainer -   Epoch: 82, Train loss: 0.69307, Test loss: 0.69322,Epoch time = 3.996s
06/30/2026 16:23:13 - INFO - utils.trainer -   ***** Running evaluation on test0 dataset *****
06/30/2026 16:23:14 - INFO - utils.trainer -   AUC: 0.49302
06/30/2026 16:23:14 - INFO - utils.trainer -   Accuracy: 0.50739
06/30/2026 16:23:14 - INFO - utils.trainer -   Precision: 0.50743
06/30/2026 16:23:14 - INFO - utils.trainer -   Recall: 0.50493
06/30/2026 16:23:14 - INFO - utils.trainer -   F_score: 0.50618
06/30/2026 16:23:14 - INFO - utils.trainer -   Specificity: 0.50986
06/30/2026 16:23:14 - INFO - utils.trainer -   Sensitivity: 0.50493
06/30/2026 16:23:14 - INFO - utils.trainer -   Loss: 0.69321
06/30/2026 16:23:14 - INFO - utils.trainer -   Epoch: 83, Train loss: 0.69316, Test loss: 0.69321,Epoch time = 2.236s
06/30/2026 16:23:18 - INFO - utils.trainer -   ***** Running evaluation on test0 dataset *****
06/30/2026 16:23:18 - INFO - utils.trainer -   AUC: 0.49223
06/30/2026 16:23:18 - INFO - utils.trainer -   Accuracy: 0.48732
06/30/2026 16:23:18 - INFO - utils.trainer -   Precision: 0.48585
06/30/2026 16:23:18 - INFO - utils.trainer -   Recall: 0.43521
06/30/2026 16:23:18 - INFO - utils.trainer -   F_score: 0.45914
06/30/2026 16:23:18 - INFO - utils.trainer -   Specificity: 0.53944
06/30/2026 16:23:18 - INFO - utils.trainer -   Sensitivity: 0.43521
06/30/2026 16:23:18 - INFO - utils.trainer -   Loss: 0.69323
06/30/2026 16:23:18 - INFO - utils.trainer -   Epoch: 84, Train loss: 0.69329, Test loss: 0.69323,Epoch time = 3.563s
06/30/2026 16:23:21 - INFO - utils.trainer -   ***** Running evaluation on test0 dataset *****
06/30/2026 16:23:22 - INFO - utils.trainer -   AUC: 0.47909
06/30/2026 16:23:22 - INFO - utils.trainer -   Accuracy: 0.47746
06/30/2026 16:23:22 - INFO - utils.trainer -   Precision: 0.47753
06/30/2026 16:23:22 - INFO - utils.trainer -   Recall: 0.47887
06/30/2026 16:23:22 - INFO - utils.trainer -   F_score: 0.47820
06/30/2026 16:23:22 - INFO - utils.trainer -   Specificity: 0.47606
06/30/2026 16:23:22 - INFO - utils.trainer -   Sensitivity: 0.47887
06/30/2026 16:23:22 - INFO - utils.trainer -   Loss: 0.69342
06/30/2026 16:23:22 - INFO - utils.trainer -   Epoch: 85, Train loss: 0.69305, Test loss: 0.69342,Epoch time = 2.982s
06/30/2026 16:23:24 - INFO - utils.trainer -   ***** Running evaluation on test0 dataset *****
06/30/2026 16:23:25 - INFO - utils.trainer -   AUC: 0.47884
06/30/2026 16:23:25 - INFO - utils.trainer -   Accuracy: 0.48239
06/30/2026 16:23:25 - INFO - utils.trainer -   Precision: 0.48278
06/30/2026 16:23:25 - INFO - utils.trainer -   Recall: 0.49366
06/30/2026 16:23:25 - INFO - utils.trainer -   F_score: 0.48816
06/30/2026 16:23:25 - INFO - utils.trainer -   Specificity: 0.47113
06/30/2026 16:23:25 - INFO - utils.trainer -   Sensitivity: 0.49366
06/30/2026 16:23:25 - INFO - utils.trainer -   Loss: 0.69351
06/30/2026 16:23:25 - INFO - utils.trainer -   Epoch: 86, Train loss: 0.69300, Test loss: 0.69351,Epoch time = 2.233s
06/30/2026 16:23:28 - INFO - utils.trainer -   ***** Running evaluation on test0 dataset *****
06/30/2026 16:23:29 - INFO - utils.trainer -   AUC: 0.50416
06/30/2026 16:23:29 - INFO - utils.trainer -   Accuracy: 0.50845
06/30/2026 16:23:29 - INFO - utils.trainer -   Precision: 0.50863
06/30/2026 16:23:29 - INFO - utils.trainer -   Recall: 0.49789
06/30/2026 16:23:29 - INFO - utils.trainer -   F_score: 0.50320
06/30/2026 16:23:29 - INFO - utils.trainer -   Specificity: 0.51901
06/30/2026 16:23:29 - INFO - utils.trainer -   Sensitivity: 0.49789
06/30/2026 16:23:29 - INFO - utils.trainer -   Loss: 0.69310
06/30/2026 16:23:29 - INFO - utils.trainer -   Epoch: 87, Train loss: 0.69320, Test loss: 0.69310,Epoch time = 2.555s
06/30/2026 16:23:32 - INFO - utils.trainer -   ***** Running evaluation on test0 dataset *****
06/30/2026 16:23:32 - INFO - utils.trainer -   AUC: 0.51542
06/30/2026 16:23:32 - INFO - utils.trainer -   Accuracy: 0.51056
06/30/2026 16:23:32 - INFO - utils.trainer -   Precision: 0.51052
06/30/2026 16:23:32 - INFO - utils.trainer -   Recall: 0.51268
06/30/2026 16:23:32 - INFO - utils.trainer -   F_score: 0.51160
06/30/2026 16:23:32 - INFO - utils.trainer -   Specificity: 0.50845
06/30/2026 16:23:32 - INFO - utils.trainer -   Sensitivity: 0.51268
06/30/2026 16:23:32 - INFO - utils.trainer -   Loss: 0.69298
06/30/2026 16:23:32 - INFO - utils.trainer -   Epoch: 88, Train loss: 0.69301, Test loss: 0.69298,Epoch time = 3.013s
06/30/2026 16:23:36 - INFO - utils.trainer -   ***** Running evaluation on test0 dataset *****
06/30/2026 16:23:36 - INFO - utils.trainer -   AUC: 0.50147
06/30/2026 16:23:36 - INFO - utils.trainer -   Accuracy: 0.50775
06/30/2026 16:23:36 - INFO - utils.trainer -   Precision: 0.50793
06/30/2026 16:23:36 - INFO - utils.trainer -   Recall: 0.49648
06/30/2026 16:23:36 - INFO - utils.trainer -   F_score: 0.50214
06/30/2026 16:23:36 - INFO - utils.trainer -   Specificity: 0.51901
06/30/2026 16:23:36 - INFO - utils.trainer -   Sensitivity: 0.49648
06/30/2026 16:23:36 - INFO - utils.trainer -   Loss: 0.69311
06/30/2026 16:23:36 - INFO - utils.trainer -   Epoch: 89, Train loss: 0.69334, Test loss: 0.69311,Epoch time = 3.166s
06/30/2026 16:23:39 - INFO - utils.trainer -   ***** Running evaluation on test0 dataset *****
06/30/2026 16:23:40 - INFO - utils.trainer -   AUC: 0.48810
06/30/2026 16:23:40 - INFO - utils.trainer -   Accuracy: 0.49366
06/30/2026 16:23:40 - INFO - utils.trainer -   Precision: 0.49369
06/30/2026 16:23:40 - INFO - utils.trainer -   Recall: 0.49577
06/30/2026 16:23:40 - INFO - utils.trainer -   F_score: 0.49473
06/30/2026 16:23:40 - INFO - utils.trainer -   Specificity: 0.49155
06/30/2026 16:23:40 - INFO - utils.trainer -   Sensitivity: 0.49577
06/30/2026 16:23:40 - INFO - utils.trainer -   Loss: 0.69331
06/30/2026 16:23:40 - INFO - utils.trainer -   Epoch: 90, Train loss: 0.69299, Test loss: 0.69331,Epoch time = 2.632s
06/30/2026 16:23:42 - INFO - utils.trainer -   ***** Running evaluation on test0 dataset *****
06/30/2026 16:23:43 - INFO - utils.trainer -   AUC: 0.50932
06/30/2026 16:23:43 - INFO - utils.trainer -   Accuracy: 0.50246
06/30/2026 16:23:43 - INFO - utils.trainer -   Precision: 0.50255
06/30/2026 16:23:43 - INFO - utils.trainer -   Recall: 0.48521
06/30/2026 16:23:43 - INFO - utils.trainer -   F_score: 0.49373
06/30/2026 16:23:43 - INFO - utils.trainer -   Specificity: 0.51972
06/30/2026 16:23:43 - INFO - utils.trainer -   Sensitivity: 0.48521
06/30/2026 16:23:43 - INFO - utils.trainer -   Loss: 0.69309
06/30/2026 16:23:43 - INFO - utils.trainer -   Epoch: 91, Train loss: 0.69326, Test loss: 0.69309,Epoch time = 2.603s
06/30/2026 16:23:46 - INFO - utils.trainer -   ***** Running evaluation on test0 dataset *****
06/30/2026 16:23:46 - INFO - utils.trainer -   AUC: 0.49998
06/30/2026 16:23:46 - INFO - utils.trainer -   Accuracy: 0.49542
06/30/2026 16:23:46 - INFO - utils.trainer -   Precision: 0.49541
06/30/2026 16:23:46 - INFO - utils.trainer -   Recall: 0.49366
06/30/2026 16:23:46 - INFO - utils.trainer -   F_score: 0.49453
06/30/2026 16:23:46 - INFO - utils.trainer -   Specificity: 0.49718
06/30/2026 16:23:46 - INFO - utils.trainer -   Sensitivity: 0.49366
06/30/2026 16:23:46 - INFO - utils.trainer -   Loss: 0.69320
06/30/2026 16:23:46 - INFO - utils.trainer -   Epoch: 92, Train loss: 0.69323, Test loss: 0.69320,Epoch time = 2.609s
06/30/2026 16:23:50 - INFO - utils.trainer -   ***** Running evaluation on test0 dataset *****
06/30/2026 16:23:51 - INFO - utils.trainer -   AUC: 0.49656
06/30/2026 16:23:51 - INFO - utils.trainer -   Accuracy: 0.49190
06/30/2026 16:23:51 - INFO - utils.trainer -   Precision: 0.49178
06/30/2026 16:23:51 - INFO - utils.trainer -   Recall: 0.48451
06/30/2026 16:23:51 - INFO - utils.trainer -   F_score: 0.48812
06/30/2026 16:23:51 - INFO - utils.trainer -   Specificity: 0.49930
06/30/2026 16:23:51 - INFO - utils.trainer -   Sensitivity: 0.48451
06/30/2026 16:23:51 - INFO - utils.trainer -   Loss: 0.69323
06/30/2026 16:23:51 - INFO - utils.trainer -   Epoch: 93, Train loss: 0.69315, Test loss: 0.69323,Epoch time = 3.690s
06/30/2026 16:23:54 - INFO - utils.trainer -   ***** Running evaluation on test0 dataset *****
06/30/2026 16:23:55 - INFO - utils.trainer -   AUC: 0.49542
06/30/2026 16:23:55 - INFO - utils.trainer -   Accuracy: 0.49085
06/30/2026 16:23:55 - INFO - utils.trainer -   Precision: 0.49075
06/30/2026 16:23:55 - INFO - utils.trainer -   Recall: 0.48592
06/30/2026 16:23:55 - INFO - utils.trainer -   F_score: 0.48832
06/30/2026 16:23:55 - INFO - utils.trainer -   Specificity: 0.49577
06/30/2026 16:23:55 - INFO - utils.trainer -   Sensitivity: 0.48592
06/30/2026 16:23:55 - INFO - utils.trainer -   Loss: 0.69323
06/30/2026 16:23:55 - INFO - utils.trainer -   Epoch: 94, Train loss: 0.69319, Test loss: 0.69323,Epoch time = 3.190s
06/30/2026 16:23:58 - INFO - utils.trainer -   ***** Running evaluation on test0 dataset *****
06/30/2026 16:23:59 - INFO - utils.trainer -   AUC: 0.49290
06/30/2026 16:23:59 - INFO - utils.trainer -   Accuracy: 0.49648
06/30/2026 16:23:59 - INFO - utils.trainer -   Precision: 0.49647
06/30/2026 16:23:59 - INFO - utils.trainer -   Recall: 0.49507
06/30/2026 16:23:59 - INFO - utils.trainer -   F_score: 0.49577
06/30/2026 16:23:59 - INFO - utils.trainer -   Specificity: 0.49789
06/30/2026 16:23:59 - INFO - utils.trainer -   Sensitivity: 0.49507
06/30/2026 16:23:59 - INFO - utils.trainer -   Loss: 0.69321
06/30/2026 16:23:59 - INFO - utils.trainer -   Epoch: 95, Train loss: 0.69314, Test loss: 0.69321,Epoch time = 3.450s
06/30/2026 16:24:03 - INFO - utils.trainer -   ***** Running evaluation on test0 dataset *****
06/30/2026 16:24:04 - INFO - utils.trainer -   AUC: 0.49517
06/30/2026 16:24:04 - INFO - utils.trainer -   Accuracy: 0.49437
06/30/2026 16:24:04 - INFO - utils.trainer -   Precision: 0.49438
06/30/2026 16:24:04 - INFO - utils.trainer -   Recall: 0.49577
06/30/2026 16:24:04 - INFO - utils.trainer -   F_score: 0.49508
06/30/2026 16:24:04 - INFO - utils.trainer -   Specificity: 0.49296
06/30/2026 16:24:04 - INFO - utils.trainer -   Sensitivity: 0.49577
06/30/2026 16:24:04 - INFO - utils.trainer -   Loss: 0.69321
06/30/2026 16:24:04 - INFO - utils.trainer -   Epoch: 96, Train loss: 0.69309, Test loss: 0.69321,Epoch time = 3.987s
06/30/2026 16:24:07 - INFO - utils.trainer -   ***** Running evaluation on test0 dataset *****
06/30/2026 16:24:08 - INFO - utils.trainer -   AUC: 0.50399
06/30/2026 16:24:08 - INFO - utils.trainer -   Accuracy: 0.50458
06/30/2026 16:24:08 - INFO - utils.trainer -   Precision: 0.50449
06/30/2026 16:24:08 - INFO - utils.trainer -   Recall: 0.51408
06/30/2026 16:24:08 - INFO - utils.trainer -   F_score: 0.50924
06/30/2026 16:24:08 - INFO - utils.trainer -   Specificity: 0.49507
06/30/2026 16:24:08 - INFO - utils.trainer -   Sensitivity: 0.51408
06/30/2026 16:24:08 - INFO - utils.trainer -   Loss: 0.69312
06/30/2026 16:24:08 - INFO - utils.trainer -   Epoch: 97, Train loss: 0.69315, Test loss: 0.69312,Epoch time = 3.152s
06/30/2026 16:24:11 - INFO - utils.trainer -   ***** Running evaluation on test0 dataset *****
06/30/2026 16:24:11 - INFO - utils.trainer -   AUC: 0.49717
06/30/2026 16:24:11 - INFO - utils.trainer -   Accuracy: 0.50246
06/30/2026 16:24:11 - INFO - utils.trainer -   Precision: 0.50245
06/30/2026 16:24:11 - INFO - utils.trainer -   Recall: 0.50493
06/30/2026 16:24:11 - INFO - utils.trainer -   F_score: 0.50369
06/30/2026 16:24:11 - INFO - utils.trainer -   Specificity: 0.50000
06/30/2026 16:24:11 - INFO - utils.trainer -   Sensitivity: 0.50493
06/30/2026 16:24:11 - INFO - utils.trainer -   Loss: 0.69317
06/30/2026 16:24:11 - INFO - utils.trainer -   Epoch: 98, Train loss: 0.69308, Test loss: 0.69317,Epoch time = 2.848s
06/30/2026 16:24:15 - INFO - utils.trainer -   ***** Running evaluation on test0 dataset *****
06/30/2026 16:24:16 - INFO - utils.trainer -   AUC: 0.49419
06/30/2026 16:24:16 - INFO - utils.trainer -   Accuracy: 0.50176
06/30/2026 16:24:16 - INFO - utils.trainer -   Precision: 0.50178
06/30/2026 16:24:16 - INFO - utils.trainer -   Recall: 0.49577
06/30/2026 16:24:16 - INFO - utils.trainer -   F_score: 0.49876
06/30/2026 16:24:16 - INFO - utils.trainer -   Specificity: 0.50775
06/30/2026 16:24:16 - INFO - utils.trainer -   Sensitivity: 0.49577
06/30/2026 16:24:16 - INFO - utils.trainer -   Loss: 0.69323
06/30/2026 16:24:16 - INFO - utils.trainer -   Epoch: 99, Train loss: 0.69301, Test loss: 0.69323,Epoch time = 3.396s
06/30/2026 16:24:18 - INFO - utils.trainer -   ***** Running evaluation on test0 dataset *****
06/30/2026 16:24:19 - INFO - utils.trainer -   AUC: 0.49225
06/30/2026 16:24:19 - INFO - utils.trainer -   Accuracy: 0.49824
06/30/2026 16:24:19 - INFO - utils.trainer -   Precision: 0.49826
06/30/2026 16:24:19 - INFO - utils.trainer -   Recall: 0.50282
06/30/2026 16:24:19 - INFO - utils.trainer -   F_score: 0.50053
06/30/2026 16:24:19 - INFO - utils.trainer -   Specificity: 0.49366
06/30/2026 16:24:19 - INFO - utils.trainer -   Sensitivity: 0.50282
06/30/2026 16:24:19 - INFO - utils.trainer -   Loss: 0.69323
06/30/2026 16:24:19 - INFO - utils.trainer -   Epoch: 100, Train loss: 0.69321, Test loss: 0.69323,Epoch time = 2.634s
06/30/2026 16:24:22 - INFO - utils.trainer -   ***** Running evaluation on test0 dataset *****
06/30/2026 16:24:23 - INFO - utils.trainer -   AUC: 0.51302
06/30/2026 16:24:23 - INFO - utils.trainer -   Accuracy: 0.50563
06/30/2026 16:24:23 - INFO - utils.trainer -   Precision: 0.50576
06/30/2026 16:24:23 - INFO - utils.trainer -   Recall: 0.49507
06/30/2026 16:24:23 - INFO - utils.trainer -   F_score: 0.50036
06/30/2026 16:24:23 - INFO - utils.trainer -   Specificity: 0.51620
06/30/2026 16:24:23 - INFO - utils.trainer -   Sensitivity: 0.49507
06/30/2026 16:24:23 - INFO - utils.trainer -   Loss: 0.69305
06/30/2026 16:24:23 - INFO - utils.trainer -   Epoch: 101, Train loss: 0.69319, Test loss: 0.69305,Epoch time = 3.252s
06/30/2026 16:24:26 - INFO - utils.trainer -   ***** Running evaluation on test0 dataset *****
06/30/2026 16:24:27 - INFO - utils.trainer -   AUC: 0.47613
06/30/2026 16:24:27 - INFO - utils.trainer -   Accuracy: 0.48099
06/30/2026 16:24:27 - INFO - utils.trainer -   Precision: 0.48088
06/30/2026 16:24:27 - INFO - utils.trainer -   Recall: 0.47817
06/30/2026 16:24:27 - INFO - utils.trainer -   F_score: 0.47952
06/30/2026 16:24:27 - INFO - utils.trainer -   Specificity: 0.48380
06/30/2026 16:24:27 - INFO - utils.trainer -   Sensitivity: 0.47817
06/30/2026 16:24:27 - INFO - utils.trainer -   Loss: 0.69346
06/30/2026 16:24:27 - INFO - utils.trainer -   Epoch: 102, Train loss: 0.69304, Test loss: 0.69346,Epoch time = 3.270s
06/30/2026 16:24:30 - INFO - utils.trainer -   ***** Running evaluation on test0 dataset *****
06/30/2026 16:24:31 - INFO - utils.trainer -   AUC: 0.50006
06/30/2026 16:24:31 - INFO - utils.trainer -   Accuracy: 0.49754
06/30/2026 16:24:31 - INFO - utils.trainer -   Precision: 0.49762
06/30/2026 16:24:31 - INFO - utils.trainer -   Recall: 0.51479
06/30/2026 16:24:31 - INFO - utils.trainer -   F_score: 0.50606
06/30/2026 16:24:31 - INFO - utils.trainer -   Specificity: 0.48028
06/30/2026 16:24:31 - INFO - utils.trainer -   Sensitivity: 0.51479
06/30/2026 16:24:31 - INFO - utils.trainer -   Loss: 0.69320
06/30/2026 16:24:31 - INFO - utils.trainer -   Epoch: 103, Train loss: 0.69311, Test loss: 0.69320,Epoch time = 2.794s
06/30/2026 16:24:34 - INFO - utils.trainer -   ***** Running evaluation on test0 dataset *****
06/30/2026 16:24:35 - INFO - utils.trainer -   AUC: 0.48557
06/30/2026 16:24:35 - INFO - utils.trainer -   Accuracy: 0.48556
06/30/2026 16:24:35 - INFO - utils.trainer -   Precision: 0.48545
06/30/2026 16:24:35 - INFO - utils.trainer -   Recall: 0.48169
06/30/2026 16:24:35 - INFO - utils.trainer -   F_score: 0.48356
06/30/2026 16:24:35 - INFO - utils.trainer -   Specificity: 0.48944
06/30/2026 16:24:35 - INFO - utils.trainer -   Sensitivity: 0.48169
06/30/2026 16:24:35 - INFO - utils.trainer -   Loss: 0.69343
06/30/2026 16:24:35 - INFO - utils.trainer -   Epoch: 104, Train loss: 0.69305, Test loss: 0.69343,Epoch time = 3.361s
06/30/2026 16:24:39 - INFO - utils.trainer -   ***** Running evaluation on test0 dataset *****
06/30/2026 16:24:39 - INFO - utils.trainer -   AUC: 0.50444
06/30/2026 16:24:39 - INFO - utils.trainer -   Accuracy: 0.51197
06/30/2026 16:24:39 - INFO - utils.trainer -   Precision: 0.51201
06/30/2026 16:24:39 - INFO - utils.trainer -   Recall: 0.51056
06/30/2026 16:24:39 - INFO - utils.trainer -   F_score: 0.51128
06/30/2026 16:24:39 - INFO - utils.trainer -   Specificity: 0.51338
06/30/2026 16:24:39 - INFO - utils.trainer -   Sensitivity: 0.51056
06/30/2026 16:24:39 - INFO - utils.trainer -   Loss: 0.69305
06/30/2026 16:24:39 - INFO - utils.trainer -   Epoch: 105, Train loss: 0.69310, Test loss: 0.69305,Epoch time = 3.352s
06/30/2026 16:24:42 - INFO - utils.trainer -   ***** Running evaluation on test0 dataset *****
06/30/2026 16:24:43 - INFO - utils.trainer -   AUC: 0.48954
06/30/2026 16:24:43 - INFO - utils.trainer -   Accuracy: 0.49401
06/30/2026 16:24:43 - INFO - utils.trainer -   Precision: 0.49402
06/30/2026 16:24:43 - INFO - utils.trainer -   Recall: 0.49437
06/30/2026 16:24:43 - INFO - utils.trainer -   F_score: 0.49419
06/30/2026 16:24:43 - INFO - utils.trainer -   Specificity: 0.49366
06/30/2026 16:24:43 - INFO - utils.trainer -   Sensitivity: 0.49437
06/30/2026 16:24:43 - INFO - utils.trainer -   Loss: 0.69331
06/30/2026 16:24:43 - INFO - utils.trainer -   Epoch: 106, Train loss: 0.69329, Test loss: 0.69331,Epoch time = 2.711s
06/30/2026 16:24:45 - INFO - utils.trainer -   ***** Running evaluation on test0 dataset *****
06/30/2026 16:24:46 - INFO - utils.trainer -   AUC: 0.51211
06/30/2026 16:24:46 - INFO - utils.trainer -   Accuracy: 0.50352
06/30/2026 16:24:46 - INFO - utils.trainer -   Precision: 0.50351
06/30/2026 16:24:46 - INFO - utils.trainer -   Recall: 0.50563
06/30/2026 16:24:46 - INFO - utils.trainer -   F_score: 0.50457
06/30/2026 16:24:46 - INFO - utils.trainer -   Specificity: 0.50141
06/30/2026 16:24:46 - INFO - utils.trainer -   Sensitivity: 0.50563
06/30/2026 16:24:46 - INFO - utils.trainer -   Loss: 0.69307
06/30/2026 16:24:46 - INFO - utils.trainer -   Epoch: 107, Train loss: 0.69327, Test loss: 0.69307,Epoch time = 2.521s
06/30/2026 16:24:49 - INFO - utils.trainer -   ***** Running evaluation on test0 dataset *****
06/30/2026 16:24:49 - INFO - utils.trainer -   AUC: 0.51236
06/30/2026 16:24:49 - INFO - utils.trainer -   Accuracy: 0.50739
06/30/2026 16:24:49 - INFO - utils.trainer -   Precision: 0.50747
06/30/2026 16:24:49 - INFO - utils.trainer -   Recall: 0.50211
06/30/2026 16:24:49 - INFO - utils.trainer -   F_score: 0.50478
06/30/2026 16:24:49 - INFO - utils.trainer -   Specificity: 0.51268
06/30/2026 16:24:49 - INFO - utils.trainer -   Sensitivity: 0.50211
06/30/2026 16:24:49 - INFO - utils.trainer -   Loss: 0.69306
06/30/2026 16:24:49 - INFO - utils.trainer -   Epoch: 108, Train loss: 0.69332, Test loss: 0.69306,Epoch time = 2.627s
06/30/2026 16:24:51 - INFO - utils.trainer -   ***** Running evaluation on test0 dataset *****
06/30/2026 16:24:52 - INFO - utils.trainer -   AUC: 0.48483
06/30/2026 16:24:52 - INFO - utils.trainer -   Accuracy: 0.49331
06/30/2026 16:24:52 - INFO - utils.trainer -   Precision: 0.49325
06/30/2026 16:24:52 - INFO - utils.trainer -   Recall: 0.48873
06/30/2026 16:24:52 - INFO - utils.trainer -   F_score: 0.49098
06/30/2026 16:24:52 - INFO - utils.trainer -   Specificity: 0.49789
06/30/2026 16:24:52 - INFO - utils.trainer -   Sensitivity: 0.48873
06/30/2026 16:24:52 - INFO - utils.trainer -   Loss: 0.69328
06/30/2026 16:24:52 - INFO - utils.trainer -   Epoch: 109, Train loss: 0.69334, Test loss: 0.69328,Epoch time = 2.035s
06/30/2026 16:24:55 - INFO - utils.trainer -   ***** Running evaluation on test0 dataset *****
06/30/2026 16:24:55 - INFO - utils.trainer -   AUC: 0.48982
06/30/2026 16:24:55 - INFO - utils.trainer -   Accuracy: 0.48979
06/30/2026 16:24:55 - INFO - utils.trainer -   Precision: 0.49020
06/30/2026 16:24:55 - INFO - utils.trainer -   Recall: 0.51056
06/30/2026 16:24:55 - INFO - utils.trainer -   F_score: 0.50017
06/30/2026 16:24:55 - INFO - utils.trainer -   Specificity: 0.46901
06/30/2026 16:24:55 - INFO - utils.trainer -   Sensitivity: 0.51056
06/30/2026 16:24:55 - INFO - utils.trainer -   Loss: 0.69326
06/30/2026 16:24:55 - INFO - utils.trainer -   Epoch: 110, Train loss: 0.69311, Test loss: 0.69326,Epoch time = 2.603s
06/30/2026 16:24:58 - INFO - utils.trainer -   ***** Running evaluation on test0 dataset *****
06/30/2026 16:24:58 - INFO - utils.trainer -   AUC: 0.51922
06/30/2026 16:24:58 - INFO - utils.trainer -   Accuracy: 0.50634
06/30/2026 16:24:58 - INFO - utils.trainer -   Precision: 0.50636
06/30/2026 16:24:58 - INFO - utils.trainer -   Recall: 0.50493
06/30/2026 16:24:58 - INFO - utils.trainer -   F_score: 0.50564
06/30/2026 16:24:58 - INFO - utils.trainer -   Specificity: 0.50775
06/30/2026 16:24:58 - INFO - utils.trainer -   Sensitivity: 0.50493
06/30/2026 16:24:58 - INFO - utils.trainer -   Loss: 0.69303
06/30/2026 16:24:58 - INFO - utils.trainer -   Epoch: 111, Train loss: 0.69317, Test loss: 0.69303,Epoch time = 2.488s
06/30/2026 16:25:02 - INFO - utils.trainer -   ***** Running evaluation on test0 dataset *****
06/30/2026 16:25:02 - INFO - utils.trainer -   AUC: 0.51283
06/30/2026 16:25:02 - INFO - utils.trainer -   Accuracy: 0.50070
06/30/2026 16:25:02 - INFO - utils.trainer -   Precision: 0.50072
06/30/2026 16:25:02 - INFO - utils.trainer -   Recall: 0.49225
06/30/2026 16:25:02 - INFO - utils.trainer -   F_score: 0.49645
06/30/2026 16:25:02 - INFO - utils.trainer -   Specificity: 0.50915
06/30/2026 16:25:02 - INFO - utils.trainer -   Sensitivity: 0.49225
06/30/2026 16:25:02 - INFO - utils.trainer -   Loss: 0.69310
06/30/2026 16:25:02 - INFO - utils.trainer -   Epoch: 112, Train loss: 0.69321, Test loss: 0.69310,Epoch time = 3.048s
06/30/2026 16:25:05 - INFO - utils.trainer -   ***** Running evaluation on test0 dataset *****
06/30/2026 16:25:06 - INFO - utils.trainer -   AUC: 0.49313
06/30/2026 16:25:06 - INFO - utils.trainer -   Accuracy: 0.49648
06/30/2026 16:25:06 - INFO - utils.trainer -   Precision: 0.49639
06/30/2026 16:25:06 - INFO - utils.trainer -   Recall: 0.48380
06/30/2026 16:25:06 - INFO - utils.trainer -   F_score: 0.49001
06/30/2026 16:25:06 - INFO - utils.trainer -   Specificity: 0.50915
06/30/2026 16:25:06 - INFO - utils.trainer -   Sensitivity: 0.48380
06/30/2026 16:25:06 - INFO - utils.trainer -   Loss: 0.69321
06/30/2026 16:25:06 - INFO - utils.trainer -   Epoch: 113, Train loss: 0.69311, Test loss: 0.69321,Epoch time = 3.071s
06/30/2026 16:25:08 - INFO - utils.trainer -   ***** Running evaluation on test0 dataset *****
06/30/2026 16:25:09 - INFO - utils.trainer -   AUC: 0.50493
06/30/2026 16:25:09 - INFO - utils.trainer -   Accuracy: 0.49930
06/30/2026 16:25:09 - INFO - utils.trainer -   Precision: 0.49930
06/30/2026 16:25:09 - INFO - utils.trainer -   Recall: 0.50211
06/30/2026 16:25:09 - INFO - utils.trainer -   F_score: 0.50070
06/30/2026 16:25:09 - INFO - utils.trainer -   Specificity: 0.49648
06/30/2026 16:25:09 - INFO - utils.trainer -   Sensitivity: 0.50211
06/30/2026 16:25:09 - INFO - utils.trainer -   Loss: 0.69317
06/30/2026 16:25:09 - INFO - utils.trainer -   Epoch: 114, Train loss: 0.69287, Test loss: 0.69317,Epoch time = 1.989s
06/30/2026 16:25:11 - INFO - utils.trainer -   ***** Running evaluation on test0 dataset *****
06/30/2026 16:25:12 - INFO - utils.trainer -   AUC: 0.48134
06/30/2026 16:25:12 - INFO - utils.trainer -   Accuracy: 0.48380
06/30/2026 16:25:12 - INFO - utils.trainer -   Precision: 0.48373
06/30/2026 16:25:12 - INFO - utils.trainer -   Recall: 0.48169
06/30/2026 16:25:12 - INFO - utils.trainer -   F_score: 0.48271
06/30/2026 16:25:12 - INFO - utils.trainer -   Specificity: 0.48592
06/30/2026 16:25:12 - INFO - utils.trainer -   Sensitivity: 0.48169
06/30/2026 16:25:12 - INFO - utils.trainer -   Loss: 0.69340
06/30/2026 16:25:12 - INFO - utils.trainer -   Epoch: 115, Train loss: 0.69311, Test loss: 0.69340,Epoch time = 2.412s
06/30/2026 16:25:14 - INFO - utils.trainer -   ***** Running evaluation on test0 dataset *****
06/30/2026 16:25:15 - INFO - utils.trainer -   AUC: 0.47218
06/30/2026 16:25:15 - INFO - utils.trainer -   Accuracy: 0.47782
06/30/2026 16:25:15 - INFO - utils.trainer -   Precision: 0.47793
06/30/2026 16:25:15 - INFO - utils.trainer -   Recall: 0.48028
06/30/2026 16:25:15 - INFO - utils.trainer -   F_score: 0.47910
06/30/2026 16:25:15 - INFO - utils.trainer -   Specificity: 0.47535
06/30/2026 16:25:15 - INFO - utils.trainer -   Sensitivity: 0.48028
06/30/2026 16:25:15 - INFO - utils.trainer -   Loss: 0.69347
06/30/2026 16:25:15 - INFO - utils.trainer -   Epoch: 116, Train loss: 0.69327, Test loss: 0.69347,Epoch time = 2.175s
06/30/2026 16:25:18 - INFO - utils.trainer -   ***** Running evaluation on test0 dataset *****
06/30/2026 16:25:19 - INFO - utils.trainer -   AUC: 0.49643
06/30/2026 16:25:19 - INFO - utils.trainer -   Accuracy: 0.50317
06/30/2026 16:25:19 - INFO - utils.trainer -   Precision: 0.50317
06/30/2026 16:25:19 - INFO - utils.trainer -   Recall: 0.50282
06/30/2026 16:25:19 - INFO - utils.trainer -   F_score: 0.50299
06/30/2026 16:25:19 - INFO - utils.trainer -   Specificity: 0.50352
06/30/2026 16:25:19 - INFO - utils.trainer -   Sensitivity: 0.50282
06/30/2026 16:25:19 - INFO - utils.trainer -   Loss: 0.69315
06/30/2026 16:25:19 - INFO - utils.trainer -   Epoch: 117, Train loss: 0.69335, Test loss: 0.69315,Epoch time = 3.177s
06/30/2026 16:25:22 - INFO - utils.trainer -   ***** Running evaluation on test0 dataset *****
06/30/2026 16:25:22 - INFO - utils.trainer -   AUC: 0.51906
06/30/2026 16:25:22 - INFO - utils.trainer -   Accuracy: 0.51268
06/30/2026 16:25:22 - INFO - utils.trainer -   Precision: 0.51248
06/30/2026 16:25:22 - INFO - utils.trainer -   Recall: 0.52042
06/30/2026 16:25:22 - INFO - utils.trainer -   F_score: 0.51642
06/30/2026 16:25:22 - INFO - utils.trainer -   Specificity: 0.50493
06/30/2026 16:25:22 - INFO - utils.trainer -   Sensitivity: 0.52042
06/30/2026 16:25:22 - INFO - utils.trainer -   Loss: 0.69300
06/30/2026 16:25:22 - INFO - utils.trainer -   Epoch: 118, Train loss: 0.69327, Test loss: 0.69300,Epoch time = 2.954s
06/30/2026 16:25:25 - INFO - utils.trainer -   ***** Running evaluation on test0 dataset *****
06/30/2026 16:25:26 - INFO - utils.trainer -   AUC: 0.49525
06/30/2026 16:25:26 - INFO - utils.trainer -   Accuracy: 0.49049
06/30/2026 16:25:26 - INFO - utils.trainer -   Precision: 0.49051
06/30/2026 16:25:26 - INFO - utils.trainer -   Recall: 0.49155
06/30/2026 16:25:26 - INFO - utils.trainer -   F_score: 0.49103
06/30/2026 16:25:26 - INFO - utils.trainer -   Specificity: 0.48944
06/30/2026 16:25:26 - INFO - utils.trainer -   Sensitivity: 0.49155
06/30/2026 16:25:26 - INFO - utils.trainer -   Loss: 0.69323
06/30/2026 16:25:26 - INFO - utils.trainer -   Epoch: 119, Train loss: 0.69319, Test loss: 0.69323,Epoch time = 2.996s
06/30/2026 16:25:29 - INFO - utils.trainer -   ***** Running evaluation on test0 dataset *****
06/30/2026 16:25:29 - INFO - utils.trainer -   AUC: 0.48885
06/30/2026 16:25:29 - INFO - utils.trainer -   Accuracy: 0.49331
06/30/2026 16:25:29 - INFO - utils.trainer -   Precision: 0.49340
06/30/2026 16:25:29 - INFO - utils.trainer -   Recall: 0.50000
06/30/2026 16:25:29 - INFO - utils.trainer -   F_score: 0.49668
06/30/2026 16:25:29 - INFO - utils.trainer -   Specificity: 0.48662
06/30/2026 16:25:29 - INFO - utils.trainer -   Sensitivity: 0.50000
06/30/2026 16:25:29 - INFO - utils.trainer -   Loss: 0.69323
06/30/2026 16:25:29 - INFO - utils.trainer -   Epoch: 120, Train loss: 0.69320, Test loss: 0.69323,Epoch time = 2.626s
06/30/2026 16:25:32 - INFO - utils.trainer -   ***** Running evaluation on test0 dataset *****
06/30/2026 16:25:33 - INFO - utils.trainer -   AUC: 0.47522
06/30/2026 16:25:33 - INFO - utils.trainer -   Accuracy: 0.47289
06/30/2026 16:25:33 - INFO - utils.trainer -   Precision: 0.47317
06/30/2026 16:25:33 - INFO - utils.trainer -   Recall: 0.47817
06/30/2026 16:25:33 - INFO - utils.trainer -   F_score: 0.47566
06/30/2026 16:25:33 - INFO - utils.trainer -   Specificity: 0.46761
06/30/2026 16:25:33 - INFO - utils.trainer -   Sensitivity: 0.47817
06/30/2026 16:25:33 - INFO - utils.trainer -   Loss: 0.69340
06/30/2026 16:25:33 - INFO - utils.trainer -   Epoch: 121, Train loss: 0.69318, Test loss: 0.69340,Epoch time = 2.574s
06/30/2026 16:25:36 - INFO - utils.trainer -   ***** Running evaluation on test0 dataset *****
06/30/2026 16:25:36 - INFO - utils.trainer -   AUC: 0.49071
06/30/2026 16:25:36 - INFO - utils.trainer -   Accuracy: 0.50599
06/30/2026 16:25:36 - INFO - utils.trainer -   Precision: 0.50587
06/30/2026 16:25:36 - INFO - utils.trainer -   Recall: 0.51620
06/30/2026 16:25:36 - INFO - utils.trainer -   F_score: 0.51098
06/30/2026 16:25:36 - INFO - utils.trainer -   Specificity: 0.49577
06/30/2026 16:25:36 - INFO - utils.trainer -   Sensitivity: 0.51620
06/30/2026 16:25:36 - INFO - utils.trainer -   Loss: 0.69315
06/30/2026 16:25:36 - INFO - utils.trainer -   Epoch: 122, Train loss: 0.69332, Test loss: 0.69315,Epoch time = 2.789s
06/30/2026 16:25:40 - INFO - utils.trainer -   ***** Running evaluation on test0 dataset *****
06/30/2026 16:25:41 - INFO - utils.trainer -   AUC: 0.48210
06/30/2026 16:25:41 - INFO - utils.trainer -   Accuracy: 0.48451
06/30/2026 16:25:41 - INFO - utils.trainer -   Precision: 0.48444
06/30/2026 16:25:41 - INFO - utils.trainer -   Recall: 0.48239
06/30/2026 16:25:41 - INFO - utils.trainer -   F_score: 0.48342
06/30/2026 16:25:41 - INFO - utils.trainer -   Specificity: 0.48662
06/30/2026 16:25:41 - INFO - utils.trainer -   Sensitivity: 0.48239
06/30/2026 16:25:41 - INFO - utils.trainer -   Loss: 0.69327
06/30/2026 16:25:41 - INFO - utils.trainer -   Epoch: 123, Train loss: 0.69319, Test loss: 0.69327,Epoch time = 3.467s
06/30/2026 16:25:43 - INFO - utils.trainer -   ***** Running evaluation on test0 dataset *****
06/30/2026 16:25:44 - INFO - utils.trainer -   AUC: 0.48093
06/30/2026 16:25:44 - INFO - utils.trainer -   Accuracy: 0.49331
06/30/2026 16:25:44 - INFO - utils.trainer -   Precision: 0.49332
06/30/2026 16:25:44 - INFO - utils.trainer -   Recall: 0.49437
06/30/2026 16:25:44 - INFO - utils.trainer -   F_score: 0.49384
06/30/2026 16:25:44 - INFO - utils.trainer -   Specificity: 0.49225
06/30/2026 16:25:44 - INFO - utils.trainer -   Sensitivity: 0.49437
06/30/2026 16:25:44 - INFO - utils.trainer -   Loss: 0.69324
06/30/2026 16:25:44 - INFO - utils.trainer -   Epoch: 124, Train loss: 0.69322, Test loss: 0.69324,Epoch time = 2.445s
06/30/2026 16:25:47 - INFO - utils.trainer -   ***** Running evaluation on test0 dataset *****
06/30/2026 16:25:47 - INFO - utils.trainer -   AUC: 0.49736
06/30/2026 16:25:47 - INFO - utils.trainer -   Accuracy: 0.48908
06/30/2026 16:25:47 - INFO - utils.trainer -   Precision: 0.48938
06/30/2026 16:25:47 - INFO - utils.trainer -   Recall: 0.50282
06/30/2026 16:25:47 - INFO - utils.trainer -   F_score: 0.49601
06/30/2026 16:25:47 - INFO - utils.trainer -   Specificity: 0.47535
06/30/2026 16:25:47 - INFO - utils.trainer -   Sensitivity: 0.50282
06/30/2026 16:25:47 - INFO - utils.trainer -   Loss: 0.69320
06/30/2026 16:25:47 - INFO - utils.trainer -   Epoch: 125, Train loss: 0.69314, Test loss: 0.69320,Epoch time = 2.950s
06/30/2026 16:25:50 - INFO - utils.trainer -   ***** Running evaluation on test0 dataset *****
06/30/2026 16:25:51 - INFO - utils.trainer -   AUC: 0.51035
06/30/2026 16:25:51 - INFO - utils.trainer -   Accuracy: 0.51408
06/30/2026 16:25:51 - INFO - utils.trainer -   Precision: 0.51422
06/30/2026 16:25:51 - INFO - utils.trainer -   Recall: 0.50915
06/30/2026 16:25:51 - INFO - utils.trainer -   F_score: 0.51168
06/30/2026 16:25:51 - INFO - utils.trainer -   Specificity: 0.51901
06/30/2026 16:25:51 - INFO - utils.trainer -   Sensitivity: 0.50915
06/30/2026 16:25:51 - INFO - utils.trainer -   Loss: 0.69308
06/30/2026 16:25:51 - INFO - utils.trainer -   Epoch: 126, Train loss: 0.69322, Test loss: 0.69308,Epoch time = 3.018s
06/30/2026 16:25:53 - INFO - utils.trainer -   ***** Running evaluation on test0 dataset *****
06/30/2026 16:25:54 - INFO - utils.trainer -   AUC: 0.50734
06/30/2026 16:25:54 - INFO - utils.trainer -   Accuracy: 0.50000
06/30/2026 16:25:54 - INFO - utils.trainer -   Precision: 0.50000
06/30/2026 16:25:54 - INFO - utils.trainer -   Recall: 0.51408
06/30/2026 16:25:54 - INFO - utils.trainer -   F_score: 0.50694
06/30/2026 16:25:54 - INFO - utils.trainer -   Specificity: 0.48592
06/30/2026 16:25:54 - INFO - utils.trainer -   Sensitivity: 0.51408
06/30/2026 16:25:54 - INFO - utils.trainer -   Loss: 0.69312
06/30/2026 16:25:54 - INFO - utils.trainer -   Epoch: 127, Train loss: 0.69321, Test loss: 0.69312,Epoch time = 1.942s
06/30/2026 16:25:57 - INFO - utils.trainer -   ***** Running evaluation on test0 dataset *****
06/30/2026 16:25:58 - INFO - utils.trainer -   AUC: 0.50648
06/30/2026 16:25:58 - INFO - utils.trainer -   Accuracy: 0.51021
06/30/2026 16:25:58 - INFO - utils.trainer -   Precision: 0.51157
06/30/2026 16:25:58 - INFO - utils.trainer -   Recall: 0.45141
06/30/2026 16:25:58 - INFO - utils.trainer -   F_score: 0.47961
06/30/2026 16:25:58 - INFO - utils.trainer -   Specificity: 0.56901
06/30/2026 16:25:58 - INFO - utils.trainer -   Sensitivity: 0.45141
06/30/2026 16:25:58 - INFO - utils.trainer -   Loss: 0.69310
06/30/2026 16:25:58 - INFO - utils.trainer -   Epoch: 128, Train loss: 0.69321, Test loss: 0.69310,Epoch time = 3.347s
06/30/2026 16:26:01 - INFO - utils.trainer -   ***** Running evaluation on test0 dataset *****
06/30/2026 16:26:02 - INFO - utils.trainer -   AUC: 0.48356
06/30/2026 16:26:02 - INFO - utils.trainer -   Accuracy: 0.49085
06/30/2026 16:26:02 - INFO - utils.trainer -   Precision: 0.48983
06/30/2026 16:26:02 - INFO - utils.trainer -   Recall: 0.44085
06/30/2026 16:26:02 - INFO - utils.trainer -   F_score: 0.46405
06/30/2026 16:26:02 - INFO - utils.trainer -   Specificity: 0.54085
06/30/2026 16:26:02 - INFO - utils.trainer -   Sensitivity: 0.44085
06/30/2026 16:26:02 - INFO - utils.trainer -   Loss: 0.69325
06/30/2026 16:26:02 - INFO - utils.trainer -   Epoch: 129, Train loss: 0.69312, Test loss: 0.69325,Epoch time = 3.535s
06/30/2026 16:26:06 - INFO - utils.trainer -   ***** Running evaluation on test0 dataset *****
06/30/2026 16:26:07 - INFO - utils.trainer -   AUC: 0.50574
06/30/2026 16:26:07 - INFO - utils.trainer -   Accuracy: 0.50915
06/30/2026 16:26:07 - INFO - utils.trainer -   Precision: 0.50989
06/30/2026 16:26:07 - INFO - utils.trainer -   Recall: 0.47183
06/30/2026 16:26:07 - INFO - utils.trainer -   F_score: 0.49012
06/30/2026 16:26:07 - INFO - utils.trainer -   Specificity: 0.54648
06/30/2026 16:26:07 - INFO - utils.trainer -   Sensitivity: 0.47183
06/30/2026 16:26:07 - INFO - utils.trainer -   Loss: 0.69310
06/30/2026 16:26:07 - INFO - utils.trainer -   Epoch: 130, Train loss: 0.69313, Test loss: 0.69310,Epoch time = 3.453s
06/30/2026 16:26:10 - INFO - utils.trainer -   ***** Running evaluation on test0 dataset *****
06/30/2026 16:26:11 - INFO - utils.trainer -   AUC: 0.50029
06/30/2026 16:26:11 - INFO - utils.trainer -   Accuracy: 0.50070
06/30/2026 16:26:11 - INFO - utils.trainer -   Precision: 0.50070
06/30/2026 16:26:11 - INFO - utils.trainer -   Recall: 0.50423
06/30/2026 16:26:11 - INFO - utils.trainer -   F_score: 0.50246
06/30/2026 16:26:11 - INFO - utils.trainer -   Specificity: 0.49718
06/30/2026 16:26:11 - INFO - utils.trainer -   Sensitivity: 0.50423
06/30/2026 16:26:11 - INFO - utils.trainer -   Loss: 0.69316
06/30/2026 16:26:11 - INFO - utils.trainer -   Epoch: 131, Train loss: 0.69315, Test loss: 0.69316,Epoch time = 3.834s
06/30/2026 16:26:15 - INFO - utils.trainer -   ***** Running evaluation on test0 dataset *****
06/30/2026 16:26:15 - INFO - utils.trainer -   AUC: 0.47962
06/30/2026 16:26:15 - INFO - utils.trainer -   Accuracy: 0.48556
06/30/2026 16:26:15 - INFO - utils.trainer -   Precision: 0.48415
06/30/2026 16:26:15 - INFO - utils.trainer -   Recall: 0.44085
06/30/2026 16:26:15 - INFO - utils.trainer -   F_score: 0.46148
06/30/2026 16:26:15 - INFO - utils.trainer -   Specificity: 0.53028
06/30/2026 16:26:15 - INFO - utils.trainer -   Sensitivity: 0.44085
06/30/2026 16:26:15 - INFO - utils.trainer -   Loss: 0.69327
06/30/2026 16:26:15 - INFO - utils.trainer -   Epoch: 132, Train loss: 0.69315, Test loss: 0.69327,Epoch time = 3.448s
06/30/2026 16:26:19 - INFO - utils.trainer -   ***** Running evaluation on test0 dataset *****
06/30/2026 16:26:19 - INFO - utils.trainer -   AUC: 0.49417
06/30/2026 16:26:19 - INFO - utils.trainer -   Accuracy: 0.49366
06/30/2026 16:26:19 - INFO - utils.trainer -   Precision: 0.49335
06/30/2026 16:26:19 - INFO - utils.trainer -   Recall: 0.47042
06/30/2026 16:26:19 - INFO - utils.trainer -   F_score: 0.48161
06/30/2026 16:26:19 - INFO - utils.trainer -   Specificity: 0.51690
06/30/2026 16:26:19 - INFO - utils.trainer -   Sensitivity: 0.47042
06/30/2026 16:26:19 - INFO - utils.trainer -   Loss: 0.69319
06/30/2026 16:26:19 - INFO - utils.trainer -   Epoch: 133, Train loss: 0.69317, Test loss: 0.69319,Epoch time = 3.190s
06/30/2026 16:26:23 - INFO - utils.trainer -   ***** Running evaluation on test0 dataset *****
06/30/2026 16:26:23 - INFO - utils.trainer -   AUC: 0.50265
06/30/2026 16:26:23 - INFO - utils.trainer -   Accuracy: 0.50176
06/30/2026 16:26:23 - INFO - utils.trainer -   Precision: 0.50178
06/30/2026 16:26:23 - INFO - utils.trainer -   Recall: 0.49577
06/30/2026 16:26:23 - INFO - utils.trainer -   F_score: 0.49876
06/30/2026 16:26:23 - INFO - utils.trainer -   Specificity: 0.50775
06/30/2026 16:26:23 - INFO - utils.trainer -   Sensitivity: 0.49577
06/30/2026 16:26:23 - INFO - utils.trainer -   Loss: 0.69313
06/30/2026 16:26:23 - INFO - utils.trainer -   Epoch: 134, Train loss: 0.69312, Test loss: 0.69313,Epoch time = 3.240s
06/30/2026 16:26:27 - INFO - utils.trainer -   ***** Running evaluation on test0 dataset *****
06/30/2026 16:26:27 - INFO - utils.trainer -   AUC: 0.51113
06/30/2026 16:26:27 - INFO - utils.trainer -   Accuracy: 0.50387
06/30/2026 16:26:27 - INFO - utils.trainer -   Precision: 0.50397
06/30/2026 16:26:27 - INFO - utils.trainer -   Recall: 0.49155
06/30/2026 16:26:27 - INFO - utils.trainer -   F_score: 0.49768
06/30/2026 16:26:27 - INFO - utils.trainer -   Specificity: 0.51620
06/30/2026 16:26:27 - INFO - utils.trainer -   Sensitivity: 0.49155
06/30/2026 16:26:27 - INFO - utils.trainer -   Loss: 0.69309
06/30/2026 16:26:27 - INFO - utils.trainer -   Epoch: 135, Train loss: 0.69317, Test loss: 0.69309,Epoch time = 3.310s
06/30/2026 16:26:31 - INFO - utils.trainer -   ***** Running evaluation on test0 dataset *****
06/30/2026 16:26:32 - INFO - utils.trainer -   AUC: 0.50052
06/30/2026 16:26:32 - INFO - utils.trainer -   Accuracy: 0.50387
06/30/2026 16:26:32 - INFO - utils.trainer -   Precision: 0.50393
06/30/2026 16:26:32 - INFO - utils.trainer -   Recall: 0.49718
06/30/2026 16:26:32 - INFO - utils.trainer -   F_score: 0.50053
06/30/2026 16:26:32 - INFO - utils.trainer -   Specificity: 0.51056
06/30/2026 16:26:32 - INFO - utils.trainer -   Sensitivity: 0.49718
06/30/2026 16:26:32 - INFO - utils.trainer -   Loss: 0.69314
06/30/2026 16:26:32 - INFO - utils.trainer -   Epoch: 136, Train loss: 0.69304, Test loss: 0.69314,Epoch time = 3.542s
06/30/2026 16:26:35 - INFO - utils.trainer -   ***** Running evaluation on test0 dataset *****
06/30/2026 16:26:35 - INFO - utils.trainer -   AUC: 0.48509
06/30/2026 16:26:35 - INFO - utils.trainer -   Accuracy: 0.48521
06/30/2026 16:26:35 - INFO - utils.trainer -   Precision: 0.48564
06/30/2026 16:26:35 - INFO - utils.trainer -   Recall: 0.50000
06/30/2026 16:26:35 - INFO - utils.trainer -   F_score: 0.49271
06/30/2026 16:26:35 - INFO - utils.trainer -   Specificity: 0.47042
06/30/2026 16:26:35 - INFO - utils.trainer -   Sensitivity: 0.50000
06/30/2026 16:26:35 - INFO - utils.trainer -   Loss: 0.69325
06/30/2026 16:26:35 - INFO - utils.trainer -   Epoch: 137, Train loss: 0.69314, Test loss: 0.69325,Epoch time = 2.905s
06/30/2026 16:26:38 - INFO - utils.trainer -   ***** Running evaluation on test0 dataset *****
06/30/2026 16:26:39 - INFO - utils.trainer -   AUC: 0.48967
06/30/2026 16:26:39 - INFO - utils.trainer -   Accuracy: 0.49401
06/30/2026 16:26:39 - INFO - utils.trainer -   Precision: 0.49395
06/30/2026 16:26:39 - INFO - utils.trainer -   Recall: 0.48873
06/30/2026 16:26:39 - INFO - utils.trainer -   F_score: 0.49133
06/30/2026 16:26:39 - INFO - utils.trainer -   Specificity: 0.49930
06/30/2026 16:26:39 - INFO - utils.trainer -   Sensitivity: 0.48873
06/30/2026 16:26:39 - INFO - utils.trainer -   Loss: 0.69321
06/30/2026 16:26:39 - INFO - utils.trainer -   Epoch: 138, Train loss: 0.69314, Test loss: 0.69321,Epoch time = 3.074s
06/30/2026 16:26:42 - INFO - utils.trainer -   ***** Running evaluation on test0 dataset *****
06/30/2026 16:26:42 - INFO - utils.trainer -   AUC: 0.50382
06/30/2026 16:26:42 - INFO - utils.trainer -   Accuracy: 0.50423
06/30/2026 16:26:42 - INFO - utils.trainer -   Precision: 0.50420
06/30/2026 16:26:42 - INFO - utils.trainer -   Recall: 0.50704
06/30/2026 16:26:42 - INFO - utils.trainer -   F_score: 0.50562
06/30/2026 16:26:42 - INFO - utils.trainer -   Specificity: 0.50141
06/30/2026 16:26:42 - INFO - utils.trainer -   Sensitivity: 0.50704
06/30/2026 16:26:42 - INFO - utils.trainer -   Loss: 0.69313
06/30/2026 16:26:42 - INFO - utils.trainer -   Epoch: 139, Train loss: 0.69323, Test loss: 0.69313,Epoch time = 2.578s
06/30/2026 16:26:45 - INFO - utils.trainer -   ***** Running evaluation on test0 dataset *****
06/30/2026 16:26:46 - INFO - utils.trainer -   AUC: 0.49144
06/30/2026 16:26:46 - INFO - utils.trainer -   Accuracy: 0.48803
06/30/2026 16:26:46 - INFO - utils.trainer -   Precision: 0.48803
06/30/2026 16:26:46 - INFO - utils.trainer -   Recall: 0.48803
06/30/2026 16:26:46 - INFO - utils.trainer -   F_score: 0.48803
06/30/2026 16:26:46 - INFO - utils.trainer -   Specificity: 0.48803
06/30/2026 16:26:46 - INFO - utils.trainer -   Sensitivity: 0.48803
06/30/2026 16:26:46 - INFO - utils.trainer -   Loss: 0.69323
06/30/2026 16:26:46 - INFO - utils.trainer -   Epoch: 140, Train loss: 0.69311, Test loss: 0.69323,Epoch time = 2.366s
06/30/2026 16:26:48 - INFO - utils.trainer -   ***** Running evaluation on test0 dataset *****
06/30/2026 16:26:49 - INFO - utils.trainer -   AUC: 0.50948
06/30/2026 16:26:49 - INFO - utils.trainer -   Accuracy: 0.50211
06/30/2026 16:26:49 - INFO - utils.trainer -   Precision: 0.50218
06/30/2026 16:26:49 - INFO - utils.trainer -   Recall: 0.48732
06/30/2026 16:26:49 - INFO - utils.trainer -   F_score: 0.49464
06/30/2026 16:26:49 - INFO - utils.trainer -   Specificity: 0.51690
06/30/2026 16:26:49 - INFO - utils.trainer -   Sensitivity: 0.48732
06/30/2026 16:26:49 - INFO - utils.trainer -   Loss: 0.69311
06/30/2026 16:26:49 - INFO - utils.trainer -   Epoch: 141, Train loss: 0.69315, Test loss: 0.69311,Epoch time = 2.801s
06/30/2026 16:26:52 - INFO - utils.trainer -   ***** Running evaluation on test0 dataset *****
06/30/2026 16:26:53 - INFO - utils.trainer -   AUC: 0.48901
06/30/2026 16:26:53 - INFO - utils.trainer -   Accuracy: 0.49507
06/30/2026 16:26:53 - INFO - utils.trainer -   Precision: 0.49507
06/30/2026 16:26:53 - INFO - utils.trainer -   Recall: 0.49507
06/30/2026 16:26:53 - INFO - utils.trainer -   F_score: 0.49507
06/30/2026 16:26:53 - INFO - utils.trainer -   Specificity: 0.49507
06/30/2026 16:26:53 - INFO - utils.trainer -   Sensitivity: 0.49507
06/30/2026 16:26:53 - INFO - utils.trainer -   Loss: 0.69322
06/30/2026 16:26:53 - INFO - utils.trainer -   Epoch: 142, Train loss: 0.69318, Test loss: 0.69322,Epoch time = 3.217s
06/30/2026 16:26:55 - INFO - utils.trainer -   ***** Running evaluation on test0 dataset *****
06/30/2026 16:26:56 - INFO - utils.trainer -   AUC: 0.49820
06/30/2026 16:26:56 - INFO - utils.trainer -   Accuracy: 0.49824
06/30/2026 16:26:56 - INFO - utils.trainer -   Precision: 0.49825
06/30/2026 16:26:56 - INFO - utils.trainer -   Recall: 0.50070
06/30/2026 16:26:56 - INFO - utils.trainer -   F_score: 0.49947
06/30/2026 16:26:56 - INFO - utils.trainer -   Specificity: 0.49577
06/30/2026 16:26:56 - INFO - utils.trainer -   Sensitivity: 0.50070
06/30/2026 16:26:56 - INFO - utils.trainer -   Loss: 0.69317
06/30/2026 16:26:56 - INFO - utils.trainer -   Epoch: 143, Train loss: 0.69315, Test loss: 0.69317,Epoch time = 2.270s
06/30/2026 16:26:59 - INFO - utils.trainer -   ***** Running evaluation on test0 dataset *****
06/30/2026 16:26:59 - INFO - utils.trainer -   AUC: 0.50078
06/30/2026 16:26:59 - INFO - utils.trainer -   Accuracy: 0.49613
06/30/2026 16:26:59 - INFO - utils.trainer -   Precision: 0.49607
06/30/2026 16:26:59 - INFO - utils.trainer -   Recall: 0.48944
06/30/2026 16:26:59 - INFO - utils.trainer -   F_score: 0.49273
06/30/2026 16:26:59 - INFO - utils.trainer -   Specificity: 0.50282
06/30/2026 16:26:59 - INFO - utils.trainer -   Sensitivity: 0.48944
06/30/2026 16:26:59 - INFO - utils.trainer -   Loss: 0.69317
06/30/2026 16:26:59 - INFO - utils.trainer -   Epoch: 144, Train loss: 0.69312, Test loss: 0.69317,Epoch time = 2.473s
06/30/2026 16:27:03 - INFO - utils.trainer -   ***** Running evaluation on test0 dataset *****
06/30/2026 16:27:03 - INFO - utils.trainer -   AUC: 0.50248
06/30/2026 16:27:03 - INFO - utils.trainer -   Accuracy: 0.49401
06/30/2026 16:27:03 - INFO - utils.trainer -   Precision: 0.49414
06/30/2026 16:27:03 - INFO - utils.trainer -   Recall: 0.50493
06/30/2026 16:27:03 - INFO - utils.trainer -   F_score: 0.49948
06/30/2026 16:27:03 - INFO - utils.trainer -   Specificity: 0.48310
06/30/2026 16:27:03 - INFO - utils.trainer -   Sensitivity: 0.50493
06/30/2026 16:27:03 - INFO - utils.trainer -   Loss: 0.69316
06/30/2026 16:27:03 - INFO - utils.trainer -   Epoch: 145, Train loss: 0.69330, Test loss: 0.69316,Epoch time = 3.349s
06/30/2026 16:27:07 - INFO - utils.trainer -   ***** Running evaluation on test0 dataset *****
06/30/2026 16:27:07 - INFO - utils.trainer -   AUC: 0.49765
06/30/2026 16:27:07 - INFO - utils.trainer -   Accuracy: 0.49965
06/30/2026 16:27:07 - INFO - utils.trainer -   Precision: 0.49964
06/30/2026 16:27:07 - INFO - utils.trainer -   Recall: 0.49014
06/30/2026 16:27:07 - INFO - utils.trainer -   F_score: 0.49485
06/30/2026 16:27:07 - INFO - utils.trainer -   Specificity: 0.50915
06/30/2026 16:27:07 - INFO - utils.trainer -   Sensitivity: 0.49014
06/30/2026 16:27:07 - INFO - utils.trainer -   Loss: 0.69315
06/30/2026 16:27:07 - INFO - utils.trainer -   Epoch: 146, Train loss: 0.69308, Test loss: 0.69315,Epoch time = 3.176s
06/30/2026 16:27:10 - INFO - utils.trainer -   ***** Running evaluation on test0 dataset *****
06/30/2026 16:27:11 - INFO - utils.trainer -   AUC: 0.49629
06/30/2026 16:27:11 - INFO - utils.trainer -   Accuracy: 0.50282
06/30/2026 16:27:11 - INFO - utils.trainer -   Precision: 0.50282
06/30/2026 16:27:11 - INFO - utils.trainer -   Recall: 0.50211
06/30/2026 16:27:11 - INFO - utils.trainer -   F_score: 0.50247
06/30/2026 16:27:11 - INFO - utils.trainer -   Specificity: 0.50352
06/30/2026 16:27:11 - INFO - utils.trainer -   Sensitivity: 0.50211
06/30/2026 16:27:11 - INFO - utils.trainer -   Loss: 0.69316
06/30/2026 16:27:11 - INFO - utils.trainer -   Epoch: 147, Train loss: 0.69316, Test loss: 0.69316,Epoch time = 2.616s
06/30/2026 16:27:13 - INFO - utils.trainer -   ***** Running evaluation on test0 dataset *****
06/30/2026 16:27:14 - INFO - utils.trainer -   AUC: 0.52276
06/30/2026 16:27:14 - INFO - utils.trainer -   Accuracy: 0.51197
06/30/2026 16:27:14 - INFO - utils.trainer -   Precision: 0.51176
06/30/2026 16:27:14 - INFO - utils.trainer -   Recall: 0.52113
06/30/2026 16:27:14 - INFO - utils.trainer -   F_score: 0.51640
06/30/2026 16:27:14 - INFO - utils.trainer -   Specificity: 0.50282
06/30/2026 16:27:14 - INFO - utils.trainer -   Sensitivity: 0.52113
06/30/2026 16:27:14 - INFO - utils.trainer -   Loss: 0.69305
06/30/2026 16:27:14 - INFO - utils.trainer -   Epoch: 148, Train loss: 0.69328, Test loss: 0.69305,Epoch time = 2.649s
06/30/2026 16:27:17 - INFO - utils.trainer -   ***** Running evaluation on test0 dataset *****
06/30/2026 16:27:17 - INFO - utils.trainer -   AUC: 0.50237
06/30/2026 16:27:17 - INFO - utils.trainer -   Accuracy: 0.49894
06/30/2026 16:27:17 - INFO - utils.trainer -   Precision: 0.49894
06/30/2026 16:27:17 - INFO - utils.trainer -   Recall: 0.49859
06/30/2026 16:27:17 - INFO - utils.trainer -   F_score: 0.49877
06/30/2026 16:27:17 - INFO - utils.trainer -   Specificity: 0.49930
06/30/2026 16:27:17 - INFO - utils.trainer -   Sensitivity: 0.49859
06/30/2026 16:27:17 - INFO - utils.trainer -   Loss: 0.69316
06/30/2026 16:27:17 - INFO - utils.trainer -   Epoch: 149, Train loss: 0.69307, Test loss: 0.69316,Epoch time = 2.479s
06/30/2026 16:27:21 - INFO - utils.trainer -   ***** Running evaluation on test0 dataset *****
06/30/2026 16:27:22 - INFO - utils.trainer -   AUC: 0.51108
06/30/2026 16:27:22 - INFO - utils.trainer -   Accuracy: 0.50599
06/30/2026 16:27:22 - INFO - utils.trainer -   Precision: 0.50582
06/30/2026 16:27:22 - INFO - utils.trainer -   Recall: 0.52042
06/30/2026 16:27:22 - INFO - utils.trainer -   F_score: 0.51302
06/30/2026 16:27:22 - INFO - utils.trainer -   Specificity: 0.49155
06/30/2026 16:27:22 - INFO - utils.trainer -   Sensitivity: 0.52042
06/30/2026 16:27:22 - INFO - utils.trainer -   Loss: 0.69310
06/30/2026 16:27:22 - INFO - utils.trainer -   Epoch: 150, Train loss: 0.69314, Test loss: 0.69310,Epoch time = 3.539s
06/30/2026 16:27:25 - INFO - utils.trainer -   ***** Running evaluation on test0 dataset *****
06/30/2026 16:27:26 - INFO - utils.trainer -   AUC: 0.50377
06/30/2026 16:27:26 - INFO - utils.trainer -   Accuracy: 0.50317
06/30/2026 16:27:26 - INFO - utils.trainer -   Precision: 0.50315
06/30/2026 16:27:26 - INFO - utils.trainer -   Recall: 0.50563
06/30/2026 16:27:26 - INFO - utils.trainer -   F_score: 0.50439
06/30/2026 16:27:26 - INFO - utils.trainer -   Specificity: 0.50070
06/30/2026 16:27:26 - INFO - utils.trainer -   Sensitivity: 0.50563
06/30/2026 16:27:26 - INFO - utils.trainer -   Loss: 0.69313
06/30/2026 16:27:26 - INFO - utils.trainer -   Epoch: 151, Train loss: 0.69319, Test loss: 0.69313,Epoch time = 3.267s
06/30/2026 16:27:28 - INFO - utils.trainer -   ***** Running evaluation on test0 dataset *****
06/30/2026 16:27:29 - INFO - utils.trainer -   AUC: 0.51489
06/30/2026 16:27:29 - INFO - utils.trainer -   Accuracy: 0.50986
06/30/2026 16:27:29 - INFO - utils.trainer -   Precision: 0.50974
06/30/2026 16:27:29 - INFO - utils.trainer -   Recall: 0.51620
06/30/2026 16:27:29 - INFO - utils.trainer -   F_score: 0.51295
06/30/2026 16:27:29 - INFO - utils.trainer -   Specificity: 0.50352
06/30/2026 16:27:29 - INFO - utils.trainer -   Sensitivity: 0.51620
06/30/2026 16:27:29 - INFO - utils.trainer -   Loss: 0.69308
06/30/2026 16:27:29 - INFO - utils.trainer -   Epoch: 152, Train loss: 0.69321, Test loss: 0.69308,Epoch time = 2.889s
06/30/2026 16:27:33 - INFO - utils.trainer -   ***** Running evaluation on test0 dataset *****
06/30/2026 16:27:34 - INFO - utils.trainer -   AUC: 0.48713
06/30/2026 16:27:34 - INFO - utils.trainer -   Accuracy: 0.49930
06/30/2026 16:27:34 - INFO - utils.trainer -   Precision: 0.49930
06/30/2026 16:27:34 - INFO - utils.trainer -   Recall: 0.49930
06/30/2026 16:27:34 - INFO - utils.trainer -   F_score: 0.49930
06/30/2026 16:27:34 - INFO - utils.trainer -   Specificity: 0.49930
06/30/2026 16:27:34 - INFO - utils.trainer -   Sensitivity: 0.49930
06/30/2026 16:27:34 - INFO - utils.trainer -   Loss: 0.69320
06/30/2026 16:27:34 - INFO - utils.trainer -   Epoch: 153, Train loss: 0.69316, Test loss: 0.69320,Epoch time = 3.603s
06/30/2026 16:27:37 - INFO - utils.trainer -   ***** Running evaluation on test0 dataset *****
06/30/2026 16:27:38 - INFO - utils.trainer -   AUC: 0.49866
06/30/2026 16:27:38 - INFO - utils.trainer -   Accuracy: 0.50211
06/30/2026 16:27:38 - INFO - utils.trainer -   Precision: 0.50216
06/30/2026 16:27:38 - INFO - utils.trainer -   Recall: 0.49014
06/30/2026 16:27:38 - INFO - utils.trainer -   F_score: 0.49608
06/30/2026 16:27:38 - INFO - utils.trainer -   Specificity: 0.51408
06/30/2026 16:27:38 - INFO - utils.trainer -   Sensitivity: 0.49014
06/30/2026 16:27:38 - INFO - utils.trainer -   Loss: 0.69315
06/30/2026 16:27:38 - INFO - utils.trainer -   Epoch: 154, Train loss: 0.69321, Test loss: 0.69315,Epoch time = 3.724s
06/30/2026 16:27:41 - INFO - utils.trainer -   ***** Running evaluation on test0 dataset *****
06/30/2026 16:27:42 - INFO - utils.trainer -   AUC: 0.50668
06/30/2026 16:27:42 - INFO - utils.trainer -   Accuracy: 0.50458
06/30/2026 16:27:42 - INFO - utils.trainer -   Precision: 0.50440
06/30/2026 16:27:42 - INFO - utils.trainer -   Recall: 0.52465
06/30/2026 16:27:42 - INFO - utils.trainer -   F_score: 0.51433
06/30/2026 16:27:42 - INFO - utils.trainer -   Specificity: 0.48451
06/30/2026 16:27:42 - INFO - utils.trainer -   Sensitivity: 0.52465
06/30/2026 16:27:42 - INFO - utils.trainer -   Loss: 0.69312
06/30/2026 16:27:42 - INFO - utils.trainer -   Epoch: 155, Train loss: 0.69318, Test loss: 0.69312,Epoch time = 2.609s
06/30/2026 16:27:45 - INFO - utils.trainer -   ***** Running evaluation on test0 dataset *****
06/30/2026 16:27:45 - INFO - utils.trainer -   AUC: 0.50663
06/30/2026 16:27:45 - INFO - utils.trainer -   Accuracy: 0.50070
06/30/2026 16:27:45 - INFO - utils.trainer -   Precision: 0.50072
06/30/2026 16:27:45 - INFO - utils.trainer -   Recall: 0.49225
06/30/2026 16:27:45 - INFO - utils.trainer -   F_score: 0.49645
06/30/2026 16:27:45 - INFO - utils.trainer -   Specificity: 0.50915
06/30/2026 16:27:45 - INFO - utils.trainer -   Sensitivity: 0.49225
06/30/2026 16:27:45 - INFO - utils.trainer -   Loss: 0.69313
06/30/2026 16:27:45 - INFO - utils.trainer -   Epoch: 156, Train loss: 0.69311, Test loss: 0.69313,Epoch time = 3.081s
06/30/2026 16:27:49 - INFO - utils.trainer -   ***** Running evaluation on test0 dataset *****
06/30/2026 16:27:50 - INFO - utils.trainer -   AUC: 0.50530
06/30/2026 16:27:50 - INFO - utils.trainer -   Accuracy: 0.50563
06/30/2026 16:27:50 - INFO - utils.trainer -   Precision: 0.50552
06/30/2026 16:27:50 - INFO - utils.trainer -   Recall: 0.51620
06/30/2026 16:27:50 - INFO - utils.trainer -   F_score: 0.51080
06/30/2026 16:27:50 - INFO - utils.trainer -   Specificity: 0.49507
06/30/2026 16:27:50 - INFO - utils.trainer -   Sensitivity: 0.51620
06/30/2026 16:27:50 - INFO - utils.trainer -   Loss: 0.69311
06/30/2026 16:27:50 - INFO - utils.trainer -   Epoch: 157, Train loss: 0.69313, Test loss: 0.69311,Epoch time = 3.634s
06/30/2026 16:27:52 - INFO - utils.trainer -   ***** Running evaluation on test0 dataset *****
06/30/2026 16:27:53 - INFO - utils.trainer -   AUC: 0.48962
06/30/2026 16:27:53 - INFO - utils.trainer -   Accuracy: 0.48556
06/30/2026 16:27:53 - INFO - utils.trainer -   Precision: 0.48487
06/30/2026 16:27:53 - INFO - utils.trainer -   Recall: 0.46268
06/30/2026 16:27:53 - INFO - utils.trainer -   F_score: 0.47351
06/30/2026 16:27:53 - INFO - utils.trainer -   Specificity: 0.50845
06/30/2026 16:27:53 - INFO - utils.trainer -   Sensitivity: 0.46268
06/30/2026 16:27:53 - INFO - utils.trainer -   Loss: 0.69322
06/30/2026 16:27:53 - INFO - utils.trainer -   Epoch: 158, Train loss: 0.69317, Test loss: 0.69322,Epoch time = 2.562s
06/30/2026 16:27:56 - INFO - utils.trainer -   ***** Running evaluation on test0 dataset *****
06/30/2026 16:27:57 - INFO - utils.trainer -   AUC: 0.51284
06/30/2026 16:27:57 - INFO - utils.trainer -   Accuracy: 0.51092
06/30/2026 16:27:57 - INFO - utils.trainer -   Precision: 0.51065
06/30/2026 16:27:57 - INFO - utils.trainer -   Recall: 0.52324
06/30/2026 16:27:57 - INFO - utils.trainer -   F_score: 0.51687
06/30/2026 16:27:57 - INFO - utils.trainer -   Specificity: 0.49859
06/30/2026 16:27:57 - INFO - utils.trainer -   Sensitivity: 0.52324
06/30/2026 16:27:57 - INFO - utils.trainer -   Loss: 0.69308
06/30/2026 16:27:57 - INFO - utils.trainer -   Epoch: 159, Train loss: 0.69320, Test loss: 0.69308,Epoch time = 3.194s
06/30/2026 16:28:00 - INFO - utils.trainer -   ***** Running evaluation on test0 dataset *****
06/30/2026 16:28:01 - INFO - utils.trainer -   AUC: 0.50393
06/30/2026 16:28:01 - INFO - utils.trainer -   Accuracy: 0.49648
06/30/2026 16:28:01 - INFO - utils.trainer -   Precision: 0.49654
06/30/2026 16:28:01 - INFO - utils.trainer -   Recall: 0.50563
06/30/2026 16:28:01 - INFO - utils.trainer -   F_score: 0.50105
06/30/2026 16:28:01 - INFO - utils.trainer -   Specificity: 0.48732
06/30/2026 16:28:01 - INFO - utils.trainer -   Sensitivity: 0.50563
06/30/2026 16:28:01 - INFO - utils.trainer -   Loss: 0.69314
06/30/2026 16:28:01 - INFO - utils.trainer -   Epoch: 160, Train loss: 0.69313, Test loss: 0.69314,Epoch time = 2.742s
06/30/2026 16:28:04 - INFO - utils.trainer -   ***** Running evaluation on test0 dataset *****
06/30/2026 16:28:05 - INFO - utils.trainer -   AUC: 0.49388
06/30/2026 16:28:05 - INFO - utils.trainer -   Accuracy: 0.49718
06/30/2026 16:28:05 - INFO - utils.trainer -   Precision: 0.49722
06/30/2026 16:28:05 - INFO - utils.trainer -   Recall: 0.50352
06/30/2026 16:28:05 - INFO - utils.trainer -   F_score: 0.50035
06/30/2026 16:28:05 - INFO - utils.trainer -   Specificity: 0.49085
06/30/2026 16:28:05 - INFO - utils.trainer -   Sensitivity: 0.50352
06/30/2026 16:28:05 - INFO - utils.trainer -   Loss: 0.69318
06/30/2026 16:28:05 - INFO - utils.trainer -   Epoch: 161, Train loss: 0.69321, Test loss: 0.69318,Epoch time = 3.407s
06/30/2026 16:28:08 - INFO - utils.trainer -   ***** Running evaluation on test0 dataset *****
06/30/2026 16:28:09 - INFO - utils.trainer -   AUC: 0.50133
06/30/2026 16:28:09 - INFO - utils.trainer -   Accuracy: 0.50634
06/30/2026 16:28:09 - INFO - utils.trainer -   Precision: 0.50632
06/30/2026 16:28:09 - INFO - utils.trainer -   Recall: 0.50775
06/30/2026 16:28:09 - INFO - utils.trainer -   F_score: 0.50703
06/30/2026 16:28:09 - INFO - utils.trainer -   Specificity: 0.50493
06/30/2026 16:28:09 - INFO - utils.trainer -   Sensitivity: 0.50775
06/30/2026 16:28:09 - INFO - utils.trainer -   Loss: 0.69313
06/30/2026 16:28:09 - INFO - utils.trainer -   Epoch: 162, Train loss: 0.69319, Test loss: 0.69313,Epoch time = 3.095s
06/30/2026 16:28:11 - INFO - utils.trainer -   ***** Running evaluation on test0 dataset *****
06/30/2026 16:28:12 - INFO - utils.trainer -   AUC: 0.48583
06/30/2026 16:28:12 - INFO - utils.trainer -   Accuracy: 0.49261
06/30/2026 16:28:12 - INFO - utils.trainer -   Precision: 0.49269
06/30/2026 16:28:12 - INFO - utils.trainer -   Recall: 0.49859
06/30/2026 16:28:12 - INFO - utils.trainer -   F_score: 0.49562
06/30/2026 16:28:12 - INFO - utils.trainer -   Specificity: 0.48662
06/30/2026 16:28:12 - INFO - utils.trainer -   Sensitivity: 0.49859
06/30/2026 16:28:12 - INFO - utils.trainer -   Loss: 0.69321
06/30/2026 16:28:12 - INFO - utils.trainer -   Epoch: 163, Train loss: 0.69318, Test loss: 0.69321,Epoch time = 2.619s
06/30/2026 16:28:15 - INFO - utils.trainer -   ***** Running evaluation on test0 dataset *****
06/30/2026 16:28:16 - INFO - utils.trainer -   AUC: 0.48058
06/30/2026 16:28:16 - INFO - utils.trainer -   Accuracy: 0.48803
06/30/2026 16:28:16 - INFO - utils.trainer -   Precision: 0.48779
06/30/2026 16:28:16 - INFO - utils.trainer -   Recall: 0.47817
06/30/2026 16:28:16 - INFO - utils.trainer -   F_score: 0.48293
06/30/2026 16:28:16 - INFO - utils.trainer -   Specificity: 0.49789
06/30/2026 16:28:16 - INFO - utils.trainer -   Sensitivity: 0.47817
06/30/2026 16:28:16 - INFO - utils.trainer -   Loss: 0.69323
06/30/2026 16:28:16 - INFO - utils.trainer -   Epoch: 164, Train loss: 0.69327, Test loss: 0.69323,Epoch time = 3.229s
06/30/2026 16:28:19 - INFO - utils.trainer -   ***** Running evaluation on test0 dataset *****
06/30/2026 16:28:20 - INFO - utils.trainer -   AUC: 0.48871
06/30/2026 16:28:20 - INFO - utils.trainer -   Accuracy: 0.49577
06/30/2026 16:28:20 - INFO - utils.trainer -   Precision: 0.49576
06/30/2026 16:28:20 - INFO - utils.trainer -   Recall: 0.49437
06/30/2026 16:28:20 - INFO - utils.trainer -   F_score: 0.49506
06/30/2026 16:28:20 - INFO - utils.trainer -   Specificity: 0.49718
06/30/2026 16:28:20 - INFO - utils.trainer -   Sensitivity: 0.49437
06/30/2026 16:28:20 - INFO - utils.trainer -   Loss: 0.69320
06/30/2026 16:28:20 - INFO - utils.trainer -   Epoch: 165, Train loss: 0.69319, Test loss: 0.69320,Epoch time = 2.591s
06/30/2026 16:28:23 - INFO - utils.trainer -   ***** Running evaluation on test0 dataset *****
06/30/2026 16:28:23 - INFO - utils.trainer -   AUC: 0.50958
06/30/2026 16:28:23 - INFO - utils.trainer -   Accuracy: 0.50775
06/30/2026 16:28:23 - INFO - utils.trainer -   Precision: 0.50774
06/30/2026 16:28:23 - INFO - utils.trainer -   Recall: 0.50845
06/30/2026 16:28:23 - INFO - utils.trainer -   F_score: 0.50809
06/30/2026 16:28:23 - INFO - utils.trainer -   Specificity: 0.50704
06/30/2026 16:28:23 - INFO - utils.trainer -   Sensitivity: 0.50845
06/30/2026 16:28:23 - INFO - utils.trainer -   Loss: 0.69311
06/30/2026 16:28:23 - INFO - utils.trainer -   Epoch: 166, Train loss: 0.69313, Test loss: 0.69311,Epoch time = 3.061s
06/30/2026 16:28:27 - INFO - utils.trainer -   ***** Running evaluation on test0 dataset *****
06/30/2026 16:28:28 - INFO - utils.trainer -   AUC: 0.50321
06/30/2026 16:28:28 - INFO - utils.trainer -   Accuracy: 0.50563
06/30/2026 16:28:28 - INFO - utils.trainer -   Precision: 0.50574
06/30/2026 16:28:28 - INFO - utils.trainer -   Recall: 0.49648
06/30/2026 16:28:28 - INFO - utils.trainer -   F_score: 0.50107
06/30/2026 16:28:28 - INFO - utils.trainer -   Specificity: 0.51479
06/30/2026 16:28:28 - INFO - utils.trainer -   Sensitivity: 0.49648
06/30/2026 16:28:28 - INFO - utils.trainer -   Loss: 0.69313
06/30/2026 16:28:28 - INFO - utils.trainer -   Epoch: 167, Train loss: 0.69313, Test loss: 0.69313,Epoch time = 3.651s
06/30/2026 16:28:31 - INFO - utils.trainer -   ***** Running evaluation on test0 dataset *****
06/30/2026 16:28:32 - INFO - utils.trainer -   AUC: 0.49966
06/30/2026 16:28:32 - INFO - utils.trainer -   Accuracy: 0.49190
06/30/2026 16:28:32 - INFO - utils.trainer -   Precision: 0.49180
06/30/2026 16:28:32 - INFO - utils.trainer -   Recall: 0.48592
06/30/2026 16:28:32 - INFO - utils.trainer -   F_score: 0.48884
06/30/2026 16:28:32 - INFO - utils.trainer -   Specificity: 0.49789
06/30/2026 16:28:32 - INFO - utils.trainer -   Sensitivity: 0.48592
06/30/2026 16:28:32 - INFO - utils.trainer -   Loss: 0.69316
06/30/2026 16:28:32 - INFO - utils.trainer -   Epoch: 168, Train loss: 0.69323, Test loss: 0.69316,Epoch time = 3.411s
06/30/2026 16:28:34 - INFO - utils.trainer -   ***** Running evaluation on test0 dataset *****
06/30/2026 16:28:35 - INFO - utils.trainer -   AUC: 0.50291
06/30/2026 16:28:35 - INFO - utils.trainer -   Accuracy: 0.50951
06/30/2026 16:28:35 - INFO - utils.trainer -   Precision: 0.50966
06/30/2026 16:28:35 - INFO - utils.trainer -   Recall: 0.50141
06/30/2026 16:28:35 - INFO - utils.trainer -   F_score: 0.50550
06/30/2026 16:28:35 - INFO - utils.trainer -   Specificity: 0.51761
06/30/2026 16:28:35 - INFO - utils.trainer -   Sensitivity: 0.50141
06/30/2026 16:28:35 - INFO - utils.trainer -   Loss: 0.69313
06/30/2026 16:28:35 - INFO - utils.trainer -   Epoch: 169, Train loss: 0.69318, Test loss: 0.69313,Epoch time = 2.514s
06/30/2026 16:28:38 - INFO - utils.trainer -   ***** Running evaluation on test0 dataset *****
06/30/2026 16:28:39 - INFO - utils.trainer -   AUC: 0.48904
06/30/2026 16:28:39 - INFO - utils.trainer -   Accuracy: 0.48556
06/30/2026 16:28:39 - INFO - utils.trainer -   Precision: 0.48507
06/30/2026 16:28:39 - INFO - utils.trainer -   Recall: 0.46901
06/30/2026 16:28:39 - INFO - utils.trainer -   F_score: 0.47691
06/30/2026 16:28:39 - INFO - utils.trainer -   Specificity: 0.50211
06/30/2026 16:28:39 - INFO - utils.trainer -   Sensitivity: 0.46901
06/30/2026 16:28:39 - INFO - utils.trainer -   Loss: 0.69321
06/30/2026 16:28:39 - INFO - utils.trainer -   Epoch: 170, Train loss: 0.69318, Test loss: 0.69321,Epoch time = 2.929s
06/30/2026 16:28:42 - INFO - utils.trainer -   ***** Running evaluation on test0 dataset *****
06/30/2026 16:28:43 - INFO - utils.trainer -   AUC: 0.49751
06/30/2026 16:28:43 - INFO - utils.trainer -   Accuracy: 0.49613
06/30/2026 16:28:43 - INFO - utils.trainer -   Precision: 0.49584
06/30/2026 16:28:43 - INFO - utils.trainer -   Recall: 0.46127
06/30/2026 16:28:43 - INFO - utils.trainer -   F_score: 0.47793
06/30/2026 16:28:43 - INFO - utils.trainer -   Specificity: 0.53099
06/30/2026 16:28:43 - INFO - utils.trainer -   Sensitivity: 0.46127
06/30/2026 16:28:43 - INFO - utils.trainer -   Loss: 0.69316
06/30/2026 16:28:43 - INFO - utils.trainer -   Epoch: 171, Train loss: 0.69318, Test loss: 0.69316,Epoch time = 3.047s
06/30/2026 16:28:45 - INFO - utils.trainer -   ***** Running evaluation on test0 dataset *****
06/30/2026 16:28:46 - INFO - utils.trainer -   AUC: 0.51173
06/30/2026 16:28:46 - INFO - utils.trainer -   Accuracy: 0.50915
06/30/2026 16:28:46 - INFO - utils.trainer -   Precision: 0.50980
06/30/2026 16:28:46 - INFO - utils.trainer -   Recall: 0.47606
06/30/2026 16:28:46 - INFO - utils.trainer -   F_score: 0.49235
06/30/2026 16:28:46 - INFO - utils.trainer -   Specificity: 0.54225
06/30/2026 16:28:46 - INFO - utils.trainer -   Sensitivity: 0.47606
06/30/2026 16:28:46 - INFO - utils.trainer -   Loss: 0.69310
06/30/2026 16:28:46 - INFO - utils.trainer -   Epoch: 172, Train loss: 0.69314, Test loss: 0.69310,Epoch time = 2.601s
06/30/2026 16:28:49 - INFO - utils.trainer -   ***** Running evaluation on test0 dataset *****
06/30/2026 16:28:50 - INFO - utils.trainer -   AUC: 0.51478
06/30/2026 16:28:50 - INFO - utils.trainer -   Accuracy: 0.50951
06/30/2026 16:28:50 - INFO - utils.trainer -   Precision: 0.51005
06/30/2026 16:28:50 - INFO - utils.trainer -   Recall: 0.48239
06/30/2026 16:28:50 - INFO - utils.trainer -   F_score: 0.49584
06/30/2026 16:28:50 - INFO - utils.trainer -   Specificity: 0.53662
06/30/2026 16:28:50 - INFO - utils.trainer -   Sensitivity: 0.48239
06/30/2026 16:28:50 - INFO - utils.trainer -   Loss: 0.69309
06/30/2026 16:28:50 - INFO - utils.trainer -   Epoch: 173, Train loss: 0.69322, Test loss: 0.69309,Epoch time = 2.958s
06/30/2026 16:28:53 - INFO - utils.trainer -   ***** Running evaluation on test0 dataset *****
06/30/2026 16:28:53 - INFO - utils.trainer -   AUC: 0.50415
06/30/2026 16:28:53 - INFO - utils.trainer -   Accuracy: 0.49366
06/30/2026 16:28:53 - INFO - utils.trainer -   Precision: 0.49325
06/30/2026 16:28:53 - INFO - utils.trainer -   Recall: 0.46338
06/30/2026 16:28:53 - INFO - utils.trainer -   F_score: 0.47785
06/30/2026 16:28:53 - INFO - utils.trainer -   Specificity: 0.52394
06/30/2026 16:28:53 - INFO - utils.trainer -   Sensitivity: 0.46338
06/30/2026 16:28:53 - INFO - utils.trainer -   Loss: 0.69315
06/30/2026 16:28:53 - INFO - utils.trainer -   Epoch: 174, Train loss: 0.69315, Test loss: 0.69315,Epoch time = 2.639s
06/30/2026 16:28:57 - INFO - utils.trainer -   ***** Running evaluation on test0 dataset *****
06/30/2026 16:28:58 - INFO - utils.trainer -   AUC: 0.49300
06/30/2026 16:28:58 - INFO - utils.trainer -   Accuracy: 0.48697
06/30/2026 16:28:58 - INFO - utils.trainer -   Precision: 0.48635
06/30/2026 16:28:58 - INFO - utils.trainer -   Recall: 0.46408
06/30/2026 16:28:58 - INFO - utils.trainer -   F_score: 0.47495
06/30/2026 16:28:58 - INFO - utils.trainer -   Specificity: 0.50986
06/30/2026 16:28:58 - INFO - utils.trainer -   Sensitivity: 0.46408
06/30/2026 16:28:58 - INFO - utils.trainer -   Loss: 0.69318
06/30/2026 16:28:58 - INFO - utils.trainer -   Epoch: 175, Train loss: 0.69315, Test loss: 0.69318,Epoch time = 3.715s
06/30/2026 16:29:00 - INFO - utils.trainer -   ***** Running evaluation on test0 dataset *****
06/30/2026 16:29:01 - INFO - utils.trainer -   AUC: 0.51320
06/30/2026 16:29:01 - INFO - utils.trainer -   Accuracy: 0.50669
06/30/2026 16:29:01 - INFO - utils.trainer -   Precision: 0.50676
06/30/2026 16:29:01 - INFO - utils.trainer -   Recall: 0.50141
06/30/2026 16:29:01 - INFO - utils.trainer -   F_score: 0.50407
06/30/2026 16:29:01 - INFO - utils.trainer -   Specificity: 0.51197
06/30/2026 16:29:01 - INFO - utils.trainer -   Sensitivity: 0.50141
06/30/2026 16:29:01 - INFO - utils.trainer -   Loss: 0.69310
06/30/2026 16:29:01 - INFO - utils.trainer -   Epoch: 176, Train loss: 0.69311, Test loss: 0.69310,Epoch time = 2.792s
06/30/2026 16:29:05 - INFO - utils.trainer -   ***** Running evaluation on test0 dataset *****
06/30/2026 16:29:05 - INFO - utils.trainer -   AUC: 0.50926
06/30/2026 16:29:05 - INFO - utils.trainer -   Accuracy: 0.51866
06/30/2026 16:29:05 - INFO - utils.trainer -   Precision: 0.51976
06/30/2026 16:29:05 - INFO - utils.trainer -   Recall: 0.49085
06/30/2026 16:29:05 - INFO - utils.trainer -   F_score: 0.50489
06/30/2026 16:29:05 - INFO - utils.trainer -   Specificity: 0.54648
06/30/2026 16:29:05 - INFO - utils.trainer -   Sensitivity: 0.49085
06/30/2026 16:29:05 - INFO - utils.trainer -   Loss: 0.69309
06/30/2026 16:29:05 - INFO - utils.trainer -   Epoch: 177, Train loss: 0.69315, Test loss: 0.69309,Epoch time = 3.336s
06/30/2026 16:29:08 - INFO - utils.trainer -   ***** Running evaluation on test0 dataset *****
06/30/2026 16:29:09 - INFO - utils.trainer -   AUC: 0.50742
06/30/2026 16:29:09 - INFO - utils.trainer -   Accuracy: 0.50176
06/30/2026 16:29:09 - INFO - utils.trainer -   Precision: 0.50181
06/30/2026 16:29:09 - INFO - utils.trainer -   Recall: 0.48732
06/30/2026 16:29:09 - INFO - utils.trainer -   F_score: 0.49446
06/30/2026 16:29:09 - INFO - utils.trainer -   Specificity: 0.51620
06/30/2026 16:29:09 - INFO - utils.trainer -   Sensitivity: 0.48732
06/30/2026 16:29:09 - INFO - utils.trainer -   Loss: 0.69312
06/30/2026 16:29:09 - INFO - utils.trainer -   Epoch: 178, Train loss: 0.69309, Test loss: 0.69312,Epoch time = 2.477s
06/30/2026 16:29:12 - INFO - utils.trainer -   ***** Running evaluation on test0 dataset *****
06/30/2026 16:29:12 - INFO - utils.trainer -   AUC: 0.50900
06/30/2026 16:29:12 - INFO - utils.trainer -   Accuracy: 0.51373
06/30/2026 16:29:12 - INFO - utils.trainer -   Precision: 0.51392
06/30/2026 16:29:12 - INFO - utils.trainer -   Recall: 0.50704
06/30/2026 16:29:12 - INFO - utils.trainer -   F_score: 0.51046
06/30/2026 16:29:12 - INFO - utils.trainer -   Specificity: 0.52042
06/30/2026 16:29:12 - INFO - utils.trainer -   Sensitivity: 0.50704
06/30/2026 16:29:12 - INFO - utils.trainer -   Loss: 0.69310
06/30/2026 16:29:12 - INFO - utils.trainer -   Epoch: 179, Train loss: 0.69315, Test loss: 0.69310,Epoch time = 2.930s
06/30/2026 16:29:15 - INFO - utils.trainer -   ***** Running evaluation on test0 dataset *****
06/30/2026 16:29:16 - INFO - utils.trainer -   AUC: 0.50634
06/30/2026 16:29:16 - INFO - utils.trainer -   Accuracy: 0.49930
06/30/2026 16:29:16 - INFO - utils.trainer -   Precision: 0.49927
06/30/2026 16:29:16 - INFO - utils.trainer -   Recall: 0.48028
06/30/2026 16:29:16 - INFO - utils.trainer -   F_score: 0.48959
06/30/2026 16:29:16 - INFO - utils.trainer -   Specificity: 0.51831
06/30/2026 16:29:16 - INFO - utils.trainer -   Sensitivity: 0.48028
06/30/2026 16:29:16 - INFO - utils.trainer -   Loss: 0.69314
06/30/2026 16:29:16 - INFO - utils.trainer -   Epoch: 180, Train loss: 0.69314, Test loss: 0.69314,Epoch time = 3.158s
06/30/2026 16:29:18 - INFO - utils.trainer -   ***** Running evaluation on test0 dataset *****
06/30/2026 16:29:19 - INFO - utils.trainer -   AUC: 0.49271
06/30/2026 16:29:19 - INFO - utils.trainer -   Accuracy: 0.48944
06/30/2026 16:29:19 - INFO - utils.trainer -   Precision: 0.48869
06/30/2026 16:29:19 - INFO - utils.trainer -   Recall: 0.45634
06/30/2026 16:29:19 - INFO - utils.trainer -   F_score: 0.47196
06/30/2026 16:29:19 - INFO - utils.trainer -   Specificity: 0.52254
06/30/2026 16:29:19 - INFO - utils.trainer -   Sensitivity: 0.45634
06/30/2026 16:29:19 - INFO - utils.trainer -   Loss: 0.69318
06/30/2026 16:29:19 - INFO - utils.trainer -   Epoch: 181, Train loss: 0.69329, Test loss: 0.69318,Epoch time = 1.977s
06/30/2026 16:29:22 - INFO - utils.trainer -   ***** Running evaluation on test0 dataset *****
06/30/2026 16:29:23 - INFO - utils.trainer -   AUC: 0.52812
06/30/2026 16:29:23 - INFO - utils.trainer -   Accuracy: 0.51408
06/30/2026 16:29:23 - INFO - utils.trainer -   Precision: 0.51508
06/30/2026 16:29:23 - INFO - utils.trainer -   Recall: 0.48099
06/30/2026 16:29:23 - INFO - utils.trainer -   F_score: 0.49745
06/30/2026 16:29:23 - INFO - utils.trainer -   Specificity: 0.54718
06/30/2026 16:29:23 - INFO - utils.trainer -   Sensitivity: 0.48099
06/30/2026 16:29:23 - INFO - utils.trainer -   Loss: 0.69305
06/30/2026 16:29:23 - INFO - utils.trainer -   Epoch: 182, Train loss: 0.69314, Test loss: 0.69305,Epoch time = 3.220s
06/30/2026 16:29:26 - INFO - utils.trainer -   ***** Running evaluation on test0 dataset *****
06/30/2026 16:29:27 - INFO - utils.trainer -   AUC: 0.51033
06/30/2026 16:29:27 - INFO - utils.trainer -   Accuracy: 0.50915
06/30/2026 16:29:27 - INFO - utils.trainer -   Precision: 0.50921
06/30/2026 16:29:27 - INFO - utils.trainer -   Recall: 0.50634
06/30/2026 16:29:27 - INFO - utils.trainer -   F_score: 0.50777
06/30/2026 16:29:27 - INFO - utils.trainer -   Specificity: 0.51197
06/30/2026 16:29:27 - INFO - utils.trainer -   Sensitivity: 0.50634
06/30/2026 16:29:27 - INFO - utils.trainer -   Loss: 0.69310
06/30/2026 16:29:27 - INFO - utils.trainer -   Epoch: 183, Train loss: 0.69313, Test loss: 0.69310,Epoch time = 2.952s
06/30/2026 16:29:31 - INFO - utils.trainer -   ***** Running evaluation on test0 dataset *****
06/30/2026 16:29:32 - INFO - utils.trainer -   AUC: 0.49996
06/30/2026 16:29:32 - INFO - utils.trainer -   Accuracy: 0.49930
06/30/2026 16:29:32 - INFO - utils.trainer -   Precision: 0.49928
06/30/2026 16:29:32 - INFO - utils.trainer -   Recall: 0.48732
06/30/2026 16:29:32 - INFO - utils.trainer -   F_score: 0.49323
06/30/2026 16:29:32 - INFO - utils.trainer -   Specificity: 0.51127
06/30/2026 16:29:32 - INFO - utils.trainer -   Sensitivity: 0.48732
06/30/2026 16:29:32 - INFO - utils.trainer -   Loss: 0.69315
06/30/2026 16:29:32 - INFO - utils.trainer -   Epoch: 184, Train loss: 0.69318, Test loss: 0.69315,Epoch time = 4.138s
06/30/2026 16:29:35 - INFO - utils.trainer -   ***** Running evaluation on test0 dataset *****
06/30/2026 16:29:35 - INFO - utils.trainer -   AUC: 0.49521
06/30/2026 16:29:35 - INFO - utils.trainer -   Accuracy: 0.49261
06/30/2026 16:29:35 - INFO - utils.trainer -   Precision: 0.49219
06/30/2026 16:29:35 - INFO - utils.trainer -   Recall: 0.46620
06/30/2026 16:29:35 - INFO - utils.trainer -   F_score: 0.47884
06/30/2026 16:29:35 - INFO - utils.trainer -   Specificity: 0.51901
06/30/2026 16:29:35 - INFO - utils.trainer -   Sensitivity: 0.46620
06/30/2026 16:29:35 - INFO - utils.trainer -   Loss: 0.69317
06/30/2026 16:29:35 - INFO - utils.trainer -   Epoch: 185, Train loss: 0.69317, Test loss: 0.69317,Epoch time = 3.055s
06/30/2026 16:29:38 - INFO - utils.trainer -   ***** Running evaluation on test0 dataset *****
06/30/2026 16:29:39 - INFO - utils.trainer -   AUC: 0.51229
06/30/2026 16:29:39 - INFO - utils.trainer -   Accuracy: 0.50634
06/30/2026 16:29:39 - INFO - utils.trainer -   Precision: 0.50672
06/30/2026 16:29:39 - INFO - utils.trainer -   Recall: 0.47817
06/30/2026 16:29:39 - INFO - utils.trainer -   F_score: 0.49203
06/30/2026 16:29:39 - INFO - utils.trainer -   Specificity: 0.53451
06/30/2026 16:29:39 - INFO - utils.trainer -   Sensitivity: 0.47817
06/30/2026 16:29:39 - INFO - utils.trainer -   Loss: 0.69310
06/30/2026 16:29:39 - INFO - utils.trainer -   Epoch: 186, Train loss: 0.69304, Test loss: 0.69310,Epoch time = 2.650s
06/30/2026 16:29:42 - INFO - utils.trainer -   ***** Running evaluation on test0 dataset *****
06/30/2026 16:29:43 - INFO - utils.trainer -   AUC: 0.50720
06/30/2026 16:29:43 - INFO - utils.trainer -   Accuracy: 0.49472
06/30/2026 16:29:43 - INFO - utils.trainer -   Precision: 0.49417
06/30/2026 16:29:43 - INFO - utils.trainer -   Recall: 0.44789
06/30/2026 16:29:43 - INFO - utils.trainer -   F_score: 0.46989
06/30/2026 16:29:43 - INFO - utils.trainer -   Specificity: 0.54155
06/30/2026 16:29:43 - INFO - utils.trainer -   Sensitivity: 0.44789
06/30/2026 16:29:43 - INFO - utils.trainer -   Loss: 0.69313
06/30/2026 16:29:43 - INFO - utils.trainer -   Epoch: 187, Train loss: 0.69321, Test loss: 0.69313,Epoch time = 3.290s
06/30/2026 16:29:46 - INFO - utils.trainer -   ***** Running evaluation on test0 dataset *****
06/30/2026 16:29:47 - INFO - utils.trainer -   AUC: 0.50159
06/30/2026 16:29:47 - INFO - utils.trainer -   Accuracy: 0.50317
06/30/2026 16:29:47 - INFO - utils.trainer -   Precision: 0.50329
06/30/2026 16:29:47 - INFO - utils.trainer -   Recall: 0.48521
06/30/2026 16:29:47 - INFO - utils.trainer -   F_score: 0.49408
06/30/2026 16:29:47 - INFO - utils.trainer -   Specificity: 0.52113
06/30/2026 16:29:47 - INFO - utils.trainer -   Sensitivity: 0.48521
06/30/2026 16:29:47 - INFO - utils.trainer -   Loss: 0.69314
06/30/2026 16:29:47 - INFO - utils.trainer -   Epoch: 188, Train loss: 0.69317, Test loss: 0.69314,Epoch time = 3.512s
06/30/2026 16:29:51 - INFO - utils.trainer -   ***** Running evaluation on test0 dataset *****
06/30/2026 16:29:52 - INFO - utils.trainer -   AUC: 0.49748
06/30/2026 16:29:52 - INFO - utils.trainer -   Accuracy: 0.49894
06/30/2026 16:29:52 - INFO - utils.trainer -   Precision: 0.49890
06/30/2026 16:29:52 - INFO - utils.trainer -   Recall: 0.48099
06/30/2026 16:29:52 - INFO - utils.trainer -   F_score: 0.48978
06/30/2026 16:29:52 - INFO - utils.trainer -   Specificity: 0.51690
06/30/2026 16:29:52 - INFO - utils.trainer -   Sensitivity: 0.48099
06/30/2026 16:29:52 - INFO - utils.trainer -   Loss: 0.69316
06/30/2026 16:29:52 - INFO - utils.trainer -   Epoch: 189, Train loss: 0.69308, Test loss: 0.69316,Epoch time = 4.058s
06/30/2026 16:29:55 - INFO - utils.trainer -   ***** Running evaluation on test0 dataset *****
06/30/2026 16:29:55 - INFO - utils.trainer -   AUC: 0.50011
06/30/2026 16:29:55 - INFO - utils.trainer -   Accuracy: 0.50493
06/30/2026 16:29:55 - INFO - utils.trainer -   Precision: 0.50509
06/30/2026 16:29:55 - INFO - utils.trainer -   Recall: 0.48873
06/30/2026 16:29:55 - INFO - utils.trainer -   F_score: 0.49678
06/30/2026 16:29:55 - INFO - utils.trainer -   Specificity: 0.52113
06/30/2026 16:29:55 - INFO - utils.trainer -   Sensitivity: 0.48873
06/30/2026 16:29:55 - INFO - utils.trainer -   Loss: 0.69314
06/30/2026 16:29:55 - INFO - utils.trainer -   Epoch: 190, Train loss: 0.69322, Test loss: 0.69314,Epoch time = 2.567s
06/30/2026 16:29:59 - INFO - utils.trainer -   ***** Running evaluation on test0 dataset *****
06/30/2026 16:29:59 - INFO - utils.trainer -   AUC: 0.50049
06/30/2026 16:29:59 - INFO - utils.trainer -   Accuracy: 0.49577
06/30/2026 16:29:59 - INFO - utils.trainer -   Precision: 0.49561
06/30/2026 16:29:59 - INFO - utils.trainer -   Recall: 0.47676
06/30/2026 16:29:59 - INFO - utils.trainer -   F_score: 0.48600
06/30/2026 16:29:59 - INFO - utils.trainer -   Specificity: 0.51479
06/30/2026 16:29:59 - INFO - utils.trainer -   Sensitivity: 0.47676
06/30/2026 16:29:59 - INFO - utils.trainer -   Loss: 0.69316
06/30/2026 16:29:59 - INFO - utils.trainer -   Epoch: 191, Train loss: 0.69318, Test loss: 0.69316,Epoch time = 3.306s
06/30/2026 16:30:04 - INFO - utils.trainer -   ***** Running evaluation on test0 dataset *****
06/30/2026 16:30:04 - INFO - utils.trainer -   AUC: 0.51864
06/30/2026 16:30:04 - INFO - utils.trainer -   Accuracy: 0.51197
06/30/2026 16:30:04 - INFO - utils.trainer -   Precision: 0.51235
06/30/2026 16:30:04 - INFO - utils.trainer -   Recall: 0.49648
06/30/2026 16:30:04 - INFO - utils.trainer -   F_score: 0.50429
06/30/2026 16:30:04 - INFO - utils.trainer -   Specificity: 0.52746
06/30/2026 16:30:04 - INFO - utils.trainer -   Sensitivity: 0.49648
06/30/2026 16:30:04 - INFO - utils.trainer -   Loss: 0.69307
06/30/2026 16:30:04 - INFO - utils.trainer -   Epoch: 192, Train loss: 0.69311, Test loss: 0.69307,Epoch time = 4.274s
06/30/2026 16:30:08 - INFO - utils.trainer -   ***** Running evaluation on test0 dataset *****
06/30/2026 16:30:08 - INFO - utils.trainer -   AUC: 0.49537
06/30/2026 16:30:08 - INFO - utils.trainer -   Accuracy: 0.49542
06/30/2026 16:30:08 - INFO - utils.trainer -   Precision: 0.49527
06/30/2026 16:30:08 - INFO - utils.trainer -   Recall: 0.47887
06/30/2026 16:30:08 - INFO - utils.trainer -   F_score: 0.48693
06/30/2026 16:30:08 - INFO - utils.trainer -   Specificity: 0.51197
06/30/2026 16:30:08 - INFO - utils.trainer -   Sensitivity: 0.47887
06/30/2026 16:30:08 - INFO - utils.trainer -   Loss: 0.69317
06/30/2026 16:30:08 - INFO - utils.trainer -   Epoch: 193, Train loss: 0.69314, Test loss: 0.69317,Epoch time = 3.617s
06/30/2026 16:30:12 - INFO - utils.trainer -   ***** Running evaluation on test0 dataset *****
06/30/2026 16:30:12 - INFO - utils.trainer -   AUC: 0.48961
06/30/2026 16:30:12 - INFO - utils.trainer -   Accuracy: 0.49683
06/30/2026 16:30:12 - INFO - utils.trainer -   Precision: 0.49680
06/30/2026 16:30:12 - INFO - utils.trainer -   Recall: 0.49225
06/30/2026 16:30:12 - INFO - utils.trainer -   F_score: 0.49452
06/30/2026 16:30:12 - INFO - utils.trainer -   Specificity: 0.50141
06/30/2026 16:30:12 - INFO - utils.trainer -   Sensitivity: 0.49225
06/30/2026 16:30:12 - INFO - utils.trainer -   Loss: 0.69319
06/30/2026 16:30:12 - INFO - utils.trainer -   Epoch: 194, Train loss: 0.69311, Test loss: 0.69319,Epoch time = 3.162s
06/30/2026 16:30:15 - INFO - utils.trainer -   ***** Running evaluation on test0 dataset *****
06/30/2026 16:30:16 - INFO - utils.trainer -   AUC: 0.49933
06/30/2026 16:30:16 - INFO - utils.trainer -   Accuracy: 0.49296
06/30/2026 16:30:16 - INFO - utils.trainer -   Precision: 0.49293
06/30/2026 16:30:16 - INFO - utils.trainer -   Recall: 0.49085
06/30/2026 16:30:16 - INFO - utils.trainer -   F_score: 0.49188
06/30/2026 16:30:16 - INFO - utils.trainer -   Specificity: 0.49507
06/30/2026 16:30:16 - INFO - utils.trainer -   Sensitivity: 0.49085
06/30/2026 16:30:16 - INFO - utils.trainer -   Loss: 0.69316
06/30/2026 16:30:16 - INFO - utils.trainer -   Epoch: 195, Train loss: 0.69308, Test loss: 0.69316,Epoch time = 2.848s
06/30/2026 16:30:19 - INFO - utils.trainer -   ***** Running evaluation on test0 dataset *****
06/30/2026 16:30:20 - INFO - utils.trainer -   AUC: 0.50902
06/30/2026 16:30:20 - INFO - utils.trainer -   Accuracy: 0.50458
06/30/2026 16:30:20 - INFO - utils.trainer -   Precision: 0.50477
06/30/2026 16:30:20 - INFO - utils.trainer -   Recall: 0.48451
06/30/2026 16:30:20 - INFO - utils.trainer -   F_score: 0.49443
06/30/2026 16:30:20 - INFO - utils.trainer -   Specificity: 0.52465
06/30/2026 16:30:20 - INFO - utils.trainer -   Sensitivity: 0.48451
06/30/2026 16:30:20 - INFO - utils.trainer -   Loss: 0.69311
06/30/2026 16:30:20 - INFO - utils.trainer -   Epoch: 196, Train loss: 0.69324, Test loss: 0.69311,Epoch time = 3.384s
06/30/2026 16:30:24 - INFO - utils.trainer -   ***** Running evaluation on test0 dataset *****
06/30/2026 16:30:25 - INFO - utils.trainer -   AUC: 0.48662
06/30/2026 16:30:25 - INFO - utils.trainer -   Accuracy: 0.48803
06/30/2026 16:30:25 - INFO - utils.trainer -   Precision: 0.48737
06/30/2026 16:30:25 - INFO - utils.trainer -   Recall: 0.46197
06/30/2026 16:30:25 - INFO - utils.trainer -   F_score: 0.47433
06/30/2026 16:30:25 - INFO - utils.trainer -   Specificity: 0.51408
06/30/2026 16:30:25 - INFO - utils.trainer -   Sensitivity: 0.46197
06/30/2026 16:30:25 - INFO - utils.trainer -   Loss: 0.69321
06/30/2026 16:30:25 - INFO - utils.trainer -   Epoch: 197, Train loss: 0.69314, Test loss: 0.69321,Epoch time = 3.723s
06/30/2026 16:30:28 - INFO - utils.trainer -   ***** Running evaluation on test0 dataset *****
06/30/2026 16:30:29 - INFO - utils.trainer -   AUC: 0.50232
06/30/2026 16:30:29 - INFO - utils.trainer -   Accuracy: 0.50211
06/30/2026 16:30:29 - INFO - utils.trainer -   Precision: 0.50216
06/30/2026 16:30:29 - INFO - utils.trainer -   Recall: 0.49085
06/30/2026 16:30:29 - INFO - utils.trainer -   F_score: 0.49644
06/30/2026 16:30:29 - INFO - utils.trainer -   Specificity: 0.51338
06/30/2026 16:30:29 - INFO - utils.trainer -   Sensitivity: 0.49085
06/30/2026 16:30:29 - INFO - utils.trainer -   Loss: 0.69314
06/30/2026 16:30:29 - INFO - utils.trainer -   Epoch: 198, Train loss: 0.69314, Test loss: 0.69314,Epoch time = 3.290s
06/30/2026 16:30:32 - INFO - utils.trainer -   ***** Running evaluation on test0 dataset *****
06/30/2026 16:30:33 - INFO - utils.trainer -   AUC: 0.49316
06/30/2026 16:30:33 - INFO - utils.trainer -   Accuracy: 0.49859
06/30/2026 16:30:33 - INFO - utils.trainer -   Precision: 0.49851
06/30/2026 16:30:33 - INFO - utils.trainer -   Recall: 0.47254
06/30/2026 16:30:33 - INFO - utils.trainer -   F_score: 0.48518
06/30/2026 16:30:33 - INFO - utils.trainer -   Specificity: 0.52465
06/30/2026 16:30:33 - INFO - utils.trainer -   Sensitivity: 0.47254
06/30/2026 16:30:33 - INFO - utils.trainer -   Loss: 0.69318
06/30/2026 16:30:33 - INFO - utils.trainer -   Epoch: 199, Train loss: 0.69316, Test loss: 0.69318,Epoch time = 3.202s
06/30/2026 16:30:36 - INFO - utils.trainer -   ***** Running evaluation on test0 dataset *****
06/30/2026 16:30:37 - INFO - utils.trainer -   AUC: 0.48875
06/30/2026 16:30:37 - INFO - utils.trainer -   Accuracy: 0.48451
06/30/2026 16:30:37 - INFO - utils.trainer -   Precision: 0.48442
06/30/2026 16:30:37 - INFO - utils.trainer -   Recall: 0.48169
06/30/2026 16:30:37 - INFO - utils.trainer -   F_score: 0.48305
06/30/2026 16:30:37 - INFO - utils.trainer -   Specificity: 0.48732
06/30/2026 16:30:37 - INFO - utils.trainer -   Sensitivity: 0.48169
06/30/2026 16:30:37 - INFO - utils.trainer -   Loss: 0.69321
06/30/2026 16:30:37 - INFO - utils.trainer -   Epoch: 200, Train loss: 0.69317, Test loss: 0.69321,Epoch time = 2.374s
06/30/2026 16:30:37 - INFO - __main__ -   ########## Repeat:1 ##########
06/30/2026 16:30:37 - INFO - utils.trainer -   ***** Running training *****
06/30/2026 16:30:37 - INFO - utils.trainer -     Num examples = 230
06/30/2026 16:30:37 - INFO - utils.trainer -     Num Epochs = 200
06/30/2026 16:30:37 - INFO - utils.trainer -     Total train batch size = 16
06/30/2026 16:30:37 - INFO - utils.trainer -     warmup steps = 400
06/30/2026 16:30:37 - INFO - utils.trainer -     Total optimization steps = 46000
06/30/2026 16:30:37 - INFO - utils.trainer -     Save steps = 200
06/30/2026 16:30:37 - INFO - root -   Parameters [normal] length [50]
06/30/2026 16:30:40 - INFO - utils.trainer -   ***** Running evaluation on test1 dataset *****
06/30/2026 16:30:41 - INFO - utils.trainer -   AUC: 0.51222
06/30/2026 16:30:41 - INFO - utils.trainer -   Accuracy: 0.49965
06/30/2026 16:30:41 - INFO - utils.trainer -   Precision: 0.48485
06/30/2026 16:30:41 - INFO - utils.trainer -   Recall: 0.01127
06/30/2026 16:30:41 - INFO - utils.trainer -   F_score: 0.02202
06/30/2026 16:30:41 - INFO - utils.trainer -   Specificity: 0.98803
06/30/2026 16:30:41 - INFO - utils.trainer -   Sensitivity: 0.01127
06/30/2026 16:30:41 - INFO - utils.trainer -   Loss: 0.69351
06/30/2026 16:30:41 - INFO - utils.trainer -   Saving model checkpoint to output_dir/VIB
06/30/2026 16:30:41 - INFO - utils.trainer -   Epoch: 1, Train loss: 0.69470, Test loss: 0.69351,Epoch time = 3.066s
06/30/2026 16:30:43 - INFO - utils.trainer -   ***** Running evaluation on test1 dataset *****
06/30/2026 16:30:44 - INFO - utils.trainer -   AUC: 0.49067
06/30/2026 16:30:44 - INFO - utils.trainer -   Accuracy: 0.49683
06/30/2026 16:30:44 - INFO - utils.trainer -   Precision: 0.49049
06/30/2026 16:30:44 - INFO - utils.trainer -   Recall: 0.16338
06/30/2026 16:30:44 - INFO - utils.trainer -   F_score: 0.24511
06/30/2026 16:30:44 - INFO - utils.trainer -   Specificity: 0.83028
06/30/2026 16:30:44 - INFO - utils.trainer -   Sensitivity: 0.16338
06/30/2026 16:30:44 - INFO - utils.trainer -   Loss: 0.69344
06/30/2026 16:30:44 - INFO - utils.trainer -   Saving model checkpoint to output_dir/VIB
06/30/2026 16:30:44 - INFO - utils.trainer -   Epoch: 2, Train loss: 0.69377, Test loss: 0.69344,Epoch time = 2.609s
06/30/2026 16:30:48 - INFO - utils.trainer -   ***** Running evaluation on test1 dataset *****
06/30/2026 16:30:49 - INFO - utils.trainer -   AUC: 0.48934
06/30/2026 16:30:49 - INFO - utils.trainer -   Accuracy: 0.50528
06/30/2026 16:30:49 - INFO - utils.trainer -   Precision: 0.51323
06/30/2026 16:30:49 - INFO - utils.trainer -   Recall: 0.20493
06/30/2026 16:30:49 - INFO - utils.trainer -   F_score: 0.29290
06/30/2026 16:30:49 - INFO - utils.trainer -   Specificity: 0.80563
06/30/2026 16:30:49 - INFO - utils.trainer -   Sensitivity: 0.20493
06/30/2026 16:30:49 - INFO - utils.trainer -   Loss: 0.69350
06/30/2026 16:30:49 - INFO - utils.trainer -   Saving model checkpoint to output_dir/VIB
06/30/2026 16:30:49 - INFO - utils.trainer -   Epoch: 3, Train loss: 0.69324, Test loss: 0.69350,Epoch time = 3.670s
06/30/2026 16:30:51 - INFO - utils.trainer -   ***** Running evaluation on test1 dataset *****
06/30/2026 16:30:52 - INFO - utils.trainer -   AUC: 0.48049
06/30/2026 16:30:52 - INFO - utils.trainer -   Accuracy: 0.48028
06/30/2026 16:30:52 - INFO - utils.trainer -   Precision: 0.47313
06/30/2026 16:30:52 - INFO - utils.trainer -   Recall: 0.34718
06/30/2026 16:30:52 - INFO - utils.trainer -   F_score: 0.40049
06/30/2026 16:30:52 - INFO - utils.trainer -   Specificity: 0.61338
06/30/2026 16:30:52 - INFO - utils.trainer -   Sensitivity: 0.34718
06/30/2026 16:30:52 - INFO - utils.trainer -   Loss: 0.69353
06/30/2026 16:30:52 - INFO - utils.trainer -   Saving model checkpoint to output_dir/VIB
06/30/2026 16:30:52 - INFO - utils.trainer -   Epoch: 4, Train loss: 0.69338, Test loss: 0.69353,Epoch time = 2.779s
06/30/2026 16:30:55 - INFO - utils.trainer -   ***** Running evaluation on test1 dataset *****
06/30/2026 16:30:56 - INFO - utils.trainer -   AUC: 0.49913
06/30/2026 16:30:56 - INFO - utils.trainer -   Accuracy: 0.50141
06/30/2026 16:30:56 - INFO - utils.trainer -   Precision: 0.50143
06/30/2026 16:30:56 - INFO - utils.trainer -   Recall: 0.49225
06/30/2026 16:30:56 - INFO - utils.trainer -   F_score: 0.49680
06/30/2026 16:30:56 - INFO - utils.trainer -   Specificity: 0.51056
06/30/2026 16:30:56 - INFO - utils.trainer -   Sensitivity: 0.49225
06/30/2026 16:30:56 - INFO - utils.trainer -   Loss: 0.69317
06/30/2026 16:30:56 - INFO - utils.trainer -   Saving model checkpoint to output_dir/VIB
06/30/2026 16:30:56 - INFO - utils.trainer -   Epoch: 5, Train loss: 0.69348, Test loss: 0.69317,Epoch time = 3.192s
06/30/2026 16:30:58 - INFO - utils.trainer -   ***** Running evaluation on test1 dataset *****
06/30/2026 16:30:59 - INFO - utils.trainer -   AUC: 0.51302
06/30/2026 16:30:59 - INFO - utils.trainer -   Accuracy: 0.50775
06/30/2026 16:30:59 - INFO - utils.trainer -   Precision: 0.50631
06/30/2026 16:30:59 - INFO - utils.trainer -   Recall: 0.62183
06/30/2026 16:30:59 - INFO - utils.trainer -   F_score: 0.55815
06/30/2026 16:30:59 - INFO - utils.trainer -   Specificity: 0.39366
06/30/2026 16:30:59 - INFO - utils.trainer -   Sensitivity: 0.62183
06/30/2026 16:30:59 - INFO - utils.trainer -   Loss: 0.69299
06/30/2026 16:30:59 - INFO - utils.trainer -   Saving model checkpoint to output_dir/VIB
06/30/2026 16:30:59 - INFO - utils.trainer -   Epoch: 6, Train loss: 0.69311, Test loss: 0.69299,Epoch time = 2.261s
06/30/2026 16:31:02 - INFO - utils.trainer -   ***** Running evaluation on test1 dataset *****
06/30/2026 16:31:02 - INFO - utils.trainer -   AUC: 0.50906
06/30/2026 16:31:02 - INFO - utils.trainer -   Accuracy: 0.49577
06/30/2026 16:31:02 - INFO - utils.trainer -   Precision: 0.49448
06/30/2026 16:31:02 - INFO - utils.trainer -   Recall: 0.37817
06/30/2026 16:31:02 - INFO - utils.trainer -   F_score: 0.42857
06/30/2026 16:31:02 - INFO - utils.trainer -   Specificity: 0.61338
06/30/2026 16:31:02 - INFO - utils.trainer -   Sensitivity: 0.37817
06/30/2026 16:31:02 - INFO - utils.trainer -   Loss: 0.69299
06/30/2026 16:31:02 - INFO - utils.trainer -   Epoch: 7, Train loss: 0.69348, Test loss: 0.69299,Epoch time = 2.646s
06/30/2026 16:31:05 - INFO - utils.trainer -   ***** Running evaluation on test1 dataset *****
06/30/2026 16:31:06 - INFO - utils.trainer -   AUC: 0.48058
06/30/2026 16:31:06 - INFO - utils.trainer -   Accuracy: 0.48451
06/30/2026 16:31:06 - INFO - utils.trainer -   Precision: 0.48208
06/30/2026 16:31:06 - INFO - utils.trainer -   Recall: 0.41690
06/30/2026 16:31:06 - INFO - utils.trainer -   F_score: 0.44713
06/30/2026 16:31:06 - INFO - utils.trainer -   Specificity: 0.55211
06/30/2026 16:31:06 - INFO - utils.trainer -   Sensitivity: 0.41690
06/30/2026 16:31:06 - INFO - utils.trainer -   Loss: 0.69349
06/30/2026 16:31:06 - INFO - utils.trainer -   Epoch: 8, Train loss: 0.69309, Test loss: 0.69349,Epoch time = 2.599s
06/30/2026 16:31:10 - INFO - utils.trainer -   ***** Running evaluation on test1 dataset *****
06/30/2026 16:31:11 - INFO - utils.trainer -   AUC: 0.50052
06/30/2026 16:31:11 - INFO - utils.trainer -   Accuracy: 0.48908
06/30/2026 16:31:11 - INFO - utils.trainer -   Precision: 0.48696
06/30/2026 16:31:11 - INFO - utils.trainer -   Recall: 0.40775
06/30/2026 16:31:11 - INFO - utils.trainer -   F_score: 0.44385
06/30/2026 16:31:11 - INFO - utils.trainer -   Specificity: 0.57042
06/30/2026 16:31:11 - INFO - utils.trainer -   Sensitivity: 0.40775
06/30/2026 16:31:11 - INFO - utils.trainer -   Loss: 0.69320
06/30/2026 16:31:11 - INFO - utils.trainer -   Epoch: 9, Train loss: 0.69326, Test loss: 0.69320,Epoch time = 3.581s
06/30/2026 16:31:13 - INFO - utils.trainer -   ***** Running evaluation on test1 dataset *****
06/30/2026 16:31:14 - INFO - utils.trainer -   AUC: 0.48824
06/30/2026 16:31:14 - INFO - utils.trainer -   Accuracy: 0.48803
06/30/2026 16:31:14 - INFO - utils.trainer -   Precision: 0.49084
06/30/2026 16:31:14 - INFO - utils.trainer -   Recall: 0.64155
06/30/2026 16:31:14 - INFO - utils.trainer -   F_score: 0.55617
06/30/2026 16:31:14 - INFO - utils.trainer -   Specificity: 0.33451
06/30/2026 16:31:14 - INFO - utils.trainer -   Sensitivity: 0.64155
06/30/2026 16:31:14 - INFO - utils.trainer -   Loss: 0.69337
06/30/2026 16:31:14 - INFO - utils.trainer -   Epoch: 10, Train loss: 0.69331, Test loss: 0.69337,Epoch time = 2.635s
06/30/2026 16:31:16 - INFO - utils.trainer -   ***** Running evaluation on test1 dataset *****
06/30/2026 16:31:17 - INFO - utils.trainer -   AUC: 0.49133
06/30/2026 16:31:17 - INFO - utils.trainer -   Accuracy: 0.49049
06/30/2026 16:31:17 - INFO - utils.trainer -   Precision: 0.49155
06/30/2026 16:31:17 - INFO - utils.trainer -   Recall: 0.55282
06/30/2026 16:31:17 - INFO - utils.trainer -   F_score: 0.52038
06/30/2026 16:31:17 - INFO - utils.trainer -   Specificity: 0.42817
06/30/2026 16:31:17 - INFO - utils.trainer -   Sensitivity: 0.55282
06/30/2026 16:31:17 - INFO - utils.trainer -   Loss: 0.69327
06/30/2026 16:31:17 - INFO - utils.trainer -   Epoch: 11, Train loss: 0.69331, Test loss: 0.69327,Epoch time = 2.639s
06/30/2026 16:31:20 - INFO - utils.trainer -   ***** Running evaluation on test1 dataset *****
06/30/2026 16:31:21 - INFO - utils.trainer -   AUC: 0.48477
06/30/2026 16:31:21 - INFO - utils.trainer -   Accuracy: 0.48768
06/30/2026 16:31:21 - INFO - utils.trainer -   Precision: 0.48809
06/30/2026 16:31:21 - INFO - utils.trainer -   Recall: 0.50493
06/30/2026 16:31:21 - INFO - utils.trainer -   F_score: 0.49637
06/30/2026 16:31:21 - INFO - utils.trainer -   Specificity: 0.47042
06/30/2026 16:31:21 - INFO - utils.trainer -   Sensitivity: 0.50493
06/30/2026 16:31:21 - INFO - utils.trainer -   Loss: 0.69336
06/30/2026 16:31:21 - INFO - utils.trainer -   Epoch: 12, Train loss: 0.69343, Test loss: 0.69336,Epoch time = 2.672s
06/30/2026 16:31:23 - INFO - utils.trainer -   ***** Running evaluation on test1 dataset *****
06/30/2026 16:31:24 - INFO - utils.trainer -   AUC: 0.51858
06/30/2026 16:31:24 - INFO - utils.trainer -   Accuracy: 0.50211
06/30/2026 16:31:24 - INFO - utils.trainer -   Precision: 0.51685
06/30/2026 16:31:24 - INFO - utils.trainer -   Recall: 0.06479
06/30/2026 16:31:24 - INFO - utils.trainer -   F_score: 0.11514
06/30/2026 16:31:24 - INFO - utils.trainer -   Specificity: 0.93944
06/30/2026 16:31:24 - INFO - utils.trainer -   Sensitivity: 0.06479
06/30/2026 16:31:24 - INFO - utils.trainer -   Loss: 0.69301
06/30/2026 16:31:24 - INFO - utils.trainer -   Epoch: 13, Train loss: 0.69349, Test loss: 0.69301,Epoch time = 2.553s
06/30/2026 16:31:27 - INFO - utils.trainer -   ***** Running evaluation on test1 dataset *****
06/30/2026 16:31:28 - INFO - utils.trainer -   AUC: 0.49924
06/30/2026 16:31:28 - INFO - utils.trainer -   Accuracy: 0.50352
06/30/2026 16:31:28 - INFO - utils.trainer -   Precision: 0.51042
06/30/2026 16:31:28 - INFO - utils.trainer -   Recall: 0.17254
06/30/2026 16:31:28 - INFO - utils.trainer -   F_score: 0.25789
06/30/2026 16:31:28 - INFO - utils.trainer -   Specificity: 0.83451
06/30/2026 16:31:28 - INFO - utils.trainer -   Sensitivity: 0.17254
06/30/2026 16:31:28 - INFO - utils.trainer -   Loss: 0.69319
06/30/2026 16:31:28 - INFO - utils.trainer -   Epoch: 14, Train loss: 0.69347, Test loss: 0.69319,Epoch time = 2.834s
06/30/2026 16:31:31 - INFO - utils.trainer -   ***** Running evaluation on test1 dataset *****
06/30/2026 16:31:31 - INFO - utils.trainer -   AUC: 0.49736
06/30/2026 16:31:31 - INFO - utils.trainer -   Accuracy: 0.50035
06/30/2026 16:31:31 - INFO - utils.trainer -   Precision: 0.50061
06/30/2026 16:31:31 - INFO - utils.trainer -   Recall: 0.28732
06/30/2026 16:31:31 - INFO - utils.trainer -   F_score: 0.36510
06/30/2026 16:31:31 - INFO - utils.trainer -   Specificity: 0.71338
06/30/2026 16:31:31 - INFO - utils.trainer -   Sensitivity: 0.28732
06/30/2026 16:31:31 - INFO - utils.trainer -   Loss: 0.69318
06/30/2026 16:31:31 - INFO - utils.trainer -   Epoch: 15, Train loss: 0.69327, Test loss: 0.69318,Epoch time = 3.019s
06/30/2026 16:31:35 - INFO - utils.trainer -   ***** Running evaluation on test1 dataset *****
06/30/2026 16:31:36 - INFO - utils.trainer -   AUC: 0.47882
06/30/2026 16:31:36 - INFO - utils.trainer -   Accuracy: 0.49014
06/30/2026 16:31:36 - INFO - utils.trainer -   Precision: 0.46354
06/30/2026 16:31:36 - INFO - utils.trainer -   Recall: 0.12535
06/30/2026 16:31:36 - INFO - utils.trainer -   F_score: 0.19734
06/30/2026 16:31:36 - INFO - utils.trainer -   Specificity: 0.85493
06/30/2026 16:31:36 - INFO - utils.trainer -   Sensitivity: 0.12535
06/30/2026 16:31:36 - INFO - utils.trainer -   Loss: 0.69331
06/30/2026 16:31:36 - INFO - utils.trainer -   Epoch: 16, Train loss: 0.69331, Test loss: 0.69331,Epoch time = 3.575s
06/30/2026 16:31:38 - INFO - utils.trainer -   ***** Running evaluation on test1 dataset *****
06/30/2026 16:31:39 - INFO - utils.trainer -   AUC: 0.49974
06/30/2026 16:31:39 - INFO - utils.trainer -   Accuracy: 0.50458
06/30/2026 16:31:39 - INFO - utils.trainer -   Precision: 0.50419
06/30/2026 16:31:39 - INFO - utils.trainer -   Recall: 0.55070
06/30/2026 16:31:39 - INFO - utils.trainer -   F_score: 0.52642
06/30/2026 16:31:39 - INFO - utils.trainer -   Specificity: 0.45845
06/30/2026 16:31:39 - INFO - utils.trainer -   Sensitivity: 0.55070
06/30/2026 16:31:39 - INFO - utils.trainer -   Loss: 0.69317
06/30/2026 16:31:39 - INFO - utils.trainer -   Epoch: 17, Train loss: 0.69331, Test loss: 0.69317,Epoch time = 2.708s
06/30/2026 16:31:42 - INFO - utils.trainer -   ***** Running evaluation on test1 dataset *****
06/30/2026 16:31:43 - INFO - utils.trainer -   AUC: 0.49647
06/30/2026 16:31:43 - INFO - utils.trainer -   Accuracy: 0.49894
06/30/2026 16:31:43 - INFO - utils.trainer -   Precision: 0.49889
06/30/2026 16:31:43 - INFO - utils.trainer -   Recall: 0.47676
06/30/2026 16:31:43 - INFO - utils.trainer -   F_score: 0.48758
06/30/2026 16:31:43 - INFO - utils.trainer -   Specificity: 0.52113
06/30/2026 16:31:43 - INFO - utils.trainer -   Sensitivity: 0.47676
06/30/2026 16:31:43 - INFO - utils.trainer -   Loss: 0.69320
06/30/2026 16:31:43 - INFO - utils.trainer -   Epoch: 18, Train loss: 0.69319, Test loss: 0.69320,Epoch time = 2.538s
06/30/2026 16:31:45 - INFO - utils.trainer -   ***** Running evaluation on test1 dataset *****
06/30/2026 16:31:46 - INFO - utils.trainer -   AUC: 0.50519
06/30/2026 16:31:46 - INFO - utils.trainer -   Accuracy: 0.49894
06/30/2026 16:31:46 - INFO - utils.trainer -   Precision: 0.49882
06/30/2026 16:31:46 - INFO - utils.trainer -   Recall: 0.44507
06/30/2026 16:31:46 - INFO - utils.trainer -   F_score: 0.47041
06/30/2026 16:31:46 - INFO - utils.trainer -   Specificity: 0.55282
06/30/2026 16:31:46 - INFO - utils.trainer -   Sensitivity: 0.44507
06/30/2026 16:31:46 - INFO - utils.trainer -   Loss: 0.69309
06/30/2026 16:31:46 - INFO - utils.trainer -   Epoch: 19, Train loss: 0.69333, Test loss: 0.69309,Epoch time = 2.919s
06/30/2026 16:31:49 - INFO - utils.trainer -   ***** Running evaluation on test1 dataset *****
06/30/2026 16:31:50 - INFO - utils.trainer -   AUC: 0.48857
06/30/2026 16:31:50 - INFO - utils.trainer -   Accuracy: 0.50387
06/30/2026 16:31:50 - INFO - utils.trainer -   Precision: 0.51040
06/30/2026 16:31:50 - INFO - utils.trainer -   Recall: 0.19014
06/30/2026 16:31:50 - INFO - utils.trainer -   F_score: 0.27707
06/30/2026 16:31:50 - INFO - utils.trainer -   Specificity: 0.81761
06/30/2026 16:31:50 - INFO - utils.trainer -   Sensitivity: 0.19014
06/30/2026 16:31:50 - INFO - utils.trainer -   Loss: 0.69326
06/30/2026 16:31:50 - INFO - utils.trainer -   Epoch: 20, Train loss: 0.69326, Test loss: 0.69326,Epoch time = 2.972s
06/30/2026 16:31:53 - INFO - utils.trainer -   ***** Running evaluation on test1 dataset *****
06/30/2026 16:31:53 - INFO - utils.trainer -   AUC: 0.50807
06/30/2026 16:31:53 - INFO - utils.trainer -   Accuracy: 0.50352
06/30/2026 16:31:53 - INFO - utils.trainer -   Precision: 0.50822
06/30/2026 16:31:53 - INFO - utils.trainer -   Recall: 0.21761
06/30/2026 16:31:53 - INFO - utils.trainer -   F_score: 0.30473
06/30/2026 16:31:53 - INFO - utils.trainer -   Specificity: 0.78944
06/30/2026 16:31:53 - INFO - utils.trainer -   Sensitivity: 0.21761
06/30/2026 16:31:53 - INFO - utils.trainer -   Loss: 0.69309
06/30/2026 16:31:53 - INFO - utils.trainer -   Epoch: 21, Train loss: 0.69336, Test loss: 0.69309,Epoch time = 2.721s
06/30/2026 16:31:57 - INFO - utils.trainer -   ***** Running evaluation on test1 dataset *****
06/30/2026 16:31:58 - INFO - utils.trainer -   AUC: 0.48585
06/30/2026 16:31:58 - INFO - utils.trainer -   Accuracy: 0.49014
06/30/2026 16:31:58 - INFO - utils.trainer -   Precision: 0.48201
06/30/2026 16:31:58 - INFO - utils.trainer -   Recall: 0.26408
06/30/2026 16:31:58 - INFO - utils.trainer -   F_score: 0.34122
06/30/2026 16:31:58 - INFO - utils.trainer -   Specificity: 0.71620
06/30/2026 16:31:58 - INFO - utils.trainer -   Sensitivity: 0.26408
06/30/2026 16:31:58 - INFO - utils.trainer -   Loss: 0.69323
06/30/2026 16:31:58 - INFO - utils.trainer -   Epoch: 22, Train loss: 0.69340, Test loss: 0.69323,Epoch time = 3.594s
06/30/2026 16:32:02 - INFO - utils.trainer -   ***** Running evaluation on test1 dataset *****
06/30/2026 16:32:02 - INFO - utils.trainer -   AUC: 0.49379
06/30/2026 16:32:02 - INFO - utils.trainer -   Accuracy: 0.49437
06/30/2026 16:32:02 - INFO - utils.trainer -   Precision: 0.48684
06/30/2026 16:32:02 - INFO - utils.trainer -   Recall: 0.20845
06/30/2026 16:32:02 - INFO - utils.trainer -   F_score: 0.29191
06/30/2026 16:32:02 - INFO - utils.trainer -   Specificity: 0.78028
06/30/2026 16:32:02 - INFO - utils.trainer -   Sensitivity: 0.20845
06/30/2026 16:32:02 - INFO - utils.trainer -   Loss: 0.69320
06/30/2026 16:32:02 - INFO - utils.trainer -   Epoch: 23, Train loss: 0.69329, Test loss: 0.69320,Epoch time = 3.761s
06/30/2026 16:32:06 - INFO - utils.trainer -   ***** Running evaluation on test1 dataset *****
06/30/2026 16:32:07 - INFO - utils.trainer -   AUC: 0.50402
06/30/2026 16:32:07 - INFO - utils.trainer -   Accuracy: 0.49331
06/30/2026 16:32:07 - INFO - utils.trainer -   Precision: 0.43537
06/30/2026 16:32:07 - INFO - utils.trainer -   Recall: 0.04507
06/30/2026 16:32:07 - INFO - utils.trainer -   F_score: 0.08168
06/30/2026 16:32:07 - INFO - utils.trainer -   Specificity: 0.94155
06/30/2026 16:32:07 - INFO - utils.trainer -   Sensitivity: 0.04507
06/30/2026 16:32:07 - INFO - utils.trainer -   Loss: 0.69316
06/30/2026 16:32:07 - INFO - utils.trainer -   Epoch: 24, Train loss: 0.69327, Test loss: 0.69316,Epoch time = 3.582s
06/30/2026 16:32:10 - INFO - utils.trainer -   ***** Running evaluation on test1 dataset *****
06/30/2026 16:32:11 - INFO - utils.trainer -   AUC: 0.49369
06/30/2026 16:32:11 - INFO - utils.trainer -   Accuracy: 0.49296
06/30/2026 16:32:11 - INFO - utils.trainer -   Precision: 0.49293
06/30/2026 16:32:11 - INFO - utils.trainer -   Recall: 0.49085
06/30/2026 16:32:11 - INFO - utils.trainer -   F_score: 0.49188
06/30/2026 16:32:11 - INFO - utils.trainer -   Specificity: 0.49507
06/30/2026 16:32:11 - INFO - utils.trainer -   Sensitivity: 0.49085
06/30/2026 16:32:11 - INFO - utils.trainer -   Loss: 0.69321
06/30/2026 16:32:11 - INFO - utils.trainer -   Epoch: 25, Train loss: 0.69308, Test loss: 0.69321,Epoch time = 3.103s
06/30/2026 16:32:14 - INFO - utils.trainer -   ***** Running evaluation on test1 dataset *****
06/30/2026 16:32:15 - INFO - utils.trainer -   AUC: 0.50960
06/30/2026 16:32:15 - INFO - utils.trainer -   Accuracy: 0.51585
06/30/2026 16:32:15 - INFO - utils.trainer -   Precision: 0.51701
06/30/2026 16:32:15 - INFO - utils.trainer -   Recall: 0.48169
06/30/2026 16:32:15 - INFO - utils.trainer -   F_score: 0.49872
06/30/2026 16:32:15 - INFO - utils.trainer -   Specificity: 0.55000
06/30/2026 16:32:15 - INFO - utils.trainer -   Sensitivity: 0.48169
06/30/2026 16:32:15 - INFO - utils.trainer -   Loss: 0.69310
06/30/2026 16:32:15 - INFO - utils.trainer -   Epoch: 26, Train loss: 0.69326, Test loss: 0.69310,Epoch time = 3.288s
06/30/2026 16:32:18 - INFO - utils.trainer -   ***** Running evaluation on test1 dataset *****
06/30/2026 16:32:19 - INFO - utils.trainer -   AUC: 0.51787
06/30/2026 16:32:19 - INFO - utils.trainer -   Accuracy: 0.50493
06/30/2026 16:32:19 - INFO - utils.trainer -   Precision: 0.51057
06/30/2026 16:32:19 - INFO - utils.trainer -   Recall: 0.23803
06/30/2026 16:32:19 - INFO - utils.trainer -   F_score: 0.32469
06/30/2026 16:32:19 - INFO - utils.trainer -   Specificity: 0.77183
06/30/2026 16:32:19 - INFO - utils.trainer -   Sensitivity: 0.23803
06/30/2026 16:32:19 - INFO - utils.trainer -   Loss: 0.69304
06/30/2026 16:32:19 - INFO - utils.trainer -   Epoch: 27, Train loss: 0.69324, Test loss: 0.69304,Epoch time = 3.192s
06/30/2026 16:32:22 - INFO - utils.trainer -   ***** Running evaluation on test1 dataset *****
06/30/2026 16:32:23 - INFO - utils.trainer -   AUC: 0.50776
06/30/2026 16:32:23 - INFO - utils.trainer -   Accuracy: 0.50704
06/30/2026 16:32:23 - INFO - utils.trainer -   Precision: 0.50620
06/30/2026 16:32:23 - INFO - utils.trainer -   Recall: 0.57465
06/30/2026 16:32:23 - INFO - utils.trainer -   F_score: 0.53826
06/30/2026 16:32:23 - INFO - utils.trainer -   Specificity: 0.43944
06/30/2026 16:32:23 - INFO - utils.trainer -   Sensitivity: 0.57465
06/30/2026 16:32:23 - INFO - utils.trainer -   Loss: 0.69309
06/30/2026 16:32:23 - INFO - utils.trainer -   Epoch: 28, Train loss: 0.69307, Test loss: 0.69309,Epoch time = 3.435s
06/30/2026 16:32:26 - INFO - utils.trainer -   ***** Running evaluation on test1 dataset *****
06/30/2026 16:32:27 - INFO - utils.trainer -   AUC: 0.51257
06/30/2026 16:32:27 - INFO - utils.trainer -   Accuracy: 0.51092
06/30/2026 16:32:27 - INFO - utils.trainer -   Precision: 0.51181
06/30/2026 16:32:27 - INFO - utils.trainer -   Recall: 0.47324
06/30/2026 16:32:27 - INFO - utils.trainer -   F_score: 0.49177
06/30/2026 16:32:27 - INFO - utils.trainer -   Specificity: 0.54859
06/30/2026 16:32:27 - INFO - utils.trainer -   Sensitivity: 0.47324
06/30/2026 16:32:27 - INFO - utils.trainer -   Loss: 0.69302
06/30/2026 16:32:27 - INFO - utils.trainer -   Epoch: 29, Train loss: 0.69318, Test loss: 0.69302,Epoch time = 3.001s
06/30/2026 16:32:31 - INFO - utils.trainer -   ***** Running evaluation on test1 dataset *****
06/30/2026 16:32:31 - INFO - utils.trainer -   AUC: 0.50688
06/30/2026 16:32:31 - INFO - utils.trainer -   Accuracy: 0.51056
06/30/2026 16:32:31 - INFO - utils.trainer -   Precision: 0.50935
06/30/2026 16:32:31 - INFO - utils.trainer -   Recall: 0.57535
06/30/2026 16:32:31 - INFO - utils.trainer -   F_score: 0.54034
06/30/2026 16:32:31 - INFO - utils.trainer -   Specificity: 0.44577
06/30/2026 16:32:31 - INFO - utils.trainer -   Sensitivity: 0.57535
06/30/2026 16:32:31 - INFO - utils.trainer -   Loss: 0.69312
06/30/2026 16:32:31 - INFO - utils.trainer -   Epoch: 30, Train loss: 0.69322, Test loss: 0.69312,Epoch time = 3.784s
06/30/2026 16:32:35 - INFO - utils.trainer -   ***** Running evaluation on test1 dataset *****
06/30/2026 16:32:35 - INFO - utils.trainer -   AUC: 0.50749
06/30/2026 16:32:35 - INFO - utils.trainer -   Accuracy: 0.50915
06/30/2026 16:32:35 - INFO - utils.trainer -   Precision: 0.50700
06/30/2026 16:32:35 - INFO - utils.trainer -   Recall: 0.66338
06/30/2026 16:32:35 - INFO - utils.trainer -   F_score: 0.57474
06/30/2026 16:32:35 - INFO - utils.trainer -   Specificity: 0.35493
06/30/2026 16:32:35 - INFO - utils.trainer -   Sensitivity: 0.66338
06/30/2026 16:32:35 - INFO - utils.trainer -   Loss: 0.69310
06/30/2026 16:32:35 - INFO - utils.trainer -   Saving model checkpoint to output_dir/VIB
06/30/2026 16:32:35 - INFO - utils.trainer -   Epoch: 31, Train loss: 0.69322, Test loss: 0.69310,Epoch time = 3.187s
06/30/2026 16:32:39 - INFO - utils.trainer -   ***** Running evaluation on test1 dataset *****
06/30/2026 16:32:40 - INFO - utils.trainer -   AUC: 0.51408
06/30/2026 16:32:40 - INFO - utils.trainer -   Accuracy: 0.50423
06/30/2026 16:32:40 - INFO - utils.trainer -   Precision: 0.50347
06/30/2026 16:32:40 - INFO - utils.trainer -   Recall: 0.61338
06/30/2026 16:32:40 - INFO - utils.trainer -   F_score: 0.55302
06/30/2026 16:32:40 - INFO - utils.trainer -   Specificity: 0.39507
06/30/2026 16:32:40 - INFO - utils.trainer -   Sensitivity: 0.61338
06/30/2026 16:32:40 - INFO - utils.trainer -   Loss: 0.69301
06/30/2026 16:32:40 - INFO - utils.trainer -   Epoch: 32, Train loss: 0.69319, Test loss: 0.69301,Epoch time = 3.533s
06/30/2026 16:32:43 - INFO - utils.trainer -   ***** Running evaluation on test1 dataset *****
06/30/2026 16:32:44 - INFO - utils.trainer -   AUC: 0.52309
06/30/2026 16:32:44 - INFO - utils.trainer -   Accuracy: 0.52077
06/30/2026 16:32:44 - INFO - utils.trainer -   Precision: 0.52332
06/30/2026 16:32:44 - INFO - utils.trainer -   Recall: 0.46620
06/30/2026 16:32:44 - INFO - utils.trainer -   F_score: 0.49311
06/30/2026 16:32:44 - INFO - utils.trainer -   Specificity: 0.57535
06/30/2026 16:32:44 - INFO - utils.trainer -   Sensitivity: 0.46620
06/30/2026 16:32:44 - INFO - utils.trainer -   Loss: 0.69299
06/30/2026 16:32:44 - INFO - utils.trainer -   Epoch: 33, Train loss: 0.69324, Test loss: 0.69299,Epoch time = 3.329s
06/30/2026 16:32:48 - INFO - utils.trainer -   ***** Running evaluation on test1 dataset *****
06/30/2026 16:32:49 - INFO - utils.trainer -   AUC: 0.49454
06/30/2026 16:32:49 - INFO - utils.trainer -   Accuracy: 0.49120
06/30/2026 16:32:49 - INFO - utils.trainer -   Precision: 0.48806
06/30/2026 16:32:49 - INFO - utils.trainer -   Recall: 0.35986
06/30/2026 16:32:49 - INFO - utils.trainer -   F_score: 0.41427
06/30/2026 16:32:49 - INFO - utils.trainer -   Specificity: 0.62254
06/30/2026 16:32:49 - INFO - utils.trainer -   Sensitivity: 0.35986
06/30/2026 16:32:49 - INFO - utils.trainer -   Loss: 0.69319
06/30/2026 16:32:49 - INFO - utils.trainer -   Epoch: 34, Train loss: 0.69327, Test loss: 0.69319,Epoch time = 4.011s
06/30/2026 16:32:53 - INFO - utils.trainer -   ***** Running evaluation on test1 dataset *****
06/30/2026 16:32:53 - INFO - utils.trainer -   AUC: 0.49488
06/30/2026 16:32:53 - INFO - utils.trainer -   Accuracy: 0.50070
06/30/2026 16:32:53 - INFO - utils.trainer -   Precision: 0.50081
06/30/2026 16:32:53 - INFO - utils.trainer -   Recall: 0.43521
06/30/2026 16:32:53 - INFO - utils.trainer -   F_score: 0.46571
06/30/2026 16:32:53 - INFO - utils.trainer -   Specificity: 0.56620
06/30/2026 16:32:53 - INFO - utils.trainer -   Sensitivity: 0.43521
06/30/2026 16:32:53 - INFO - utils.trainer -   Loss: 0.69320
06/30/2026 16:32:53 - INFO - utils.trainer -   Epoch: 35, Train loss: 0.69318, Test loss: 0.69320,Epoch time = 3.935s
06/30/2026 16:32:56 - INFO - utils.trainer -   ***** Running evaluation on test1 dataset *****
06/30/2026 16:32:56 - INFO - utils.trainer -   AUC: 0.49401
06/30/2026 16:32:56 - INFO - utils.trainer -   Accuracy: 0.48732
06/30/2026 16:32:56 - INFO - utils.trainer -   Precision: 0.48858
06/30/2026 16:32:56 - INFO - utils.trainer -   Recall: 0.54225
06/30/2026 16:32:56 - INFO - utils.trainer -   F_score: 0.51402
06/30/2026 16:32:56 - INFO - utils.trainer -   Specificity: 0.43239
06/30/2026 16:32:56 - INFO - utils.trainer -   Sensitivity: 0.54225
06/30/2026 16:32:56 - INFO - utils.trainer -   Loss: 0.69318
06/30/2026 16:32:56 - INFO - utils.trainer -   Epoch: 36, Train loss: 0.69323, Test loss: 0.69318,Epoch time = 2.343s
06/30/2026 16:32:59 - INFO - utils.trainer -   ***** Running evaluation on test1 dataset *****
06/30/2026 16:33:00 - INFO - utils.trainer -   AUC: 0.52168
06/30/2026 16:33:00 - INFO - utils.trainer -   Accuracy: 0.52254
06/30/2026 16:33:00 - INFO - utils.trainer -   Precision: 0.52023
06/30/2026 16:33:00 - INFO - utils.trainer -   Recall: 0.57958
06/30/2026 16:33:00 - INFO - utils.trainer -   F_score: 0.54830
06/30/2026 16:33:00 - INFO - utils.trainer -   Specificity: 0.46549
06/30/2026 16:33:00 - INFO - utils.trainer -   Sensitivity: 0.57958
06/30/2026 16:33:00 - INFO - utils.trainer -   Loss: 0.69293
06/30/2026 16:33:00 - INFO - utils.trainer -   Epoch: 37, Train loss: 0.69313, Test loss: 0.69293,Epoch time = 2.612s
06/30/2026 16:33:02 - INFO - utils.trainer -   ***** Running evaluation on test1 dataset *****
06/30/2026 16:33:03 - INFO - utils.trainer -   AUC: 0.50948
06/30/2026 16:33:03 - INFO - utils.trainer -   Accuracy: 0.50775
06/30/2026 16:33:03 - INFO - utils.trainer -   Precision: 0.50722
06/30/2026 16:33:03 - INFO - utils.trainer -   Recall: 0.54437
06/30/2026 16:33:03 - INFO - utils.trainer -   F_score: 0.52514
06/30/2026 16:33:03 - INFO - utils.trainer -   Specificity: 0.47113
06/30/2026 16:33:03 - INFO - utils.trainer -   Sensitivity: 0.54437
06/30/2026 16:33:03 - INFO - utils.trainer -   Loss: 0.69307
06/30/2026 16:33:03 - INFO - utils.trainer -   Epoch: 38, Train loss: 0.69332, Test loss: 0.69307,Epoch time = 2.700s
06/30/2026 16:33:06 - INFO - utils.trainer -   ***** Running evaluation on test1 dataset *****
06/30/2026 16:33:07 - INFO - utils.trainer -   AUC: 0.48616
06/30/2026 16:33:07 - INFO - utils.trainer -   Accuracy: 0.49366
06/30/2026 16:33:07 - INFO - utils.trainer -   Precision: 0.49395
06/30/2026 16:33:07 - INFO - utils.trainer -   Recall: 0.51761
06/30/2026 16:33:07 - INFO - utils.trainer -   F_score: 0.50550
06/30/2026 16:33:07 - INFO - utils.trainer -   Specificity: 0.46972
06/30/2026 16:33:07 - INFO - utils.trainer -   Sensitivity: 0.51761
06/30/2026 16:33:07 - INFO - utils.trainer -   Loss: 0.69333
06/30/2026 16:33:07 - INFO - utils.trainer -   Epoch: 39, Train loss: 0.69321, Test loss: 0.69333,Epoch time = 3.133s
06/30/2026 16:33:10 - INFO - utils.trainer -   ***** Running evaluation on test1 dataset *****
06/30/2026 16:33:10 - INFO - utils.trainer -   AUC: 0.49461
06/30/2026 16:33:10 - INFO - utils.trainer -   Accuracy: 0.49437
06/30/2026 16:33:10 - INFO - utils.trainer -   Precision: 0.49287
06/30/2026 16:33:10 - INFO - utils.trainer -   Recall: 0.38944
06/30/2026 16:33:10 - INFO - utils.trainer -   F_score: 0.43509
06/30/2026 16:33:10 - INFO - utils.trainer -   Specificity: 0.59930
06/30/2026 16:33:10 - INFO - utils.trainer -   Sensitivity: 0.38944
06/30/2026 16:33:10 - INFO - utils.trainer -   Loss: 0.69320
06/30/2026 16:33:10 - INFO - utils.trainer -   Epoch: 40, Train loss: 0.69326, Test loss: 0.69320,Epoch time = 2.803s
06/30/2026 16:33:13 - INFO - utils.trainer -   ***** Running evaluation on test1 dataset *****
06/30/2026 16:33:14 - INFO - utils.trainer -   AUC: 0.50197
06/30/2026 16:33:14 - INFO - utils.trainer -   Accuracy: 0.49261
06/30/2026 16:33:14 - INFO - utils.trainer -   Precision: 0.47586
06/30/2026 16:33:14 - INFO - utils.trainer -   Recall: 0.14577
06/30/2026 16:33:14 - INFO - utils.trainer -   F_score: 0.22318
06/30/2026 16:33:14 - INFO - utils.trainer -   Specificity: 0.83944
06/30/2026 16:33:14 - INFO - utils.trainer -   Sensitivity: 0.14577
06/30/2026 16:33:14 - INFO - utils.trainer -   Loss: 0.69316
06/30/2026 16:33:14 - INFO - utils.trainer -   Epoch: 41, Train loss: 0.69322, Test loss: 0.69316,Epoch time = 2.993s
06/30/2026 16:33:16 - INFO - utils.trainer -   ***** Running evaluation on test1 dataset *****
06/30/2026 16:33:17 - INFO - utils.trainer -   AUC: 0.48552
06/30/2026 16:33:17 - INFO - utils.trainer -   Accuracy: 0.48310
06/30/2026 16:33:17 - INFO - utils.trainer -   Precision: 0.48479
06/30/2026 16:33:17 - INFO - utils.trainer -   Recall: 0.53873
06/30/2026 16:33:17 - INFO - utils.trainer -   F_score: 0.51034
06/30/2026 16:33:17 - INFO - utils.trainer -   Specificity: 0.42746
06/30/2026 16:33:17 - INFO - utils.trainer -   Sensitivity: 0.53873
06/30/2026 16:33:17 - INFO - utils.trainer -   Loss: 0.69333
06/30/2026 16:33:17 - INFO - utils.trainer -   Epoch: 42, Train loss: 0.69325, Test loss: 0.69333,Epoch time = 2.048s
06/30/2026 16:33:19 - INFO - utils.trainer -   ***** Running evaluation on test1 dataset *****
06/30/2026 16:33:20 - INFO - utils.trainer -   AUC: 0.50029
06/30/2026 16:33:20 - INFO - utils.trainer -   Accuracy: 0.50141
06/30/2026 16:33:20 - INFO - utils.trainer -   Precision: 0.50141
06/30/2026 16:33:20 - INFO - utils.trainer -   Recall: 0.50211
06/30/2026 16:33:20 - INFO - utils.trainer -   F_score: 0.50176
06/30/2026 16:33:20 - INFO - utils.trainer -   Specificity: 0.50070
06/30/2026 16:33:20 - INFO - utils.trainer -   Sensitivity: 0.50211
06/30/2026 16:33:20 - INFO - utils.trainer -   Loss: 0.69316
06/30/2026 16:33:20 - INFO - utils.trainer -   Epoch: 43, Train loss: 0.69326, Test loss: 0.69316,Epoch time = 2.223s
06/30/2026 16:33:23 - INFO - utils.trainer -   ***** Running evaluation on test1 dataset *****
06/30/2026 16:33:23 - INFO - utils.trainer -   AUC: 0.51657
06/30/2026 16:33:23 - INFO - utils.trainer -   Accuracy: 0.50986
06/30/2026 16:33:23 - INFO - utils.trainer -   Precision: 0.51031
06/30/2026 16:33:23 - INFO - utils.trainer -   Recall: 0.48803
06/30/2026 16:33:23 - INFO - utils.trainer -   F_score: 0.49892
06/30/2026 16:33:23 - INFO - utils.trainer -   Specificity: 0.53169
06/30/2026 16:33:23 - INFO - utils.trainer -   Sensitivity: 0.48803
06/30/2026 16:33:23 - INFO - utils.trainer -   Loss: 0.69305
06/30/2026 16:33:23 - INFO - utils.trainer -   Epoch: 44, Train loss: 0.69328, Test loss: 0.69305,Epoch time = 2.643s
06/30/2026 16:33:27 - INFO - utils.trainer -   ***** Running evaluation on test1 dataset *****
06/30/2026 16:33:28 - INFO - utils.trainer -   AUC: 0.51275
06/30/2026 16:33:28 - INFO - utils.trainer -   Accuracy: 0.50387
06/30/2026 16:33:28 - INFO - utils.trainer -   Precision: 0.50274
06/30/2026 16:33:28 - INFO - utils.trainer -   Recall: 0.71056
06/30/2026 16:33:28 - INFO - utils.trainer -   F_score: 0.58885
06/30/2026 16:33:28 - INFO - utils.trainer -   Specificity: 0.29718
06/30/2026 16:33:28 - INFO - utils.trainer -   Sensitivity: 0.71056
06/30/2026 16:33:28 - INFO - utils.trainer -   Loss: 0.69308
06/30/2026 16:33:28 - INFO - utils.trainer -   Saving model checkpoint to output_dir/VIB
06/30/2026 16:33:28 - INFO - utils.trainer -   Epoch: 45, Train loss: 0.69326, Test loss: 0.69308,Epoch time = 3.703s
06/30/2026 16:33:30 - INFO - utils.trainer -   ***** Running evaluation on test1 dataset *****
06/30/2026 16:33:31 - INFO - utils.trainer -   AUC: 0.49333
06/30/2026 16:33:31 - INFO - utils.trainer -   Accuracy: 0.48768
06/30/2026 16:33:31 - INFO - utils.trainer -   Precision: 0.49079
06/30/2026 16:33:31 - INFO - utils.trainer -   Recall: 0.65704
06/30/2026 16:33:31 - INFO - utils.trainer -   F_score: 0.56188
06/30/2026 16:33:31 - INFO - utils.trainer -   Specificity: 0.31831
06/30/2026 16:33:31 - INFO - utils.trainer -   Sensitivity: 0.65704
06/30/2026 16:33:31 - INFO - utils.trainer -   Loss: 0.69318
06/30/2026 16:33:31 - INFO - utils.trainer -   Epoch: 46, Train loss: 0.69309, Test loss: 0.69318,Epoch time = 2.595s
06/30/2026 16:33:34 - INFO - utils.trainer -   ***** Running evaluation on test1 dataset *****
06/30/2026 16:33:34 - INFO - utils.trainer -   AUC: 0.49935
06/30/2026 16:33:34 - INFO - utils.trainer -   Accuracy: 0.50423
06/30/2026 16:33:34 - INFO - utils.trainer -   Precision: 0.50303
06/30/2026 16:33:34 - INFO - utils.trainer -   Recall: 0.70070
06/30/2026 16:33:34 - INFO - utils.trainer -   F_score: 0.58564
06/30/2026 16:33:34 - INFO - utils.trainer -   Specificity: 0.30775
06/30/2026 16:33:34 - INFO - utils.trainer -   Sensitivity: 0.70070
06/30/2026 16:33:34 - INFO - utils.trainer -   Loss: 0.69319
06/30/2026 16:33:34 - INFO - utils.trainer -   Epoch: 47, Train loss: 0.69318, Test loss: 0.69319,Epoch time = 2.647s
06/30/2026 16:33:37 - INFO - utils.trainer -   ***** Running evaluation on test1 dataset *****
06/30/2026 16:33:38 - INFO - utils.trainer -   AUC: 0.48570
06/30/2026 16:33:38 - INFO - utils.trainer -   Accuracy: 0.49577
06/30/2026 16:33:38 - INFO - utils.trainer -   Precision: 0.49730
06/30/2026 16:33:38 - INFO - utils.trainer -   Recall: 0.77817
06/30/2026 16:33:38 - INFO - utils.trainer -   F_score: 0.60681
06/30/2026 16:33:38 - INFO - utils.trainer -   Specificity: 0.21338
06/30/2026 16:33:38 - INFO - utils.trainer -   Sensitivity: 0.77817
06/30/2026 16:33:38 - INFO - utils.trainer -   Loss: 0.69330
06/30/2026 16:33:38 - INFO - utils.trainer -   Saving model checkpoint to output_dir/VIB
06/30/2026 16:33:38 - INFO - utils.trainer -   Epoch: 48, Train loss: 0.69333, Test loss: 0.69330,Epoch time = 2.594s
06/30/2026 16:33:40 - INFO - utils.trainer -   ***** Running evaluation on test1 dataset *****
06/30/2026 16:33:41 - INFO - utils.trainer -   AUC: 0.49727
06/30/2026 16:33:41 - INFO - utils.trainer -   Accuracy: 0.50563
06/30/2026 16:33:41 - INFO - utils.trainer -   Precision: 0.50671
06/30/2026 16:33:41 - INFO - utils.trainer -   Recall: 0.42535
06/30/2026 16:33:41 - INFO - utils.trainer -   F_score: 0.46248
06/30/2026 16:33:41 - INFO - utils.trainer -   Specificity: 0.58592
06/30/2026 16:33:41 - INFO - utils.trainer -   Sensitivity: 0.42535
06/30/2026 16:33:41 - INFO - utils.trainer -   Loss: 0.69320
06/30/2026 16:33:41 - INFO - utils.trainer -   Epoch: 49, Train loss: 0.69333, Test loss: 0.69320,Epoch time = 2.612s
06/30/2026 16:33:44 - INFO - utils.trainer -   ***** Running evaluation on test1 dataset *****
06/30/2026 16:33:44 - INFO - utils.trainer -   AUC: 0.50489
06/30/2026 16:33:44 - INFO - utils.trainer -   Accuracy: 0.49683
06/30/2026 16:33:44 - INFO - utils.trainer -   Precision: 0.49811
06/30/2026 16:33:44 - INFO - utils.trainer -   Recall: 0.83662
06/30/2026 16:33:44 - INFO - utils.trainer -   F_score: 0.62444
06/30/2026 16:33:44 - INFO - utils.trainer -   Specificity: 0.15704
06/30/2026 16:33:44 - INFO - utils.trainer -   Sensitivity: 0.83662
06/30/2026 16:33:44 - INFO - utils.trainer -   Loss: 0.69315
06/30/2026 16:33:44 - INFO - utils.trainer -   Saving model checkpoint to output_dir/VIB
06/30/2026 16:33:44 - INFO - utils.trainer -   Epoch: 50, Train loss: 0.69322, Test loss: 0.69315,Epoch time = 2.600s
06/30/2026 16:33:47 - INFO - utils.trainer -   ***** Running evaluation on test1 dataset *****
06/30/2026 16:33:48 - INFO - utils.trainer -   AUC: 0.49792
06/30/2026 16:33:48 - INFO - utils.trainer -   Accuracy: 0.49542
06/30/2026 16:33:48 - INFO - utils.trainer -   Precision: 0.49464
06/30/2026 16:33:48 - INFO - utils.trainer -   Recall: 0.42254
06/30/2026 16:33:48 - INFO - utils.trainer -   F_score: 0.45575
06/30/2026 16:33:48 - INFO - utils.trainer -   Specificity: 0.56831
06/30/2026 16:33:48 - INFO - utils.trainer -   Sensitivity: 0.42254
06/30/2026 16:33:48 - INFO - utils.trainer -   Loss: 0.69317
06/30/2026 16:33:48 - INFO - utils.trainer -   Epoch: 51, Train loss: 0.69330, Test loss: 0.69317,Epoch time = 3.005s
06/30/2026 16:33:50 - INFO - utils.trainer -   ***** Running evaluation on test1 dataset *****
06/30/2026 16:33:51 - INFO - utils.trainer -   AUC: 0.50492
06/30/2026 16:33:51 - INFO - utils.trainer -   Accuracy: 0.51303
06/30/2026 16:33:51 - INFO - utils.trainer -   Precision: 0.51437
06/30/2026 16:33:51 - INFO - utils.trainer -   Recall: 0.46620
06/30/2026 16:33:51 - INFO - utils.trainer -   F_score: 0.48910
06/30/2026 16:33:51 - INFO - utils.trainer -   Specificity: 0.55986
06/30/2026 16:33:51 - INFO - utils.trainer -   Sensitivity: 0.46620
06/30/2026 16:33:51 - INFO - utils.trainer -   Loss: 0.69313
06/30/2026 16:33:51 - INFO - utils.trainer -   Epoch: 52, Train loss: 0.69323, Test loss: 0.69313,Epoch time = 2.010s
06/30/2026 16:33:55 - INFO - utils.trainer -   ***** Running evaluation on test1 dataset *****
06/30/2026 16:33:56 - INFO - utils.trainer -   AUC: 0.49794
06/30/2026 16:33:56 - INFO - utils.trainer -   Accuracy: 0.49049
06/30/2026 16:33:56 - INFO - utils.trainer -   Precision: 0.49277
06/30/2026 16:33:56 - INFO - utils.trainer -   Recall: 0.64789
06/30/2026 16:33:56 - INFO - utils.trainer -   F_score: 0.55978
06/30/2026 16:33:56 - INFO - utils.trainer -   Specificity: 0.33310
06/30/2026 16:33:56 - INFO - utils.trainer -   Sensitivity: 0.64789
06/30/2026 16:33:56 - INFO - utils.trainer -   Loss: 0.69321
06/30/2026 16:33:56 - INFO - utils.trainer -   Epoch: 53, Train loss: 0.69311, Test loss: 0.69321,Epoch time = 4.190s
06/30/2026 16:33:59 - INFO - utils.trainer -   ***** Running evaluation on test1 dataset *****
06/30/2026 16:34:00 - INFO - utils.trainer -   AUC: 0.48557
06/30/2026 16:34:00 - INFO - utils.trainer -   Accuracy: 0.49366
06/30/2026 16:34:00 - INFO - utils.trainer -   Precision: 0.49260
06/30/2026 16:34:00 - INFO - utils.trainer -   Recall: 0.42183
06/30/2026 16:34:00 - INFO - utils.trainer -   F_score: 0.45448
06/30/2026 16:34:00 - INFO - utils.trainer -   Specificity: 0.56549
06/30/2026 16:34:00 - INFO - utils.trainer -   Sensitivity: 0.42183
06/30/2026 16:34:00 - INFO - utils.trainer -   Loss: 0.69329
06/30/2026 16:34:00 - INFO - utils.trainer -   Epoch: 54, Train loss: 0.69315, Test loss: 0.69329,Epoch time = 3.185s
06/30/2026 16:34:02 - INFO - utils.trainer -   ***** Running evaluation on test1 dataset *****
06/30/2026 16:34:03 - INFO - utils.trainer -   AUC: 0.49466
06/30/2026 16:34:03 - INFO - utils.trainer -   Accuracy: 0.49894
06/30/2026 16:34:03 - INFO - utils.trainer -   Precision: 0.49810
06/30/2026 16:34:03 - INFO - utils.trainer -   Recall: 0.27676
06/30/2026 16:34:03 - INFO - utils.trainer -   F_score: 0.35582
06/30/2026 16:34:03 - INFO - utils.trainer -   Specificity: 0.72113
06/30/2026 16:34:03 - INFO - utils.trainer -   Sensitivity: 0.27676
06/30/2026 16:34:03 - INFO - utils.trainer -   Loss: 0.69321
06/30/2026 16:34:03 - INFO - utils.trainer -   Epoch: 55, Train loss: 0.69322, Test loss: 0.69321,Epoch time = 2.647s
06/30/2026 16:34:07 - INFO - utils.trainer -   ***** Running evaluation on test1 dataset *****
06/30/2026 16:34:07 - INFO - utils.trainer -   AUC: 0.51196
06/30/2026 16:34:07 - INFO - utils.trainer -   Accuracy: 0.51268
06/30/2026 16:34:07 - INFO - utils.trainer -   Precision: 0.51560
06/30/2026 16:34:07 - INFO - utils.trainer -   Recall: 0.41901
06/30/2026 16:34:07 - INFO - utils.trainer -   F_score: 0.46232
06/30/2026 16:34:07 - INFO - utils.trainer -   Specificity: 0.60634
06/30/2026 16:34:07 - INFO - utils.trainer -   Sensitivity: 0.41901
06/30/2026 16:34:07 - INFO - utils.trainer -   Loss: 0.69305
06/30/2026 16:34:07 - INFO - utils.trainer -   Epoch: 56, Train loss: 0.69325, Test loss: 0.69305,Epoch time = 3.799s
06/30/2026 16:34:11 - INFO - utils.trainer -   ***** Running evaluation on test1 dataset *****
06/30/2026 16:34:12 - INFO - utils.trainer -   AUC: 0.51288
06/30/2026 16:34:12 - INFO - utils.trainer -   Accuracy: 0.50669
06/30/2026 16:34:12 - INFO - utils.trainer -   Precision: 0.52043
06/30/2026 16:34:12 - INFO - utils.trainer -   Recall: 0.17042
06/30/2026 16:34:12 - INFO - utils.trainer -   F_score: 0.25676
06/30/2026 16:34:12 - INFO - utils.trainer -   Specificity: 0.84296
06/30/2026 16:34:12 - INFO - utils.trainer -   Sensitivity: 0.17042
06/30/2026 16:34:12 - INFO - utils.trainer -   Loss: 0.69308
06/30/2026 16:34:12 - INFO - utils.trainer -   Epoch: 57, Train loss: 0.69332, Test loss: 0.69308,Epoch time = 3.266s
06/30/2026 16:34:16 - INFO - utils.trainer -   ***** Running evaluation on test1 dataset *****
06/30/2026 16:34:16 - INFO - utils.trainer -   AUC: 0.50153
06/30/2026 16:34:16 - INFO - utils.trainer -   Accuracy: 0.49894
06/30/2026 16:34:16 - INFO - utils.trainer -   Precision: 0.49614
06/30/2026 16:34:16 - INFO - utils.trainer -   Recall: 0.13592
06/30/2026 16:34:16 - INFO - utils.trainer -   F_score: 0.21338
06/30/2026 16:34:16 - INFO - utils.trainer -   Specificity: 0.86197
06/30/2026 16:34:16 - INFO - utils.trainer -   Sensitivity: 0.13592
06/30/2026 16:34:16 - INFO - utils.trainer -   Loss: 0.69314
06/30/2026 16:34:16 - INFO - utils.trainer -   Epoch: 58, Train loss: 0.69327, Test loss: 0.69314,Epoch time = 4.023s
06/30/2026 16:34:18 - INFO - utils.trainer -   ***** Running evaluation on test1 dataset *****
06/30/2026 16:34:19 - INFO - utils.trainer -   AUC: 0.49092
06/30/2026 16:34:19 - INFO - utils.trainer -   Accuracy: 0.49789
06/30/2026 16:34:19 - INFO - utils.trainer -   Precision: 0.48636
06/30/2026 16:34:19 - INFO - utils.trainer -   Recall: 0.07535
06/30/2026 16:34:19 - INFO - utils.trainer -   F_score: 0.13049
06/30/2026 16:34:19 - INFO - utils.trainer -   Specificity: 0.92042
06/30/2026 16:34:19 - INFO - utils.trainer -   Sensitivity: 0.07535
06/30/2026 16:34:19 - INFO - utils.trainer -   Loss: 0.69319
06/30/2026 16:34:19 - INFO - utils.trainer -   Epoch: 59, Train loss: 0.69326, Test loss: 0.69319,Epoch time = 2.174s
06/30/2026 16:34:21 - INFO - utils.trainer -   ***** Running evaluation on test1 dataset *****
06/30/2026 16:34:22 - INFO - utils.trainer -   AUC: 0.50732
06/30/2026 16:34:22 - INFO - utils.trainer -   Accuracy: 0.49613
06/30/2026 16:34:22 - INFO - utils.trainer -   Precision: 0.49016
06/30/2026 16:34:22 - INFO - utils.trainer -   Recall: 0.19296
06/30/2026 16:34:22 - INFO - utils.trainer -   F_score: 0.27691
06/30/2026 16:34:22 - INFO - utils.trainer -   Specificity: 0.79930
06/30/2026 16:34:22 - INFO - utils.trainer -   Sensitivity: 0.19296
06/30/2026 16:34:22 - INFO - utils.trainer -   Loss: 0.69312
06/30/2026 16:34:22 - INFO - utils.trainer -   Epoch: 60, Train loss: 0.69325, Test loss: 0.69312,Epoch time = 1.723s
06/30/2026 16:34:25 - INFO - utils.trainer -   ***** Running evaluation on test1 dataset *****
06/30/2026 16:34:26 - INFO - utils.trainer -   AUC: 0.49696
06/30/2026 16:34:26 - INFO - utils.trainer -   Accuracy: 0.51092
06/30/2026 16:34:26 - INFO - utils.trainer -   Precision: 0.54545
06/30/2026 16:34:26 - INFO - utils.trainer -   Recall: 0.13099
06/30/2026 16:34:26 - INFO - utils.trainer -   F_score: 0.21124
06/30/2026 16:34:26 - INFO - utils.trainer -   Specificity: 0.89085
06/30/2026 16:34:26 - INFO - utils.trainer -   Sensitivity: 0.13099
06/30/2026 16:34:26 - INFO - utils.trainer -   Loss: 0.69315
06/30/2026 16:34:26 - INFO - utils.trainer -   Epoch: 61, Train loss: 0.69323, Test loss: 0.69315,Epoch time = 3.641s
06/30/2026 16:34:30 - INFO - utils.trainer -   ***** Running evaluation on test1 dataset *****
06/30/2026 16:34:30 - INFO - utils.trainer -   AUC: 0.50402
06/30/2026 16:34:30 - INFO - utils.trainer -   Accuracy: 0.50176
06/30/2026 16:34:30 - INFO - utils.trainer -   Precision: 0.55319
06/30/2026 16:34:30 - INFO - utils.trainer -   Recall: 0.01831
06/30/2026 16:34:30 - INFO - utils.trainer -   F_score: 0.03545
06/30/2026 16:34:30 - INFO - utils.trainer -   Specificity: 0.98521
06/30/2026 16:34:30 - INFO - utils.trainer -   Sensitivity: 0.01831
06/30/2026 16:34:30 - INFO - utils.trainer -   Loss: 0.69313
06/30/2026 16:34:30 - INFO - utils.trainer -   Epoch: 62, Train loss: 0.69325, Test loss: 0.69313,Epoch time = 3.488s
06/30/2026 16:34:34 - INFO - utils.trainer -   ***** Running evaluation on test1 dataset *****
06/30/2026 16:34:34 - INFO - utils.trainer -   AUC: 0.49717
06/30/2026 16:34:34 - INFO - utils.trainer -   Accuracy: 0.49894
06/30/2026 16:34:34 - INFO - utils.trainer -   Precision: 0.49663
06/30/2026 16:34:34 - INFO - utils.trainer -   Recall: 0.15563
06/30/2026 16:34:34 - INFO - utils.trainer -   F_score: 0.23700
06/30/2026 16:34:34 - INFO - utils.trainer -   Specificity: 0.84225
06/30/2026 16:34:34 - INFO - utils.trainer -   Sensitivity: 0.15563
06/30/2026 16:34:34 - INFO - utils.trainer -   Loss: 0.69316
06/30/2026 16:34:34 - INFO - utils.trainer -   Epoch: 63, Train loss: 0.69317, Test loss: 0.69316,Epoch time = 3.267s
06/30/2026 16:34:38 - INFO - utils.trainer -   ***** Running evaluation on test1 dataset *****
06/30/2026 16:34:39 - INFO - utils.trainer -   AUC: 0.51119
06/30/2026 16:34:39 - INFO - utils.trainer -   Accuracy: 0.51268
06/30/2026 16:34:39 - INFO - utils.trainer -   Precision: 0.51714
06/30/2026 16:34:39 - INFO - utils.trainer -   Recall: 0.38239
06/30/2026 16:34:39 - INFO - utils.trainer -   F_score: 0.43968
06/30/2026 16:34:39 - INFO - utils.trainer -   Specificity: 0.64296
06/30/2026 16:34:39 - INFO - utils.trainer -   Sensitivity: 0.38239
06/30/2026 16:34:39 - INFO - utils.trainer -   Loss: 0.69312
06/30/2026 16:34:39 - INFO - utils.trainer -   Epoch: 64, Train loss: 0.69313, Test loss: 0.69312,Epoch time = 3.931s
06/30/2026 16:34:42 - INFO - utils.trainer -   ***** Running evaluation on test1 dataset *****
06/30/2026 16:34:42 - INFO - utils.trainer -   AUC: 0.50188
06/30/2026 16:34:42 - INFO - utils.trainer -   Accuracy: 0.49683
06/30/2026 16:34:42 - INFO - utils.trainer -   Precision: 0.49177
06/30/2026 16:34:42 - INFO - utils.trainer -   Recall: 0.18944
06/30/2026 16:34:42 - INFO - utils.trainer -   F_score: 0.27351
06/30/2026 16:34:42 - INFO - utils.trainer -   Specificity: 0.80423
06/30/2026 16:34:42 - INFO - utils.trainer -   Sensitivity: 0.18944
06/30/2026 16:34:42 - INFO - utils.trainer -   Loss: 0.69314
06/30/2026 16:34:42 - INFO - utils.trainer -   Epoch: 65, Train loss: 0.69321, Test loss: 0.69314,Epoch time = 2.573s
06/30/2026 16:34:46 - INFO - utils.trainer -   ***** Running evaluation on test1 dataset *****
06/30/2026 16:34:47 - INFO - utils.trainer -   AUC: 0.48996
06/30/2026 16:34:47 - INFO - utils.trainer -   Accuracy: 0.49930
06/30/2026 16:34:47 - INFO - utils.trainer -   Precision: 0.49838
06/30/2026 16:34:47 - INFO - utils.trainer -   Recall: 0.21620
06/30/2026 16:34:47 - INFO - utils.trainer -   F_score: 0.30157
06/30/2026 16:34:47 - INFO - utils.trainer -   Specificity: 0.78239
06/30/2026 16:34:47 - INFO - utils.trainer -   Sensitivity: 0.21620
06/30/2026 16:34:47 - INFO - utils.trainer -   Loss: 0.69318
06/30/2026 16:34:47 - INFO - utils.trainer -   Epoch: 66, Train loss: 0.69320, Test loss: 0.69318,Epoch time = 3.879s
06/30/2026 16:34:50 - INFO - utils.trainer -   ***** Running evaluation on test1 dataset *****
06/30/2026 16:34:51 - INFO - utils.trainer -   AUC: 0.50017
06/30/2026 16:34:51 - INFO - utils.trainer -   Accuracy: 0.50070
06/30/2026 16:34:51 - INFO - utils.trainer -   Precision: 0.50108
06/30/2026 16:34:51 - INFO - utils.trainer -   Recall: 0.32746
06/30/2026 16:34:51 - INFO - utils.trainer -   F_score: 0.39608
06/30/2026 16:34:51 - INFO - utils.trainer -   Specificity: 0.67394
06/30/2026 16:34:51 - INFO - utils.trainer -   Sensitivity: 0.32746
06/30/2026 16:34:51 - INFO - utils.trainer -   Loss: 0.69315
06/30/2026 16:34:51 - INFO - utils.trainer -   Epoch: 67, Train loss: 0.69318, Test loss: 0.69315,Epoch time = 2.815s
06/30/2026 16:34:54 - INFO - utils.trainer -   ***** Running evaluation on test1 dataset *****
06/30/2026 16:34:55 - INFO - utils.trainer -   AUC: 0.48615
06/30/2026 16:34:55 - INFO - utils.trainer -   Accuracy: 0.48415
06/30/2026 16:34:55 - INFO - utils.trainer -   Precision: 0.47246
06/30/2026 16:34:55 - INFO - utils.trainer -   Recall: 0.27183
06/30/2026 16:34:55 - INFO - utils.trainer -   F_score: 0.34511
06/30/2026 16:34:55 - INFO - utils.trainer -   Specificity: 0.69648
06/30/2026 16:34:55 - INFO - utils.trainer -   Sensitivity: 0.27183
06/30/2026 16:34:55 - INFO - utils.trainer -   Loss: 0.69321
06/30/2026 16:34:55 - INFO - utils.trainer -   Epoch: 68, Train loss: 0.69318, Test loss: 0.69321,Epoch time = 3.385s
06/30/2026 16:34:58 - INFO - utils.trainer -   ***** Running evaluation on test1 dataset *****
06/30/2026 16:34:59 - INFO - utils.trainer -   AUC: 0.49643
06/30/2026 16:34:59 - INFO - utils.trainer -   Accuracy: 0.49789
06/30/2026 16:34:59 - INFO - utils.trainer -   Precision: 0.49811
06/30/2026 16:34:59 - INFO - utils.trainer -   Recall: 0.55775
06/30/2026 16:34:59 - INFO - utils.trainer -   F_score: 0.52625
06/30/2026 16:34:59 - INFO - utils.trainer -   Specificity: 0.43803
06/30/2026 16:34:59 - INFO - utils.trainer -   Sensitivity: 0.55775
06/30/2026 16:34:59 - INFO - utils.trainer -   Loss: 0.69316
06/30/2026 16:34:59 - INFO - utils.trainer -   Epoch: 69, Train loss: 0.69316, Test loss: 0.69316,Epoch time = 3.510s
06/30/2026 16:35:02 - INFO - utils.trainer -   ***** Running evaluation on test1 dataset *****
06/30/2026 16:35:02 - INFO - utils.trainer -   AUC: 0.49891
06/30/2026 16:35:02 - INFO - utils.trainer -   Accuracy: 0.50387
06/30/2026 16:35:02 - INFO - utils.trainer -   Precision: 0.50360
06/30/2026 16:35:02 - INFO - utils.trainer -   Recall: 0.54225
06/30/2026 16:35:02 - INFO - utils.trainer -   F_score: 0.52221
06/30/2026 16:35:02 - INFO - utils.trainer -   Specificity: 0.46549
06/30/2026 16:35:02 - INFO - utils.trainer -   Sensitivity: 0.54225
06/30/2026 16:35:02 - INFO - utils.trainer -   Loss: 0.69316
06/30/2026 16:35:02 - INFO - utils.trainer -   Epoch: 70, Train loss: 0.69327, Test loss: 0.69316,Epoch time = 2.610s
06/30/2026 16:35:06 - INFO - utils.trainer -   ***** Running evaluation on test1 dataset *****
06/30/2026 16:35:07 - INFO - utils.trainer -   AUC: 0.50115
06/30/2026 16:35:07 - INFO - utils.trainer -   Accuracy: 0.50493
06/30/2026 16:35:07 - INFO - utils.trainer -   Precision: 0.50476
06/30/2026 16:35:07 - INFO - utils.trainer -   Recall: 0.52254
06/30/2026 16:35:07 - INFO - utils.trainer -   F_score: 0.51349
06/30/2026 16:35:07 - INFO - utils.trainer -   Specificity: 0.48732
06/30/2026 16:35:07 - INFO - utils.trainer -   Sensitivity: 0.52254
06/30/2026 16:35:07 - INFO - utils.trainer -   Loss: 0.69315
06/30/2026 16:35:07 - INFO - utils.trainer -   Epoch: 71, Train loss: 0.69316, Test loss: 0.69315,Epoch time = 3.409s
06/30/2026 16:35:09 - INFO - utils.trainer -   ***** Running evaluation on test1 dataset *****
06/30/2026 16:35:10 - INFO - utils.trainer -   AUC: 0.50148
06/30/2026 16:35:10 - INFO - utils.trainer -   Accuracy: 0.49718
06/30/2026 16:35:10 - INFO - utils.trainer -   Precision: 0.49595
06/30/2026 16:35:10 - INFO - utils.trainer -   Recall: 0.34507
06/30/2026 16:35:10 - INFO - utils.trainer -   F_score: 0.40698
06/30/2026 16:35:10 - INFO - utils.trainer -   Specificity: 0.64930
06/30/2026 16:35:10 - INFO - utils.trainer -   Sensitivity: 0.34507
06/30/2026 16:35:10 - INFO - utils.trainer -   Loss: 0.69314
06/30/2026 16:35:10 - INFO - utils.trainer -   Epoch: 72, Train loss: 0.69320, Test loss: 0.69314,Epoch time = 2.656s
06/30/2026 16:35:13 - INFO - utils.trainer -   ***** Running evaluation on test1 dataset *****
06/30/2026 16:35:14 - INFO - utils.trainer -   AUC: 0.49824
06/30/2026 16:35:14 - INFO - utils.trainer -   Accuracy: 0.50106
06/30/2026 16:35:14 - INFO - utils.trainer -   Precision: 0.50313
06/30/2026 16:35:14 - INFO - utils.trainer -   Recall: 0.16972
06/30/2026 16:35:14 - INFO - utils.trainer -   F_score: 0.25382
06/30/2026 16:35:14 - INFO - utils.trainer -   Specificity: 0.83239
06/30/2026 16:35:14 - INFO - utils.trainer -   Sensitivity: 0.16972
06/30/2026 16:35:14 - INFO - utils.trainer -   Loss: 0.69316
06/30/2026 16:35:14 - INFO - utils.trainer -   Epoch: 73, Train loss: 0.69320, Test loss: 0.69316,Epoch time = 3.404s
06/30/2026 16:35:16 - INFO - utils.trainer -   ***** Running evaluation on test1 dataset *****
06/30/2026 16:35:17 - INFO - utils.trainer -   AUC: 0.50898
06/30/2026 16:35:17 - INFO - utils.trainer -   Accuracy: 0.51197
06/30/2026 16:35:17 - INFO - utils.trainer -   Precision: 0.53469
06/30/2026 16:35:17 - INFO - utils.trainer -   Recall: 0.18451
06/30/2026 16:35:17 - INFO - utils.trainer -   F_score: 0.27435
06/30/2026 16:35:17 - INFO - utils.trainer -   Specificity: 0.83944
06/30/2026 16:35:17 - INFO - utils.trainer -   Sensitivity: 0.18451
06/30/2026 16:35:17 - INFO - utils.trainer -   Loss: 0.69313
06/30/2026 16:35:17 - INFO - utils.trainer -   Epoch: 74, Train loss: 0.69322, Test loss: 0.69313,Epoch time = 2.228s
06/30/2026 16:35:20 - INFO - utils.trainer -   ***** Running evaluation on test1 dataset *****
06/30/2026 16:35:20 - INFO - utils.trainer -   AUC: 0.51528
06/30/2026 16:35:20 - INFO - utils.trainer -   Accuracy: 0.51549
06/30/2026 16:35:20 - INFO - utils.trainer -   Precision: 0.53630
06/30/2026 16:35:20 - INFO - utils.trainer -   Recall: 0.22887
06/30/2026 16:35:20 - INFO - utils.trainer -   F_score: 0.32083
06/30/2026 16:35:20 - INFO - utils.trainer -   Specificity: 0.80211
06/30/2026 16:35:20 - INFO - utils.trainer -   Sensitivity: 0.22887
06/30/2026 16:35:20 - INFO - utils.trainer -   Loss: 0.69310
06/30/2026 16:35:20 - INFO - utils.trainer -   Epoch: 75, Train loss: 0.69318, Test loss: 0.69310,Epoch time = 2.711s
06/30/2026 16:35:23 - INFO - utils.trainer -   ***** Running evaluation on test1 dataset *****
06/30/2026 16:35:24 - INFO - utils.trainer -   AUC: 0.51314
06/30/2026 16:35:24 - INFO - utils.trainer -   Accuracy: 0.50775
06/30/2026 16:35:24 - INFO - utils.trainer -   Precision: 0.53819
06/30/2026 16:35:24 - INFO - utils.trainer -   Recall: 0.10915
06/30/2026 16:35:24 - INFO - utils.trainer -   F_score: 0.18150
06/30/2026 16:35:24 - INFO - utils.trainer -   Specificity: 0.90634
06/30/2026 16:35:24 - INFO - utils.trainer -   Sensitivity: 0.10915
06/30/2026 16:35:24 - INFO - utils.trainer -   Loss: 0.69311
06/30/2026 16:35:24 - INFO - utils.trainer -   Epoch: 76, Train loss: 0.69320, Test loss: 0.69311,Epoch time = 2.783s
06/30/2026 16:35:28 - INFO - utils.trainer -   ***** Running evaluation on test1 dataset *****
06/30/2026 16:35:29 - INFO - utils.trainer -   AUC: 0.48230
06/30/2026 16:35:29 - INFO - utils.trainer -   Accuracy: 0.48627
06/30/2026 16:35:29 - INFO - utils.trainer -   Precision: 0.48346
06/30/2026 16:35:29 - INFO - utils.trainer -   Recall: 0.40141
06/30/2026 16:35:29 - INFO - utils.trainer -   F_score: 0.43863
06/30/2026 16:35:29 - INFO - utils.trainer -   Specificity: 0.57113
06/30/2026 16:35:29 - INFO - utils.trainer -   Sensitivity: 0.40141
06/30/2026 16:35:29 - INFO - utils.trainer -   Loss: 0.69320
06/30/2026 16:35:29 - INFO - utils.trainer -   Epoch: 77, Train loss: 0.69320, Test loss: 0.69320,Epoch time = 4.046s
06/30/2026 16:35:32 - INFO - utils.trainer -   ***** Running evaluation on test1 dataset *****
06/30/2026 16:35:33 - INFO - utils.trainer -   AUC: 0.49125
06/30/2026 16:35:33 - INFO - utils.trainer -   Accuracy: 0.49577
06/30/2026 16:35:33 - INFO - utils.trainer -   Precision: 0.48925
06/30/2026 16:35:33 - INFO - utils.trainer -   Recall: 0.19225
06/30/2026 16:35:33 - INFO - utils.trainer -   F_score: 0.27604
06/30/2026 16:35:33 - INFO - utils.trainer -   Specificity: 0.79930
06/30/2026 16:35:33 - INFO - utils.trainer -   Sensitivity: 0.19225
06/30/2026 16:35:33 - INFO - utils.trainer -   Loss: 0.69318
06/30/2026 16:35:33 - INFO - utils.trainer -   Epoch: 78, Train loss: 0.69321, Test loss: 0.69318,Epoch time = 3.129s
06/30/2026 16:35:35 - INFO - utils.trainer -   ***** Running evaluation on test1 dataset *****
06/30/2026 16:35:36 - INFO - utils.trainer -   AUC: 0.50379
06/30/2026 16:35:36 - INFO - utils.trainer -   Accuracy: 0.50176
06/30/2026 16:35:36 - INFO - utils.trainer -   Precision: 0.51534
06/30/2026 16:35:36 - INFO - utils.trainer -   Recall: 0.05915
06/30/2026 16:35:36 - INFO - utils.trainer -   F_score: 0.10613
06/30/2026 16:35:36 - INFO - utils.trainer -   Specificity: 0.94437
06/30/2026 16:35:36 - INFO - utils.trainer -   Sensitivity: 0.05915
06/30/2026 16:35:36 - INFO - utils.trainer -   Loss: 0.69313
06/30/2026 16:35:36 - INFO - utils.trainer -   Epoch: 79, Train loss: 0.69320, Test loss: 0.69313,Epoch time = 2.631s
06/30/2026 16:35:39 - INFO - utils.trainer -   ***** Running evaluation on test1 dataset *****
06/30/2026 16:35:40 - INFO - utils.trainer -   AUC: 0.49125
06/30/2026 16:35:40 - INFO - utils.trainer -   Accuracy: 0.49613
06/30/2026 16:35:40 - INFO - utils.trainer -   Precision: 0.49479
06/30/2026 16:35:40 - INFO - utils.trainer -   Recall: 0.36761
06/30/2026 16:35:40 - INFO - utils.trainer -   F_score: 0.42182
06/30/2026 16:35:40 - INFO - utils.trainer -   Specificity: 0.62465
06/30/2026 16:35:40 - INFO - utils.trainer -   Sensitivity: 0.36761
06/30/2026 16:35:40 - INFO - utils.trainer -   Loss: 0.69318
06/30/2026 16:35:40 - INFO - utils.trainer -   Epoch: 80, Train loss: 0.69313, Test loss: 0.69318,Epoch time = 2.663s
06/30/2026 16:35:42 - INFO - utils.trainer -   ***** Running evaluation on test1 dataset *****
06/30/2026 16:35:43 - INFO - utils.trainer -   AUC: 0.50277
06/30/2026 16:35:43 - INFO - utils.trainer -   Accuracy: 0.50176
06/30/2026 16:35:43 - INFO - utils.trainer -   Precision: 0.50151
06/30/2026 16:35:43 - INFO - utils.trainer -   Recall: 0.58592
06/30/2026 16:35:43 - INFO - utils.trainer -   F_score: 0.54044
06/30/2026 16:35:43 - INFO - utils.trainer -   Specificity: 0.41761
06/30/2026 16:35:43 - INFO - utils.trainer -   Sensitivity: 0.58592
06/30/2026 16:35:43 - INFO - utils.trainer -   Loss: 0.69314
06/30/2026 16:35:43 - INFO - utils.trainer -   Epoch: 81, Train loss: 0.69316, Test loss: 0.69314,Epoch time = 2.620s
06/30/2026 16:35:46 - INFO - utils.trainer -   ***** Running evaluation on test1 dataset *****
06/30/2026 16:35:47 - INFO - utils.trainer -   AUC: 0.50271
06/30/2026 16:35:47 - INFO - utils.trainer -   Accuracy: 0.50423
06/30/2026 16:35:47 - INFO - utils.trainer -   Precision: 0.50569
06/30/2026 16:35:47 - INFO - utils.trainer -   Recall: 0.37535
06/30/2026 16:35:47 - INFO - utils.trainer -   F_score: 0.43088
06/30/2026 16:35:47 - INFO - utils.trainer -   Specificity: 0.63310
06/30/2026 16:35:47 - INFO - utils.trainer -   Sensitivity: 0.37535
06/30/2026 16:35:47 - INFO - utils.trainer -   Loss: 0.69314
06/30/2026 16:35:47 - INFO - utils.trainer -   Epoch: 82, Train loss: 0.69323, Test loss: 0.69314,Epoch time = 2.558s
06/30/2026 16:35:49 - INFO - utils.trainer -   ***** Running evaluation on test1 dataset *****
06/30/2026 16:35:50 - INFO - utils.trainer -   AUC: 0.49474
06/30/2026 16:35:50 - INFO - utils.trainer -   Accuracy: 0.49366
06/30/2026 16:35:50 - INFO - utils.trainer -   Precision: 0.48263
06/30/2026 16:35:50 - INFO - utils.trainer -   Recall: 0.17606
06/30/2026 16:35:50 - INFO - utils.trainer -   F_score: 0.25800
06/30/2026 16:35:50 - INFO - utils.trainer -   Specificity: 0.81127
06/30/2026 16:35:50 - INFO - utils.trainer -   Sensitivity: 0.17606
06/30/2026 16:35:50 - INFO - utils.trainer -   Loss: 0.69317
06/30/2026 16:35:50 - INFO - utils.trainer -   Epoch: 83, Train loss: 0.69321, Test loss: 0.69317,Epoch time = 2.642s
06/30/2026 16:35:52 - INFO - utils.trainer -   ***** Running evaluation on test1 dataset *****
06/30/2026 16:35:53 - INFO - utils.trainer -   AUC: 0.49009
06/30/2026 16:35:53 - INFO - utils.trainer -   Accuracy: 0.48627
06/30/2026 16:35:53 - INFO - utils.trainer -   Precision: 0.48896
06/30/2026 16:35:53 - INFO - utils.trainer -   Recall: 0.60845
06/30/2026 16:35:53 - INFO - utils.trainer -   F_score: 0.54220
06/30/2026 16:35:53 - INFO - utils.trainer -   Specificity: 0.36408
06/30/2026 16:35:53 - INFO - utils.trainer -   Sensitivity: 0.60845
06/30/2026 16:35:53 - INFO - utils.trainer -   Loss: 0.69318
06/30/2026 16:35:53 - INFO - utils.trainer -   Epoch: 84, Train loss: 0.69317, Test loss: 0.69318,Epoch time = 2.657s
06/30/2026 16:35:57 - INFO - utils.trainer -   ***** Running evaluation on test1 dataset *****
06/30/2026 16:35:57 - INFO - utils.trainer -   AUC: 0.48585
06/30/2026 16:35:57 - INFO - utils.trainer -   Accuracy: 0.48627
06/30/2026 16:35:57 - INFO - utils.trainer -   Precision: 0.47659
06/30/2026 16:35:57 - INFO - utils.trainer -   Recall: 0.27958
06/30/2026 16:35:57 - INFO - utils.trainer -   F_score: 0.35242
06/30/2026 16:35:57 - INFO - utils.trainer -   Specificity: 0.69296
06/30/2026 16:35:57 - INFO - utils.trainer -   Sensitivity: 0.27958
06/30/2026 16:35:57 - INFO - utils.trainer -   Loss: 0.69320
06/30/2026 16:35:57 - INFO - utils.trainer -   Epoch: 85, Train loss: 0.69318, Test loss: 0.69320,Epoch time = 3.486s
06/30/2026 16:36:01 - INFO - utils.trainer -   ***** Running evaluation on test1 dataset *****
06/30/2026 16:36:02 - INFO - utils.trainer -   AUC: 0.52109
06/30/2026 16:36:02 - INFO - utils.trainer -   Accuracy: 0.52113
06/30/2026 16:36:02 - INFO - utils.trainer -   Precision: 0.52212
06/30/2026 16:36:02 - INFO - utils.trainer -   Recall: 0.49859
06/30/2026 16:36:02 - INFO - utils.trainer -   F_score: 0.51009
06/30/2026 16:36:02 - INFO - utils.trainer -   Specificity: 0.54366
06/30/2026 16:36:02 - INFO - utils.trainer -   Sensitivity: 0.49859
06/30/2026 16:36:02 - INFO - utils.trainer -   Loss: 0.69308
06/30/2026 16:36:02 - INFO - utils.trainer -   Epoch: 86, Train loss: 0.69318, Test loss: 0.69308,Epoch time = 3.505s
06/30/2026 16:36:05 - INFO - utils.trainer -   ***** Running evaluation on test1 dataset *****
06/30/2026 16:36:05 - INFO - utils.trainer -   AUC: 0.50770
06/30/2026 16:36:05 - INFO - utils.trainer -   Accuracy: 0.50775
06/30/2026 16:36:05 - INFO - utils.trainer -   Precision: 0.50728
06/30/2026 16:36:05 - INFO - utils.trainer -   Recall: 0.53944
06/30/2026 16:36:05 - INFO - utils.trainer -   F_score: 0.52287
06/30/2026 16:36:05 - INFO - utils.trainer -   Specificity: 0.47606
06/30/2026 16:36:05 - INFO - utils.trainer -   Sensitivity: 0.53944
06/30/2026 16:36:05 - INFO - utils.trainer -   Loss: 0.69312
06/30/2026 16:36:05 - INFO - utils.trainer -   Epoch: 87, Train loss: 0.69317, Test loss: 0.69312,Epoch time = 3.053s
06/30/2026 16:36:09 - INFO - utils.trainer -   ***** Running evaluation on test1 dataset *****
06/30/2026 16:36:10 - INFO - utils.trainer -   AUC: 0.50833
06/30/2026 16:36:10 - INFO - utils.trainer -   Accuracy: 0.49894
06/30/2026 16:36:10 - INFO - utils.trainer -   Precision: 0.49788
06/30/2026 16:36:10 - INFO - utils.trainer -   Recall: 0.24789
06/30/2026 16:36:10 - INFO - utils.trainer -   F_score: 0.33098
06/30/2026 16:36:10 - INFO - utils.trainer -   Specificity: 0.75000
06/30/2026 16:36:10 - INFO - utils.trainer -   Sensitivity: 0.24789
06/30/2026 16:36:10 - INFO - utils.trainer -   Loss: 0.69312
06/30/2026 16:36:10 - INFO - utils.trainer -   Epoch: 88, Train loss: 0.69324, Test loss: 0.69312,Epoch time = 3.837s
06/30/2026 16:36:14 - INFO - utils.trainer -   ***** Running evaluation on test1 dataset *****
06/30/2026 16:36:15 - INFO - utils.trainer -   AUC: 0.49797
06/30/2026 16:36:15 - INFO - utils.trainer -   Accuracy: 0.49613
06/30/2026 16:36:15 - INFO - utils.trainer -   Precision: 0.49667
06/30/2026 16:36:15 - INFO - utils.trainer -   Recall: 0.57746
06/30/2026 16:36:15 - INFO - utils.trainer -   F_score: 0.53403
06/30/2026 16:36:15 - INFO - utils.trainer -   Specificity: 0.41479
06/30/2026 16:36:15 - INFO - utils.trainer -   Sensitivity: 0.57746
06/30/2026 16:36:15 - INFO - utils.trainer -   Loss: 0.69316
06/30/2026 16:36:15 - INFO - utils.trainer -   Epoch: 89, Train loss: 0.69316, Test loss: 0.69316,Epoch time = 4.039s
06/30/2026 16:36:18 - INFO - utils.trainer -   ***** Running evaluation on test1 dataset *****
06/30/2026 16:36:19 - INFO - utils.trainer -   AUC: 0.50546
06/30/2026 16:36:19 - INFO - utils.trainer -   Accuracy: 0.50775
06/30/2026 16:36:19 - INFO - utils.trainer -   Precision: 0.51076
06/30/2026 16:36:19 - INFO - utils.trainer -   Recall: 0.36761
06/30/2026 16:36:19 - INFO - utils.trainer -   F_score: 0.42752
06/30/2026 16:36:19 - INFO - utils.trainer -   Specificity: 0.64789
06/30/2026 16:36:19 - INFO - utils.trainer -   Sensitivity: 0.36761
06/30/2026 16:36:19 - INFO - utils.trainer -   Loss: 0.69314
06/30/2026 16:36:19 - INFO - utils.trainer -   Epoch: 90, Train loss: 0.69319, Test loss: 0.69314,Epoch time = 3.314s
06/30/2026 16:36:22 - INFO - utils.trainer -   ***** Running evaluation on test1 dataset *****
06/30/2026 16:36:23 - INFO - utils.trainer -   AUC: 0.49649
06/30/2026 16:36:23 - INFO - utils.trainer -   Accuracy: 0.49577
06/30/2026 16:36:23 - INFO - utils.trainer -   Precision: 0.49634
06/30/2026 16:36:23 - INFO - utils.trainer -   Recall: 0.57324
06/30/2026 16:36:23 - INFO - utils.trainer -   F_score: 0.53203
06/30/2026 16:36:23 - INFO - utils.trainer -   Specificity: 0.41831
06/30/2026 16:36:23 - INFO - utils.trainer -   Sensitivity: 0.57324
06/30/2026 16:36:23 - INFO - utils.trainer -   Loss: 0.69316
06/30/2026 16:36:23 - INFO - utils.trainer -   Epoch: 91, Train loss: 0.69311, Test loss: 0.69316,Epoch time = 3.287s
06/30/2026 16:36:27 - INFO - utils.trainer -   ***** Running evaluation on test1 dataset *****
06/30/2026 16:36:27 - INFO - utils.trainer -   AUC: 0.50182
06/30/2026 16:36:27 - INFO - utils.trainer -   Accuracy: 0.50317
06/30/2026 16:36:27 - INFO - utils.trainer -   Precision: 0.50350
06/30/2026 16:36:27 - INFO - utils.trainer -   Recall: 0.45634
06/30/2026 16:36:27 - INFO - utils.trainer -   F_score: 0.47876
06/30/2026 16:36:27 - INFO - utils.trainer -   Specificity: 0.55000
06/30/2026 16:36:27 - INFO - utils.trainer -   Sensitivity: 0.45634
06/30/2026 16:36:27 - INFO - utils.trainer -   Loss: 0.69314
06/30/2026 16:36:27 - INFO - utils.trainer -   Epoch: 92, Train loss: 0.69319, Test loss: 0.69314,Epoch time = 3.531s
06/30/2026 16:36:30 - INFO - utils.trainer -   ***** Running evaluation on test1 dataset *****
06/30/2026 16:36:31 - INFO - utils.trainer -   AUC: 0.51454
06/30/2026 16:36:31 - INFO - utils.trainer -   Accuracy: 0.50458
06/30/2026 16:36:31 - INFO - utils.trainer -   Precision: 0.50826
06/30/2026 16:36:31 - INFO - utils.trainer -   Recall: 0.28169
06/30/2026 16:36:31 - INFO - utils.trainer -   F_score: 0.36248
06/30/2026 16:36:31 - INFO - utils.trainer -   Specificity: 0.72746
06/30/2026 16:36:31 - INFO - utils.trainer -   Sensitivity: 0.28169
06/30/2026 16:36:31 - INFO - utils.trainer -   Loss: 0.69312
06/30/2026 16:36:31 - INFO - utils.trainer -   Epoch: 93, Train loss: 0.69323, Test loss: 0.69312,Epoch time = 2.629s
06/30/2026 16:36:33 - INFO - utils.trainer -   ***** Running evaluation on test1 dataset *****
06/30/2026 16:36:34 - INFO - utils.trainer -   AUC: 0.49194
06/30/2026 16:36:34 - INFO - utils.trainer -   Accuracy: 0.49049
06/30/2026 16:36:34 - INFO - utils.trainer -   Precision: 0.49053
06/30/2026 16:36:34 - INFO - utils.trainer -   Recall: 0.49225
06/30/2026 16:36:34 - INFO - utils.trainer -   F_score: 0.49139
06/30/2026 16:36:34 - INFO - utils.trainer -   Specificity: 0.48873
06/30/2026 16:36:34 - INFO - utils.trainer -   Sensitivity: 0.49225
06/30/2026 16:36:34 - INFO - utils.trainer -   Loss: 0.69317
06/30/2026 16:36:34 - INFO - utils.trainer -   Epoch: 94, Train loss: 0.69317, Test loss: 0.69317,Epoch time = 2.024s
06/30/2026 16:36:37 - INFO - utils.trainer -   ***** Running evaluation on test1 dataset *****
06/30/2026 16:36:38 - INFO - utils.trainer -   AUC: 0.50700
06/30/2026 16:36:38 - INFO - utils.trainer -   Accuracy: 0.50423
06/30/2026 16:36:38 - INFO - utils.trainer -   Precision: 0.50511
06/30/2026 16:36:38 - INFO - utils.trainer -   Recall: 0.41761
06/30/2026 16:36:38 - INFO - utils.trainer -   F_score: 0.45721
06/30/2026 16:36:38 - INFO - utils.trainer -   Specificity: 0.59085
06/30/2026 16:36:38 - INFO - utils.trainer -   Sensitivity: 0.41761
06/30/2026 16:36:38 - INFO - utils.trainer -   Loss: 0.69313
06/30/2026 16:36:38 - INFO - utils.trainer -   Epoch: 95, Train loss: 0.69318, Test loss: 0.69313,Epoch time = 3.328s
06/30/2026 16:36:41 - INFO - utils.trainer -   ***** Running evaluation on test1 dataset *****
06/30/2026 16:36:41 - INFO - utils.trainer -   AUC: 0.48860
06/30/2026 16:36:41 - INFO - utils.trainer -   Accuracy: 0.50282
06/30/2026 16:36:41 - INFO - utils.trainer -   Precision: 0.51695
06/30/2026 16:36:41 - INFO - utils.trainer -   Recall: 0.08592
06/30/2026 16:36:41 - INFO - utils.trainer -   F_score: 0.14734
06/30/2026 16:36:41 - INFO - utils.trainer -   Specificity: 0.91972
06/30/2026 16:36:41 - INFO - utils.trainer -   Sensitivity: 0.08592
06/30/2026 16:36:41 - INFO - utils.trainer -   Loss: 0.69316
06/30/2026 16:36:41 - INFO - utils.trainer -   Epoch: 96, Train loss: 0.69320, Test loss: 0.69316,Epoch time = 2.970s
06/30/2026 16:36:43 - INFO - utils.trainer -   ***** Running evaluation on test1 dataset *****
06/30/2026 16:36:44 - INFO - utils.trainer -   AUC: 0.52165
06/30/2026 16:36:44 - INFO - utils.trainer -   Accuracy: 0.50951
06/30/2026 16:36:44 - INFO - utils.trainer -   Precision: 0.51315
06/30/2026 16:36:44 - INFO - utils.trainer -   Recall: 0.37113
06/30/2026 16:36:44 - INFO - utils.trainer -   F_score: 0.43073
06/30/2026 16:36:44 - INFO - utils.trainer -   Specificity: 0.64789
06/30/2026 16:36:44 - INFO - utils.trainer -   Sensitivity: 0.37113
06/30/2026 16:36:44 - INFO - utils.trainer -   Loss: 0.69311
06/30/2026 16:36:44 - INFO - utils.trainer -   Epoch: 97, Train loss: 0.69317, Test loss: 0.69311,Epoch time = 1.889s
06/30/2026 16:36:47 - INFO - utils.trainer -   ***** Running evaluation on test1 dataset *****
06/30/2026 16:36:47 - INFO - utils.trainer -   AUC: 0.49888
06/30/2026 16:36:47 - INFO - utils.trainer -   Accuracy: 0.50106
06/30/2026 16:36:47 - INFO - utils.trainer -   Precision: 0.50234
06/30/2026 16:36:47 - INFO - utils.trainer -   Recall: 0.22676
06/30/2026 16:36:47 - INFO - utils.trainer -   F_score: 0.31247
06/30/2026 16:36:47 - INFO - utils.trainer -   Specificity: 0.77535
06/30/2026 16:36:47 - INFO - utils.trainer -   Sensitivity: 0.22676
06/30/2026 16:36:47 - INFO - utils.trainer -   Loss: 0.69315
06/30/2026 16:36:47 - INFO - utils.trainer -   Epoch: 98, Train loss: 0.69318, Test loss: 0.69315,Epoch time = 2.615s
06/30/2026 16:36:50 - INFO - utils.trainer -   ***** Running evaluation on test1 dataset *****
06/30/2026 16:36:50 - INFO - utils.trainer -   AUC: 0.50043
06/30/2026 16:36:50 - INFO - utils.trainer -   Accuracy: 0.48944
06/30/2026 16:36:50 - INFO - utils.trainer -   Precision: 0.48737
06/30/2026 16:36:50 - INFO - utils.trainer -   Recall: 0.40775
06/30/2026 16:36:50 - INFO - utils.trainer -   F_score: 0.44402
06/30/2026 16:36:50 - INFO - utils.trainer -   Specificity: 0.57113
06/30/2026 16:36:50 - INFO - utils.trainer -   Sensitivity: 0.40775
06/30/2026 16:36:50 - INFO - utils.trainer -   Loss: 0.69314
06/30/2026 16:36:50 - INFO - utils.trainer -   Epoch: 99, Train loss: 0.69318, Test loss: 0.69314,Epoch time = 2.272s
06/30/2026 16:36:53 - INFO - utils.trainer -   ***** Running evaluation on test1 dataset *****
06/30/2026 16:36:54 - INFO - utils.trainer -   AUC: 0.50665
06/30/2026 16:36:54 - INFO - utils.trainer -   Accuracy: 0.50880
06/30/2026 16:36:54 - INFO - utils.trainer -   Precision: 0.52006
06/30/2026 16:36:54 - INFO - utils.trainer -   Recall: 0.22817
06/30/2026 16:36:54 - INFO - utils.trainer -   F_score: 0.31718
06/30/2026 16:36:54 - INFO - utils.trainer -   Specificity: 0.78944
06/30/2026 16:36:54 - INFO - utils.trainer -   Sensitivity: 0.22817
06/30/2026 16:36:54 - INFO - utils.trainer -   Loss: 0.69313
06/30/2026 16:36:54 - INFO - utils.trainer -   Epoch: 100, Train loss: 0.69319, Test loss: 0.69313,Epoch time = 3.191s
06/30/2026 16:36:57 - INFO - utils.trainer -   ***** Running evaluation on test1 dataset *****
06/30/2026 16:36:58 - INFO - utils.trainer -   AUC: 0.48838
06/30/2026 16:36:58 - INFO - utils.trainer -   Accuracy: 0.49542
06/30/2026 16:36:58 - INFO - utils.trainer -   Precision: 0.49270
06/30/2026 16:36:58 - INFO - utils.trainer -   Recall: 0.30915
06/30/2026 16:36:58 - INFO - utils.trainer -   F_score: 0.37992
06/30/2026 16:36:58 - INFO - utils.trainer -   Specificity: 0.68169
06/30/2026 16:36:58 - INFO - utils.trainer -   Sensitivity: 0.30915
06/30/2026 16:36:58 - INFO - utils.trainer -   Loss: 0.69318
06/30/2026 16:36:58 - INFO - utils.trainer -   Epoch: 101, Train loss: 0.69314, Test loss: 0.69318,Epoch time = 3.217s
06/30/2026 16:37:02 - INFO - utils.trainer -   ***** Running evaluation on test1 dataset *****
06/30/2026 16:37:03 - INFO - utils.trainer -   AUC: 0.48637
06/30/2026 16:37:03 - INFO - utils.trainer -   Accuracy: 0.48944
06/30/2026 16:37:03 - INFO - utils.trainer -   Precision: 0.49035
06/30/2026 16:37:03 - INFO - utils.trainer -   Recall: 0.53662
06/30/2026 16:37:03 - INFO - utils.trainer -   F_score: 0.51244
06/30/2026 16:37:03 - INFO - utils.trainer -   Specificity: 0.44225
06/30/2026 16:37:03 - INFO - utils.trainer -   Sensitivity: 0.53662
06/30/2026 16:37:03 - INFO - utils.trainer -   Loss: 0.69318
06/30/2026 16:37:03 - INFO - utils.trainer -   Epoch: 102, Train loss: 0.69319, Test loss: 0.69318,Epoch time = 3.707s
06/30/2026 16:37:05 - INFO - utils.trainer -   ***** Running evaluation on test1 dataset *****
06/30/2026 16:37:06 - INFO - utils.trainer -   AUC: 0.50133
06/30/2026 16:37:06 - INFO - utils.trainer -   Accuracy: 0.50282
06/30/2026 16:37:06 - INFO - utils.trainer -   Precision: 0.50288
06/30/2026 16:37:06 - INFO - utils.trainer -   Recall: 0.49225
06/30/2026 16:37:06 - INFO - utils.trainer -   F_score: 0.49751
06/30/2026 16:37:06 - INFO - utils.trainer -   Specificity: 0.51338
06/30/2026 16:37:06 - INFO - utils.trainer -   Sensitivity: 0.49225
06/30/2026 16:37:06 - INFO - utils.trainer -   Loss: 0.69314
06/30/2026 16:37:06 - INFO - utils.trainer -   Epoch: 103, Train loss: 0.69315, Test loss: 0.69314,Epoch time = 2.672s
06/30/2026 16:37:08 - INFO - utils.trainer -   ***** Running evaluation on test1 dataset *****
06/30/2026 16:37:09 - INFO - utils.trainer -   AUC: 0.50120
06/30/2026 16:37:09 - INFO - utils.trainer -   Accuracy: 0.49859
06/30/2026 16:37:09 - INFO - utils.trainer -   Precision: 0.49793
06/30/2026 16:37:09 - INFO - utils.trainer -   Recall: 0.33944
06/30/2026 16:37:09 - INFO - utils.trainer -   F_score: 0.40369
06/30/2026 16:37:09 - INFO - utils.trainer -   Specificity: 0.65775
06/30/2026 16:37:09 - INFO - utils.trainer -   Sensitivity: 0.33944
06/30/2026 16:37:09 - INFO - utils.trainer -   Loss: 0.69314
06/30/2026 16:37:09 - INFO - utils.trainer -   Epoch: 104, Train loss: 0.69315, Test loss: 0.69314,Epoch time = 2.480s
06/30/2026 16:37:13 - INFO - utils.trainer -   ***** Running evaluation on test1 dataset *****
06/30/2026 16:37:13 - INFO - utils.trainer -   AUC: 0.51094
06/30/2026 16:37:13 - INFO - utils.trainer -   Accuracy: 0.50352
06/30/2026 16:37:13 - INFO - utils.trainer -   Precision: 0.50353
06/30/2026 16:37:13 - INFO - utils.trainer -   Recall: 0.50282
06/30/2026 16:37:13 - INFO - utils.trainer -   F_score: 0.50317
06/30/2026 16:37:13 - INFO - utils.trainer -   Specificity: 0.50423
06/30/2026 16:37:13 - INFO - utils.trainer -   Sensitivity: 0.50282
06/30/2026 16:37:13 - INFO - utils.trainer -   Loss: 0.69311
06/30/2026 16:37:13 - INFO - utils.trainer -   Epoch: 105, Train loss: 0.69313, Test loss: 0.69311,Epoch time = 3.386s
06/30/2026 16:37:16 - INFO - utils.trainer -   ***** Running evaluation on test1 dataset *****
06/30/2026 16:37:16 - INFO - utils.trainer -   AUC: 0.49031
06/30/2026 16:37:16 - INFO - utils.trainer -   Accuracy: 0.50176
06/30/2026 16:37:16 - INFO - utils.trainer -   Precision: 0.50211
06/30/2026 16:37:16 - INFO - utils.trainer -   Recall: 0.41901
06/30/2026 16:37:16 - INFO - utils.trainer -   F_score: 0.45681
06/30/2026 16:37:16 - INFO - utils.trainer -   Specificity: 0.58451
06/30/2026 16:37:16 - INFO - utils.trainer -   Sensitivity: 0.41901
06/30/2026 16:37:16 - INFO - utils.trainer -   Loss: 0.69318
06/30/2026 16:37:16 - INFO - utils.trainer -   Epoch: 106, Train loss: 0.69316, Test loss: 0.69318,Epoch time = 2.402s
06/30/2026 16:37:19 - INFO - utils.trainer -   ***** Running evaluation on test1 dataset *****
06/30/2026 16:37:20 - INFO - utils.trainer -   AUC: 0.49969
06/30/2026 16:37:20 - INFO - utils.trainer -   Accuracy: 0.50106
06/30/2026 16:37:20 - INFO - utils.trainer -   Precision: 0.50116
06/30/2026 16:37:20 - INFO - utils.trainer -   Recall: 0.45704
06/30/2026 16:37:20 - INFO - utils.trainer -   F_score: 0.47808
06/30/2026 16:37:20 - INFO - utils.trainer -   Specificity: 0.54507
06/30/2026 16:37:20 - INFO - utils.trainer -   Sensitivity: 0.45704
06/30/2026 16:37:20 - INFO - utils.trainer -   Loss: 0.69315
06/30/2026 16:37:20 - INFO - utils.trainer -   Epoch: 107, Train loss: 0.69318, Test loss: 0.69315,Epoch time = 2.827s
06/30/2026 16:37:23 - INFO - utils.trainer -   ***** Running evaluation on test1 dataset *****
06/30/2026 16:37:23 - INFO - utils.trainer -   AUC: 0.47776
06/30/2026 16:37:23 - INFO - utils.trainer -   Accuracy: 0.48556
06/30/2026 16:37:23 - INFO - utils.trainer -   Precision: 0.48038
06/30/2026 16:37:23 - INFO - utils.trainer -   Recall: 0.35352
06/30/2026 16:37:23 - INFO - utils.trainer -   F_score: 0.40730
06/30/2026 16:37:23 - INFO - utils.trainer -   Specificity: 0.61761
06/30/2026 16:37:23 - INFO - utils.trainer -   Sensitivity: 0.35352
06/30/2026 16:37:23 - INFO - utils.trainer -   Loss: 0.69323
06/30/2026 16:37:23 - INFO - utils.trainer -   Epoch: 108, Train loss: 0.69318, Test loss: 0.69323,Epoch time = 2.622s
06/30/2026 16:37:27 - INFO - utils.trainer -   ***** Running evaluation on test1 dataset *****
06/30/2026 16:37:27 - INFO - utils.trainer -   AUC: 0.51473
06/30/2026 16:37:27 - INFO - utils.trainer -   Accuracy: 0.51127
06/30/2026 16:37:27 - INFO - utils.trainer -   Precision: 0.51159
06/30/2026 16:37:27 - INFO - utils.trainer -   Recall: 0.49718
06/30/2026 16:37:27 - INFO - utils.trainer -   F_score: 0.50429
06/30/2026 16:37:27 - INFO - utils.trainer -   Specificity: 0.52535
06/30/2026 16:37:27 - INFO - utils.trainer -   Sensitivity: 0.49718
06/30/2026 16:37:27 - INFO - utils.trainer -   Loss: 0.69310
06/30/2026 16:37:27 - INFO - utils.trainer -   Epoch: 109, Train loss: 0.69317, Test loss: 0.69310,Epoch time = 3.250s
06/30/2026 16:37:30 - INFO - utils.trainer -   ***** Running evaluation on test1 dataset *****
06/30/2026 16:37:31 - INFO - utils.trainer -   AUC: 0.47908
06/30/2026 16:37:31 - INFO - utils.trainer -   Accuracy: 0.47993
06/30/2026 16:37:31 - INFO - utils.trainer -   Precision: 0.47175
06/30/2026 16:37:31 - INFO - utils.trainer -   Recall: 0.33521
06/30/2026 16:37:31 - INFO - utils.trainer -   F_score: 0.39193
06/30/2026 16:37:31 - INFO - utils.trainer -   Specificity: 0.62465
06/30/2026 16:37:31 - INFO - utils.trainer -   Sensitivity: 0.33521
06/30/2026 16:37:31 - INFO - utils.trainer -   Loss: 0.69322
06/30/2026 16:37:31 - INFO - utils.trainer -   Epoch: 110, Train loss: 0.69316, Test loss: 0.69322,Epoch time = 2.755s
06/30/2026 16:37:33 - INFO - utils.trainer -   ***** Running evaluation on test1 dataset *****
06/30/2026 16:37:33 - INFO - utils.trainer -   AUC: 0.48097
06/30/2026 16:37:33 - INFO - utils.trainer -   Accuracy: 0.48134
06/30/2026 16:37:33 - INFO - utils.trainer -   Precision: 0.47830
06/30/2026 16:37:33 - INFO - utils.trainer -   Recall: 0.41127
06/30/2026 16:37:33 - INFO - utils.trainer -   F_score: 0.44226
06/30/2026 16:37:33 - INFO - utils.trainer -   Specificity: 0.55141
06/30/2026 16:37:33 - INFO - utils.trainer -   Sensitivity: 0.41127
06/30/2026 16:37:33 - INFO - utils.trainer -   Loss: 0.69321
06/30/2026 16:37:33 - INFO - utils.trainer -   Epoch: 111, Train loss: 0.69318, Test loss: 0.69321,Epoch time = 1.911s
06/30/2026 16:37:35 - INFO - utils.trainer -   ***** Running evaluation on test1 dataset *****
06/30/2026 16:37:36 - INFO - utils.trainer -   AUC: 0.49276
06/30/2026 16:37:36 - INFO - utils.trainer -   Accuracy: 0.48838
06/30/2026 16:37:36 - INFO - utils.trainer -   Precision: 0.48822
06/30/2026 16:37:36 - INFO - utils.trainer -   Recall: 0.48169
06/30/2026 16:37:36 - INFO - utils.trainer -   F_score: 0.48493
06/30/2026 16:37:36 - INFO - utils.trainer -   Specificity: 0.49507
06/30/2026 16:37:36 - INFO - utils.trainer -   Sensitivity: 0.48169
06/30/2026 16:37:36 - INFO - utils.trainer -   Loss: 0.69318
06/30/2026 16:37:36 - INFO - utils.trainer -   Epoch: 112, Train loss: 0.69317, Test loss: 0.69318,Epoch time = 1.685s
06/30/2026 16:37:37 - INFO - utils.trainer -   ***** Running evaluation on test1 dataset *****
06/30/2026 16:37:38 - INFO - utils.trainer -   AUC: 0.48547
06/30/2026 16:37:38 - INFO - utils.trainer -   Accuracy: 0.48732
06/30/2026 16:37:38 - INFO - utils.trainer -   Precision: 0.48703
06/30/2026 16:37:38 - INFO - utils.trainer -   Recall: 0.47606
06/30/2026 16:37:38 - INFO - utils.trainer -   F_score: 0.48148
06/30/2026 16:37:38 - INFO - utils.trainer -   Specificity: 0.49859
06/30/2026 16:37:38 - INFO - utils.trainer -   Sensitivity: 0.47606
06/30/2026 16:37:38 - INFO - utils.trainer -   Loss: 0.69320
06/30/2026 16:37:38 - INFO - utils.trainer -   Epoch: 113, Train loss: 0.69313, Test loss: 0.69320,Epoch time = 1.660s
06/30/2026 16:37:40 - INFO - utils.trainer -   ***** Running evaluation on test1 dataset *****
06/30/2026 16:37:41 - INFO - utils.trainer -   AUC: 0.49486
06/30/2026 16:37:41 - INFO - utils.trainer -   Accuracy: 0.49401
06/30/2026 16:37:41 - INFO - utils.trainer -   Precision: 0.49392
06/30/2026 16:37:41 - INFO - utils.trainer -   Recall: 0.48662
06/30/2026 16:37:41 - INFO - utils.trainer -   F_score: 0.49024
06/30/2026 16:37:41 - INFO - utils.trainer -   Specificity: 0.50141
06/30/2026 16:37:41 - INFO - utils.trainer -   Sensitivity: 0.48662
06/30/2026 16:37:41 - INFO - utils.trainer -   Loss: 0.69317
06/30/2026 16:37:41 - INFO - utils.trainer -   Epoch: 114, Train loss: 0.69323, Test loss: 0.69317,Epoch time = 2.379s
06/30/2026 16:37:45 - INFO - utils.trainer -   ***** Running evaluation on test1 dataset *****
06/30/2026 16:37:46 - INFO - utils.trainer -   AUC: 0.50373
06/30/2026 16:37:46 - INFO - utils.trainer -   Accuracy: 0.50951
06/30/2026 16:37:46 - INFO - utils.trainer -   Precision: 0.50936
06/30/2026 16:37:46 - INFO - utils.trainer -   Recall: 0.51761
06/30/2026 16:37:46 - INFO - utils.trainer -   F_score: 0.51345
06/30/2026 16:37:46 - INFO - utils.trainer -   Specificity: 0.50141
06/30/2026 16:37:46 - INFO - utils.trainer -   Sensitivity: 0.51761
06/30/2026 16:37:46 - INFO - utils.trainer -   Loss: 0.69313
06/30/2026 16:37:46 - INFO - utils.trainer -   Epoch: 115, Train loss: 0.69316, Test loss: 0.69313,Epoch time = 3.784s
06/30/2026 16:37:49 - INFO - utils.trainer -   ***** Running evaluation on test1 dataset *****
06/30/2026 16:37:50 - INFO - utils.trainer -   AUC: 0.49723
06/30/2026 16:37:50 - INFO - utils.trainer -   Accuracy: 0.49718
06/30/2026 16:37:50 - INFO - utils.trainer -   Precision: 0.49715
06/30/2026 16:37:50 - INFO - utils.trainer -   Recall: 0.49155
06/30/2026 16:37:50 - INFO - utils.trainer -   F_score: 0.49433
06/30/2026 16:37:50 - INFO - utils.trainer -   Specificity: 0.50282
06/30/2026 16:37:50 - INFO - utils.trainer -   Sensitivity: 0.49155
06/30/2026 16:37:50 - INFO - utils.trainer -   Loss: 0.69316
06/30/2026 16:37:50 - INFO - utils.trainer -   Epoch: 116, Train loss: 0.69315, Test loss: 0.69316,Epoch time = 3.500s
06/30/2026 16:37:52 - INFO - utils.trainer -   ***** Running evaluation on test1 dataset *****
06/30/2026 16:37:53 - INFO - utils.trainer -   AUC: 0.50509
06/30/2026 16:37:53 - INFO - utils.trainer -   Accuracy: 0.49613
06/30/2026 16:37:53 - INFO - utils.trainer -   Precision: 0.49338
06/30/2026 16:37:53 - INFO - utils.trainer -   Recall: 0.28873
06/30/2026 16:37:53 - INFO - utils.trainer -   F_score: 0.36428
06/30/2026 16:37:53 - INFO - utils.trainer -   Specificity: 0.70352
06/30/2026 16:37:53 - INFO - utils.trainer -   Sensitivity: 0.28873
06/30/2026 16:37:53 - INFO - utils.trainer -   Loss: 0.69313
06/30/2026 16:37:53 - INFO - utils.trainer -   Epoch: 117, Train loss: 0.69321, Test loss: 0.69313,Epoch time = 2.566s
06/30/2026 16:37:56 - INFO - utils.trainer -   ***** Running evaluation on test1 dataset *****
06/30/2026 16:37:57 - INFO - utils.trainer -   AUC: 0.49034
06/30/2026 16:37:57 - INFO - utils.trainer -   Accuracy: 0.48944
06/30/2026 16:37:57 - INFO - utils.trainer -   Precision: 0.48927
06/30/2026 16:37:57 - INFO - utils.trainer -   Recall: 0.48169
06/30/2026 16:37:57 - INFO - utils.trainer -   F_score: 0.48545
06/30/2026 16:37:57 - INFO - utils.trainer -   Specificity: 0.49718
06/30/2026 16:37:57 - INFO - utils.trainer -   Sensitivity: 0.48169
06/30/2026 16:37:57 - INFO - utils.trainer -   Loss: 0.69319
06/30/2026 16:37:57 - INFO - utils.trainer -   Epoch: 118, Train loss: 0.69310, Test loss: 0.69319,Epoch time = 3.013s
06/30/2026 16:38:00 - INFO - utils.trainer -   ***** Running evaluation on test1 dataset *****
06/30/2026 16:38:01 - INFO - utils.trainer -   AUC: 0.48444
06/30/2026 16:38:01 - INFO - utils.trainer -   Accuracy: 0.49401
06/30/2026 16:38:01 - INFO - utils.trainer -   Precision: 0.49413
06/30/2026 16:38:01 - INFO - utils.trainer -   Recall: 0.50352
06/30/2026 16:38:01 - INFO - utils.trainer -   F_score: 0.49878
06/30/2026 16:38:01 - INFO - utils.trainer -   Specificity: 0.48451
06/30/2026 16:38:01 - INFO - utils.trainer -   Sensitivity: 0.50352
06/30/2026 16:38:01 - INFO - utils.trainer -   Loss: 0.69321
06/30/2026 16:38:01 - INFO - utils.trainer -   Epoch: 119, Train loss: 0.69312, Test loss: 0.69321,Epoch time = 3.087s
06/30/2026 16:38:04 - INFO - utils.trainer -   ***** Running evaluation on test1 dataset *****
06/30/2026 16:38:04 - INFO - utils.trainer -   AUC: 0.51150
06/30/2026 16:38:04 - INFO - utils.trainer -   Accuracy: 0.50423
06/30/2026 16:38:04 - INFO - utils.trainer -   Precision: 0.50405
06/30/2026 16:38:04 - INFO - utils.trainer -   Recall: 0.52606
06/30/2026 16:38:04 - INFO - utils.trainer -   F_score: 0.51482
06/30/2026 16:38:04 - INFO - utils.trainer -   Specificity: 0.48239
06/30/2026 16:38:04 - INFO - utils.trainer -   Sensitivity: 0.52606
06/30/2026 16:38:04 - INFO - utils.trainer -   Loss: 0.69310
06/30/2026 16:38:04 - INFO - utils.trainer -   Epoch: 120, Train loss: 0.69320, Test loss: 0.69310,Epoch time = 2.876s
06/30/2026 16:38:08 - INFO - utils.trainer -   ***** Running evaluation on test1 dataset *****
06/30/2026 16:38:09 - INFO - utils.trainer -   AUC: 0.48103
06/30/2026 16:38:09 - INFO - utils.trainer -   Accuracy: 0.49049
06/30/2026 16:38:09 - INFO - utils.trainer -   Precision: 0.49014
06/30/2026 16:38:09 - INFO - utils.trainer -   Recall: 0.47254
06/30/2026 16:38:09 - INFO - utils.trainer -   F_score: 0.48118
06/30/2026 16:38:09 - INFO - utils.trainer -   Specificity: 0.50845
06/30/2026 16:38:09 - INFO - utils.trainer -   Sensitivity: 0.47254
06/30/2026 16:38:09 - INFO - utils.trainer -   Loss: 0.69322
06/30/2026 16:38:09 - INFO - utils.trainer -   Epoch: 121, Train loss: 0.69319, Test loss: 0.69322,Epoch time = 3.519s
06/30/2026 16:38:12 - INFO - utils.trainer -   ***** Running evaluation on test1 dataset *****
06/30/2026 16:38:13 - INFO - utils.trainer -   AUC: 0.49836
06/30/2026 16:38:13 - INFO - utils.trainer -   Accuracy: 0.50176
06/30/2026 16:38:13 - INFO - utils.trainer -   Precision: 0.50181
06/30/2026 16:38:13 - INFO - utils.trainer -   Recall: 0.48873
06/30/2026 16:38:13 - INFO - utils.trainer -   F_score: 0.49518
06/30/2026 16:38:13 - INFO - utils.trainer -   Specificity: 0.51479
06/30/2026 16:38:13 - INFO - utils.trainer -   Sensitivity: 0.48873
06/30/2026 16:38:13 - INFO - utils.trainer -   Loss: 0.69315
06/30/2026 16:38:13 - INFO - utils.trainer -   Epoch: 122, Train loss: 0.69319, Test loss: 0.69315,Epoch time = 3.151s
06/30/2026 16:38:15 - INFO - utils.trainer -   ***** Running evaluation on test1 dataset *****
06/30/2026 16:38:16 - INFO - utils.trainer -   AUC: 0.49027
06/30/2026 16:38:16 - INFO - utils.trainer -   Accuracy: 0.49507
06/30/2026 16:38:16 - INFO - utils.trainer -   Precision: 0.49364
06/30/2026 16:38:16 - INFO - utils.trainer -   Recall: 0.38239
06/30/2026 16:38:16 - INFO - utils.trainer -   F_score: 0.43095
06/30/2026 16:38:16 - INFO - utils.trainer -   Specificity: 0.60775
06/30/2026 16:38:16 - INFO - utils.trainer -   Sensitivity: 0.38239
06/30/2026 16:38:16 - INFO - utils.trainer -   Loss: 0.69318
06/30/2026 16:38:16 - INFO - utils.trainer -   Epoch: 123, Train loss: 0.69321, Test loss: 0.69318,Epoch time = 2.602s
06/30/2026 16:38:19 - INFO - utils.trainer -   ***** Running evaluation on test1 dataset *****
06/30/2026 16:38:20 - INFO - utils.trainer -   AUC: 0.49710
06/30/2026 16:38:20 - INFO - utils.trainer -   Accuracy: 0.49718
06/30/2026 16:38:20 - INFO - utils.trainer -   Precision: 0.49610
06/30/2026 16:38:20 - INFO - utils.trainer -   Recall: 0.35845
06/30/2026 16:38:20 - INFO - utils.trainer -   F_score: 0.41619
06/30/2026 16:38:20 - INFO - utils.trainer -   Specificity: 0.63592
06/30/2026 16:38:20 - INFO - utils.trainer -   Sensitivity: 0.35845
06/30/2026 16:38:20 - INFO - utils.trainer -   Loss: 0.69316
06/30/2026 16:38:20 - INFO - utils.trainer -   Epoch: 124, Train loss: 0.69317, Test loss: 0.69316,Epoch time = 3.079s
06/30/2026 16:38:23 - INFO - utils.trainer -   ***** Running evaluation on test1 dataset *****
06/30/2026 16:38:24 - INFO - utils.trainer -   AUC: 0.49100
06/30/2026 16:38:24 - INFO - utils.trainer -   Accuracy: 0.50070
06/30/2026 16:38:24 - INFO - utils.trainer -   Precision: 0.50126
06/30/2026 16:38:24 - INFO - utils.trainer -   Recall: 0.28099
06/30/2026 16:38:24 - INFO - utils.trainer -   F_score: 0.36011
06/30/2026 16:38:24 - INFO - utils.trainer -   Specificity: 0.72042
06/30/2026 16:38:24 - INFO - utils.trainer -   Sensitivity: 0.28099
06/30/2026 16:38:24 - INFO - utils.trainer -   Loss: 0.69318
06/30/2026 16:38:24 - INFO - utils.trainer -   Epoch: 125, Train loss: 0.69312, Test loss: 0.69318,Epoch time = 3.411s
06/30/2026 16:38:27 - INFO - utils.trainer -   ***** Running evaluation on test1 dataset *****
06/30/2026 16:38:28 - INFO - utils.trainer -   AUC: 0.52083
06/30/2026 16:38:28 - INFO - utils.trainer -   Accuracy: 0.51056
06/30/2026 16:38:28 - INFO - utils.trainer -   Precision: 0.51412
06/30/2026 16:38:28 - INFO - utils.trainer -   Recall: 0.38451
06/30/2026 16:38:28 - INFO - utils.trainer -   F_score: 0.43997
06/30/2026 16:38:28 - INFO - utils.trainer -   Specificity: 0.63662
06/30/2026 16:38:28 - INFO - utils.trainer -   Sensitivity: 0.38451
06/30/2026 16:38:28 - INFO - utils.trainer -   Loss: 0.69308
06/30/2026 16:38:28 - INFO - utils.trainer -   Epoch: 126, Train loss: 0.69315, Test loss: 0.69308,Epoch time = 3.483s
06/30/2026 16:38:31 - INFO - utils.trainer -   ***** Running evaluation on test1 dataset *****
06/30/2026 16:38:32 - INFO - utils.trainer -   AUC: 0.52134
06/30/2026 16:38:32 - INFO - utils.trainer -   Accuracy: 0.50634
06/30/2026 16:38:32 - INFO - utils.trainer -   Precision: 0.50711
06/30/2026 16:38:32 - INFO - utils.trainer -   Recall: 0.45211
06/30/2026 16:38:32 - INFO - utils.trainer -   F_score: 0.47803
06/30/2026 16:38:32 - INFO - utils.trainer -   Specificity: 0.56056
06/30/2026 16:38:32 - INFO - utils.trainer -   Sensitivity: 0.45211
06/30/2026 16:38:32 - INFO - utils.trainer -   Loss: 0.69307
06/30/2026 16:38:32 - INFO - utils.trainer -   Epoch: 127, Train loss: 0.69318, Test loss: 0.69307,Epoch time = 3.322s
06/30/2026 16:38:35 - INFO - utils.trainer -   ***** Running evaluation on test1 dataset *****
06/30/2026 16:38:36 - INFO - utils.trainer -   AUC: 0.48897
06/30/2026 16:38:36 - INFO - utils.trainer -   Accuracy: 0.48521
06/30/2026 16:38:36 - INFO - utils.trainer -   Precision: 0.48298
06/30/2026 16:38:36 - INFO - utils.trainer -   Recall: 0.41972
06/30/2026 16:38:36 - INFO - utils.trainer -   F_score: 0.44913
06/30/2026 16:38:36 - INFO - utils.trainer -   Specificity: 0.55070
06/30/2026 16:38:36 - INFO - utils.trainer -   Sensitivity: 0.41972
06/30/2026 16:38:36 - INFO - utils.trainer -   Loss: 0.69319
06/30/2026 16:38:36 - INFO - utils.trainer -   Epoch: 128, Train loss: 0.69314, Test loss: 0.69319,Epoch time = 2.690s
06/30/2026 16:38:39 - INFO - utils.trainer -   ***** Running evaluation on test1 dataset *****
06/30/2026 16:38:39 - INFO - utils.trainer -   AUC: 0.48995
06/30/2026 16:38:39 - INFO - utils.trainer -   Accuracy: 0.49577
06/30/2026 16:38:39 - INFO - utils.trainer -   Precision: 0.49555
06/30/2026 16:38:39 - INFO - utils.trainer -   Recall: 0.47042
06/30/2026 16:38:39 - INFO - utils.trainer -   F_score: 0.48266
06/30/2026 16:38:39 - INFO - utils.trainer -   Specificity: 0.52113
06/30/2026 16:38:39 - INFO - utils.trainer -   Sensitivity: 0.47042
06/30/2026 16:38:39 - INFO - utils.trainer -   Loss: 0.69319
06/30/2026 16:38:39 - INFO - utils.trainer -   Epoch: 129, Train loss: 0.69317, Test loss: 0.69319,Epoch time = 2.781s
06/30/2026 16:38:43 - INFO - utils.trainer -   ***** Running evaluation on test1 dataset *****
06/30/2026 16:38:43 - INFO - utils.trainer -   AUC: 0.51042
06/30/2026 16:38:43 - INFO - utils.trainer -   Accuracy: 0.50810
06/30/2026 16:38:43 - INFO - utils.trainer -   Precision: 0.50726
06/30/2026 16:38:43 - INFO - utils.trainer -   Recall: 0.56620
06/30/2026 16:38:43 - INFO - utils.trainer -   F_score: 0.53511
06/30/2026 16:38:43 - INFO - utils.trainer -   Specificity: 0.45000
06/30/2026 16:38:43 - INFO - utils.trainer -   Sensitivity: 0.56620
06/30/2026 16:38:43 - INFO - utils.trainer -   Loss: 0.69311
06/30/2026 16:38:43 - INFO - utils.trainer -   Epoch: 130, Train loss: 0.69315, Test loss: 0.69311,Epoch time = 3.365s
06/30/2026 16:38:46 - INFO - utils.trainer -   ***** Running evaluation on test1 dataset *****
06/30/2026 16:38:47 - INFO - utils.trainer -   AUC: 0.49065
06/30/2026 16:38:47 - INFO - utils.trainer -   Accuracy: 0.49085
06/30/2026 16:38:47 - INFO - utils.trainer -   Precision: 0.49175
06/30/2026 16:38:47 - INFO - utils.trainer -   Recall: 0.54577
06/30/2026 16:38:47 - INFO - utils.trainer -   F_score: 0.51736
06/30/2026 16:38:47 - INFO - utils.trainer -   Specificity: 0.43592
06/30/2026 16:38:47 - INFO - utils.trainer -   Sensitivity: 0.54577
06/30/2026 16:38:47 - INFO - utils.trainer -   Loss: 0.69318
06/30/2026 16:38:47 - INFO - utils.trainer -   Epoch: 131, Train loss: 0.69317, Test loss: 0.69318,Epoch time = 2.628s
06/30/2026 16:38:50 - INFO - utils.trainer -   ***** Running evaluation on test1 dataset *****
06/30/2026 16:38:51 - INFO - utils.trainer -   AUC: 0.51551
06/30/2026 16:38:51 - INFO - utils.trainer -   Accuracy: 0.49965
06/30/2026 16:38:51 - INFO - utils.trainer -   Precision: 0.49943
06/30/2026 16:38:51 - INFO - utils.trainer -   Recall: 0.30986
06/30/2026 16:38:51 - INFO - utils.trainer -   F_score: 0.38244
06/30/2026 16:38:51 - INFO - utils.trainer -   Specificity: 0.68944
06/30/2026 16:38:51 - INFO - utils.trainer -   Sensitivity: 0.30986
06/30/2026 16:38:51 - INFO - utils.trainer -   Loss: 0.69308
06/30/2026 16:38:51 - INFO - utils.trainer -   Epoch: 132, Train loss: 0.69315, Test loss: 0.69308,Epoch time = 3.084s
06/30/2026 16:38:53 - INFO - utils.trainer -   ***** Running evaluation on test1 dataset *****
06/30/2026 16:38:54 - INFO - utils.trainer -   AUC: 0.50499
06/30/2026 16:38:54 - INFO - utils.trainer -   Accuracy: 0.49613
06/30/2026 16:38:54 - INFO - utils.trainer -   Precision: 0.49603
06/30/2026 16:38:54 - INFO - utils.trainer -   Recall: 0.48380
06/30/2026 16:38:54 - INFO - utils.trainer -   F_score: 0.48984
06/30/2026 16:38:54 - INFO - utils.trainer -   Specificity: 0.50845
06/30/2026 16:38:54 - INFO - utils.trainer -   Sensitivity: 0.48380
06/30/2026 16:38:54 - INFO - utils.trainer -   Loss: 0.69312
06/30/2026 16:38:54 - INFO - utils.trainer -   Epoch: 133, Train loss: 0.69315, Test loss: 0.69312,Epoch time = 2.475s
06/30/2026 16:38:57 - INFO - utils.trainer -   ***** Running evaluation on test1 dataset *****
06/30/2026 16:38:58 - INFO - utils.trainer -   AUC: 0.51108
06/30/2026 16:38:58 - INFO - utils.trainer -   Accuracy: 0.50563
06/30/2026 16:38:58 - INFO - utils.trainer -   Precision: 0.50568
06/30/2026 16:38:58 - INFO - utils.trainer -   Recall: 0.50141
06/30/2026 16:38:58 - INFO - utils.trainer -   F_score: 0.50354
06/30/2026 16:38:58 - INFO - utils.trainer -   Specificity: 0.50986
06/30/2026 16:38:58 - INFO - utils.trainer -   Sensitivity: 0.50141
06/30/2026 16:38:58 - INFO - utils.trainer -   Loss: 0.69311
06/30/2026 16:38:58 - INFO - utils.trainer -   Epoch: 134, Train loss: 0.69311, Test loss: 0.69311,Epoch time = 2.958s
06/30/2026 16:39:00 - INFO - utils.trainer -   ***** Running evaluation on test1 dataset *****
06/30/2026 16:39:01 - INFO - utils.trainer -   AUC: 0.50313
06/30/2026 16:39:01 - INFO - utils.trainer -   Accuracy: 0.50246
06/30/2026 16:39:01 - INFO - utils.trainer -   Precision: 0.50251
06/30/2026 16:39:01 - INFO - utils.trainer -   Recall: 0.49437
06/30/2026 16:39:01 - INFO - utils.trainer -   F_score: 0.49840
06/30/2026 16:39:01 - INFO - utils.trainer -   Specificity: 0.51056
06/30/2026 16:39:01 - INFO - utils.trainer -   Sensitivity: 0.49437
06/30/2026 16:39:01 - INFO - utils.trainer -   Loss: 0.69313
06/30/2026 16:39:01 - INFO - utils.trainer -   Epoch: 135, Train loss: 0.69313, Test loss: 0.69313,Epoch time = 2.712s
06/30/2026 16:39:05 - INFO - utils.trainer -   ***** Running evaluation on test1 dataset *****
06/30/2026 16:39:05 - INFO - utils.trainer -   AUC: 0.51855
06/30/2026 16:39:05 - INFO - utils.trainer -   Accuracy: 0.51444
06/30/2026 16:39:05 - INFO - utils.trainer -   Precision: 0.52354
06/30/2026 16:39:05 - INFO - utils.trainer -   Recall: 0.32113
06/30/2026 16:39:05 - INFO - utils.trainer -   F_score: 0.39808
06/30/2026 16:39:05 - INFO - utils.trainer -   Specificity: 0.70775
06/30/2026 16:39:05 - INFO - utils.trainer -   Sensitivity: 0.32113
06/30/2026 16:39:05 - INFO - utils.trainer -   Loss: 0.69308
06/30/2026 16:39:05 - INFO - utils.trainer -   Epoch: 136, Train loss: 0.69321, Test loss: 0.69308,Epoch time = 3.722s
06/30/2026 16:39:09 - INFO - utils.trainer -   ***** Running evaluation on test1 dataset *****
06/30/2026 16:39:10 - INFO - utils.trainer -   AUC: 0.48477
06/30/2026 16:39:10 - INFO - utils.trainer -   Accuracy: 0.48873
06/30/2026 16:39:10 - INFO - utils.trainer -   Precision: 0.48210
06/30/2026 16:39:10 - INFO - utils.trainer -   Recall: 0.30352
06/30/2026 16:39:10 - INFO - utils.trainer -   F_score: 0.37252
06/30/2026 16:39:10 - INFO - utils.trainer -   Specificity: 0.67394
06/30/2026 16:39:10 - INFO - utils.trainer -   Sensitivity: 0.30352
06/30/2026 16:39:10 - INFO - utils.trainer -   Loss: 0.69320
06/30/2026 16:39:10 - INFO - utils.trainer -   Epoch: 137, Train loss: 0.69318, Test loss: 0.69320,Epoch time = 3.211s
06/30/2026 16:39:13 - INFO - utils.trainer -   ***** Running evaluation on test1 dataset *****
06/30/2026 16:39:14 - INFO - utils.trainer -   AUC: 0.50405
06/30/2026 16:39:14 - INFO - utils.trainer -   Accuracy: 0.50528
06/30/2026 16:39:14 - INFO - utils.trainer -   Precision: 0.50894
06/30/2026 16:39:14 - INFO - utils.trainer -   Recall: 0.30070
06/30/2026 16:39:14 - INFO - utils.trainer -   F_score: 0.37804
06/30/2026 16:39:14 - INFO - utils.trainer -   Specificity: 0.70986
06/30/2026 16:39:14 - INFO - utils.trainer -   Sensitivity: 0.30070
06/30/2026 16:39:14 - INFO - utils.trainer -   Loss: 0.69313
06/30/2026 16:39:14 - INFO - utils.trainer -   Epoch: 138, Train loss: 0.69317, Test loss: 0.69313,Epoch time = 3.419s
06/30/2026 16:39:16 - INFO - utils.trainer -   ***** Running evaluation on test1 dataset *****
06/30/2026 16:39:17 - INFO - utils.trainer -   AUC: 0.51344
06/30/2026 16:39:17 - INFO - utils.trainer -   Accuracy: 0.50986
06/30/2026 16:39:17 - INFO - utils.trainer -   Precision: 0.51461
06/30/2026 16:39:17 - INFO - utils.trainer -   Recall: 0.34718
06/30/2026 16:39:17 - INFO - utils.trainer -   F_score: 0.41463
06/30/2026 16:39:17 - INFO - utils.trainer -   Specificity: 0.67254
06/30/2026 16:39:17 - INFO - utils.trainer -   Sensitivity: 0.34718
06/30/2026 16:39:17 - INFO - utils.trainer -   Loss: 0.69310
06/30/2026 16:39:17 - INFO - utils.trainer -   Epoch: 139, Train loss: 0.69323, Test loss: 0.69310,Epoch time = 2.648s
06/30/2026 16:39:20 - INFO - utils.trainer -   ***** Running evaluation on test1 dataset *****
06/30/2026 16:39:20 - INFO - utils.trainer -   AUC: 0.47970
06/30/2026 16:39:20 - INFO - utils.trainer -   Accuracy: 0.48908
06/30/2026 16:39:20 - INFO - utils.trainer -   Precision: 0.48722
06/30/2026 16:39:20 - INFO - utils.trainer -   Recall: 0.41620
06/30/2026 16:39:20 - INFO - utils.trainer -   F_score: 0.44892
06/30/2026 16:39:20 - INFO - utils.trainer -   Specificity: 0.56197
06/30/2026 16:39:20 - INFO - utils.trainer -   Sensitivity: 0.41620
06/30/2026 16:39:20 - INFO - utils.trainer -   Loss: 0.69321
06/30/2026 16:39:20 - INFO - utils.trainer -   Epoch: 140, Train loss: 0.69316, Test loss: 0.69321,Epoch time = 2.732s
06/30/2026 16:39:24 - INFO - utils.trainer -   ***** Running evaluation on test1 dataset *****
06/30/2026 16:39:24 - INFO - utils.trainer -   AUC: 0.49629
06/30/2026 16:39:24 - INFO - utils.trainer -   Accuracy: 0.49472
06/30/2026 16:39:24 - INFO - utils.trainer -   Precision: 0.49223
06/30/2026 16:39:24 - INFO - utils.trainer -   Recall: 0.33451
06/30/2026 16:39:24 - INFO - utils.trainer -   F_score: 0.39832
06/30/2026 16:39:24 - INFO - utils.trainer -   Specificity: 0.65493
06/30/2026 16:39:24 - INFO - utils.trainer -   Sensitivity: 0.33451
06/30/2026 16:39:24 - INFO - utils.trainer -   Loss: 0.69317
06/30/2026 16:39:24 - INFO - utils.trainer -   Epoch: 141, Train loss: 0.69320, Test loss: 0.69317,Epoch time = 3.332s
06/30/2026 16:39:27 - INFO - utils.trainer -   ***** Running evaluation on test1 dataset *****
06/30/2026 16:39:28 - INFO - utils.trainer -   AUC: 0.49951
06/30/2026 16:39:28 - INFO - utils.trainer -   Accuracy: 0.50458
06/30/2026 16:39:28 - INFO - utils.trainer -   Precision: 0.50880
06/30/2026 16:39:28 - INFO - utils.trainer -   Recall: 0.26479
06/30/2026 16:39:28 - INFO - utils.trainer -   F_score: 0.34831
06/30/2026 16:39:28 - INFO - utils.trainer -   Specificity: 0.74437
06/30/2026 16:39:28 - INFO - utils.trainer -   Sensitivity: 0.26479
06/30/2026 16:39:28 - INFO - utils.trainer -   Loss: 0.69314
06/30/2026 16:39:28 - INFO - utils.trainer -   Epoch: 142, Train loss: 0.69318, Test loss: 0.69314,Epoch time = 2.915s
06/30/2026 16:39:30 - INFO - utils.trainer -   ***** Running evaluation on test1 dataset *****
06/30/2026 16:39:30 - INFO - utils.trainer -   AUC: 0.49854
06/30/2026 16:39:30 - INFO - utils.trainer -   Accuracy: 0.49542
06/30/2026 16:39:30 - INFO - utils.trainer -   Precision: 0.49153
06/30/2026 16:39:30 - INFO - utils.trainer -   Recall: 0.26549
06/30/2026 16:39:30 - INFO - utils.trainer -   F_score: 0.34476
06/30/2026 16:39:30 - INFO - utils.trainer -   Specificity: 0.72535
06/30/2026 16:39:30 - INFO - utils.trainer -   Sensitivity: 0.26549
06/30/2026 16:39:30 - INFO - utils.trainer -   Loss: 0.69315
06/30/2026 16:39:30 - INFO - utils.trainer -   Epoch: 143, Train loss: 0.69312, Test loss: 0.69315,Epoch time = 1.585s
06/30/2026 16:39:33 - INFO - utils.trainer -   ***** Running evaluation on test1 dataset *****
06/30/2026 16:39:34 - INFO - utils.trainer -   AUC: 0.49876
06/30/2026 16:39:34 - INFO - utils.trainer -   Accuracy: 0.50035
06/30/2026 16:39:34 - INFO - utils.trainer -   Precision: 0.50053
06/30/2026 16:39:34 - INFO - utils.trainer -   Recall: 0.33028
06/30/2026 16:39:34 - INFO - utils.trainer -   F_score: 0.39796
06/30/2026 16:39:34 - INFO - utils.trainer -   Specificity: 0.67042
06/30/2026 16:39:34 - INFO - utils.trainer -   Sensitivity: 0.33028
06/30/2026 16:39:34 - INFO - utils.trainer -   Loss: 0.69315
06/30/2026 16:39:34 - INFO - utils.trainer -   Epoch: 144, Train loss: 0.69322, Test loss: 0.69315,Epoch time = 2.897s
06/30/2026 16:39:37 - INFO - utils.trainer -   ***** Running evaluation on test1 dataset *****
06/30/2026 16:39:37 - INFO - utils.trainer -   AUC: 0.50232
06/30/2026 16:39:37 - INFO - utils.trainer -   Accuracy: 0.48979
06/30/2026 16:39:37 - INFO - utils.trainer -   Precision: 0.48054
06/30/2026 16:39:37 - INFO - utils.trainer -   Recall: 0.25211
06/30/2026 16:39:37 - INFO - utils.trainer -   F_score: 0.33072
06/30/2026 16:39:37 - INFO - utils.trainer -   Specificity: 0.72746
06/30/2026 16:39:37 - INFO - utils.trainer -   Sensitivity: 0.25211
06/30/2026 16:39:37 - INFO - utils.trainer -   Loss: 0.69314
06/30/2026 16:39:37 - INFO - utils.trainer -   Epoch: 145, Train loss: 0.69316, Test loss: 0.69314,Epoch time = 2.545s
06/30/2026 16:39:40 - INFO - utils.trainer -   ***** Running evaluation on test1 dataset *****
06/30/2026 16:39:41 - INFO - utils.trainer -   AUC: 0.48535
06/30/2026 16:39:41 - INFO - utils.trainer -   Accuracy: 0.48803
06/30/2026 16:39:41 - INFO - utils.trainer -   Precision: 0.47843
06/30/2026 16:39:41 - INFO - utils.trainer -   Recall: 0.26549
06/30/2026 16:39:41 - INFO - utils.trainer -   F_score: 0.34149
06/30/2026 16:39:41 - INFO - utils.trainer -   Specificity: 0.71056
06/30/2026 16:39:41 - INFO - utils.trainer -   Sensitivity: 0.26549
06/30/2026 16:39:41 - INFO - utils.trainer -   Loss: 0.69318
06/30/2026 16:39:41 - INFO - utils.trainer -   Epoch: 146, Train loss: 0.69314, Test loss: 0.69318,Epoch time = 2.800s
06/30/2026 16:39:44 - INFO - utils.trainer -   ***** Running evaluation on test1 dataset *****
06/30/2026 16:39:44 - INFO - utils.trainer -   AUC: 0.49758
06/30/2026 16:39:44 - INFO - utils.trainer -   Accuracy: 0.49789
06/30/2026 16:39:44 - INFO - utils.trainer -   Precision: 0.49731
06/30/2026 16:39:44 - INFO - utils.trainer -   Recall: 0.39014
06/30/2026 16:39:44 - INFO - utils.trainer -   F_score: 0.43725
06/30/2026 16:39:44 - INFO - utils.trainer -   Specificity: 0.60563
06/30/2026 16:39:44 - INFO - utils.trainer -   Sensitivity: 0.39014
06/30/2026 16:39:44 - INFO - utils.trainer -   Loss: 0.69316
06/30/2026 16:39:44 - INFO - utils.trainer -   Epoch: 147, Train loss: 0.69315, Test loss: 0.69316,Epoch time = 2.794s
06/30/2026 16:39:47 - INFO - utils.trainer -   ***** Running evaluation on test1 dataset *****
06/30/2026 16:39:48 - INFO - utils.trainer -   AUC: 0.49693
06/30/2026 16:39:48 - INFO - utils.trainer -   Accuracy: 0.50106
06/30/2026 16:39:48 - INFO - utils.trainer -   Precision: 0.50195
06/30/2026 16:39:48 - INFO - utils.trainer -   Recall: 0.27183
06/30/2026 16:39:48 - INFO - utils.trainer -   F_score: 0.35267
06/30/2026 16:39:48 - INFO - utils.trainer -   Specificity: 0.73028
06/30/2026 16:39:48 - INFO - utils.trainer -   Sensitivity: 0.27183
06/30/2026 16:39:48 - INFO - utils.trainer -   Loss: 0.69315
06/30/2026 16:39:48 - INFO - utils.trainer -   Epoch: 148, Train loss: 0.69316, Test loss: 0.69315,Epoch time = 2.621s
06/30/2026 16:39:51 - INFO - utils.trainer -   ***** Running evaluation on test1 dataset *****
06/30/2026 16:39:52 - INFO - utils.trainer -   AUC: 0.51919
06/30/2026 16:39:52 - INFO - utils.trainer -   Accuracy: 0.50880
06/30/2026 16:39:52 - INFO - utils.trainer -   Precision: 0.51360
06/30/2026 16:39:52 - INFO - utils.trainer -   Recall: 0.33239
06/30/2026 16:39:52 - INFO - utils.trainer -   F_score: 0.40359
06/30/2026 16:39:52 - INFO - utils.trainer -   Specificity: 0.68521
06/30/2026 16:39:52 - INFO - utils.trainer -   Sensitivity: 0.33239
06/30/2026 16:39:52 - INFO - utils.trainer -   Loss: 0.69310
06/30/2026 16:39:52 - INFO - utils.trainer -   Epoch: 149, Train loss: 0.69315, Test loss: 0.69310,Epoch time = 3.179s
06/30/2026 16:39:55 - INFO - utils.trainer -   ***** Running evaluation on test1 dataset *****
06/30/2026 16:39:55 - INFO - utils.trainer -   AUC: 0.50841
06/30/2026 16:39:55 - INFO - utils.trainer -   Accuracy: 0.50704
06/30/2026 16:39:55 - INFO - utils.trainer -   Precision: 0.50978
06/30/2026 16:39:55 - INFO - utils.trainer -   Recall: 0.36690
06/30/2026 16:39:55 - INFO - utils.trainer -   F_score: 0.42670
06/30/2026 16:39:55 - INFO - utils.trainer -   Specificity: 0.64718
06/30/2026 16:39:55 - INFO - utils.trainer -   Sensitivity: 0.36690
06/30/2026 16:39:55 - INFO - utils.trainer -   Loss: 0.69313
06/30/2026 16:39:55 - INFO - utils.trainer -   Epoch: 150, Train loss: 0.69317, Test loss: 0.69313,Epoch time = 2.998s
06/30/2026 16:39:58 - INFO - utils.trainer -   ***** Running evaluation on test1 dataset *****
06/30/2026 16:39:59 - INFO - utils.trainer -   AUC: 0.50640
06/30/2026 16:39:59 - INFO - utils.trainer -   Accuracy: 0.50528
06/30/2026 16:39:59 - INFO - utils.trainer -   Precision: 0.50648
06/30/2026 16:39:59 - INFO - utils.trainer -   Recall: 0.41268
06/30/2026 16:39:59 - INFO - utils.trainer -   F_score: 0.45479
06/30/2026 16:39:59 - INFO - utils.trainer -   Specificity: 0.59789
06/30/2026 16:39:59 - INFO - utils.trainer -   Sensitivity: 0.41268
06/30/2026 16:39:59 - INFO - utils.trainer -   Loss: 0.69313
06/30/2026 16:39:59 - INFO - utils.trainer -   Epoch: 151, Train loss: 0.69318, Test loss: 0.69313,Epoch time = 2.872s
06/30/2026 16:40:02 - INFO - utils.trainer -   ***** Running evaluation on test1 dataset *****
06/30/2026 16:40:03 - INFO - utils.trainer -   AUC: 0.50198
06/30/2026 16:40:03 - INFO - utils.trainer -   Accuracy: 0.50211
06/30/2026 16:40:03 - INFO - utils.trainer -   Precision: 0.50368
06/30/2026 16:40:03 - INFO - utils.trainer -   Recall: 0.28944
06/30/2026 16:40:03 - INFO - utils.trainer -   F_score: 0.36762
06/30/2026 16:40:03 - INFO - utils.trainer -   Specificity: 0.71479
06/30/2026 16:40:03 - INFO - utils.trainer -   Sensitivity: 0.28944
06/30/2026 16:40:03 - INFO - utils.trainer -   Loss: 0.69314
06/30/2026 16:40:03 - INFO - utils.trainer -   Epoch: 152, Train loss: 0.69316, Test loss: 0.69314,Epoch time = 3.100s
06/30/2026 16:40:07 - INFO - utils.trainer -   ***** Running evaluation on test1 dataset *****
06/30/2026 16:40:07 - INFO - utils.trainer -   AUC: 0.48731
06/30/2026 16:40:07 - INFO - utils.trainer -   Accuracy: 0.49437
06/30/2026 16:40:07 - INFO - utils.trainer -   Precision: 0.49214
06/30/2026 16:40:07 - INFO - utils.trainer -   Recall: 0.35282
06/30/2026 16:40:07 - INFO - utils.trainer -   F_score: 0.41099
06/30/2026 16:40:07 - INFO - utils.trainer -   Specificity: 0.63592
06/30/2026 16:40:07 - INFO - utils.trainer -   Sensitivity: 0.35282
06/30/2026 16:40:07 - INFO - utils.trainer -   Loss: 0.69318
06/30/2026 16:40:07 - INFO - utils.trainer -   Epoch: 153, Train loss: 0.69317, Test loss: 0.69318,Epoch time = 3.858s
06/30/2026 16:40:11 - INFO - utils.trainer -   ***** Running evaluation on test1 dataset *****
06/30/2026 16:40:12 - INFO - utils.trainer -   AUC: 0.50124
06/30/2026 16:40:12 - INFO - utils.trainer -   Accuracy: 0.50282
06/30/2026 16:40:12 - INFO - utils.trainer -   Precision: 0.50462
06/30/2026 16:40:12 - INFO - utils.trainer -   Recall: 0.30775
06/30/2026 16:40:12 - INFO - utils.trainer -   F_score: 0.38233
06/30/2026 16:40:12 - INFO - utils.trainer -   Specificity: 0.69789
06/30/2026 16:40:12 - INFO - utils.trainer -   Sensitivity: 0.30775
06/30/2026 16:40:12 - INFO - utils.trainer -   Loss: 0.69315
06/30/2026 16:40:12 - INFO - utils.trainer -   Epoch: 154, Train loss: 0.69320, Test loss: 0.69315,Epoch time = 3.741s
06/30/2026 16:40:15 - INFO - utils.trainer -   ***** Running evaluation on test1 dataset *****
06/30/2026 16:40:15 - INFO - utils.trainer -   AUC: 0.51129
06/30/2026 16:40:15 - INFO - utils.trainer -   Accuracy: 0.50070
06/30/2026 16:40:15 - INFO - utils.trainer -   Precision: 0.50138
06/30/2026 16:40:15 - INFO - utils.trainer -   Recall: 0.25634
06/30/2026 16:40:15 - INFO - utils.trainer -   F_score: 0.33924
06/30/2026 16:40:15 - INFO - utils.trainer -   Specificity: 0.74507
06/30/2026 16:40:15 - INFO - utils.trainer -   Sensitivity: 0.25634
06/30/2026 16:40:15 - INFO - utils.trainer -   Loss: 0.69311
06/30/2026 16:40:15 - INFO - utils.trainer -   Epoch: 155, Train loss: 0.69313, Test loss: 0.69311,Epoch time = 2.618s
06/30/2026 16:40:19 - INFO - utils.trainer -   ***** Running evaluation on test1 dataset *****
06/30/2026 16:40:20 - INFO - utils.trainer -   AUC: 0.47959
06/30/2026 16:40:20 - INFO - utils.trainer -   Accuracy: 0.48451
06/30/2026 16:40:20 - INFO - utils.trainer -   Precision: 0.47477
06/30/2026 16:40:20 - INFO - utils.trainer -   Recall: 0.29155
06/30/2026 16:40:20 - INFO - utils.trainer -   F_score: 0.36126
06/30/2026 16:40:20 - INFO - utils.trainer -   Specificity: 0.67746
06/30/2026 16:40:20 - INFO - utils.trainer -   Sensitivity: 0.29155
06/30/2026 16:40:20 - INFO - utils.trainer -   Loss: 0.69320
06/30/2026 16:40:20 - INFO - utils.trainer -   Epoch: 156, Train loss: 0.69315, Test loss: 0.69320,Epoch time = 3.868s
06/30/2026 16:40:23 - INFO - utils.trainer -   ***** Running evaluation on test1 dataset *****
06/30/2026 16:40:23 - INFO - utils.trainer -   AUC: 0.51107
06/30/2026 16:40:23 - INFO - utils.trainer -   Accuracy: 0.51444
06/30/2026 16:40:23 - INFO - utils.trainer -   Precision: 0.52540
06/30/2026 16:40:23 - INFO - utils.trainer -   Recall: 0.29859
06/30/2026 16:40:23 - INFO - utils.trainer -   F_score: 0.38078
06/30/2026 16:40:23 - INFO - utils.trainer -   Specificity: 0.73028
06/30/2026 16:40:23 - INFO - utils.trainer -   Sensitivity: 0.29859
06/30/2026 16:40:23 - INFO - utils.trainer -   Loss: 0.69311
06/30/2026 16:40:23 - INFO - utils.trainer -   Epoch: 157, Train loss: 0.69313, Test loss: 0.69311,Epoch time = 2.650s
06/30/2026 16:40:27 - INFO - utils.trainer -   ***** Running evaluation on test1 dataset *****
06/30/2026 16:40:27 - INFO - utils.trainer -   AUC: 0.50657
06/30/2026 16:40:27 - INFO - utils.trainer -   Accuracy: 0.49894
06/30/2026 16:40:27 - INFO - utils.trainer -   Precision: 0.49802
06/30/2026 16:40:27 - INFO - utils.trainer -   Recall: 0.26549
06/30/2026 16:40:27 - INFO - utils.trainer -   F_score: 0.34635
06/30/2026 16:40:27 - INFO - utils.trainer -   Specificity: 0.73239
06/30/2026 16:40:27 - INFO - utils.trainer -   Sensitivity: 0.26549
06/30/2026 16:40:27 - INFO - utils.trainer -   Loss: 0.69313
06/30/2026 16:40:27 - INFO - utils.trainer -   Epoch: 158, Train loss: 0.69316, Test loss: 0.69313,Epoch time = 3.149s
06/30/2026 16:40:30 - INFO - utils.trainer -   ***** Running evaluation on test1 dataset *****
06/30/2026 16:40:31 - INFO - utils.trainer -   AUC: 0.50671
06/30/2026 16:40:31 - INFO - utils.trainer -   Accuracy: 0.50106
06/30/2026 16:40:31 - INFO - utils.trainer -   Precision: 0.50173
06/30/2026 16:40:31 - INFO - utils.trainer -   Recall: 0.30704
06/30/2026 16:40:31 - INFO - utils.trainer -   F_score: 0.38095
06/30/2026 16:40:31 - INFO - utils.trainer -   Specificity: 0.69507
06/30/2026 16:40:31 - INFO - utils.trainer -   Sensitivity: 0.30704
06/30/2026 16:40:31 - INFO - utils.trainer -   Loss: 0.69313
06/30/2026 16:40:31 - INFO - utils.trainer -   Epoch: 159, Train loss: 0.69317, Test loss: 0.69313,Epoch time = 3.167s
06/30/2026 16:40:34 - INFO - utils.trainer -   ***** Running evaluation on test1 dataset *****
06/30/2026 16:40:35 - INFO - utils.trainer -   AUC: 0.50346
06/30/2026 16:40:35 - INFO - utils.trainer -   Accuracy: 0.50176
06/30/2026 16:40:35 - INFO - utils.trainer -   Precision: 0.50269
06/30/2026 16:40:35 - INFO - utils.trainer -   Recall: 0.32958
06/30/2026 16:40:35 - INFO - utils.trainer -   F_score: 0.39813
06/30/2026 16:40:35 - INFO - utils.trainer -   Specificity: 0.67394
06/30/2026 16:40:35 - INFO - utils.trainer -   Sensitivity: 0.32958
06/30/2026 16:40:35 - INFO - utils.trainer -   Loss: 0.69313
06/30/2026 16:40:35 - INFO - utils.trainer -   Epoch: 160, Train loss: 0.69312, Test loss: 0.69313,Epoch time = 2.633s
06/30/2026 16:40:38 - INFO - utils.trainer -   ***** Running evaluation on test1 dataset *****
06/30/2026 16:40:39 - INFO - utils.trainer -   AUC: 0.49245
06/30/2026 16:40:39 - INFO - utils.trainer -   Accuracy: 0.49577
06/30/2026 16:40:39 - INFO - utils.trainer -   Precision: 0.49376
06/30/2026 16:40:39 - INFO - utils.trainer -   Recall: 0.33451
06/30/2026 16:40:39 - INFO - utils.trainer -   F_score: 0.39882
06/30/2026 16:40:39 - INFO - utils.trainer -   Specificity: 0.65704
06/30/2026 16:40:39 - INFO - utils.trainer -   Sensitivity: 0.33451
06/30/2026 16:40:39 - INFO - utils.trainer -   Loss: 0.69317
06/30/2026 16:40:39 - INFO - utils.trainer -   Epoch: 161, Train loss: 0.69318, Test loss: 0.69317,Epoch time = 3.357s
06/30/2026 16:40:43 - INFO - utils.trainer -   ***** Running evaluation on test1 dataset *****
06/30/2026 16:40:44 - INFO - utils.trainer -   AUC: 0.49138
06/30/2026 16:40:44 - INFO - utils.trainer -   Accuracy: 0.49613
06/30/2026 16:40:44 - INFO - utils.trainer -   Precision: 0.49409
06/30/2026 16:40:44 - INFO - utils.trainer -   Recall: 0.32394
06/30/2026 16:40:44 - INFO - utils.trainer -   F_score: 0.39132
06/30/2026 16:40:44 - INFO - utils.trainer -   Specificity: 0.66831
06/30/2026 16:40:44 - INFO - utils.trainer -   Sensitivity: 0.32394
06/30/2026 16:40:44 - INFO - utils.trainer -   Loss: 0.69317
06/30/2026 16:40:44 - INFO - utils.trainer -   Epoch: 162, Train loss: 0.69316, Test loss: 0.69317,Epoch time = 3.721s
06/30/2026 16:40:47 - INFO - utils.trainer -   ***** Running evaluation on test1 dataset *****
06/30/2026 16:40:47 - INFO - utils.trainer -   AUC: 0.50073
06/30/2026 16:40:47 - INFO - utils.trainer -   Accuracy: 0.50211
06/30/2026 16:40:47 - INFO - utils.trainer -   Precision: 0.50313
06/30/2026 16:40:47 - INFO - utils.trainer -   Recall: 0.33944
06/30/2026 16:40:47 - INFO - utils.trainer -   F_score: 0.40538
06/30/2026 16:40:47 - INFO - utils.trainer -   Specificity: 0.66479
06/30/2026 16:40:47 - INFO - utils.trainer -   Sensitivity: 0.33944
06/30/2026 16:40:47 - INFO - utils.trainer -   Loss: 0.69314
06/30/2026 16:40:47 - INFO - utils.trainer -   Epoch: 163, Train loss: 0.69310, Test loss: 0.69314,Epoch time = 2.916s
06/30/2026 16:40:50 - INFO - utils.trainer -   ***** Running evaluation on test1 dataset *****
06/30/2026 16:40:51 - INFO - utils.trainer -   AUC: 0.48724
06/30/2026 16:40:51 - INFO - utils.trainer -   Accuracy: 0.49120
06/30/2026 16:40:51 - INFO - utils.trainer -   Precision: 0.48581
06/30/2026 16:40:51 - INFO - utils.trainer -   Recall: 0.30141
06/30/2026 16:40:51 - INFO - utils.trainer -   F_score: 0.37201
06/30/2026 16:40:51 - INFO - utils.trainer -   Specificity: 0.68099
06/30/2026 16:40:51 - INFO - utils.trainer -   Sensitivity: 0.30141
06/30/2026 16:40:51 - INFO - utils.trainer -   Loss: 0.69318
06/30/2026 16:40:51 - INFO - utils.trainer -   Epoch: 164, Train loss: 0.69318, Test loss: 0.69318,Epoch time = 2.633s
06/30/2026 16:40:53 - INFO - utils.trainer -   ***** Running evaluation on test1 dataset *****
06/30/2026 16:40:54 - INFO - utils.trainer -   AUC: 0.50338
06/30/2026 16:40:54 - INFO - utils.trainer -   Accuracy: 0.50845
06/30/2026 16:40:54 - INFO - utils.trainer -   Precision: 0.51325
06/30/2026 16:40:54 - INFO - utils.trainer -   Recall: 0.32746
06/30/2026 16:40:54 - INFO - utils.trainer -   F_score: 0.39983
06/30/2026 16:40:54 - INFO - utils.trainer -   Specificity: 0.68944
06/30/2026 16:40:54 - INFO - utils.trainer -   Sensitivity: 0.32746
06/30/2026 16:40:54 - INFO - utils.trainer -   Loss: 0.69314
06/30/2026 16:40:54 - INFO - utils.trainer -   Epoch: 165, Train loss: 0.69324, Test loss: 0.69314,Epoch time = 2.615s
06/30/2026 16:40:57 - INFO - utils.trainer -   ***** Running evaluation on test1 dataset *****
06/30/2026 16:40:58 - INFO - utils.trainer -   AUC: 0.50712
06/30/2026 16:40:58 - INFO - utils.trainer -   Accuracy: 0.51303
06/30/2026 16:40:58 - INFO - utils.trainer -   Precision: 0.52062
06/30/2026 16:40:58 - INFO - utils.trainer -   Recall: 0.32887
06/30/2026 16:40:58 - INFO - utils.trainer -   F_score: 0.40311
06/30/2026 16:40:58 - INFO - utils.trainer -   Specificity: 0.69718
06/30/2026 16:40:58 - INFO - utils.trainer -   Sensitivity: 0.32887
06/30/2026 16:40:58 - INFO - utils.trainer -   Loss: 0.69313
06/30/2026 16:40:58 - INFO - utils.trainer -   Epoch: 166, Train loss: 0.69318, Test loss: 0.69313,Epoch time = 3.493s
06/30/2026 16:41:01 - INFO - utils.trainer -   ***** Running evaluation on test1 dataset *****
06/30/2026 16:41:01 - INFO - utils.trainer -   AUC: 0.51129
06/30/2026 16:41:01 - INFO - utils.trainer -   Accuracy: 0.51197
06/30/2026 16:41:01 - INFO - utils.trainer -   Precision: 0.51749
06/30/2026 16:41:01 - INFO - utils.trainer -   Recall: 0.35423
06/30/2026 16:41:01 - INFO - utils.trainer -   F_score: 0.42057
06/30/2026 16:41:01 - INFO - utils.trainer -   Specificity: 0.66972
06/30/2026 16:41:01 - INFO - utils.trainer -   Sensitivity: 0.35423
06/30/2026 16:41:01 - INFO - utils.trainer -   Loss: 0.69312
06/30/2026 16:41:01 - INFO - utils.trainer -   Epoch: 167, Train loss: 0.69314, Test loss: 0.69312,Epoch time = 2.540s
06/30/2026 16:41:03 - INFO - utils.trainer -   ***** Running evaluation on test1 dataset *****
06/30/2026 16:41:04 - INFO - utils.trainer -   AUC: 0.50329
06/30/2026 16:41:04 - INFO - utils.trainer -   Accuracy: 0.50704
06/30/2026 16:41:04 - INFO - utils.trainer -   Precision: 0.51075
06/30/2026 16:41:04 - INFO - utils.trainer -   Recall: 0.33451
06/30/2026 16:41:04 - INFO - utils.trainer -   F_score: 0.40426
06/30/2026 16:41:04 - INFO - utils.trainer -   Specificity: 0.67958
06/30/2026 16:41:04 - INFO - utils.trainer -   Sensitivity: 0.33451
06/30/2026 16:41:04 - INFO - utils.trainer -   Loss: 0.69314
06/30/2026 16:41:04 - INFO - utils.trainer -   Epoch: 168, Train loss: 0.69317, Test loss: 0.69314,Epoch time = 2.036s
06/30/2026 16:41:07 - INFO - utils.trainer -   ***** Running evaluation on test1 dataset *****
06/30/2026 16:41:08 - INFO - utils.trainer -   AUC: 0.50417
06/30/2026 16:41:08 - INFO - utils.trainer -   Accuracy: 0.50845
06/30/2026 16:41:08 - INFO - utils.trainer -   Precision: 0.51099
06/30/2026 16:41:08 - INFO - utils.trainer -   Recall: 0.39296
06/30/2026 16:41:08 - INFO - utils.trainer -   F_score: 0.44427
06/30/2026 16:41:08 - INFO - utils.trainer -   Specificity: 0.62394
06/30/2026 16:41:08 - INFO - utils.trainer -   Sensitivity: 0.39296
06/30/2026 16:41:08 - INFO - utils.trainer -   Loss: 0.69314
06/30/2026 16:41:08 - INFO - utils.trainer -   Epoch: 169, Train loss: 0.69312, Test loss: 0.69314,Epoch time = 2.959s
06/30/2026 16:41:10 - INFO - utils.trainer -   ***** Running evaluation on test1 dataset *****
06/30/2026 16:41:11 - INFO - utils.trainer -   AUC: 0.48189
06/30/2026 16:41:11 - INFO - utils.trainer -   Accuracy: 0.49401
06/30/2026 16:41:11 - INFO - utils.trainer -   Precision: 0.49194
06/30/2026 16:41:11 - INFO - utils.trainer -   Recall: 0.36549
06/30/2026 16:41:11 - INFO - utils.trainer -   F_score: 0.41939
06/30/2026 16:41:11 - INFO - utils.trainer -   Specificity: 0.62254
06/30/2026 16:41:11 - INFO - utils.trainer -   Sensitivity: 0.36549
06/30/2026 16:41:11 - INFO - utils.trainer -   Loss: 0.69320
06/30/2026 16:41:11 - INFO - utils.trainer -   Epoch: 170, Train loss: 0.69314, Test loss: 0.69320,Epoch time = 2.692s
06/30/2026 16:41:14 - INFO - utils.trainer -   ***** Running evaluation on test1 dataset *****
06/30/2026 16:41:15 - INFO - utils.trainer -   AUC: 0.52415
06/30/2026 16:41:15 - INFO - utils.trainer -   Accuracy: 0.51831
06/30/2026 16:41:15 - INFO - utils.trainer -   Precision: 0.52590
06/30/2026 16:41:15 - INFO - utils.trainer -   Recall: 0.37183
06/30/2026 16:41:15 - INFO - utils.trainer -   F_score: 0.43564
06/30/2026 16:41:15 - INFO - utils.trainer -   Specificity: 0.66479
06/30/2026 16:41:15 - INFO - utils.trainer -   Sensitivity: 0.37183
06/30/2026 16:41:15 - INFO - utils.trainer -   Loss: 0.69308
06/30/2026 16:41:15 - INFO - utils.trainer -   Epoch: 171, Train loss: 0.69313, Test loss: 0.69308,Epoch time = 2.643s
06/30/2026 16:41:18 - INFO - utils.trainer -   ***** Running evaluation on test1 dataset *****
06/30/2026 16:41:18 - INFO - utils.trainer -   AUC: 0.49316
06/30/2026 16:41:18 - INFO - utils.trainer -   Accuracy: 0.49648
06/30/2026 16:41:18 - INFO - utils.trainer -   Precision: 0.49470
06/30/2026 16:41:18 - INFO - utils.trainer -   Recall: 0.32887
06/30/2026 16:41:18 - INFO - utils.trainer -   F_score: 0.39509
06/30/2026 16:41:18 - INFO - utils.trainer -   Specificity: 0.66408
06/30/2026 16:41:18 - INFO - utils.trainer -   Sensitivity: 0.32887
06/30/2026 16:41:18 - INFO - utils.trainer -   Loss: 0.69317
06/30/2026 16:41:18 - INFO - utils.trainer -   Epoch: 172, Train loss: 0.69316, Test loss: 0.69317,Epoch time = 2.992s
06/30/2026 16:41:21 - INFO - utils.trainer -   ***** Running evaluation on test1 dataset *****
06/30/2026 16:41:22 - INFO - utils.trainer -   AUC: 0.51269
06/30/2026 16:41:22 - INFO - utils.trainer -   Accuracy: 0.50493
06/30/2026 16:41:22 - INFO - utils.trainer -   Precision: 0.50684
06/30/2026 16:41:22 - INFO - utils.trainer -   Recall: 0.36549
06/30/2026 16:41:22 - INFO - utils.trainer -   F_score: 0.42471
06/30/2026 16:41:22 - INFO - utils.trainer -   Specificity: 0.64437
06/30/2026 16:41:22 - INFO - utils.trainer -   Sensitivity: 0.36549
06/30/2026 16:41:22 - INFO - utils.trainer -   Loss: 0.69312
06/30/2026 16:41:22 - INFO - utils.trainer -   Epoch: 173, Train loss: 0.69313, Test loss: 0.69312,Epoch time = 2.492s
06/30/2026 16:41:25 - INFO - utils.trainer -   ***** Running evaluation on test1 dataset *****
06/30/2026 16:41:26 - INFO - utils.trainer -   AUC: 0.51341
06/30/2026 16:41:26 - INFO - utils.trainer -   Accuracy: 0.50880
06/30/2026 16:41:26 - INFO - utils.trainer -   Precision: 0.51317
06/30/2026 16:41:26 - INFO - utils.trainer -   Recall: 0.34296
06/30/2026 16:41:26 - INFO - utils.trainer -   F_score: 0.41114
06/30/2026 16:41:26 - INFO - utils.trainer -   Specificity: 0.67465
06/30/2026 16:41:26 - INFO - utils.trainer -   Sensitivity: 0.34296
06/30/2026 16:41:26 - INFO - utils.trainer -   Loss: 0.69312
06/30/2026 16:41:26 - INFO - utils.trainer -   Epoch: 174, Train loss: 0.69311, Test loss: 0.69312,Epoch time = 3.581s
06/30/2026 16:41:29 - INFO - utils.trainer -   ***** Running evaluation on test1 dataset *****
06/30/2026 16:41:30 - INFO - utils.trainer -   AUC: 0.47431
06/30/2026 16:41:30 - INFO - utils.trainer -   Accuracy: 0.48415
06/30/2026 16:41:30 - INFO - utils.trainer -   Precision: 0.47761
06/30/2026 16:41:30 - INFO - utils.trainer -   Recall: 0.33803
06/30/2026 16:41:30 - INFO - utils.trainer -   F_score: 0.39588
06/30/2026 16:41:30 - INFO - utils.trainer -   Specificity: 0.63028
06/30/2026 16:41:30 - INFO - utils.trainer -   Sensitivity: 0.33803
06/30/2026 16:41:30 - INFO - utils.trainer -   Loss: 0.69321
06/30/2026 16:41:30 - INFO - utils.trainer -   Epoch: 175, Train loss: 0.69319, Test loss: 0.69321,Epoch time = 2.889s
06/30/2026 16:41:32 - INFO - utils.trainer -   ***** Running evaluation on test1 dataset *****
06/30/2026 16:41:32 - INFO - utils.trainer -   AUC: 0.51495
06/30/2026 16:41:32 - INFO - utils.trainer -   Accuracy: 0.51620
06/30/2026 16:41:32 - INFO - utils.trainer -   Precision: 0.52264
06/30/2026 16:41:32 - INFO - utils.trainer -   Recall: 0.37394
06/30/2026 16:41:32 - INFO - utils.trainer -   F_score: 0.43596
06/30/2026 16:41:32 - INFO - utils.trainer -   Specificity: 0.65845
06/30/2026 16:41:32 - INFO - utils.trainer -   Sensitivity: 0.37394
06/30/2026 16:41:32 - INFO - utils.trainer -   Loss: 0.69311
06/30/2026 16:41:32 - INFO - utils.trainer -   Epoch: 176, Train loss: 0.69313, Test loss: 0.69311,Epoch time = 1.641s
06/30/2026 16:41:35 - INFO - utils.trainer -   ***** Running evaluation on test1 dataset *****
06/30/2026 16:41:36 - INFO - utils.trainer -   AUC: 0.49698
06/30/2026 16:41:36 - INFO - utils.trainer -   Accuracy: 0.49437
06/30/2026 16:41:36 - INFO - utils.trainer -   Precision: 0.49296
06/30/2026 16:41:36 - INFO - utils.trainer -   Recall: 0.39437
06/30/2026 16:41:36 - INFO - utils.trainer -   F_score: 0.43818
06/30/2026 16:41:36 - INFO - utils.trainer -   Specificity: 0.59437
06/30/2026 16:41:36 - INFO - utils.trainer -   Sensitivity: 0.39437
06/30/2026 16:41:36 - INFO - utils.trainer -   Loss: 0.69316
06/30/2026 16:41:36 - INFO - utils.trainer -   Epoch: 177, Train loss: 0.69320, Test loss: 0.69316,Epoch time = 2.758s
06/30/2026 16:41:38 - INFO - utils.trainer -   ***** Running evaluation on test1 dataset *****
06/30/2026 16:41:39 - INFO - utils.trainer -   AUC: 0.50873
06/30/2026 16:41:39 - INFO - utils.trainer -   Accuracy: 0.50704
06/30/2026 16:41:39 - INFO - utils.trainer -   Precision: 0.50967
06/30/2026 16:41:39 - INFO - utils.trainer -   Recall: 0.37113
06/30/2026 16:41:39 - INFO - utils.trainer -   F_score: 0.42950
06/30/2026 16:41:39 - INFO - utils.trainer -   Specificity: 0.64296
06/30/2026 16:41:39 - INFO - utils.trainer -   Sensitivity: 0.37113
06/30/2026 16:41:39 - INFO - utils.trainer -   Loss: 0.69312
06/30/2026 16:41:39 - INFO - utils.trainer -   Epoch: 178, Train loss: 0.69313, Test loss: 0.69312,Epoch time = 2.415s
06/30/2026 16:41:41 - INFO - utils.trainer -   ***** Running evaluation on test1 dataset *****
06/30/2026 16:41:42 - INFO - utils.trainer -   AUC: 0.48951
06/30/2026 16:41:42 - INFO - utils.trainer -   Accuracy: 0.48908
06/30/2026 16:41:42 - INFO - utils.trainer -   Precision: 0.48508
06/30/2026 16:41:42 - INFO - utils.trainer -   Recall: 0.35493
06/30/2026 16:41:42 - INFO - utils.trainer -   F_score: 0.40992
06/30/2026 16:41:42 - INFO - utils.trainer -   Specificity: 0.62324
06/30/2026 16:41:42 - INFO - utils.trainer -   Sensitivity: 0.35493
06/30/2026 16:41:42 - INFO - utils.trainer -   Loss: 0.69317
06/30/2026 16:41:42 - INFO - utils.trainer -   Epoch: 179, Train loss: 0.69315, Test loss: 0.69317,Epoch time = 2.418s
06/30/2026 16:41:45 - INFO - utils.trainer -   ***** Running evaluation on test1 dataset *****
06/30/2026 16:41:45 - INFO - utils.trainer -   AUC: 0.50257
06/30/2026 16:41:45 - INFO - utils.trainer -   Accuracy: 0.51338
06/30/2026 16:41:45 - INFO - utils.trainer -   Precision: 0.51830
06/30/2026 16:41:45 - INFO - utils.trainer -   Recall: 0.37887
06/30/2026 16:41:45 - INFO - utils.trainer -   F_score: 0.43775
06/30/2026 16:41:45 - INFO - utils.trainer -   Specificity: 0.64789
06/30/2026 16:41:45 - INFO - utils.trainer -   Sensitivity: 0.37887
06/30/2026 16:41:45 - INFO - utils.trainer -   Loss: 0.69315
06/30/2026 16:41:45 - INFO - utils.trainer -   Epoch: 180, Train loss: 0.69316, Test loss: 0.69315,Epoch time = 2.600s
06/30/2026 16:41:48 - INFO - utils.trainer -   ***** Running evaluation on test1 dataset *****
06/30/2026 16:41:49 - INFO - utils.trainer -   AUC: 0.48444
06/30/2026 16:41:49 - INFO - utils.trainer -   Accuracy: 0.48768
06/30/2026 16:41:49 - INFO - utils.trainer -   Precision: 0.48366
06/30/2026 16:41:49 - INFO - utils.trainer -   Recall: 0.36479
06/30/2026 16:41:49 - INFO - utils.trainer -   F_score: 0.41590
06/30/2026 16:41:49 - INFO - utils.trainer -   Specificity: 0.61056
06/30/2026 16:41:49 - INFO - utils.trainer -   Sensitivity: 0.36479
06/30/2026 16:41:49 - INFO - utils.trainer -   Loss: 0.69319
06/30/2026 16:41:49 - INFO - utils.trainer -   Epoch: 181, Train loss: 0.69314, Test loss: 0.69319,Epoch time = 2.627s
06/30/2026 16:41:51 - INFO - utils.trainer -   ***** Running evaluation on test1 dataset *****
06/30/2026 16:41:52 - INFO - utils.trainer -   AUC: 0.49789
06/30/2026 16:41:52 - INFO - utils.trainer -   Accuracy: 0.49683
06/30/2026 16:41:52 - INFO - utils.trainer -   Precision: 0.49582
06/30/2026 16:41:52 - INFO - utils.trainer -   Recall: 0.37606
06/30/2026 16:41:52 - INFO - utils.trainer -   F_score: 0.42771
06/30/2026 16:41:52 - INFO - utils.trainer -   Specificity: 0.61761
06/30/2026 16:41:52 - INFO - utils.trainer -   Sensitivity: 0.37606
06/30/2026 16:41:52 - INFO - utils.trainer -   Loss: 0.69315
06/30/2026 16:41:52 - INFO - utils.trainer -   Epoch: 182, Train loss: 0.69316, Test loss: 0.69315,Epoch time = 2.645s
06/30/2026 16:41:55 - INFO - utils.trainer -   ***** Running evaluation on test1 dataset *****
06/30/2026 16:41:55 - INFO - utils.trainer -   AUC: 0.49957
06/30/2026 16:41:55 - INFO - utils.trainer -   Accuracy: 0.50599
06/30/2026 16:41:55 - INFO - utils.trainer -   Precision: 0.50789
06/30/2026 16:41:55 - INFO - utils.trainer -   Recall: 0.38521
06/30/2026 16:41:55 - INFO - utils.trainer -   F_score: 0.43813
06/30/2026 16:41:55 - INFO - utils.trainer -   Specificity: 0.62676
06/30/2026 16:41:55 - INFO - utils.trainer -   Sensitivity: 0.38521
06/30/2026 16:41:55 - INFO - utils.trainer -   Loss: 0.69315
06/30/2026 16:41:55 - INFO - utils.trainer -   Epoch: 183, Train loss: 0.69319, Test loss: 0.69315,Epoch time = 2.592s
06/30/2026 16:41:58 - INFO - utils.trainer -   ***** Running evaluation on test1 dataset *****
06/30/2026 16:41:58 - INFO - utils.trainer -   AUC: 0.49206
06/30/2026 16:41:58 - INFO - utils.trainer -   Accuracy: 0.49190
06/30/2026 16:41:58 - INFO - utils.trainer -   Precision: 0.48891
06/30/2026 16:41:58 - INFO - utils.trainer -   Recall: 0.35704
06/30/2026 16:41:58 - INFO - utils.trainer -   F_score: 0.41270
06/30/2026 16:41:58 - INFO - utils.trainer -   Specificity: 0.62676
06/30/2026 16:41:58 - INFO - utils.trainer -   Sensitivity: 0.35704
06/30/2026 16:41:58 - INFO - utils.trainer -   Loss: 0.69317
06/30/2026 16:41:58 - INFO - utils.trainer -   Epoch: 184, Train loss: 0.69314, Test loss: 0.69317,Epoch time = 2.228s
06/30/2026 16:42:02 - INFO - utils.trainer -   ***** Running evaluation on test1 dataset *****
06/30/2026 16:42:02 - INFO - utils.trainer -   AUC: 0.50804
06/30/2026 16:42:02 - INFO - utils.trainer -   Accuracy: 0.50845
06/30/2026 16:42:02 - INFO - utils.trainer -   Precision: 0.51124
06/30/2026 16:42:02 - INFO - utils.trainer -   Recall: 0.38451
06/30/2026 16:42:02 - INFO - utils.trainer -   F_score: 0.43891
06/30/2026 16:42:02 - INFO - utils.trainer -   Specificity: 0.63239
06/30/2026 16:42:02 - INFO - utils.trainer -   Sensitivity: 0.38451
06/30/2026 16:42:02 - INFO - utils.trainer -   Loss: 0.69313
06/30/2026 16:42:02 - INFO - utils.trainer -   Epoch: 185, Train loss: 0.69311, Test loss: 0.69313,Epoch time = 3.371s
06/30/2026 16:42:06 - INFO - utils.trainer -   ***** Running evaluation on test1 dataset *****
06/30/2026 16:42:07 - INFO - utils.trainer -   AUC: 0.48020
06/30/2026 16:42:07 - INFO - utils.trainer -   Accuracy: 0.48873
06/30/2026 16:42:07 - INFO - utils.trainer -   Precision: 0.48561
06/30/2026 16:42:07 - INFO - utils.trainer -   Recall: 0.38028
06/30/2026 16:42:07 - INFO - utils.trainer -   F_score: 0.42654
06/30/2026 16:42:07 - INFO - utils.trainer -   Specificity: 0.59718
06/30/2026 16:42:07 - INFO - utils.trainer -   Sensitivity: 0.38028
06/30/2026 16:42:07 - INFO - utils.trainer -   Loss: 0.69320
06/30/2026 16:42:07 - INFO - utils.trainer -   Epoch: 186, Train loss: 0.69317, Test loss: 0.69320,Epoch time = 3.577s
06/30/2026 16:42:10 - INFO - utils.trainer -   ***** Running evaluation on test1 dataset *****
06/30/2026 16:42:11 - INFO - utils.trainer -   AUC: 0.50995
06/30/2026 16:42:11 - INFO - utils.trainer -   Accuracy: 0.50810
06/30/2026 16:42:11 - INFO - utils.trainer -   Precision: 0.51082
06/30/2026 16:42:11 - INFO - utils.trainer -   Recall: 0.38239
06/30/2026 16:42:11 - INFO - utils.trainer -   F_score: 0.43737
06/30/2026 16:42:11 - INFO - utils.trainer -   Specificity: 0.63380
06/30/2026 16:42:11 - INFO - utils.trainer -   Sensitivity: 0.38239
06/30/2026 16:42:11 - INFO - utils.trainer -   Loss: 0.69312
06/30/2026 16:42:11 - INFO - utils.trainer -   Epoch: 187, Train loss: 0.69319, Test loss: 0.69312,Epoch time = 3.507s
06/30/2026 16:42:14 - INFO - utils.trainer -   ***** Running evaluation on test1 dataset *****
06/30/2026 16:42:15 - INFO - utils.trainer -   AUC: 0.49793
06/30/2026 16:42:15 - INFO - utils.trainer -   Accuracy: 0.50000
06/30/2026 16:42:15 - INFO - utils.trainer -   Precision: 0.50000
06/30/2026 16:42:15 - INFO - utils.trainer -   Recall: 0.36127
06/30/2026 16:42:15 - INFO - utils.trainer -   F_score: 0.41946
06/30/2026 16:42:15 - INFO - utils.trainer -   Specificity: 0.63873
06/30/2026 16:42:15 - INFO - utils.trainer -   Sensitivity: 0.36127
06/30/2026 16:42:15 - INFO - utils.trainer -   Loss: 0.69316
06/30/2026 16:42:15 - INFO - utils.trainer -   Epoch: 188, Train loss: 0.69313, Test loss: 0.69316,Epoch time = 3.176s
06/30/2026 16:42:18 - INFO - utils.trainer -   ***** Running evaluation on test1 dataset *****
06/30/2026 16:42:18 - INFO - utils.trainer -   AUC: 0.48954
06/30/2026 16:42:18 - INFO - utils.trainer -   Accuracy: 0.49261
06/30/2026 16:42:18 - INFO - utils.trainer -   Precision: 0.49025
06/30/2026 16:42:18 - INFO - utils.trainer -   Recall: 0.37183
06/30/2026 16:42:18 - INFO - utils.trainer -   F_score: 0.42291
06/30/2026 16:42:18 - INFO - utils.trainer -   Specificity: 0.61338
06/30/2026 16:42:18 - INFO - utils.trainer -   Sensitivity: 0.37183
06/30/2026 16:42:18 - INFO - utils.trainer -   Loss: 0.69317
06/30/2026 16:42:18 - INFO - utils.trainer -   Epoch: 189, Train loss: 0.69316, Test loss: 0.69317,Epoch time = 2.850s
06/30/2026 16:42:22 - INFO - utils.trainer -   ***** Running evaluation on test1 dataset *****
06/30/2026 16:42:22 - INFO - utils.trainer -   AUC: 0.50186
06/30/2026 16:42:22 - INFO - utils.trainer -   Accuracy: 0.50317
06/30/2026 16:42:22 - INFO - utils.trainer -   Precision: 0.50413
06/30/2026 16:42:22 - INFO - utils.trainer -   Recall: 0.38662
06/30/2026 16:42:22 - INFO - utils.trainer -   F_score: 0.43762
06/30/2026 16:42:22 - INFO - utils.trainer -   Specificity: 0.61972
06/30/2026 16:42:22 - INFO - utils.trainer -   Sensitivity: 0.38662
06/30/2026 16:42:22 - INFO - utils.trainer -   Loss: 0.69314
06/30/2026 16:42:22 - INFO - utils.trainer -   Epoch: 190, Train loss: 0.69314, Test loss: 0.69314,Epoch time = 3.183s
06/30/2026 16:42:26 - INFO - utils.trainer -   ***** Running evaluation on test1 dataset *****
06/30/2026 16:42:27 - INFO - utils.trainer -   AUC: 0.48470
06/30/2026 16:42:27 - INFO - utils.trainer -   Accuracy: 0.48873
06/30/2026 16:42:27 - INFO - utils.trainer -   Precision: 0.48516
06/30/2026 16:42:27 - INFO - utils.trainer -   Recall: 0.36831
06/30/2026 16:42:27 - INFO - utils.trainer -   F_score: 0.41873
06/30/2026 16:42:27 - INFO - utils.trainer -   Specificity: 0.60915
06/30/2026 16:42:27 - INFO - utils.trainer -   Sensitivity: 0.36831
06/30/2026 16:42:27 - INFO - utils.trainer -   Loss: 0.69319
06/30/2026 16:42:27 - INFO - utils.trainer -   Epoch: 191, Train loss: 0.69315, Test loss: 0.69319,Epoch time = 3.440s
06/30/2026 16:42:30 - INFO - utils.trainer -   ***** Running evaluation on test1 dataset *****
06/30/2026 16:42:31 - INFO - utils.trainer -   AUC: 0.49456
06/30/2026 16:42:31 - INFO - utils.trainer -   Accuracy: 0.50000
06/30/2026 16:42:31 - INFO - utils.trainer -   Precision: 0.50000
06/30/2026 16:42:31 - INFO - utils.trainer -   Recall: 0.37254
06/30/2026 16:42:31 - INFO - utils.trainer -   F_score: 0.42696
06/30/2026 16:42:31 - INFO - utils.trainer -   Specificity: 0.62746
06/30/2026 16:42:31 - INFO - utils.trainer -   Sensitivity: 0.37254
06/30/2026 16:42:31 - INFO - utils.trainer -   Loss: 0.69316
06/30/2026 16:42:31 - INFO - utils.trainer -   Epoch: 192, Train loss: 0.69318, Test loss: 0.69316,Epoch time = 3.181s
06/30/2026 16:42:33 - INFO - utils.trainer -   ***** Running evaluation on test1 dataset *****
06/30/2026 16:42:34 - INFO - utils.trainer -   AUC: 0.51236
06/30/2026 16:42:34 - INFO - utils.trainer -   Accuracy: 0.51303
06/30/2026 16:42:34 - INFO - utils.trainer -   Precision: 0.51754
06/30/2026 16:42:34 - INFO - utils.trainer -   Recall: 0.38451
06/30/2026 16:42:34 - INFO - utils.trainer -   F_score: 0.44121
06/30/2026 16:42:34 - INFO - utils.trainer -   Specificity: 0.64155
06/30/2026 16:42:34 - INFO - utils.trainer -   Sensitivity: 0.38451
06/30/2026 16:42:34 - INFO - utils.trainer -   Loss: 0.69312
06/30/2026 16:42:34 - INFO - utils.trainer -   Epoch: 193, Train loss: 0.69315, Test loss: 0.69312,Epoch time = 2.761s
06/30/2026 16:42:38 - INFO - utils.trainer -   ***** Running evaluation on test1 dataset *****
06/30/2026 16:42:39 - INFO - utils.trainer -   AUC: 0.50104
06/30/2026 16:42:39 - INFO - utils.trainer -   Accuracy: 0.50000
06/30/2026 16:42:39 - INFO - utils.trainer -   Precision: 0.50000
06/30/2026 16:42:39 - INFO - utils.trainer -   Recall: 0.39296
06/30/2026 16:42:39 - INFO - utils.trainer -   F_score: 0.44006
06/30/2026 16:42:39 - INFO - utils.trainer -   Specificity: 0.60704
06/30/2026 16:42:39 - INFO - utils.trainer -   Sensitivity: 0.39296
06/30/2026 16:42:39 - INFO - utils.trainer -   Loss: 0.69314
06/30/2026 16:42:39 - INFO - utils.trainer -   Epoch: 194, Train loss: 0.69316, Test loss: 0.69314,Epoch time = 3.366s
06/30/2026 16:42:42 - INFO - utils.trainer -   ***** Running evaluation on test1 dataset *****
06/30/2026 16:42:43 - INFO - utils.trainer -   AUC: 0.49343
06/30/2026 16:42:43 - INFO - utils.trainer -   Accuracy: 0.49965
06/30/2026 16:42:43 - INFO - utils.trainer -   Precision: 0.49954
06/30/2026 16:42:43 - INFO - utils.trainer -   Recall: 0.38380
06/30/2026 16:42:43 - INFO - utils.trainer -   F_score: 0.43409
06/30/2026 16:42:43 - INFO - utils.trainer -   Specificity: 0.61549
06/30/2026 16:42:43 - INFO - utils.trainer -   Sensitivity: 0.38380
06/30/2026 16:42:43 - INFO - utils.trainer -   Loss: 0.69317
06/30/2026 16:42:43 - INFO - utils.trainer -   Epoch: 195, Train loss: 0.69314, Test loss: 0.69317,Epoch time = 3.226s
06/30/2026 16:42:45 - INFO - utils.trainer -   ***** Running evaluation on test1 dataset *****
06/30/2026 16:42:46 - INFO - utils.trainer -   AUC: 0.48423
06/30/2026 16:42:46 - INFO - utils.trainer -   Accuracy: 0.48451
06/30/2026 16:42:46 - INFO - utils.trainer -   Precision: 0.47970
06/30/2026 16:42:46 - INFO - utils.trainer -   Recall: 0.36620
06/30/2026 16:42:46 - INFO - utils.trainer -   F_score: 0.41534
06/30/2026 16:42:46 - INFO - utils.trainer -   Specificity: 0.60282
06/30/2026 16:42:46 - INFO - utils.trainer -   Sensitivity: 0.36620
06/30/2026 16:42:46 - INFO - utils.trainer -   Loss: 0.69319
06/30/2026 16:42:46 - INFO - utils.trainer -   Epoch: 196, Train loss: 0.69315, Test loss: 0.69319,Epoch time = 2.686s
06/30/2026 16:42:49 - INFO - utils.trainer -   ***** Running evaluation on test1 dataset *****
06/30/2026 16:42:49 - INFO - utils.trainer -   AUC: 0.51119
06/30/2026 16:42:49 - INFO - utils.trainer -   Accuracy: 0.51444
06/30/2026 16:42:49 - INFO - utils.trainer -   Precision: 0.51879
06/30/2026 16:42:49 - INFO - utils.trainer -   Recall: 0.39859
06/30/2026 16:42:49 - INFO - utils.trainer -   F_score: 0.45082
06/30/2026 16:42:49 - INFO - utils.trainer -   Specificity: 0.63028
06/30/2026 16:42:49 - INFO - utils.trainer -   Sensitivity: 0.39859
06/30/2026 16:42:49 - INFO - utils.trainer -   Loss: 0.69312
06/30/2026 16:42:49 - INFO - utils.trainer -   Epoch: 197, Train loss: 0.69314, Test loss: 0.69312,Epoch time = 2.631s
06/30/2026 16:42:53 - INFO - utils.trainer -   ***** Running evaluation on test1 dataset *****
06/30/2026 16:42:54 - INFO - utils.trainer -   AUC: 0.50095
06/30/2026 16:42:54 - INFO - utils.trainer -   Accuracy: 0.50669
06/30/2026 16:42:54 - INFO - utils.trainer -   Precision: 0.50863
06/30/2026 16:42:54 - INFO - utils.trainer -   Recall: 0.39437
06/30/2026 16:42:54 - INFO - utils.trainer -   F_score: 0.44427
06/30/2026 16:42:54 - INFO - utils.trainer -   Specificity: 0.61901
06/30/2026 16:42:54 - INFO - utils.trainer -   Sensitivity: 0.39437
06/30/2026 16:42:54 - INFO - utils.trainer -   Loss: 0.69315
06/30/2026 16:42:54 - INFO - utils.trainer -   Epoch: 198, Train loss: 0.69311, Test loss: 0.69315,Epoch time = 3.714s
06/30/2026 16:42:57 - INFO - utils.trainer -   ***** Running evaluation on test1 dataset *****
06/30/2026 16:42:58 - INFO - utils.trainer -   AUC: 0.49980
06/30/2026 16:42:58 - INFO - utils.trainer -   Accuracy: 0.49965
06/30/2026 16:42:58 - INFO - utils.trainer -   Precision: 0.49955
06/30/2026 16:42:58 - INFO - utils.trainer -   Recall: 0.39296
06/30/2026 16:42:58 - INFO - utils.trainer -   F_score: 0.43989
06/30/2026 16:42:58 - INFO - utils.trainer -   Specificity: 0.60634
06/30/2026 16:42:58 - INFO - utils.trainer -   Sensitivity: 0.39296
06/30/2026 16:42:58 - INFO - utils.trainer -   Loss: 0.69315
06/30/2026 16:42:58 - INFO - utils.trainer -   Epoch: 199, Train loss: 0.69313, Test loss: 0.69315,Epoch time = 2.974s
06/30/2026 16:43:00 - INFO - utils.trainer -   ***** Running evaluation on test1 dataset *****
06/30/2026 16:43:01 - INFO - utils.trainer -   AUC: 0.49473
06/30/2026 16:43:01 - INFO - utils.trainer -   Accuracy: 0.49507
06/30/2026 16:43:01 - INFO - utils.trainer -   Precision: 0.49362
06/30/2026 16:43:01 - INFO - utils.trainer -   Recall: 0.38169
06/30/2026 16:43:01 - INFO - utils.trainer -   F_score: 0.43050
06/30/2026 16:43:01 - INFO - utils.trainer -   Specificity: 0.60845
06/30/2026 16:43:01 - INFO - utils.trainer -   Sensitivity: 0.38169
06/30/2026 16:43:01 - INFO - utils.trainer -   Loss: 0.69317
06/30/2026 16:43:01 - INFO - utils.trainer -   Epoch: 200, Train loss: 0.69318, Test loss: 0.69317,Epoch time = 2.501s
06/30/2026 16:43:01 - INFO - __main__ -   ########## Repeat:2 ##########
06/30/2026 16:43:01 - INFO - utils.trainer -   ***** Running training *****
06/30/2026 16:43:01 - INFO - utils.trainer -     Num examples = 230
06/30/2026 16:43:01 - INFO - utils.trainer -     Num Epochs = 200
06/30/2026 16:43:01 - INFO - utils.trainer -     Total train batch size = 16
06/30/2026 16:43:01 - INFO - utils.trainer -     warmup steps = 400
06/30/2026 16:43:01 - INFO - utils.trainer -     Total optimization steps = 46000
06/30/2026 16:43:01 - INFO - utils.trainer -     Save steps = 200
06/30/2026 16:43:01 - INFO - root -   Parameters [normal] length [50]
06/30/2026 16:43:03 - INFO - utils.trainer -   ***** Running evaluation on test2 dataset *****
06/30/2026 16:43:04 - INFO - utils.trainer -   AUC: 0.48722
06/30/2026 16:43:04 - INFO - utils.trainer -   Accuracy: 0.48204
06/30/2026 16:43:04 - INFO - utils.trainer -   Precision: 0.48255
06/30/2026 16:43:04 - INFO - utils.trainer -   Recall: 0.49648
06/30/2026 16:43:04 - INFO - utils.trainer -   F_score: 0.48941
06/30/2026 16:43:04 - INFO - utils.trainer -   Specificity: 0.46761
06/30/2026 16:43:04 - INFO - utils.trainer -   Sensitivity: 0.49648
06/30/2026 16:43:04 - INFO - utils.trainer -   Loss: 0.69408
06/30/2026 16:43:04 - INFO - utils.trainer -   Saving model checkpoint to output_dir/VIB
06/30/2026 16:43:04 - INFO - utils.trainer -   Epoch: 1, Train loss: 0.69472, Test loss: 0.69408,Epoch time = 2.350s
06/30/2026 16:43:07 - INFO - utils.trainer -   ***** Running evaluation on test2 dataset *****
06/30/2026 16:43:07 - INFO - utils.trainer -   AUC: 0.49088
06/30/2026 16:43:07 - INFO - utils.trainer -   Accuracy: 0.49472
06/30/2026 16:43:07 - INFO - utils.trainer -   Precision: 0.49270
06/30/2026 16:43:07 - INFO - utils.trainer -   Recall: 0.35634
06/30/2026 16:43:07 - INFO - utils.trainer -   F_score: 0.41357
06/30/2026 16:43:07 - INFO - utils.trainer -   Specificity: 0.63310
06/30/2026 16:43:07 - INFO - utils.trainer -   Sensitivity: 0.35634
06/30/2026 16:43:07 - INFO - utils.trainer -   Loss: 0.69365
06/30/2026 16:43:07 - INFO - utils.trainer -   Epoch: 2, Train loss: 0.69383, Test loss: 0.69365,Epoch time = 2.622s
06/30/2026 16:43:11 - INFO - utils.trainer -   ***** Running evaluation on test2 dataset *****
06/30/2026 16:43:11 - INFO - utils.trainer -   AUC: 0.50484
06/30/2026 16:43:11 - INFO - utils.trainer -   Accuracy: 0.50141
06/30/2026 16:43:11 - INFO - utils.trainer -   Precision: 0.51639
06/30/2026 16:43:11 - INFO - utils.trainer -   Recall: 0.04437
06/30/2026 16:43:11 - INFO - utils.trainer -   F_score: 0.08171
06/30/2026 16:43:11 - INFO - utils.trainer -   Specificity: 0.95845
06/30/2026 16:43:11 - INFO - utils.trainer -   Sensitivity: 0.04437
06/30/2026 16:43:11 - INFO - utils.trainer -   Loss: 0.69313
06/30/2026 16:43:11 - INFO - utils.trainer -   Epoch: 3, Train loss: 0.69386, Test loss: 0.69313,Epoch time = 3.091s
06/30/2026 16:43:14 - INFO - utils.trainer -   ***** Running evaluation on test2 dataset *****
06/30/2026 16:43:15 - INFO - utils.trainer -   AUC: 0.49529
06/30/2026 16:43:15 - INFO - utils.trainer -   Accuracy: 0.50035
06/30/2026 16:43:15 - INFO - utils.trainer -   Precision: 0.50033
06/30/2026 16:43:15 - INFO - utils.trainer -   Recall: 0.52958
06/30/2026 16:43:15 - INFO - utils.trainer -   F_score: 0.51454
06/30/2026 16:43:15 - INFO - utils.trainer -   Specificity: 0.47113
06/30/2026 16:43:15 - INFO - utils.trainer -   Sensitivity: 0.52958
06/30/2026 16:43:15 - INFO - utils.trainer -   Loss: 0.69345
06/30/2026 16:43:15 - INFO - utils.trainer -   Saving model checkpoint to output_dir/VIB
06/30/2026 16:43:15 - INFO - utils.trainer -   Epoch: 4, Train loss: 0.69318, Test loss: 0.69345,Epoch time = 2.872s
06/30/2026 16:43:18 - INFO - utils.trainer -   ***** Running evaluation on test2 dataset *****
06/30/2026 16:43:18 - INFO - utils.trainer -   AUC: 0.48668
06/30/2026 16:43:18 - INFO - utils.trainer -   Accuracy: 0.49155
06/30/2026 16:43:18 - INFO - utils.trainer -   Precision: 0.44393
06/30/2026 16:43:18 - INFO - utils.trainer -   Recall: 0.06690
06/30/2026 16:43:18 - INFO - utils.trainer -   F_score: 0.11628
06/30/2026 16:43:18 - INFO - utils.trainer -   Specificity: 0.91620
06/30/2026 16:43:18 - INFO - utils.trainer -   Sensitivity: 0.06690
06/30/2026 16:43:18 - INFO - utils.trainer -   Loss: 0.69341
06/30/2026 16:43:18 - INFO - utils.trainer -   Epoch: 5, Train loss: 0.69360, Test loss: 0.69341,Epoch time = 2.778s
06/30/2026 16:43:21 - INFO - utils.trainer -   ***** Running evaluation on test2 dataset *****
06/30/2026 16:43:21 - INFO - utils.trainer -   AUC: 0.49446
06/30/2026 16:43:21 - INFO - utils.trainer -   Accuracy: 0.49824
06/30/2026 16:43:21 - INFO - utils.trainer -   Precision: 0.49800
06/30/2026 16:43:21 - INFO - utils.trainer -   Recall: 0.43873
06/30/2026 16:43:21 - INFO - utils.trainer -   F_score: 0.46649
06/30/2026 16:43:21 - INFO - utils.trainer -   Specificity: 0.55775
06/30/2026 16:43:21 - INFO - utils.trainer -   Sensitivity: 0.43873
06/30/2026 16:43:21 - INFO - utils.trainer -   Loss: 0.69325
06/30/2026 16:43:21 - INFO - utils.trainer -   Epoch: 6, Train loss: 0.69377, Test loss: 0.69325,Epoch time = 2.235s
06/30/2026 16:43:25 - INFO - utils.trainer -   ***** Running evaluation on test2 dataset *****
06/30/2026 16:43:25 - INFO - utils.trainer -   AUC: 0.49107
06/30/2026 16:43:25 - INFO - utils.trainer -   Accuracy: 0.48556
06/30/2026 16:43:25 - INFO - utils.trainer -   Precision: 0.44888
06/30/2026 16:43:25 - INFO - utils.trainer -   Recall: 0.12676
06/30/2026 16:43:25 - INFO - utils.trainer -   F_score: 0.19769
06/30/2026 16:43:25 - INFO - utils.trainer -   Specificity: 0.84437
06/30/2026 16:43:25 - INFO - utils.trainer -   Sensitivity: 0.12676
06/30/2026 16:43:25 - INFO - utils.trainer -   Loss: 0.69332
06/30/2026 16:43:25 - INFO - utils.trainer -   Epoch: 7, Train loss: 0.69327, Test loss: 0.69332,Epoch time = 3.467s
06/30/2026 16:43:29 - INFO - utils.trainer -   ***** Running evaluation on test2 dataset *****
06/30/2026 16:43:30 - INFO - utils.trainer -   AUC: 0.52052
06/30/2026 16:43:30 - INFO - utils.trainer -   Accuracy: 0.50387
06/30/2026 16:43:30 - INFO - utils.trainer -   Precision: 0.50861
06/30/2026 16:43:30 - INFO - utils.trainer -   Recall: 0.22887
06/30/2026 16:43:30 - INFO - utils.trainer -   F_score: 0.31569
06/30/2026 16:43:30 - INFO - utils.trainer -   Specificity: 0.77887
06/30/2026 16:43:30 - INFO - utils.trainer -   Sensitivity: 0.22887
06/30/2026 16:43:30 - INFO - utils.trainer -   Loss: 0.69295
06/30/2026 16:43:30 - INFO - utils.trainer -   Epoch: 8, Train loss: 0.69343, Test loss: 0.69295,Epoch time = 3.387s
06/30/2026 16:43:33 - INFO - utils.trainer -   ***** Running evaluation on test2 dataset *****
06/30/2026 16:43:34 - INFO - utils.trainer -   AUC: 0.49680
06/30/2026 16:43:34 - INFO - utils.trainer -   Accuracy: 0.49049
06/30/2026 16:43:34 - INFO - utils.trainer -   Precision: 0.48917
06/30/2026 16:43:34 - INFO - utils.trainer -   Recall: 0.42958
06/30/2026 16:43:34 - INFO - utils.trainer -   F_score: 0.45744
06/30/2026 16:43:34 - INFO - utils.trainer -   Specificity: 0.55141
06/30/2026 16:43:34 - INFO - utils.trainer -   Sensitivity: 0.42958
06/30/2026 16:43:34 - INFO - utils.trainer -   Loss: 0.69315
06/30/2026 16:43:34 - INFO - utils.trainer -   Epoch: 9, Train loss: 0.69324, Test loss: 0.69315,Epoch time = 3.512s
06/30/2026 16:43:36 - INFO - utils.trainer -   ***** Running evaluation on test2 dataset *****
06/30/2026 16:43:37 - INFO - utils.trainer -   AUC: 0.50421
06/30/2026 16:43:37 - INFO - utils.trainer -   Accuracy: 0.50951
06/30/2026 16:43:37 - INFO - utils.trainer -   Precision: 0.50727
06/30/2026 16:43:37 - INFO - utils.trainer -   Recall: 0.66338
06/30/2026 16:43:37 - INFO - utils.trainer -   F_score: 0.57492
06/30/2026 16:43:37 - INFO - utils.trainer -   Specificity: 0.35563
06/30/2026 16:43:37 - INFO - utils.trainer -   Sensitivity: 0.66338
06/30/2026 16:43:37 - INFO - utils.trainer -   Loss: 0.69316
06/30/2026 16:43:37 - INFO - utils.trainer -   Saving model checkpoint to output_dir/VIB
06/30/2026 16:43:37 - INFO - utils.trainer -   Epoch: 10, Train loss: 0.69333, Test loss: 0.69316,Epoch time = 2.444s
06/30/2026 16:43:39 - INFO - utils.trainer -   ***** Running evaluation on test2 dataset *****
06/30/2026 16:43:40 - INFO - utils.trainer -   AUC: 0.50062
06/30/2026 16:43:40 - INFO - utils.trainer -   Accuracy: 0.49965
06/30/2026 16:43:40 - INFO - utils.trainer -   Precision: 0.49966
06/30/2026 16:43:40 - INFO - utils.trainer -   Recall: 0.52183
06/30/2026 16:43:40 - INFO - utils.trainer -   F_score: 0.51051
06/30/2026 16:43:40 - INFO - utils.trainer -   Specificity: 0.47746
06/30/2026 16:43:40 - INFO - utils.trainer -   Sensitivity: 0.52183
06/30/2026 16:43:40 - INFO - utils.trainer -   Loss: 0.69316
06/30/2026 16:43:40 - INFO - utils.trainer -   Epoch: 11, Train loss: 0.69326, Test loss: 0.69316,Epoch time = 2.253s
06/30/2026 16:43:43 - INFO - utils.trainer -   ***** Running evaluation on test2 dataset *****
06/30/2026 16:43:43 - INFO - utils.trainer -   AUC: 0.49145
06/30/2026 16:43:43 - INFO - utils.trainer -   Accuracy: 0.49542
06/30/2026 16:43:43 - INFO - utils.trainer -   Precision: 0.49083
06/30/2026 16:43:43 - INFO - utils.trainer -   Recall: 0.24507
06/30/2026 16:43:43 - INFO - utils.trainer -   F_score: 0.32691
06/30/2026 16:43:43 - INFO - utils.trainer -   Specificity: 0.74577
06/30/2026 16:43:43 - INFO - utils.trainer -   Sensitivity: 0.24507
06/30/2026 16:43:43 - INFO - utils.trainer -   Loss: 0.69325
06/30/2026 16:43:43 - INFO - utils.trainer -   Epoch: 12, Train loss: 0.69324, Test loss: 0.69325,Epoch time = 2.623s
06/30/2026 16:43:46 - INFO - utils.trainer -   ***** Running evaluation on test2 dataset *****
06/30/2026 16:43:47 - INFO - utils.trainer -   AUC: 0.49859
06/30/2026 16:43:47 - INFO - utils.trainer -   Accuracy: 0.49472
06/30/2026 16:43:47 - INFO - utils.trainer -   Precision: 0.49200
06/30/2026 16:43:47 - INFO - utils.trainer -   Recall: 0.32465
06/30/2026 16:43:47 - INFO - utils.trainer -   F_score: 0.39118
06/30/2026 16:43:47 - INFO - utils.trainer -   Specificity: 0.66479
06/30/2026 16:43:47 - INFO - utils.trainer -   Sensitivity: 0.32465
06/30/2026 16:43:47 - INFO - utils.trainer -   Loss: 0.69317
06/30/2026 16:43:47 - INFO - utils.trainer -   Epoch: 13, Train loss: 0.69335, Test loss: 0.69317,Epoch time = 2.669s
06/30/2026 16:43:49 - INFO - utils.trainer -   ***** Running evaluation on test2 dataset *****
06/30/2026 16:43:50 - INFO - utils.trainer -   AUC: 0.47701
06/30/2026 16:43:50 - INFO - utils.trainer -   Accuracy: 0.48345
06/30/2026 16:43:50 - INFO - utils.trainer -   Precision: 0.48461
06/30/2026 16:43:50 - INFO - utils.trainer -   Recall: 0.52113
06/30/2026 16:43:50 - INFO - utils.trainer -   F_score: 0.50221
06/30/2026 16:43:50 - INFO - utils.trainer -   Specificity: 0.44577
06/30/2026 16:43:50 - INFO - utils.trainer -   Sensitivity: 0.52113
06/30/2026 16:43:50 - INFO - utils.trainer -   Loss: 0.69338
06/30/2026 16:43:50 - INFO - utils.trainer -   Epoch: 14, Train loss: 0.69335, Test loss: 0.69338,Epoch time = 2.133s
06/30/2026 16:43:52 - INFO - utils.trainer -   ***** Running evaluation on test2 dataset *****
06/30/2026 16:43:53 - INFO - utils.trainer -   AUC: 0.50299
06/30/2026 16:43:53 - INFO - utils.trainer -   Accuracy: 0.50352
06/30/2026 16:43:53 - INFO - utils.trainer -   Precision: 0.50336
06/30/2026 16:43:53 - INFO - utils.trainer -   Recall: 0.52817
06/30/2026 16:43:53 - INFO - utils.trainer -   F_score: 0.51546
06/30/2026 16:43:53 - INFO - utils.trainer -   Specificity: 0.47887
06/30/2026 16:43:53 - INFO - utils.trainer -   Sensitivity: 0.52817
06/30/2026 16:43:53 - INFO - utils.trainer -   Loss: 0.69309
06/30/2026 16:43:53 - INFO - utils.trainer -   Epoch: 15, Train loss: 0.69298, Test loss: 0.69309,Epoch time = 2.911s
06/30/2026 16:43:56 - INFO - utils.trainer -   ***** Running evaluation on test2 dataset *****
06/30/2026 16:43:56 - INFO - utils.trainer -   AUC: 0.51089
06/30/2026 16:43:56 - INFO - utils.trainer -   Accuracy: 0.50246
06/30/2026 16:43:56 - INFO - utils.trainer -   Precision: 0.50315
06/30/2026 16:43:56 - INFO - utils.trainer -   Recall: 0.39366
06/30/2026 16:43:56 - INFO - utils.trainer -   F_score: 0.44172
06/30/2026 16:43:56 - INFO - utils.trainer -   Specificity: 0.61127
06/30/2026 16:43:56 - INFO - utils.trainer -   Sensitivity: 0.39366
06/30/2026 16:43:56 - INFO - utils.trainer -   Loss: 0.69305
06/30/2026 16:43:56 - INFO - utils.trainer -   Epoch: 16, Train loss: 0.69339, Test loss: 0.69305,Epoch time = 2.639s
06/30/2026 16:44:00 - INFO - utils.trainer -   ***** Running evaluation on test2 dataset *****
06/30/2026 16:44:00 - INFO - utils.trainer -   AUC: 0.50262
06/30/2026 16:44:00 - INFO - utils.trainer -   Accuracy: 0.50634
06/30/2026 16:44:00 - INFO - utils.trainer -   Precision: 0.50987
06/30/2026 16:44:00 - INFO - utils.trainer -   Recall: 0.32746
06/30/2026 16:44:00 - INFO - utils.trainer -   F_score: 0.39880
06/30/2026 16:44:00 - INFO - utils.trainer -   Specificity: 0.68521
06/30/2026 16:44:00 - INFO - utils.trainer -   Sensitivity: 0.32746
06/30/2026 16:44:00 - INFO - utils.trainer -   Loss: 0.69315
06/30/2026 16:44:00 - INFO - utils.trainer -   Epoch: 17, Train loss: 0.69321, Test loss: 0.69315,Epoch time = 3.173s
06/30/2026 16:44:04 - INFO - utils.trainer -   ***** Running evaluation on test2 dataset *****
06/30/2026 16:44:04 - INFO - utils.trainer -   AUC: 0.51438
06/30/2026 16:44:04 - INFO - utils.trainer -   Accuracy: 0.51232
06/30/2026 16:44:04 - INFO - utils.trainer -   Precision: 0.51482
06/30/2026 16:44:04 - INFO - utils.trainer -   Recall: 0.42817
06/30/2026 16:44:04 - INFO - utils.trainer -   F_score: 0.46751
06/30/2026 16:44:04 - INFO - utils.trainer -   Specificity: 0.59648
06/30/2026 16:44:04 - INFO - utils.trainer -   Sensitivity: 0.42817
06/30/2026 16:44:04 - INFO - utils.trainer -   Loss: 0.69299
06/30/2026 16:44:04 - INFO - utils.trainer -   Epoch: 18, Train loss: 0.69320, Test loss: 0.69299,Epoch time = 3.185s
06/30/2026 16:44:08 - INFO - utils.trainer -   ***** Running evaluation on test2 dataset *****
06/30/2026 16:44:09 - INFO - utils.trainer -   AUC: 0.48159
06/30/2026 16:44:09 - INFO - utils.trainer -   Accuracy: 0.48310
06/30/2026 16:44:09 - INFO - utils.trainer -   Precision: 0.48162
06/30/2026 16:44:09 - INFO - utils.trainer -   Recall: 0.44296
06/30/2026 16:44:09 - INFO - utils.trainer -   F_score: 0.46148
06/30/2026 16:44:09 - INFO - utils.trainer -   Specificity: 0.52324
06/30/2026 16:44:09 - INFO - utils.trainer -   Sensitivity: 0.44296
06/30/2026 16:44:09 - INFO - utils.trainer -   Loss: 0.69344
06/30/2026 16:44:09 - INFO - utils.trainer -   Epoch: 19, Train loss: 0.69305, Test loss: 0.69344,Epoch time = 3.630s
06/30/2026 16:44:11 - INFO - utils.trainer -   ***** Running evaluation on test2 dataset *****
06/30/2026 16:44:12 - INFO - utils.trainer -   AUC: 0.50058
06/30/2026 16:44:12 - INFO - utils.trainer -   Accuracy: 0.50106
06/30/2026 16:44:12 - INFO - utils.trainer -   Precision: 0.50554
06/30/2026 16:44:12 - INFO - utils.trainer -   Recall: 0.09648
06/30/2026 16:44:12 - INFO - utils.trainer -   F_score: 0.16203
06/30/2026 16:44:12 - INFO - utils.trainer -   Specificity: 0.90563
06/30/2026 16:44:12 - INFO - utils.trainer -   Sensitivity: 0.09648
06/30/2026 16:44:12 - INFO - utils.trainer -   Loss: 0.69317
06/30/2026 16:44:12 - INFO - utils.trainer -   Epoch: 20, Train loss: 0.69345, Test loss: 0.69317,Epoch time = 2.789s
06/30/2026 16:44:15 - INFO - utils.trainer -   ***** Running evaluation on test2 dataset *****
06/30/2026 16:44:16 - INFO - utils.trainer -   AUC: 0.50485
06/30/2026 16:44:16 - INFO - utils.trainer -   Accuracy: 0.49542
06/30/2026 16:44:16 - INFO - utils.trainer -   Precision: 0.49494
06/30/2026 16:44:16 - INFO - utils.trainer -   Recall: 0.44789
06/30/2026 16:44:16 - INFO - utils.trainer -   F_score: 0.47024
06/30/2026 16:44:16 - INFO - utils.trainer -   Specificity: 0.54296
06/30/2026 16:44:16 - INFO - utils.trainer -   Sensitivity: 0.44789
06/30/2026 16:44:16 - INFO - utils.trainer -   Loss: 0.69311
06/30/2026 16:44:16 - INFO - utils.trainer -   Epoch: 21, Train loss: 0.69307, Test loss: 0.69311,Epoch time = 3.213s
06/30/2026 16:44:19 - INFO - utils.trainer -   ***** Running evaluation on test2 dataset *****
06/30/2026 16:44:20 - INFO - utils.trainer -   AUC: 0.49530
06/30/2026 16:44:20 - INFO - utils.trainer -   Accuracy: 0.50458
06/30/2026 16:44:20 - INFO - utils.trainer -   Precision: 0.50588
06/30/2026 16:44:20 - INFO - utils.trainer -   Recall: 0.39366
06/30/2026 16:44:20 - INFO - utils.trainer -   F_score: 0.44277
06/30/2026 16:44:20 - INFO - utils.trainer -   Specificity: 0.61549
06/30/2026 16:44:20 - INFO - utils.trainer -   Sensitivity: 0.39366
06/30/2026 16:44:20 - INFO - utils.trainer -   Loss: 0.69329
06/30/2026 16:44:20 - INFO - utils.trainer -   Epoch: 22, Train loss: 0.69300, Test loss: 0.69329,Epoch time = 3.035s
06/30/2026 16:44:23 - INFO - utils.trainer -   ***** Running evaluation on test2 dataset *****
06/30/2026 16:44:24 - INFO - utils.trainer -   AUC: 0.50264
06/30/2026 16:44:24 - INFO - utils.trainer -   Accuracy: 0.49683
06/30/2026 16:44:24 - INFO - utils.trainer -   Precision: 0.49483
06/30/2026 16:44:24 - INFO - utils.trainer -   Recall: 0.30352
06/30/2026 16:44:24 - INFO - utils.trainer -   F_score: 0.37625
06/30/2026 16:44:24 - INFO - utils.trainer -   Specificity: 0.69014
06/30/2026 16:44:24 - INFO - utils.trainer -   Sensitivity: 0.30352
06/30/2026 16:44:24 - INFO - utils.trainer -   Loss: 0.69317
06/30/2026 16:44:24 - INFO - utils.trainer -   Epoch: 23, Train loss: 0.69337, Test loss: 0.69317,Epoch time = 3.087s
06/30/2026 16:44:27 - INFO - utils.trainer -   ***** Running evaluation on test2 dataset *****
06/30/2026 16:44:27 - INFO - utils.trainer -   AUC: 0.50445
06/30/2026 16:44:27 - INFO - utils.trainer -   Accuracy: 0.51021
06/30/2026 16:44:27 - INFO - utils.trainer -   Precision: 0.51665
06/30/2026 16:44:27 - INFO - utils.trainer -   Recall: 0.31690
06/30/2026 16:44:27 - INFO - utils.trainer -   F_score: 0.39284
06/30/2026 16:44:27 - INFO - utils.trainer -   Specificity: 0.70352
06/30/2026 16:44:27 - INFO - utils.trainer -   Sensitivity: 0.31690
06/30/2026 16:44:27 - INFO - utils.trainer -   Loss: 0.69311
06/30/2026 16:44:27 - INFO - utils.trainer -   Epoch: 24, Train loss: 0.69325, Test loss: 0.69311,Epoch time = 2.664s
06/30/2026 16:44:31 - INFO - utils.trainer -   ***** Running evaluation on test2 dataset *****
06/30/2026 16:44:32 - INFO - utils.trainer -   AUC: 0.49916
06/30/2026 16:44:32 - INFO - utils.trainer -   Accuracy: 0.50070
06/30/2026 16:44:32 - INFO - utils.trainer -   Precision: 0.50099
06/30/2026 16:44:32 - INFO - utils.trainer -   Recall: 0.35704
06/30/2026 16:44:32 - INFO - utils.trainer -   F_score: 0.41694
06/30/2026 16:44:32 - INFO - utils.trainer -   Specificity: 0.64437
06/30/2026 16:44:32 - INFO - utils.trainer -   Sensitivity: 0.35704
06/30/2026 16:44:32 - INFO - utils.trainer -   Loss: 0.69316
06/30/2026 16:44:32 - INFO - utils.trainer -   Epoch: 25, Train loss: 0.69327, Test loss: 0.69316,Epoch time = 3.761s
06/30/2026 16:44:36 - INFO - utils.trainer -   ***** Running evaluation on test2 dataset *****
06/30/2026 16:44:37 - INFO - utils.trainer -   AUC: 0.51665
06/30/2026 16:44:37 - INFO - utils.trainer -   Accuracy: 0.51761
06/30/2026 16:44:37 - INFO - utils.trainer -   Precision: 0.51987
06/30/2026 16:44:37 - INFO - utils.trainer -   Recall: 0.46056
06/30/2026 16:44:37 - INFO - utils.trainer -   F_score: 0.48842
06/30/2026 16:44:37 - INFO - utils.trainer -   Specificity: 0.57465
06/30/2026 16:44:37 - INFO - utils.trainer -   Sensitivity: 0.46056
06/30/2026 16:44:37 - INFO - utils.trainer -   Loss: 0.69301
06/30/2026 16:44:37 - INFO - utils.trainer -   Epoch: 26, Train loss: 0.69331, Test loss: 0.69301,Epoch time = 3.787s
06/30/2026 16:44:40 - INFO - utils.trainer -   ***** Running evaluation on test2 dataset *****
06/30/2026 16:44:41 - INFO - utils.trainer -   AUC: 0.50642
06/30/2026 16:44:41 - INFO - utils.trainer -   Accuracy: 0.49859
06/30/2026 16:44:41 - INFO - utils.trainer -   Precision: 0.49627
06/30/2026 16:44:41 - INFO - utils.trainer -   Recall: 0.18732
06/30/2026 16:44:41 - INFO - utils.trainer -   F_score: 0.27198
06/30/2026 16:44:41 - INFO - utils.trainer -   Specificity: 0.80986
06/30/2026 16:44:41 - INFO - utils.trainer -   Sensitivity: 0.18732
06/30/2026 16:44:41 - INFO - utils.trainer -   Loss: 0.69310
06/30/2026 16:44:41 - INFO - utils.trainer -   Epoch: 27, Train loss: 0.69334, Test loss: 0.69310,Epoch time = 3.444s
06/30/2026 16:44:44 - INFO - utils.trainer -   ***** Running evaluation on test2 dataset *****
06/30/2026 16:44:45 - INFO - utils.trainer -   AUC: 0.49616
06/30/2026 16:44:45 - INFO - utils.trainer -   Accuracy: 0.49437
06/30/2026 16:44:45 - INFO - utils.trainer -   Precision: 0.49511
06/30/2026 16:44:45 - INFO - utils.trainer -   Recall: 0.57042
06/30/2026 16:44:45 - INFO - utils.trainer -   F_score: 0.53010
06/30/2026 16:44:45 - INFO - utils.trainer -   Specificity: 0.41831
06/30/2026 16:44:45 - INFO - utils.trainer -   Sensitivity: 0.57042
06/30/2026 16:44:45 - INFO - utils.trainer -   Loss: 0.69318
06/30/2026 16:44:45 - INFO - utils.trainer -   Epoch: 28, Train loss: 0.69318, Test loss: 0.69318,Epoch time = 3.592s
06/30/2026 16:44:48 - INFO - utils.trainer -   ***** Running evaluation on test2 dataset *****
06/30/2026 16:44:49 - INFO - utils.trainer -   AUC: 0.49515
06/30/2026 16:44:49 - INFO - utils.trainer -   Accuracy: 0.49577
06/30/2026 16:44:49 - INFO - utils.trainer -   Precision: 0.49514
06/30/2026 16:44:49 - INFO - utils.trainer -   Recall: 0.43028
06/30/2026 16:44:49 - INFO - utils.trainer -   F_score: 0.46044
06/30/2026 16:44:49 - INFO - utils.trainer -   Specificity: 0.56127
06/30/2026 16:44:49 - INFO - utils.trainer -   Sensitivity: 0.43028
06/30/2026 16:44:49 - INFO - utils.trainer -   Loss: 0.69320
06/30/2026 16:44:49 - INFO - utils.trainer -   Epoch: 29, Train loss: 0.69318, Test loss: 0.69320,Epoch time = 2.928s
06/30/2026 16:44:52 - INFO - utils.trainer -   ***** Running evaluation on test2 dataset *****
06/30/2026 16:44:53 - INFO - utils.trainer -   AUC: 0.49708
06/30/2026 16:44:53 - INFO - utils.trainer -   Accuracy: 0.49331
06/30/2026 16:44:53 - INFO - utils.trainer -   Precision: 0.49379
06/30/2026 16:44:53 - INFO - utils.trainer -   Recall: 0.53169
06/30/2026 16:44:53 - INFO - utils.trainer -   F_score: 0.51204
06/30/2026 16:44:53 - INFO - utils.trainer -   Specificity: 0.45493
06/30/2026 16:44:53 - INFO - utils.trainer -   Sensitivity: 0.53169
06/30/2026 16:44:53 - INFO - utils.trainer -   Loss: 0.69324
06/30/2026 16:44:53 - INFO - utils.trainer -   Epoch: 30, Train loss: 0.69282, Test loss: 0.69324,Epoch time = 2.957s
06/30/2026 16:44:56 - INFO - utils.trainer -   ***** Running evaluation on test2 dataset *****
06/30/2026 16:44:56 - INFO - utils.trainer -   AUC: 0.47917
06/30/2026 16:44:56 - INFO - utils.trainer -   Accuracy: 0.48275
06/30/2026 16:44:56 - INFO - utils.trainer -   Precision: 0.48332
06/30/2026 16:44:56 - INFO - utils.trainer -   Recall: 0.50000
06/30/2026 16:44:56 - INFO - utils.trainer -   F_score: 0.49152
06/30/2026 16:44:56 - INFO - utils.trainer -   Specificity: 0.46549
06/30/2026 16:44:56 - INFO - utils.trainer -   Sensitivity: 0.50000
06/30/2026 16:44:56 - INFO - utils.trainer -   Loss: 0.69347
06/30/2026 16:44:56 - INFO - utils.trainer -   Epoch: 31, Train loss: 0.69332, Test loss: 0.69347,Epoch time = 3.051s
06/30/2026 16:44:59 - INFO - utils.trainer -   ***** Running evaluation on test2 dataset *****
06/30/2026 16:45:00 - INFO - utils.trainer -   AUC: 0.50890
06/30/2026 16:45:00 - INFO - utils.trainer -   Accuracy: 0.50528
06/30/2026 16:45:00 - INFO - utils.trainer -   Precision: 0.50630
06/30/2026 16:45:00 - INFO - utils.trainer -   Recall: 0.42465
06/30/2026 16:45:00 - INFO - utils.trainer -   F_score: 0.46189
06/30/2026 16:45:00 - INFO - utils.trainer -   Specificity: 0.58592
06/30/2026 16:45:00 - INFO - utils.trainer -   Sensitivity: 0.42465
06/30/2026 16:45:00 - INFO - utils.trainer -   Loss: 0.69308
06/30/2026 16:45:00 - INFO - utils.trainer -   Epoch: 32, Train loss: 0.69332, Test loss: 0.69308,Epoch time = 2.925s
06/30/2026 16:45:04 - INFO - utils.trainer -   ***** Running evaluation on test2 dataset *****
06/30/2026 16:45:04 - INFO - utils.trainer -   AUC: 0.50937
06/30/2026 16:45:04 - INFO - utils.trainer -   Accuracy: 0.50986
06/30/2026 16:45:04 - INFO - utils.trainer -   Precision: 0.50979
06/30/2026 16:45:04 - INFO - utils.trainer -   Recall: 0.51338
06/30/2026 16:45:04 - INFO - utils.trainer -   F_score: 0.51158
06/30/2026 16:45:04 - INFO - utils.trainer -   Specificity: 0.50634
06/30/2026 16:45:04 - INFO - utils.trainer -   Sensitivity: 0.51338
06/30/2026 16:45:04 - INFO - utils.trainer -   Loss: 0.69306
06/30/2026 16:45:04 - INFO - utils.trainer -   Epoch: 33, Train loss: 0.69321, Test loss: 0.69306,Epoch time = 3.509s
06/30/2026 16:45:07 - INFO - utils.trainer -   ***** Running evaluation on test2 dataset *****
06/30/2026 16:45:08 - INFO - utils.trainer -   AUC: 0.50642
06/30/2026 16:45:08 - INFO - utils.trainer -   Accuracy: 0.50387
06/30/2026 16:45:08 - INFO - utils.trainer -   Precision: 0.50402
06/30/2026 16:45:08 - INFO - utils.trainer -   Recall: 0.48592
06/30/2026 16:45:08 - INFO - utils.trainer -   F_score: 0.49480
06/30/2026 16:45:08 - INFO - utils.trainer -   Specificity: 0.52183
06/30/2026 16:45:08 - INFO - utils.trainer -   Sensitivity: 0.48592
06/30/2026 16:45:08 - INFO - utils.trainer -   Loss: 0.69309
06/30/2026 16:45:08 - INFO - utils.trainer -   Epoch: 34, Train loss: 0.69324, Test loss: 0.69309,Epoch time = 3.032s
06/30/2026 16:45:11 - INFO - utils.trainer -   ***** Running evaluation on test2 dataset *****
06/30/2026 16:45:11 - INFO - utils.trainer -   AUC: 0.51095
06/30/2026 16:45:11 - INFO - utils.trainer -   Accuracy: 0.50563
06/30/2026 16:45:11 - INFO - utils.trainer -   Precision: 0.50571
06/30/2026 16:45:11 - INFO - utils.trainer -   Recall: 0.49859
06/30/2026 16:45:11 - INFO - utils.trainer -   F_score: 0.50213
06/30/2026 16:45:11 - INFO - utils.trainer -   Specificity: 0.51268
06/30/2026 16:45:11 - INFO - utils.trainer -   Sensitivity: 0.49859
06/30/2026 16:45:11 - INFO - utils.trainer -   Loss: 0.69307
06/30/2026 16:45:11 - INFO - utils.trainer -   Epoch: 35, Train loss: 0.69311, Test loss: 0.69307,Epoch time = 2.542s
06/30/2026 16:45:14 - INFO - utils.trainer -   ***** Running evaluation on test2 dataset *****
06/30/2026 16:45:15 - INFO - utils.trainer -   AUC: 0.50117
06/30/2026 16:45:15 - INFO - utils.trainer -   Accuracy: 0.50070
06/30/2026 16:45:15 - INFO - utils.trainer -   Precision: 0.50069
06/30/2026 16:45:15 - INFO - utils.trainer -   Recall: 0.50775
06/30/2026 16:45:15 - INFO - utils.trainer -   F_score: 0.50420
06/30/2026 16:45:15 - INFO - utils.trainer -   Specificity: 0.49366
06/30/2026 16:45:15 - INFO - utils.trainer -   Sensitivity: 0.50775
06/30/2026 16:45:15 - INFO - utils.trainer -   Loss: 0.69315
06/30/2026 16:45:15 - INFO - utils.trainer -   Epoch: 36, Train loss: 0.69321, Test loss: 0.69315,Epoch time = 2.571s
06/30/2026 16:45:17 - INFO - utils.trainer -   ***** Running evaluation on test2 dataset *****
06/30/2026 16:45:18 - INFO - utils.trainer -   AUC: 0.51183
06/30/2026 16:45:18 - INFO - utils.trainer -   Accuracy: 0.51444
06/30/2026 16:45:18 - INFO - utils.trainer -   Precision: 0.51461
06/30/2026 16:45:18 - INFO - utils.trainer -   Recall: 0.50845
06/30/2026 16:45:18 - INFO - utils.trainer -   F_score: 0.51151
06/30/2026 16:45:18 - INFO - utils.trainer -   Specificity: 0.52042
06/30/2026 16:45:18 - INFO - utils.trainer -   Sensitivity: 0.50845
06/30/2026 16:45:18 - INFO - utils.trainer -   Loss: 0.69299
06/30/2026 16:45:18 - INFO - utils.trainer -   Epoch: 37, Train loss: 0.69322, Test loss: 0.69299,Epoch time = 2.375s
06/30/2026 16:45:21 - INFO - utils.trainer -   ***** Running evaluation on test2 dataset *****
06/30/2026 16:45:21 - INFO - utils.trainer -   AUC: 0.48443
06/30/2026 16:45:21 - INFO - utils.trainer -   Accuracy: 0.48486
06/30/2026 16:45:21 - INFO - utils.trainer -   Precision: 0.48498
06/30/2026 16:45:21 - INFO - utils.trainer -   Recall: 0.48873
06/30/2026 16:45:21 - INFO - utils.trainer -   F_score: 0.48685
06/30/2026 16:45:21 - INFO - utils.trainer -   Specificity: 0.48099
06/30/2026 16:45:21 - INFO - utils.trainer -   Sensitivity: 0.48873
06/30/2026 16:45:21 - INFO - utils.trainer -   Loss: 0.69330
06/30/2026 16:45:21 - INFO - utils.trainer -   Epoch: 38, Train loss: 0.69338, Test loss: 0.69330,Epoch time = 2.949s
06/30/2026 16:45:24 - INFO - utils.trainer -   ***** Running evaluation on test2 dataset *****
06/30/2026 16:45:24 - INFO - utils.trainer -   AUC: 0.49367
06/30/2026 16:45:24 - INFO - utils.trainer -   Accuracy: 0.48592
06/30/2026 16:45:24 - INFO - utils.trainer -   Precision: 0.47904
06/30/2026 16:45:24 - INFO - utils.trainer -   Recall: 0.32183
06/30/2026 16:45:24 - INFO - utils.trainer -   F_score: 0.38500
06/30/2026 16:45:24 - INFO - utils.trainer -   Specificity: 0.65000
06/30/2026 16:45:24 - INFO - utils.trainer -   Sensitivity: 0.32183
06/30/2026 16:45:24 - INFO - utils.trainer -   Loss: 0.69319
06/30/2026 16:45:24 - INFO - utils.trainer -   Epoch: 39, Train loss: 0.69337, Test loss: 0.69319,Epoch time = 2.322s
06/30/2026 16:45:28 - INFO - utils.trainer -   ***** Running evaluation on test2 dataset *****
06/30/2026 16:45:29 - INFO - utils.trainer -   AUC: 0.50274
06/30/2026 16:45:29 - INFO - utils.trainer -   Accuracy: 0.49718
06/30/2026 16:45:29 - INFO - utils.trainer -   Precision: 0.49320
06/30/2026 16:45:29 - INFO - utils.trainer -   Recall: 0.20423
06/30/2026 16:45:29 - INFO - utils.trainer -   F_score: 0.28884
06/30/2026 16:45:29 - INFO - utils.trainer -   Specificity: 0.79014
06/30/2026 16:45:29 - INFO - utils.trainer -   Sensitivity: 0.20423
06/30/2026 16:45:29 - INFO - utils.trainer -   Loss: 0.69315
06/30/2026 16:45:29 - INFO - utils.trainer -   Epoch: 40, Train loss: 0.69318, Test loss: 0.69315,Epoch time = 3.640s
06/30/2026 16:45:31 - INFO - utils.trainer -   ***** Running evaluation on test2 dataset *****
06/30/2026 16:45:32 - INFO - utils.trainer -   AUC: 0.50077
06/30/2026 16:45:32 - INFO - utils.trainer -   Accuracy: 0.50035
06/30/2026 16:45:32 - INFO - utils.trainer -   Precision: 0.50070
06/30/2026 16:45:32 - INFO - utils.trainer -   Recall: 0.25070
06/30/2026 16:45:32 - INFO - utils.trainer -   F_score: 0.33412
06/30/2026 16:45:32 - INFO - utils.trainer -   Specificity: 0.75000
06/30/2026 16:45:32 - INFO - utils.trainer -   Sensitivity: 0.25070
06/30/2026 16:45:32 - INFO - utils.trainer -   Loss: 0.69316
06/30/2026 16:45:32 - INFO - utils.trainer -   Epoch: 41, Train loss: 0.69317, Test loss: 0.69316,Epoch time = 2.624s
06/30/2026 16:45:35 - INFO - utils.trainer -   ***** Running evaluation on test2 dataset *****
06/30/2026 16:45:36 - INFO - utils.trainer -   AUC: 0.51078
06/30/2026 16:45:36 - INFO - utils.trainer -   Accuracy: 0.50704
06/30/2026 16:45:36 - INFO - utils.trainer -   Precision: 0.50765
06/30/2026 16:45:36 - INFO - utils.trainer -   Recall: 0.46761
06/30/2026 16:45:36 - INFO - utils.trainer -   F_score: 0.48680
06/30/2026 16:45:36 - INFO - utils.trainer -   Specificity: 0.54648
06/30/2026 16:45:36 - INFO - utils.trainer -   Sensitivity: 0.46761
06/30/2026 16:45:36 - INFO - utils.trainer -   Loss: 0.69309
06/30/2026 16:45:36 - INFO - utils.trainer -   Epoch: 42, Train loss: 0.69320, Test loss: 0.69309,Epoch time = 2.798s
06/30/2026 16:45:38 - INFO - utils.trainer -   ***** Running evaluation on test2 dataset *****
06/30/2026 16:45:39 - INFO - utils.trainer -   AUC: 0.49013
06/30/2026 16:45:39 - INFO - utils.trainer -   Accuracy: 0.49190
06/30/2026 16:45:39 - INFO - utils.trainer -   Precision: 0.47920
06/30/2026 16:45:39 - INFO - utils.trainer -   Recall: 0.18662
06/30/2026 16:45:39 - INFO - utils.trainer -   F_score: 0.26863
06/30/2026 16:45:39 - INFO - utils.trainer -   Specificity: 0.79718
06/30/2026 16:45:39 - INFO - utils.trainer -   Sensitivity: 0.18662
06/30/2026 16:45:39 - INFO - utils.trainer -   Loss: 0.69320
06/30/2026 16:45:39 - INFO - utils.trainer -   Epoch: 43, Train loss: 0.69326, Test loss: 0.69320,Epoch time = 2.617s
06/30/2026 16:45:42 - INFO - utils.trainer -   ***** Running evaluation on test2 dataset *****
06/30/2026 16:45:43 - INFO - utils.trainer -   AUC: 0.49035
06/30/2026 16:45:43 - INFO - utils.trainer -   Accuracy: 0.50035
06/30/2026 16:45:43 - INFO - utils.trainer -   Precision: 1.00000
06/30/2026 16:45:43 - INFO - utils.trainer -   Recall: 0.00070
06/30/2026 16:45:43 - INFO - utils.trainer -   F_score: 0.00141
06/30/2026 16:45:43 - INFO - utils.trainer -   Specificity: 1.00000
06/30/2026 16:45:43 - INFO - utils.trainer -   Sensitivity: 0.00070
06/30/2026 16:45:43 - INFO - utils.trainer -   Loss: 0.69320
06/30/2026 16:45:43 - INFO - utils.trainer -   Epoch: 44, Train loss: 0.69320, Test loss: 0.69320,Epoch time = 2.929s
06/30/2026 16:45:45 - INFO - utils.trainer -   ***** Running evaluation on test2 dataset *****
06/30/2026 16:45:46 - INFO - utils.trainer -   AUC: 0.48396
06/30/2026 16:45:46 - INFO - utils.trainer -   Accuracy: 0.49613
06/30/2026 16:45:46 - INFO - utils.trainer -   Precision: 0.48964
06/30/2026 16:45:46 - INFO - utils.trainer -   Recall: 0.18310
06/30/2026 16:45:46 - INFO - utils.trainer -   F_score: 0.26653
06/30/2026 16:45:46 - INFO - utils.trainer -   Specificity: 0.80915
06/30/2026 16:45:46 - INFO - utils.trainer -   Sensitivity: 0.18310
06/30/2026 16:45:46 - INFO - utils.trainer -   Loss: 0.69324
06/30/2026 16:45:46 - INFO - utils.trainer -   Epoch: 45, Train loss: 0.69320, Test loss: 0.69324,Epoch time = 2.549s
06/30/2026 16:45:48 - INFO - utils.trainer -   ***** Running evaluation on test2 dataset *****
06/30/2026 16:45:49 - INFO - utils.trainer -   AUC: 0.49420
06/30/2026 16:45:49 - INFO - utils.trainer -   Accuracy: 0.50000
06/30/2026 16:45:49 - INFO - utils.trainer -   Precision: 0.50000
06/30/2026 16:45:49 - INFO - utils.trainer -   Recall: 0.35493
06/30/2026 16:45:49 - INFO - utils.trainer -   F_score: 0.41516
06/30/2026 16:45:49 - INFO - utils.trainer -   Specificity: 0.64507
06/30/2026 16:45:49 - INFO - utils.trainer -   Sensitivity: 0.35493
06/30/2026 16:45:49 - INFO - utils.trainer -   Loss: 0.69317
06/30/2026 16:45:49 - INFO - utils.trainer -   Epoch: 46, Train loss: 0.69318, Test loss: 0.69317,Epoch time = 2.436s
06/30/2026 16:45:51 - INFO - utils.trainer -   ***** Running evaluation on test2 dataset *****
06/30/2026 16:45:52 - INFO - utils.trainer -   AUC: 0.51327
06/30/2026 16:45:52 - INFO - utils.trainer -   Accuracy: 0.50669
06/30/2026 16:45:52 - INFO - utils.trainer -   Precision: 0.50671
06/30/2026 16:45:52 - INFO - utils.trainer -   Recall: 0.50493
06/30/2026 16:45:52 - INFO - utils.trainer -   F_score: 0.50582
06/30/2026 16:45:52 - INFO - utils.trainer -   Specificity: 0.50845
06/30/2026 16:45:52 - INFO - utils.trainer -   Sensitivity: 0.50493
06/30/2026 16:45:52 - INFO - utils.trainer -   Loss: 0.69307
06/30/2026 16:45:52 - INFO - utils.trainer -   Epoch: 47, Train loss: 0.69308, Test loss: 0.69307,Epoch time = 1.892s
06/30/2026 16:45:55 - INFO - utils.trainer -   ***** Running evaluation on test2 dataset *****
06/30/2026 16:45:56 - INFO - utils.trainer -   AUC: 0.49746
06/30/2026 16:45:56 - INFO - utils.trainer -   Accuracy: 0.49824
06/30/2026 16:45:56 - INFO - utils.trainer -   Precision: 0.49766
06/30/2026 16:45:56 - INFO - utils.trainer -   Recall: 0.37465
06/30/2026 16:45:56 - INFO - utils.trainer -   F_score: 0.42748
06/30/2026 16:45:56 - INFO - utils.trainer -   Specificity: 0.62183
06/30/2026 16:45:56 - INFO - utils.trainer -   Sensitivity: 0.37465
06/30/2026 16:45:56 - INFO - utils.trainer -   Loss: 0.69316
06/30/2026 16:45:56 - INFO - utils.trainer -   Epoch: 48, Train loss: 0.69327, Test loss: 0.69316,Epoch time = 3.037s
06/30/2026 16:45:58 - INFO - utils.trainer -   ***** Running evaluation on test2 dataset *****
06/30/2026 16:45:58 - INFO - utils.trainer -   AUC: 0.50065
06/30/2026 16:45:58 - INFO - utils.trainer -   Accuracy: 0.50634
06/30/2026 16:45:58 - INFO - utils.trainer -   Precision: 0.51100
06/30/2026 16:45:58 - INFO - utils.trainer -   Recall: 0.29437
06/30/2026 16:45:58 - INFO - utils.trainer -   F_score: 0.37355
06/30/2026 16:45:58 - INFO - utils.trainer -   Specificity: 0.71831
06/30/2026 16:45:58 - INFO - utils.trainer -   Sensitivity: 0.29437
06/30/2026 16:45:58 - INFO - utils.trainer -   Loss: 0.69315
06/30/2026 16:45:58 - INFO - utils.trainer -   Epoch: 49, Train loss: 0.69323, Test loss: 0.69315,Epoch time = 2.167s
06/30/2026 16:46:02 - INFO - utils.trainer -   ***** Running evaluation on test2 dataset *****
06/30/2026 16:46:03 - INFO - utils.trainer -   AUC: 0.50618
06/30/2026 16:46:03 - INFO - utils.trainer -   Accuracy: 0.50528
06/30/2026 16:46:03 - INFO - utils.trainer -   Precision: 0.51029
06/30/2026 16:46:03 - INFO - utils.trainer -   Recall: 0.26197
06/30/2026 16:46:03 - INFO - utils.trainer -   F_score: 0.34621
06/30/2026 16:46:03 - INFO - utils.trainer -   Specificity: 0.74859
06/30/2026 16:46:03 - INFO - utils.trainer -   Sensitivity: 0.26197
06/30/2026 16:46:03 - INFO - utils.trainer -   Loss: 0.69312
06/30/2026 16:46:03 - INFO - utils.trainer -   Epoch: 50, Train loss: 0.69320, Test loss: 0.69312,Epoch time = 3.448s
06/30/2026 16:46:06 - INFO - utils.trainer -   ***** Running evaluation on test2 dataset *****
06/30/2026 16:46:07 - INFO - utils.trainer -   AUC: 0.50150
06/30/2026 16:46:07 - INFO - utils.trainer -   Accuracy: 0.50880
06/30/2026 16:46:07 - INFO - utils.trainer -   Precision: 0.51734
06/30/2026 16:46:07 - INFO - utils.trainer -   Recall: 0.26268
06/30/2026 16:46:07 - INFO - utils.trainer -   F_score: 0.34844
06/30/2026 16:46:07 - INFO - utils.trainer -   Specificity: 0.75493
06/30/2026 16:46:07 - INFO - utils.trainer -   Sensitivity: 0.26268
06/30/2026 16:46:07 - INFO - utils.trainer -   Loss: 0.69312
06/30/2026 16:46:07 - INFO - utils.trainer -   Epoch: 51, Train loss: 0.69321, Test loss: 0.69312,Epoch time = 3.549s
06/30/2026 16:46:10 - INFO - utils.trainer -   ***** Running evaluation on test2 dataset *****
06/30/2026 16:46:11 - INFO - utils.trainer -   AUC: 0.50513
06/30/2026 16:46:11 - INFO - utils.trainer -   Accuracy: 0.50176
06/30/2026 16:46:11 - INFO - utils.trainer -   Precision: 0.50441
06/30/2026 16:46:11 - INFO - utils.trainer -   Recall: 0.20141
06/30/2026 16:46:11 - INFO - utils.trainer -   F_score: 0.28787
06/30/2026 16:46:11 - INFO - utils.trainer -   Specificity: 0.80211
06/30/2026 16:46:11 - INFO - utils.trainer -   Sensitivity: 0.20141
06/30/2026 16:46:11 - INFO - utils.trainer -   Loss: 0.69312
06/30/2026 16:46:11 - INFO - utils.trainer -   Epoch: 52, Train loss: 0.69319, Test loss: 0.69312,Epoch time = 3.062s
06/30/2026 16:46:14 - INFO - utils.trainer -   ***** Running evaluation on test2 dataset *****
06/30/2026 16:46:15 - INFO - utils.trainer -   AUC: 0.50599
06/30/2026 16:46:15 - INFO - utils.trainer -   Accuracy: 0.50317
06/30/2026 16:46:15 - INFO - utils.trainer -   Precision: 0.50356
06/30/2026 16:46:15 - INFO - utils.trainer -   Recall: 0.44789
06/30/2026 16:46:15 - INFO - utils.trainer -   F_score: 0.47410
06/30/2026 16:46:15 - INFO - utils.trainer -   Specificity: 0.55845
06/30/2026 16:46:15 - INFO - utils.trainer -   Sensitivity: 0.44789
06/30/2026 16:46:15 - INFO - utils.trainer -   Loss: 0.69313
06/30/2026 16:46:15 - INFO - utils.trainer -   Epoch: 53, Train loss: 0.69319, Test loss: 0.69313,Epoch time = 3.126s
06/30/2026 16:46:18 - INFO - utils.trainer -   ***** Running evaluation on test2 dataset *****
06/30/2026 16:46:18 - INFO - utils.trainer -   AUC: 0.49885
06/30/2026 16:46:18 - INFO - utils.trainer -   Accuracy: 0.49718
06/30/2026 16:46:18 - INFO - utils.trainer -   Precision: 0.49838
06/30/2026 16:46:18 - INFO - utils.trainer -   Recall: 0.86901
06/30/2026 16:46:18 - INFO - utils.trainer -   F_score: 0.63347
06/30/2026 16:46:18 - INFO - utils.trainer -   Specificity: 0.12535
06/30/2026 16:46:18 - INFO - utils.trainer -   Sensitivity: 0.86901
06/30/2026 16:46:18 - INFO - utils.trainer -   Loss: 0.69318
06/30/2026 16:46:18 - INFO - utils.trainer -   Saving model checkpoint to output_dir/VIB
06/30/2026 16:46:18 - INFO - utils.trainer -   Epoch: 54, Train loss: 0.69317, Test loss: 0.69318,Epoch time = 3.004s
06/30/2026 16:46:22 - INFO - utils.trainer -   ***** Running evaluation on test2 dataset *****
06/30/2026 16:46:23 - INFO - utils.trainer -   AUC: 0.49368
06/30/2026 16:46:23 - INFO - utils.trainer -   Accuracy: 0.49718
06/30/2026 16:46:23 - INFO - utils.trainer -   Precision: 0.49819
06/30/2026 16:46:23 - INFO - utils.trainer -   Recall: 0.77394
06/30/2026 16:46:23 - INFO - utils.trainer -   F_score: 0.60618
06/30/2026 16:46:23 - INFO - utils.trainer -   Specificity: 0.22042
06/30/2026 16:46:23 - INFO - utils.trainer -   Sensitivity: 0.77394
06/30/2026 16:46:23 - INFO - utils.trainer -   Loss: 0.69318
06/30/2026 16:46:23 - INFO - utils.trainer -   Epoch: 55, Train loss: 0.69324, Test loss: 0.69318,Epoch time = 3.141s
06/30/2026 16:46:25 - INFO - utils.trainer -   ***** Running evaluation on test2 dataset *****
06/30/2026 16:46:26 - INFO - utils.trainer -   AUC: 0.49795
06/30/2026 16:46:26 - INFO - utils.trainer -   Accuracy: 0.50176
06/30/2026 16:46:26 - INFO - utils.trainer -   Precision: 0.50154
06/30/2026 16:46:26 - INFO - utils.trainer -   Recall: 0.57324
06/30/2026 16:46:26 - INFO - utils.trainer -   F_score: 0.53500
06/30/2026 16:46:26 - INFO - utils.trainer -   Specificity: 0.43028
06/30/2026 16:46:26 - INFO - utils.trainer -   Sensitivity: 0.57324
06/30/2026 16:46:26 - INFO - utils.trainer -   Loss: 0.69316
06/30/2026 16:46:26 - INFO - utils.trainer -   Epoch: 56, Train loss: 0.69319, Test loss: 0.69316,Epoch time = 2.935s
06/30/2026 16:46:29 - INFO - utils.trainer -   ***** Running evaluation on test2 dataset *****
06/30/2026 16:46:29 - INFO - utils.trainer -   AUC: 0.50228
06/30/2026 16:46:29 - INFO - utils.trainer -   Accuracy: 0.50282
06/30/2026 16:46:29 - INFO - utils.trainer -   Precision: 0.50298
06/30/2026 16:46:29 - INFO - utils.trainer -   Recall: 0.47535
06/30/2026 16:46:29 - INFO - utils.trainer -   F_score: 0.48878
06/30/2026 16:46:29 - INFO - utils.trainer -   Specificity: 0.53028
06/30/2026 16:46:29 - INFO - utils.trainer -   Sensitivity: 0.47535
06/30/2026 16:46:29 - INFO - utils.trainer -   Loss: 0.69315
06/30/2026 16:46:29 - INFO - utils.trainer -   Epoch: 57, Train loss: 0.69325, Test loss: 0.69315,Epoch time = 2.591s
06/30/2026 16:46:33 - INFO - utils.trainer -   ***** Running evaluation on test2 dataset *****
06/30/2026 16:46:34 - INFO - utils.trainer -   AUC: 0.50250
06/30/2026 16:46:34 - INFO - utils.trainer -   Accuracy: 0.49085
06/30/2026 16:46:34 - INFO - utils.trainer -   Precision: 0.48769
06/30/2026 16:46:34 - INFO - utils.trainer -   Recall: 0.36268
06/30/2026 16:46:34 - INFO - utils.trainer -   F_score: 0.41599
06/30/2026 16:46:34 - INFO - utils.trainer -   Specificity: 0.61901
06/30/2026 16:46:34 - INFO - utils.trainer -   Sensitivity: 0.36268
06/30/2026 16:46:34 - INFO - utils.trainer -   Loss: 0.69314
06/30/2026 16:46:34 - INFO - utils.trainer -   Epoch: 58, Train loss: 0.69324, Test loss: 0.69314,Epoch time = 3.430s
06/30/2026 16:46:36 - INFO - utils.trainer -   ***** Running evaluation on test2 dataset *****
06/30/2026 16:46:37 - INFO - utils.trainer -   AUC: 0.49668
06/30/2026 16:46:37 - INFO - utils.trainer -   Accuracy: 0.50563
06/30/2026 16:46:37 - INFO - utils.trainer -   Precision: 0.50510
06/30/2026 16:46:37 - INFO - utils.trainer -   Recall: 0.55775
06/30/2026 16:46:37 - INFO - utils.trainer -   F_score: 0.53012
06/30/2026 16:46:37 - INFO - utils.trainer -   Specificity: 0.45352
06/30/2026 16:46:37 - INFO - utils.trainer -   Sensitivity: 0.55775
06/30/2026 16:46:37 - INFO - utils.trainer -   Loss: 0.69317
06/30/2026 16:46:37 - INFO - utils.trainer -   Epoch: 59, Train loss: 0.69321, Test loss: 0.69317,Epoch time = 2.477s
06/30/2026 16:46:41 - INFO - utils.trainer -   ***** Running evaluation on test2 dataset *****
06/30/2026 16:46:41 - INFO - utils.trainer -   AUC: 0.49076
06/30/2026 16:46:41 - INFO - utils.trainer -   Accuracy: 0.49507
06/30/2026 16:46:41 - INFO - utils.trainer -   Precision: 0.49105
06/30/2026 16:46:41 - INFO - utils.trainer -   Recall: 0.27042
06/30/2026 16:46:41 - INFO - utils.trainer -   F_score: 0.34877
06/30/2026 16:46:41 - INFO - utils.trainer -   Specificity: 0.71972
06/30/2026 16:46:41 - INFO - utils.trainer -   Sensitivity: 0.27042
06/30/2026 16:46:41 - INFO - utils.trainer -   Loss: 0.69317
06/30/2026 16:46:41 - INFO - utils.trainer -   Epoch: 60, Train loss: 0.69325, Test loss: 0.69317,Epoch time = 3.770s
06/30/2026 16:46:45 - INFO - utils.trainer -   ***** Running evaluation on test2 dataset *****
06/30/2026 16:46:46 - INFO - utils.trainer -   AUC: 0.49324
06/30/2026 16:46:46 - INFO - utils.trainer -   Accuracy: 0.48556
06/30/2026 16:46:46 - INFO - utils.trainer -   Precision: 0.46720
06/30/2026 16:46:46 - INFO - utils.trainer -   Recall: 0.20563
06/30/2026 16:46:46 - INFO - utils.trainer -   F_score: 0.28557
06/30/2026 16:46:46 - INFO - utils.trainer -   Specificity: 0.76549
06/30/2026 16:46:46 - INFO - utils.trainer -   Sensitivity: 0.20563
06/30/2026 16:46:46 - INFO - utils.trainer -   Loss: 0.69318
06/30/2026 16:46:46 - INFO - utils.trainer -   Epoch: 61, Train loss: 0.69317, Test loss: 0.69318,Epoch time = 3.618s
06/30/2026 16:46:49 - INFO - utils.trainer -   ***** Running evaluation on test2 dataset *****
06/30/2026 16:46:49 - INFO - utils.trainer -   AUC: 0.48736
06/30/2026 16:46:49 - INFO - utils.trainer -   Accuracy: 0.49155
06/30/2026 16:46:49 - INFO - utils.trainer -   Precision: 0.49145
06/30/2026 16:46:49 - INFO - utils.trainer -   Recall: 0.48592
06/30/2026 16:46:49 - INFO - utils.trainer -   F_score: 0.48867
06/30/2026 16:46:49 - INFO - utils.trainer -   Specificity: 0.49718
06/30/2026 16:46:49 - INFO - utils.trainer -   Sensitivity: 0.48592
06/30/2026 16:46:49 - INFO - utils.trainer -   Loss: 0.69322
06/30/2026 16:46:49 - INFO - utils.trainer -   Epoch: 62, Train loss: 0.69312, Test loss: 0.69322,Epoch time = 3.064s
06/30/2026 16:46:52 - INFO - utils.trainer -   ***** Running evaluation on test2 dataset *****
06/30/2026 16:46:53 - INFO - utils.trainer -   AUC: 0.49718
06/30/2026 16:46:53 - INFO - utils.trainer -   Accuracy: 0.49648
06/30/2026 16:46:53 - INFO - utils.trainer -   Precision: 0.49599
06/30/2026 16:46:53 - INFO - utils.trainer -   Recall: 0.43592
06/30/2026 16:46:53 - INFO - utils.trainer -   F_score: 0.46402
06/30/2026 16:46:53 - INFO - utils.trainer -   Specificity: 0.55704
06/30/2026 16:46:53 - INFO - utils.trainer -   Sensitivity: 0.43592
06/30/2026 16:46:53 - INFO - utils.trainer -   Loss: 0.69317
06/30/2026 16:46:53 - INFO - utils.trainer -   Epoch: 63, Train loss: 0.69326, Test loss: 0.69317,Epoch time = 2.697s
06/30/2026 16:46:56 - INFO - utils.trainer -   ***** Running evaluation on test2 dataset *****
06/30/2026 16:46:57 - INFO - utils.trainer -   AUC: 0.50738
06/30/2026 16:46:57 - INFO - utils.trainer -   Accuracy: 0.50986
06/30/2026 16:46:57 - INFO - utils.trainer -   Precision: 0.51273
06/30/2026 16:46:57 - INFO - utils.trainer -   Recall: 0.39718
06/30/2026 16:46:57 - INFO - utils.trainer -   F_score: 0.44762
06/30/2026 16:46:57 - INFO - utils.trainer -   Specificity: 0.62254
06/30/2026 16:46:57 - INFO - utils.trainer -   Sensitivity: 0.39718
06/30/2026 16:46:57 - INFO - utils.trainer -   Loss: 0.69310
06/30/2026 16:46:57 - INFO - utils.trainer -   Epoch: 64, Train loss: 0.69312, Test loss: 0.69310,Epoch time = 3.269s
06/30/2026 16:47:00 - INFO - utils.trainer -   ***** Running evaluation on test2 dataset *****
06/30/2026 16:47:01 - INFO - utils.trainer -   AUC: 0.50624
06/30/2026 16:47:01 - INFO - utils.trainer -   Accuracy: 0.50599
06/30/2026 16:47:01 - INFO - utils.trainer -   Precision: 0.50528
06/30/2026 16:47:01 - INFO - utils.trainer -   Recall: 0.57324
06/30/2026 16:47:01 - INFO - utils.trainer -   F_score: 0.53712
06/30/2026 16:47:01 - INFO - utils.trainer -   Specificity: 0.43873
06/30/2026 16:47:01 - INFO - utils.trainer -   Sensitivity: 0.57324
06/30/2026 16:47:01 - INFO - utils.trainer -   Loss: 0.69312
06/30/2026 16:47:01 - INFO - utils.trainer -   Epoch: 65, Train loss: 0.69328, Test loss: 0.69312,Epoch time = 3.734s
06/30/2026 16:47:04 - INFO - utils.trainer -   ***** Running evaluation on test2 dataset *****
06/30/2026 16:47:05 - INFO - utils.trainer -   AUC: 0.49903
06/30/2026 16:47:05 - INFO - utils.trainer -   Accuracy: 0.50563
06/30/2026 16:47:05 - INFO - utils.trainer -   Precision: 0.50621
06/30/2026 16:47:05 - INFO - utils.trainer -   Recall: 0.45915
06/30/2026 16:47:05 - INFO - utils.trainer -   F_score: 0.48154
06/30/2026 16:47:05 - INFO - utils.trainer -   Specificity: 0.55211
06/30/2026 16:47:05 - INFO - utils.trainer -   Sensitivity: 0.45915
06/30/2026 16:47:05 - INFO - utils.trainer -   Loss: 0.69318
06/30/2026 16:47:05 - INFO - utils.trainer -   Epoch: 66, Train loss: 0.69318, Test loss: 0.69318,Epoch time = 2.913s
06/30/2026 16:47:08 - INFO - utils.trainer -   ***** Running evaluation on test2 dataset *****
06/30/2026 16:47:09 - INFO - utils.trainer -   AUC: 0.49461
06/30/2026 16:47:09 - INFO - utils.trainer -   Accuracy: 0.49894
06/30/2026 16:47:09 - INFO - utils.trainer -   Precision: 0.49910
06/30/2026 16:47:09 - INFO - utils.trainer -   Recall: 0.58451
06/30/2026 16:47:09 - INFO - utils.trainer -   F_score: 0.53844
06/30/2026 16:47:09 - INFO - utils.trainer -   Specificity: 0.41338
06/30/2026 16:47:09 - INFO - utils.trainer -   Sensitivity: 0.58451
06/30/2026 16:47:09 - INFO - utils.trainer -   Loss: 0.69320
06/30/2026 16:47:09 - INFO - utils.trainer -   Epoch: 67, Train loss: 0.69307, Test loss: 0.69320,Epoch time = 2.889s
06/30/2026 16:47:12 - INFO - utils.trainer -   ***** Running evaluation on test2 dataset *****
06/30/2026 16:47:12 - INFO - utils.trainer -   AUC: 0.49999
06/30/2026 16:47:12 - INFO - utils.trainer -   Accuracy: 0.49261
06/30/2026 16:47:12 - INFO - utils.trainer -   Precision: 0.49078
06/30/2026 16:47:12 - INFO - utils.trainer -   Recall: 0.39366
06/30/2026 16:47:12 - INFO - utils.trainer -   F_score: 0.43689
06/30/2026 16:47:12 - INFO - utils.trainer -   Specificity: 0.59155
06/30/2026 16:47:12 - INFO - utils.trainer -   Sensitivity: 0.39366
06/30/2026 16:47:12 - INFO - utils.trainer -   Loss: 0.69315
06/30/2026 16:47:12 - INFO - utils.trainer -   Epoch: 68, Train loss: 0.69326, Test loss: 0.69315,Epoch time = 3.202s
06/30/2026 16:47:15 - INFO - utils.trainer -   ***** Running evaluation on test2 dataset *****
06/30/2026 16:47:16 - INFO - utils.trainer -   AUC: 0.50856
06/30/2026 16:47:16 - INFO - utils.trainer -   Accuracy: 0.50493
06/30/2026 16:47:16 - INFO - utils.trainer -   Precision: 0.50353
06/30/2026 16:47:16 - INFO - utils.trainer -   Recall: 0.70282
06/30/2026 16:47:16 - INFO - utils.trainer -   F_score: 0.58671
06/30/2026 16:47:16 - INFO - utils.trainer -   Specificity: 0.30704
06/30/2026 16:47:16 - INFO - utils.trainer -   Sensitivity: 0.70282
06/30/2026 16:47:16 - INFO - utils.trainer -   Loss: 0.69310
06/30/2026 16:47:16 - INFO - utils.trainer -   Epoch: 69, Train loss: 0.69321, Test loss: 0.69310,Epoch time = 2.492s
06/30/2026 16:47:19 - INFO - utils.trainer -   ***** Running evaluation on test2 dataset *****
06/30/2026 16:47:20 - INFO - utils.trainer -   AUC: 0.49130
06/30/2026 16:47:20 - INFO - utils.trainer -   Accuracy: 0.50000
06/30/2026 16:47:20 - INFO - utils.trainer -   Precision: 0.50000
06/30/2026 16:47:20 - INFO - utils.trainer -   Recall: 0.53803
06/30/2026 16:47:20 - INFO - utils.trainer -   F_score: 0.51832
06/30/2026 16:47:20 - INFO - utils.trainer -   Specificity: 0.46197
06/30/2026 16:47:20 - INFO - utils.trainer -   Sensitivity: 0.53803
06/30/2026 16:47:20 - INFO - utils.trainer -   Loss: 0.69324
06/30/2026 16:47:20 - INFO - utils.trainer -   Epoch: 70, Train loss: 0.69319, Test loss: 0.69324,Epoch time = 3.631s
06/30/2026 16:47:23 - INFO - utils.trainer -   ***** Running evaluation on test2 dataset *****
06/30/2026 16:47:23 - INFO - utils.trainer -   AUC: 0.48313
06/30/2026 16:47:23 - INFO - utils.trainer -   Accuracy: 0.49014
06/30/2026 16:47:23 - INFO - utils.trainer -   Precision: 0.49116
06/30/2026 16:47:23 - INFO - utils.trainer -   Recall: 0.54789
06/30/2026 16:47:23 - INFO - utils.trainer -   F_score: 0.51798
06/30/2026 16:47:23 - INFO - utils.trainer -   Specificity: 0.43239
06/30/2026 16:47:23 - INFO - utils.trainer -   Sensitivity: 0.54789
06/30/2026 16:47:23 - INFO - utils.trainer -   Loss: 0.69329
06/30/2026 16:47:23 - INFO - utils.trainer -   Epoch: 71, Train loss: 0.69328, Test loss: 0.69329,Epoch time = 2.608s
06/30/2026 16:47:26 - INFO - utils.trainer -   ***** Running evaluation on test2 dataset *****
06/30/2026 16:47:27 - INFO - utils.trainer -   AUC: 0.49150
06/30/2026 16:47:27 - INFO - utils.trainer -   Accuracy: 0.50141
06/30/2026 16:47:27 - INFO - utils.trainer -   Precision: 0.50163
06/30/2026 16:47:27 - INFO - utils.trainer -   Recall: 0.43310
06/30/2026 16:47:27 - INFO - utils.trainer -   F_score: 0.46485
06/30/2026 16:47:27 - INFO - utils.trainer -   Specificity: 0.56972
06/30/2026 16:47:27 - INFO - utils.trainer -   Sensitivity: 0.43310
06/30/2026 16:47:27 - INFO - utils.trainer -   Loss: 0.69322
06/30/2026 16:47:27 - INFO - utils.trainer -   Epoch: 72, Train loss: 0.69324, Test loss: 0.69322,Epoch time = 2.657s
06/30/2026 16:47:30 - INFO - utils.trainer -   ***** Running evaluation on test2 dataset *****
06/30/2026 16:47:31 - INFO - utils.trainer -   AUC: 0.49315
06/30/2026 16:47:31 - INFO - utils.trainer -   Accuracy: 0.49930
06/30/2026 16:47:31 - INFO - utils.trainer -   Precision: 0.49933
06/30/2026 16:47:31 - INFO - utils.trainer -   Recall: 0.52324
06/30/2026 16:47:31 - INFO - utils.trainer -   F_score: 0.51100
06/30/2026 16:47:31 - INFO - utils.trainer -   Specificity: 0.47535
06/30/2026 16:47:31 - INFO - utils.trainer -   Sensitivity: 0.52324
06/30/2026 16:47:31 - INFO - utils.trainer -   Loss: 0.69320
06/30/2026 16:47:31 - INFO - utils.trainer -   Epoch: 73, Train loss: 0.69316, Test loss: 0.69320,Epoch time = 3.118s
06/30/2026 16:47:33 - INFO - utils.trainer -   ***** Running evaluation on test2 dataset *****
06/30/2026 16:47:34 - INFO - utils.trainer -   AUC: 0.49446
06/30/2026 16:47:34 - INFO - utils.trainer -   Accuracy: 0.49824
06/30/2026 16:47:34 - INFO - utils.trainer -   Precision: 0.49823
06/30/2026 16:47:34 - INFO - utils.trainer -   Recall: 0.49507
06/30/2026 16:47:34 - INFO - utils.trainer -   F_score: 0.49664
06/30/2026 16:47:34 - INFO - utils.trainer -   Specificity: 0.50141
06/30/2026 16:47:34 - INFO - utils.trainer -   Sensitivity: 0.49507
06/30/2026 16:47:34 - INFO - utils.trainer -   Loss: 0.69318
06/30/2026 16:47:34 - INFO - utils.trainer -   Epoch: 74, Train loss: 0.69324, Test loss: 0.69318,Epoch time = 2.842s
06/30/2026 16:47:37 - INFO - utils.trainer -   ***** Running evaluation on test2 dataset *****
06/30/2026 16:47:38 - INFO - utils.trainer -   AUC: 0.49232
06/30/2026 16:47:38 - INFO - utils.trainer -   Accuracy: 0.48908
06/30/2026 16:47:38 - INFO - utils.trainer -   Precision: 0.49221
06/30/2026 16:47:38 - INFO - utils.trainer -   Recall: 0.68944
06/30/2026 16:47:38 - INFO - utils.trainer -   F_score: 0.57436
06/30/2026 16:47:38 - INFO - utils.trainer -   Specificity: 0.28873
06/30/2026 16:47:38 - INFO - utils.trainer -   Sensitivity: 0.68944
06/30/2026 16:47:38 - INFO - utils.trainer -   Loss: 0.69319
06/30/2026 16:47:38 - INFO - utils.trainer -   Epoch: 75, Train loss: 0.69315, Test loss: 0.69319,Epoch time = 3.105s
06/30/2026 16:47:41 - INFO - utils.trainer -   ***** Running evaluation on test2 dataset *****
06/30/2026 16:47:41 - INFO - utils.trainer -   AUC: 0.49165
06/30/2026 16:47:41 - INFO - utils.trainer -   Accuracy: 0.49683
06/30/2026 16:47:41 - INFO - utils.trainer -   Precision: 0.49705
06/30/2026 16:47:41 - INFO - utils.trainer -   Recall: 0.53380
06/30/2026 16:47:41 - INFO - utils.trainer -   F_score: 0.51477
06/30/2026 16:47:41 - INFO - utils.trainer -   Specificity: 0.45986
06/30/2026 16:47:41 - INFO - utils.trainer -   Sensitivity: 0.53380
06/30/2026 16:47:41 - INFO - utils.trainer -   Loss: 0.69321
06/30/2026 16:47:41 - INFO - utils.trainer -   Epoch: 76, Train loss: 0.69321, Test loss: 0.69321,Epoch time = 2.644s
06/30/2026 16:47:45 - INFO - utils.trainer -   ***** Running evaluation on test2 dataset *****
06/30/2026 16:47:46 - INFO - utils.trainer -   AUC: 0.49971
06/30/2026 16:47:46 - INFO - utils.trainer -   Accuracy: 0.50176
06/30/2026 16:47:46 - INFO - utils.trainer -   Precision: 0.50222
06/30/2026 16:47:46 - INFO - utils.trainer -   Recall: 0.39859
06/30/2026 16:47:46 - INFO - utils.trainer -   F_score: 0.44444
06/30/2026 16:47:46 - INFO - utils.trainer -   Specificity: 0.60493
06/30/2026 16:47:46 - INFO - utils.trainer -   Sensitivity: 0.39859
06/30/2026 16:47:46 - INFO - utils.trainer -   Loss: 0.69315
06/30/2026 16:47:46 - INFO - utils.trainer -   Epoch: 77, Train loss: 0.69319, Test loss: 0.69315,Epoch time = 3.836s
06/30/2026 16:47:49 - INFO - utils.trainer -   ***** Running evaluation on test2 dataset *****
06/30/2026 16:47:49 - INFO - utils.trainer -   AUC: 0.50289
06/30/2026 16:47:49 - INFO - utils.trainer -   Accuracy: 0.50000
06/30/2026 16:47:49 - INFO - utils.trainer -   Precision: 0.50000
06/30/2026 16:47:49 - INFO - utils.trainer -   Recall: 0.65775
06/30/2026 16:47:49 - INFO - utils.trainer -   F_score: 0.56813
06/30/2026 16:47:49 - INFO - utils.trainer -   Specificity: 0.34225
06/30/2026 16:47:49 - INFO - utils.trainer -   Sensitivity: 0.65775
06/30/2026 16:47:49 - INFO - utils.trainer -   Loss: 0.69313
06/30/2026 16:47:49 - INFO - utils.trainer -   Epoch: 78, Train loss: 0.69313, Test loss: 0.69313,Epoch time = 2.686s
06/30/2026 16:47:52 - INFO - utils.trainer -   ***** Running evaluation on test2 dataset *****
06/30/2026 16:47:53 - INFO - utils.trainer -   AUC: 0.50063
06/30/2026 16:47:53 - INFO - utils.trainer -   Accuracy: 0.50493
06/30/2026 16:47:53 - INFO - utils.trainer -   Precision: 0.50478
06/30/2026 16:47:53 - INFO - utils.trainer -   Recall: 0.52042
06/30/2026 16:47:53 - INFO - utils.trainer -   F_score: 0.51248
06/30/2026 16:47:53 - INFO - utils.trainer -   Specificity: 0.48944
06/30/2026 16:47:53 - INFO - utils.trainer -   Sensitivity: 0.52042
06/30/2026 16:47:53 - INFO - utils.trainer -   Loss: 0.69316
06/30/2026 16:47:53 - INFO - utils.trainer -   Epoch: 79, Train loss: 0.69322, Test loss: 0.69316,Epoch time = 2.615s
06/30/2026 16:47:55 - INFO - utils.trainer -   ***** Running evaluation on test2 dataset *****
06/30/2026 16:47:56 - INFO - utils.trainer -   AUC: 0.48420
06/30/2026 16:47:56 - INFO - utils.trainer -   Accuracy: 0.49296
06/30/2026 16:47:56 - INFO - utils.trainer -   Precision: 0.49164
06/30/2026 16:47:56 - INFO - utils.trainer -   Recall: 0.41408
06/30/2026 16:47:56 - INFO - utils.trainer -   F_score: 0.44954
06/30/2026 16:47:56 - INFO - utils.trainer -   Specificity: 0.57183
06/30/2026 16:47:56 - INFO - utils.trainer -   Sensitivity: 0.41408
06/30/2026 16:47:56 - INFO - utils.trainer -   Loss: 0.69324
06/30/2026 16:47:56 - INFO - utils.trainer -   Epoch: 80, Train loss: 0.69327, Test loss: 0.69324,Epoch time = 2.586s
06/30/2026 16:47:59 - INFO - utils.trainer -   ***** Running evaluation on test2 dataset *****
06/30/2026 16:48:00 - INFO - utils.trainer -   AUC: 0.51030
06/30/2026 16:48:00 - INFO - utils.trainer -   Accuracy: 0.51021
06/30/2026 16:48:00 - INFO - utils.trainer -   Precision: 0.51696
06/30/2026 16:48:00 - INFO - utils.trainer -   Recall: 0.31127
06/30/2026 16:48:00 - INFO - utils.trainer -   F_score: 0.38857
06/30/2026 16:48:00 - INFO - utils.trainer -   Specificity: 0.70915
06/30/2026 16:48:00 - INFO - utils.trainer -   Sensitivity: 0.31127
06/30/2026 16:48:00 - INFO - utils.trainer -   Loss: 0.69311
06/30/2026 16:48:00 - INFO - utils.trainer -   Epoch: 81, Train loss: 0.69323, Test loss: 0.69311,Epoch time = 3.022s
06/30/2026 16:48:03 - INFO - utils.trainer -   ***** Running evaluation on test2 dataset *****
06/30/2026 16:48:04 - INFO - utils.trainer -   AUC: 0.49564
06/30/2026 16:48:04 - INFO - utils.trainer -   Accuracy: 0.49507
06/30/2026 16:48:04 - INFO - utils.trainer -   Precision: 0.49030
06/30/2026 16:48:04 - INFO - utils.trainer -   Recall: 0.24930
06/30/2026 16:48:04 - INFO - utils.trainer -   F_score: 0.33053
06/30/2026 16:48:04 - INFO - utils.trainer -   Specificity: 0.74085
06/30/2026 16:48:04 - INFO - utils.trainer -   Sensitivity: 0.24930
06/30/2026 16:48:04 - INFO - utils.trainer -   Loss: 0.69317
06/30/2026 16:48:04 - INFO - utils.trainer -   Epoch: 82, Train loss: 0.69322, Test loss: 0.69317,Epoch time = 3.071s
06/30/2026 16:48:06 - INFO - utils.trainer -   ***** Running evaluation on test2 dataset *****
06/30/2026 16:48:07 - INFO - utils.trainer -   AUC: 0.50595
06/30/2026 16:48:07 - INFO - utils.trainer -   Accuracy: 0.50704
06/30/2026 16:48:07 - INFO - utils.trainer -   Precision: 0.51292
06/30/2026 16:48:07 - INFO - utils.trainer -   Recall: 0.27958
06/30/2026 16:48:07 - INFO - utils.trainer -   F_score: 0.36190
06/30/2026 16:48:07 - INFO - utils.trainer -   Specificity: 0.73451
06/30/2026 16:48:07 - INFO - utils.trainer -   Sensitivity: 0.27958
06/30/2026 16:48:07 - INFO - utils.trainer -   Loss: 0.69313
06/30/2026 16:48:07 - INFO - utils.trainer -   Epoch: 83, Train loss: 0.69323, Test loss: 0.69313,Epoch time = 2.954s
06/30/2026 16:48:10 - INFO - utils.trainer -   ***** Running evaluation on test2 dataset *****
06/30/2026 16:48:10 - INFO - utils.trainer -   AUC: 0.50680
06/30/2026 16:48:10 - INFO - utils.trainer -   Accuracy: 0.50599
06/30/2026 16:48:10 - INFO - utils.trainer -   Precision: 0.50960
06/30/2026 16:48:10 - INFO - utils.trainer -   Recall: 0.31761
06/30/2026 16:48:10 - INFO - utils.trainer -   F_score: 0.39132
06/30/2026 16:48:10 - INFO - utils.trainer -   Specificity: 0.69437
06/30/2026 16:48:10 - INFO - utils.trainer -   Sensitivity: 0.31761
06/30/2026 16:48:10 - INFO - utils.trainer -   Loss: 0.69313
06/30/2026 16:48:10 - INFO - utils.trainer -   Epoch: 84, Train loss: 0.69324, Test loss: 0.69313,Epoch time = 2.563s
06/30/2026 16:48:14 - INFO - utils.trainer -   ***** Running evaluation on test2 dataset *****
06/30/2026 16:48:14 - INFO - utils.trainer -   AUC: 0.48415
06/30/2026 16:48:14 - INFO - utils.trainer -   Accuracy: 0.47887
06/30/2026 16:48:14 - INFO - utils.trainer -   Precision: 0.46403
06/30/2026 16:48:14 - INFO - utils.trainer -   Recall: 0.27254
06/30/2026 16:48:14 - INFO - utils.trainer -   F_score: 0.34339
06/30/2026 16:48:14 - INFO - utils.trainer -   Specificity: 0.68521
06/30/2026 16:48:14 - INFO - utils.trainer -   Sensitivity: 0.27254
06/30/2026 16:48:14 - INFO - utils.trainer -   Loss: 0.69320
06/30/2026 16:48:14 - INFO - utils.trainer -   Epoch: 85, Train loss: 0.69317, Test loss: 0.69320,Epoch time = 3.377s
06/30/2026 16:48:18 - INFO - utils.trainer -   ***** Running evaluation on test2 dataset *****
06/30/2026 16:48:19 - INFO - utils.trainer -   AUC: 0.50826
06/30/2026 16:48:19 - INFO - utils.trainer -   Accuracy: 0.50352
06/30/2026 16:48:19 - INFO - utils.trainer -   Precision: 0.50503
06/30/2026 16:48:19 - INFO - utils.trainer -   Recall: 0.35352
06/30/2026 16:48:19 - INFO - utils.trainer -   F_score: 0.41591
06/30/2026 16:48:19 - INFO - utils.trainer -   Specificity: 0.65352
06/30/2026 16:48:19 - INFO - utils.trainer -   Sensitivity: 0.35352
06/30/2026 16:48:19 - INFO - utils.trainer -   Loss: 0.69312
06/30/2026 16:48:19 - INFO - utils.trainer -   Epoch: 86, Train loss: 0.69322, Test loss: 0.69312,Epoch time = 3.565s
06/30/2026 16:48:22 - INFO - utils.trainer -   ***** Running evaluation on test2 dataset *****
06/30/2026 16:48:23 - INFO - utils.trainer -   AUC: 0.50540
06/30/2026 16:48:23 - INFO - utils.trainer -   Accuracy: 0.50423
06/30/2026 16:48:23 - INFO - utils.trainer -   Precision: 0.50300
06/30/2026 16:48:23 - INFO - utils.trainer -   Recall: 0.70845
06/30/2026 16:48:23 - INFO - utils.trainer -   F_score: 0.58830
06/30/2026 16:48:23 - INFO - utils.trainer -   Specificity: 0.30000
06/30/2026 16:48:23 - INFO - utils.trainer -   Sensitivity: 0.70845
06/30/2026 16:48:23 - INFO - utils.trainer -   Loss: 0.69312
06/30/2026 16:48:23 - INFO - utils.trainer -   Epoch: 87, Train loss: 0.69317, Test loss: 0.69312,Epoch time = 3.655s
06/30/2026 16:48:26 - INFO - utils.trainer -   ***** Running evaluation on test2 dataset *****
06/30/2026 16:48:27 - INFO - utils.trainer -   AUC: 0.50477
06/30/2026 16:48:27 - INFO - utils.trainer -   Accuracy: 0.50951
06/30/2026 16:48:27 - INFO - utils.trainer -   Precision: 0.50777
06/30/2026 16:48:27 - INFO - utils.trainer -   Recall: 0.62113
06/30/2026 16:48:27 - INFO - utils.trainer -   F_score: 0.55876
06/30/2026 16:48:27 - INFO - utils.trainer -   Specificity: 0.39789
06/30/2026 16:48:27 - INFO - utils.trainer -   Sensitivity: 0.62113
06/30/2026 16:48:27 - INFO - utils.trainer -   Loss: 0.69313
06/30/2026 16:48:27 - INFO - utils.trainer -   Epoch: 88, Train loss: 0.69321, Test loss: 0.69313,Epoch time = 2.993s
06/30/2026 16:48:31 - INFO - utils.trainer -   ***** Running evaluation on test2 dataset *****
06/30/2026 16:48:31 - INFO - utils.trainer -   AUC: 0.48130
06/30/2026 16:48:31 - INFO - utils.trainer -   Accuracy: 0.48556
06/30/2026 16:48:31 - INFO - utils.trainer -   Precision: 0.48392
06/30/2026 16:48:31 - INFO - utils.trainer -   Recall: 0.43451
06/30/2026 16:48:31 - INFO - utils.trainer -   F_score: 0.45788
06/30/2026 16:48:31 - INFO - utils.trainer -   Specificity: 0.53662
06/30/2026 16:48:31 - INFO - utils.trainer -   Sensitivity: 0.43451
06/30/2026 16:48:31 - INFO - utils.trainer -   Loss: 0.69321
06/30/2026 16:48:31 - INFO - utils.trainer -   Epoch: 89, Train loss: 0.69315, Test loss: 0.69321,Epoch time = 3.446s
06/30/2026 16:48:36 - INFO - utils.trainer -   ***** Running evaluation on test2 dataset *****
06/30/2026 16:48:36 - INFO - utils.trainer -   AUC: 0.50110
06/30/2026 16:48:36 - INFO - utils.trainer -   Accuracy: 0.50176
06/30/2026 16:48:36 - INFO - utils.trainer -   Precision: 0.50182
06/30/2026 16:48:36 - INFO - utils.trainer -   Recall: 0.48521
06/30/2026 16:48:36 - INFO - utils.trainer -   F_score: 0.49338
06/30/2026 16:48:36 - INFO - utils.trainer -   Specificity: 0.51831
06/30/2026 16:48:36 - INFO - utils.trainer -   Sensitivity: 0.48521
06/30/2026 16:48:36 - INFO - utils.trainer -   Loss: 0.69314
06/30/2026 16:48:36 - INFO - utils.trainer -   Epoch: 90, Train loss: 0.69319, Test loss: 0.69314,Epoch time = 4.156s
06/30/2026 16:48:40 - INFO - utils.trainer -   ***** Running evaluation on test2 dataset *****
06/30/2026 16:48:41 - INFO - utils.trainer -   AUC: 0.49887
06/30/2026 16:48:41 - INFO - utils.trainer -   Accuracy: 0.49789
06/30/2026 16:48:41 - INFO - utils.trainer -   Precision: 0.49771
06/30/2026 16:48:41 - INFO - utils.trainer -   Recall: 0.45915
06/30/2026 16:48:41 - INFO - utils.trainer -   F_score: 0.47766
06/30/2026 16:48:41 - INFO - utils.trainer -   Specificity: 0.53662
06/30/2026 16:48:41 - INFO - utils.trainer -   Sensitivity: 0.45915
06/30/2026 16:48:41 - INFO - utils.trainer -   Loss: 0.69315
06/30/2026 16:48:41 - INFO - utils.trainer -   Epoch: 91, Train loss: 0.69319, Test loss: 0.69315,Epoch time = 3.770s
06/30/2026 16:48:44 - INFO - utils.trainer -   ***** Running evaluation on test2 dataset *****
06/30/2026 16:48:45 - INFO - utils.trainer -   AUC: 0.48887
06/30/2026 16:48:45 - INFO - utils.trainer -   Accuracy: 0.49155
06/30/2026 16:48:45 - INFO - utils.trainer -   Precision: 0.49360
06/30/2026 16:48:45 - INFO - utils.trainer -   Recall: 0.65141
06/30/2026 16:48:45 - INFO - utils.trainer -   F_score: 0.56163
06/30/2026 16:48:45 - INFO - utils.trainer -   Specificity: 0.33169
06/30/2026 16:48:45 - INFO - utils.trainer -   Sensitivity: 0.65141
06/30/2026 16:48:45 - INFO - utils.trainer -   Loss: 0.69319
06/30/2026 16:48:45 - INFO - utils.trainer -   Epoch: 92, Train loss: 0.69316, Test loss: 0.69319,Epoch time = 3.035s
06/30/2026 16:48:48 - INFO - utils.trainer -   ***** Running evaluation on test2 dataset *****
06/30/2026 16:48:48 - INFO - utils.trainer -   AUC: 0.50077
06/30/2026 16:48:48 - INFO - utils.trainer -   Accuracy: 0.50317
06/30/2026 16:48:48 - INFO - utils.trainer -   Precision: 0.50361
06/30/2026 16:48:48 - INFO - utils.trainer -   Recall: 0.44155
06/30/2026 16:48:48 - INFO - utils.trainer -   F_score: 0.47054
06/30/2026 16:48:48 - INFO - utils.trainer -   Specificity: 0.56479
06/30/2026 16:48:48 - INFO - utils.trainer -   Sensitivity: 0.44155
06/30/2026 16:48:48 - INFO - utils.trainer -   Loss: 0.69315
06/30/2026 16:48:48 - INFO - utils.trainer -   Epoch: 93, Train loss: 0.69319, Test loss: 0.69315,Epoch time = 3.058s
06/30/2026 16:48:51 - INFO - utils.trainer -   ***** Running evaluation on test2 dataset *****
06/30/2026 16:48:52 - INFO - utils.trainer -   AUC: 0.50538
06/30/2026 16:48:52 - INFO - utils.trainer -   Accuracy: 0.50423
06/30/2026 16:48:52 - INFO - utils.trainer -   Precision: 0.50394
06/30/2026 16:48:52 - INFO - utils.trainer -   Recall: 0.54085
06/30/2026 16:48:52 - INFO - utils.trainer -   F_score: 0.52174
06/30/2026 16:48:52 - INFO - utils.trainer -   Specificity: 0.46761
06/30/2026 16:48:52 - INFO - utils.trainer -   Sensitivity: 0.54085
06/30/2026 16:48:52 - INFO - utils.trainer -   Loss: 0.69313
06/30/2026 16:48:52 - INFO - utils.trainer -   Epoch: 94, Train loss: 0.69316, Test loss: 0.69313,Epoch time = 2.432s
06/30/2026 16:48:55 - INFO - utils.trainer -   ***** Running evaluation on test2 dataset *****
06/30/2026 16:48:55 - INFO - utils.trainer -   AUC: 0.50468
06/30/2026 16:48:55 - INFO - utils.trainer -   Accuracy: 0.49542
06/30/2026 16:48:55 - INFO - utils.trainer -   Precision: 0.49591
06/30/2026 16:48:55 - INFO - utils.trainer -   Recall: 0.55563
06/30/2026 16:48:55 - INFO - utils.trainer -   F_score: 0.52408
06/30/2026 16:48:55 - INFO - utils.trainer -   Specificity: 0.43521
06/30/2026 16:48:55 - INFO - utils.trainer -   Sensitivity: 0.55563
06/30/2026 16:48:55 - INFO - utils.trainer -   Loss: 0.69314
06/30/2026 16:48:55 - INFO - utils.trainer -   Epoch: 95, Train loss: 0.69323, Test loss: 0.69314,Epoch time = 3.018s
06/30/2026 16:48:58 - INFO - utils.trainer -   ***** Running evaluation on test2 dataset *****
06/30/2026 16:48:59 - INFO - utils.trainer -   AUC: 0.50697
06/30/2026 16:48:59 - INFO - utils.trainer -   Accuracy: 0.50352
06/30/2026 16:48:59 - INFO - utils.trainer -   Precision: 0.50293
06/30/2026 16:48:59 - INFO - utils.trainer -   Recall: 0.60493
06/30/2026 16:48:59 - INFO - utils.trainer -   F_score: 0.54923
06/30/2026 16:48:59 - INFO - utils.trainer -   Specificity: 0.40211
06/30/2026 16:48:59 - INFO - utils.trainer -   Sensitivity: 0.60493
06/30/2026 16:48:59 - INFO - utils.trainer -   Loss: 0.69313
06/30/2026 16:48:59 - INFO - utils.trainer -   Epoch: 96, Train loss: 0.69317, Test loss: 0.69313,Epoch time = 2.360s
06/30/2026 16:49:02 - INFO - utils.trainer -   ***** Running evaluation on test2 dataset *****
06/30/2026 16:49:03 - INFO - utils.trainer -   AUC: 0.50437
06/30/2026 16:49:03 - INFO - utils.trainer -   Accuracy: 0.49894
06/30/2026 16:49:03 - INFO - utils.trainer -   Precision: 0.49918
06/30/2026 16:49:03 - INFO - utils.trainer -   Recall: 0.64296
06/30/2026 16:49:03 - INFO - utils.trainer -   F_score: 0.56202
06/30/2026 16:49:03 - INFO - utils.trainer -   Specificity: 0.35493
06/30/2026 16:49:03 - INFO - utils.trainer -   Sensitivity: 0.64296
06/30/2026 16:49:03 - INFO - utils.trainer -   Loss: 0.69314
06/30/2026 16:49:03 - INFO - utils.trainer -   Epoch: 97, Train loss: 0.69319, Test loss: 0.69314,Epoch time = 3.770s
06/30/2026 16:49:06 - INFO - utils.trainer -   ***** Running evaluation on test2 dataset *****
06/30/2026 16:49:07 - INFO - utils.trainer -   AUC: 0.51041
06/30/2026 16:49:07 - INFO - utils.trainer -   Accuracy: 0.52289
06/30/2026 16:49:07 - INFO - utils.trainer -   Precision: 0.52733
06/30/2026 16:49:07 - INFO - utils.trainer -   Recall: 0.44155
06/30/2026 16:49:07 - INFO - utils.trainer -   F_score: 0.48064
06/30/2026 16:49:07 - INFO - utils.trainer -   Specificity: 0.60423
06/30/2026 16:49:07 - INFO - utils.trainer -   Sensitivity: 0.44155
06/30/2026 16:49:07 - INFO - utils.trainer -   Loss: 0.69313
06/30/2026 16:49:07 - INFO - utils.trainer -   Epoch: 98, Train loss: 0.69318, Test loss: 0.69313,Epoch time = 2.999s
06/30/2026 16:49:10 - INFO - utils.trainer -   ***** Running evaluation on test2 dataset *****
06/30/2026 16:49:10 - INFO - utils.trainer -   AUC: 0.49400
06/30/2026 16:49:10 - INFO - utils.trainer -   Accuracy: 0.49789
06/30/2026 16:49:10 - INFO - utils.trainer -   Precision: 0.49792
06/30/2026 16:49:10 - INFO - utils.trainer -   Recall: 0.50493
06/30/2026 16:49:10 - INFO - utils.trainer -   F_score: 0.50140
06/30/2026 16:49:10 - INFO - utils.trainer -   Specificity: 0.49085
06/30/2026 16:49:10 - INFO - utils.trainer -   Sensitivity: 0.50493
06/30/2026 16:49:10 - INFO - utils.trainer -   Loss: 0.69317
06/30/2026 16:49:10 - INFO - utils.trainer -   Epoch: 99, Train loss: 0.69322, Test loss: 0.69317,Epoch time = 2.636s
06/30/2026 16:49:13 - INFO - utils.trainer -   ***** Running evaluation on test2 dataset *****
06/30/2026 16:49:14 - INFO - utils.trainer -   AUC: 0.52330
06/30/2026 16:49:14 - INFO - utils.trainer -   Accuracy: 0.52183
06/30/2026 16:49:14 - INFO - utils.trainer -   Precision: 0.53422
06/30/2026 16:49:14 - INFO - utils.trainer -   Recall: 0.34085
06/30/2026 16:49:14 - INFO - utils.trainer -   F_score: 0.41617
06/30/2026 16:49:14 - INFO - utils.trainer -   Specificity: 0.70282
06/30/2026 16:49:14 - INFO - utils.trainer -   Sensitivity: 0.34085
06/30/2026 16:49:14 - INFO - utils.trainer -   Loss: 0.69309
06/30/2026 16:49:14 - INFO - utils.trainer -   Epoch: 100, Train loss: 0.69319, Test loss: 0.69309,Epoch time = 3.084s
06/30/2026 16:49:17 - INFO - utils.trainer -   ***** Running evaluation on test2 dataset *****
06/30/2026 16:49:18 - INFO - utils.trainer -   AUC: 0.51114
06/30/2026 16:49:18 - INFO - utils.trainer -   Accuracy: 0.51232
06/30/2026 16:49:18 - INFO - utils.trainer -   Precision: 0.51406
06/30/2026 16:49:18 - INFO - utils.trainer -   Recall: 0.45070
06/30/2026 16:49:18 - INFO - utils.trainer -   F_score: 0.48030
06/30/2026 16:49:18 - INFO - utils.trainer -   Specificity: 0.57394
06/30/2026 16:49:18 - INFO - utils.trainer -   Sensitivity: 0.45070
06/30/2026 16:49:18 - INFO - utils.trainer -   Loss: 0.69312
06/30/2026 16:49:18 - INFO - utils.trainer -   Epoch: 101, Train loss: 0.69318, Test loss: 0.69312,Epoch time = 2.857s
06/30/2026 16:49:20 - INFO - utils.trainer -   ***** Running evaluation on test2 dataset *****
06/30/2026 16:49:21 - INFO - utils.trainer -   AUC: 0.49967
06/30/2026 16:49:21 - INFO - utils.trainer -   Accuracy: 0.50387
06/30/2026 16:49:21 - INFO - utils.trainer -   Precision: 0.50332
06/30/2026 16:49:21 - INFO - utils.trainer -   Recall: 0.58803
06/30/2026 16:49:21 - INFO - utils.trainer -   F_score: 0.54238
06/30/2026 16:49:21 - INFO - utils.trainer -   Specificity: 0.41972
06/30/2026 16:49:21 - INFO - utils.trainer -   Sensitivity: 0.58803
06/30/2026 16:49:21 - INFO - utils.trainer -   Loss: 0.69315
06/30/2026 16:49:21 - INFO - utils.trainer -   Epoch: 102, Train loss: 0.69317, Test loss: 0.69315,Epoch time = 2.687s
06/30/2026 16:49:24 - INFO - utils.trainer -   ***** Running evaluation on test2 dataset *****
06/30/2026 16:49:24 - INFO - utils.trainer -   AUC: 0.51166
06/30/2026 16:49:24 - INFO - utils.trainer -   Accuracy: 0.51162
06/30/2026 16:49:24 - INFO - utils.trainer -   Precision: 0.51257
06/30/2026 16:49:24 - INFO - utils.trainer -   Recall: 0.47394
06/30/2026 16:49:24 - INFO - utils.trainer -   F_score: 0.49250
06/30/2026 16:49:24 - INFO - utils.trainer -   Specificity: 0.54930
06/30/2026 16:49:24 - INFO - utils.trainer -   Sensitivity: 0.47394
06/30/2026 16:49:24 - INFO - utils.trainer -   Loss: 0.69312
06/30/2026 16:49:24 - INFO - utils.trainer -   Epoch: 103, Train loss: 0.69317, Test loss: 0.69312,Epoch time = 2.627s
06/30/2026 16:49:27 - INFO - utils.trainer -   ***** Running evaluation on test2 dataset *****
06/30/2026 16:49:28 - INFO - utils.trainer -   AUC: 0.48054
06/30/2026 16:49:28 - INFO - utils.trainer -   Accuracy: 0.48451
06/30/2026 16:49:28 - INFO - utils.trainer -   Precision: 0.48812
06/30/2026 16:49:28 - INFO - utils.trainer -   Recall: 0.63662
06/30/2026 16:49:28 - INFO - utils.trainer -   F_score: 0.55257
06/30/2026 16:49:28 - INFO - utils.trainer -   Specificity: 0.33239
06/30/2026 16:49:28 - INFO - utils.trainer -   Sensitivity: 0.63662
06/30/2026 16:49:28 - INFO - utils.trainer -   Loss: 0.69320
06/30/2026 16:49:28 - INFO - utils.trainer -   Epoch: 104, Train loss: 0.69316, Test loss: 0.69320,Epoch time = 2.620s
06/30/2026 16:49:31 - INFO - utils.trainer -   ***** Running evaluation on test2 dataset *****
06/30/2026 16:49:31 - INFO - utils.trainer -   AUC: 0.51961
06/30/2026 16:49:31 - INFO - utils.trainer -   Accuracy: 0.50634
06/30/2026 16:49:31 - INFO - utils.trainer -   Precision: 0.51142
06/30/2026 16:49:31 - INFO - utils.trainer -   Recall: 0.28380
06/30/2026 16:49:31 - INFO - utils.trainer -   F_score: 0.36504
06/30/2026 16:49:31 - INFO - utils.trainer -   Specificity: 0.72887
06/30/2026 16:49:31 - INFO - utils.trainer -   Sensitivity: 0.28380
06/30/2026 16:49:31 - INFO - utils.trainer -   Loss: 0.69310
06/30/2026 16:49:31 - INFO - utils.trainer -   Epoch: 105, Train loss: 0.69319, Test loss: 0.69310,Epoch time = 3.002s
06/30/2026 16:49:35 - INFO - utils.trainer -   ***** Running evaluation on test2 dataset *****
06/30/2026 16:49:36 - INFO - utils.trainer -   AUC: 0.47677
06/30/2026 16:49:36 - INFO - utils.trainer -   Accuracy: 0.48873
06/30/2026 16:49:36 - INFO - utils.trainer -   Precision: 0.48736
06/30/2026 16:49:36 - INFO - utils.trainer -   Recall: 0.43451
06/30/2026 16:49:36 - INFO - utils.trainer -   F_score: 0.45942
06/30/2026 16:49:36 - INFO - utils.trainer -   Specificity: 0.54296
06/30/2026 16:49:36 - INFO - utils.trainer -   Sensitivity: 0.43451
06/30/2026 16:49:36 - INFO - utils.trainer -   Loss: 0.69321
06/30/2026 16:49:36 - INFO - utils.trainer -   Epoch: 106, Train loss: 0.69317, Test loss: 0.69321,Epoch time = 3.573s
06/30/2026 16:49:38 - INFO - utils.trainer -   ***** Running evaluation on test2 dataset *****
06/30/2026 16:49:39 - INFO - utils.trainer -   AUC: 0.48955
06/30/2026 16:49:39 - INFO - utils.trainer -   Accuracy: 0.49613
06/30/2026 16:49:39 - INFO - utils.trainer -   Precision: 0.49243
06/30/2026 16:49:39 - INFO - utils.trainer -   Recall: 0.25211
06/30/2026 16:49:39 - INFO - utils.trainer -   F_score: 0.33349
06/30/2026 16:49:39 - INFO - utils.trainer -   Specificity: 0.74014
06/30/2026 16:49:39 - INFO - utils.trainer -   Sensitivity: 0.25211
06/30/2026 16:49:39 - INFO - utils.trainer -   Loss: 0.69317
06/30/2026 16:49:39 - INFO - utils.trainer -   Epoch: 107, Train loss: 0.69317, Test loss: 0.69317,Epoch time = 2.499s
06/30/2026 16:49:42 - INFO - utils.trainer -   ***** Running evaluation on test2 dataset *****
06/30/2026 16:49:42 - INFO - utils.trainer -   AUC: 0.49051
06/30/2026 16:49:42 - INFO - utils.trainer -   Accuracy: 0.49225
06/30/2026 16:49:42 - INFO - utils.trainer -   Precision: 0.49248
06/30/2026 16:49:42 - INFO - utils.trainer -   Recall: 0.50704
06/30/2026 16:49:42 - INFO - utils.trainer -   F_score: 0.49965
06/30/2026 16:49:42 - INFO - utils.trainer -   Specificity: 0.47746
06/30/2026 16:49:42 - INFO - utils.trainer -   Sensitivity: 0.50704
06/30/2026 16:49:42 - INFO - utils.trainer -   Loss: 0.69317
06/30/2026 16:49:42 - INFO - utils.trainer -   Epoch: 108, Train loss: 0.69314, Test loss: 0.69317,Epoch time = 2.800s
06/30/2026 16:49:46 - INFO - utils.trainer -   ***** Running evaluation on test2 dataset *****
06/30/2026 16:49:46 - INFO - utils.trainer -   AUC: 0.50954
06/30/2026 16:49:46 - INFO - utils.trainer -   Accuracy: 0.50951
06/30/2026 16:49:46 - INFO - utils.trainer -   Precision: 0.51977
06/30/2026 16:49:46 - INFO - utils.trainer -   Recall: 0.25000
06/30/2026 16:49:46 - INFO - utils.trainer -   F_score: 0.33761
06/30/2026 16:49:46 - INFO - utils.trainer -   Specificity: 0.76901
06/30/2026 16:49:46 - INFO - utils.trainer -   Sensitivity: 0.25000
06/30/2026 16:49:46 - INFO - utils.trainer -   Loss: 0.69312
06/30/2026 16:49:46 - INFO - utils.trainer -   Epoch: 109, Train loss: 0.69319, Test loss: 0.69312,Epoch time = 3.233s
06/30/2026 16:49:49 - INFO - utils.trainer -   ***** Running evaluation on test2 dataset *****
06/30/2026 16:49:50 - INFO - utils.trainer -   AUC: 0.51740
06/30/2026 16:49:50 - INFO - utils.trainer -   Accuracy: 0.51021
06/30/2026 16:49:50 - INFO - utils.trainer -   Precision: 0.52086
06/30/2026 16:49:50 - INFO - utils.trainer -   Recall: 0.25493
06/30/2026 16:49:50 - INFO - utils.trainer -   F_score: 0.34232
06/30/2026 16:49:50 - INFO - utils.trainer -   Specificity: 0.76549
06/30/2026 16:49:50 - INFO - utils.trainer -   Sensitivity: 0.25493
06/30/2026 16:49:50 - INFO - utils.trainer -   Loss: 0.69311
06/30/2026 16:49:50 - INFO - utils.trainer -   Epoch: 110, Train loss: 0.69315, Test loss: 0.69311,Epoch time = 2.613s
06/30/2026 16:49:53 - INFO - utils.trainer -   ***** Running evaluation on test2 dataset *****
06/30/2026 16:49:54 - INFO - utils.trainer -   AUC: 0.50814
06/30/2026 16:49:54 - INFO - utils.trainer -   Accuracy: 0.49648
06/30/2026 16:49:54 - INFO - utils.trainer -   Precision: 0.49595
06/30/2026 16:49:54 - INFO - utils.trainer -   Recall: 0.43099
06/30/2026 16:49:54 - INFO - utils.trainer -   F_score: 0.46119
06/30/2026 16:49:54 - INFO - utils.trainer -   Specificity: 0.56197
06/30/2026 16:49:54 - INFO - utils.trainer -   Sensitivity: 0.43099
06/30/2026 16:49:54 - INFO - utils.trainer -   Loss: 0.69312
06/30/2026 16:49:54 - INFO - utils.trainer -   Epoch: 111, Train loss: 0.69316, Test loss: 0.69312,Epoch time = 2.927s
06/30/2026 16:49:56 - INFO - utils.trainer -   ***** Running evaluation on test2 dataset *****
06/30/2026 16:49:57 - INFO - utils.trainer -   AUC: 0.49167
06/30/2026 16:49:57 - INFO - utils.trainer -   Accuracy: 0.49049
06/30/2026 16:49:57 - INFO - utils.trainer -   Precision: 0.48675
06/30/2026 16:49:57 - INFO - utils.trainer -   Recall: 0.34930
06/30/2026 16:49:57 - INFO - utils.trainer -   F_score: 0.40672
06/30/2026 16:49:57 - INFO - utils.trainer -   Specificity: 0.63169
06/30/2026 16:49:57 - INFO - utils.trainer -   Sensitivity: 0.34930
06/30/2026 16:49:57 - INFO - utils.trainer -   Loss: 0.69317
06/30/2026 16:49:57 - INFO - utils.trainer -   Epoch: 112, Train loss: 0.69323, Test loss: 0.69317,Epoch time = 2.260s
06/30/2026 16:49:59 - INFO - utils.trainer -   ***** Running evaluation on test2 dataset *****
06/30/2026 16:49:59 - INFO - utils.trainer -   AUC: 0.50695
06/30/2026 16:49:59 - INFO - utils.trainer -   Accuracy: 0.50317
06/30/2026 16:49:59 - INFO - utils.trainer -   Precision: 0.50351
06/30/2026 16:49:59 - INFO - utils.trainer -   Recall: 0.45493
06/30/2026 16:49:59 - INFO - utils.trainer -   F_score: 0.47799
06/30/2026 16:49:59 - INFO - utils.trainer -   Specificity: 0.55141
06/30/2026 16:49:59 - INFO - utils.trainer -   Sensitivity: 0.45493
06/30/2026 16:49:59 - INFO - utils.trainer -   Loss: 0.69313
06/30/2026 16:49:59 - INFO - utils.trainer -   Epoch: 113, Train loss: 0.69317, Test loss: 0.69313,Epoch time = 1.990s
06/30/2026 16:50:02 - INFO - utils.trainer -   ***** Running evaluation on test2 dataset *****
06/30/2026 16:50:03 - INFO - utils.trainer -   AUC: 0.50841
06/30/2026 16:50:03 - INFO - utils.trainer -   Accuracy: 0.50845
06/30/2026 16:50:03 - INFO - utils.trainer -   Precision: 0.51370
06/30/2026 16:50:03 - INFO - utils.trainer -   Recall: 0.31690
06/30/2026 16:50:03 - INFO - utils.trainer -   F_score: 0.39199
06/30/2026 16:50:03 - INFO - utils.trainer -   Specificity: 0.70000
06/30/2026 16:50:03 - INFO - utils.trainer -   Sensitivity: 0.31690
06/30/2026 16:50:03 - INFO - utils.trainer -   Loss: 0.69313
06/30/2026 16:50:03 - INFO - utils.trainer -   Epoch: 114, Train loss: 0.69317, Test loss: 0.69313,Epoch time = 2.750s
06/30/2026 16:50:06 - INFO - utils.trainer -   ***** Running evaluation on test2 dataset *****
06/30/2026 16:50:07 - INFO - utils.trainer -   AUC: 0.49563
06/30/2026 16:50:07 - INFO - utils.trainer -   Accuracy: 0.50317
06/30/2026 16:50:07 - INFO - utils.trainer -   Precision: 0.50419
06/30/2026 16:50:07 - INFO - utils.trainer -   Recall: 0.38169
06/30/2026 16:50:07 - INFO - utils.trainer -   F_score: 0.43447
06/30/2026 16:50:07 - INFO - utils.trainer -   Specificity: 0.62465
06/30/2026 16:50:07 - INFO - utils.trainer -   Sensitivity: 0.38169
06/30/2026 16:50:07 - INFO - utils.trainer -   Loss: 0.69316
06/30/2026 16:50:07 - INFO - utils.trainer -   Epoch: 115, Train loss: 0.69315, Test loss: 0.69316,Epoch time = 3.047s
06/30/2026 16:50:10 - INFO - utils.trainer -   ***** Running evaluation on test2 dataset *****
06/30/2026 16:50:11 - INFO - utils.trainer -   AUC: 0.50214
06/30/2026 16:50:11 - INFO - utils.trainer -   Accuracy: 0.50704
06/30/2026 16:50:11 - INFO - utils.trainer -   Precision: 0.50877
06/30/2026 16:50:11 - INFO - utils.trainer -   Recall: 0.40845
06/30/2026 16:50:11 - INFO - utils.trainer -   F_score: 0.45312
06/30/2026 16:50:11 - INFO - utils.trainer -   Specificity: 0.60563
06/30/2026 16:50:11 - INFO - utils.trainer -   Sensitivity: 0.40845
06/30/2026 16:50:11 - INFO - utils.trainer -   Loss: 0.69315
06/30/2026 16:50:11 - INFO - utils.trainer -   Epoch: 116, Train loss: 0.69313, Test loss: 0.69315,Epoch time = 3.416s
06/30/2026 16:50:14 - INFO - utils.trainer -   ***** Running evaluation on test2 dataset *****
06/30/2026 16:50:15 - INFO - utils.trainer -   AUC: 0.51086
06/30/2026 16:50:15 - INFO - utils.trainer -   Accuracy: 0.50845
06/30/2026 16:50:15 - INFO - utils.trainer -   Precision: 0.51121
06/30/2026 16:50:15 - INFO - utils.trainer -   Recall: 0.38521
06/30/2026 16:50:15 - INFO - utils.trainer -   F_score: 0.43936
06/30/2026 16:50:15 - INFO - utils.trainer -   Specificity: 0.63169
06/30/2026 16:50:15 - INFO - utils.trainer -   Sensitivity: 0.38521
06/30/2026 16:50:15 - INFO - utils.trainer -   Loss: 0.69312
06/30/2026 16:50:15 - INFO - utils.trainer -   Epoch: 117, Train loss: 0.69318, Test loss: 0.69312,Epoch time = 3.255s
06/30/2026 16:50:18 - INFO - utils.trainer -   ***** Running evaluation on test2 dataset *****
06/30/2026 16:50:19 - INFO - utils.trainer -   AUC: 0.49886
06/30/2026 16:50:19 - INFO - utils.trainer -   Accuracy: 0.50423
06/30/2026 16:50:19 - INFO - utils.trainer -   Precision: 0.50375
06/30/2026 16:50:19 - INFO - utils.trainer -   Recall: 0.56831
06/30/2026 16:50:19 - INFO - utils.trainer -   F_score: 0.53408
06/30/2026 16:50:19 - INFO - utils.trainer -   Specificity: 0.44014
06/30/2026 16:50:19 - INFO - utils.trainer -   Sensitivity: 0.56831
06/30/2026 16:50:19 - INFO - utils.trainer -   Loss: 0.69316
06/30/2026 16:50:19 - INFO - utils.trainer -   Epoch: 118, Train loss: 0.69315, Test loss: 0.69316,Epoch time = 3.138s
06/30/2026 16:50:22 - INFO - utils.trainer -   ***** Running evaluation on test2 dataset *****
06/30/2026 16:50:23 - INFO - utils.trainer -   AUC: 0.50140
06/30/2026 16:50:23 - INFO - utils.trainer -   Accuracy: 0.49894
06/30/2026 16:50:23 - INFO - utils.trainer -   Precision: 0.49803
06/30/2026 16:50:23 - INFO - utils.trainer -   Recall: 0.26761
06/30/2026 16:50:23 - INFO - utils.trainer -   F_score: 0.34814
06/30/2026 16:50:23 - INFO - utils.trainer -   Specificity: 0.73028
06/30/2026 16:50:23 - INFO - utils.trainer -   Sensitivity: 0.26761
06/30/2026 16:50:23 - INFO - utils.trainer -   Loss: 0.69315
06/30/2026 16:50:23 - INFO - utils.trainer -   Epoch: 119, Train loss: 0.69315, Test loss: 0.69315,Epoch time = 2.933s
06/30/2026 16:50:26 - INFO - utils.trainer -   ***** Running evaluation on test2 dataset *****
06/30/2026 16:50:27 - INFO - utils.trainer -   AUC: 0.51919
06/30/2026 16:50:27 - INFO - utils.trainer -   Accuracy: 0.52183
06/30/2026 16:50:27 - INFO - utils.trainer -   Precision: 0.52132
06/30/2026 16:50:27 - INFO - utils.trainer -   Recall: 0.53380
06/30/2026 16:50:27 - INFO - utils.trainer -   F_score: 0.52749
06/30/2026 16:50:27 - INFO - utils.trainer -   Specificity: 0.50986
06/30/2026 16:50:27 - INFO - utils.trainer -   Sensitivity: 0.53380
06/30/2026 16:50:27 - INFO - utils.trainer -   Loss: 0.69311
06/30/2026 16:50:27 - INFO - utils.trainer -   Epoch: 120, Train loss: 0.69318, Test loss: 0.69311,Epoch time = 3.119s
06/30/2026 16:50:30 - INFO - utils.trainer -   ***** Running evaluation on test2 dataset *****
06/30/2026 16:50:31 - INFO - utils.trainer -   AUC: 0.48988
06/30/2026 16:50:31 - INFO - utils.trainer -   Accuracy: 0.49261
06/30/2026 16:50:31 - INFO - utils.trainer -   Precision: 0.49441
06/30/2026 16:50:31 - INFO - utils.trainer -   Recall: 0.65423
06/30/2026 16:50:31 - INFO - utils.trainer -   F_score: 0.56320
06/30/2026 16:50:31 - INFO - utils.trainer -   Specificity: 0.33099
06/30/2026 16:50:31 - INFO - utils.trainer -   Sensitivity: 0.65423
06/30/2026 16:50:31 - INFO - utils.trainer -   Loss: 0.69317
06/30/2026 16:50:31 - INFO - utils.trainer -   Epoch: 121, Train loss: 0.69319, Test loss: 0.69317,Epoch time = 3.540s
06/30/2026 16:50:35 - INFO - utils.trainer -   ***** Running evaluation on test2 dataset *****
06/30/2026 16:50:36 - INFO - utils.trainer -   AUC: 0.50489
06/30/2026 16:50:36 - INFO - utils.trainer -   Accuracy: 0.50528
06/30/2026 16:50:36 - INFO - utils.trainer -   Precision: 0.50552
06/30/2026 16:50:36 - INFO - utils.trainer -   Recall: 0.48380
06/30/2026 16:50:36 - INFO - utils.trainer -   F_score: 0.49442
06/30/2026 16:50:36 - INFO - utils.trainer -   Specificity: 0.52676
06/30/2026 16:50:36 - INFO - utils.trainer -   Sensitivity: 0.48380
06/30/2026 16:50:36 - INFO - utils.trainer -   Loss: 0.69314
06/30/2026 16:50:36 - INFO - utils.trainer -   Epoch: 122, Train loss: 0.69317, Test loss: 0.69314,Epoch time = 3.888s
06/30/2026 16:50:39 - INFO - utils.trainer -   ***** Running evaluation on test2 dataset *****
06/30/2026 16:50:40 - INFO - utils.trainer -   AUC: 0.50202
06/30/2026 16:50:40 - INFO - utils.trainer -   Accuracy: 0.50352
06/30/2026 16:50:40 - INFO - utils.trainer -   Precision: 0.50321
06/30/2026 16:50:40 - INFO - utils.trainer -   Recall: 0.55211
06/30/2026 16:50:40 - INFO - utils.trainer -   F_score: 0.52653
06/30/2026 16:50:40 - INFO - utils.trainer -   Specificity: 0.45493
06/30/2026 16:50:40 - INFO - utils.trainer -   Sensitivity: 0.55211
06/30/2026 16:50:40 - INFO - utils.trainer -   Loss: 0.69314
06/30/2026 16:50:40 - INFO - utils.trainer -   Epoch: 123, Train loss: 0.69317, Test loss: 0.69314,Epoch time = 3.526s
06/30/2026 16:50:43 - INFO - utils.trainer -   ***** Running evaluation on test2 dataset *****
06/30/2026 16:50:44 - INFO - utils.trainer -   AUC: 0.50683
06/30/2026 16:50:44 - INFO - utils.trainer -   Accuracy: 0.50141
06/30/2026 16:50:44 - INFO - utils.trainer -   Precision: 0.50256
06/30/2026 16:50:44 - INFO - utils.trainer -   Recall: 0.27606
06/30/2026 16:50:44 - INFO - utils.trainer -   F_score: 0.35636
06/30/2026 16:50:44 - INFO - utils.trainer -   Specificity: 0.72676
06/30/2026 16:50:44 - INFO - utils.trainer -   Sensitivity: 0.27606
06/30/2026 16:50:44 - INFO - utils.trainer -   Loss: 0.69313
06/30/2026 16:50:44 - INFO - utils.trainer -   Epoch: 124, Train loss: 0.69317, Test loss: 0.69313,Epoch time = 3.566s
06/30/2026 16:50:47 - INFO - utils.trainer -   ***** Running evaluation on test2 dataset *****
06/30/2026 16:50:48 - INFO - utils.trainer -   AUC: 0.48516
06/30/2026 16:50:48 - INFO - utils.trainer -   Accuracy: 0.49014
06/30/2026 16:50:48 - INFO - utils.trainer -   Precision: 0.49010
06/30/2026 16:50:48 - INFO - utils.trainer -   Recall: 0.48803
06/30/2026 16:50:48 - INFO - utils.trainer -   F_score: 0.48906
06/30/2026 16:50:48 - INFO - utils.trainer -   Specificity: 0.49225
06/30/2026 16:50:48 - INFO - utils.trainer -   Sensitivity: 0.48803
06/30/2026 16:50:48 - INFO - utils.trainer -   Loss: 0.69317
06/30/2026 16:50:48 - INFO - utils.trainer -   Epoch: 125, Train loss: 0.69317, Test loss: 0.69317,Epoch time = 2.948s
06/30/2026 16:50:50 - INFO - utils.trainer -   ***** Running evaluation on test2 dataset *****
06/30/2026 16:50:51 - INFO - utils.trainer -   AUC: 0.51358
06/30/2026 16:50:51 - INFO - utils.trainer -   Accuracy: 0.50986
06/30/2026 16:50:51 - INFO - utils.trainer -   Precision: 0.51053
06/30/2026 16:50:51 - INFO - utils.trainer -   Recall: 0.47817
06/30/2026 16:50:51 - INFO - utils.trainer -   F_score: 0.49382
06/30/2026 16:50:51 - INFO - utils.trainer -   Specificity: 0.54155
06/30/2026 16:50:51 - INFO - utils.trainer -   Sensitivity: 0.47817
06/30/2026 16:50:51 - INFO - utils.trainer -   Loss: 0.69312
06/30/2026 16:50:51 - INFO - utils.trainer -   Epoch: 126, Train loss: 0.69318, Test loss: 0.69312,Epoch time = 2.452s
06/30/2026 16:50:55 - INFO - utils.trainer -   ***** Running evaluation on test2 dataset *****
06/30/2026 16:50:55 - INFO - utils.trainer -   AUC: 0.49444
06/30/2026 16:50:55 - INFO - utils.trainer -   Accuracy: 0.49437
06/30/2026 16:50:55 - INFO - utils.trainer -   Precision: 0.49381
06/30/2026 16:50:55 - INFO - utils.trainer -   Recall: 0.44930
06/30/2026 16:50:55 - INFO - utils.trainer -   F_score: 0.47050
06/30/2026 16:50:55 - INFO - utils.trainer -   Specificity: 0.53944
06/30/2026 16:50:55 - INFO - utils.trainer -   Sensitivity: 0.44930
06/30/2026 16:50:55 - INFO - utils.trainer -   Loss: 0.69316
06/30/2026 16:50:55 - INFO - utils.trainer -   Epoch: 127, Train loss: 0.69318, Test loss: 0.69316,Epoch time = 3.617s
06/30/2026 16:50:59 - INFO - utils.trainer -   ***** Running evaluation on test2 dataset *****
06/30/2026 16:51:00 - INFO - utils.trainer -   AUC: 0.49553
06/30/2026 16:51:00 - INFO - utils.trainer -   Accuracy: 0.49754
06/30/2026 16:51:00 - INFO - utils.trainer -   Precision: 0.49626
06/30/2026 16:51:00 - INFO - utils.trainer -   Recall: 0.32676
06/30/2026 16:51:00 - INFO - utils.trainer -   F_score: 0.39406
06/30/2026 16:51:00 - INFO - utils.trainer -   Specificity: 0.66831
06/30/2026 16:51:00 - INFO - utils.trainer -   Sensitivity: 0.32676
06/30/2026 16:51:00 - INFO - utils.trainer -   Loss: 0.69315
06/30/2026 16:51:00 - INFO - utils.trainer -   Epoch: 128, Train loss: 0.69317, Test loss: 0.69315,Epoch time = 3.412s
06/30/2026 16:51:03 - INFO - utils.trainer -   ***** Running evaluation on test2 dataset *****
06/30/2026 16:51:04 - INFO - utils.trainer -   AUC: 0.49231
06/30/2026 16:51:04 - INFO - utils.trainer -   Accuracy: 0.49754
06/30/2026 16:51:04 - INFO - utils.trainer -   Precision: 0.49414
06/30/2026 16:51:04 - INFO - utils.trainer -   Recall: 0.20775
06/30/2026 16:51:04 - INFO - utils.trainer -   F_score: 0.29251
06/30/2026 16:51:04 - INFO - utils.trainer -   Specificity: 0.78732
06/30/2026 16:51:04 - INFO - utils.trainer -   Sensitivity: 0.20775
06/30/2026 16:51:04 - INFO - utils.trainer -   Loss: 0.69316
06/30/2026 16:51:04 - INFO - utils.trainer -   Epoch: 129, Train loss: 0.69319, Test loss: 0.69316,Epoch time = 3.346s
06/30/2026 16:51:07 - INFO - utils.trainer -   ***** Running evaluation on test2 dataset *****
06/30/2026 16:51:08 - INFO - utils.trainer -   AUC: 0.49445
06/30/2026 16:51:08 - INFO - utils.trainer -   Accuracy: 0.48979
06/30/2026 16:51:08 - INFO - utils.trainer -   Precision: 0.48320
06/30/2026 16:51:08 - INFO - utils.trainer -   Recall: 0.29366
06/30/2026 16:51:08 - INFO - utils.trainer -   F_score: 0.36531
06/30/2026 16:51:08 - INFO - utils.trainer -   Specificity: 0.68592
06/30/2026 16:51:08 - INFO - utils.trainer -   Sensitivity: 0.29366
06/30/2026 16:51:08 - INFO - utils.trainer -   Loss: 0.69316
06/30/2026 16:51:08 - INFO - utils.trainer -   Epoch: 130, Train loss: 0.69316, Test loss: 0.69316,Epoch time = 3.261s
06/30/2026 16:51:10 - INFO - utils.trainer -   ***** Running evaluation on test2 dataset *****
06/30/2026 16:51:11 - INFO - utils.trainer -   AUC: 0.51998
06/30/2026 16:51:11 - INFO - utils.trainer -   Accuracy: 0.50211
06/30/2026 16:51:11 - INFO - utils.trainer -   Precision: 0.50424
06/30/2026 16:51:11 - INFO - utils.trainer -   Recall: 0.25141
06/30/2026 16:51:11 - INFO - utils.trainer -   F_score: 0.33553
06/30/2026 16:51:11 - INFO - utils.trainer -   Specificity: 0.75282
06/30/2026 16:51:11 - INFO - utils.trainer -   Sensitivity: 0.25141
06/30/2026 16:51:11 - INFO - utils.trainer -   Loss: 0.69312
06/30/2026 16:51:11 - INFO - utils.trainer -   Epoch: 131, Train loss: 0.69316, Test loss: 0.69312,Epoch time = 2.626s
06/30/2026 16:51:14 - INFO - utils.trainer -   ***** Running evaluation on test2 dataset *****
06/30/2026 16:51:15 - INFO - utils.trainer -   AUC: 0.50396
06/30/2026 16:51:15 - INFO - utils.trainer -   Accuracy: 0.50704
06/30/2026 16:51:15 - INFO - utils.trainer -   Precision: 0.50906
06/30/2026 16:51:15 - INFO - utils.trainer -   Recall: 0.39577
06/30/2026 16:51:15 - INFO - utils.trainer -   F_score: 0.44532
06/30/2026 16:51:15 - INFO - utils.trainer -   Specificity: 0.61831
06/30/2026 16:51:15 - INFO - utils.trainer -   Sensitivity: 0.39577
06/30/2026 16:51:15 - INFO - utils.trainer -   Loss: 0.69315
06/30/2026 16:51:15 - INFO - utils.trainer -   Epoch: 132, Train loss: 0.69314, Test loss: 0.69315,Epoch time = 3.245s
06/30/2026 16:51:18 - INFO - utils.trainer -   ***** Running evaluation on test2 dataset *****
06/30/2026 16:51:18 - INFO - utils.trainer -   AUC: 0.49606
06/30/2026 16:51:18 - INFO - utils.trainer -   Accuracy: 0.50211
06/30/2026 16:51:18 - INFO - utils.trainer -   Precision: 0.50330
06/30/2026 16:51:18 - INFO - utils.trainer -   Recall: 0.32254
06/30/2026 16:51:18 - INFO - utils.trainer -   F_score: 0.39313
06/30/2026 16:51:18 - INFO - utils.trainer -   Specificity: 0.68169
06/30/2026 16:51:18 - INFO - utils.trainer -   Sensitivity: 0.32254
06/30/2026 16:51:18 - INFO - utils.trainer -   Loss: 0.69315
06/30/2026 16:51:18 - INFO - utils.trainer -   Epoch: 133, Train loss: 0.69316, Test loss: 0.69315,Epoch time = 2.609s
06/30/2026 16:51:21 - INFO - utils.trainer -   ***** Running evaluation on test2 dataset *****
06/30/2026 16:51:22 - INFO - utils.trainer -   AUC: 0.50023
06/30/2026 16:51:22 - INFO - utils.trainer -   Accuracy: 0.49894
06/30/2026 16:51:22 - INFO - utils.trainer -   Precision: 0.49827
06/30/2026 16:51:22 - INFO - utils.trainer -   Recall: 0.30352
06/30/2026 16:51:22 - INFO - utils.trainer -   F_score: 0.37724
06/30/2026 16:51:22 - INFO - utils.trainer -   Specificity: 0.69437
06/30/2026 16:51:22 - INFO - utils.trainer -   Sensitivity: 0.30352
06/30/2026 16:51:22 - INFO - utils.trainer -   Loss: 0.69315
06/30/2026 16:51:22 - INFO - utils.trainer -   Epoch: 134, Train loss: 0.69318, Test loss: 0.69315,Epoch time = 2.609s
06/30/2026 16:51:24 - INFO - utils.trainer -   ***** Running evaluation on test2 dataset *****
06/30/2026 16:51:25 - INFO - utils.trainer -   AUC: 0.50006
06/30/2026 16:51:25 - INFO - utils.trainer -   Accuracy: 0.48908
06/30/2026 16:51:25 - INFO - utils.trainer -   Precision: 0.48272
06/30/2026 16:51:25 - INFO - utils.trainer -   Recall: 0.30493
06/30/2026 16:51:25 - INFO - utils.trainer -   F_score: 0.37376
06/30/2026 16:51:25 - INFO - utils.trainer -   Specificity: 0.67324
06/30/2026 16:51:25 - INFO - utils.trainer -   Sensitivity: 0.30493
06/30/2026 16:51:25 - INFO - utils.trainer -   Loss: 0.69315
06/30/2026 16:51:25 - INFO - utils.trainer -   Epoch: 135, Train loss: 0.69315, Test loss: 0.69315,Epoch time = 2.587s
06/30/2026 16:51:28 - INFO - utils.trainer -   ***** Running evaluation on test2 dataset *****
06/30/2026 16:51:29 - INFO - utils.trainer -   AUC: 0.49366
06/30/2026 16:51:29 - INFO - utils.trainer -   Accuracy: 0.48380
06/30/2026 16:51:29 - INFO - utils.trainer -   Precision: 0.48526
06/30/2026 16:51:29 - INFO - utils.trainer -   Recall: 0.53310
06/30/2026 16:51:29 - INFO - utils.trainer -   F_score: 0.50805
06/30/2026 16:51:29 - INFO - utils.trainer -   Specificity: 0.43451
06/30/2026 16:51:29 - INFO - utils.trainer -   Sensitivity: 0.53310
06/30/2026 16:51:29 - INFO - utils.trainer -   Loss: 0.69315
06/30/2026 16:51:29 - INFO - utils.trainer -   Epoch: 136, Train loss: 0.69315, Test loss: 0.69315,Epoch time = 3.042s
06/30/2026 16:51:31 - INFO - utils.trainer -   ***** Running evaluation on test2 dataset *****
06/30/2026 16:51:32 - INFO - utils.trainer -   AUC: 0.50267
06/30/2026 16:51:32 - INFO - utils.trainer -   Accuracy: 0.50563
06/30/2026 16:51:32 - INFO - utils.trainer -   Precision: 0.50719
06/30/2026 16:51:32 - INFO - utils.trainer -   Recall: 0.39718
06/30/2026 16:51:32 - INFO - utils.trainer -   F_score: 0.44550
06/30/2026 16:51:32 - INFO - utils.trainer -   Specificity: 0.61408
06/30/2026 16:51:32 - INFO - utils.trainer -   Sensitivity: 0.39718
06/30/2026 16:51:32 - INFO - utils.trainer -   Loss: 0.69314
06/30/2026 16:51:32 - INFO - utils.trainer -   Epoch: 137, Train loss: 0.69316, Test loss: 0.69314,Epoch time = 2.632s
06/30/2026 16:51:36 - INFO - utils.trainer -   ***** Running evaluation on test2 dataset *****
06/30/2026 16:51:36 - INFO - utils.trainer -   AUC: 0.49835
06/30/2026 16:51:36 - INFO - utils.trainer -   Accuracy: 0.50669
06/30/2026 16:51:36 - INFO - utils.trainer -   Precision: 0.51229
06/30/2026 16:51:36 - INFO - utils.trainer -   Recall: 0.27887
06/30/2026 16:51:36 - INFO - utils.trainer -   F_score: 0.36115
06/30/2026 16:51:36 - INFO - utils.trainer -   Specificity: 0.73451
06/30/2026 16:51:36 - INFO - utils.trainer -   Sensitivity: 0.27887
06/30/2026 16:51:36 - INFO - utils.trainer -   Loss: 0.69315
06/30/2026 16:51:36 - INFO - utils.trainer -   Epoch: 138, Train loss: 0.69315, Test loss: 0.69315,Epoch time = 3.529s
06/30/2026 16:51:38 - INFO - utils.trainer -   ***** Running evaluation on test2 dataset *****
06/30/2026 16:51:39 - INFO - utils.trainer -   AUC: 0.50500
06/30/2026 16:51:39 - INFO - utils.trainer -   Accuracy: 0.50986
06/30/2026 16:51:39 - INFO - utils.trainer -   Precision: 0.51048
06/30/2026 16:51:39 - INFO - utils.trainer -   Recall: 0.48028
06/30/2026 16:51:39 - INFO - utils.trainer -   F_score: 0.49492
06/30/2026 16:51:39 - INFO - utils.trainer -   Specificity: 0.53944
06/30/2026 16:51:39 - INFO - utils.trainer -   Sensitivity: 0.48028
06/30/2026 16:51:39 - INFO - utils.trainer -   Loss: 0.69314
06/30/2026 16:51:39 - INFO - utils.trainer -   Epoch: 139, Train loss: 0.69314, Test loss: 0.69314,Epoch time = 1.886s
06/30/2026 16:51:42 - INFO - utils.trainer -   ***** Running evaluation on test2 dataset *****
06/30/2026 16:51:43 - INFO - utils.trainer -   AUC: 0.48545
06/30/2026 16:51:43 - INFO - utils.trainer -   Accuracy: 0.49366
06/30/2026 16:51:43 - INFO - utils.trainer -   Precision: 0.48764
06/30/2026 16:51:43 - INFO - utils.trainer -   Recall: 0.25000
06/30/2026 16:51:43 - INFO - utils.trainer -   F_score: 0.33054
06/30/2026 16:51:43 - INFO - utils.trainer -   Specificity: 0.73732
06/30/2026 16:51:43 - INFO - utils.trainer -   Sensitivity: 0.25000
06/30/2026 16:51:43 - INFO - utils.trainer -   Loss: 0.69317
06/30/2026 16:51:43 - INFO - utils.trainer -   Epoch: 140, Train loss: 0.69316, Test loss: 0.69317,Epoch time = 3.307s
06/30/2026 16:51:46 - INFO - utils.trainer -   ***** Running evaluation on test2 dataset *****
06/30/2026 16:51:47 - INFO - utils.trainer -   AUC: 0.49307
06/30/2026 16:51:47 - INFO - utils.trainer -   Accuracy: 0.49225
06/30/2026 16:51:47 - INFO - utils.trainer -   Precision: 0.48842
06/30/2026 16:51:47 - INFO - utils.trainer -   Recall: 0.32676
06/30/2026 16:51:47 - INFO - utils.trainer -   F_score: 0.39156
06/30/2026 16:51:47 - INFO - utils.trainer -   Specificity: 0.65775
06/30/2026 16:51:47 - INFO - utils.trainer -   Sensitivity: 0.32676
06/30/2026 16:51:47 - INFO - utils.trainer -   Loss: 0.69316
06/30/2026 16:51:47 - INFO - utils.trainer -   Epoch: 141, Train loss: 0.69316, Test loss: 0.69316,Epoch time = 3.128s
06/30/2026 16:51:49 - INFO - utils.trainer -   ***** Running evaluation on test2 dataset *****
06/30/2026 16:51:50 - INFO - utils.trainer -   AUC: 0.49977
06/30/2026 16:51:50 - INFO - utils.trainer -   Accuracy: 0.50528
06/30/2026 16:51:50 - INFO - utils.trainer -   Precision: 0.50546
06/30/2026 16:51:50 - INFO - utils.trainer -   Recall: 0.48873
06/30/2026 16:51:50 - INFO - utils.trainer -   F_score: 0.49696
06/30/2026 16:51:50 - INFO - utils.trainer -   Specificity: 0.52183
06/30/2026 16:51:50 - INFO - utils.trainer -   Sensitivity: 0.48873
06/30/2026 16:51:50 - INFO - utils.trainer -   Loss: 0.69315
06/30/2026 16:51:50 - INFO - utils.trainer -   Epoch: 142, Train loss: 0.69316, Test loss: 0.69315,Epoch time = 2.497s
06/30/2026 16:51:53 - INFO - utils.trainer -   ***** Running evaluation on test2 dataset *****
06/30/2026 16:51:54 - INFO - utils.trainer -   AUC: 0.50371
06/30/2026 16:51:54 - INFO - utils.trainer -   Accuracy: 0.50282
06/30/2026 16:51:54 - INFO - utils.trainer -   Precision: 0.50338
06/30/2026 16:51:54 - INFO - utils.trainer -   Recall: 0.41972
06/30/2026 16:51:54 - INFO - utils.trainer -   F_score: 0.45776
06/30/2026 16:51:54 - INFO - utils.trainer -   Specificity: 0.58592
06/30/2026 16:51:54 - INFO - utils.trainer -   Sensitivity: 0.41972
06/30/2026 16:51:54 - INFO - utils.trainer -   Loss: 0.69314
06/30/2026 16:51:54 - INFO - utils.trainer -   Epoch: 143, Train loss: 0.69314, Test loss: 0.69314,Epoch time = 3.190s
06/30/2026 16:51:57 - INFO - utils.trainer -   ***** Running evaluation on test2 dataset *****
06/30/2026 16:51:58 - INFO - utils.trainer -   AUC: 0.48990
06/30/2026 16:51:58 - INFO - utils.trainer -   Accuracy: 0.49507
06/30/2026 16:51:58 - INFO - utils.trainer -   Precision: 0.49488
06/30/2026 16:51:58 - INFO - utils.trainer -   Recall: 0.47606
06/30/2026 16:51:58 - INFO - utils.trainer -   F_score: 0.48528
06/30/2026 16:51:58 - INFO - utils.trainer -   Specificity: 0.51408
06/30/2026 16:51:58 - INFO - utils.trainer -   Sensitivity: 0.47606
06/30/2026 16:51:58 - INFO - utils.trainer -   Loss: 0.69317
06/30/2026 16:51:58 - INFO - utils.trainer -   Epoch: 144, Train loss: 0.69314, Test loss: 0.69317,Epoch time = 3.516s
06/30/2026 16:52:02 - INFO - utils.trainer -   ***** Running evaluation on test2 dataset *****
06/30/2026 16:52:03 - INFO - utils.trainer -   AUC: 0.49888
06/30/2026 16:52:03 - INFO - utils.trainer -   Accuracy: 0.51021
06/30/2026 16:52:03 - INFO - utils.trainer -   Precision: 0.51199
06/30/2026 16:52:03 - INFO - utils.trainer -   Recall: 0.43592
06/30/2026 16:52:03 - INFO - utils.trainer -   F_score: 0.47090
06/30/2026 16:52:03 - INFO - utils.trainer -   Specificity: 0.58451
06/30/2026 16:52:03 - INFO - utils.trainer -   Sensitivity: 0.43592
06/30/2026 16:52:03 - INFO - utils.trainer -   Loss: 0.69315
06/30/2026 16:52:03 - INFO - utils.trainer -   Epoch: 145, Train loss: 0.69318, Test loss: 0.69315,Epoch time = 3.636s
06/30/2026 16:52:05 - INFO - utils.trainer -   ***** Running evaluation on test2 dataset *****
06/30/2026 16:52:06 - INFO - utils.trainer -   AUC: 0.51153
06/30/2026 16:52:06 - INFO - utils.trainer -   Accuracy: 0.50845
06/30/2026 16:52:06 - INFO - utils.trainer -   Precision: 0.50958
06/30/2026 16:52:06 - INFO - utils.trainer -   Recall: 0.44930
06/30/2026 16:52:06 - INFO - utils.trainer -   F_score: 0.47754
06/30/2026 16:52:06 - INFO - utils.trainer -   Specificity: 0.56761
06/30/2026 16:52:06 - INFO - utils.trainer -   Sensitivity: 0.44930
06/30/2026 16:52:06 - INFO - utils.trainer -   Loss: 0.69313
06/30/2026 16:52:06 - INFO - utils.trainer -   Epoch: 146, Train loss: 0.69314, Test loss: 0.69313,Epoch time = 2.322s
06/30/2026 16:52:09 - INFO - utils.trainer -   ***** Running evaluation on test2 dataset *****
06/30/2026 16:52:10 - INFO - utils.trainer -   AUC: 0.50619
06/30/2026 16:52:10 - INFO - utils.trainer -   Accuracy: 0.50704
06/30/2026 16:52:10 - INFO - utils.trainer -   Precision: 0.50697
06/30/2026 16:52:10 - INFO - utils.trainer -   Recall: 0.51197
06/30/2026 16:52:10 - INFO - utils.trainer -   F_score: 0.50946
06/30/2026 16:52:10 - INFO - utils.trainer -   Specificity: 0.50211
06/30/2026 16:52:10 - INFO - utils.trainer -   Sensitivity: 0.51197
06/30/2026 16:52:10 - INFO - utils.trainer -   Loss: 0.69314
06/30/2026 16:52:10 - INFO - utils.trainer -   Epoch: 147, Train loss: 0.69317, Test loss: 0.69314,Epoch time = 3.415s
06/30/2026 16:52:14 - INFO - utils.trainer -   ***** Running evaluation on test2 dataset *****
06/30/2026 16:52:14 - INFO - utils.trainer -   AUC: 0.50050
06/30/2026 16:52:14 - INFO - utils.trainer -   Accuracy: 0.50599
06/30/2026 16:52:14 - INFO - utils.trainer -   Precision: 0.50663
06/30/2026 16:52:14 - INFO - utils.trainer -   Recall: 0.45775
06/30/2026 16:52:14 - INFO - utils.trainer -   F_score: 0.48095
06/30/2026 16:52:14 - INFO - utils.trainer -   Specificity: 0.55423
06/30/2026 16:52:14 - INFO - utils.trainer -   Sensitivity: 0.45775
06/30/2026 16:52:14 - INFO - utils.trainer -   Loss: 0.69314
06/30/2026 16:52:14 - INFO - utils.trainer -   Epoch: 148, Train loss: 0.69315, Test loss: 0.69314,Epoch time = 3.592s
06/30/2026 16:52:18 - INFO - utils.trainer -   ***** Running evaluation on test2 dataset *****
06/30/2026 16:52:19 - INFO - utils.trainer -   AUC: 0.48924
06/30/2026 16:52:19 - INFO - utils.trainer -   Accuracy: 0.48486
06/30/2026 16:52:19 - INFO - utils.trainer -   Precision: 0.47786
06/30/2026 16:52:19 - INFO - utils.trainer -   Recall: 0.32676
06/30/2026 16:52:19 - INFO - utils.trainer -   F_score: 0.38812
06/30/2026 16:52:19 - INFO - utils.trainer -   Specificity: 0.64296
06/30/2026 16:52:19 - INFO - utils.trainer -   Sensitivity: 0.32676
06/30/2026 16:52:19 - INFO - utils.trainer -   Loss: 0.69316
06/30/2026 16:52:19 - INFO - utils.trainer -   Epoch: 149, Train loss: 0.69317, Test loss: 0.69316,Epoch time = 3.597s
06/30/2026 16:52:22 - INFO - utils.trainer -   ***** Running evaluation on test2 dataset *****
06/30/2026 16:52:23 - INFO - utils.trainer -   AUC: 0.49334
06/30/2026 16:52:23 - INFO - utils.trainer -   Accuracy: 0.49331
06/30/2026 16:52:23 - INFO - utils.trainer -   Precision: 0.49062
06/30/2026 16:52:23 - INFO - utils.trainer -   Recall: 0.35000
06/30/2026 16:52:23 - INFO - utils.trainer -   F_score: 0.40855
06/30/2026 16:52:23 - INFO - utils.trainer -   Specificity: 0.63662
06/30/2026 16:52:23 - INFO - utils.trainer -   Sensitivity: 0.35000
06/30/2026 16:52:23 - INFO - utils.trainer -   Loss: 0.69316
06/30/2026 16:52:23 - INFO - utils.trainer -   Epoch: 150, Train loss: 0.69320, Test loss: 0.69316,Epoch time = 3.348s
06/30/2026 16:52:27 - INFO - utils.trainer -   ***** Running evaluation on test2 dataset *****
06/30/2026 16:52:27 - INFO - utils.trainer -   AUC: 0.49568
06/30/2026 16:52:27 - INFO - utils.trainer -   Accuracy: 0.48556
06/30/2026 16:52:27 - INFO - utils.trainer -   Precision: 0.48243
06/30/2026 16:52:27 - INFO - utils.trainer -   Recall: 0.39648
06/30/2026 16:52:27 - INFO - utils.trainer -   F_score: 0.43525
06/30/2026 16:52:27 - INFO - utils.trainer -   Specificity: 0.57465
06/30/2026 16:52:27 - INFO - utils.trainer -   Sensitivity: 0.39648
06/30/2026 16:52:27 - INFO - utils.trainer -   Loss: 0.69316
06/30/2026 16:52:27 - INFO - utils.trainer -   Epoch: 151, Train loss: 0.69314, Test loss: 0.69316,Epoch time = 3.695s
06/30/2026 16:52:31 - INFO - utils.trainer -   ***** Running evaluation on test2 dataset *****
06/30/2026 16:52:32 - INFO - utils.trainer -   AUC: 0.50386
06/30/2026 16:52:32 - INFO - utils.trainer -   Accuracy: 0.49965
06/30/2026 16:52:32 - INFO - utils.trainer -   Precision: 0.49959
06/30/2026 16:52:32 - INFO - utils.trainer -   Recall: 0.42676
06/30/2026 16:52:32 - INFO - utils.trainer -   F_score: 0.46031
06/30/2026 16:52:32 - INFO - utils.trainer -   Specificity: 0.57254
06/30/2026 16:52:32 - INFO - utils.trainer -   Sensitivity: 0.42676
06/30/2026 16:52:32 - INFO - utils.trainer -   Loss: 0.69314
06/30/2026 16:52:32 - INFO - utils.trainer -   Epoch: 152, Train loss: 0.69317, Test loss: 0.69314,Epoch time = 3.372s
06/30/2026 16:52:35 - INFO - utils.trainer -   ***** Running evaluation on test2 dataset *****
06/30/2026 16:52:35 - INFO - utils.trainer -   AUC: 0.51070
06/30/2026 16:52:35 - INFO - utils.trainer -   Accuracy: 0.50352
06/30/2026 16:52:35 - INFO - utils.trainer -   Precision: 0.50398
06/30/2026 16:52:35 - INFO - utils.trainer -   Recall: 0.44577
06/30/2026 16:52:35 - INFO - utils.trainer -   F_score: 0.47309
06/30/2026 16:52:35 - INFO - utils.trainer -   Specificity: 0.56127
06/30/2026 16:52:35 - INFO - utils.trainer -   Sensitivity: 0.44577
06/30/2026 16:52:35 - INFO - utils.trainer -   Loss: 0.69313
06/30/2026 16:52:35 - INFO - utils.trainer -   Epoch: 153, Train loss: 0.69313, Test loss: 0.69313,Epoch time = 2.875s
06/30/2026 16:52:38 - INFO - utils.trainer -   ***** Running evaluation on test2 dataset *****
06/30/2026 16:52:39 - INFO - utils.trainer -   AUC: 0.48715
06/30/2026 16:52:39 - INFO - utils.trainer -   Accuracy: 0.48627
06/30/2026 16:52:39 - INFO - utils.trainer -   Precision: 0.48229
06/30/2026 16:52:39 - INFO - utils.trainer -   Recall: 0.37394
06/30/2026 16:52:39 - INFO - utils.trainer -   F_score: 0.42126
06/30/2026 16:52:39 - INFO - utils.trainer -   Specificity: 0.59859
06/30/2026 16:52:39 - INFO - utils.trainer -   Sensitivity: 0.37394
06/30/2026 16:52:39 - INFO - utils.trainer -   Loss: 0.69317
06/30/2026 16:52:39 - INFO - utils.trainer -   Epoch: 154, Train loss: 0.69315, Test loss: 0.69317,Epoch time = 2.597s
06/30/2026 16:52:42 - INFO - utils.trainer -   ***** Running evaluation on test2 dataset *****
06/30/2026 16:52:43 - INFO - utils.trainer -   AUC: 0.49383
06/30/2026 16:52:43 - INFO - utils.trainer -   Accuracy: 0.49085
06/30/2026 16:52:43 - INFO - utils.trainer -   Precision: 0.48743
06/30/2026 16:52:43 - INFO - utils.trainer -   Recall: 0.35493
06/30/2026 16:52:43 - INFO - utils.trainer -   F_score: 0.41076
06/30/2026 16:52:43 - INFO - utils.trainer -   Specificity: 0.62676
06/30/2026 16:52:43 - INFO - utils.trainer -   Sensitivity: 0.35493
06/30/2026 16:52:43 - INFO - utils.trainer -   Loss: 0.69316
06/30/2026 16:52:43 - INFO - utils.trainer -   Epoch: 155, Train loss: 0.69313, Test loss: 0.69316,Epoch time = 3.399s
06/30/2026 16:52:47 - INFO - utils.trainer -   ***** Running evaluation on test2 dataset *****
06/30/2026 16:52:48 - INFO - utils.trainer -   AUC: 0.52789
06/30/2026 16:52:48 - INFO - utils.trainer -   Accuracy: 0.51585
06/30/2026 16:52:48 - INFO - utils.trainer -   Precision: 0.51787
06/30/2026 16:52:48 - INFO - utils.trainer -   Recall: 0.45915
06/30/2026 16:52:48 - INFO - utils.trainer -   F_score: 0.48675
06/30/2026 16:52:48 - INFO - utils.trainer -   Specificity: 0.57254
06/30/2026 16:52:48 - INFO - utils.trainer -   Sensitivity: 0.45915
06/30/2026 16:52:48 - INFO - utils.trainer -   Loss: 0.69311
06/30/2026 16:52:48 - INFO - utils.trainer -   Epoch: 156, Train loss: 0.69317, Test loss: 0.69311,Epoch time = 4.165s
06/30/2026 16:52:50 - INFO - utils.trainer -   ***** Running evaluation on test2 dataset *****
06/30/2026 16:52:51 - INFO - utils.trainer -   AUC: 0.49548
06/30/2026 16:52:51 - INFO - utils.trainer -   Accuracy: 0.49754
06/30/2026 16:52:51 - INFO - utils.trainer -   Precision: 0.49697
06/30/2026 16:52:51 - INFO - utils.trainer -   Recall: 0.40423
06/30/2026 16:52:51 - INFO - utils.trainer -   F_score: 0.44583
06/30/2026 16:52:51 - INFO - utils.trainer -   Specificity: 0.59085
06/30/2026 16:52:51 - INFO - utils.trainer -   Sensitivity: 0.40423
06/30/2026 16:52:51 - INFO - utils.trainer -   Loss: 0.69315
06/30/2026 16:52:51 - INFO - utils.trainer -   Epoch: 157, Train loss: 0.69314, Test loss: 0.69315,Epoch time = 2.641s
06/30/2026 16:52:54 - INFO - utils.trainer -   ***** Running evaluation on test2 dataset *****
06/30/2026 16:52:54 - INFO - utils.trainer -   AUC: 0.50659
06/30/2026 16:52:54 - INFO - utils.trainer -   Accuracy: 0.51514
06/30/2026 16:52:54 - INFO - utils.trainer -   Precision: 0.51946
06/30/2026 16:52:54 - INFO - utils.trainer -   Recall: 0.40423
06/30/2026 16:52:54 - INFO - utils.trainer -   F_score: 0.45465
06/30/2026 16:52:54 - INFO - utils.trainer -   Specificity: 0.62606
06/30/2026 16:52:54 - INFO - utils.trainer -   Sensitivity: 0.40423
06/30/2026 16:52:54 - INFO - utils.trainer -   Loss: 0.69314
06/30/2026 16:52:54 - INFO - utils.trainer -   Epoch: 158, Train loss: 0.69314, Test loss: 0.69314,Epoch time = 2.580s
06/30/2026 16:52:56 - INFO - utils.trainer -   ***** Running evaluation on test2 dataset *****
06/30/2026 16:52:57 - INFO - utils.trainer -   AUC: 0.49216
06/30/2026 16:52:57 - INFO - utils.trainer -   Accuracy: 0.48944
06/30/2026 16:52:57 - INFO - utils.trainer -   Precision: 0.48811
06/30/2026 16:52:57 - INFO - utils.trainer -   Recall: 0.43380
06/30/2026 16:52:57 - INFO - utils.trainer -   F_score: 0.45936
06/30/2026 16:52:57 - INFO - utils.trainer -   Specificity: 0.54507
06/30/2026 16:52:57 - INFO - utils.trainer -   Sensitivity: 0.43380
06/30/2026 16:52:57 - INFO - utils.trainer -   Loss: 0.69316
06/30/2026 16:52:57 - INFO - utils.trainer -   Epoch: 159, Train loss: 0.69315, Test loss: 0.69316,Epoch time = 2.142s
06/30/2026 16:53:01 - INFO - utils.trainer -   ***** Running evaluation on test2 dataset *****
06/30/2026 16:53:02 - INFO - utils.trainer -   AUC: 0.49695
06/30/2026 16:53:02 - INFO - utils.trainer -   Accuracy: 0.49930
06/30/2026 16:53:02 - INFO - utils.trainer -   Precision: 0.49920
06/30/2026 16:53:02 - INFO - utils.trainer -   Recall: 0.43732
06/30/2026 16:53:02 - INFO - utils.trainer -   F_score: 0.46622
06/30/2026 16:53:02 - INFO - utils.trainer -   Specificity: 0.56127
06/30/2026 16:53:02 - INFO - utils.trainer -   Sensitivity: 0.43732
06/30/2026 16:53:02 - INFO - utils.trainer -   Loss: 0.69315
06/30/2026 16:53:02 - INFO - utils.trainer -   Epoch: 160, Train loss: 0.69317, Test loss: 0.69315,Epoch time = 3.766s
06/30/2026 16:53:04 - INFO - utils.trainer -   ***** Running evaluation on test2 dataset *****
06/30/2026 16:53:05 - INFO - utils.trainer -   AUC: 0.50877
06/30/2026 16:53:05 - INFO - utils.trainer -   Accuracy: 0.50704
06/30/2026 16:53:05 - INFO - utils.trainer -   Precision: 0.50879
06/30/2026 16:53:05 - INFO - utils.trainer -   Recall: 0.40775
06/30/2026 16:53:05 - INFO - utils.trainer -   F_score: 0.45270
06/30/2026 16:53:05 - INFO - utils.trainer -   Specificity: 0.60634
06/30/2026 16:53:05 - INFO - utils.trainer -   Sensitivity: 0.40775
06/30/2026 16:53:05 - INFO - utils.trainer -   Loss: 0.69314
06/30/2026 16:53:05 - INFO - utils.trainer -   Epoch: 161, Train loss: 0.69316, Test loss: 0.69314,Epoch time = 2.506s
06/30/2026 16:53:08 - INFO - utils.trainer -   ***** Running evaluation on test2 dataset *****
06/30/2026 16:53:08 - INFO - utils.trainer -   AUC: 0.49337
06/30/2026 16:53:08 - INFO - utils.trainer -   Accuracy: 0.49261
06/30/2026 16:53:08 - INFO - utils.trainer -   Precision: 0.49165
06/30/2026 16:53:08 - INFO - utils.trainer -   Recall: 0.43521
06/30/2026 16:53:08 - INFO - utils.trainer -   F_score: 0.46171
06/30/2026 16:53:08 - INFO - utils.trainer -   Specificity: 0.55000
06/30/2026 16:53:08 - INFO - utils.trainer -   Sensitivity: 0.43521
06/30/2026 16:53:08 - INFO - utils.trainer -   Loss: 0.69316
06/30/2026 16:53:08 - INFO - utils.trainer -   Epoch: 162, Train loss: 0.69316, Test loss: 0.69316,Epoch time = 2.698s
06/30/2026 16:53:11 - INFO - utils.trainer -   ***** Running evaluation on test2 dataset *****
06/30/2026 16:53:11 - INFO - utils.trainer -   AUC: 0.50776
06/30/2026 16:53:11 - INFO - utils.trainer -   Accuracy: 0.49965
06/30/2026 16:53:11 - INFO - utils.trainer -   Precision: 0.49958
06/30/2026 16:53:11 - INFO - utils.trainer -   Recall: 0.41620
06/30/2026 16:53:11 - INFO - utils.trainer -   F_score: 0.45409
06/30/2026 16:53:11 - INFO - utils.trainer -   Specificity: 0.58310
06/30/2026 16:53:11 - INFO - utils.trainer -   Sensitivity: 0.41620
06/30/2026 16:53:11 - INFO - utils.trainer -   Loss: 0.69313
06/30/2026 16:53:11 - INFO - utils.trainer -   Epoch: 163, Train loss: 0.69312, Test loss: 0.69313,Epoch time = 2.359s
06/30/2026 16:53:15 - INFO - utils.trainer -   ***** Running evaluation on test2 dataset *****
06/30/2026 16:53:16 - INFO - utils.trainer -   AUC: 0.50573
06/30/2026 16:53:16 - INFO - utils.trainer -   Accuracy: 0.50880
06/30/2026 16:53:16 - INFO - utils.trainer -   Precision: 0.50849
06/30/2026 16:53:16 - INFO - utils.trainer -   Recall: 0.52746
06/30/2026 16:53:16 - INFO - utils.trainer -   F_score: 0.51780
06/30/2026 16:53:16 - INFO - utils.trainer -   Specificity: 0.49014
06/30/2026 16:53:16 - INFO - utils.trainer -   Sensitivity: 0.52746
06/30/2026 16:53:16 - INFO - utils.trainer -   Loss: 0.69314
06/30/2026 16:53:16 - INFO - utils.trainer -   Epoch: 164, Train loss: 0.69317, Test loss: 0.69314,Epoch time = 3.507s
06/30/2026 16:53:18 - INFO - utils.trainer -   ***** Running evaluation on test2 dataset *****
06/30/2026 16:53:19 - INFO - utils.trainer -   AUC: 0.51199
06/30/2026 16:53:19 - INFO - utils.trainer -   Accuracy: 0.50810
06/30/2026 16:53:19 - INFO - utils.trainer -   Precision: 0.50888
06/30/2026 16:53:19 - INFO - utils.trainer -   Recall: 0.46408
06/30/2026 16:53:19 - INFO - utils.trainer -   F_score: 0.48545
06/30/2026 16:53:19 - INFO - utils.trainer -   Specificity: 0.55211
06/30/2026 16:53:19 - INFO - utils.trainer -   Sensitivity: 0.46408
06/30/2026 16:53:19 - INFO - utils.trainer -   Loss: 0.69313
06/30/2026 16:53:19 - INFO - utils.trainer -   Epoch: 165, Train loss: 0.69314, Test loss: 0.69313,Epoch time = 2.587s
06/30/2026 16:53:22 - INFO - utils.trainer -   ***** Running evaluation on test2 dataset *****
06/30/2026 16:53:23 - INFO - utils.trainer -   AUC: 0.49842
06/30/2026 16:53:23 - INFO - utils.trainer -   Accuracy: 0.49965
06/30/2026 16:53:23 - INFO - utils.trainer -   Precision: 0.49962
06/30/2026 16:53:23 - INFO - utils.trainer -   Recall: 0.46127
06/30/2026 16:53:23 - INFO - utils.trainer -   F_score: 0.47968
06/30/2026 16:53:23 - INFO - utils.trainer -   Specificity: 0.53803
06/30/2026 16:53:23 - INFO - utils.trainer -   Sensitivity: 0.46127
06/30/2026 16:53:23 - INFO - utils.trainer -   Loss: 0.69315
06/30/2026 16:53:23 - INFO - utils.trainer -   Epoch: 166, Train loss: 0.69315, Test loss: 0.69315,Epoch time = 3.448s
06/30/2026 16:53:26 - INFO - utils.trainer -   ***** Running evaluation on test2 dataset *****
06/30/2026 16:53:27 - INFO - utils.trainer -   AUC: 0.49613
06/30/2026 16:53:27 - INFO - utils.trainer -   Accuracy: 0.49296
06/30/2026 16:53:27 - INFO - utils.trainer -   Precision: 0.49186
06/30/2026 16:53:27 - INFO - utils.trainer -   Recall: 0.42535
06/30/2026 16:53:27 - INFO - utils.trainer -   F_score: 0.45619
06/30/2026 16:53:27 - INFO - utils.trainer -   Specificity: 0.56056
06/30/2026 16:53:27 - INFO - utils.trainer -   Sensitivity: 0.42535
06/30/2026 16:53:27 - INFO - utils.trainer -   Loss: 0.69316
06/30/2026 16:53:27 - INFO - utils.trainer -   Epoch: 167, Train loss: 0.69314, Test loss: 0.69316,Epoch time = 2.631s
06/30/2026 16:53:30 - INFO - utils.trainer -   ***** Running evaluation on test2 dataset *****
06/30/2026 16:53:30 - INFO - utils.trainer -   AUC: 0.48889
06/30/2026 16:53:30 - INFO - utils.trainer -   Accuracy: 0.49261
06/30/2026 16:53:30 - INFO - utils.trainer -   Precision: 0.49126
06/30/2026 16:53:30 - INFO - utils.trainer -   Recall: 0.41549
06/30/2026 16:53:30 - INFO - utils.trainer -   F_score: 0.45021
06/30/2026 16:53:30 - INFO - utils.trainer -   Specificity: 0.56972
06/30/2026 16:53:30 - INFO - utils.trainer -   Sensitivity: 0.41549
06/30/2026 16:53:30 - INFO - utils.trainer -   Loss: 0.69316
06/30/2026 16:53:30 - INFO - utils.trainer -   Epoch: 168, Train loss: 0.69313, Test loss: 0.69316,Epoch time = 2.962s
06/30/2026 16:53:34 - INFO - utils.trainer -   ***** Running evaluation on test2 dataset *****
06/30/2026 16:53:34 - INFO - utils.trainer -   AUC: 0.50471
06/30/2026 16:53:34 - INFO - utils.trainer -   Accuracy: 0.50141
06/30/2026 16:53:34 - INFO - utils.trainer -   Precision: 0.50169
06/30/2026 16:53:34 - INFO - utils.trainer -   Recall: 0.41831
06/30/2026 16:53:34 - INFO - utils.trainer -   F_score: 0.45622
06/30/2026 16:53:34 - INFO - utils.trainer -   Specificity: 0.58451
06/30/2026 16:53:34 - INFO - utils.trainer -   Sensitivity: 0.41831
06/30/2026 16:53:34 - INFO - utils.trainer -   Loss: 0.69314
06/30/2026 16:53:34 - INFO - utils.trainer -   Epoch: 169, Train loss: 0.69316, Test loss: 0.69314,Epoch time = 3.303s
06/30/2026 16:53:37 - INFO - utils.trainer -   ***** Running evaluation on test2 dataset *****
06/30/2026 16:53:38 - INFO - utils.trainer -   AUC: 0.51669
06/30/2026 16:53:38 - INFO - utils.trainer -   Accuracy: 0.51373
06/30/2026 16:53:38 - INFO - utils.trainer -   Precision: 0.51481
06/30/2026 16:53:38 - INFO - utils.trainer -   Recall: 0.47746
06/30/2026 16:53:38 - INFO - utils.trainer -   F_score: 0.49543
06/30/2026 16:53:38 - INFO - utils.trainer -   Specificity: 0.55000
06/30/2026 16:53:38 - INFO - utils.trainer -   Sensitivity: 0.47746
06/30/2026 16:53:38 - INFO - utils.trainer -   Loss: 0.69312
06/30/2026 16:53:38 - INFO - utils.trainer -   Epoch: 170, Train loss: 0.69314, Test loss: 0.69312,Epoch time = 2.595s
06/30/2026 16:53:40 - INFO - utils.trainer -   ***** Running evaluation on test2 dataset *****
06/30/2026 16:53:41 - INFO - utils.trainer -   AUC: 0.50783
06/30/2026 16:53:41 - INFO - utils.trainer -   Accuracy: 0.49824
06/30/2026 16:53:41 - INFO - utils.trainer -   Precision: 0.49815
06/30/2026 16:53:41 - INFO - utils.trainer -   Recall: 0.47465
06/30/2026 16:53:41 - INFO - utils.trainer -   F_score: 0.48612
06/30/2026 16:53:41 - INFO - utils.trainer -   Specificity: 0.52183
06/30/2026 16:53:41 - INFO - utils.trainer -   Sensitivity: 0.47465
06/30/2026 16:53:41 - INFO - utils.trainer -   Loss: 0.69313
06/30/2026 16:53:41 - INFO - utils.trainer -   Epoch: 171, Train loss: 0.69315, Test loss: 0.69313,Epoch time = 2.319s
06/30/2026 16:53:44 - INFO - utils.trainer -   ***** Running evaluation on test2 dataset *****
06/30/2026 16:53:45 - INFO - utils.trainer -   AUC: 0.49981
06/30/2026 16:53:45 - INFO - utils.trainer -   Accuracy: 0.50282
06/30/2026 16:53:45 - INFO - utils.trainer -   Precision: 0.50317
06/30/2026 16:53:45 - INFO - utils.trainer -   Recall: 0.44648
06/30/2026 16:53:45 - INFO - utils.trainer -   F_score: 0.47313
06/30/2026 16:53:45 - INFO - utils.trainer -   Specificity: 0.55915
06/30/2026 16:53:45 - INFO - utils.trainer -   Sensitivity: 0.44648
06/30/2026 16:53:45 - INFO - utils.trainer -   Loss: 0.69315
06/30/2026 16:53:45 - INFO - utils.trainer -   Epoch: 172, Train loss: 0.69317, Test loss: 0.69315,Epoch time = 3.231s
06/30/2026 16:53:47 - INFO - utils.trainer -   ***** Running evaluation on test2 dataset *****
06/30/2026 16:53:48 - INFO - utils.trainer -   AUC: 0.50584
06/30/2026 16:53:48 - INFO - utils.trainer -   Accuracy: 0.50211
06/30/2026 16:53:48 - INFO - utils.trainer -   Precision: 0.50220
06/30/2026 16:53:48 - INFO - utils.trainer -   Recall: 0.48169
06/30/2026 16:53:48 - INFO - utils.trainer -   F_score: 0.49173
06/30/2026 16:53:48 - INFO - utils.trainer -   Specificity: 0.52254
06/30/2026 16:53:48 - INFO - utils.trainer -   Sensitivity: 0.48169
06/30/2026 16:53:48 - INFO - utils.trainer -   Loss: 0.69314
06/30/2026 16:53:48 - INFO - utils.trainer -   Epoch: 173, Train loss: 0.69313, Test loss: 0.69314,Epoch time = 2.677s
06/30/2026 16:53:51 - INFO - utils.trainer -   ***** Running evaluation on test2 dataset *****
06/30/2026 16:53:52 - INFO - utils.trainer -   AUC: 0.49122
06/30/2026 16:53:52 - INFO - utils.trainer -   Accuracy: 0.49261
06/30/2026 16:53:52 - INFO - utils.trainer -   Precision: 0.49219
06/30/2026 16:53:52 - INFO - utils.trainer -   Recall: 0.46620
06/30/2026 16:53:52 - INFO - utils.trainer -   F_score: 0.47884
06/30/2026 16:53:52 - INFO - utils.trainer -   Specificity: 0.51901
06/30/2026 16:53:52 - INFO - utils.trainer -   Sensitivity: 0.46620
06/30/2026 16:53:52 - INFO - utils.trainer -   Loss: 0.69316
06/30/2026 16:53:52 - INFO - utils.trainer -   Epoch: 174, Train loss: 0.69315, Test loss: 0.69316,Epoch time = 2.634s
06/30/2026 16:53:55 - INFO - utils.trainer -   ***** Running evaluation on test2 dataset *****
06/30/2026 16:53:55 - INFO - utils.trainer -   AUC: 0.50323
06/30/2026 16:53:55 - INFO - utils.trainer -   Accuracy: 0.49542
06/30/2026 16:53:55 - INFO - utils.trainer -   Precision: 0.49469
06/30/2026 16:53:55 - INFO - utils.trainer -   Recall: 0.42606
06/30/2026 16:53:55 - INFO - utils.trainer -   F_score: 0.45781
06/30/2026 16:53:55 - INFO - utils.trainer -   Specificity: 0.56479
06/30/2026 16:53:55 - INFO - utils.trainer -   Sensitivity: 0.42606
06/30/2026 16:53:55 - INFO - utils.trainer -   Loss: 0.69314
06/30/2026 16:53:55 - INFO - utils.trainer -   Epoch: 175, Train loss: 0.69317, Test loss: 0.69314,Epoch time = 2.965s
06/30/2026 16:53:58 - INFO - utils.trainer -   ***** Running evaluation on test2 dataset *****
06/30/2026 16:53:59 - INFO - utils.trainer -   AUC: 0.48579
06/30/2026 16:53:59 - INFO - utils.trainer -   Accuracy: 0.48204
06/30/2026 16:53:59 - INFO - utils.trainer -   Precision: 0.48084
06/30/2026 16:53:59 - INFO - utils.trainer -   Recall: 0.45070
06/30/2026 16:53:59 - INFO - utils.trainer -   F_score: 0.46529
06/30/2026 16:53:59 - INFO - utils.trainer -   Specificity: 0.51338
06/30/2026 16:53:59 - INFO - utils.trainer -   Sensitivity: 0.45070
06/30/2026 16:53:59 - INFO - utils.trainer -   Loss: 0.69317
06/30/2026 16:53:59 - INFO - utils.trainer -   Epoch: 176, Train loss: 0.69314, Test loss: 0.69317,Epoch time = 2.967s
06/30/2026 16:54:02 - INFO - utils.trainer -   ***** Running evaluation on test2 dataset *****
06/30/2026 16:54:03 - INFO - utils.trainer -   AUC: 0.49568
06/30/2026 16:54:03 - INFO - utils.trainer -   Accuracy: 0.49014
06/30/2026 16:54:03 - INFO - utils.trainer -   Precision: 0.48759
06/30/2026 16:54:03 - INFO - utils.trainer -   Recall: 0.38732
06/30/2026 16:54:03 - INFO - utils.trainer -   F_score: 0.43171
06/30/2026 16:54:03 - INFO - utils.trainer -   Specificity: 0.59296
06/30/2026 16:54:03 - INFO - utils.trainer -   Sensitivity: 0.38732
06/30/2026 16:54:03 - INFO - utils.trainer -   Loss: 0.69315
06/30/2026 16:54:03 - INFO - utils.trainer -   Epoch: 177, Train loss: 0.69317, Test loss: 0.69315,Epoch time = 3.286s
06/30/2026 16:54:06 - INFO - utils.trainer -   ***** Running evaluation on test2 dataset *****
06/30/2026 16:54:07 - INFO - utils.trainer -   AUC: 0.47713
06/30/2026 16:54:07 - INFO - utils.trainer -   Accuracy: 0.48556
06/30/2026 16:54:07 - INFO - utils.trainer -   Precision: 0.48446
06/30/2026 16:54:07 - INFO - utils.trainer -   Recall: 0.45000
06/30/2026 16:54:07 - INFO - utils.trainer -   F_score: 0.46659
06/30/2026 16:54:07 - INFO - utils.trainer -   Specificity: 0.52113
06/30/2026 16:54:07 - INFO - utils.trainer -   Sensitivity: 0.45000
06/30/2026 16:54:07 - INFO - utils.trainer -   Loss: 0.69318
06/30/2026 16:54:07 - INFO - utils.trainer -   Epoch: 178, Train loss: 0.69313, Test loss: 0.69318,Epoch time = 2.662s
06/30/2026 16:54:10 - INFO - utils.trainer -   ***** Running evaluation on test2 dataset *****
06/30/2026 16:54:10 - INFO - utils.trainer -   AUC: 0.49805
06/30/2026 16:54:10 - INFO - utils.trainer -   Accuracy: 0.49613
06/30/2026 16:54:10 - INFO - utils.trainer -   Precision: 0.49562
06/30/2026 16:54:10 - INFO - utils.trainer -   Recall: 0.43803
06/30/2026 16:54:10 - INFO - utils.trainer -   F_score: 0.46505
06/30/2026 16:54:10 - INFO - utils.trainer -   Specificity: 0.55423
06/30/2026 16:54:10 - INFO - utils.trainer -   Sensitivity: 0.43803
06/30/2026 16:54:10 - INFO - utils.trainer -   Loss: 0.69315
06/30/2026 16:54:10 - INFO - utils.trainer -   Epoch: 179, Train loss: 0.69316, Test loss: 0.69315,Epoch time = 3.069s
06/30/2026 16:54:14 - INFO - utils.trainer -   ***** Running evaluation on test2 dataset *****
06/30/2026 16:54:15 - INFO - utils.trainer -   AUC: 0.51048
06/30/2026 16:54:15 - INFO - utils.trainer -   Accuracy: 0.50246
06/30/2026 16:54:15 - INFO - utils.trainer -   Precision: 0.50271
06/30/2026 16:54:15 - INFO - utils.trainer -   Recall: 0.45775
06/30/2026 16:54:15 - INFO - utils.trainer -   F_score: 0.47917
06/30/2026 16:54:15 - INFO - utils.trainer -   Specificity: 0.54718
06/30/2026 16:54:15 - INFO - utils.trainer -   Sensitivity: 0.45775
06/30/2026 16:54:15 - INFO - utils.trainer -   Loss: 0.69313
06/30/2026 16:54:15 - INFO - utils.trainer -   Epoch: 180, Train loss: 0.69314, Test loss: 0.69313,Epoch time = 3.538s
06/30/2026 16:54:18 - INFO - utils.trainer -   ***** Running evaluation on test2 dataset *****
06/30/2026 16:54:18 - INFO - utils.trainer -   AUC: 0.50637
06/30/2026 16:54:18 - INFO - utils.trainer -   Accuracy: 0.50739
06/30/2026 16:54:18 - INFO - utils.trainer -   Precision: 0.50859
06/30/2026 16:54:18 - INFO - utils.trainer -   Recall: 0.43803
06/30/2026 16:54:18 - INFO - utils.trainer -   F_score: 0.47068
06/30/2026 16:54:18 - INFO - utils.trainer -   Specificity: 0.57676
06/30/2026 16:54:18 - INFO - utils.trainer -   Sensitivity: 0.43803
06/30/2026 16:54:18 - INFO - utils.trainer -   Loss: 0.69314
06/30/2026 16:54:18 - INFO - utils.trainer -   Epoch: 181, Train loss: 0.69316, Test loss: 0.69314,Epoch time = 3.058s
06/30/2026 16:54:22 - INFO - utils.trainer -   ***** Running evaluation on test2 dataset *****
06/30/2026 16:54:23 - INFO - utils.trainer -   AUC: 0.48769
06/30/2026 16:54:23 - INFO - utils.trainer -   Accuracy: 0.50035
06/30/2026 16:54:23 - INFO - utils.trainer -   Precision: 0.50041
06/30/2026 16:54:23 - INFO - utils.trainer -   Recall: 0.43169
06/30/2026 16:54:23 - INFO - utils.trainer -   F_score: 0.46352
06/30/2026 16:54:23 - INFO - utils.trainer -   Specificity: 0.56901
06/30/2026 16:54:23 - INFO - utils.trainer -   Sensitivity: 0.43169
06/30/2026 16:54:23 - INFO - utils.trainer -   Loss: 0.69317
06/30/2026 16:54:23 - INFO - utils.trainer -   Epoch: 182, Train loss: 0.69316, Test loss: 0.69317,Epoch time = 3.556s
06/30/2026 16:54:26 - INFO - utils.trainer -   ***** Running evaluation on test2 dataset *****
06/30/2026 16:54:27 - INFO - utils.trainer -   AUC: 0.51548
06/30/2026 16:54:27 - INFO - utils.trainer -   Accuracy: 0.50423
06/30/2026 16:54:27 - INFO - utils.trainer -   Precision: 0.50493
06/30/2026 16:54:27 - INFO - utils.trainer -   Recall: 0.43310
06/30/2026 16:54:27 - INFO - utils.trainer -   F_score: 0.46626
06/30/2026 16:54:27 - INFO - utils.trainer -   Specificity: 0.57535
06/30/2026 16:54:27 - INFO - utils.trainer -   Sensitivity: 0.43310
06/30/2026 16:54:27 - INFO - utils.trainer -   Loss: 0.69312
06/30/2026 16:54:27 - INFO - utils.trainer -   Epoch: 183, Train loss: 0.69317, Test loss: 0.69312,Epoch time = 2.999s
06/30/2026 16:54:30 - INFO - utils.trainer -   ***** Running evaluation on test2 dataset *****
06/30/2026 16:54:31 - INFO - utils.trainer -   AUC: 0.48543
06/30/2026 16:54:31 - INFO - utils.trainer -   Accuracy: 0.49014
06/30/2026 16:54:31 - INFO - utils.trainer -   Precision: 0.48843
06/30/2026 16:54:31 - INFO - utils.trainer -   Recall: 0.41620
06/30/2026 16:54:31 - INFO - utils.trainer -   F_score: 0.44943
06/30/2026 16:54:31 - INFO - utils.trainer -   Specificity: 0.56408
06/30/2026 16:54:31 - INFO - utils.trainer -   Sensitivity: 0.41620
06/30/2026 16:54:31 - INFO - utils.trainer -   Loss: 0.69317
06/30/2026 16:54:31 - INFO - utils.trainer -   Epoch: 184, Train loss: 0.69315, Test loss: 0.69317,Epoch time = 3.841s
06/30/2026 16:54:34 - INFO - utils.trainer -   ***** Running evaluation on test2 dataset *****
06/30/2026 16:54:35 - INFO - utils.trainer -   AUC: 0.50949
06/30/2026 16:54:35 - INFO - utils.trainer -   Accuracy: 0.50845
06/30/2026 16:54:35 - INFO - utils.trainer -   Precision: 0.50979
06/30/2026 16:54:35 - INFO - utils.trainer -   Recall: 0.44014
06/30/2026 16:54:35 - INFO - utils.trainer -   F_score: 0.47241
06/30/2026 16:54:35 - INFO - utils.trainer -   Specificity: 0.57676
06/30/2026 16:54:35 - INFO - utils.trainer -   Sensitivity: 0.44014
06/30/2026 16:54:35 - INFO - utils.trainer -   Loss: 0.69313
06/30/2026 16:54:35 - INFO - utils.trainer -   Epoch: 185, Train loss: 0.69313, Test loss: 0.69313,Epoch time = 2.821s
06/30/2026 16:54:38 - INFO - utils.trainer -   ***** Running evaluation on test2 dataset *****
06/30/2026 16:54:39 - INFO - utils.trainer -   AUC: 0.50554
06/30/2026 16:54:39 - INFO - utils.trainer -   Accuracy: 0.50563
06/30/2026 16:54:39 - INFO - utils.trainer -   Precision: 0.50650
06/30/2026 16:54:39 - INFO - utils.trainer -   Recall: 0.43873
06/30/2026 16:54:39 - INFO - utils.trainer -   F_score: 0.47019
06/30/2026 16:54:39 - INFO - utils.trainer -   Specificity: 0.57254
06/30/2026 16:54:39 - INFO - utils.trainer -   Sensitivity: 0.43873
06/30/2026 16:54:39 - INFO - utils.trainer -   Loss: 0.69314
06/30/2026 16:54:39 - INFO - utils.trainer -   Epoch: 186, Train loss: 0.69315, Test loss: 0.69314,Epoch time = 3.003s
06/30/2026 16:54:42 - INFO - utils.trainer -   ***** Running evaluation on test2 dataset *****
06/30/2026 16:54:43 - INFO - utils.trainer -   AUC: 0.49886
06/30/2026 16:54:43 - INFO - utils.trainer -   Accuracy: 0.50070
06/30/2026 16:54:43 - INFO - utils.trainer -   Precision: 0.50082
06/30/2026 16:54:43 - INFO - utils.trainer -   Recall: 0.42958
06/30/2026 16:54:43 - INFO - utils.trainer -   F_score: 0.46247
06/30/2026 16:54:43 - INFO - utils.trainer -   Specificity: 0.57183
06/30/2026 16:54:43 - INFO - utils.trainer -   Sensitivity: 0.42958
06/30/2026 16:54:43 - INFO - utils.trainer -   Loss: 0.69315
06/30/2026 16:54:43 - INFO - utils.trainer -   Epoch: 187, Train loss: 0.69317, Test loss: 0.69315,Epoch time = 3.778s
06/30/2026 16:54:46 - INFO - utils.trainer -   ***** Running evaluation on test2 dataset *****
06/30/2026 16:54:47 - INFO - utils.trainer -   AUC: 0.49682
06/30/2026 16:54:47 - INFO - utils.trainer -   Accuracy: 0.49437
06/30/2026 16:54:47 - INFO - utils.trainer -   Precision: 0.49325
06/30/2026 16:54:47 - INFO - utils.trainer -   Recall: 0.41197
06/30/2026 16:54:47 - INFO - utils.trainer -   F_score: 0.44896
06/30/2026 16:54:47 - INFO - utils.trainer -   Specificity: 0.57676
06/30/2026 16:54:47 - INFO - utils.trainer -   Sensitivity: 0.41197
06/30/2026 16:54:47 - INFO - utils.trainer -   Loss: 0.69315
06/30/2026 16:54:47 - INFO - utils.trainer -   Epoch: 188, Train loss: 0.69314, Test loss: 0.69315,Epoch time = 2.628s
06/30/2026 16:54:50 - INFO - utils.trainer -   ***** Running evaluation on test2 dataset *****
06/30/2026 16:54:51 - INFO - utils.trainer -   AUC: 0.49732
06/30/2026 16:54:51 - INFO - utils.trainer -   Accuracy: 0.49437
06/30/2026 16:54:51 - INFO - utils.trainer -   Precision: 0.49349
06/30/2026 16:54:51 - INFO - utils.trainer -   Recall: 0.42676
06/30/2026 16:54:51 - INFO - utils.trainer -   F_score: 0.45770
06/30/2026 16:54:51 - INFO - utils.trainer -   Specificity: 0.56197
06/30/2026 16:54:51 - INFO - utils.trainer -   Sensitivity: 0.42676
06/30/2026 16:54:51 - INFO - utils.trainer -   Loss: 0.69315
06/30/2026 16:54:51 - INFO - utils.trainer -   Epoch: 189, Train loss: 0.69316, Test loss: 0.69315,Epoch time = 3.393s
06/30/2026 16:54:54 - INFO - utils.trainer -   ***** Running evaluation on test2 dataset *****
06/30/2026 16:54:55 - INFO - utils.trainer -   AUC: 0.51163
06/30/2026 16:54:55 - INFO - utils.trainer -   Accuracy: 0.51056
06/30/2026 16:54:55 - INFO - utils.trainer -   Precision: 0.51204
06/30/2026 16:54:55 - INFO - utils.trainer -   Recall: 0.44930
06/30/2026 16:54:55 - INFO - utils.trainer -   F_score: 0.47862
06/30/2026 16:54:55 - INFO - utils.trainer -   Specificity: 0.57183
06/30/2026 16:54:55 - INFO - utils.trainer -   Sensitivity: 0.44930
06/30/2026 16:54:55 - INFO - utils.trainer -   Loss: 0.69313
06/30/2026 16:54:55 - INFO - utils.trainer -   Epoch: 190, Train loss: 0.69316, Test loss: 0.69313,Epoch time = 3.395s
06/30/2026 16:54:58 - INFO - utils.trainer -   ***** Running evaluation on test2 dataset *****
06/30/2026 16:54:59 - INFO - utils.trainer -   AUC: 0.51807
06/30/2026 16:54:59 - INFO - utils.trainer -   Accuracy: 0.51796
06/30/2026 16:54:59 - INFO - utils.trainer -   Precision: 0.52035
06/30/2026 16:54:59 - INFO - utils.trainer -   Recall: 0.45915
06/30/2026 16:54:59 - INFO - utils.trainer -   F_score: 0.48784
06/30/2026 16:54:59 - INFO - utils.trainer -   Specificity: 0.57676
06/30/2026 16:54:59 - INFO - utils.trainer -   Sensitivity: 0.45915
06/30/2026 16:54:59 - INFO - utils.trainer -   Loss: 0.69312
06/30/2026 16:54:59 - INFO - utils.trainer -   Epoch: 191, Train loss: 0.69313, Test loss: 0.69312,Epoch time = 3.480s
06/30/2026 16:55:02 - INFO - utils.trainer -   ***** Running evaluation on test2 dataset *****
06/30/2026 16:55:03 - INFO - utils.trainer -   AUC: 0.51401
06/30/2026 16:55:03 - INFO - utils.trainer -   Accuracy: 0.51620
06/30/2026 16:55:03 - INFO - utils.trainer -   Precision: 0.51891
06/30/2026 16:55:03 - INFO - utils.trainer -   Recall: 0.44437
06/30/2026 16:55:03 - INFO - utils.trainer -   F_score: 0.47876
06/30/2026 16:55:03 - INFO - utils.trainer -   Specificity: 0.58803
06/30/2026 16:55:03 - INFO - utils.trainer -   Sensitivity: 0.44437
06/30/2026 16:55:03 - INFO - utils.trainer -   Loss: 0.69313
06/30/2026 16:55:03 - INFO - utils.trainer -   Epoch: 192, Train loss: 0.69315, Test loss: 0.69313,Epoch time = 3.149s
06/30/2026 16:55:06 - INFO - utils.trainer -   ***** Running evaluation on test2 dataset *****
06/30/2026 16:55:07 - INFO - utils.trainer -   AUC: 0.50544
06/30/2026 16:55:07 - INFO - utils.trainer -   Accuracy: 0.49542
06/30/2026 16:55:07 - INFO - utils.trainer -   Precision: 0.49512
06/30/2026 16:55:07 - INFO - utils.trainer -   Recall: 0.46479
06/30/2026 16:55:07 - INFO - utils.trainer -   F_score: 0.47948
06/30/2026 16:55:07 - INFO - utils.trainer -   Specificity: 0.52606
06/30/2026 16:55:07 - INFO - utils.trainer -   Sensitivity: 0.46479
06/30/2026 16:55:07 - INFO - utils.trainer -   Loss: 0.69314
06/30/2026 16:55:07 - INFO - utils.trainer -   Epoch: 193, Train loss: 0.69312, Test loss: 0.69314,Epoch time = 3.538s
06/30/2026 16:55:10 - INFO - utils.trainer -   ***** Running evaluation on test2 dataset *****
06/30/2026 16:55:11 - INFO - utils.trainer -   AUC: 0.51735
06/30/2026 16:55:11 - INFO - utils.trainer -   Accuracy: 0.50669
06/30/2026 16:55:11 - INFO - utils.trainer -   Precision: 0.50777
06/30/2026 16:55:11 - INFO - utils.trainer -   Recall: 0.43732
06/30/2026 16:55:11 - INFO - utils.trainer -   F_score: 0.46992
06/30/2026 16:55:11 - INFO - utils.trainer -   Specificity: 0.57606
06/30/2026 16:55:11 - INFO - utils.trainer -   Sensitivity: 0.43732
06/30/2026 16:55:11 - INFO - utils.trainer -   Loss: 0.69312
06/30/2026 16:55:11 - INFO - utils.trainer -   Epoch: 194, Train loss: 0.69314, Test loss: 0.69312,Epoch time = 2.713s
06/30/2026 16:55:14 - INFO - utils.trainer -   ***** Running evaluation on test2 dataset *****
06/30/2026 16:55:15 - INFO - utils.trainer -   AUC: 0.50083
06/30/2026 16:55:15 - INFO - utils.trainer -   Accuracy: 0.50211
06/30/2026 16:55:15 - INFO - utils.trainer -   Precision: 0.50232
06/30/2026 16:55:15 - INFO - utils.trainer -   Recall: 0.45704
06/30/2026 16:55:15 - INFO - utils.trainer -   F_score: 0.47861
06/30/2026 16:55:15 - INFO - utils.trainer -   Specificity: 0.54718
06/30/2026 16:55:15 - INFO - utils.trainer -   Sensitivity: 0.45704
06/30/2026 16:55:15 - INFO - utils.trainer -   Loss: 0.69315
06/30/2026 16:55:15 - INFO - utils.trainer -   Epoch: 195, Train loss: 0.69315, Test loss: 0.69315,Epoch time = 3.783s
06/30/2026 16:55:17 - INFO - utils.trainer -   ***** Running evaluation on test2 dataset *****
06/30/2026 16:55:18 - INFO - utils.trainer -   AUC: 0.50711
06/30/2026 16:55:18 - INFO - utils.trainer -   Accuracy: 0.50669
06/30/2026 16:55:18 - INFO - utils.trainer -   Precision: 0.50738
06/30/2026 16:55:18 - INFO - utils.trainer -   Recall: 0.45986
06/30/2026 16:55:18 - INFO - utils.trainer -   F_score: 0.48245
06/30/2026 16:55:18 - INFO - utils.trainer -   Specificity: 0.55352
06/30/2026 16:55:18 - INFO - utils.trainer -   Sensitivity: 0.45986
06/30/2026 16:55:18 - INFO - utils.trainer -   Loss: 0.69314
06/30/2026 16:55:18 - INFO - utils.trainer -   Epoch: 196, Train loss: 0.69314, Test loss: 0.69314,Epoch time = 1.866s
06/30/2026 16:55:20 - INFO - utils.trainer -   ***** Running evaluation on test2 dataset *****
06/30/2026 16:55:21 - INFO - utils.trainer -   AUC: 0.47031
06/30/2026 16:55:21 - INFO - utils.trainer -   Accuracy: 0.47183
06/30/2026 16:55:21 - INFO - utils.trainer -   Precision: 0.46928
06/30/2026 16:55:21 - INFO - utils.trainer -   Recall: 0.43028
06/30/2026 16:55:21 - INFO - utils.trainer -   F_score: 0.44893
06/30/2026 16:55:21 - INFO - utils.trainer -   Specificity: 0.51338
06/30/2026 16:55:21 - INFO - utils.trainer -   Sensitivity: 0.43028
06/30/2026 16:55:21 - INFO - utils.trainer -   Loss: 0.69319
06/30/2026 16:55:21 - INFO - utils.trainer -   Epoch: 197, Train loss: 0.69313, Test loss: 0.69319,Epoch time = 2.616s
06/30/2026 16:55:24 - INFO - utils.trainer -   ***** Running evaluation on test2 dataset *****
06/30/2026 16:55:25 - INFO - utils.trainer -   AUC: 0.50996
06/30/2026 16:55:25 - INFO - utils.trainer -   Accuracy: 0.50845
06/30/2026 16:55:25 - INFO - utils.trainer -   Precision: 0.50898
06/30/2026 16:55:25 - INFO - utils.trainer -   Recall: 0.47887
06/30/2026 16:55:25 - INFO - utils.trainer -   F_score: 0.49347
06/30/2026 16:55:25 - INFO - utils.trainer -   Specificity: 0.53803
06/30/2026 16:55:25 - INFO - utils.trainer -   Sensitivity: 0.47887
06/30/2026 16:55:25 - INFO - utils.trainer -   Loss: 0.69313
06/30/2026 16:55:25 - INFO - utils.trainer -   Epoch: 198, Train loss: 0.69313, Test loss: 0.69313,Epoch time = 3.272s
06/30/2026 16:55:28 - INFO - utils.trainer -   ***** Running evaluation on test2 dataset *****
06/30/2026 16:55:29 - INFO - utils.trainer -   AUC: 0.49677
06/30/2026 16:55:29 - INFO - utils.trainer -   Accuracy: 0.48979
06/30/2026 16:55:29 - INFO - utils.trainer -   Precision: 0.48843
06/30/2026 16:55:29 - INFO - utils.trainer -   Recall: 0.43099
06/30/2026 16:55:29 - INFO - utils.trainer -   F_score: 0.45791
06/30/2026 16:55:29 - INFO - utils.trainer -   Specificity: 0.54859
06/30/2026 16:55:29 - INFO - utils.trainer -   Sensitivity: 0.43099
06/30/2026 16:55:29 - INFO - utils.trainer -   Loss: 0.69315
06/30/2026 16:55:29 - INFO - utils.trainer -   Epoch: 199, Train loss: 0.69316, Test loss: 0.69315,Epoch time = 3.356s
06/30/2026 16:55:32 - INFO - utils.trainer -   ***** Running evaluation on test2 dataset *****
06/30/2026 16:55:33 - INFO - utils.trainer -   AUC: 0.50056
06/30/2026 16:55:33 - INFO - utils.trainer -   Accuracy: 0.50246
06/30/2026 16:55:33 - INFO - utils.trainer -   Precision: 0.50283
06/30/2026 16:55:33 - INFO - utils.trainer -   Recall: 0.43732
06/30/2026 16:55:33 - INFO - utils.trainer -   F_score: 0.46780
06/30/2026 16:55:33 - INFO - utils.trainer -   Specificity: 0.56761
06/30/2026 16:55:33 - INFO - utils.trainer -   Sensitivity: 0.43732
06/30/2026 16:55:33 - INFO - utils.trainer -   Loss: 0.69315
06/30/2026 16:55:33 - INFO - utils.trainer -   Epoch: 200, Train loss: 0.69317, Test loss: 0.69315,Epoch time = 2.993s
