04/17/2026 22:22:44 - INFO - __main__ -   ########## Repeat:0 ##########
04/17/2026 22:22:44 - INFO - utils.trainer -   ***** Running training *****
04/17/2026 22:22:44 - INFO - utils.trainer -     Num examples = 19
04/17/2026 22:22:44 - INFO - utils.trainer -     Num Epochs = 200
04/17/2026 22:22:44 - INFO - utils.trainer -     Total train batch size = 16
04/17/2026 22:22:44 - INFO - utils.trainer -     warmup steps = 400
04/17/2026 22:22:44 - INFO - utils.trainer -     Total optimization steps = 3800
04/17/2026 22:22:44 - INFO - utils.trainer -     Save steps = 200
04/17/2026 22:22:44 - INFO - root -   Parameters [normal] length [118]
04/17/2026 22:22:55 - INFO - utils.trainer -   ***** Running evaluation on test0 dataset *****
04/17/2026 22:22:57 - INFO - utils.trainer -   AUC: 0.48959
04/17/2026 22:22:57 - INFO - utils.trainer -   Accuracy: 0.26115
04/17/2026 22:22:57 - INFO - utils.trainer -   Precision: 0.26929
04/17/2026 22:22:57 - INFO - utils.trainer -   Recall: 0.25662
04/17/2026 22:22:57 - INFO - utils.trainer -   F_score: 0.24984
04/17/2026 22:22:57 - INFO - utils.trainer -   Loss: 2.64528
04/17/2026 22:22:57 - INFO - utils.trainer -   Saving model checkpoint to output_dir/SrCVIB
04/17/2026 22:22:57 - INFO - utils.trainer -   Epoch: 1, Train loss: 11.94716, Test loss: 2.64528,Epoch time = 11.106s
04/17/2026 22:23:14 - INFO - utils.trainer -   ***** Running evaluation on test0 dataset *****
04/17/2026 22:23:17 - INFO - utils.trainer -   AUC: 0.52511
04/17/2026 22:23:17 - INFO - utils.trainer -   Accuracy: 0.26752
04/17/2026 22:23:17 - INFO - utils.trainer -   Precision: 0.22275
04/17/2026 22:23:17 - INFO - utils.trainer -   Recall: 0.25621
04/17/2026 22:23:17 - INFO - utils.trainer -   F_score: 0.22991
04/17/2026 22:23:17 - INFO - utils.trainer -   Loss: 2.63914
04/17/2026 22:23:17 - INFO - utils.trainer -   Epoch: 2, Train loss: 4.77990, Test loss: 2.63914,Epoch time = 16.898s
04/17/2026 22:23:33 - INFO - utils.trainer -   ***** Running evaluation on test0 dataset *****
04/17/2026 22:23:36 - INFO - utils.trainer -   AUC: 0.44923
04/17/2026 22:23:36 - INFO - utils.trainer -   Accuracy: 0.19108
04/17/2026 22:23:36 - INFO - utils.trainer -   Precision: 0.19359
04/17/2026 22:23:36 - INFO - utils.trainer -   Recall: 0.19645
04/17/2026 22:23:36 - INFO - utils.trainer -   F_score: 0.17761
04/17/2026 22:23:36 - INFO - utils.trainer -   Loss: 2.64933
04/17/2026 22:23:36 - INFO - utils.trainer -   Epoch: 3, Train loss: 3.88650, Test loss: 2.64933,Epoch time = 16.692s
04/17/2026 22:23:53 - INFO - utils.trainer -   ***** Running evaluation on test0 dataset *****
04/17/2026 22:23:55 - INFO - utils.trainer -   AUC: 0.54465
04/17/2026 22:23:55 - INFO - utils.trainer -   Accuracy: 0.23567
04/17/2026 22:23:55 - INFO - utils.trainer -   Precision: 0.21270
04/17/2026 22:23:55 - INFO - utils.trainer -   Recall: 0.24162
04/17/2026 22:23:55 - INFO - utils.trainer -   F_score: 0.16257
04/17/2026 22:23:55 - INFO - utils.trainer -   Loss: 2.61878
04/17/2026 22:23:55 - INFO - utils.trainer -   Epoch: 4, Train loss: 3.88109, Test loss: 2.61878,Epoch time = 16.888s
04/17/2026 22:24:12 - INFO - utils.trainer -   ***** Running evaluation on test0 dataset *****
04/17/2026 22:24:15 - INFO - utils.trainer -   AUC: 0.49899
04/17/2026 22:24:15 - INFO - utils.trainer -   Accuracy: 0.28025
04/17/2026 22:24:15 - INFO - utils.trainer -   Precision: 0.31736
04/17/2026 22:24:15 - INFO - utils.trainer -   Recall: 0.27815
04/17/2026 22:24:15 - INFO - utils.trainer -   F_score: 0.26859
04/17/2026 22:24:15 - INFO - utils.trainer -   Loss: 2.75569
04/17/2026 22:24:15 - INFO - utils.trainer -   Saving model checkpoint to output_dir/SrCVIB
04/17/2026 22:24:15 - INFO - utils.trainer -   Epoch: 5, Train loss: 3.57985, Test loss: 2.75569,Epoch time = 16.980s
04/17/2026 22:24:31 - INFO - utils.trainer -   ***** Running evaluation on test0 dataset *****
04/17/2026 22:24:34 - INFO - utils.trainer -   AUC: 0.52663
04/17/2026 22:24:34 - INFO - utils.trainer -   Accuracy: 0.22930
04/17/2026 22:24:34 - INFO - utils.trainer -   Precision: 0.23713
04/17/2026 22:24:34 - INFO - utils.trainer -   Recall: 0.22858
04/17/2026 22:24:34 - INFO - utils.trainer -   F_score: 0.21491
04/17/2026 22:24:34 - INFO - utils.trainer -   Loss: 2.77310
04/17/2026 22:24:34 - INFO - utils.trainer -   Epoch: 6, Train loss: 3.16045, Test loss: 2.77310,Epoch time = 16.510s
04/17/2026 22:24:50 - INFO - utils.trainer -   ***** Running evaluation on test0 dataset *****
04/17/2026 22:24:53 - INFO - utils.trainer -   AUC: 0.46678
04/17/2026 22:24:53 - INFO - utils.trainer -   Accuracy: 0.23567
04/17/2026 22:24:53 - INFO - utils.trainer -   Precision: 0.22565
04/17/2026 22:24:53 - INFO - utils.trainer -   Recall: 0.23175
04/17/2026 22:24:53 - INFO - utils.trainer -   F_score: 0.22733
04/17/2026 22:24:53 - INFO - utils.trainer -   Loss: 2.69623
04/17/2026 22:24:53 - INFO - utils.trainer -   Epoch: 7, Train loss: 3.08982, Test loss: 2.69623,Epoch time = 16.617s
04/17/2026 22:25:09 - INFO - utils.trainer -   ***** Running evaluation on test0 dataset *****
04/17/2026 22:25:12 - INFO - utils.trainer -   AUC: 0.52788
04/17/2026 22:25:12 - INFO - utils.trainer -   Accuracy: 0.27389
04/17/2026 22:25:12 - INFO - utils.trainer -   Precision: 0.29104
04/17/2026 22:25:12 - INFO - utils.trainer -   Recall: 0.27284
04/17/2026 22:25:12 - INFO - utils.trainer -   F_score: 0.26114
04/17/2026 22:25:12 - INFO - utils.trainer -   Loss: 2.69946
04/17/2026 22:25:12 - INFO - utils.trainer -   Epoch: 8, Train loss: 2.92426, Test loss: 2.69946,Epoch time = 16.456s
04/17/2026 22:25:28 - INFO - utils.trainer -   ***** Running evaluation on test0 dataset *****
04/17/2026 22:25:31 - INFO - utils.trainer -   AUC: 0.52010
04/17/2026 22:25:31 - INFO - utils.trainer -   Accuracy: 0.32484
04/17/2026 22:25:31 - INFO - utils.trainer -   Precision: 0.32719
04/17/2026 22:25:31 - INFO - utils.trainer -   Recall: 0.32547
04/17/2026 22:25:31 - INFO - utils.trainer -   F_score: 0.30555
04/17/2026 22:25:31 - INFO - utils.trainer -   Loss: 2.68773
04/17/2026 22:25:31 - INFO - utils.trainer -   Saving model checkpoint to output_dir/SrCVIB
04/17/2026 22:25:31 - INFO - utils.trainer -   Epoch: 9, Train loss: 2.88831, Test loss: 2.68773,Epoch time = 16.606s
04/17/2026 22:25:47 - INFO - utils.trainer -   ***** Running evaluation on test0 dataset *****
04/17/2026 22:25:50 - INFO - utils.trainer -   AUC: 0.52295
04/17/2026 22:25:50 - INFO - utils.trainer -   Accuracy: 0.24841
04/17/2026 22:25:50 - INFO - utils.trainer -   Precision: 0.24758
04/17/2026 22:25:50 - INFO - utils.trainer -   Recall: 0.25046
04/17/2026 22:25:50 - INFO - utils.trainer -   F_score: 0.24623
04/17/2026 22:25:50 - INFO - utils.trainer -   Loss: 2.70196
04/17/2026 22:25:50 - INFO - utils.trainer -   Epoch: 10, Train loss: 2.95107, Test loss: 2.70196,Epoch time = 16.461s
04/17/2026 22:26:08 - INFO - utils.trainer -   ***** Running evaluation on test0 dataset *****
04/17/2026 22:26:10 - INFO - utils.trainer -   AUC: 0.51914
04/17/2026 22:26:10 - INFO - utils.trainer -   Accuracy: 0.26752
04/17/2026 22:26:10 - INFO - utils.trainer -   Precision: 0.26799
04/17/2026 22:26:10 - INFO - utils.trainer -   Recall: 0.27019
04/17/2026 22:26:10 - INFO - utils.trainer -   F_score: 0.26215
04/17/2026 22:26:10 - INFO - utils.trainer -   Loss: 2.72306
04/17/2026 22:26:10 - INFO - utils.trainer -   Epoch: 11, Train loss: 2.89257, Test loss: 2.72306,Epoch time = 17.475s
04/17/2026 22:26:27 - INFO - utils.trainer -   ***** Running evaluation on test0 dataset *****
04/17/2026 22:26:30 - INFO - utils.trainer -   AUC: 0.49839
04/17/2026 22:26:30 - INFO - utils.trainer -   Accuracy: 0.25478
04/17/2026 22:26:30 - INFO - utils.trainer -   Precision: 0.28952
04/17/2026 22:26:30 - INFO - utils.trainer -   Recall: 0.24790
04/17/2026 22:26:30 - INFO - utils.trainer -   F_score: 0.23388
04/17/2026 22:26:30 - INFO - utils.trainer -   Loss: 2.77160
04/17/2026 22:26:30 - INFO - utils.trainer -   Epoch: 12, Train loss: 2.87675, Test loss: 2.77160,Epoch time = 17.354s
04/17/2026 22:26:48 - INFO - utils.trainer -   ***** Running evaluation on test0 dataset *****
04/17/2026 22:26:51 - INFO - utils.trainer -   AUC: 0.47427
04/17/2026 22:26:51 - INFO - utils.trainer -   Accuracy: 0.22293
04/17/2026 22:26:51 - INFO - utils.trainer -   Precision: 0.21241
04/17/2026 22:26:51 - INFO - utils.trainer -   Recall: 0.21537
04/17/2026 22:26:51 - INFO - utils.trainer -   F_score: 0.20031
04/17/2026 22:26:51 - INFO - utils.trainer -   Loss: 2.80770
04/17/2026 22:26:51 - INFO - utils.trainer -   Epoch: 13, Train loss: 2.81085, Test loss: 2.80770,Epoch time = 18.233s
04/17/2026 22:27:08 - INFO - utils.trainer -   ***** Running evaluation on test0 dataset *****
04/17/2026 22:27:11 - INFO - utils.trainer -   AUC: 0.48234
04/17/2026 22:27:11 - INFO - utils.trainer -   Accuracy: 0.24204
04/17/2026 22:27:11 - INFO - utils.trainer -   Precision: 0.21573
04/17/2026 22:27:11 - INFO - utils.trainer -   Recall: 0.23026
04/17/2026 22:27:11 - INFO - utils.trainer -   F_score: 0.20912
04/17/2026 22:27:11 - INFO - utils.trainer -   Loss: 2.90427
04/17/2026 22:27:11 - INFO - utils.trainer -   Epoch: 14, Train loss: 2.78313, Test loss: 2.90427,Epoch time = 17.441s
04/17/2026 22:27:28 - INFO - utils.trainer -   ***** Running evaluation on test0 dataset *****
04/17/2026 22:27:31 - INFO - utils.trainer -   AUC: 0.56880
04/17/2026 22:27:31 - INFO - utils.trainer -   Accuracy: 0.32484
04/17/2026 22:27:31 - INFO - utils.trainer -   Precision: 0.31992
04/17/2026 22:27:31 - INFO - utils.trainer -   Recall: 0.31470
04/17/2026 22:27:31 - INFO - utils.trainer -   F_score: 0.30292
04/17/2026 22:27:31 - INFO - utils.trainer -   Loss: 2.88401
04/17/2026 22:27:31 - INFO - utils.trainer -   Epoch: 15, Train loss: 2.87319, Test loss: 2.88401,Epoch time = 17.107s
04/17/2026 22:27:48 - INFO - utils.trainer -   ***** Running evaluation on test0 dataset *****
04/17/2026 22:27:50 - INFO - utils.trainer -   AUC: 0.47910
04/17/2026 22:27:50 - INFO - utils.trainer -   Accuracy: 0.24841
04/17/2026 22:27:50 - INFO - utils.trainer -   Precision: 0.24957
04/17/2026 22:27:50 - INFO - utils.trainer -   Recall: 0.24956
04/17/2026 22:27:50 - INFO - utils.trainer -   F_score: 0.24939
04/17/2026 22:27:50 - INFO - utils.trainer -   Loss: 3.45801
04/17/2026 22:27:50 - INFO - utils.trainer -   Epoch: 16, Train loss: 3.40226, Test loss: 3.45801,Epoch time = 17.044s
04/17/2026 22:28:08 - INFO - utils.trainer -   ***** Running evaluation on test0 dataset *****
04/17/2026 22:28:11 - INFO - utils.trainer -   AUC: 0.53553
04/17/2026 22:28:11 - INFO - utils.trainer -   Accuracy: 0.26752
04/17/2026 22:28:11 - INFO - utils.trainer -   Precision: 0.25896
04/17/2026 22:28:11 - INFO - utils.trainer -   Recall: 0.26178
04/17/2026 22:28:11 - INFO - utils.trainer -   F_score: 0.25335
04/17/2026 22:28:11 - INFO - utils.trainer -   Loss: 3.14110
04/17/2026 22:28:11 - INFO - utils.trainer -   Epoch: 17, Train loss: 2.90013, Test loss: 3.14110,Epoch time = 17.858s
04/17/2026 22:28:28 - INFO - utils.trainer -   ***** Running evaluation on test0 dataset *****
04/17/2026 22:28:31 - INFO - utils.trainer -   AUC: 0.47467
04/17/2026 22:28:31 - INFO - utils.trainer -   Accuracy: 0.24204
04/17/2026 22:28:31 - INFO - utils.trainer -   Precision: 0.23395
04/17/2026 22:28:31 - INFO - utils.trainer -   Recall: 0.23636
04/17/2026 22:28:31 - INFO - utils.trainer -   F_score: 0.23044
04/17/2026 22:28:31 - INFO - utils.trainer -   Loss: 3.48533
04/17/2026 22:28:31 - INFO - utils.trainer -   Epoch: 18, Train loss: 2.87077, Test loss: 3.48533,Epoch time = 17.427s
04/17/2026 22:28:48 - INFO - utils.trainer -   ***** Running evaluation on test0 dataset *****
04/17/2026 22:28:50 - INFO - utils.trainer -   AUC: 0.45232
04/17/2026 22:28:50 - INFO - utils.trainer -   Accuracy: 0.23567
04/17/2026 22:28:50 - INFO - utils.trainer -   Precision: 0.21530
04/17/2026 22:28:50 - INFO - utils.trainer -   Recall: 0.22170
04/17/2026 22:28:50 - INFO - utils.trainer -   F_score: 0.19678
04/17/2026 22:28:50 - INFO - utils.trainer -   Loss: 3.57454
04/17/2026 22:28:50 - INFO - utils.trainer -   Epoch: 19, Train loss: 2.89864, Test loss: 3.57454,Epoch time = 16.894s
04/17/2026 22:29:07 - INFO - utils.trainer -   ***** Running evaluation on test0 dataset *****
04/17/2026 22:29:10 - INFO - utils.trainer -   AUC: 0.50427
04/17/2026 22:29:10 - INFO - utils.trainer -   Accuracy: 0.21656
04/17/2026 22:29:10 - INFO - utils.trainer -   Precision: 0.19786
04/17/2026 22:29:10 - INFO - utils.trainer -   Recall: 0.20645
04/17/2026 22:29:10 - INFO - utils.trainer -   F_score: 0.18879
04/17/2026 22:29:10 - INFO - utils.trainer -   Loss: 3.48591
04/17/2026 22:29:10 - INFO - utils.trainer -   Epoch: 20, Train loss: 2.76228, Test loss: 3.48591,Epoch time = 16.760s
04/17/2026 22:29:27 - INFO - utils.trainer -   ***** Running evaluation on test0 dataset *****
04/17/2026 22:29:29 - INFO - utils.trainer -   AUC: 0.55082
04/17/2026 22:29:29 - INFO - utils.trainer -   Accuracy: 0.28662
04/17/2026 22:29:29 - INFO - utils.trainer -   Precision: 0.28855
04/17/2026 22:29:29 - INFO - utils.trainer -   Recall: 0.28958
04/17/2026 22:29:29 - INFO - utils.trainer -   F_score: 0.28413
04/17/2026 22:29:29 - INFO - utils.trainer -   Loss: 3.58070
04/17/2026 22:29:29 - INFO - utils.trainer -   Epoch: 21, Train loss: 2.73966, Test loss: 3.58070,Epoch time = 17.028s
04/17/2026 22:29:47 - INFO - utils.trainer -   ***** Running evaluation on test0 dataset *****
04/17/2026 22:29:50 - INFO - utils.trainer -   AUC: 0.49521
04/17/2026 22:29:50 - INFO - utils.trainer -   Accuracy: 0.27389
04/17/2026 22:29:50 - INFO - utils.trainer -   Precision: 0.25150
04/17/2026 22:29:50 - INFO - utils.trainer -   Recall: 0.26136
04/17/2026 22:29:50 - INFO - utils.trainer -   F_score: 0.23573
04/17/2026 22:29:50 - INFO - utils.trainer -   Loss: 3.78943
04/17/2026 22:29:50 - INFO - utils.trainer -   Epoch: 22, Train loss: 2.75713, Test loss: 3.78943,Epoch time = 17.765s
04/17/2026 22:30:08 - INFO - utils.trainer -   ***** Running evaluation on test0 dataset *****
04/17/2026 22:30:10 - INFO - utils.trainer -   AUC: 0.51439
04/17/2026 22:30:10 - INFO - utils.trainer -   Accuracy: 0.24841
04/17/2026 22:30:10 - INFO - utils.trainer -   Precision: 0.23934
04/17/2026 22:30:10 - INFO - utils.trainer -   Recall: 0.23468
04/17/2026 22:30:10 - INFO - utils.trainer -   F_score: 0.21063
04/17/2026 22:30:10 - INFO - utils.trainer -   Loss: 3.92340
04/17/2026 22:30:10 - INFO - utils.trainer -   Epoch: 23, Train loss: 2.70939, Test loss: 3.92340,Epoch time = 17.824s
04/17/2026 22:30:28 - INFO - utils.trainer -   ***** Running evaluation on test0 dataset *****
04/17/2026 22:30:30 - INFO - utils.trainer -   AUC: 0.48044
04/17/2026 22:30:30 - INFO - utils.trainer -   Accuracy: 0.21656
04/17/2026 22:30:30 - INFO - utils.trainer -   Precision: 0.21254
04/17/2026 22:30:30 - INFO - utils.trainer -   Recall: 0.21075
04/17/2026 22:30:30 - INFO - utils.trainer -   F_score: 0.20380
04/17/2026 22:30:30 - INFO - utils.trainer -   Loss: 4.31138
04/17/2026 22:30:30 - INFO - utils.trainer -   Epoch: 24, Train loss: 2.73476, Test loss: 4.31138,Epoch time = 17.394s
04/17/2026 22:30:48 - INFO - utils.trainer -   ***** Running evaluation on test0 dataset *****
04/17/2026 22:30:50 - INFO - utils.trainer -   AUC: 0.51117
04/17/2026 22:30:50 - INFO - utils.trainer -   Accuracy: 0.26115
04/17/2026 22:30:50 - INFO - utils.trainer -   Precision: 0.23544
04/17/2026 22:30:50 - INFO - utils.trainer -   Recall: 0.25125
04/17/2026 22:30:50 - INFO - utils.trainer -   F_score: 0.23084
04/17/2026 22:30:50 - INFO - utils.trainer -   Loss: 4.46362
04/17/2026 22:30:50 - INFO - utils.trainer -   Epoch: 25, Train loss: 2.73220, Test loss: 4.46362,Epoch time = 17.064s
04/17/2026 22:31:07 - INFO - utils.trainer -   ***** Running evaluation on test0 dataset *****
04/17/2026 22:31:10 - INFO - utils.trainer -   AUC: 0.49499
04/17/2026 22:31:10 - INFO - utils.trainer -   Accuracy: 0.21019
04/17/2026 22:31:10 - INFO - utils.trainer -   Precision: 0.19436
04/17/2026 22:31:10 - INFO - utils.trainer -   Recall: 0.20580
04/17/2026 22:31:10 - INFO - utils.trainer -   F_score: 0.19719
04/17/2026 22:31:10 - INFO - utils.trainer -   Loss: 4.85622
04/17/2026 22:31:10 - INFO - utils.trainer -   Epoch: 26, Train loss: 2.70959, Test loss: 4.85622,Epoch time = 16.958s
04/17/2026 22:31:27 - INFO - utils.trainer -   ***** Running evaluation on test0 dataset *****
04/17/2026 22:31:30 - INFO - utils.trainer -   AUC: 0.49481
04/17/2026 22:31:30 - INFO - utils.trainer -   Accuracy: 0.23567
04/17/2026 22:31:30 - INFO - utils.trainer -   Precision: 0.24551
04/17/2026 22:31:30 - INFO - utils.trainer -   Recall: 0.23784
04/17/2026 22:31:30 - INFO - utils.trainer -   F_score: 0.23367
04/17/2026 22:31:30 - INFO - utils.trainer -   Loss: 5.17836
04/17/2026 22:31:30 - INFO - utils.trainer -   Epoch: 27, Train loss: 2.73374, Test loss: 5.17836,Epoch time = 17.471s
04/17/2026 22:31:47 - INFO - utils.trainer -   ***** Running evaluation on test0 dataset *****
04/17/2026 22:31:49 - INFO - utils.trainer -   AUC: 0.50002
04/17/2026 22:31:49 - INFO - utils.trainer -   Accuracy: 0.21019
04/17/2026 22:31:49 - INFO - utils.trainer -   Precision: 0.20032
04/17/2026 22:31:49 - INFO - utils.trainer -   Recall: 0.20490
04/17/2026 22:31:49 - INFO - utils.trainer -   F_score: 0.19251
04/17/2026 22:31:49 - INFO - utils.trainer -   Loss: 5.60947
04/17/2026 22:31:49 - INFO - utils.trainer -   Epoch: 28, Train loss: 2.69987, Test loss: 5.60947,Epoch time = 16.914s
04/17/2026 22:32:06 - INFO - utils.trainer -   ***** Running evaluation on test0 dataset *****
04/17/2026 22:32:09 - INFO - utils.trainer -   AUC: 0.56775
04/17/2026 22:32:09 - INFO - utils.trainer -   Accuracy: 0.32484
04/17/2026 22:32:09 - INFO - utils.trainer -   Precision: 0.30429
04/17/2026 22:32:09 - INFO - utils.trainer -   Recall: 0.31363
04/17/2026 22:32:09 - INFO - utils.trainer -   F_score: 0.29402
04/17/2026 22:32:09 - INFO - utils.trainer -   Loss: 6.23262
04/17/2026 22:32:09 - INFO - utils.trainer -   Epoch: 29, Train loss: 2.71318, Test loss: 6.23262,Epoch time = 16.917s
04/17/2026 22:32:26 - INFO - utils.trainer -   ***** Running evaluation on test0 dataset *****
04/17/2026 22:32:29 - INFO - utils.trainer -   AUC: 0.56906
04/17/2026 22:32:29 - INFO - utils.trainer -   Accuracy: 0.34395
04/17/2026 22:32:29 - INFO - utils.trainer -   Precision: 0.33025
04/17/2026 22:32:29 - INFO - utils.trainer -   Recall: 0.32906
04/17/2026 22:32:29 - INFO - utils.trainer -   F_score: 0.30456
04/17/2026 22:32:29 - INFO - utils.trainer -   Loss: 6.90586
04/17/2026 22:32:29 - INFO - utils.trainer -   Epoch: 30, Train loss: 2.68785, Test loss: 6.90586,Epoch time = 17.448s
04/17/2026 22:32:46 - INFO - utils.trainer -   ***** Running evaluation on test0 dataset *****
04/17/2026 22:32:49 - INFO - utils.trainer -   AUC: 0.43457
04/17/2026 22:32:49 - INFO - utils.trainer -   Accuracy: 0.22930
04/17/2026 22:32:49 - INFO - utils.trainer -   Precision: 0.14216
04/17/2026 22:32:49 - INFO - utils.trainer -   Recall: 0.21387
04/17/2026 22:32:49 - INFO - utils.trainer -   F_score: 0.16251
04/17/2026 22:32:49 - INFO - utils.trainer -   Loss: 7.51321
04/17/2026 22:32:49 - INFO - utils.trainer -   Epoch: 31, Train loss: 2.72319, Test loss: 7.51321,Epoch time = 17.069s
04/17/2026 22:33:06 - INFO - utils.trainer -   ***** Running evaluation on test0 dataset *****
04/17/2026 22:33:08 - INFO - utils.trainer -   AUC: 0.54644
04/17/2026 22:33:08 - INFO - utils.trainer -   Accuracy: 0.27389
04/17/2026 22:33:08 - INFO - utils.trainer -   Precision: 0.26022
04/17/2026 22:33:08 - INFO - utils.trainer -   Recall: 0.26728
04/17/2026 22:33:08 - INFO - utils.trainer -   F_score: 0.23858
04/17/2026 22:33:08 - INFO - utils.trainer -   Loss: 8.75920
04/17/2026 22:33:08 - INFO - utils.trainer -   Epoch: 32, Train loss: 2.71353, Test loss: 8.75920,Epoch time = 16.877s
04/17/2026 22:33:26 - INFO - utils.trainer -   ***** Running evaluation on test0 dataset *****
04/17/2026 22:33:29 - INFO - utils.trainer -   AUC: 0.54391
04/17/2026 22:33:29 - INFO - utils.trainer -   Accuracy: 0.28662
04/17/2026 22:33:29 - INFO - utils.trainer -   Precision: 0.29534
04/17/2026 22:33:29 - INFO - utils.trainer -   Recall: 0.28133
04/17/2026 22:33:29 - INFO - utils.trainer -   F_score: 0.27745
04/17/2026 22:33:29 - INFO - utils.trainer -   Loss: 9.93815
04/17/2026 22:33:29 - INFO - utils.trainer -   Epoch: 33, Train loss: 2.71466, Test loss: 9.93815,Epoch time = 17.579s
04/17/2026 22:33:46 - INFO - utils.trainer -   ***** Running evaluation on test0 dataset *****
04/17/2026 22:33:49 - INFO - utils.trainer -   AUC: 0.49246
04/17/2026 22:33:49 - INFO - utils.trainer -   Accuracy: 0.27389
04/17/2026 22:33:49 - INFO - utils.trainer -   Precision: 0.22629
04/17/2026 22:33:49 - INFO - utils.trainer -   Recall: 0.25669
04/17/2026 22:33:49 - INFO - utils.trainer -   F_score: 0.21932
04/17/2026 22:33:49 - INFO - utils.trainer -   Loss: 11.80300
04/17/2026 22:33:49 - INFO - utils.trainer -   Epoch: 34, Train loss: 2.68798, Test loss: 11.80300,Epoch time = 17.267s
04/17/2026 22:34:07 - INFO - utils.trainer -   ***** Running evaluation on test0 dataset *****
04/17/2026 22:34:09 - INFO - utils.trainer -   AUC: 0.45009
04/17/2026 22:34:09 - INFO - utils.trainer -   Accuracy: 0.26115
04/17/2026 22:34:09 - INFO - utils.trainer -   Precision: 0.24104
04/17/2026 22:34:09 - INFO - utils.trainer -   Recall: 0.24587
04/17/2026 22:34:09 - INFO - utils.trainer -   F_score: 0.21197
04/17/2026 22:34:09 - INFO - utils.trainer -   Loss: 13.91033
04/17/2026 22:34:09 - INFO - utils.trainer -   Epoch: 35, Train loss: 2.71193, Test loss: 13.91033,Epoch time = 17.932s
04/17/2026 22:34:27 - INFO - utils.trainer -   ***** Running evaluation on test0 dataset *****
04/17/2026 22:34:29 - INFO - utils.trainer -   AUC: 0.49939
04/17/2026 22:34:29 - INFO - utils.trainer -   Accuracy: 0.24204
04/17/2026 22:34:29 - INFO - utils.trainer -   Precision: 0.36265
04/17/2026 22:34:29 - INFO - utils.trainer -   Recall: 0.21968
04/17/2026 22:34:29 - INFO - utils.trainer -   F_score: 0.14255
04/17/2026 22:34:29 - INFO - utils.trainer -   Loss: 16.87243
04/17/2026 22:34:29 - INFO - utils.trainer -   Epoch: 36, Train loss: 2.69678, Test loss: 16.87243,Epoch time = 17.259s
04/17/2026 22:34:46 - INFO - utils.trainer -   ***** Running evaluation on test0 dataset *****
04/17/2026 22:34:49 - INFO - utils.trainer -   AUC: 0.45911
04/17/2026 22:34:49 - INFO - utils.trainer -   Accuracy: 0.22293
04/17/2026 22:34:49 - INFO - utils.trainer -   Precision: 0.15443
04/17/2026 22:34:49 - INFO - utils.trainer -   Recall: 0.20442
04/17/2026 22:34:49 - INFO - utils.trainer -   F_score: 0.14930
04/17/2026 22:34:49 - INFO - utils.trainer -   Loss: 20.55457
04/17/2026 22:34:49 - INFO - utils.trainer -   Epoch: 37, Train loss: 2.70450, Test loss: 20.55457,Epoch time = 16.981s
04/17/2026 22:35:06 - INFO - utils.trainer -   ***** Running evaluation on test0 dataset *****
04/17/2026 22:35:09 - INFO - utils.trainer -   AUC: 0.47793
04/17/2026 22:35:09 - INFO - utils.trainer -   Accuracy: 0.25478
04/17/2026 22:35:09 - INFO - utils.trainer -   Precision: 0.27863
04/17/2026 22:35:09 - INFO - utils.trainer -   Recall: 0.23803
04/17/2026 22:35:09 - INFO - utils.trainer -   F_score: 0.19867
04/17/2026 22:35:09 - INFO - utils.trainer -   Loss: 25.07248
04/17/2026 22:35:09 - INFO - utils.trainer -   Epoch: 38, Train loss: 2.70078, Test loss: 25.07248,Epoch time = 17.188s
04/17/2026 22:35:26 - INFO - utils.trainer -   ***** Running evaluation on test0 dataset *****
04/17/2026 22:35:28 - INFO - utils.trainer -   AUC: 0.51861
04/17/2026 22:35:28 - INFO - utils.trainer -   Accuracy: 0.24204
04/17/2026 22:35:28 - INFO - utils.trainer -   Precision: 0.22597
04/17/2026 22:35:28 - INFO - utils.trainer -   Recall: 0.22918
04/17/2026 22:35:28 - INFO - utils.trainer -   F_score: 0.20621
04/17/2026 22:35:28 - INFO - utils.trainer -   Loss: 29.98197
04/17/2026 22:35:28 - INFO - utils.trainer -   Epoch: 39, Train loss: 2.70899, Test loss: 29.98197,Epoch time = 16.969s
04/17/2026 22:35:45 - INFO - utils.trainer -   ***** Running evaluation on test0 dataset *****
04/17/2026 22:35:48 - INFO - utils.trainer -   AUC: 0.47919
04/17/2026 22:35:48 - INFO - utils.trainer -   Accuracy: 0.23567
04/17/2026 22:35:48 - INFO - utils.trainer -   Precision: 0.20337
04/17/2026 22:35:48 - INFO - utils.trainer -   Recall: 0.21848
04/17/2026 22:35:48 - INFO - utils.trainer -   F_score: 0.17047
04/17/2026 22:35:48 - INFO - utils.trainer -   Loss: 37.54510
04/17/2026 22:35:48 - INFO - utils.trainer -   Epoch: 40, Train loss: 2.69309, Test loss: 37.54510,Epoch time = 17.032s
04/17/2026 22:36:06 - INFO - utils.trainer -   ***** Running evaluation on test0 dataset *****
04/17/2026 22:36:08 - INFO - utils.trainer -   AUC: 0.48529
04/17/2026 22:36:08 - INFO - utils.trainer -   Accuracy: 0.21656
04/17/2026 22:36:08 - INFO - utils.trainer -   Precision: 0.21007
04/17/2026 22:36:08 - INFO - utils.trainer -   Recall: 0.19874
04/17/2026 22:36:08 - INFO - utils.trainer -   F_score: 0.14350
04/17/2026 22:36:08 - INFO - utils.trainer -   Loss: 47.57447
04/17/2026 22:36:08 - INFO - utils.trainer -   Epoch: 41, Train loss: 2.69466, Test loss: 47.57447,Epoch time = 17.771s
04/17/2026 22:36:26 - INFO - utils.trainer -   ***** Running evaluation on test0 dataset *****
04/17/2026 22:36:29 - INFO - utils.trainer -   AUC: 0.53908
04/17/2026 22:36:29 - INFO - utils.trainer -   Accuracy: 0.28025
04/17/2026 22:36:29 - INFO - utils.trainer -   Precision: 0.34095
04/17/2026 22:36:29 - INFO - utils.trainer -   Recall: 0.27009
04/17/2026 22:36:29 - INFO - utils.trainer -   F_score: 0.24942
04/17/2026 22:36:29 - INFO - utils.trainer -   Loss: 61.47567
04/17/2026 22:36:29 - INFO - utils.trainer -   Epoch: 42, Train loss: 2.70977, Test loss: 61.47567,Epoch time = 17.500s
04/17/2026 22:36:45 - INFO - utils.trainer -   ***** Running evaluation on test0 dataset *****
04/17/2026 22:36:48 - INFO - utils.trainer -   AUC: 0.50514
04/17/2026 22:36:48 - INFO - utils.trainer -   Accuracy: 0.25478
04/17/2026 22:36:48 - INFO - utils.trainer -   Precision: 0.19713
04/17/2026 22:36:48 - INFO - utils.trainer -   Recall: 0.24522
04/17/2026 22:36:48 - INFO - utils.trainer -   F_score: 0.21305
04/17/2026 22:36:48 - INFO - utils.trainer -   Loss: 76.86702
04/17/2026 22:36:48 - INFO - utils.trainer -   Epoch: 43, Train loss: 2.70082, Test loss: 76.86702,Epoch time = 16.858s
04/17/2026 22:37:05 - INFO - utils.trainer -   ***** Running evaluation on test0 dataset *****
04/17/2026 22:37:08 - INFO - utils.trainer -   AUC: 0.49915
04/17/2026 22:37:08 - INFO - utils.trainer -   Accuracy: 0.26115
04/17/2026 22:37:08 - INFO - utils.trainer -   Precision: 0.20312
04/17/2026 22:37:08 - INFO - utils.trainer -   Recall: 0.24193
04/17/2026 22:37:08 - INFO - utils.trainer -   F_score: 0.17872
04/17/2026 22:37:08 - INFO - utils.trainer -   Loss: 101.93696
04/17/2026 22:37:08 - INFO - utils.trainer -   Epoch: 44, Train loss: 2.70892, Test loss: 101.93696,Epoch time = 16.888s
04/17/2026 22:37:25 - INFO - utils.trainer -   ***** Running evaluation on test0 dataset *****
04/17/2026 22:37:28 - INFO - utils.trainer -   AUC: 0.52064
04/17/2026 22:37:28 - INFO - utils.trainer -   Accuracy: 0.26115
04/17/2026 22:37:28 - INFO - utils.trainer -   Precision: 0.25518
04/17/2026 22:37:28 - INFO - utils.trainer -   Recall: 0.24138
04/17/2026 22:37:28 - INFO - utils.trainer -   F_score: 0.18452
04/17/2026 22:37:28 - INFO - utils.trainer -   Loss: 124.41355
04/17/2026 22:37:28 - INFO - utils.trainer -   Epoch: 45, Train loss: 2.68695, Test loss: 124.41355,Epoch time = 17.734s
04/17/2026 22:37:45 - INFO - utils.trainer -   ***** Running evaluation on test0 dataset *****
04/17/2026 22:37:48 - INFO - utils.trainer -   AUC: 0.56624
04/17/2026 22:37:48 - INFO - utils.trainer -   Accuracy: 0.33121
04/17/2026 22:37:48 - INFO - utils.trainer -   Precision: 0.33904
04/17/2026 22:37:48 - INFO - utils.trainer -   Recall: 0.31357
04/17/2026 22:37:48 - INFO - utils.trainer -   F_score: 0.26812
04/17/2026 22:37:48 - INFO - utils.trainer -   Loss: 172.81181
04/17/2026 22:37:48 - INFO - utils.trainer -   Epoch: 46, Train loss: 2.69445, Test loss: 172.81181,Epoch time = 17.029s
04/17/2026 22:38:04 - INFO - utils.trainer -   ***** Running evaluation on test0 dataset *****
04/17/2026 22:38:07 - INFO - utils.trainer -   AUC: 0.53452
04/17/2026 22:38:07 - INFO - utils.trainer -   Accuracy: 0.29299
04/17/2026 22:38:07 - INFO - utils.trainer -   Precision: 0.28734
04/17/2026 22:38:07 - INFO - utils.trainer -   Recall: 0.27966
04/17/2026 22:38:07 - INFO - utils.trainer -   F_score: 0.25013
04/17/2026 22:38:07 - INFO - utils.trainer -   Loss: 213.95482
04/17/2026 22:38:07 - INFO - utils.trainer -   Epoch: 47, Train loss: 2.68283, Test loss: 213.95482,Epoch time = 16.697s
04/17/2026 22:38:24 - INFO - utils.trainer -   ***** Running evaluation on test0 dataset *****
04/17/2026 22:38:27 - INFO - utils.trainer -   AUC: 0.54410
04/17/2026 22:38:27 - INFO - utils.trainer -   Accuracy: 0.24841
04/17/2026 22:38:27 - INFO - utils.trainer -   Precision: 0.26209
04/17/2026 22:38:27 - INFO - utils.trainer -   Recall: 0.23988
04/17/2026 22:38:27 - INFO - utils.trainer -   F_score: 0.23517
04/17/2026 22:38:27 - INFO - utils.trainer -   Loss: 284.42694
04/17/2026 22:38:27 - INFO - utils.trainer -   Epoch: 48, Train loss: 2.71241, Test loss: 284.42694,Epoch time = 16.882s
04/17/2026 22:38:43 - INFO - utils.trainer -   ***** Running evaluation on test0 dataset *****
04/17/2026 22:38:46 - INFO - utils.trainer -   AUC: 0.50333
04/17/2026 22:38:46 - INFO - utils.trainer -   Accuracy: 0.28025
04/17/2026 22:38:46 - INFO - utils.trainer -   Precision: 0.26645
04/17/2026 22:38:46 - INFO - utils.trainer -   Recall: 0.26452
04/17/2026 22:38:46 - INFO - utils.trainer -   F_score: 0.23282
04/17/2026 22:38:46 - INFO - utils.trainer -   Loss: 382.31869
04/17/2026 22:38:46 - INFO - utils.trainer -   Epoch: 49, Train loss: 2.72079, Test loss: 382.31869,Epoch time = 16.824s
04/17/2026 22:39:03 - INFO - utils.trainer -   ***** Running evaluation on test0 dataset *****
04/17/2026 22:39:06 - INFO - utils.trainer -   AUC: 0.49499
04/17/2026 22:39:06 - INFO - utils.trainer -   Accuracy: 0.22930
04/17/2026 22:39:06 - INFO - utils.trainer -   Precision: 0.20282
04/17/2026 22:39:06 - INFO - utils.trainer -   Recall: 0.21136
04/17/2026 22:39:06 - INFO - utils.trainer -   F_score: 0.16026
04/17/2026 22:39:06 - INFO - utils.trainer -   Loss: 532.70533
04/17/2026 22:39:06 - INFO - utils.trainer -   Epoch: 50, Train loss: 2.69359, Test loss: 532.70533,Epoch time = 16.978s
04/17/2026 22:39:23 - INFO - utils.trainer -   ***** Running evaluation on test0 dataset *****
04/17/2026 22:39:25 - INFO - utils.trainer -   AUC: 0.50173
04/17/2026 22:39:25 - INFO - utils.trainer -   Accuracy: 0.26115
04/17/2026 22:39:25 - INFO - utils.trainer -   Precision: 0.26495
04/17/2026 22:39:25 - INFO - utils.trainer -   Recall: 0.25340
04/17/2026 22:39:25 - INFO - utils.trainer -   F_score: 0.23191
04/17/2026 22:39:25 - INFO - utils.trainer -   Loss: 678.14190
04/17/2026 22:39:25 - INFO - utils.trainer -   Epoch: 51, Train loss: 2.70261, Test loss: 678.14190,Epoch time = 17.141s
04/17/2026 22:39:42 - INFO - utils.trainer -   ***** Running evaluation on test0 dataset *****
04/17/2026 22:39:45 - INFO - utils.trainer -   AUC: 0.48245
04/17/2026 22:39:45 - INFO - utils.trainer -   Accuracy: 0.29299
04/17/2026 22:39:45 - INFO - utils.trainer -   Precision: 0.23857
04/17/2026 22:39:45 - INFO - utils.trainer -   Recall: 0.27338
04/17/2026 22:39:45 - INFO - utils.trainer -   F_score: 0.22350
04/17/2026 22:39:45 - INFO - utils.trainer -   Loss: 918.07303
04/17/2026 22:39:45 - INFO - utils.trainer -   Epoch: 52, Train loss: 2.69621, Test loss: 918.07303,Epoch time = 17.077s
04/17/2026 22:40:02 - INFO - utils.trainer -   ***** Running evaluation on test0 dataset *****
04/17/2026 22:40:05 - INFO - utils.trainer -   AUC: 0.54518
04/17/2026 22:40:05 - INFO - utils.trainer -   Accuracy: 0.29936
04/17/2026 22:40:05 - INFO - utils.trainer -   Precision: 0.28514
04/17/2026 22:40:05 - INFO - utils.trainer -   Recall: 0.27978
04/17/2026 22:40:05 - INFO - utils.trainer -   F_score: 0.22807
04/17/2026 22:40:05 - INFO - utils.trainer -   Loss: 1301.53930
04/17/2026 22:40:05 - INFO - utils.trainer -   Epoch: 53, Train loss: 2.69923, Test loss: 1301.53930,Epoch time = 16.952s
04/17/2026 22:40:22 - INFO - utils.trainer -   ***** Running evaluation on test0 dataset *****
04/17/2026 22:40:24 - INFO - utils.trainer -   AUC: 0.43596
04/17/2026 22:40:24 - INFO - utils.trainer -   Accuracy: 0.23567
04/17/2026 22:40:24 - INFO - utils.trainer -   Precision: 0.25012
04/17/2026 22:40:24 - INFO - utils.trainer -   Recall: 0.22207
04/17/2026 22:40:24 - INFO - utils.trainer -   F_score: 0.18665
04/17/2026 22:40:24 - INFO - utils.trainer -   Loss: 1645.43193
04/17/2026 22:40:24 - INFO - utils.trainer -   Epoch: 54, Train loss: 2.70893, Test loss: 1645.43193,Epoch time = 17.042s
04/17/2026 22:40:41 - INFO - utils.trainer -   ***** Running evaluation on test0 dataset *****
04/17/2026 22:40:44 - INFO - utils.trainer -   AUC: 0.50184
04/17/2026 22:40:44 - INFO - utils.trainer -   Accuracy: 0.29936
04/17/2026 22:40:44 - INFO - utils.trainer -   Precision: 0.38112
04/17/2026 22:40:44 - INFO - utils.trainer -   Recall: 0.27924
04/17/2026 22:40:44 - INFO - utils.trainer -   F_score: 0.23046
04/17/2026 22:40:44 - INFO - utils.trainer -   Loss: 2430.38392
04/17/2026 22:40:44 - INFO - utils.trainer -   Epoch: 55, Train loss: 2.69987, Test loss: 2430.38392,Epoch time = 16.693s
04/17/2026 22:41:01 - INFO - utils.trainer -   ***** Running evaluation on test0 dataset *****
04/17/2026 22:41:03 - INFO - utils.trainer -   AUC: 0.46821
04/17/2026 22:41:03 - INFO - utils.trainer -   Accuracy: 0.22930
04/17/2026 22:41:03 - INFO - utils.trainer -   Precision: 0.19473
04/17/2026 22:41:03 - INFO - utils.trainer -   Recall: 0.21746
04/17/2026 22:41:03 - INFO - utils.trainer -   F_score: 0.19545
04/17/2026 22:41:03 - INFO - utils.trainer -   Loss: 3328.24702
04/17/2026 22:41:03 - INFO - utils.trainer -   Epoch: 56, Train loss: 2.69022, Test loss: 3328.24702,Epoch time = 16.943s
04/17/2026 22:41:20 - INFO - utils.trainer -   ***** Running evaluation on test0 dataset *****
04/17/2026 22:41:23 - INFO - utils.trainer -   AUC: 0.47568
04/17/2026 22:41:23 - INFO - utils.trainer -   Accuracy: 0.26115
04/17/2026 22:41:23 - INFO - utils.trainer -   Precision: 0.17713
04/17/2026 22:41:23 - INFO - utils.trainer -   Recall: 0.23923
04/17/2026 22:41:23 - INFO - utils.trainer -   F_score: 0.16844
04/17/2026 22:41:23 - INFO - utils.trainer -   Loss: 4581.20379
04/17/2026 22:41:23 - INFO - utils.trainer -   Epoch: 57, Train loss: 2.70909, Test loss: 4581.20379,Epoch time = 16.992s
04/17/2026 22:41:40 - INFO - utils.trainer -   ***** Running evaluation on test0 dataset *****
04/17/2026 22:41:43 - INFO - utils.trainer -   AUC: 0.54756
04/17/2026 22:41:43 - INFO - utils.trainer -   Accuracy: 0.29299
04/17/2026 22:41:43 - INFO - utils.trainer -   Precision: 0.26758
04/17/2026 22:41:43 - INFO - utils.trainer -   Recall: 0.26944
04/17/2026 22:41:43 - INFO - utils.trainer -   F_score: 0.19673
04/17/2026 22:41:43 - INFO - utils.trainer -   Loss: 6820.44542
04/17/2026 22:41:43 - INFO - utils.trainer -   Epoch: 58, Train loss: 2.70210, Test loss: 6820.44542,Epoch time = 17.113s
04/17/2026 22:42:00 - INFO - utils.trainer -   ***** Running evaluation on test0 dataset *****
04/17/2026 22:42:03 - INFO - utils.trainer -   AUC: 0.55171
04/17/2026 22:42:03 - INFO - utils.trainer -   Accuracy: 0.28662
04/17/2026 22:42:03 - INFO - utils.trainer -   Precision: 0.28492
04/17/2026 22:42:03 - INFO - utils.trainer -   Recall: 0.26411
04/17/2026 22:42:03 - INFO - utils.trainer -   F_score: 0.19899
04/17/2026 22:42:03 - INFO - utils.trainer -   Loss: 9587.83716
04/17/2026 22:42:03 - INFO - utils.trainer -   Epoch: 59, Train loss: 2.69737, Test loss: 9587.83716,Epoch time = 17.057s
04/17/2026 22:42:20 - INFO - utils.trainer -   ***** Running evaluation on test0 dataset *****
04/17/2026 22:42:22 - INFO - utils.trainer -   AUC: 0.54402
04/17/2026 22:42:22 - INFO - utils.trainer -   Accuracy: 0.27389
04/17/2026 22:42:22 - INFO - utils.trainer -   Precision: 0.21231
04/17/2026 22:42:22 - INFO - utils.trainer -   Recall: 0.24916
04/17/2026 22:42:22 - INFO - utils.trainer -   F_score: 0.16361
04/17/2026 22:42:22 - INFO - utils.trainer -   Loss: 13135.85155
04/17/2026 22:42:22 - INFO - utils.trainer -   Epoch: 60, Train loss: 2.69052, Test loss: 13135.85155,Epoch time = 17.021s
04/17/2026 22:42:40 - INFO - utils.trainer -   ***** Running evaluation on test0 dataset *****
04/17/2026 22:42:42 - INFO - utils.trainer -   AUC: 0.50092
04/17/2026 22:42:42 - INFO - utils.trainer -   Accuracy: 0.25478
04/17/2026 22:42:42 - INFO - utils.trainer -   Precision: 0.13773
04/17/2026 22:42:42 - INFO - utils.trainer -   Recall: 0.22996
04/17/2026 22:42:42 - INFO - utils.trainer -   F_score: 0.13513
04/17/2026 22:42:42 - INFO - utils.trainer -   Loss: 19064.19631
04/17/2026 22:42:42 - INFO - utils.trainer -   Epoch: 61, Train loss: 2.69289, Test loss: 19064.19631,Epoch time = 17.560s
04/17/2026 22:42:59 - INFO - utils.trainer -   ***** Running evaluation on test0 dataset *****
04/17/2026 22:43:02 - INFO - utils.trainer -   AUC: 0.48312
04/17/2026 22:43:02 - INFO - utils.trainer -   Accuracy: 0.28662
04/17/2026 22:43:02 - INFO - utils.trainer -   Precision: 0.19894
04/17/2026 22:43:02 - INFO - utils.trainer -   Recall: 0.25855
04/17/2026 22:43:02 - INFO - utils.trainer -   F_score: 0.14684
04/17/2026 22:43:02 - INFO - utils.trainer -   Loss: 28246.62222
04/17/2026 22:43:02 - INFO - utils.trainer -   Epoch: 62, Train loss: 2.70160, Test loss: 28246.62222,Epoch time = 16.861s
04/17/2026 22:43:19 - INFO - utils.trainer -   ***** Running evaluation on test0 dataset *****
04/17/2026 22:43:21 - INFO - utils.trainer -   AUC: 0.51560
04/17/2026 22:43:21 - INFO - utils.trainer -   Accuracy: 0.26752
04/17/2026 22:43:21 - INFO - utils.trainer -   Precision: 0.17763
04/17/2026 22:43:21 - INFO - utils.trainer -   Recall: 0.24240
04/17/2026 22:43:21 - INFO - utils.trainer -   F_score: 0.15428
04/17/2026 22:43:21 - INFO - utils.trainer -   Loss: 44234.39026
04/17/2026 22:43:22 - INFO - utils.trainer -   Epoch: 63, Train loss: 2.68985, Test loss: 44234.39026,Epoch time = 17.017s
04/17/2026 22:43:39 - INFO - utils.trainer -   ***** Running evaluation on test0 dataset *****
04/17/2026 22:43:41 - INFO - utils.trainer -   AUC: 0.48949
04/17/2026 22:43:41 - INFO - utils.trainer -   Accuracy: 0.25478
04/17/2026 22:43:41 - INFO - utils.trainer -   Precision: 0.27436
04/17/2026 22:43:41 - INFO - utils.trainer -   Recall: 0.23391
04/17/2026 22:43:41 - INFO - utils.trainer -   F_score: 0.16741
04/17/2026 22:43:41 - INFO - utils.trainer -   Loss: 63765.45558
04/17/2026 22:43:41 - INFO - utils.trainer -   Epoch: 64, Train loss: 2.68910, Test loss: 63765.45558,Epoch time = 17.065s
04/17/2026 22:43:59 - INFO - utils.trainer -   ***** Running evaluation on test0 dataset *****
04/17/2026 22:44:01 - INFO - utils.trainer -   AUC: 0.48679
04/17/2026 22:44:01 - INFO - utils.trainer -   Accuracy: 0.27389
04/17/2026 22:44:01 - INFO - utils.trainer -   Precision: 0.21566
04/17/2026 22:44:01 - INFO - utils.trainer -   Recall: 0.25167
04/17/2026 22:44:01 - INFO - utils.trainer -   F_score: 0.18052
04/17/2026 22:44:01 - INFO - utils.trainer -   Loss: 95864.09396
04/17/2026 22:44:01 - INFO - utils.trainer -   Epoch: 65, Train loss: 2.69454, Test loss: 95864.09396,Epoch time = 17.296s
04/17/2026 22:44:18 - INFO - utils.trainer -   ***** Running evaluation on test0 dataset *****
04/17/2026 22:44:21 - INFO - utils.trainer -   AUC: 0.52650
04/17/2026 22:44:21 - INFO - utils.trainer -   Accuracy: 0.29299
04/17/2026 22:44:21 - INFO - utils.trainer -   Precision: 0.25171
04/17/2026 22:44:21 - INFO - utils.trainer -   Recall: 0.26764
04/17/2026 22:44:21 - INFO - utils.trainer -   F_score: 0.18069
04/17/2026 22:44:21 - INFO - utils.trainer -   Loss: 131418.51121
04/17/2026 22:44:21 - INFO - utils.trainer -   Epoch: 66, Train loss: 2.69370, Test loss: 131418.51121,Epoch time = 17.123s
04/17/2026 22:44:38 - INFO - utils.trainer -   ***** Running evaluation on test0 dataset *****
04/17/2026 22:44:41 - INFO - utils.trainer -   AUC: 0.50803
04/17/2026 22:44:41 - INFO - utils.trainer -   Accuracy: 0.26115
04/17/2026 22:44:41 - INFO - utils.trainer -   Precision: 0.09076
04/17/2026 22:44:41 - INFO - utils.trainer -   Recall: 0.23385
04/17/2026 22:44:41 - INFO - utils.trainer -   F_score: 0.11695
04/17/2026 22:44:41 - INFO - utils.trainer -   Loss: 221512.61292
04/17/2026 22:44:41 - INFO - utils.trainer -   Epoch: 67, Train loss: 2.69204, Test loss: 221512.61292,Epoch time = 17.049s
04/17/2026 22:44:57 - INFO - utils.trainer -   ***** Running evaluation on test0 dataset *****
04/17/2026 22:45:00 - INFO - utils.trainer -   AUC: 0.45594
04/17/2026 22:45:00 - INFO - utils.trainer -   Accuracy: 0.29936
04/17/2026 22:45:00 - INFO - utils.trainer -   Precision: 0.29411
04/17/2026 22:45:00 - INFO - utils.trainer -   Recall: 0.27171
04/17/2026 22:45:00 - INFO - utils.trainer -   F_score: 0.17067
04/17/2026 22:45:00 - INFO - utils.trainer -   Loss: 331783.14556
04/17/2026 22:45:00 - INFO - utils.trainer -   Epoch: 68, Train loss: 2.69242, Test loss: 331783.14556,Epoch time = 16.827s
04/17/2026 22:45:19 - INFO - utils.trainer -   ***** Running evaluation on test0 dataset *****
04/17/2026 22:45:22 - INFO - utils.trainer -   AUC: 0.51087
04/17/2026 22:45:22 - INFO - utils.trainer -   Accuracy: 0.24841
04/17/2026 22:45:22 - INFO - utils.trainer -   Precision: 0.26500
04/17/2026 22:45:22 - INFO - utils.trainer -   Recall: 0.23217
04/17/2026 22:45:22 - INFO - utils.trainer -   F_score: 0.19454
04/17/2026 22:45:22 - INFO - utils.trainer -   Loss: 513414.46482
04/17/2026 22:45:22 - INFO - utils.trainer -   Epoch: 69, Train loss: 2.69310, Test loss: 513414.46482,Epoch time = 18.880s
04/17/2026 22:45:39 - INFO - utils.trainer -   ***** Running evaluation on test0 dataset *****
04/17/2026 22:45:42 - INFO - utils.trainer -   AUC: 0.41650
04/17/2026 22:45:42 - INFO - utils.trainer -   Accuracy: 0.26115
04/17/2026 22:45:42 - INFO - utils.trainer -   Precision: 0.07069
04/17/2026 22:45:42 - INFO - utils.trainer -   Recall: 0.23295
04/17/2026 22:45:42 - INFO - utils.trainer -   F_score: 0.10847
04/17/2026 22:45:42 - INFO - utils.trainer -   Loss: 730683.72466
04/17/2026 22:45:42 - INFO - utils.trainer -   Epoch: 70, Train loss: 2.70145, Test loss: 730683.72466,Epoch time = 17.536s
04/17/2026 22:45:59 - INFO - utils.trainer -   ***** Running evaluation on test0 dataset *****
04/17/2026 22:46:02 - INFO - utils.trainer -   AUC: 0.50637
04/17/2026 22:46:02 - INFO - utils.trainer -   Accuracy: 0.27389
04/17/2026 22:46:02 - INFO - utils.trainer -   Precision: 0.27713
04/17/2026 22:46:02 - INFO - utils.trainer -   Recall: 0.24611
04/17/2026 22:46:02 - INFO - utils.trainer -   F_score: 0.13091
04/17/2026 22:46:02 - INFO - utils.trainer -   Loss: 1211829.46780
04/17/2026 22:46:02 - INFO - utils.trainer -   Epoch: 71, Train loss: 2.69165, Test loss: 1211829.46780,Epoch time = 17.272s
04/17/2026 22:46:19 - INFO - utils.trainer -   ***** Running evaluation on test0 dataset *****
04/17/2026 22:46:22 - INFO - utils.trainer -   AUC: 0.47403
04/17/2026 22:46:22 - INFO - utils.trainer -   Accuracy: 0.26115
04/17/2026 22:46:22 - INFO - utils.trainer -   Precision: 0.13099
04/17/2026 22:46:22 - INFO - utils.trainer -   Recall: 0.23385
04/17/2026 22:46:22 - INFO - utils.trainer -   F_score: 0.11717
04/17/2026 22:46:22 - INFO - utils.trainer -   Loss: 1715101.07574
04/17/2026 22:46:22 - INFO - utils.trainer -   Epoch: 72, Train loss: 2.71118, Test loss: 1715101.07574,Epoch time = 17.302s
04/17/2026 22:46:39 - INFO - utils.trainer -   ***** Running evaluation on test0 dataset *****
04/17/2026 22:46:42 - INFO - utils.trainer -   AUC: 0.54376
04/17/2026 22:46:42 - INFO - utils.trainer -   Accuracy: 0.28662
04/17/2026 22:46:42 - INFO - utils.trainer -   Precision: 0.28671
04/17/2026 22:46:42 - INFO - utils.trainer -   Recall: 0.27863
04/17/2026 22:46:42 - INFO - utils.trainer -   F_score: 0.26104
04/17/2026 22:46:42 - INFO - utils.trainer -   Loss: 2174882.66184
04/17/2026 22:46:42 - INFO - utils.trainer -   Epoch: 73, Train loss: 2.69831, Test loss: 2174882.66184,Epoch time = 17.246s
04/17/2026 22:46:59 - INFO - utils.trainer -   ***** Running evaluation on test0 dataset *****
04/17/2026 22:47:02 - INFO - utils.trainer -   AUC: 0.50617
04/17/2026 22:47:02 - INFO - utils.trainer -   Accuracy: 0.28025
04/17/2026 22:47:02 - INFO - utils.trainer -   Precision: 0.21285
04/17/2026 22:47:02 - INFO - utils.trainer -   Recall: 0.25305
04/17/2026 22:47:02 - INFO - utils.trainer -   F_score: 0.14422
04/17/2026 22:47:02 - INFO - utils.trainer -   Loss: 3148999.87015
04/17/2026 22:47:02 - INFO - utils.trainer -   Epoch: 74, Train loss: 2.70742, Test loss: 3148999.87015,Epoch time = 17.279s
04/17/2026 22:47:19 - INFO - utils.trainer -   ***** Running evaluation on test0 dataset *****
04/17/2026 22:47:22 - INFO - utils.trainer -   AUC: 0.49205
04/17/2026 22:47:22 - INFO - utils.trainer -   Accuracy: 0.25478
04/17/2026 22:47:22 - INFO - utils.trainer -   Precision: 0.19381
04/17/2026 22:47:22 - INFO - utils.trainer -   Recall: 0.23373
04/17/2026 22:47:22 - INFO - utils.trainer -   F_score: 0.16988
04/17/2026 22:47:22 - INFO - utils.trainer -   Loss: 4232451.67429
04/17/2026 22:47:22 - INFO - utils.trainer -   Epoch: 75, Train loss: 2.70528, Test loss: 4232451.67429,Epoch time = 17.719s
04/17/2026 22:47:39 - INFO - utils.trainer -   ***** Running evaluation on test0 dataset *****
04/17/2026 22:47:42 - INFO - utils.trainer -   AUC: 0.48031
04/17/2026 22:47:42 - INFO - utils.trainer -   Accuracy: 0.27389
04/17/2026 22:47:42 - INFO - utils.trainer -   Precision: 0.22662
04/17/2026 22:47:42 - INFO - utils.trainer -   Recall: 0.25006
04/17/2026 22:47:42 - INFO - utils.trainer -   F_score: 0.16945
04/17/2026 22:47:42 - INFO - utils.trainer -   Loss: 5278900.87780
04/17/2026 22:47:42 - INFO - utils.trainer -   Epoch: 76, Train loss: 2.68346, Test loss: 5278900.87780,Epoch time = 16.959s
04/17/2026 22:47:59 - INFO - utils.trainer -   ***** Running evaluation on test0 dataset *****
04/17/2026 22:48:02 - INFO - utils.trainer -   AUC: 0.47720
04/17/2026 22:48:02 - INFO - utils.trainer -   Accuracy: 0.26752
04/17/2026 22:48:02 - INFO - utils.trainer -   Precision: 0.26867
04/17/2026 22:48:02 - INFO - utils.trainer -   Recall: 0.24527
04/17/2026 22:48:02 - INFO - utils.trainer -   F_score: 0.17380
04/17/2026 22:48:02 - INFO - utils.trainer -   Loss: 6700394.47476
04/17/2026 22:48:02 - INFO - utils.trainer -   Epoch: 77, Train loss: 2.69230, Test loss: 6700394.47476,Epoch time = 17.182s
04/17/2026 22:48:19 - INFO - utils.trainer -   ***** Running evaluation on test0 dataset *****
04/17/2026 22:48:22 - INFO - utils.trainer -   AUC: 0.49461
04/17/2026 22:48:22 - INFO - utils.trainer -   Accuracy: 0.26752
04/17/2026 22:48:22 - INFO - utils.trainer -   Precision: 0.15167
04/17/2026 22:48:22 - INFO - utils.trainer -   Recall: 0.24043
04/17/2026 22:48:22 - INFO - utils.trainer -   F_score: 0.13002
04/17/2026 22:48:22 - INFO - utils.trainer -   Loss: 8323564.07989
04/17/2026 22:48:22 - INFO - utils.trainer -   Epoch: 78, Train loss: 2.68816, Test loss: 8323564.07989,Epoch time = 17.249s
04/17/2026 22:48:39 - INFO - utils.trainer -   ***** Running evaluation on test0 dataset *****
04/17/2026 22:48:42 - INFO - utils.trainer -   AUC: 0.50631
04/17/2026 22:48:42 - INFO - utils.trainer -   Accuracy: 0.24204
04/17/2026 22:48:42 - INFO - utils.trainer -   Precision: 0.16986
04/17/2026 22:48:42 - INFO - utils.trainer -   Recall: 0.21788
04/17/2026 22:48:42 - INFO - utils.trainer -   F_score: 0.12298
04/17/2026 22:48:42 - INFO - utils.trainer -   Loss: 10400845.67418
04/17/2026 22:48:42 - INFO - utils.trainer -   Epoch: 79, Train loss: 2.70046, Test loss: 10400845.67418,Epoch time = 17.625s
04/17/2026 22:48:59 - INFO - utils.trainer -   ***** Running evaluation on test0 dataset *****
04/17/2026 22:49:02 - INFO - utils.trainer -   AUC: 0.52052
04/17/2026 22:49:02 - INFO - utils.trainer -   Accuracy: 0.28025
04/17/2026 22:49:02 - INFO - utils.trainer -   Precision: 0.19968
04/17/2026 22:49:02 - INFO - utils.trainer -   Recall: 0.25449
04/17/2026 22:49:02 - INFO - utils.trainer -   F_score: 0.16039
04/17/2026 22:49:02 - INFO - utils.trainer -   Loss: 13536215.27121
04/17/2026 22:49:02 - INFO - utils.trainer -   Epoch: 80, Train loss: 2.68675, Test loss: 13536215.27121,Epoch time = 17.229s
04/17/2026 22:49:19 - INFO - utils.trainer -   ***** Running evaluation on test0 dataset *****
04/17/2026 22:49:21 - INFO - utils.trainer -   AUC: 0.46335
04/17/2026 22:49:21 - INFO - utils.trainer -   Accuracy: 0.28662
04/17/2026 22:49:21 - INFO - utils.trainer -   Precision: 0.22908
04/17/2026 22:49:21 - INFO - utils.trainer -   Recall: 0.26286
04/17/2026 22:49:21 - INFO - utils.trainer -   F_score: 0.18390
04/17/2026 22:49:21 - INFO - utils.trainer -   Loss: 17842943.27962
04/17/2026 22:49:21 - INFO - utils.trainer -   Epoch: 81, Train loss: 2.67342, Test loss: 17842943.27962,Epoch time = 16.950s
04/17/2026 22:49:38 - INFO - utils.trainer -   ***** Running evaluation on test0 dataset *****
04/17/2026 22:49:41 - INFO - utils.trainer -   AUC: 0.50621
04/17/2026 22:49:41 - INFO - utils.trainer -   Accuracy: 0.28662
04/17/2026 22:49:41 - INFO - utils.trainer -   Precision: 0.29444
04/17/2026 22:49:41 - INFO - utils.trainer -   Recall: 0.26017
04/17/2026 22:49:41 - INFO - utils.trainer -   F_score: 0.16055
04/17/2026 22:49:41 - INFO - utils.trainer -   Loss: 26672351.26877
04/17/2026 22:49:41 - INFO - utils.trainer -   Epoch: 82, Train loss: 2.68076, Test loss: 26672351.26877,Epoch time = 16.988s
04/17/2026 22:49:58 - INFO - utils.trainer -   ***** Running evaluation on test0 dataset *****
04/17/2026 22:50:01 - INFO - utils.trainer -   AUC: 0.54371
04/17/2026 22:50:01 - INFO - utils.trainer -   Accuracy: 0.29299
04/17/2026 22:50:01 - INFO - utils.trainer -   Precision: 0.32448
04/17/2026 22:50:01 - INFO - utils.trainer -   Recall: 0.27051
04/17/2026 22:50:01 - INFO - utils.trainer -   F_score: 0.20022
04/17/2026 22:50:01 - INFO - utils.trainer -   Loss: 61629384.86312
04/17/2026 22:50:01 - INFO - utils.trainer -   Epoch: 83, Train loss: 2.63843, Test loss: 61629384.86312,Epoch time = 17.370s
04/17/2026 22:50:18 - INFO - utils.trainer -   ***** Running evaluation on test0 dataset *****
04/17/2026 22:50:21 - INFO - utils.trainer -   AUC: 0.48247
04/17/2026 22:50:21 - INFO - utils.trainer -   Accuracy: 0.26115
04/17/2026 22:50:21 - INFO - utils.trainer -   Precision: 0.12357
04/17/2026 22:50:21 - INFO - utils.trainer -   Recall: 0.23654
04/17/2026 22:50:21 - INFO - utils.trainer -   F_score: 0.13849
04/17/2026 22:50:21 - INFO - utils.trainer -   Loss: 181497512.86650
04/17/2026 22:50:21 - INFO - utils.trainer -   Epoch: 84, Train loss: 3.06446, Test loss: 181497512.86650,Epoch time = 17.137s
04/17/2026 22:50:38 - INFO - utils.trainer -   ***** Running evaluation on test0 dataset *****
04/17/2026 22:50:41 - INFO - utils.trainer -   AUC: 0.51233
04/17/2026 22:50:41 - INFO - utils.trainer -   Accuracy: 0.28025
04/17/2026 22:50:41 - INFO - utils.trainer -   Precision: 0.14389
04/17/2026 22:50:41 - INFO - utils.trainer -   Recall: 0.25359
04/17/2026 22:50:41 - INFO - utils.trainer -   F_score: 0.14835
04/17/2026 22:50:41 - INFO - utils.trainer -   Loss: 140970959.27213
04/17/2026 22:50:41 - INFO - utils.trainer -   Epoch: 85, Train loss: 2.60861, Test loss: 140970959.27213,Epoch time = 17.694s
04/17/2026 22:50:58 - INFO - utils.trainer -   ***** Running evaluation on test0 dataset *****
04/17/2026 22:51:01 - INFO - utils.trainer -   AUC: 0.49914
04/17/2026 22:51:01 - INFO - utils.trainer -   Accuracy: 0.30573
04/17/2026 22:51:01 - INFO - utils.trainer -   Precision: 0.57333
04/17/2026 22:51:01 - INFO - utils.trainer -   Recall: 0.27649
04/17/2026 22:51:01 - INFO - utils.trainer -   F_score: 0.16285
04/17/2026 22:51:01 - INFO - utils.trainer -   Loss: 10433696.88327
04/17/2026 22:51:01 - INFO - utils.trainer -   Epoch: 86, Train loss: 1.90703, Test loss: 10433696.88327,Epoch time = 17.487s
04/17/2026 22:51:18 - INFO - utils.trainer -   ***** Running evaluation on test0 dataset *****
04/17/2026 22:51:21 - INFO - utils.trainer -   AUC: 0.49406
04/17/2026 22:51:21 - INFO - utils.trainer -   Accuracy: 0.26115
04/17/2026 22:51:21 - INFO - utils.trainer -   Precision: 0.18338
04/17/2026 22:51:21 - INFO - utils.trainer -   Recall: 0.23654
04/17/2026 22:51:21 - INFO - utils.trainer -   F_score: 0.15011
04/17/2026 22:51:21 - INFO - utils.trainer -   Loss: 25940616.88178
04/17/2026 22:51:21 - INFO - utils.trainer -   Epoch: 87, Train loss: 2.70650, Test loss: 25940616.88178,Epoch time = 17.298s
04/17/2026 22:51:39 - INFO - utils.trainer -   ***** Running evaluation on test0 dataset *****
04/17/2026 22:51:41 - INFO - utils.trainer -   AUC: 0.50002
04/17/2026 22:51:41 - INFO - utils.trainer -   Accuracy: 0.27389
04/17/2026 22:51:41 - INFO - utils.trainer -   Precision: 0.19587
04/17/2026 22:51:41 - INFO - utils.trainer -   Recall: 0.24970
04/17/2026 22:51:41 - INFO - utils.trainer -   F_score: 0.16850
04/17/2026 22:51:41 - INFO - utils.trainer -   Loss: 26247109.68405
04/17/2026 22:51:41 - INFO - utils.trainer -   Epoch: 88, Train loss: 2.69314, Test loss: 26247109.68405,Epoch time = 17.475s
04/17/2026 22:51:59 - INFO - utils.trainer -   ***** Running evaluation on test0 dataset *****
04/17/2026 22:52:01 - INFO - utils.trainer -   AUC: 0.51069
04/17/2026 22:52:01 - INFO - utils.trainer -   Accuracy: 0.27389
04/17/2026 22:52:01 - INFO - utils.trainer -   Precision: 0.13176
04/17/2026 22:52:01 - INFO - utils.trainer -   Recall: 0.24611
04/17/2026 22:52:01 - INFO - utils.trainer -   F_score: 0.12851
04/17/2026 22:52:01 - INFO - utils.trainer -   Loss: 27534220.08332
04/17/2026 22:52:01 - INFO - utils.trainer -   Epoch: 89, Train loss: 2.69243, Test loss: 27534220.08332,Epoch time = 17.518s
04/17/2026 22:52:19 - INFO - utils.trainer -   ***** Running evaluation on test0 dataset *****
04/17/2026 22:52:21 - INFO - utils.trainer -   AUC: 0.49114
04/17/2026 22:52:21 - INFO - utils.trainer -   Accuracy: 0.28025
04/17/2026 22:52:21 - INFO - utils.trainer -   Precision: 0.13297
04/17/2026 22:52:21 - INFO - utils.trainer -   Recall: 0.25179
04/17/2026 22:52:21 - INFO - utils.trainer -   F_score: 0.13055
04/17/2026 22:52:21 - INFO - utils.trainer -   Loss: 29929800.88089
04/17/2026 22:52:21 - INFO - utils.trainer -   Epoch: 90, Train loss: 2.70685, Test loss: 29929800.88089,Epoch time = 17.322s
04/17/2026 22:52:38 - INFO - utils.trainer -   ***** Running evaluation on test0 dataset *****
04/17/2026 22:52:41 - INFO - utils.trainer -   AUC: 0.49910
04/17/2026 22:52:41 - INFO - utils.trainer -   Accuracy: 0.26115
04/17/2026 22:52:41 - INFO - utils.trainer -   Precision: 0.11197
04/17/2026 22:52:41 - INFO - utils.trainer -   Recall: 0.23565
04/17/2026 22:52:41 - INFO - utils.trainer -   F_score: 0.13053
04/17/2026 22:52:41 - INFO - utils.trainer -   Loss: 30415804.08164
04/17/2026 22:52:41 - INFO - utils.trainer -   Epoch: 91, Train loss: 2.69713, Test loss: 30415804.08164,Epoch time = 17.035s
04/17/2026 22:52:58 - INFO - utils.trainer -   ***** Running evaluation on test0 dataset *****
04/17/2026 22:53:01 - INFO - utils.trainer -   AUC: 0.52347
04/17/2026 22:53:01 - INFO - utils.trainer -   Accuracy: 0.29299
04/17/2026 22:53:01 - INFO - utils.trainer -   Precision: 0.18206
04/17/2026 22:53:01 - INFO - utils.trainer -   Recall: 0.26495
04/17/2026 22:53:01 - INFO - utils.trainer -   F_score: 0.15193
04/17/2026 22:53:01 - INFO - utils.trainer -   Loss: 31626184.87863
04/17/2026 22:53:01 - INFO - utils.trainer -   Epoch: 92, Train loss: 2.69257, Test loss: 31626184.87863,Epoch time = 17.203s
04/17/2026 22:53:18 - INFO - utils.trainer -   ***** Running evaluation on test0 dataset *****
04/17/2026 22:53:21 - INFO - utils.trainer -   AUC: 0.52865
04/17/2026 22:53:21 - INFO - utils.trainer -   Accuracy: 0.31210
04/17/2026 22:53:21 - INFO - utils.trainer -   Precision: 0.43777
04/17/2026 22:53:21 - INFO - utils.trainer -   Recall: 0.28397
04/17/2026 22:53:21 - INFO - utils.trainer -   F_score: 0.17793
04/17/2026 22:53:21 - INFO - utils.trainer -   Loss: 33387720.87620
04/17/2026 22:53:21 - INFO - utils.trainer -   Epoch: 93, Train loss: 2.69046, Test loss: 33387720.87620,Epoch time = 17.109s
04/17/2026 22:53:38 - INFO - utils.trainer -   ***** Running evaluation on test0 dataset *****
04/17/2026 22:53:41 - INFO - utils.trainer -   AUC: 0.49529
04/17/2026 22:53:41 - INFO - utils.trainer -   Accuracy: 0.28025
04/17/2026 22:53:41 - INFO - utils.trainer -   Precision: 0.20634
04/17/2026 22:53:41 - INFO - utils.trainer -   Recall: 0.25359
04/17/2026 22:53:41 - INFO - utils.trainer -   F_score: 0.15208
04/17/2026 22:53:41 - INFO - utils.trainer -   Loss: 36967583.28071
04/17/2026 22:53:41 - INFO - utils.trainer -   Epoch: 94, Train loss: 2.68871, Test loss: 36967583.28071,Epoch time = 17.481s
04/17/2026 22:53:58 - INFO - utils.trainer -   ***** Running evaluation on test0 dataset *****
04/17/2026 22:54:01 - INFO - utils.trainer -   AUC: 0.50771
04/17/2026 22:54:01 - INFO - utils.trainer -   Accuracy: 0.27389
04/17/2026 22:54:01 - INFO - utils.trainer -   Precision: 0.15152
04/17/2026 22:54:01 - INFO - utils.trainer -   Recall: 0.24522
04/17/2026 22:54:01 - INFO - utils.trainer -   F_score: 0.11826
04/17/2026 22:54:01 - INFO - utils.trainer -   Loss: 36905775.27914
04/17/2026 22:54:01 - INFO - utils.trainer -   Epoch: 95, Train loss: 2.70966, Test loss: 36905775.27914,Epoch time = 17.173s
04/17/2026 22:54:17 - INFO - utils.trainer -   ***** Running evaluation on test0 dataset *****
04/17/2026 22:54:20 - INFO - utils.trainer -   AUC: 0.54089
04/17/2026 22:54:20 - INFO - utils.trainer -   Accuracy: 0.28662
04/17/2026 22:54:20 - INFO - utils.trainer -   Precision: 0.32190
04/17/2026 22:54:20 - INFO - utils.trainer -   Recall: 0.25658
04/17/2026 22:54:20 - INFO - utils.trainer -   F_score: 0.12450
04/17/2026 22:54:20 - INFO - utils.trainer -   Loss: 44123842.47501
04/17/2026 22:54:20 - INFO - utils.trainer -   Epoch: 96, Train loss: 2.68787, Test loss: 44123842.47501,Epoch time = 16.939s
04/17/2026 22:54:37 - INFO - utils.trainer -   ***** Running evaluation on test0 dataset *****
04/17/2026 22:54:40 - INFO - utils.trainer -   AUC: 0.56612
04/17/2026 22:54:40 - INFO - utils.trainer -   Accuracy: 0.28662
04/17/2026 22:54:40 - INFO - utils.trainer -   Precision: 0.32190
04/17/2026 22:54:40 - INFO - utils.trainer -   Recall: 0.25676
04/17/2026 22:54:40 - INFO - utils.trainer -   F_score: 0.12483
04/17/2026 22:54:40 - INFO - utils.trainer -   Loss: 47688492.06991
04/17/2026 22:54:40 - INFO - utils.trainer -   Epoch: 97, Train loss: 2.69106, Test loss: 47688492.06991,Epoch time = 16.978s
04/17/2026 22:54:57 - INFO - utils.trainer -   ***** Running evaluation on test0 dataset *****
04/17/2026 22:54:59 - INFO - utils.trainer -   AUC: 0.49196
04/17/2026 22:54:59 - INFO - utils.trainer -   Accuracy: 0.27389
04/17/2026 22:54:59 - INFO - utils.trainer -   Precision: 0.19288
04/17/2026 22:54:59 - INFO - utils.trainer -   Recall: 0.24611
04/17/2026 22:54:59 - INFO - utils.trainer -   F_score: 0.12894
04/17/2026 22:54:59 - INFO - utils.trainer -   Loss: 52236808.87863
04/17/2026 22:54:59 - INFO - utils.trainer -   Epoch: 98, Train loss: 2.68364, Test loss: 52236808.87863,Epoch time = 16.971s
04/17/2026 22:55:16 - INFO - utils.trainer -   ***** Running evaluation on test0 dataset *****
04/17/2026 22:55:19 - INFO - utils.trainer -   AUC: 0.52173
04/17/2026 22:55:19 - INFO - utils.trainer -   Accuracy: 0.29299
04/17/2026 22:55:19 - INFO - utils.trainer -   Precision: 0.40575
04/17/2026 22:55:19 - INFO - utils.trainer -   Recall: 0.26495
04/17/2026 22:55:19 - INFO - utils.trainer -   F_score: 0.15884
04/17/2026 22:55:19 - INFO - utils.trainer -   Loss: 60659234.47865
04/17/2026 22:55:19 - INFO - utils.trainer -   Epoch: 99, Train loss: 2.68521, Test loss: 60659234.47865,Epoch time = 16.864s
04/17/2026 22:55:36 - INFO - utils.trainer -   ***** Running evaluation on test0 dataset *****
04/17/2026 22:55:39 - INFO - utils.trainer -   AUC: 0.50031
04/17/2026 22:55:39 - INFO - utils.trainer -   Accuracy: 0.29936
04/17/2026 22:55:39 - INFO - utils.trainer -   Precision: 0.20509
04/17/2026 22:55:39 - INFO - utils.trainer -   Recall: 0.27350
04/17/2026 22:55:39 - INFO - utils.trainer -   F_score: 0.17917
04/17/2026 22:55:39 - INFO - utils.trainer -   Loss: 75347586.48412
04/17/2026 22:55:39 - INFO - utils.trainer -   Epoch: 100, Train loss: 2.68679, Test loss: 75347586.48412,Epoch time = 17.216s
04/17/2026 22:55:56 - INFO - utils.trainer -   ***** Running evaluation on test0 dataset *****
04/17/2026 22:55:58 - INFO - utils.trainer -   AUC: 0.54478
04/17/2026 22:55:58 - INFO - utils.trainer -   Accuracy: 0.29299
04/17/2026 22:55:58 - INFO - utils.trainer -   Precision: 0.17237
04/17/2026 22:55:58 - INFO - utils.trainer -   Recall: 0.26316
04/17/2026 22:55:58 - INFO - utils.trainer -   F_score: 0.13550
04/17/2026 22:55:58 - INFO - utils.trainer -   Loss: 87648162.47624
04/17/2026 22:55:58 - INFO - utils.trainer -   Epoch: 101, Train loss: 2.68626, Test loss: 87648162.47624,Epoch time = 17.285s
04/17/2026 22:56:15 - INFO - utils.trainer -   ***** Running evaluation on test0 dataset *****
04/17/2026 22:56:18 - INFO - utils.trainer -   AUC: 0.46982
04/17/2026 22:56:18 - INFO - utils.trainer -   Accuracy: 0.28025
04/17/2026 22:56:18 - INFO - utils.trainer -   Precision: 0.35618
04/17/2026 22:56:18 - INFO - utils.trainer -   Recall: 0.25179
04/17/2026 22:56:18 - INFO - utils.trainer -   F_score: 0.13274
04/17/2026 22:56:18 - INFO - utils.trainer -   Loss: 114320885.68354
04/17/2026 22:56:18 - INFO - utils.trainer -   Epoch: 102, Train loss: 2.67076, Test loss: 114320885.68354,Epoch time = 16.958s
04/17/2026 22:56:35 - INFO - utils.trainer -   ***** Running evaluation on test0 dataset *****
04/17/2026 22:56:37 - INFO - utils.trainer -   AUC: 0.53796
04/17/2026 22:56:37 - INFO - utils.trainer -   Accuracy: 0.28025
04/17/2026 22:56:37 - INFO - utils.trainer -   Precision: 0.13322
04/17/2026 22:56:37 - INFO - utils.trainer -   Recall: 0.25090
04/17/2026 22:56:37 - INFO - utils.trainer -   F_score: 0.12160
04/17/2026 22:56:37 - INFO - utils.trainer -   Loss: 349860815.27879
04/17/2026 22:56:37 - INFO - utils.trainer -   Epoch: 103, Train loss: 2.62619, Test loss: 349860815.27879,Epoch time = 16.820s
04/17/2026 22:56:54 - INFO - utils.trainer -   ***** Running evaluation on test0 dataset *****
04/17/2026 22:56:57 - INFO - utils.trainer -   AUC: 0.53094
04/17/2026 22:56:57 - INFO - utils.trainer -   Accuracy: 0.27389
04/17/2026 22:56:57 - INFO - utils.trainer -   Precision: 0.06935
04/17/2026 22:56:57 - INFO - utils.trainer -   Recall: 0.24432
04/17/2026 22:56:57 - INFO - utils.trainer -   F_score: 0.10804
04/17/2026 22:56:57 - INFO - utils.trainer -   Loss: 214363394.47425
04/17/2026 22:56:57 - INFO - utils.trainer -   Epoch: 104, Train loss: 3.25865, Test loss: 214363394.47425,Epoch time = 16.794s
04/17/2026 22:57:14 - INFO - utils.trainer -   ***** Running evaluation on test0 dataset *****
04/17/2026 22:57:16 - INFO - utils.trainer -   AUC: 0.55766
04/17/2026 22:57:16 - INFO - utils.trainer -   Accuracy: 0.28025
04/17/2026 22:57:16 - INFO - utils.trainer -   Precision: 0.10389
04/17/2026 22:57:16 - INFO - utils.trainer -   Recall: 0.25090
04/17/2026 22:57:16 - INFO - utils.trainer -   F_score: 0.12285
04/17/2026 22:57:16 - INFO - utils.trainer -   Loss: 408207234.47443
04/17/2026 22:57:16 - INFO - utils.trainer -   Epoch: 105, Train loss: 2.68813, Test loss: 408207234.47443,Epoch time = 16.979s
04/17/2026 22:57:34 - INFO - utils.trainer -   ***** Running evaluation on test0 dataset *****
04/17/2026 22:57:37 - INFO - utils.trainer -   AUC: 0.48611
04/17/2026 22:57:37 - INFO - utils.trainer -   Accuracy: 0.26752
04/17/2026 22:57:37 - INFO - utils.trainer -   Precision: 0.09569
04/17/2026 22:57:37 - INFO - utils.trainer -   Recall: 0.23953
04/17/2026 22:57:37 - INFO - utils.trainer -   F_score: 0.11888
04/17/2026 22:57:37 - INFO - utils.trainer -   Loss: 15643412.07574
04/17/2026 22:57:37 - INFO - utils.trainer -   Epoch: 106, Train loss: 24.94191, Test loss: 15643412.07574,Epoch time = 17.606s
04/17/2026 22:57:54 - INFO - utils.trainer -   ***** Running evaluation on test0 dataset *****
04/17/2026 22:57:57 - INFO - utils.trainer -   AUC: 0.49059
04/17/2026 22:57:57 - INFO - utils.trainer -   Accuracy: 0.26752
04/17/2026 22:57:57 - INFO - utils.trainer -   Precision: 0.26658
04/17/2026 22:57:57 - INFO - utils.trainer -   Recall: 0.24168
04/17/2026 22:57:57 - INFO - utils.trainer -   F_score: 0.14071
04/17/2026 22:57:57 - INFO - utils.trainer -   Loss: 31930344.88754
04/17/2026 22:57:57 - INFO - utils.trainer -   Epoch: 107, Train loss: 2.71031, Test loss: 31930344.88754,Epoch time = 17.390s
04/17/2026 22:58:14 - INFO - utils.trainer -   ***** Running evaluation on test0 dataset *****
04/17/2026 22:58:17 - INFO - utils.trainer -   AUC: 0.50285
04/17/2026 22:58:17 - INFO - utils.trainer -   Accuracy: 0.28662
04/17/2026 22:58:17 - INFO - utils.trainer -   Precision: 0.29155
04/17/2026 22:58:17 - INFO - utils.trainer -   Recall: 0.26680
04/17/2026 22:58:17 - INFO - utils.trainer -   F_score: 0.21625
04/17/2026 22:58:17 - INFO - utils.trainer -   Loss: 32948312.87658
04/17/2026 22:58:17 - INFO - utils.trainer -   Epoch: 108, Train loss: 2.71047, Test loss: 32948312.87658,Epoch time = 17.155s
04/17/2026 22:58:34 - INFO - utils.trainer -   ***** Running evaluation on test0 dataset *****
04/17/2026 22:58:36 - INFO - utils.trainer -   AUC: 0.47493
04/17/2026 22:58:36 - INFO - utils.trainer -   Accuracy: 0.28662
04/17/2026 22:58:36 - INFO - utils.trainer -   Precision: 0.32051
04/17/2026 22:58:36 - INFO - utils.trainer -   Recall: 0.25658
04/17/2026 22:58:36 - INFO - utils.trainer -   F_score: 0.12282
04/17/2026 22:58:36 - INFO - utils.trainer -   Loss: 34750620.08126
04/17/2026 22:58:36 - INFO - utils.trainer -   Epoch: 109, Train loss: 2.70096, Test loss: 34750620.08126,Epoch time = 16.945s
04/17/2026 22:58:53 - INFO - utils.trainer -   ***** Running evaluation on test0 dataset *****
04/17/2026 22:58:56 - INFO - utils.trainer -   AUC: 0.54046
04/17/2026 22:58:56 - INFO - utils.trainer -   Accuracy: 0.28025
04/17/2026 22:58:56 - INFO - utils.trainer -   Precision: 0.07051
04/17/2026 22:58:56 - INFO - utils.trainer -   Recall: 0.25000
04/17/2026 22:58:56 - INFO - utils.trainer -   F_score: 0.11000
04/17/2026 22:58:56 - INFO - utils.trainer -   Loss: 36063506.47259
04/17/2026 22:58:56 - INFO - utils.trainer -   Epoch: 110, Train loss: 2.69636, Test loss: 36063506.47259,Epoch time = 16.867s
04/17/2026 22:59:12 - INFO - utils.trainer -   ***** Running evaluation on test0 dataset *****
04/17/2026 22:59:15 - INFO - utils.trainer -   AUC: 0.49208
04/17/2026 22:59:15 - INFO - utils.trainer -   Accuracy: 0.27389
04/17/2026 22:59:15 - INFO - utils.trainer -   Precision: 0.11908
04/17/2026 22:59:15 - INFO - utils.trainer -   Recall: 0.24522
04/17/2026 22:59:15 - INFO - utils.trainer -   F_score: 0.11877
04/17/2026 22:59:15 - INFO - utils.trainer -   Loss: 35015605.68014
04/17/2026 22:59:15 - INFO - utils.trainer -   Epoch: 111, Train loss: 2.69189, Test loss: 35015605.68014,Epoch time = 16.797s
04/17/2026 22:59:32 - INFO - utils.trainer -   ***** Running evaluation on test0 dataset *****
04/17/2026 22:59:35 - INFO - utils.trainer -   AUC: 0.51493
04/17/2026 22:59:35 - INFO - utils.trainer -   Accuracy: 0.29299
04/17/2026 22:59:35 - INFO - utils.trainer -   Precision: 0.57097
04/17/2026 22:59:35 - INFO - utils.trainer -   Recall: 0.26334
04/17/2026 22:59:35 - INFO - utils.trainer -   F_score: 0.13653
04/17/2026 22:59:35 - INFO - utils.trainer -   Loss: 37035061.67377
04/17/2026 22:59:35 - INFO - utils.trainer -   Epoch: 112, Train loss: 2.69873, Test loss: 37035061.67377,Epoch time = 17.042s
04/17/2026 22:59:52 - INFO - utils.trainer -   ***** Running evaluation on test0 dataset *****
04/17/2026 22:59:54 - INFO - utils.trainer -   AUC: 0.51313
04/17/2026 22:59:54 - INFO - utils.trainer -   Accuracy: 0.29299
04/17/2026 22:59:54 - INFO - utils.trainer -   Precision: 0.32190
04/17/2026 22:59:54 - INFO - utils.trainer -   Recall: 0.26334
04/17/2026 22:59:54 - INFO - utils.trainer -   F_score: 0.13700
04/17/2026 22:59:54 - INFO - utils.trainer -   Loss: 37088440.87447
04/17/2026 22:59:54 - INFO - utils.trainer -   Epoch: 113, Train loss: 2.69644, Test loss: 37088440.87447,Epoch time = 17.060s
04/17/2026 23:00:12 - INFO - utils.trainer -   ***** Running evaluation on test0 dataset *****
04/17/2026 23:00:14 - INFO - utils.trainer -   AUC: 0.58132
04/17/2026 23:00:14 - INFO - utils.trainer -   Accuracy: 0.28662
04/17/2026 23:00:14 - INFO - utils.trainer -   Precision: 0.32051
04/17/2026 23:00:14 - INFO - utils.trainer -   Recall: 0.25658
04/17/2026 23:00:14 - INFO - utils.trainer -   F_score: 0.12282
04/17/2026 23:00:14 - INFO - utils.trainer -   Loss: 37509736.86988
04/17/2026 23:00:14 - INFO - utils.trainer -   Epoch: 114, Train loss: 2.70187, Test loss: 37509736.86988,Epoch time = 17.371s
04/17/2026 23:00:31 - INFO - utils.trainer -   ***** Running evaluation on test0 dataset *****
04/17/2026 23:00:34 - INFO - utils.trainer -   AUC: 0.50933
04/17/2026 23:00:34 - INFO - utils.trainer -   Accuracy: 0.27389
04/17/2026 23:00:34 - INFO - utils.trainer -   Precision: 0.19595
04/17/2026 23:00:34 - INFO - utils.trainer -   Recall: 0.24522
04/17/2026 23:00:34 - INFO - utils.trainer -   F_score: 0.12187
04/17/2026 23:00:34 - INFO - utils.trainer -   Loss: 38438869.67769
04/17/2026 23:00:34 - INFO - utils.trainer -   Epoch: 115, Train loss: 2.69646, Test loss: 38438869.67769,Epoch time = 16.872s
04/17/2026 23:00:51 - INFO - utils.trainer -   ***** Running evaluation on test0 dataset *****
04/17/2026 23:00:53 - INFO - utils.trainer -   AUC: 0.47249
04/17/2026 23:00:53 - INFO - utils.trainer -   Accuracy: 0.28025
04/17/2026 23:00:53 - INFO - utils.trainer -   Precision: 0.31935
04/17/2026 23:00:53 - INFO - utils.trainer -   Recall: 0.25090
04/17/2026 23:00:53 - INFO - utils.trainer -   F_score: 0.12086
04/17/2026 23:00:53 - INFO - utils.trainer -   Loss: 37792066.48276
04/17/2026 23:00:54 - INFO - utils.trainer -   Epoch: 116, Train loss: 2.70159, Test loss: 37792066.48276,Epoch time = 17.089s
04/17/2026 23:01:11 - INFO - utils.trainer -   ***** Running evaluation on test0 dataset *****
04/17/2026 23:01:13 - INFO - utils.trainer -   AUC: 0.48984
04/17/2026 23:01:13 - INFO - utils.trainer -   Accuracy: 0.26752
04/17/2026 23:01:13 - INFO - utils.trainer -   Precision: 0.06818
04/17/2026 23:01:13 - INFO - utils.trainer -   Recall: 0.23864
04/17/2026 23:01:13 - INFO - utils.trainer -   F_score: 0.10606
04/17/2026 23:01:13 - INFO - utils.trainer -   Loss: 38350616.88032
04/17/2026 23:01:13 - INFO - utils.trainer -   Epoch: 117, Train loss: 2.70127, Test loss: 38350616.88032,Epoch time = 16.993s
04/17/2026 23:01:30 - INFO - utils.trainer -   ***** Running evaluation on test0 dataset *****
04/17/2026 23:01:33 - INFO - utils.trainer -   AUC: 0.50065
04/17/2026 23:01:33 - INFO - utils.trainer -   Accuracy: 0.28025
04/17/2026 23:01:33 - INFO - utils.trainer -   Precision: 0.07006
04/17/2026 23:01:33 - INFO - utils.trainer -   Recall: 0.25000
04/17/2026 23:01:33 - INFO - utils.trainer -   F_score: 0.10945
04/17/2026 23:01:33 - INFO - utils.trainer -   Loss: 38670184.87881
04/17/2026 23:01:33 - INFO - utils.trainer -   Epoch: 118, Train loss: 2.69996, Test loss: 38670184.87881,Epoch time = 16.999s
04/17/2026 23:01:50 - INFO - utils.trainer -   ***** Running evaluation on test0 dataset *****
04/17/2026 23:01:52 - INFO - utils.trainer -   AUC: 0.52480
04/17/2026 23:01:52 - INFO - utils.trainer -   Accuracy: 0.28025
04/17/2026 23:01:52 - INFO - utils.trainer -   Precision: 0.07006
04/17/2026 23:01:52 - INFO - utils.trainer -   Recall: 0.25000
04/17/2026 23:01:52 - INFO - utils.trainer -   F_score: 0.10945
04/17/2026 23:01:52 - INFO - utils.trainer -   Loss: 39454415.27671
04/17/2026 23:01:52 - INFO - utils.trainer -   Epoch: 119, Train loss: 2.69383, Test loss: 39454415.27671,Epoch time = 16.962s
04/17/2026 23:02:10 - INFO - utils.trainer -   ***** Running evaluation on test0 dataset *****
04/17/2026 23:02:13 - INFO - utils.trainer -   AUC: 0.46153
04/17/2026 23:02:13 - INFO - utils.trainer -   Accuracy: 0.28662
04/17/2026 23:02:13 - INFO - utils.trainer -   Precision: 0.32051
04/17/2026 23:02:13 - INFO - utils.trainer -   Recall: 0.25676
04/17/2026 23:02:13 - INFO - utils.trainer -   F_score: 0.12316
04/17/2026 23:02:13 - INFO - utils.trainer -   Loss: 38499487.28210
04/17/2026 23:02:13 - INFO - utils.trainer -   Epoch: 120, Train loss: 2.69026, Test loss: 38499487.28210,Epoch time = 17.802s
04/17/2026 23:02:30 - INFO - utils.trainer -   ***** Running evaluation on test0 dataset *****
04/17/2026 23:02:33 - INFO - utils.trainer -   AUC: 0.49226
04/17/2026 23:02:33 - INFO - utils.trainer -   Accuracy: 0.28662
04/17/2026 23:02:33 - INFO - utils.trainer -   Precision: 0.32051
04/17/2026 23:02:33 - INFO - utils.trainer -   Recall: 0.25658
04/17/2026 23:02:33 - INFO - utils.trainer -   F_score: 0.12282
04/17/2026 23:02:33 - INFO - utils.trainer -   Loss: 40428076.07713
04/17/2026 23:02:33 - INFO - utils.trainer -   Epoch: 121, Train loss: 2.69678, Test loss: 40428076.07713,Epoch time = 17.420s
04/17/2026 23:02:50 - INFO - utils.trainer -   ***** Running evaluation on test0 dataset *****
04/17/2026 23:02:53 - INFO - utils.trainer -   AUC: 0.56201
04/17/2026 23:02:53 - INFO - utils.trainer -   Accuracy: 0.28025
04/17/2026 23:02:53 - INFO - utils.trainer -   Precision: 0.07051
04/17/2026 23:02:53 - INFO - utils.trainer -   Recall: 0.25000
04/17/2026 23:02:53 - INFO - utils.trainer -   F_score: 0.11000
04/17/2026 23:02:53 - INFO - utils.trainer -   Loss: 40361112.86632
04/17/2026 23:02:53 - INFO - utils.trainer -   Epoch: 122, Train loss: 2.69390, Test loss: 40361112.86632,Epoch time = 17.460s
04/17/2026 23:03:10 - INFO - utils.trainer -   ***** Running evaluation on test0 dataset *****
04/17/2026 23:03:12 - INFO - utils.trainer -   AUC: 0.57855
04/17/2026 23:03:12 - INFO - utils.trainer -   Accuracy: 0.28025
04/17/2026 23:03:12 - INFO - utils.trainer -   Precision: 0.07051
04/17/2026 23:03:12 - INFO - utils.trainer -   Recall: 0.25000
04/17/2026 23:03:12 - INFO - utils.trainer -   F_score: 0.11000
04/17/2026 23:03:12 - INFO - utils.trainer -   Loss: 40941189.66575
04/17/2026 23:03:12 - INFO - utils.trainer -   Epoch: 123, Train loss: 2.69672, Test loss: 40941189.66575,Epoch time = 16.852s
04/17/2026 23:03:29 - INFO - utils.trainer -   ***** Running evaluation on test0 dataset *****
04/17/2026 23:03:32 - INFO - utils.trainer -   AUC: 0.53356
04/17/2026 23:03:32 - INFO - utils.trainer -   Accuracy: 0.28025
04/17/2026 23:03:32 - INFO - utils.trainer -   Precision: 0.19572
04/17/2026 23:03:32 - INFO - utils.trainer -   Recall: 0.25090
04/17/2026 23:03:32 - INFO - utils.trainer -   F_score: 0.12219
04/17/2026 23:03:32 - INFO - utils.trainer -   Loss: 41238236.07177
04/17/2026 23:03:32 - INFO - utils.trainer -   Epoch: 124, Train loss: 2.68870, Test loss: 41238236.07177,Epoch time = 16.830s
04/17/2026 23:03:49 - INFO - utils.trainer -   ***** Running evaluation on test0 dataset *****
04/17/2026 23:03:52 - INFO - utils.trainer -   AUC: 0.48772
04/17/2026 23:03:52 - INFO - utils.trainer -   Accuracy: 0.27389
04/17/2026 23:03:52 - INFO - utils.trainer -   Precision: 0.07026
04/17/2026 23:03:52 - INFO - utils.trainer -   Recall: 0.24432
04/17/2026 23:03:52 - INFO - utils.trainer -   F_score: 0.10914
04/17/2026 23:03:52 - INFO - utils.trainer -   Loss: 41475215.28004
04/17/2026 23:03:52 - INFO - utils.trainer -   Epoch: 125, Train loss: 2.69877, Test loss: 41475215.28004,Epoch time = 17.017s
04/17/2026 23:04:09 - INFO - utils.trainer -   ***** Running evaluation on test0 dataset *****
04/17/2026 23:04:12 - INFO - utils.trainer -   AUC: 0.51492
04/17/2026 23:04:12 - INFO - utils.trainer -   Accuracy: 0.28025
04/17/2026 23:04:12 - INFO - utils.trainer -   Precision: 0.31981
04/17/2026 23:04:12 - INFO - utils.trainer -   Recall: 0.25090
04/17/2026 23:04:12 - INFO - utils.trainer -   F_score: 0.12141
04/17/2026 23:04:12 - INFO - utils.trainer -   Loss: 40933224.87558
04/17/2026 23:04:12 - INFO - utils.trainer -   Epoch: 126, Train loss: 2.69450, Test loss: 40933224.87558,Epoch time = 17.402s
04/17/2026 23:04:29 - INFO - utils.trainer -   ***** Running evaluation on test0 dataset *****
04/17/2026 23:04:31 - INFO - utils.trainer -   AUC: 0.53720
04/17/2026 23:04:31 - INFO - utils.trainer -   Accuracy: 0.29299
04/17/2026 23:04:31 - INFO - utils.trainer -   Precision: 0.19690
04/17/2026 23:04:31 - INFO - utils.trainer -   Recall: 0.26316
04/17/2026 23:04:31 - INFO - utils.trainer -   F_score: 0.13548
04/17/2026 23:04:31 - INFO - utils.trainer -   Loss: 42418280.87454
04/17/2026 23:04:31 - INFO - utils.trainer -   Epoch: 127, Train loss: 2.70274, Test loss: 42418280.87454,Epoch time = 17.072s
04/17/2026 23:04:48 - INFO - utils.trainer -   ***** Running evaluation on test0 dataset *****
04/17/2026 23:04:51 - INFO - utils.trainer -   AUC: 0.51527
04/17/2026 23:04:51 - INFO - utils.trainer -   Accuracy: 0.28025
04/17/2026 23:04:51 - INFO - utils.trainer -   Precision: 0.19435
04/17/2026 23:04:51 - INFO - utils.trainer -   Recall: 0.25090
04/17/2026 23:04:51 - INFO - utils.trainer -   F_score: 0.12054
04/17/2026 23:04:51 - INFO - utils.trainer -   Loss: 42456690.47753
04/17/2026 23:04:51 - INFO - utils.trainer -   Epoch: 128, Train loss: 2.69766, Test loss: 42456690.47753,Epoch time = 17.185s
04/17/2026 23:05:08 - INFO - utils.trainer -   ***** Running evaluation on test0 dataset *****
04/17/2026 23:05:10 - INFO - utils.trainer -   AUC: 0.58495
04/17/2026 23:05:10 - INFO - utils.trainer -   Accuracy: 0.28025
04/17/2026 23:05:10 - INFO - utils.trainer -   Precision: 0.07006
04/17/2026 23:05:10 - INFO - utils.trainer -   Recall: 0.25000
04/17/2026 23:05:10 - INFO - utils.trainer -   F_score: 0.10945
04/17/2026 23:05:10 - INFO - utils.trainer -   Loss: 40978789.67123
04/17/2026 23:05:10 - INFO - utils.trainer -   Epoch: 129, Train loss: 2.70406, Test loss: 40978789.67123,Epoch time = 16.658s
04/17/2026 23:05:27 - INFO - utils.trainer -   ***** Running evaluation on test0 dataset *****
04/17/2026 23:05:30 - INFO - utils.trainer -   AUC: 0.54235
04/17/2026 23:05:30 - INFO - utils.trainer -   Accuracy: 0.28025
04/17/2026 23:05:30 - INFO - utils.trainer -   Precision: 0.07051
04/17/2026 23:05:30 - INFO - utils.trainer -   Recall: 0.25000
04/17/2026 23:05:30 - INFO - utils.trainer -   F_score: 0.11000
04/17/2026 23:05:30 - INFO - utils.trainer -   Loss: 43285944.87635
04/17/2026 23:05:30 - INFO - utils.trainer -   Epoch: 130, Train loss: 2.69274, Test loss: 43285944.87635,Epoch time = 16.721s
04/17/2026 23:05:47 - INFO - utils.trainer -   ***** Running evaluation on test0 dataset *****
04/17/2026 23:05:49 - INFO - utils.trainer -   AUC: 0.50453
04/17/2026 23:05:49 - INFO - utils.trainer -   Accuracy: 0.28025
04/17/2026 23:05:49 - INFO - utils.trainer -   Precision: 0.07006
04/17/2026 23:05:49 - INFO - utils.trainer -   Recall: 0.25000
04/17/2026 23:05:49 - INFO - utils.trainer -   F_score: 0.10945
04/17/2026 23:05:49 - INFO - utils.trainer -   Loss: 42870472.87738
04/17/2026 23:05:49 - INFO - utils.trainer -   Epoch: 131, Train loss: 2.70053, Test loss: 42870472.87738,Epoch time = 16.978s
04/17/2026 23:06:07 - INFO - utils.trainer -   ***** Running evaluation on test0 dataset *****
04/17/2026 23:06:10 - INFO - utils.trainer -   AUC: 0.51342
04/17/2026 23:06:10 - INFO - utils.trainer -   Accuracy: 0.27389
04/17/2026 23:06:10 - INFO - utils.trainer -   Precision: 0.06891
04/17/2026 23:06:10 - INFO - utils.trainer -   Recall: 0.24432
04/17/2026 23:06:10 - INFO - utils.trainer -   F_score: 0.10750
04/17/2026 23:06:10 - INFO - utils.trainer -   Loss: 43962472.87894
04/17/2026 23:06:10 - INFO - utils.trainer -   Epoch: 132, Train loss: 2.69581, Test loss: 43962472.87894,Epoch time = 17.599s
04/17/2026 23:06:27 - INFO - utils.trainer -   ***** Running evaluation on test0 dataset *****
04/17/2026 23:06:30 - INFO - utils.trainer -   AUC: 0.50040
04/17/2026 23:06:30 - INFO - utils.trainer -   Accuracy: 0.28662
04/17/2026 23:06:30 - INFO - utils.trainer -   Precision: 0.32051
04/17/2026 23:06:30 - INFO - utils.trainer -   Recall: 0.25658
04/17/2026 23:06:30 - INFO - utils.trainer -   F_score: 0.12282
04/17/2026 23:06:30 - INFO - utils.trainer -   Loss: 45092082.47716
04/17/2026 23:06:30 - INFO - utils.trainer -   Epoch: 133, Train loss: 2.69076, Test loss: 45092082.47716,Epoch time = 17.405s
04/17/2026 23:06:47 - INFO - utils.trainer -   ***** Running evaluation on test0 dataset *****
04/17/2026 23:06:49 - INFO - utils.trainer -   AUC: 0.49675
04/17/2026 23:06:49 - INFO - utils.trainer -   Accuracy: 0.28025
04/17/2026 23:06:49 - INFO - utils.trainer -   Precision: 0.07006
04/17/2026 23:06:49 - INFO - utils.trainer -   Recall: 0.25000
04/17/2026 23:06:49 - INFO - utils.trainer -   F_score: 0.10945
04/17/2026 23:06:49 - INFO - utils.trainer -   Loss: 44695260.08042
04/17/2026 23:06:49 - INFO - utils.trainer -   Epoch: 134, Train loss: 2.69227, Test loss: 44695260.08042,Epoch time = 16.906s
04/17/2026 23:07:06 - INFO - utils.trainer -   ***** Running evaluation on test0 dataset *****
04/17/2026 23:07:09 - INFO - utils.trainer -   AUC: 0.52741
04/17/2026 23:07:09 - INFO - utils.trainer -   Accuracy: 0.28662
04/17/2026 23:07:09 - INFO - utils.trainer -   Precision: 0.19597
04/17/2026 23:07:09 - INFO - utils.trainer -   Recall: 0.25658
04/17/2026 23:07:09 - INFO - utils.trainer -   F_score: 0.12305
04/17/2026 23:07:09 - INFO - utils.trainer -   Loss: 44553538.47521
04/17/2026 23:07:09 - INFO - utils.trainer -   Epoch: 135, Train loss: 2.70098, Test loss: 44553538.47521,Epoch time = 17.078s
04/17/2026 23:07:26 - INFO - utils.trainer -   ***** Running evaluation on test0 dataset *****
04/17/2026 23:07:29 - INFO - utils.trainer -   AUC: 0.47465
04/17/2026 23:07:29 - INFO - utils.trainer -   Accuracy: 0.28662
04/17/2026 23:07:29 - INFO - utils.trainer -   Precision: 0.32051
04/17/2026 23:07:29 - INFO - utils.trainer -   Recall: 0.25658
04/17/2026 23:07:29 - INFO - utils.trainer -   F_score: 0.12282
04/17/2026 23:07:29 - INFO - utils.trainer -   Loss: 45597039.28242
04/17/2026 23:07:29 - INFO - utils.trainer -   Epoch: 136, Train loss: 2.69415, Test loss: 45597039.28242,Epoch time = 17.061s
04/17/2026 23:07:47 - INFO - utils.trainer -   ***** Running evaluation on test0 dataset *****
04/17/2026 23:07:49 - INFO - utils.trainer -   AUC: 0.50224
04/17/2026 23:07:49 - INFO - utils.trainer -   Accuracy: 0.28025
04/17/2026 23:07:49 - INFO - utils.trainer -   Precision: 0.07006
04/17/2026 23:07:49 - INFO - utils.trainer -   Recall: 0.25000
04/17/2026 23:07:49 - INFO - utils.trainer -   F_score: 0.10945
04/17/2026 23:07:49 - INFO - utils.trainer -   Loss: 44775429.67927
04/17/2026 23:07:49 - INFO - utils.trainer -   Epoch: 137, Train loss: 2.69689, Test loss: 44775429.67927,Epoch time = 17.809s
04/17/2026 23:08:06 - INFO - utils.trainer -   ***** Running evaluation on test0 dataset *****
04/17/2026 23:08:09 - INFO - utils.trainer -   AUC: 0.47194
04/17/2026 23:08:09 - INFO - utils.trainer -   Accuracy: 0.28662
04/17/2026 23:08:09 - INFO - utils.trainer -   Precision: 0.19597
04/17/2026 23:08:09 - INFO - utils.trainer -   Recall: 0.25658
04/17/2026 23:08:09 - INFO - utils.trainer -   F_score: 0.12305
04/17/2026 23:08:09 - INFO - utils.trainer -   Loss: 46070127.28164
04/17/2026 23:08:09 - INFO - utils.trainer -   Epoch: 138, Train loss: 2.69264, Test loss: 46070127.28164,Epoch time = 17.228s
04/17/2026 23:08:27 - INFO - utils.trainer -   ***** Running evaluation on test0 dataset *****
04/17/2026 23:08:30 - INFO - utils.trainer -   AUC: 0.46747
04/17/2026 23:08:30 - INFO - utils.trainer -   Accuracy: 0.28025
04/17/2026 23:08:30 - INFO - utils.trainer -   Precision: 0.15359
04/17/2026 23:08:30 - INFO - utils.trainer -   Recall: 0.25090
04/17/2026 23:08:30 - INFO - utils.trainer -   F_score: 0.12133
04/17/2026 23:08:30 - INFO - utils.trainer -   Loss: 46402943.28197
04/17/2026 23:08:30 - INFO - utils.trainer -   Epoch: 139, Train loss: 2.69760, Test loss: 46402943.28197,Epoch time = 17.682s
04/17/2026 23:08:46 - INFO - utils.trainer -   ***** Running evaluation on test0 dataset *****
04/17/2026 23:08:49 - INFO - utils.trainer -   AUC: 0.50938
04/17/2026 23:08:49 - INFO - utils.trainer -   Accuracy: 0.28025
04/17/2026 23:08:49 - INFO - utils.trainer -   Precision: 0.07006
04/17/2026 23:08:49 - INFO - utils.trainer -   Recall: 0.25000
04/17/2026 23:08:49 - INFO - utils.trainer -   F_score: 0.10945
04/17/2026 23:08:49 - INFO - utils.trainer -   Loss: 47211794.47937
04/17/2026 23:08:49 - INFO - utils.trainer -   Epoch: 140, Train loss: 2.69496, Test loss: 47211794.47937,Epoch time = 16.645s
04/17/2026 23:09:06 - INFO - utils.trainer -   ***** Running evaluation on test0 dataset *****
04/17/2026 23:09:08 - INFO - utils.trainer -   AUC: 0.54131
04/17/2026 23:09:08 - INFO - utils.trainer -   Accuracy: 0.28662
04/17/2026 23:09:08 - INFO - utils.trainer -   Precision: 0.32051
04/17/2026 23:09:08 - INFO - utils.trainer -   Recall: 0.25676
04/17/2026 23:09:08 - INFO - utils.trainer -   F_score: 0.12316
04/17/2026 23:09:08 - INFO - utils.trainer -   Loss: 46655682.47065
04/17/2026 23:09:08 - INFO - utils.trainer -   Epoch: 141, Train loss: 2.68845, Test loss: 46655682.47065,Epoch time = 16.891s
04/17/2026 23:09:25 - INFO - utils.trainer -   ***** Running evaluation on test0 dataset *****
04/17/2026 23:09:28 - INFO - utils.trainer -   AUC: 0.51839
04/17/2026 23:09:28 - INFO - utils.trainer -   Accuracy: 0.28025
04/17/2026 23:09:28 - INFO - utils.trainer -   Precision: 0.07006
04/17/2026 23:09:28 - INFO - utils.trainer -   Recall: 0.25000
04/17/2026 23:09:28 - INFO - utils.trainer -   F_score: 0.10945
04/17/2026 23:09:28 - INFO - utils.trainer -   Loss: 48687599.27781
04/17/2026 23:09:28 - INFO - utils.trainer -   Epoch: 142, Train loss: 2.68774, Test loss: 48687599.27781,Epoch time = 16.844s
04/17/2026 23:09:45 - INFO - utils.trainer -   ***** Running evaluation on test0 dataset *****
04/17/2026 23:09:47 - INFO - utils.trainer -   AUC: 0.47681
04/17/2026 23:09:47 - INFO - utils.trainer -   Accuracy: 0.28025
04/17/2026 23:09:47 - INFO - utils.trainer -   Precision: 0.07006
04/17/2026 23:09:47 - INFO - utils.trainer -   Recall: 0.25000
04/17/2026 23:09:47 - INFO - utils.trainer -   F_score: 0.10945
04/17/2026 23:09:47 - INFO - utils.trainer -   Loss: 48036092.08059
04/17/2026 23:09:47 - INFO - utils.trainer -   Epoch: 143, Train loss: 2.69446, Test loss: 48036092.08059,Epoch time = 16.902s
04/17/2026 23:10:05 - INFO - utils.trainer -   ***** Running evaluation on test0 dataset *****
04/17/2026 23:10:07 - INFO - utils.trainer -   AUC: 0.46991
04/17/2026 23:10:07 - INFO - utils.trainer -   Accuracy: 0.27389
04/17/2026 23:10:07 - INFO - utils.trainer -   Precision: 0.06891
04/17/2026 23:10:07 - INFO - utils.trainer -   Recall: 0.24432
04/17/2026 23:10:07 - INFO - utils.trainer -   F_score: 0.10750
04/17/2026 23:10:07 - INFO - utils.trainer -   Loss: 49669967.28545
04/17/2026 23:10:07 - INFO - utils.trainer -   Epoch: 144, Train loss: 2.69456, Test loss: 49669967.28545,Epoch time = 17.129s
04/17/2026 23:10:25 - INFO - utils.trainer -   ***** Running evaluation on test0 dataset *****
04/17/2026 23:10:28 - INFO - utils.trainer -   AUC: 0.47008
04/17/2026 23:10:28 - INFO - utils.trainer -   Accuracy: 0.28025
04/17/2026 23:10:28 - INFO - utils.trainer -   Precision: 0.19481
04/17/2026 23:10:28 - INFO - utils.trainer -   Recall: 0.25090
04/17/2026 23:10:28 - INFO - utils.trainer -   F_score: 0.12109
04/17/2026 23:10:28 - INFO - utils.trainer -   Loss: 48508284.08323
04/17/2026 23:10:28 - INFO - utils.trainer -   Epoch: 145, Train loss: 2.69237, Test loss: 48508284.08323,Epoch time = 17.758s
04/17/2026 23:10:45 - INFO - utils.trainer -   ***** Running evaluation on test0 dataset *****
04/17/2026 23:10:48 - INFO - utils.trainer -   AUC: 0.48561
04/17/2026 23:10:48 - INFO - utils.trainer -   Accuracy: 0.28025
04/17/2026 23:10:48 - INFO - utils.trainer -   Precision: 0.07051
04/17/2026 23:10:48 - INFO - utils.trainer -   Recall: 0.25000
04/17/2026 23:10:48 - INFO - utils.trainer -   F_score: 0.11000
04/17/2026 23:10:48 - INFO - utils.trainer -   Loss: 49228181.68147
04/17/2026 23:10:48 - INFO - utils.trainer -   Epoch: 146, Train loss: 2.70015, Test loss: 49228181.68147,Epoch time = 17.405s
04/17/2026 23:11:05 - INFO - utils.trainer -   ***** Running evaluation on test0 dataset *****
04/17/2026 23:11:08 - INFO - utils.trainer -   AUC: 0.50933
04/17/2026 23:11:08 - INFO - utils.trainer -   Accuracy: 0.28662
04/17/2026 23:11:08 - INFO - utils.trainer -   Precision: 0.15453
04/17/2026 23:11:08 - INFO - utils.trainer -   Recall: 0.25748
04/17/2026 23:11:08 - INFO - utils.trainer -   F_score: 0.13298
04/17/2026 23:11:08 - INFO - utils.trainer -   Loss: 47095474.48002
04/17/2026 23:11:08 - INFO - utils.trainer -   Epoch: 147, Train loss: 2.70356, Test loss: 47095474.48002,Epoch time = 16.958s
04/17/2026 23:11:25 - INFO - utils.trainer -   ***** Running evaluation on test0 dataset *****
04/17/2026 23:11:27 - INFO - utils.trainer -   AUC: 0.46103
04/17/2026 23:11:27 - INFO - utils.trainer -   Accuracy: 0.29299
04/17/2026 23:11:27 - INFO - utils.trainer -   Precision: 0.19619
04/17/2026 23:11:27 - INFO - utils.trainer -   Recall: 0.26406
04/17/2026 23:11:27 - INFO - utils.trainer -   F_score: 0.14435
04/17/2026 23:11:27 - INFO - utils.trainer -   Loss: 49379768.88239
04/17/2026 23:11:27 - INFO - utils.trainer -   Epoch: 148, Train loss: 2.69542, Test loss: 49379768.88239,Epoch time = 16.880s
04/17/2026 23:11:44 - INFO - utils.trainer -   ***** Running evaluation on test0 dataset *****
04/17/2026 23:11:47 - INFO - utils.trainer -   AUC: 0.56714
04/17/2026 23:11:47 - INFO - utils.trainer -   Accuracy: 0.29299
04/17/2026 23:11:47 - INFO - utils.trainer -   Precision: 0.16433
04/17/2026 23:11:47 - INFO - utils.trainer -   Recall: 0.26764
04/17/2026 23:11:47 - INFO - utils.trainer -   F_score: 0.17034
04/17/2026 23:11:47 - INFO - utils.trainer -   Loss: 48478200.87524
04/17/2026 23:11:47 - INFO - utils.trainer -   Epoch: 149, Train loss: 2.69827, Test loss: 48478200.87524,Epoch time = 17.131s
04/17/2026 23:12:05 - INFO - utils.trainer -   ***** Running evaluation on test0 dataset *****
04/17/2026 23:12:07 - INFO - utils.trainer -   AUC: 0.49320
04/17/2026 23:12:07 - INFO - utils.trainer -   Accuracy: 0.26115
04/17/2026 23:12:07 - INFO - utils.trainer -   Precision: 0.17500
04/17/2026 23:12:07 - INFO - utils.trainer -   Recall: 0.24282
04/17/2026 23:12:07 - INFO - utils.trainer -   F_score: 0.17775
04/17/2026 23:12:07 - INFO - utils.trainer -   Loss: 51448466.48810
04/17/2026 23:12:07 - INFO - utils.trainer -   Epoch: 150, Train loss: 2.68910, Test loss: 51448466.48810,Epoch time = 17.474s
04/17/2026 23:12:24 - INFO - utils.trainer -   ***** Running evaluation on test0 dataset *****
04/17/2026 23:12:27 - INFO - utils.trainer -   AUC: 0.49415
04/17/2026 23:12:27 - INFO - utils.trainer -   Accuracy: 0.24841
04/17/2026 23:12:27 - INFO - utils.trainer -   Precision: 0.13578
04/17/2026 23:12:27 - INFO - utils.trainer -   Recall: 0.22339
04/17/2026 23:12:27 - INFO - utils.trainer -   F_score: 0.12252
04/17/2026 23:12:27 - INFO - utils.trainer -   Loss: 49987061.68454
04/17/2026 23:12:27 - INFO - utils.trainer -   Epoch: 151, Train loss: 2.70425, Test loss: 49987061.68454,Epoch time = 17.158s
04/17/2026 23:12:44 - INFO - utils.trainer -   ***** Running evaluation on test0 dataset *****
04/17/2026 23:12:47 - INFO - utils.trainer -   AUC: 0.51561
04/17/2026 23:12:47 - INFO - utils.trainer -   Accuracy: 0.28662
04/17/2026 23:12:47 - INFO - utils.trainer -   Precision: 0.19597
04/17/2026 23:12:47 - INFO - utils.trainer -   Recall: 0.25658
04/17/2026 23:12:47 - INFO - utils.trainer -   F_score: 0.12305
04/17/2026 23:12:47 - INFO - utils.trainer -   Loss: 51977557.67679
04/17/2026 23:12:47 - INFO - utils.trainer -   Epoch: 152, Train loss: 2.69053, Test loss: 51977557.67679,Epoch time = 17.242s
04/17/2026 23:13:04 - INFO - utils.trainer -   ***** Running evaluation on test0 dataset *****
04/17/2026 23:13:06 - INFO - utils.trainer -   AUC: 0.47274
04/17/2026 23:13:06 - INFO - utils.trainer -   Accuracy: 0.27389
04/17/2026 23:13:06 - INFO - utils.trainer -   Precision: 0.07026
04/17/2026 23:13:06 - INFO - utils.trainer -   Recall: 0.24432
04/17/2026 23:13:06 - INFO - utils.trainer -   F_score: 0.10914
04/17/2026 23:13:06 - INFO - utils.trainer -   Loss: 51452844.08237
04/17/2026 23:13:06 - INFO - utils.trainer -   Epoch: 153, Train loss: 2.70001, Test loss: 51452844.08237,Epoch time = 16.726s
04/17/2026 23:13:23 - INFO - utils.trainer -   ***** Running evaluation on test0 dataset *****
04/17/2026 23:13:26 - INFO - utils.trainer -   AUC: 0.45469
04/17/2026 23:13:26 - INFO - utils.trainer -   Accuracy: 0.27389
04/17/2026 23:13:26 - INFO - utils.trainer -   Precision: 0.11908
04/17/2026 23:13:26 - INFO - utils.trainer -   Recall: 0.24522
04/17/2026 23:13:26 - INFO - utils.trainer -   F_score: 0.11877
04/17/2026 23:13:26 - INFO - utils.trainer -   Loss: 48858421.68438
04/17/2026 23:13:26 - INFO - utils.trainer -   Epoch: 154, Train loss: 2.69859, Test loss: 48858421.68438,Epoch time = 16.851s
04/17/2026 23:13:43 - INFO - utils.trainer -   ***** Running evaluation on test0 dataset *****
04/17/2026 23:13:46 - INFO - utils.trainer -   AUC: 0.49761
04/17/2026 23:13:46 - INFO - utils.trainer -   Accuracy: 0.28025
04/17/2026 23:13:46 - INFO - utils.trainer -   Precision: 0.07051
04/17/2026 23:13:46 - INFO - utils.trainer -   Recall: 0.25000
04/17/2026 23:13:46 - INFO - utils.trainer -   F_score: 0.11000
04/17/2026 23:13:46 - INFO - utils.trainer -   Loss: 51826527.27745
04/17/2026 23:13:46 - INFO - utils.trainer -   Epoch: 155, Train loss: 2.69489, Test loss: 51826527.27745,Epoch time = 17.047s
04/17/2026 23:14:03 - INFO - utils.trainer -   ***** Running evaluation on test0 dataset *****
04/17/2026 23:14:05 - INFO - utils.trainer -   AUC: 0.53652
04/17/2026 23:14:05 - INFO - utils.trainer -   Accuracy: 0.28025
04/17/2026 23:14:05 - INFO - utils.trainer -   Precision: 0.07006
04/17/2026 23:14:05 - INFO - utils.trainer -   Recall: 0.25000
04/17/2026 23:14:05 - INFO - utils.trainer -   F_score: 0.10945
04/17/2026 23:14:05 - INFO - utils.trainer -   Loss: 51299212.07491
04/17/2026 23:14:05 - INFO - utils.trainer -   Epoch: 156, Train loss: 2.69287, Test loss: 51299212.07491,Epoch time = 16.992s
04/17/2026 23:14:23 - INFO - utils.trainer -   ***** Running evaluation on test0 dataset *****
04/17/2026 23:14:25 - INFO - utils.trainer -   AUC: 0.50935
04/17/2026 23:14:25 - INFO - utils.trainer -   Accuracy: 0.28025
04/17/2026 23:14:25 - INFO - utils.trainer -   Precision: 0.07006
04/17/2026 23:14:25 - INFO - utils.trainer -   Recall: 0.25000
04/17/2026 23:14:25 - INFO - utils.trainer -   F_score: 0.10945
04/17/2026 23:14:25 - INFO - utils.trainer -   Loss: 50018344.87970
04/17/2026 23:14:25 - INFO - utils.trainer -   Epoch: 157, Train loss: 2.69358, Test loss: 50018344.87970,Epoch time = 17.487s
04/17/2026 23:14:43 - INFO - utils.trainer -   ***** Running evaluation on test0 dataset *****
04/17/2026 23:14:46 - INFO - utils.trainer -   AUC: 0.50496
04/17/2026 23:14:46 - INFO - utils.trainer -   Accuracy: 0.28025
04/17/2026 23:14:46 - INFO - utils.trainer -   Precision: 0.07006
04/17/2026 23:14:46 - INFO - utils.trainer -   Recall: 0.25000
04/17/2026 23:14:46 - INFO - utils.trainer -   F_score: 0.10945
04/17/2026 23:14:46 - INFO - utils.trainer -   Loss: 52766767.27895
04/17/2026 23:14:46 - INFO - utils.trainer -   Epoch: 158, Train loss: 2.68830, Test loss: 52766767.27895,Epoch time = 17.714s
04/17/2026 23:15:03 - INFO - utils.trainer -   ***** Running evaluation on test0 dataset *****
04/17/2026 23:15:05 - INFO - utils.trainer -   AUC: 0.54831
04/17/2026 23:15:05 - INFO - utils.trainer -   Accuracy: 0.28025
04/17/2026 23:15:05 - INFO - utils.trainer -   Precision: 0.07006
04/17/2026 23:15:05 - INFO - utils.trainer -   Recall: 0.25000
04/17/2026 23:15:05 - INFO - utils.trainer -   F_score: 0.10945
04/17/2026 23:15:05 - INFO - utils.trainer -   Loss: 51371464.87037
04/17/2026 23:15:05 - INFO - utils.trainer -   Epoch: 159, Train loss: 2.69616, Test loss: 51371464.87037,Epoch time = 17.007s
04/17/2026 23:15:22 - INFO - utils.trainer -   ***** Running evaluation on test0 dataset *****
04/17/2026 23:15:25 - INFO - utils.trainer -   AUC: 0.51178
04/17/2026 23:15:25 - INFO - utils.trainer -   Accuracy: 0.28025
04/17/2026 23:15:25 - INFO - utils.trainer -   Precision: 0.07006
04/17/2026 23:15:25 - INFO - utils.trainer -   Recall: 0.25000
04/17/2026 23:15:25 - INFO - utils.trainer -   F_score: 0.10945
04/17/2026 23:15:25 - INFO - utils.trainer -   Loss: 51692213.67798
04/17/2026 23:15:25 - INFO - utils.trainer -   Epoch: 160, Train loss: 2.70210, Test loss: 51692213.67798,Epoch time = 16.846s
04/17/2026 23:15:42 - INFO - utils.trainer -   ***** Running evaluation on test0 dataset *****
04/17/2026 23:15:45 - INFO - utils.trainer -   AUC: 0.45518
04/17/2026 23:15:45 - INFO - utils.trainer -   Accuracy: 0.28025
04/17/2026 23:15:45 - INFO - utils.trainer -   Precision: 0.07051
04/17/2026 23:15:45 - INFO - utils.trainer -   Recall: 0.25000
04/17/2026 23:15:45 - INFO - utils.trainer -   F_score: 0.11000
04/17/2026 23:15:45 - INFO - utils.trainer -   Loss: 52296408.89402
04/17/2026 23:15:45 - INFO - utils.trainer -   Epoch: 161, Train loss: 2.69209, Test loss: 52296408.89402,Epoch time = 17.111s
04/17/2026 23:16:01 - INFO - utils.trainer -   ***** Running evaluation on test0 dataset *****
04/17/2026 23:16:04 - INFO - utils.trainer -   AUC: 0.48991
04/17/2026 23:16:04 - INFO - utils.trainer -   Accuracy: 0.28025
04/17/2026 23:16:04 - INFO - utils.trainer -   Precision: 0.07006
04/17/2026 23:16:04 - INFO - utils.trainer -   Recall: 0.25000
04/17/2026 23:16:04 - INFO - utils.trainer -   F_score: 0.10945
04/17/2026 23:16:04 - INFO - utils.trainer -   Loss: 52124287.28089
04/17/2026 23:16:04 - INFO - utils.trainer -   Epoch: 162, Train loss: 2.68952, Test loss: 52124287.28089,Epoch time = 16.610s
04/17/2026 23:16:21 - INFO - utils.trainer -   ***** Running evaluation on test0 dataset *****
04/17/2026 23:16:24 - INFO - utils.trainer -   AUC: 0.47647
04/17/2026 23:16:24 - INFO - utils.trainer -   Accuracy: 0.28025
04/17/2026 23:16:24 - INFO - utils.trainer -   Precision: 0.07006
04/17/2026 23:16:24 - INFO - utils.trainer -   Recall: 0.25000
04/17/2026 23:16:24 - INFO - utils.trainer -   F_score: 0.10945
04/17/2026 23:16:24 - INFO - utils.trainer -   Loss: 54165212.08239
04/17/2026 23:16:24 - INFO - utils.trainer -   Epoch: 163, Train loss: 2.69631, Test loss: 54165212.08239,Epoch time = 17.174s
04/17/2026 23:16:42 - INFO - utils.trainer -   ***** Running evaluation on test0 dataset *****
04/17/2026 23:16:45 - INFO - utils.trainer -   AUC: 0.46215
04/17/2026 23:16:45 - INFO - utils.trainer -   Accuracy: 0.28025
04/17/2026 23:16:45 - INFO - utils.trainer -   Precision: 0.07006
04/17/2026 23:16:45 - INFO - utils.trainer -   Recall: 0.25000
04/17/2026 23:16:45 - INFO - utils.trainer -   F_score: 0.10945
04/17/2026 23:16:45 - INFO - utils.trainer -   Loss: 54140949.68566
04/17/2026 23:16:45 - INFO - utils.trainer -   Epoch: 164, Train loss: 2.68264, Test loss: 54140949.68566,Epoch time = 17.887s
04/17/2026 23:17:03 - INFO - utils.trainer -   ***** Running evaluation on test0 dataset *****
04/17/2026 23:17:07 - INFO - utils.trainer -   AUC: 0.57480
04/17/2026 23:17:07 - INFO - utils.trainer -   Accuracy: 0.28025
04/17/2026 23:17:07 - INFO - utils.trainer -   Precision: 0.07051
04/17/2026 23:17:07 - INFO - utils.trainer -   Recall: 0.25000
04/17/2026 23:17:07 - INFO - utils.trainer -   F_score: 0.11000
04/17/2026 23:17:07 - INFO - utils.trainer -   Loss: 52669349.67252
04/17/2026 23:17:07 - INFO - utils.trainer -   Epoch: 165, Train loss: 2.69550, Test loss: 52669349.67252,Epoch time = 18.960s
04/17/2026 23:17:25 - INFO - utils.trainer -   ***** Running evaluation on test0 dataset *****
04/17/2026 23:17:28 - INFO - utils.trainer -   AUC: 0.54165
04/17/2026 23:17:28 - INFO - utils.trainer -   Accuracy: 0.28025
04/17/2026 23:17:28 - INFO - utils.trainer -   Precision: 0.07051
04/17/2026 23:17:28 - INFO - utils.trainer -   Recall: 0.25000
04/17/2026 23:17:28 - INFO - utils.trainer -   F_score: 0.11000
04/17/2026 23:17:28 - INFO - utils.trainer -   Loss: 53303826.47579
04/17/2026 23:17:28 - INFO - utils.trainer -   Epoch: 166, Train loss: 2.70158, Test loss: 53303826.47579,Epoch time = 18.523s
04/17/2026 23:17:46 - INFO - utils.trainer -   ***** Running evaluation on test0 dataset *****
04/17/2026 23:17:49 - INFO - utils.trainer -   AUC: 0.51016
04/17/2026 23:17:49 - INFO - utils.trainer -   Accuracy: 0.28025
04/17/2026 23:17:49 - INFO - utils.trainer -   Precision: 0.07097
04/17/2026 23:17:49 - INFO - utils.trainer -   Recall: 0.25000
04/17/2026 23:17:49 - INFO - utils.trainer -   F_score: 0.11055
04/17/2026 23:17:49 - INFO - utils.trainer -   Loss: 54751797.67922
04/17/2026 23:17:49 - INFO - utils.trainer -   Epoch: 167, Train loss: 2.69047, Test loss: 54751797.67922,Epoch time = 17.670s
04/17/2026 23:18:06 - INFO - utils.trainer -   ***** Running evaluation on test0 dataset *****
04/17/2026 23:18:09 - INFO - utils.trainer -   AUC: 0.46367
04/17/2026 23:18:09 - INFO - utils.trainer -   Accuracy: 0.28025
04/17/2026 23:18:09 - INFO - utils.trainer -   Precision: 0.07006
04/17/2026 23:18:09 - INFO - utils.trainer -   Recall: 0.25000
04/17/2026 23:18:09 - INFO - utils.trainer -   F_score: 0.10945
04/17/2026 23:18:09 - INFO - utils.trainer -   Loss: 54552271.28460
04/17/2026 23:18:09 - INFO - utils.trainer -   Epoch: 168, Train loss: 2.69690, Test loss: 54552271.28460,Epoch time = 17.284s
04/17/2026 23:18:26 - INFO - utils.trainer -   ***** Running evaluation on test0 dataset *****
04/17/2026 23:18:28 - INFO - utils.trainer -   AUC: 0.56624
04/17/2026 23:18:28 - INFO - utils.trainer -   Accuracy: 0.28025
04/17/2026 23:18:28 - INFO - utils.trainer -   Precision: 0.07006
04/17/2026 23:18:28 - INFO - utils.trainer -   Recall: 0.25000
04/17/2026 23:18:28 - INFO - utils.trainer -   F_score: 0.10945
04/17/2026 23:18:28 - INFO - utils.trainer -   Loss: 52849020.07052
04/17/2026 23:18:28 - INFO - utils.trainer -   Epoch: 169, Train loss: 2.69415, Test loss: 52849020.07052,Epoch time = 17.174s
04/17/2026 23:18:46 - INFO - utils.trainer -   ***** Running evaluation on test0 dataset *****
04/17/2026 23:18:48 - INFO - utils.trainer -   AUC: 0.53286
04/17/2026 23:18:48 - INFO - utils.trainer -   Accuracy: 0.28025
04/17/2026 23:18:48 - INFO - utils.trainer -   Precision: 0.07006
04/17/2026 23:18:48 - INFO - utils.trainer -   Recall: 0.25000
04/17/2026 23:18:48 - INFO - utils.trainer -   F_score: 0.10945
04/17/2026 23:18:48 - INFO - utils.trainer -   Loss: 53312904.87624
04/17/2026 23:18:48 - INFO - utils.trainer -   Epoch: 170, Train loss: 2.69426, Test loss: 53312904.87624,Epoch time = 17.159s
04/17/2026 23:19:06 - INFO - utils.trainer -   ***** Running evaluation on test0 dataset *****
04/17/2026 23:19:08 - INFO - utils.trainer -   AUC: 0.51584
04/17/2026 23:19:08 - INFO - utils.trainer -   Accuracy: 0.28025
04/17/2026 23:19:08 - INFO - utils.trainer -   Precision: 0.07006
04/17/2026 23:19:08 - INFO - utils.trainer -   Recall: 0.25000
04/17/2026 23:19:08 - INFO - utils.trainer -   F_score: 0.10945
04/17/2026 23:19:08 - INFO - utils.trainer -   Loss: 54310216.87904
04/17/2026 23:19:08 - INFO - utils.trainer -   Epoch: 171, Train loss: 2.68712, Test loss: 54310216.87904,Epoch time = 17.427s
04/17/2026 23:19:25 - INFO - utils.trainer -   ***** Running evaluation on test0 dataset *****
04/17/2026 23:19:28 - INFO - utils.trainer -   AUC: 0.51163
04/17/2026 23:19:28 - INFO - utils.trainer -   Accuracy: 0.28662
04/17/2026 23:19:28 - INFO - utils.trainer -   Precision: 0.32051
04/17/2026 23:19:28 - INFO - utils.trainer -   Recall: 0.25658
04/17/2026 23:19:28 - INFO - utils.trainer -   F_score: 0.12282
04/17/2026 23:19:28 - INFO - utils.trainer -   Loss: 53377957.68049
04/17/2026 23:19:28 - INFO - utils.trainer -   Epoch: 172, Train loss: 2.69484, Test loss: 53377957.68049,Epoch time = 17.179s
04/17/2026 23:19:45 - INFO - utils.trainer -   ***** Running evaluation on test0 dataset *****
04/17/2026 23:19:48 - INFO - utils.trainer -   AUC: 0.52055
04/17/2026 23:19:48 - INFO - utils.trainer -   Accuracy: 0.28025
04/17/2026 23:19:48 - INFO - utils.trainer -   Precision: 0.07006
04/17/2026 23:19:48 - INFO - utils.trainer -   Recall: 0.25000
04/17/2026 23:19:48 - INFO - utils.trainer -   F_score: 0.10945
04/17/2026 23:19:48 - INFO - utils.trainer -   Loss: 55368424.87784
04/17/2026 23:19:48 - INFO - utils.trainer -   Epoch: 173, Train loss: 2.69302, Test loss: 55368424.87784,Epoch time = 16.908s
04/17/2026 23:20:05 - INFO - utils.trainer -   ***** Running evaluation on test0 dataset *****
04/17/2026 23:20:08 - INFO - utils.trainer -   AUC: 0.48850
04/17/2026 23:20:08 - INFO - utils.trainer -   Accuracy: 0.28662
04/17/2026 23:20:08 - INFO - utils.trainer -   Precision: 0.32051
04/17/2026 23:20:08 - INFO - utils.trainer -   Recall: 0.25658
04/17/2026 23:20:08 - INFO - utils.trainer -   F_score: 0.12282
04/17/2026 23:20:08 - INFO - utils.trainer -   Loss: 54616572.07933
04/17/2026 23:20:08 - INFO - utils.trainer -   Epoch: 174, Train loss: 2.70115, Test loss: 54616572.07933,Epoch time = 17.052s
04/17/2026 23:20:25 - INFO - utils.trainer -   ***** Running evaluation on test0 dataset *****
04/17/2026 23:20:27 - INFO - utils.trainer -   AUC: 0.50694
04/17/2026 23:20:27 - INFO - utils.trainer -   Accuracy: 0.28025
04/17/2026 23:20:27 - INFO - utils.trainer -   Precision: 0.07006
04/17/2026 23:20:27 - INFO - utils.trainer -   Recall: 0.25000
04/17/2026 23:20:27 - INFO - utils.trainer -   F_score: 0.10945
04/17/2026 23:20:27 - INFO - utils.trainer -   Loss: 55624162.48107
04/17/2026 23:20:27 - INFO - utils.trainer -   Epoch: 175, Train loss: 2.70120, Test loss: 55624162.48107,Epoch time = 17.130s
04/17/2026 23:20:45 - INFO - utils.trainer -   ***** Running evaluation on test0 dataset *****
04/17/2026 23:20:47 - INFO - utils.trainer -   AUC: 0.49532
04/17/2026 23:20:47 - INFO - utils.trainer -   Accuracy: 0.28025
04/17/2026 23:20:47 - INFO - utils.trainer -   Precision: 0.07006
04/17/2026 23:20:47 - INFO - utils.trainer -   Recall: 0.25000
04/17/2026 23:20:47 - INFO - utils.trainer -   F_score: 0.10945
04/17/2026 23:20:47 - INFO - utils.trainer -   Loss: 54693608.88064
04/17/2026 23:20:47 - INFO - utils.trainer -   Epoch: 176, Train loss: 2.69575, Test loss: 54693608.88064,Epoch time = 17.256s
04/17/2026 23:21:04 - INFO - utils.trainer -   ***** Running evaluation on test0 dataset *****
04/17/2026 23:21:07 - INFO - utils.trainer -   AUC: 0.46621
04/17/2026 23:21:07 - INFO - utils.trainer -   Accuracy: 0.28662
04/17/2026 23:21:07 - INFO - utils.trainer -   Precision: 0.32051
04/17/2026 23:21:07 - INFO - utils.trainer -   Recall: 0.25658
04/17/2026 23:21:07 - INFO - utils.trainer -   F_score: 0.12282
04/17/2026 23:21:07 - INFO - utils.trainer -   Loss: 55208597.68380
04/17/2026 23:21:07 - INFO - utils.trainer -   Epoch: 177, Train loss: 2.69314, Test loss: 55208597.68380,Epoch time = 17.098s
04/17/2026 23:21:24 - INFO - utils.trainer -   ***** Running evaluation on test0 dataset *****
04/17/2026 23:21:27 - INFO - utils.trainer -   AUC: 0.49186
04/17/2026 23:21:27 - INFO - utils.trainer -   Accuracy: 0.28025
04/17/2026 23:21:27 - INFO - utils.trainer -   Precision: 0.07006
04/17/2026 23:21:27 - INFO - utils.trainer -   Recall: 0.25000
04/17/2026 23:21:27 - INFO - utils.trainer -   F_score: 0.10945
04/17/2026 23:21:27 - INFO - utils.trainer -   Loss: 54241135.28158
04/17/2026 23:21:27 - INFO - utils.trainer -   Epoch: 178, Train loss: 2.69681, Test loss: 54241135.28158,Epoch time = 17.179s
04/17/2026 23:21:44 - INFO - utils.trainer -   ***** Running evaluation on test0 dataset *****
04/17/2026 23:21:47 - INFO - utils.trainer -   AUC: 0.50413
04/17/2026 23:21:47 - INFO - utils.trainer -   Accuracy: 0.28025
04/17/2026 23:21:47 - INFO - utils.trainer -   Precision: 0.07006
04/17/2026 23:21:47 - INFO - utils.trainer -   Recall: 0.25000
04/17/2026 23:21:47 - INFO - utils.trainer -   F_score: 0.10945
04/17/2026 23:21:47 - INFO - utils.trainer -   Loss: 56888975.27903
04/17/2026 23:21:47 - INFO - utils.trainer -   Epoch: 179, Train loss: 2.69503, Test loss: 56888975.27903,Epoch time = 17.127s
04/17/2026 23:22:04 - INFO - utils.trainer -   ***** Running evaluation on test0 dataset *****
04/17/2026 23:22:07 - INFO - utils.trainer -   AUC: 0.48211
04/17/2026 23:22:07 - INFO - utils.trainer -   Accuracy: 0.28025
04/17/2026 23:22:07 - INFO - utils.trainer -   Precision: 0.07006
04/17/2026 23:22:07 - INFO - utils.trainer -   Recall: 0.25000
04/17/2026 23:22:07 - INFO - utils.trainer -   F_score: 0.10945
04/17/2026 23:22:07 - INFO - utils.trainer -   Loss: 51766965.68539
04/17/2026 23:22:07 - INFO - utils.trainer -   Epoch: 180, Train loss: 2.69954, Test loss: 51766965.68539,Epoch time = 17.232s
04/17/2026 23:22:25 - INFO - utils.trainer -   ***** Running evaluation on test0 dataset *****
04/17/2026 23:22:28 - INFO - utils.trainer -   AUC: 0.52374
04/17/2026 23:22:28 - INFO - utils.trainer -   Accuracy: 0.28025
04/17/2026 23:22:28 - INFO - utils.trainer -   Precision: 0.07006
04/17/2026 23:22:28 - INFO - utils.trainer -   Recall: 0.25000
04/17/2026 23:22:28 - INFO - utils.trainer -   F_score: 0.10945
04/17/2026 23:22:28 - INFO - utils.trainer -   Loss: 55936815.27753
04/17/2026 23:22:28 - INFO - utils.trainer -   Epoch: 181, Train loss: 2.68954, Test loss: 55936815.27753,Epoch time = 18.327s
04/17/2026 23:22:45 - INFO - utils.trainer -   ***** Running evaluation on test0 dataset *****
04/17/2026 23:22:47 - INFO - utils.trainer -   AUC: 0.47220
04/17/2026 23:22:47 - INFO - utils.trainer -   Accuracy: 0.28025
04/17/2026 23:22:47 - INFO - utils.trainer -   Precision: 0.07006
04/17/2026 23:22:47 - INFO - utils.trainer -   Recall: 0.25000
04/17/2026 23:22:47 - INFO - utils.trainer -   F_score: 0.10945
04/17/2026 23:22:47 - INFO - utils.trainer -   Loss: 55056789.68350
04/17/2026 23:22:47 - INFO - utils.trainer -   Epoch: 182, Train loss: 2.70191, Test loss: 55056789.68350,Epoch time = 17.118s
04/17/2026 23:23:05 - INFO - utils.trainer -   ***** Running evaluation on test0 dataset *****
04/17/2026 23:23:08 - INFO - utils.trainer -   AUC: 0.54215
04/17/2026 23:23:08 - INFO - utils.trainer -   Accuracy: 0.28662
04/17/2026 23:23:08 - INFO - utils.trainer -   Precision: 0.19597
04/17/2026 23:23:08 - INFO - utils.trainer -   Recall: 0.25658
04/17/2026 23:23:08 - INFO - utils.trainer -   F_score: 0.12305
04/17/2026 23:23:08 - INFO - utils.trainer -   Loss: 55225295.27569
04/17/2026 23:23:08 - INFO - utils.trainer -   Epoch: 183, Train loss: 2.69803, Test loss: 55225295.27569,Epoch time = 17.630s
04/17/2026 23:23:25 - INFO - utils.trainer -   ***** Running evaluation on test0 dataset *****
04/17/2026 23:23:27 - INFO - utils.trainer -   AUC: 0.47607
04/17/2026 23:23:27 - INFO - utils.trainer -   Accuracy: 0.28025
04/17/2026 23:23:27 - INFO - utils.trainer -   Precision: 0.07051
04/17/2026 23:23:27 - INFO - utils.trainer -   Recall: 0.25000
04/17/2026 23:23:27 - INFO - utils.trainer -   F_score: 0.11000
04/17/2026 23:23:27 - INFO - utils.trainer -   Loss: 57714095.28299
04/17/2026 23:23:27 - INFO - utils.trainer -   Epoch: 184, Train loss: 2.69027, Test loss: 57714095.28299,Epoch time = 16.982s
04/17/2026 23:23:45 - INFO - utils.trainer -   ***** Running evaluation on test0 dataset *****
04/17/2026 23:23:48 - INFO - utils.trainer -   AUC: 0.51967
04/17/2026 23:23:48 - INFO - utils.trainer -   Accuracy: 0.28025
04/17/2026 23:23:48 - INFO - utils.trainer -   Precision: 0.07051
04/17/2026 23:23:48 - INFO - utils.trainer -   Recall: 0.25000
04/17/2026 23:23:48 - INFO - utils.trainer -   F_score: 0.11000
04/17/2026 23:23:48 - INFO - utils.trainer -   Loss: 53537413.67803
04/17/2026 23:23:48 - INFO - utils.trainer -   Epoch: 185, Train loss: 2.70127, Test loss: 53537413.67803,Epoch time = 17.803s
04/17/2026 23:24:05 - INFO - utils.trainer -   ***** Running evaluation on test0 dataset *****
04/17/2026 23:24:08 - INFO - utils.trainer -   AUC: 0.49247
04/17/2026 23:24:08 - INFO - utils.trainer -   Accuracy: 0.28025
04/17/2026 23:24:08 - INFO - utils.trainer -   Precision: 0.07006
04/17/2026 23:24:08 - INFO - utils.trainer -   Recall: 0.25000
04/17/2026 23:24:08 - INFO - utils.trainer -   F_score: 0.10945
04/17/2026 23:24:08 - INFO - utils.trainer -   Loss: 55391292.08224
04/17/2026 23:24:08 - INFO - utils.trainer -   Epoch: 186, Train loss: 2.69530, Test loss: 55391292.08224,Epoch time = 17.658s
04/17/2026 23:24:25 - INFO - utils.trainer -   ***** Running evaluation on test0 dataset *****
04/17/2026 23:24:28 - INFO - utils.trainer -   AUC: 0.51380
04/17/2026 23:24:28 - INFO - utils.trainer -   Accuracy: 0.28025
04/17/2026 23:24:28 - INFO - utils.trainer -   Precision: 0.07006
04/17/2026 23:24:28 - INFO - utils.trainer -   Recall: 0.25000
04/17/2026 23:24:28 - INFO - utils.trainer -   F_score: 0.10945
04/17/2026 23:24:28 - INFO - utils.trainer -   Loss: 56739144.87771
04/17/2026 23:24:28 - INFO - utils.trainer -   Epoch: 187, Train loss: 2.69490, Test loss: 56739144.87771,Epoch time = 17.466s
04/17/2026 23:24:45 - INFO - utils.trainer -   ***** Running evaluation on test0 dataset *****
04/17/2026 23:24:48 - INFO - utils.trainer -   AUC: 0.47268
04/17/2026 23:24:48 - INFO - utils.trainer -   Accuracy: 0.28025
04/17/2026 23:24:48 - INFO - utils.trainer -   Precision: 0.07051
04/17/2026 23:24:48 - INFO - utils.trainer -   Recall: 0.25000
04/17/2026 23:24:48 - INFO - utils.trainer -   F_score: 0.11000
04/17/2026 23:24:48 - INFO - utils.trainer -   Loss: 55869544.88519
04/17/2026 23:24:48 - INFO - utils.trainer -   Epoch: 188, Train loss: 2.69716, Test loss: 55869544.88519,Epoch time = 17.221s
04/17/2026 23:25:05 - INFO - utils.trainer -   ***** Running evaluation on test0 dataset *****
04/17/2026 23:25:08 - INFO - utils.trainer -   AUC: 0.59062
04/17/2026 23:25:08 - INFO - utils.trainer -   Accuracy: 0.28662
04/17/2026 23:25:08 - INFO - utils.trainer -   Precision: 0.32051
04/17/2026 23:25:08 - INFO - utils.trainer -   Recall: 0.25658
04/17/2026 23:25:08 - INFO - utils.trainer -   F_score: 0.12282
04/17/2026 23:25:08 - INFO - utils.trainer -   Loss: 55544949.67049
04/17/2026 23:25:08 - INFO - utils.trainer -   Epoch: 189, Train loss: 2.69848, Test loss: 55544949.67049,Epoch time = 17.190s
04/17/2026 23:25:25 - INFO - utils.trainer -   ***** Running evaluation on test0 dataset *****
04/17/2026 23:25:28 - INFO - utils.trainer -   AUC: 0.56086
04/17/2026 23:25:28 - INFO - utils.trainer -   Accuracy: 0.28662
04/17/2026 23:25:28 - INFO - utils.trainer -   Precision: 0.32051
04/17/2026 23:25:28 - INFO - utils.trainer -   Recall: 0.25658
04/17/2026 23:25:28 - INFO - utils.trainer -   F_score: 0.12282
04/17/2026 23:25:28 - INFO - utils.trainer -   Loss: 54932245.67172
04/17/2026 23:25:28 - INFO - utils.trainer -   Epoch: 190, Train loss: 2.69769, Test loss: 54932245.67172,Epoch time = 17.064s
04/17/2026 23:25:45 - INFO - utils.trainer -   ***** Running evaluation on test0 dataset *****
04/17/2026 23:25:47 - INFO - utils.trainer -   AUC: 0.56719
04/17/2026 23:25:47 - INFO - utils.trainer -   Accuracy: 0.28662
04/17/2026 23:25:47 - INFO - utils.trainer -   Precision: 0.32051
04/17/2026 23:25:47 - INFO - utils.trainer -   Recall: 0.25658
04/17/2026 23:25:47 - INFO - utils.trainer -   F_score: 0.12282
04/17/2026 23:25:47 - INFO - utils.trainer -   Loss: 57885890.47153
04/17/2026 23:25:47 - INFO - utils.trainer -   Epoch: 191, Train loss: 2.69101, Test loss: 57885890.47153,Epoch time = 16.997s
04/17/2026 23:26:04 - INFO - utils.trainer -   ***** Running evaluation on test0 dataset *****
04/17/2026 23:26:07 - INFO - utils.trainer -   AUC: 0.54286
04/17/2026 23:26:07 - INFO - utils.trainer -   Accuracy: 0.28025
04/17/2026 23:26:07 - INFO - utils.trainer -   Precision: 0.07006
04/17/2026 23:26:07 - INFO - utils.trainer -   Recall: 0.25000
04/17/2026 23:26:07 - INFO - utils.trainer -   F_score: 0.10945
04/17/2026 23:26:07 - INFO - utils.trainer -   Loss: 57398549.67287
04/17/2026 23:26:07 - INFO - utils.trainer -   Epoch: 192, Train loss: 2.69677, Test loss: 57398549.67287,Epoch time = 17.259s
04/17/2026 23:26:25 - INFO - utils.trainer -   ***** Running evaluation on test0 dataset *****
04/17/2026 23:26:27 - INFO - utils.trainer -   AUC: 0.49998
04/17/2026 23:26:27 - INFO - utils.trainer -   Accuracy: 0.28025
04/17/2026 23:26:27 - INFO - utils.trainer -   Precision: 0.19435
04/17/2026 23:26:27 - INFO - utils.trainer -   Recall: 0.25090
04/17/2026 23:26:27 - INFO - utils.trainer -   F_score: 0.12054
04/17/2026 23:26:27 - INFO - utils.trainer -   Loss: 57866197.67965
04/17/2026 23:26:27 - INFO - utils.trainer -   Epoch: 193, Train loss: 2.69041, Test loss: 57866197.67965,Epoch time = 17.355s
04/17/2026 23:26:45 - INFO - utils.trainer -   ***** Running evaluation on test0 dataset *****
04/17/2026 23:26:47 - INFO - utils.trainer -   AUC: 0.47358
04/17/2026 23:26:47 - INFO - utils.trainer -   Accuracy: 0.29299
04/17/2026 23:26:47 - INFO - utils.trainer -   Precision: 0.57097
04/17/2026 23:26:47 - INFO - utils.trainer -   Recall: 0.26316
04/17/2026 23:26:47 - INFO - utils.trainer -   F_score: 0.13619
04/17/2026 23:26:47 - INFO - utils.trainer -   Loss: 54608751.28249
04/17/2026 23:26:47 - INFO - utils.trainer -   Epoch: 194, Train loss: 2.70053, Test loss: 54608751.28249,Epoch time = 17.258s
04/17/2026 23:27:04 - INFO - utils.trainer -   ***** Running evaluation on test0 dataset *****
04/17/2026 23:27:07 - INFO - utils.trainer -   AUC: 0.49647
04/17/2026 23:27:07 - INFO - utils.trainer -   Accuracy: 0.28025
04/17/2026 23:27:07 - INFO - utils.trainer -   Precision: 0.07006
04/17/2026 23:27:07 - INFO - utils.trainer -   Recall: 0.25000
04/17/2026 23:27:07 - INFO - utils.trainer -   F_score: 0.10945
04/17/2026 23:27:07 - INFO - utils.trainer -   Loss: 56738287.27939
04/17/2026 23:27:07 - INFO - utils.trainer -   Epoch: 195, Train loss: 2.69446, Test loss: 56738287.27939,Epoch time = 17.187s
04/17/2026 23:27:24 - INFO - utils.trainer -   ***** Running evaluation on test0 dataset *****
04/17/2026 23:27:27 - INFO - utils.trainer -   AUC: 0.47841
04/17/2026 23:27:27 - INFO - utils.trainer -   Accuracy: 0.28025
04/17/2026 23:27:27 - INFO - utils.trainer -   Precision: 0.07006
04/17/2026 23:27:27 - INFO - utils.trainer -   Recall: 0.25000
04/17/2026 23:27:27 - INFO - utils.trainer -   F_score: 0.10945
04/17/2026 23:27:27 - INFO - utils.trainer -   Loss: 53380658.48388
04/17/2026 23:27:27 - INFO - utils.trainer -   Epoch: 196, Train loss: 2.69307, Test loss: 53380658.48388,Epoch time = 17.022s
04/17/2026 23:27:44 - INFO - utils.trainer -   ***** Running evaluation on test0 dataset *****
04/17/2026 23:27:47 - INFO - utils.trainer -   AUC: 0.49340
04/17/2026 23:27:47 - INFO - utils.trainer -   Accuracy: 0.28025
04/17/2026 23:27:47 - INFO - utils.trainer -   Precision: 0.07006
04/17/2026 23:27:47 - INFO - utils.trainer -   Recall: 0.25000
04/17/2026 23:27:47 - INFO - utils.trainer -   F_score: 0.10945
04/17/2026 23:27:47 - INFO - utils.trainer -   Loss: 55135612.08182
04/17/2026 23:27:47 - INFO - utils.trainer -   Epoch: 197, Train loss: 2.69876, Test loss: 55135612.08182,Epoch time = 17.401s
04/17/2026 23:28:04 - INFO - utils.trainer -   ***** Running evaluation on test0 dataset *****
04/17/2026 23:28:07 - INFO - utils.trainer -   AUC: 0.49789
04/17/2026 23:28:07 - INFO - utils.trainer -   Accuracy: 0.28025
04/17/2026 23:28:07 - INFO - utils.trainer -   Precision: 0.07006
04/17/2026 23:28:07 - INFO - utils.trainer -   Recall: 0.25000
04/17/2026 23:28:07 - INFO - utils.trainer -   F_score: 0.10945
04/17/2026 23:28:07 - INFO - utils.trainer -   Loss: 56845442.48070
04/17/2026 23:28:07 - INFO - utils.trainer -   Epoch: 198, Train loss: 2.69130, Test loss: 56845442.48070,Epoch time = 17.117s
04/17/2026 23:28:24 - INFO - utils.trainer -   ***** Running evaluation on test0 dataset *****
04/17/2026 23:28:26 - INFO - utils.trainer -   AUC: 0.49156
04/17/2026 23:28:26 - INFO - utils.trainer -   Accuracy: 0.28662
04/17/2026 23:28:26 - INFO - utils.trainer -   Precision: 0.32051
04/17/2026 23:28:26 - INFO - utils.trainer -   Recall: 0.25658
04/17/2026 23:28:26 - INFO - utils.trainer -   F_score: 0.12282
04/17/2026 23:28:26 - INFO - utils.trainer -   Loss: 55086223.28052
04/17/2026 23:28:26 - INFO - utils.trainer -   Epoch: 199, Train loss: 2.69339, Test loss: 55086223.28052,Epoch time = 16.989s
04/17/2026 23:28:43 - INFO - utils.trainer -   ***** Running evaluation on test0 dataset *****
04/17/2026 23:28:46 - INFO - utils.trainer -   AUC: 0.47473
04/17/2026 23:28:46 - INFO - utils.trainer -   Accuracy: 0.28025
04/17/2026 23:28:46 - INFO - utils.trainer -   Precision: 0.07006
04/17/2026 23:28:46 - INFO - utils.trainer -   Recall: 0.25000
04/17/2026 23:28:46 - INFO - utils.trainer -   F_score: 0.10945
04/17/2026 23:28:46 - INFO - utils.trainer -   Loss: 56904514.48490
04/17/2026 23:28:46 - INFO - utils.trainer -   Epoch: 200, Train loss: 2.69704, Test loss: 56904514.48490,Epoch time = 16.871s
04/17/2026 23:28:52 - INFO - __main__ -   ########## Repeat:1 ##########
04/17/2026 23:28:52 - INFO - utils.trainer -   ***** Running training *****
04/17/2026 23:28:52 - INFO - utils.trainer -     Num examples = 19
04/17/2026 23:28:52 - INFO - utils.trainer -     Num Epochs = 200
04/17/2026 23:28:52 - INFO - utils.trainer -     Total train batch size = 16
04/17/2026 23:28:52 - INFO - utils.trainer -     warmup steps = 400
04/17/2026 23:28:52 - INFO - utils.trainer -     Total optimization steps = 3800
04/17/2026 23:28:52 - INFO - utils.trainer -     Save steps = 200
04/17/2026 23:28:52 - INFO - root -   Parameters [normal] length [118]
04/17/2026 23:29:02 - INFO - utils.trainer -   ***** Running evaluation on test1 dataset *****
04/17/2026 23:29:05 - INFO - utils.trainer -   AUC: 0.48859
04/17/2026 23:29:05 - INFO - utils.trainer -   Accuracy: 0.22293
04/17/2026 23:29:05 - INFO - utils.trainer -   Precision: 0.22508
04/17/2026 23:29:05 - INFO - utils.trainer -   Recall: 0.22678
04/17/2026 23:29:05 - INFO - utils.trainer -   F_score: 0.17546
04/17/2026 23:29:05 - INFO - utils.trainer -   Loss: 2.64741
04/17/2026 23:29:05 - INFO - utils.trainer -   Saving model checkpoint to output_dir/SrCVIB
04/17/2026 23:29:05 - INFO - utils.trainer -   Epoch: 1, Train loss: 3.66916, Test loss: 2.64741,Epoch time = 10.880s
04/17/2026 23:29:22 - INFO - utils.trainer -   ***** Running evaluation on test1 dataset *****
04/17/2026 23:29:25 - INFO - utils.trainer -   AUC: 0.48622
04/17/2026 23:29:25 - INFO - utils.trainer -   Accuracy: 0.18471
04/17/2026 23:29:25 - INFO - utils.trainer -   Precision: 0.18795
04/17/2026 23:29:25 - INFO - utils.trainer -   Recall: 0.18521
04/17/2026 23:29:25 - INFO - utils.trainer -   F_score: 0.17939
04/17/2026 23:29:25 - INFO - utils.trainer -   Loss: 2.62371
04/17/2026 23:29:25 - INFO - utils.trainer -   Saving model checkpoint to output_dir/SrCVIB
04/17/2026 23:29:25 - INFO - utils.trainer -   Epoch: 2, Train loss: 5.12443, Test loss: 2.62371,Epoch time = 17.003s
04/17/2026 23:29:42 - INFO - utils.trainer -   ***** Running evaluation on test1 dataset *****
04/17/2026 23:29:45 - INFO - utils.trainer -   AUC: 0.51588
04/17/2026 23:29:45 - INFO - utils.trainer -   Accuracy: 0.28662
04/17/2026 23:29:45 - INFO - utils.trainer -   Precision: 0.30515
04/17/2026 23:29:45 - INFO - utils.trainer -   Recall: 0.28943
04/17/2026 23:29:45 - INFO - utils.trainer -   F_score: 0.24565
04/17/2026 23:29:45 - INFO - utils.trainer -   Loss: 2.63728
04/17/2026 23:29:45 - INFO - utils.trainer -   Saving model checkpoint to output_dir/SrCVIB
04/17/2026 23:29:45 - INFO - utils.trainer -   Epoch: 3, Train loss: 4.13066, Test loss: 2.63728,Epoch time = 16.981s
04/17/2026 23:30:02 - INFO - utils.trainer -   ***** Running evaluation on test1 dataset *****
04/17/2026 23:30:05 - INFO - utils.trainer -   AUC: 0.52457
04/17/2026 23:30:05 - INFO - utils.trainer -   Accuracy: 0.30573
04/17/2026 23:30:05 - INFO - utils.trainer -   Precision: 0.31546
04/17/2026 23:30:05 - INFO - utils.trainer -   Recall: 0.29948
04/17/2026 23:30:05 - INFO - utils.trainer -   F_score: 0.29965
04/17/2026 23:30:05 - INFO - utils.trainer -   Loss: 2.96625
04/17/2026 23:30:05 - INFO - utils.trainer -   Saving model checkpoint to output_dir/SrCVIB
04/17/2026 23:30:05 - INFO - utils.trainer -   Epoch: 4, Train loss: 3.71081, Test loss: 2.96625,Epoch time = 17.072s
04/17/2026 23:30:22 - INFO - utils.trainer -   ***** Running evaluation on test1 dataset *****
04/17/2026 23:30:25 - INFO - utils.trainer -   AUC: 0.43964
04/17/2026 23:30:25 - INFO - utils.trainer -   Accuracy: 0.24841
04/17/2026 23:30:25 - INFO - utils.trainer -   Precision: 0.15839
04/17/2026 23:30:25 - INFO - utils.trainer -   Recall: 0.22448
04/17/2026 23:30:25 - INFO - utils.trainer -   F_score: 0.13523
04/17/2026 23:30:25 - INFO - utils.trainer -   Loss: 3.61784
04/17/2026 23:30:25 - INFO - utils.trainer -   Epoch: 5, Train loss: 3.18625, Test loss: 3.61784,Epoch time = 17.083s
04/17/2026 23:30:42 - INFO - utils.trainer -   ***** Running evaluation on test1 dataset *****
04/17/2026 23:30:45 - INFO - utils.trainer -   AUC: 0.52447
04/17/2026 23:30:45 - INFO - utils.trainer -   Accuracy: 0.27389
04/17/2026 23:30:45 - INFO - utils.trainer -   Precision: 0.28988
04/17/2026 23:30:45 - INFO - utils.trainer -   Recall: 0.26762
04/17/2026 23:30:45 - INFO - utils.trainer -   F_score: 0.25416
04/17/2026 23:30:45 - INFO - utils.trainer -   Loss: 5.62036
04/17/2026 23:30:45 - INFO - utils.trainer -   Epoch: 6, Train loss: 2.94051, Test loss: 5.62036,Epoch time = 17.324s
04/17/2026 23:31:02 - INFO - utils.trainer -   ***** Running evaluation on test1 dataset *****
04/17/2026 23:31:05 - INFO - utils.trainer -   AUC: 0.48617
04/17/2026 23:31:05 - INFO - utils.trainer -   Accuracy: 0.26115
04/17/2026 23:31:05 - INFO - utils.trainer -   Precision: 0.28392
04/17/2026 23:31:05 - INFO - utils.trainer -   Recall: 0.25062
04/17/2026 23:31:05 - INFO - utils.trainer -   F_score: 0.23467
04/17/2026 23:31:05 - INFO - utils.trainer -   Loss: 3.41504
04/17/2026 23:31:05 - INFO - utils.trainer -   Epoch: 7, Train loss: 2.92262, Test loss: 3.41504,Epoch time = 17.215s
04/17/2026 23:31:21 - INFO - utils.trainer -   ***** Running evaluation on test1 dataset *****
04/17/2026 23:31:24 - INFO - utils.trainer -   AUC: 0.51573
04/17/2026 23:31:24 - INFO - utils.trainer -   Accuracy: 0.31847
04/17/2026 23:31:24 - INFO - utils.trainer -   Precision: 0.30858
04/17/2026 23:31:24 - INFO - utils.trainer -   Recall: 0.30611
04/17/2026 23:31:24 - INFO - utils.trainer -   F_score: 0.27840
04/17/2026 23:31:24 - INFO - utils.trainer -   Loss: 4.65066
04/17/2026 23:31:24 - INFO - utils.trainer -   Epoch: 8, Train loss: 2.91003, Test loss: 4.65066,Epoch time = 16.643s
04/17/2026 23:31:41 - INFO - utils.trainer -   ***** Running evaluation on test1 dataset *****
04/17/2026 23:31:44 - INFO - utils.trainer -   AUC: 0.53105
04/17/2026 23:31:44 - INFO - utils.trainer -   Accuracy: 0.28025
04/17/2026 23:31:44 - INFO - utils.trainer -   Precision: 0.28434
04/17/2026 23:31:44 - INFO - utils.trainer -   Recall: 0.27653
04/17/2026 23:31:44 - INFO - utils.trainer -   F_score: 0.27697
04/17/2026 23:31:44 - INFO - utils.trainer -   Loss: 3.79131
04/17/2026 23:31:44 - INFO - utils.trainer -   Epoch: 9, Train loss: 2.85224, Test loss: 3.79131,Epoch time = 17.156s
04/17/2026 23:32:01 - INFO - utils.trainer -   ***** Running evaluation on test1 dataset *****
04/17/2026 23:32:04 - INFO - utils.trainer -   AUC: 0.47242
04/17/2026 23:32:04 - INFO - utils.trainer -   Accuracy: 0.23567
04/17/2026 23:32:04 - INFO - utils.trainer -   Precision: 0.23687
04/17/2026 23:32:04 - INFO - utils.trainer -   Recall: 0.23322
04/17/2026 23:32:04 - INFO - utils.trainer -   F_score: 0.22544
04/17/2026 23:32:04 - INFO - utils.trainer -   Loss: 3.33476
04/17/2026 23:32:04 - INFO - utils.trainer -   Epoch: 10, Train loss: 2.83570, Test loss: 3.33476,Epoch time = 17.341s
04/17/2026 23:32:22 - INFO - utils.trainer -   ***** Running evaluation on test1 dataset *****
04/17/2026 23:32:24 - INFO - utils.trainer -   AUC: 0.48771
04/17/2026 23:32:24 - INFO - utils.trainer -   Accuracy: 0.24204
04/17/2026 23:32:24 - INFO - utils.trainer -   Precision: 0.22497
04/17/2026 23:32:24 - INFO - utils.trainer -   Recall: 0.23273
04/17/2026 23:32:24 - INFO - utils.trainer -   F_score: 0.21896
04/17/2026 23:32:24 - INFO - utils.trainer -   Loss: 5.58840
04/17/2026 23:32:24 - INFO - utils.trainer -   Epoch: 11, Train loss: 2.78493, Test loss: 5.58840,Epoch time = 17.187s
04/17/2026 23:32:41 - INFO - utils.trainer -   ***** Running evaluation on test1 dataset *****
04/17/2026 23:32:44 - INFO - utils.trainer -   AUC: 0.47997
04/17/2026 23:32:44 - INFO - utils.trainer -   Accuracy: 0.21656
04/17/2026 23:32:44 - INFO - utils.trainer -   Precision: 0.21023
04/17/2026 23:32:44 - INFO - utils.trainer -   Recall: 0.21665
04/17/2026 23:32:44 - INFO - utils.trainer -   F_score: 0.20632
04/17/2026 23:32:44 - INFO - utils.trainer -   Loss: 3.02559
04/17/2026 23:32:44 - INFO - utils.trainer -   Epoch: 12, Train loss: 2.75559, Test loss: 3.02559,Epoch time = 16.990s
04/17/2026 23:33:01 - INFO - utils.trainer -   ***** Running evaluation on test1 dataset *****
04/17/2026 23:33:04 - INFO - utils.trainer -   AUC: 0.45551
04/17/2026 23:33:04 - INFO - utils.trainer -   Accuracy: 0.22293
04/17/2026 23:33:04 - INFO - utils.trainer -   Precision: 0.22054
04/17/2026 23:33:04 - INFO - utils.trainer -   Recall: 0.22039
04/17/2026 23:33:04 - INFO - utils.trainer -   F_score: 0.21646
04/17/2026 23:33:04 - INFO - utils.trainer -   Loss: 3.15124
04/17/2026 23:33:04 - INFO - utils.trainer -   Epoch: 13, Train loss: 2.75199, Test loss: 3.15124,Epoch time = 17.066s
04/17/2026 23:33:21 - INFO - utils.trainer -   ***** Running evaluation on test1 dataset *****
04/17/2026 23:33:24 - INFO - utils.trainer -   AUC: 0.51273
04/17/2026 23:33:24 - INFO - utils.trainer -   Accuracy: 0.28025
04/17/2026 23:33:24 - INFO - utils.trainer -   Precision: 0.28147
04/17/2026 23:33:24 - INFO - utils.trainer -   Recall: 0.28050
04/17/2026 23:33:24 - INFO - utils.trainer -   F_score: 0.27890
04/17/2026 23:33:24 - INFO - utils.trainer -   Loss: 3.40021
04/17/2026 23:33:24 - INFO - utils.trainer -   Epoch: 14, Train loss: 2.71249, Test loss: 3.40021,Epoch time = 17.099s
04/17/2026 23:33:41 - INFO - utils.trainer -   ***** Running evaluation on test1 dataset *****
04/17/2026 23:33:44 - INFO - utils.trainer -   AUC: 0.49080
04/17/2026 23:33:44 - INFO - utils.trainer -   Accuracy: 0.24204
04/17/2026 23:33:44 - INFO - utils.trainer -   Precision: 0.26728
04/17/2026 23:33:44 - INFO - utils.trainer -   Recall: 0.24014
04/17/2026 23:33:44 - INFO - utils.trainer -   F_score: 0.23332
04/17/2026 23:33:44 - INFO - utils.trainer -   Loss: 3.38607
04/17/2026 23:33:44 - INFO - utils.trainer -   Epoch: 15, Train loss: 2.76380, Test loss: 3.38607,Epoch time = 17.255s
04/17/2026 23:34:01 - INFO - utils.trainer -   ***** Running evaluation on test1 dataset *****
04/17/2026 23:34:04 - INFO - utils.trainer -   AUC: 0.55400
04/17/2026 23:34:04 - INFO - utils.trainer -   Accuracy: 0.32484
04/17/2026 23:34:04 - INFO - utils.trainer -   Precision: 0.33910
04/17/2026 23:34:04 - INFO - utils.trainer -   Recall: 0.31273
04/17/2026 23:34:04 - INFO - utils.trainer -   F_score: 0.30043
04/17/2026 23:34:04 - INFO - utils.trainer -   Loss: 3.68142
04/17/2026 23:34:04 - INFO - utils.trainer -   Saving model checkpoint to output_dir/SrCVIB
04/17/2026 23:34:04 - INFO - utils.trainer -   Epoch: 16, Train loss: 2.72174, Test loss: 3.68142,Epoch time = 17.388s
04/17/2026 23:34:21 - INFO - utils.trainer -   ***** Running evaluation on test1 dataset *****
04/17/2026 23:34:24 - INFO - utils.trainer -   AUC: 0.48439
04/17/2026 23:34:24 - INFO - utils.trainer -   Accuracy: 0.26752
04/17/2026 23:34:24 - INFO - utils.trainer -   Precision: 0.31814
04/17/2026 23:34:24 - INFO - utils.trainer -   Recall: 0.25386
04/17/2026 23:34:24 - INFO - utils.trainer -   F_score: 0.22352
04/17/2026 23:34:24 - INFO - utils.trainer -   Loss: 4.43179
04/17/2026 23:34:24 - INFO - utils.trainer -   Epoch: 17, Train loss: 2.71709, Test loss: 4.43179,Epoch time = 17.230s
04/17/2026 23:34:41 - INFO - utils.trainer -   ***** Running evaluation on test1 dataset *****
04/17/2026 23:34:44 - INFO - utils.trainer -   AUC: 0.53371
04/17/2026 23:34:44 - INFO - utils.trainer -   Accuracy: 0.24841
04/17/2026 23:34:44 - INFO - utils.trainer -   Precision: 0.14368
04/17/2026 23:34:44 - INFO - utils.trainer -   Recall: 0.24199
04/17/2026 23:34:44 - INFO - utils.trainer -   F_score: 0.16175
04/17/2026 23:34:44 - INFO - utils.trainer -   Loss: 5.94257
04/17/2026 23:34:44 - INFO - utils.trainer -   Epoch: 18, Train loss: 2.68900, Test loss: 5.94257,Epoch time = 17.153s
04/17/2026 23:35:01 - INFO - utils.trainer -   ***** Running evaluation on test1 dataset *****
04/17/2026 23:35:04 - INFO - utils.trainer -   AUC: 0.52760
04/17/2026 23:35:04 - INFO - utils.trainer -   Accuracy: 0.29299
04/17/2026 23:35:04 - INFO - utils.trainer -   Precision: 0.33056
04/17/2026 23:35:04 - INFO - utils.trainer -   Recall: 0.28687
04/17/2026 23:35:04 - INFO - utils.trainer -   F_score: 0.28072
04/17/2026 23:35:04 - INFO - utils.trainer -   Loss: 7.77096
04/17/2026 23:35:04 - INFO - utils.trainer -   Epoch: 19, Train loss: 2.68738, Test loss: 7.77096,Epoch time = 17.381s
04/17/2026 23:35:21 - INFO - utils.trainer -   ***** Running evaluation on test1 dataset *****
04/17/2026 23:35:24 - INFO - utils.trainer -   AUC: 0.50083
04/17/2026 23:35:24 - INFO - utils.trainer -   Accuracy: 0.31847
04/17/2026 23:35:24 - INFO - utils.trainer -   Precision: 0.25797
04/17/2026 23:35:24 - INFO - utils.trainer -   Recall: 0.29749
04/17/2026 23:35:24 - INFO - utils.trainer -   F_score: 0.24496
04/17/2026 23:35:24 - INFO - utils.trainer -   Loss: 12.23224
04/17/2026 23:35:24 - INFO - utils.trainer -   Epoch: 20, Train loss: 2.70240, Test loss: 12.23224,Epoch time = 17.324s
04/17/2026 23:35:41 - INFO - utils.trainer -   ***** Running evaluation on test1 dataset *****
04/17/2026 23:35:44 - INFO - utils.trainer -   AUC: 0.50670
04/17/2026 23:35:44 - INFO - utils.trainer -   Accuracy: 0.24841
04/17/2026 23:35:44 - INFO - utils.trainer -   Precision: 0.27395
04/17/2026 23:35:44 - INFO - utils.trainer -   Recall: 0.24722
04/17/2026 23:35:44 - INFO - utils.trainer -   F_score: 0.25293
04/17/2026 23:35:44 - INFO - utils.trainer -   Loss: 15.89720
04/17/2026 23:35:44 - INFO - utils.trainer -   Epoch: 21, Train loss: 2.70933, Test loss: 15.89720,Epoch time = 16.883s
04/17/2026 23:36:01 - INFO - utils.trainer -   ***** Running evaluation on test1 dataset *****
04/17/2026 23:36:04 - INFO - utils.trainer -   AUC: 0.45301
04/17/2026 23:36:04 - INFO - utils.trainer -   Accuracy: 0.22930
04/17/2026 23:36:04 - INFO - utils.trainer -   Precision: 0.19164
04/17/2026 23:36:04 - INFO - utils.trainer -   Recall: 0.21450
04/17/2026 23:36:04 - INFO - utils.trainer -   F_score: 0.18047
04/17/2026 23:36:04 - INFO - utils.trainer -   Loss: 41.46455
04/17/2026 23:36:04 - INFO - utils.trainer -   Epoch: 22, Train loss: 2.71524, Test loss: 41.46455,Epoch time = 17.507s
04/17/2026 23:36:21 - INFO - utils.trainer -   ***** Running evaluation on test1 dataset *****
04/17/2026 23:36:24 - INFO - utils.trainer -   AUC: 0.50029
04/17/2026 23:36:24 - INFO - utils.trainer -   Accuracy: 0.28025
04/17/2026 23:36:24 - INFO - utils.trainer -   Precision: 0.27163
04/17/2026 23:36:24 - INFO - utils.trainer -   Recall: 0.26917
04/17/2026 23:36:24 - INFO - utils.trainer -   F_score: 0.24990
04/17/2026 23:36:24 - INFO - utils.trainer -   Loss: 46.22871
04/17/2026 23:36:24 - INFO - utils.trainer -   Epoch: 23, Train loss: 2.70365, Test loss: 46.22871,Epoch time = 16.997s
04/17/2026 23:36:42 - INFO - utils.trainer -   ***** Running evaluation on test1 dataset *****
04/17/2026 23:36:45 - INFO - utils.trainer -   AUC: 0.55342
04/17/2026 23:36:45 - INFO - utils.trainer -   Accuracy: 0.28025
04/17/2026 23:36:45 - INFO - utils.trainer -   Precision: 0.21905
04/17/2026 23:36:45 - INFO - utils.trainer -   Recall: 0.27977
04/17/2026 23:36:45 - INFO - utils.trainer -   F_score: 0.22605
04/17/2026 23:36:45 - INFO - utils.trainer -   Loss: 45.08854
04/17/2026 23:36:45 - INFO - utils.trainer -   Epoch: 24, Train loss: 2.68652, Test loss: 45.08854,Epoch time = 17.774s
04/17/2026 23:37:02 - INFO - utils.trainer -   ***** Running evaluation on test1 dataset *****
04/17/2026 23:37:05 - INFO - utils.trainer -   AUC: 0.54659
04/17/2026 23:37:05 - INFO - utils.trainer -   Accuracy: 0.30573
04/17/2026 23:37:05 - INFO - utils.trainer -   Precision: 0.28353
04/17/2026 23:37:05 - INFO - utils.trainer -   Recall: 0.29476
04/17/2026 23:37:05 - INFO - utils.trainer -   F_score: 0.28207
04/17/2026 23:37:05 - INFO - utils.trainer -   Loss: 76.39384
04/17/2026 23:37:05 - INFO - utils.trainer -   Epoch: 25, Train loss: 2.69287, Test loss: 76.39384,Epoch time = 17.193s
04/17/2026 23:37:22 - INFO - utils.trainer -   ***** Running evaluation on test1 dataset *****
04/17/2026 23:37:25 - INFO - utils.trainer -   AUC: 0.51346
04/17/2026 23:37:25 - INFO - utils.trainer -   Accuracy: 0.24841
04/17/2026 23:37:25 - INFO - utils.trainer -   Precision: 0.25999
04/17/2026 23:37:25 - INFO - utils.trainer -   Recall: 0.24764
04/17/2026 23:37:25 - INFO - utils.trainer -   F_score: 0.24367
04/17/2026 23:37:25 - INFO - utils.trainer -   Loss: 120.50764
04/17/2026 23:37:25 - INFO - utils.trainer -   Epoch: 26, Train loss: 2.68037, Test loss: 120.50764,Epoch time = 17.072s
04/17/2026 23:37:42 - INFO - utils.trainer -   ***** Running evaluation on test1 dataset *****
04/17/2026 23:37:45 - INFO - utils.trainer -   AUC: 0.47351
04/17/2026 23:37:45 - INFO - utils.trainer -   Accuracy: 0.24204
04/17/2026 23:37:45 - INFO - utils.trainer -   Precision: 0.23161
04/17/2026 23:37:45 - INFO - utils.trainer -   Recall: 0.23259
04/17/2026 23:37:45 - INFO - utils.trainer -   F_score: 0.20935
04/17/2026 23:37:45 - INFO - utils.trainer -   Loss: 830.26218
04/17/2026 23:37:45 - INFO - utils.trainer -   Epoch: 27, Train loss: 2.68240, Test loss: 830.26218,Epoch time = 17.093s
04/17/2026 23:38:02 - INFO - utils.trainer -   ***** Running evaluation on test1 dataset *****
04/17/2026 23:38:05 - INFO - utils.trainer -   AUC: 0.46462
04/17/2026 23:38:05 - INFO - utils.trainer -   Accuracy: 0.23567
04/17/2026 23:38:05 - INFO - utils.trainer -   Precision: 0.23258
04/17/2026 23:38:05 - INFO - utils.trainer -   Recall: 0.22960
04/17/2026 23:38:05 - INFO - utils.trainer -   F_score: 0.21840
04/17/2026 23:38:05 - INFO - utils.trainer -   Loss: 339.77251
04/17/2026 23:38:05 - INFO - utils.trainer -   Epoch: 28, Train loss: 2.67625, Test loss: 339.77251,Epoch time = 17.325s
04/17/2026 23:38:22 - INFO - utils.trainer -   ***** Running evaluation on test1 dataset *****
04/17/2026 23:38:25 - INFO - utils.trainer -   AUC: 0.51639
04/17/2026 23:38:25 - INFO - utils.trainer -   Accuracy: 0.28662
04/17/2026 23:38:25 - INFO - utils.trainer -   Precision: 0.19937
04/17/2026 23:38:25 - INFO - utils.trainer -   Recall: 0.27239
04/17/2026 23:38:25 - INFO - utils.trainer -   F_score: 0.21967
04/17/2026 23:38:25 - INFO - utils.trainer -   Loss: 1087.35578
04/17/2026 23:38:25 - INFO - utils.trainer -   Epoch: 29, Train loss: 2.67625, Test loss: 1087.35578,Epoch time = 17.002s
04/17/2026 23:38:42 - INFO - utils.trainer -   ***** Running evaluation on test1 dataset *****
04/17/2026 23:38:44 - INFO - utils.trainer -   AUC: 0.51596
04/17/2026 23:38:44 - INFO - utils.trainer -   Accuracy: 0.28025
04/17/2026 23:38:44 - INFO - utils.trainer -   Precision: 0.28387
04/17/2026 23:38:44 - INFO - utils.trainer -   Recall: 0.27596
04/17/2026 23:38:44 - INFO - utils.trainer -   F_score: 0.26543
04/17/2026 23:38:44 - INFO - utils.trainer -   Loss: 2050.09520
04/17/2026 23:38:44 - INFO - utils.trainer -   Epoch: 30, Train loss: 2.67517, Test loss: 2050.09520,Epoch time = 17.017s
04/17/2026 23:39:02 - INFO - utils.trainer -   ***** Running evaluation on test1 dataset *****
04/17/2026 23:39:05 - INFO - utils.trainer -   AUC: 0.44528
04/17/2026 23:39:05 - INFO - utils.trainer -   Accuracy: 0.22930
04/17/2026 23:39:05 - INFO - utils.trainer -   Precision: 0.24237
04/17/2026 23:39:05 - INFO - utils.trainer -   Recall: 0.22729
04/17/2026 23:39:05 - INFO - utils.trainer -   F_score: 0.22981
04/17/2026 23:39:05 - INFO - utils.trainer -   Loss: 1732.28114
04/17/2026 23:39:05 - INFO - utils.trainer -   Epoch: 31, Train loss: 2.69570, Test loss: 1732.28114,Epoch time = 17.503s
04/17/2026 23:39:22 - INFO - utils.trainer -   ***** Running evaluation on test1 dataset *****
04/17/2026 23:39:24 - INFO - utils.trainer -   AUC: 0.48120
04/17/2026 23:39:24 - INFO - utils.trainer -   Accuracy: 0.21656
04/17/2026 23:39:24 - INFO - utils.trainer -   Precision: 0.20768
04/17/2026 23:39:24 - INFO - utils.trainer -   Recall: 0.20925
04/17/2026 23:39:24 - INFO - utils.trainer -   F_score: 0.20199
04/17/2026 23:39:24 - INFO - utils.trainer -   Loss: 1490.58532
04/17/2026 23:39:24 - INFO - utils.trainer -   Epoch: 32, Train loss: 2.69969, Test loss: 1490.58532,Epoch time = 17.029s
04/17/2026 23:39:41 - INFO - utils.trainer -   ***** Running evaluation on test1 dataset *****
04/17/2026 23:39:44 - INFO - utils.trainer -   AUC: 0.49907
04/17/2026 23:39:44 - INFO - utils.trainer -   Accuracy: 0.26752
04/17/2026 23:39:44 - INFO - utils.trainer -   Precision: 0.25034
04/17/2026 23:39:44 - INFO - utils.trainer -   Recall: 0.25313
04/17/2026 23:39:44 - INFO - utils.trainer -   F_score: 0.22396
04/17/2026 23:39:44 - INFO - utils.trainer -   Loss: 7262.63037
04/17/2026 23:39:44 - INFO - utils.trainer -   Epoch: 33, Train loss: 2.67694, Test loss: 7262.63037,Epoch time = 16.992s
04/17/2026 23:40:02 - INFO - utils.trainer -   ***** Running evaluation on test1 dataset *****
04/17/2026 23:40:05 - INFO - utils.trainer -   AUC: 0.52426
04/17/2026 23:40:05 - INFO - utils.trainer -   Accuracy: 0.29299
04/17/2026 23:40:05 - INFO - utils.trainer -   Precision: 0.32099
04/17/2026 23:40:05 - INFO - utils.trainer -   Recall: 0.29156
04/17/2026 23:40:05 - INFO - utils.trainer -   F_score: 0.29017
04/17/2026 23:40:05 - INFO - utils.trainer -   Loss: 9475.84862
04/17/2026 23:40:05 - INFO - utils.trainer -   Epoch: 34, Train loss: 2.69166, Test loss: 9475.84862,Epoch time = 17.544s
04/17/2026 23:40:22 - INFO - utils.trainer -   ***** Running evaluation on test1 dataset *****
04/17/2026 23:40:25 - INFO - utils.trainer -   AUC: 0.52868
04/17/2026 23:40:25 - INFO - utils.trainer -   Accuracy: 0.28025
04/17/2026 23:40:25 - INFO - utils.trainer -   Precision: 0.25347
04/17/2026 23:40:25 - INFO - utils.trainer -   Recall: 0.26954
04/17/2026 23:40:25 - INFO - utils.trainer -   F_score: 0.25699
04/17/2026 23:40:25 - INFO - utils.trainer -   Loss: 14800.57750
04/17/2026 23:40:25 - INFO - utils.trainer -   Epoch: 35, Train loss: 2.69611, Test loss: 14800.57750,Epoch time = 17.226s
04/17/2026 23:40:42 - INFO - utils.trainer -   ***** Running evaluation on test1 dataset *****
04/17/2026 23:40:44 - INFO - utils.trainer -   AUC: 0.56279
04/17/2026 23:40:44 - INFO - utils.trainer -   Accuracy: 0.30573
04/17/2026 23:40:44 - INFO - utils.trainer -   Precision: 0.28557
04/17/2026 23:40:44 - INFO - utils.trainer -   Recall: 0.29370
04/17/2026 23:40:44 - INFO - utils.trainer -   F_score: 0.27490
04/17/2026 23:40:44 - INFO - utils.trainer -   Loss: 27044.48551
04/17/2026 23:40:44 - INFO - utils.trainer -   Epoch: 36, Train loss: 2.67299, Test loss: 27044.48551,Epoch time = 16.966s
04/17/2026 23:41:02 - INFO - utils.trainer -   ***** Running evaluation on test1 dataset *****
04/17/2026 23:41:04 - INFO - utils.trainer -   AUC: 0.49730
04/17/2026 23:41:04 - INFO - utils.trainer -   Accuracy: 0.22293
04/17/2026 23:41:04 - INFO - utils.trainer -   Precision: 0.19840
04/17/2026 23:41:04 - INFO - utils.trainer -   Recall: 0.21240
04/17/2026 23:41:04 - INFO - utils.trainer -   F_score: 0.19285
04/17/2026 23:41:04 - INFO - utils.trainer -   Loss: 33903.64568
04/17/2026 23:41:04 - INFO - utils.trainer -   Epoch: 37, Train loss: 2.66449, Test loss: 33903.64568,Epoch time = 17.112s
04/17/2026 23:41:21 - INFO - utils.trainer -   ***** Running evaluation on test1 dataset *****
04/17/2026 23:41:24 - INFO - utils.trainer -   AUC: 0.54098
04/17/2026 23:41:24 - INFO - utils.trainer -   Accuracy: 0.30573
04/17/2026 23:41:24 - INFO - utils.trainer -   Precision: 0.27928
04/17/2026 23:41:24 - INFO - utils.trainer -   Recall: 0.29711
04/17/2026 23:41:24 - INFO - utils.trainer -   F_score: 0.27870
04/17/2026 23:41:24 - INFO - utils.trainer -   Loss: 92871.57461
04/17/2026 23:41:24 - INFO - utils.trainer -   Epoch: 38, Train loss: 2.68191, Test loss: 92871.57461,Epoch time = 17.052s
04/17/2026 23:41:41 - INFO - utils.trainer -   ***** Running evaluation on test1 dataset *****
04/17/2026 23:41:44 - INFO - utils.trainer -   AUC: 0.57181
04/17/2026 23:41:44 - INFO - utils.trainer -   Accuracy: 0.29299
04/17/2026 23:41:44 - INFO - utils.trainer -   Precision: 0.28432
04/17/2026 23:41:44 - INFO - utils.trainer -   Recall: 0.26949
04/17/2026 23:41:44 - INFO - utils.trainer -   F_score: 0.20134
04/17/2026 23:41:44 - INFO - utils.trainer -   Loss: 244039.72080
04/17/2026 23:41:44 - INFO - utils.trainer -   Epoch: 39, Train loss: 2.68850, Test loss: 244039.72080,Epoch time = 17.244s
04/17/2026 23:42:01 - INFO - utils.trainer -   ***** Running evaluation on test1 dataset *****
04/17/2026 23:42:04 - INFO - utils.trainer -   AUC: 0.49467
04/17/2026 23:42:04 - INFO - utils.trainer -   Accuracy: 0.24841
04/17/2026 23:42:04 - INFO - utils.trainer -   Precision: 0.18228
04/17/2026 23:42:04 - INFO - utils.trainer -   Recall: 0.22866
04/17/2026 23:42:04 - INFO - utils.trainer -   F_score: 0.17186
04/17/2026 23:42:04 - INFO - utils.trainer -   Loss: 1060132.69492
04/17/2026 23:42:04 - INFO - utils.trainer -   Epoch: 40, Train loss: 2.69278, Test loss: 1060132.69492,Epoch time = 17.218s
04/17/2026 23:42:21 - INFO - utils.trainer -   ***** Running evaluation on test1 dataset *****
04/17/2026 23:42:24 - INFO - utils.trainer -   AUC: 0.50034
04/17/2026 23:42:24 - INFO - utils.trainer -   Accuracy: 0.24204
04/17/2026 23:42:24 - INFO - utils.trainer -   Precision: 0.21409
04/17/2026 23:42:24 - INFO - utils.trainer -   Recall: 0.23071
04/17/2026 23:42:24 - INFO - utils.trainer -   F_score: 0.21514
04/17/2026 23:42:24 - INFO - utils.trainer -   Loss: 491474.46762
04/17/2026 23:42:24 - INFO - utils.trainer -   Epoch: 41, Train loss: 2.67928, Test loss: 491474.46762,Epoch time = 17.127s
04/17/2026 23:42:41 - INFO - utils.trainer -   ***** Running evaluation on test1 dataset *****
04/17/2026 23:42:44 - INFO - utils.trainer -   AUC: 0.50411
04/17/2026 23:42:44 - INFO - utils.trainer -   Accuracy: 0.24204
04/17/2026 23:42:44 - INFO - utils.trainer -   Precision: 0.18150
04/17/2026 23:42:44 - INFO - utils.trainer -   Recall: 0.22171
04/17/2026 23:42:44 - INFO - utils.trainer -   F_score: 0.15909
04/17/2026 23:42:44 - INFO - utils.trainer -   Loss: 735576.63437
04/17/2026 23:42:44 - INFO - utils.trainer -   Epoch: 42, Train loss: 2.67239, Test loss: 735576.63437,Epoch time = 16.841s
04/17/2026 23:43:01 - INFO - utils.trainer -   ***** Running evaluation on test1 dataset *****
04/17/2026 23:43:04 - INFO - utils.trainer -   AUC: 0.50684
04/17/2026 23:43:04 - INFO - utils.trainer -   Accuracy: 0.26115
04/17/2026 23:43:04 - INFO - utils.trainer -   Precision: 0.20925
04/17/2026 23:43:04 - INFO - utils.trainer -   Recall: 0.24582
04/17/2026 23:43:04 - INFO - utils.trainer -   F_score: 0.20372
04/17/2026 23:43:04 - INFO - utils.trainer -   Loss: 1562928.17206
04/17/2026 23:43:04 - INFO - utils.trainer -   Epoch: 43, Train loss: 2.68165, Test loss: 1562928.17206,Epoch time = 17.308s
04/17/2026 23:43:21 - INFO - utils.trainer -   ***** Running evaluation on test1 dataset *****
04/17/2026 23:43:24 - INFO - utils.trainer -   AUC: 0.46530
04/17/2026 23:43:24 - INFO - utils.trainer -   Accuracy: 0.22930
04/17/2026 23:43:24 - INFO - utils.trainer -   Precision: 0.20399
04/17/2026 23:43:24 - INFO - utils.trainer -   Recall: 0.21540
04/17/2026 23:43:24 - INFO - utils.trainer -   F_score: 0.18680
04/17/2026 23:43:24 - INFO - utils.trainer -   Loss: 4595666.09895
04/17/2026 23:43:24 - INFO - utils.trainer -   Epoch: 44, Train loss: 2.66819, Test loss: 4595666.09895,Epoch time = 17.151s
04/17/2026 23:43:41 - INFO - utils.trainer -   ***** Running evaluation on test1 dataset *****
04/17/2026 23:43:44 - INFO - utils.trainer -   AUC: 0.51363
04/17/2026 23:43:44 - INFO - utils.trainer -   Accuracy: 0.29299
04/17/2026 23:43:44 - INFO - utils.trainer -   Precision: 0.28901
04/17/2026 23:43:44 - INFO - utils.trainer -   Recall: 0.28357
04/17/2026 23:43:44 - INFO - utils.trainer -   F_score: 0.27345
04/17/2026 23:43:44 - INFO - utils.trainer -   Loss: 7895256.87673
04/17/2026 23:43:44 - INFO - utils.trainer -   Epoch: 45, Train loss: 2.66556, Test loss: 7895256.87673,Epoch time = 16.990s
04/17/2026 23:44:01 - INFO - utils.trainer -   ***** Running evaluation on test1 dataset *****
04/17/2026 23:44:04 - INFO - utils.trainer -   AUC: 0.55167
04/17/2026 23:44:04 - INFO - utils.trainer -   Accuracy: 0.32484
04/17/2026 23:44:04 - INFO - utils.trainer -   Precision: 0.31870
04/17/2026 23:44:04 - INFO - utils.trainer -   Recall: 0.31980
04/17/2026 23:44:04 - INFO - utils.trainer -   F_score: 0.31489
04/17/2026 23:44:04 - INFO - utils.trainer -   Loss: 17301404.06252
04/17/2026 23:44:04 - INFO - utils.trainer -   Saving model checkpoint to output_dir/SrCVIB
04/17/2026 23:44:04 - INFO - utils.trainer -   Epoch: 46, Train loss: 2.67450, Test loss: 17301404.06252,Epoch time = 17.182s
04/17/2026 23:44:21 - INFO - utils.trainer -   ***** Running evaluation on test1 dataset *****
04/17/2026 23:44:24 - INFO - utils.trainer -   AUC: 0.50555
04/17/2026 23:44:24 - INFO - utils.trainer -   Accuracy: 0.26115
04/17/2026 23:44:24 - INFO - utils.trainer -   Precision: 0.23175
04/17/2026 23:44:24 - INFO - utils.trainer -   Recall: 0.24981
04/17/2026 23:44:24 - INFO - utils.trainer -   F_score: 0.21826
04/17/2026 23:44:24 - INFO - utils.trainer -   Loss: 44618786.47316
04/17/2026 23:44:24 - INFO - utils.trainer -   Epoch: 47, Train loss: 2.68282, Test loss: 44618786.47316,Epoch time = 17.161s
04/17/2026 23:44:41 - INFO - utils.trainer -   ***** Running evaluation on test1 dataset *****
04/17/2026 23:44:44 - INFO - utils.trainer -   AUC: 0.54159
04/17/2026 23:44:44 - INFO - utils.trainer -   Accuracy: 0.26752
04/17/2026 23:44:44 - INFO - utils.trainer -   Precision: 0.13595
04/17/2026 23:44:44 - INFO - utils.trainer -   Recall: 0.24301
04/17/2026 23:44:44 - INFO - utils.trainer -   F_score: 0.15936
04/17/2026 23:44:44 - INFO - utils.trainer -   Loss: 90009794.46309
04/17/2026 23:44:44 - INFO - utils.trainer -   Epoch: 48, Train loss: 2.65942, Test loss: 90009794.46309,Epoch time = 17.018s
04/17/2026 23:45:00 - INFO - utils.trainer -   ***** Running evaluation on test1 dataset *****
04/17/2026 23:45:03 - INFO - utils.trainer -   AUC: 0.48696
04/17/2026 23:45:03 - INFO - utils.trainer -   Accuracy: 0.26115
04/17/2026 23:45:03 - INFO - utils.trainer -   Precision: 0.27681
04/17/2026 23:45:03 - INFO - utils.trainer -   Recall: 0.24434
04/17/2026 23:45:03 - INFO - utils.trainer -   F_score: 0.20628
04/17/2026 23:45:03 - INFO - utils.trainer -   Loss: 309703.14847
04/17/2026 23:45:03 - INFO - utils.trainer -   Epoch: 49, Train loss: 0.56011, Test loss: 309703.14847,Epoch time = 16.881s
04/17/2026 23:45:21 - INFO - utils.trainer -   ***** Running evaluation on test1 dataset *****
04/17/2026 23:45:23 - INFO - utils.trainer -   AUC: 0.43726
04/17/2026 23:45:23 - INFO - utils.trainer -   Accuracy: 0.24204
04/17/2026 23:45:23 - INFO - utils.trainer -   Precision: 0.17366
04/17/2026 23:45:23 - INFO - utils.trainer -   Recall: 0.22149
04/17/2026 23:45:23 - INFO - utils.trainer -   F_score: 0.15350
04/17/2026 23:45:23 - INFO - utils.trainer -   Loss: 123209.82465
04/17/2026 23:45:23 - INFO - utils.trainer -   Epoch: 50, Train loss: 2.76607, Test loss: 123209.82465,Epoch time = 17.309s
04/17/2026 23:45:41 - INFO - utils.trainer -   ***** Running evaluation on test1 dataset *****
04/17/2026 23:45:44 - INFO - utils.trainer -   AUC: 0.46783
04/17/2026 23:45:44 - INFO - utils.trainer -   Accuracy: 0.17834
04/17/2026 23:45:44 - INFO - utils.trainer -   Precision: 0.13240
04/17/2026 23:45:44 - INFO - utils.trainer -   Recall: 0.16360
04/17/2026 23:45:44 - INFO - utils.trainer -   F_score: 0.12621
04/17/2026 23:45:44 - INFO - utils.trainer -   Loss: -196703434.31700
04/17/2026 23:45:44 - INFO - utils.trainer -   Epoch: 51, Train loss: 2.62137, Test loss: -196703434.31700,Epoch time = 17.264s
04/17/2026 23:46:01 - INFO - utils.trainer -   ***** Running evaluation on test1 dataset *****
04/17/2026 23:46:04 - INFO - utils.trainer -   AUC: 0.52870
04/17/2026 23:46:04 - INFO - utils.trainer -   Accuracy: 0.29936
04/17/2026 23:46:04 - INFO - utils.trainer -   Precision: 0.26635
04/17/2026 23:46:04 - INFO - utils.trainer -   Recall: 0.28059
04/17/2026 23:46:04 - INFO - utils.trainer -   F_score: 0.23804
04/17/2026 23:46:04 - INFO - utils.trainer -   Loss: -56324029.53479
04/17/2026 23:46:04 - INFO - utils.trainer -   Epoch: 52, Train loss: 2.31748, Test loss: -56324029.53479,Epoch time = 17.232s
04/17/2026 23:46:21 - INFO - utils.trainer -   ***** Running evaluation on test1 dataset *****
04/17/2026 23:46:24 - INFO - utils.trainer -   AUC: 0.48613
04/17/2026 23:46:24 - INFO - utils.trainer -   Accuracy: 0.25478
04/17/2026 23:46:24 - INFO - utils.trainer -   Precision: 0.24936
04/17/2026 23:46:24 - INFO - utils.trainer -   Recall: 0.23467
04/17/2026 23:46:24 - INFO - utils.trainer -   F_score: 0.17710
04/17/2026 23:46:24 - INFO - utils.trainer -   Loss: -68171920.73180
04/17/2026 23:46:24 - INFO - utils.trainer -   Epoch: 53, Train loss: 2.67868, Test loss: -68171920.73180,Epoch time = 17.215s
04/17/2026 23:46:41 - INFO - utils.trainer -   ***** Running evaluation on test1 dataset *****
04/17/2026 23:46:44 - INFO - utils.trainer -   AUC: 0.47982
04/17/2026 23:46:44 - INFO - utils.trainer -   Accuracy: 0.23567
04/17/2026 23:46:44 - INFO - utils.trainer -   Precision: 0.22737
04/17/2026 23:46:44 - INFO - utils.trainer -   Recall: 0.22091
04/17/2026 23:46:44 - INFO - utils.trainer -   F_score: 0.18657
04/17/2026 23:46:44 - INFO - utils.trainer -   Loss: 97288072.87361
04/17/2026 23:46:44 - INFO - utils.trainer -   Epoch: 54, Train loss: 2.46748, Test loss: 97288072.87361,Epoch time = 17.295s
04/17/2026 23:47:02 - INFO - utils.trainer -   ***** Running evaluation on test1 dataset *****
04/17/2026 23:47:05 - INFO - utils.trainer -   AUC: 0.55864
04/17/2026 23:47:05 - INFO - utils.trainer -   Accuracy: 0.30573
04/17/2026 23:47:05 - INFO - utils.trainer -   Precision: 0.30907
04/17/2026 23:47:05 - INFO - utils.trainer -   Recall: 0.28178
04/17/2026 23:47:05 - INFO - utils.trainer -   F_score: 0.21257
04/17/2026 23:47:05 - INFO - utils.trainer -   Loss: -116918282.34069
04/17/2026 23:47:05 - INFO - utils.trainer -   Epoch: 55, Train loss: 2.65468, Test loss: -116918282.34069,Epoch time = 17.781s
04/17/2026 23:47:22 - INFO - utils.trainer -   ***** Running evaluation on test1 dataset *****
04/17/2026 23:47:24 - INFO - utils.trainer -   AUC: 0.56343
04/17/2026 23:47:24 - INFO - utils.trainer -   Accuracy: 0.29299
04/17/2026 23:47:24 - INFO - utils.trainer -   Precision: 0.38964
04/17/2026 23:47:24 - INFO - utils.trainer -   Recall: 0.27297
04/17/2026 23:47:24 - INFO - utils.trainer -   F_score: 0.21722
04/17/2026 23:47:24 - INFO - utils.trainer -   Loss: -46467264.74876
04/17/2026 23:47:24 - INFO - utils.trainer -   Epoch: 56, Train loss: 2.72191, Test loss: -46467264.74876,Epoch time = 16.940s
04/17/2026 23:47:41 - INFO - utils.trainer -   ***** Running evaluation on test1 dataset *****
04/17/2026 23:47:44 - INFO - utils.trainer -   AUC: 0.51219
04/17/2026 23:47:44 - INFO - utils.trainer -   Accuracy: 0.26115
04/17/2026 23:47:44 - INFO - utils.trainer -   Precision: 0.12725
04/17/2026 23:47:44 - INFO - utils.trainer -   Recall: 0.24242
04/17/2026 23:47:44 - INFO - utils.trainer -   F_score: 0.16562
04/17/2026 23:47:44 - INFO - utils.trainer -   Loss: -225188221.54012
04/17/2026 23:47:44 - INFO - utils.trainer -   Epoch: 57, Train loss: 2.65240, Test loss: -225188221.54012,Epoch time = 16.840s
04/17/2026 23:48:01 - INFO - utils.trainer -   ***** Running evaluation on test1 dataset *****
04/17/2026 23:48:04 - INFO - utils.trainer -   AUC: 0.44622
04/17/2026 23:48:04 - INFO - utils.trainer -   Accuracy: 0.25478
04/17/2026 23:48:04 - INFO - utils.trainer -   Precision: 0.25214
04/17/2026 23:48:04 - INFO - utils.trainer -   Recall: 0.24162
04/17/2026 23:48:04 - INFO - utils.trainer -   F_score: 0.19658
04/17/2026 23:48:04 - INFO - utils.trainer -   Loss: 178361448.88575
04/17/2026 23:48:04 - INFO - utils.trainer -   Epoch: 58, Train loss: 2.73911, Test loss: 178361448.88575,Epoch time = 17.307s
04/17/2026 23:48:21 - INFO - utils.trainer -   ***** Running evaluation on test1 dataset *****
04/17/2026 23:48:24 - INFO - utils.trainer -   AUC: 0.56582
04/17/2026 23:48:24 - INFO - utils.trainer -   Accuracy: 0.31210
04/17/2026 23:48:24 - INFO - utils.trainer -   Precision: 0.40708
04/17/2026 23:48:24 - INFO - utils.trainer -   Recall: 0.29581
04/17/2026 23:48:24 - INFO - utils.trainer -   F_score: 0.25246
04/17/2026 23:48:24 - INFO - utils.trainer -   Loss: -270965271.14611
04/17/2026 23:48:24 - INFO - utils.trainer -   Epoch: 59, Train loss: 2.55256, Test loss: -270965271.14611,Epoch time = 17.032s
04/17/2026 23:48:41 - INFO - utils.trainer -   ***** Running evaluation on test1 dataset *****
04/17/2026 23:48:44 - INFO - utils.trainer -   AUC: 0.44343
04/17/2026 23:48:44 - INFO - utils.trainer -   Accuracy: 0.27389
04/17/2026 23:48:44 - INFO - utils.trainer -   Precision: 0.21612
04/17/2026 23:48:44 - INFO - utils.trainer -   Recall: 0.25298
04/17/2026 23:48:44 - INFO - utils.trainer -   F_score: 0.19703
04/17/2026 23:48:44 - INFO - utils.trainer -   Loss: 90196360.89643
04/17/2026 23:48:44 - INFO - utils.trainer -   Epoch: 60, Train loss: 2.55589, Test loss: 90196360.89643,Epoch time = 17.070s
04/17/2026 23:49:01 - INFO - utils.trainer -   ***** Running evaluation on test1 dataset *****
04/17/2026 23:49:04 - INFO - utils.trainer -   AUC: 0.52933
04/17/2026 23:49:04 - INFO - utils.trainer -   Accuracy: 0.29936
04/17/2026 23:49:04 - INFO - utils.trainer -   Precision: 0.42947
04/17/2026 23:49:04 - INFO - utils.trainer -   Recall: 0.27843
04/17/2026 23:49:04 - INFO - utils.trainer -   F_score: 0.22923
04/17/2026 23:49:04 - INFO - utils.trainer -   Loss: 227590607.26844
04/17/2026 23:49:04 - INFO - utils.trainer -   Epoch: 61, Train loss: 2.65854, Test loss: 227590607.26844,Epoch time = 17.029s
04/17/2026 23:49:21 - INFO - utils.trainer -   ***** Running evaluation on test1 dataset *****
04/17/2026 23:49:24 - INFO - utils.trainer -   AUC: 0.54219
04/17/2026 23:49:24 - INFO - utils.trainer -   Accuracy: 0.32484
04/17/2026 23:49:24 - INFO - utils.trainer -   Precision: 0.32989
04/17/2026 23:49:24 - INFO - utils.trainer -   Recall: 0.29939
04/17/2026 23:49:24 - INFO - utils.trainer -   F_score: 0.22932
04/17/2026 23:49:24 - INFO - utils.trainer -   Loss: -50884963.94317
04/17/2026 23:49:24 - INFO - utils.trainer -   Epoch: 62, Train loss: 5.07557, Test loss: -50884963.94317,Epoch time = 16.999s
04/17/2026 23:49:41 - INFO - utils.trainer -   ***** Running evaluation on test1 dataset *****
04/17/2026 23:49:44 - INFO - utils.trainer -   AUC: 0.56480
04/17/2026 23:49:44 - INFO - utils.trainer -   Accuracy: 0.28662
04/17/2026 23:49:44 - INFO - utils.trainer -   Precision: 0.25784
04/17/2026 23:49:44 - INFO - utils.trainer -   Recall: 0.26524
04/17/2026 23:49:44 - INFO - utils.trainer -   F_score: 0.20632
04/17/2026 23:49:44 - INFO - utils.trainer -   Loss: -36173792.74261
04/17/2026 23:49:44 - INFO - utils.trainer -   Epoch: 63, Train loss: 2.71019, Test loss: -36173792.74261,Epoch time = 17.116s
04/17/2026 23:50:01 - INFO - utils.trainer -   ***** Running evaluation on test1 dataset *****
04/17/2026 23:50:04 - INFO - utils.trainer -   AUC: 0.57265
04/17/2026 23:50:04 - INFO - utils.trainer -   Accuracy: 0.25478
04/17/2026 23:50:04 - INFO - utils.trainer -   Precision: 0.19548
04/17/2026 23:50:04 - INFO - utils.trainer -   Recall: 0.23465
04/17/2026 23:50:04 - INFO - utils.trainer -   F_score: 0.17101
04/17/2026 23:50:04 - INFO - utils.trainer -   Loss: -36022896.74096
04/17/2026 23:50:04 - INFO - utils.trainer -   Epoch: 64, Train loss: 2.68710, Test loss: -36022896.74096,Epoch time = 17.051s
04/17/2026 23:50:21 - INFO - utils.trainer -   ***** Running evaluation on test1 dataset *****
04/17/2026 23:50:24 - INFO - utils.trainer -   AUC: 0.54379
04/17/2026 23:50:24 - INFO - utils.trainer -   Accuracy: 0.25478
04/17/2026 23:50:24 - INFO - utils.trainer -   Precision: 0.25807
04/17/2026 23:50:24 - INFO - utils.trainer -   Recall: 0.23666
04/17/2026 23:50:24 - INFO - utils.trainer -   F_score: 0.19272
04/17/2026 23:50:24 - INFO - utils.trainer -   Loss: -44811389.53522
04/17/2026 23:50:24 - INFO - utils.trainer -   Epoch: 65, Train loss: 2.68383, Test loss: -44811389.53522,Epoch time = 17.581s
04/17/2026 23:50:41 - INFO - utils.trainer -   ***** Running evaluation on test1 dataset *****
04/17/2026 23:50:44 - INFO - utils.trainer -   AUC: 0.54226
04/17/2026 23:50:44 - INFO - utils.trainer -   Accuracy: 0.29936
04/17/2026 23:50:44 - INFO - utils.trainer -   Precision: 0.32056
04/17/2026 23:50:44 - INFO - utils.trainer -   Recall: 0.28541
04/17/2026 23:50:44 - INFO - utils.trainer -   F_score: 0.25242
04/17/2026 23:50:44 - INFO - utils.trainer -   Loss: -51827533.54081
04/17/2026 23:50:44 - INFO - utils.trainer -   Epoch: 66, Train loss: 2.66554, Test loss: -51827533.54081,Epoch time = 17.068s
04/17/2026 23:51:01 - INFO - utils.trainer -   ***** Running evaluation on test1 dataset *****
04/17/2026 23:51:04 - INFO - utils.trainer -   AUC: 0.49258
04/17/2026 23:51:04 - INFO - utils.trainer -   Accuracy: 0.28662
04/17/2026 23:51:04 - INFO - utils.trainer -   Precision: 0.26908
04/17/2026 23:51:04 - INFO - utils.trainer -   Recall: 0.27119
04/17/2026 23:51:04 - INFO - utils.trainer -   F_score: 0.23973
04/17/2026 23:51:04 - INFO - utils.trainer -   Loss: -66684823.11329
04/17/2026 23:51:04 - INFO - utils.trainer -   Epoch: 67, Train loss: 2.67848, Test loss: -66684823.11329,Epoch time = 16.996s
04/17/2026 23:51:21 - INFO - utils.trainer -   ***** Running evaluation on test1 dataset *****
04/17/2026 23:51:24 - INFO - utils.trainer -   AUC: 0.58461
04/17/2026 23:51:24 - INFO - utils.trainer -   Accuracy: 0.29299
04/17/2026 23:51:24 - INFO - utils.trainer -   Precision: 0.22224
04/17/2026 23:51:24 - INFO - utils.trainer -   Recall: 0.26991
04/17/2026 23:51:24 - INFO - utils.trainer -   F_score: 0.19339
04/17/2026 23:51:24 - INFO - utils.trainer -   Loss: -118424624.75718
04/17/2026 23:51:24 - INFO - utils.trainer -   Epoch: 68, Train loss: 2.65785, Test loss: -118424624.75718,Epoch time = 17.122s
04/17/2026 23:51:41 - INFO - utils.trainer -   ***** Running evaluation on test1 dataset *****
04/17/2026 23:51:43 - INFO - utils.trainer -   AUC: 0.60483
04/17/2026 23:51:43 - INFO - utils.trainer -   Accuracy: 0.36943
04/17/2026 23:51:43 - INFO - utils.trainer -   Precision: 0.41360
04/17/2026 23:51:43 - INFO - utils.trainer -   Recall: 0.35149
04/17/2026 23:51:43 - INFO - utils.trainer -   F_score: 0.30240
04/17/2026 23:51:43 - INFO - utils.trainer -   Loss: -206835683.96522
04/17/2026 23:51:43 - INFO - utils.trainer -   Epoch: 69, Train loss: 3.00556, Test loss: -206835683.96522,Epoch time = 17.065s
04/17/2026 23:52:01 - INFO - utils.trainer -   ***** Running evaluation on test1 dataset *****
04/17/2026 23:52:04 - INFO - utils.trainer -   AUC: 0.53820
04/17/2026 23:52:04 - INFO - utils.trainer -   Accuracy: 0.28025
04/17/2026 23:52:04 - INFO - utils.trainer -   Precision: 0.12215
04/17/2026 23:52:04 - INFO - utils.trainer -   Recall: 0.25073
04/17/2026 23:52:04 - INFO - utils.trainer -   F_score: 0.12276
04/17/2026 23:52:04 - INFO - utils.trainer -   Loss: -101577808.67787
04/17/2026 23:52:04 - INFO - utils.trainer -   Epoch: 70, Train loss: 2.69972, Test loss: -101577808.67787,Epoch time = 17.808s
04/17/2026 23:52:22 - INFO - utils.trainer -   ***** Running evaluation on test1 dataset *****
04/17/2026 23:52:24 - INFO - utils.trainer -   AUC: 0.47357
04/17/2026 23:52:24 - INFO - utils.trainer -   Accuracy: 0.24841
04/17/2026 23:52:24 - INFO - utils.trainer -   Precision: 0.23387
04/17/2026 23:52:24 - INFO - utils.trainer -   Recall: 0.24864
04/17/2026 23:52:24 - INFO - utils.trainer -   F_score: 0.21400
04/17/2026 23:52:24 - INFO - utils.trainer -   Loss: -143678704.61703
04/17/2026 23:52:24 - INFO - utils.trainer -   Epoch: 71, Train loss: 2.64516, Test loss: -143678704.61703,Epoch time = 17.615s
04/17/2026 23:52:42 - INFO - utils.trainer -   ***** Running evaluation on test1 dataset *****
04/17/2026 23:52:45 - INFO - utils.trainer -   AUC: 0.50339
04/17/2026 23:52:45 - INFO - utils.trainer -   Accuracy: 0.26115
04/17/2026 23:52:45 - INFO - utils.trainer -   Precision: 0.06788
04/17/2026 23:52:45 - INFO - utils.trainer -   Recall: 0.23295
04/17/2026 23:52:45 - INFO - utils.trainer -   F_score: 0.10513
04/17/2026 23:52:45 - INFO - utils.trainer -   Loss: -286889751.12919
04/17/2026 23:52:45 - INFO - utils.trainer -   Epoch: 72, Train loss: 2.67791, Test loss: -286889751.12919,Epoch time = 17.627s
04/17/2026 23:53:02 - INFO - utils.trainer -   ***** Running evaluation on test1 dataset *****
04/17/2026 23:53:05 - INFO - utils.trainer -   AUC: 0.48724
04/17/2026 23:53:05 - INFO - utils.trainer -   Accuracy: 0.28025
04/17/2026 23:53:05 - INFO - utils.trainer -   Precision: 0.30420
04/17/2026 23:53:05 - INFO - utils.trainer -   Recall: 0.26541
04/17/2026 23:53:05 - INFO - utils.trainer -   F_score: 0.22597
04/17/2026 23:53:05 - INFO - utils.trainer -   Loss: 123644968.86995
04/17/2026 23:53:05 - INFO - utils.trainer -   Epoch: 73, Train loss: 1.05203, Test loss: 123644968.86995,Epoch time = 17.314s
04/17/2026 23:53:22 - INFO - utils.trainer -   ***** Running evaluation on test1 dataset *****
04/17/2026 23:53:25 - INFO - utils.trainer -   AUC: 0.49715
04/17/2026 23:53:25 - INFO - utils.trainer -   Accuracy: 0.22930
04/17/2026 23:53:25 - INFO - utils.trainer -   Precision: 0.11620
04/17/2026 23:53:25 - INFO - utils.trainer -   Recall: 0.21474
04/17/2026 23:53:25 - INFO - utils.trainer -   F_score: 0.15075
04/17/2026 23:53:25 - INFO - utils.trainer -   Loss: 140344002.46354
04/17/2026 23:53:25 - INFO - utils.trainer -   Epoch: 74, Train loss: 2.68825, Test loss: 140344002.46354,Epoch time = 17.178s
04/17/2026 23:53:42 - INFO - utils.trainer -   ***** Running evaluation on test1 dataset *****
04/17/2026 23:53:45 - INFO - utils.trainer -   AUC: 0.55047
04/17/2026 23:53:45 - INFO - utils.trainer -   Accuracy: 0.26115
04/17/2026 23:53:45 - INFO - utils.trainer -   Precision: 0.14079
04/17/2026 23:53:45 - INFO - utils.trainer -   Recall: 0.23733
04/17/2026 23:53:45 - INFO - utils.trainer -   F_score: 0.14972
04/17/2026 23:53:45 - INFO - utils.trainer -   Loss: 848661045.64926
04/17/2026 23:53:45 - INFO - utils.trainer -   Epoch: 75, Train loss: 2.82074, Test loss: 848661045.64926,Epoch time = 17.085s
04/17/2026 23:54:03 - INFO - utils.trainer -   ***** Running evaluation on test1 dataset *****
04/17/2026 23:54:06 - INFO - utils.trainer -   AUC: 0.51281
04/17/2026 23:54:06 - INFO - utils.trainer -   Accuracy: 0.29936
04/17/2026 23:54:06 - INFO - utils.trainer -   Precision: 0.30350
04/17/2026 23:54:06 - INFO - utils.trainer -   Recall: 0.27809
04/17/2026 23:54:06 - INFO - utils.trainer -   F_score: 0.22391
04/17/2026 23:54:06 - INFO - utils.trainer -   Loss: -37915127.13260
04/17/2026 23:54:06 - INFO - utils.trainer -   Epoch: 76, Train loss: 3.23152, Test loss: -37915127.13260,Epoch time = 17.937s
04/17/2026 23:54:23 - INFO - utils.trainer -   ***** Running evaluation on test1 dataset *****
04/17/2026 23:54:26 - INFO - utils.trainer -   AUC: 0.47507
04/17/2026 23:54:26 - INFO - utils.trainer -   Accuracy: 0.24841
04/17/2026 23:54:26 - INFO - utils.trainer -   Precision: 0.20759
04/17/2026 23:54:26 - INFO - utils.trainer -   Recall: 0.23317
04/17/2026 23:54:26 - INFO - utils.trainer -   F_score: 0.20275
04/17/2026 23:54:26 - INFO - utils.trainer -   Loss: -33096391.12867
04/17/2026 23:54:26 - INFO - utils.trainer -   Epoch: 77, Train loss: 2.70529, Test loss: -33096391.12867,Epoch time = 17.229s
04/17/2026 23:54:43 - INFO - utils.trainer -   ***** Running evaluation on test1 dataset *****
04/17/2026 23:54:46 - INFO - utils.trainer -   AUC: 0.45756
04/17/2026 23:54:46 - INFO - utils.trainer -   Accuracy: 0.24204
04/17/2026 23:54:46 - INFO - utils.trainer -   Precision: 0.10466
04/17/2026 23:54:46 - INFO - utils.trainer -   Recall: 0.21809
04/17/2026 23:54:46 - INFO - utils.trainer -   F_score: 0.12876
04/17/2026 23:54:46 - INFO - utils.trainer -   Loss: -39617571.91666
04/17/2026 23:54:46 - INFO - utils.trainer -   Epoch: 78, Train loss: 2.69442, Test loss: -39617571.91666,Epoch time = 17.041s
04/17/2026 23:55:03 - INFO - utils.trainer -   ***** Running evaluation on test1 dataset *****
04/17/2026 23:55:05 - INFO - utils.trainer -   AUC: 0.58273
04/17/2026 23:55:05 - INFO - utils.trainer -   Accuracy: 0.30573
04/17/2026 23:55:05 - INFO - utils.trainer -   Precision: 0.34590
04/17/2026 23:55:05 - INFO - utils.trainer -   Recall: 0.28651
04/17/2026 23:55:05 - INFO - utils.trainer -   F_score: 0.22858
04/17/2026 23:55:05 - INFO - utils.trainer -   Loss: -40493747.95428
04/17/2026 23:55:05 - INFO - utils.trainer -   Epoch: 79, Train loss: 2.70081, Test loss: -40493747.95428,Epoch time = 16.835s
04/17/2026 23:55:23 - INFO - utils.trainer -   ***** Running evaluation on test1 dataset *****
04/17/2026 23:55:26 - INFO - utils.trainer -   AUC: 0.49220
04/17/2026 23:55:26 - INFO - utils.trainer -   Accuracy: 0.29299
04/17/2026 23:55:26 - INFO - utils.trainer -   Precision: 0.23885
04/17/2026 23:55:26 - INFO - utils.trainer -   Recall: 0.26554
04/17/2026 23:55:26 - INFO - utils.trainer -   F_score: 0.16225
04/17/2026 23:55:26 - INFO - utils.trainer -   Loss: -44879603.93260
04/17/2026 23:55:26 - INFO - utils.trainer -   Epoch: 80, Train loss: 2.67926, Test loss: -44879603.93260,Epoch time = 17.226s
04/17/2026 23:55:43 - INFO - utils.trainer -   ***** Running evaluation on test1 dataset *****
04/17/2026 23:55:46 - INFO - utils.trainer -   AUC: 0.52450
04/17/2026 23:55:46 - INFO - utils.trainer -   Accuracy: 0.30573
04/17/2026 23:55:46 - INFO - utils.trainer -   Precision: 0.29075
04/17/2026 23:55:46 - INFO - utils.trainer -   Recall: 0.29381
04/17/2026 23:55:46 - INFO - utils.trainer -   F_score: 0.27511
04/17/2026 23:55:46 - INFO - utils.trainer -   Loss: -55868509.50614
04/17/2026 23:55:46 - INFO - utils.trainer -   Epoch: 81, Train loss: 2.65154, Test loss: -55868509.50614,Epoch time = 17.394s
04/17/2026 23:56:03 - INFO - utils.trainer -   ***** Running evaluation on test1 dataset *****
04/17/2026 23:56:06 - INFO - utils.trainer -   AUC: 0.49066
04/17/2026 23:56:06 - INFO - utils.trainer -   Accuracy: 0.22293
04/17/2026 23:56:06 - INFO - utils.trainer -   Precision: 0.19771
04/17/2026 23:56:06 - INFO - utils.trainer -   Recall: 0.21677
04/17/2026 23:56:06 - INFO - utils.trainer -   F_score: 0.20247
04/17/2026 23:56:06 - INFO - utils.trainer -   Loss: -66495050.32888
04/17/2026 23:56:06 - INFO - utils.trainer -   Epoch: 82, Train loss: 2.69505, Test loss: -66495050.32888,Epoch time = 17.643s
04/17/2026 23:56:24 - INFO - utils.trainer -   ***** Running evaluation on test1 dataset *****
04/17/2026 23:56:26 - INFO - utils.trainer -   AUC: 0.49347
04/17/2026 23:56:26 - INFO - utils.trainer -   Accuracy: 0.24841
04/17/2026 23:56:26 - INFO - utils.trainer -   Precision: 0.20998
04/17/2026 23:56:26 - INFO - utils.trainer -   Recall: 0.23429
04/17/2026 23:56:26 - INFO - utils.trainer -   F_score: 0.20053
04/17/2026 23:56:26 - INFO - utils.trainer -   Loss: -84229591.12569
04/17/2026 23:56:26 - INFO - utils.trainer -   Epoch: 83, Train loss: 2.69627, Test loss: -84229591.12569,Epoch time = 17.313s
04/17/2026 23:56:44 - INFO - utils.trainer -   ***** Running evaluation on test1 dataset *****
04/17/2026 23:56:46 - INFO - utils.trainer -   AUC: 0.49490
04/17/2026 23:56:46 - INFO - utils.trainer -   Accuracy: 0.22930
04/17/2026 23:56:46 - INFO - utils.trainer -   Precision: 0.21331
04/17/2026 23:56:46 - INFO - utils.trainer -   Recall: 0.21887
04/17/2026 23:56:46 - INFO - utils.trainer -   F_score: 0.19381
04/17/2026 23:56:46 - INFO - utils.trainer -   Loss: -126324247.13017
04/17/2026 23:56:46 - INFO - utils.trainer -   Epoch: 84, Train loss: 2.70472, Test loss: -126324247.13017,Epoch time = 17.323s
04/17/2026 23:57:04 - INFO - utils.trainer -   ***** Running evaluation on test1 dataset *****
04/17/2026 23:57:06 - INFO - utils.trainer -   AUC: 0.51179
04/17/2026 23:57:06 - INFO - utils.trainer -   Accuracy: 0.26115
04/17/2026 23:57:06 - INFO - utils.trainer -   Precision: 0.27128
04/17/2026 23:57:06 - INFO - utils.trainer -   Recall: 0.23856
04/17/2026 23:57:06 - INFO - utils.trainer -   F_score: 0.16334
04/17/2026 23:57:06 - INFO - utils.trainer -   Loss: -286411210.33027
04/17/2026 23:57:06 - INFO - utils.trainer -   Epoch: 85, Train loss: 2.68391, Test loss: -286411210.33027,Epoch time = 17.101s
04/17/2026 23:57:23 - INFO - utils.trainer -   ***** Running evaluation on test1 dataset *****
04/17/2026 23:57:26 - INFO - utils.trainer -   AUC: 0.52291
04/17/2026 23:57:26 - INFO - utils.trainer -   Accuracy: 0.29936
04/17/2026 23:57:26 - INFO - utils.trainer -   Precision: 0.31274
04/17/2026 23:57:26 - INFO - utils.trainer -   Recall: 0.28367
04/17/2026 23:57:26 - INFO - utils.trainer -   F_score: 0.25243
04/17/2026 23:57:26 - INFO - utils.trainer -   Loss: -890042775.13678
04/17/2026 23:57:26 - INFO - utils.trainer -   Epoch: 86, Train loss: 7.63753, Test loss: -890042775.13678,Epoch time = 16.962s
04/17/2026 23:57:43 - INFO - utils.trainer -   ***** Running evaluation on test1 dataset *****
04/17/2026 23:57:46 - INFO - utils.trainer -   AUC: 0.46266
04/17/2026 23:57:46 - INFO - utils.trainer -   Accuracy: 0.22293
04/17/2026 23:57:46 - INFO - utils.trainer -   Precision: 0.23509
04/17/2026 23:57:46 - INFO - utils.trainer -   Recall: 0.22211
04/17/2026 23:57:46 - INFO - utils.trainer -   F_score: 0.21943
04/17/2026 23:57:46 - INFO - utils.trainer -   Loss: 111997378.54427
04/17/2026 23:57:46 - INFO - utils.trainer -   Epoch: 87, Train loss: 2.83775, Test loss: 111997378.54427,Epoch time = 16.892s
04/17/2026 23:58:03 - INFO - utils.trainer -   ***** Running evaluation on test1 dataset *****
04/17/2026 23:58:06 - INFO - utils.trainer -   AUC: 0.51610
04/17/2026 23:58:06 - INFO - utils.trainer -   Accuracy: 0.27389
04/17/2026 23:58:06 - INFO - utils.trainer -   Precision: 0.11285
04/17/2026 23:58:06 - INFO - utils.trainer -   Recall: 0.24578
04/17/2026 23:58:06 - INFO - utils.trainer -   F_score: 0.12865
04/17/2026 23:58:06 - INFO - utils.trainer -   Loss: 112476328.86708
04/17/2026 23:58:06 - INFO - utils.trainer -   Epoch: 88, Train loss: 2.70546, Test loss: 112476328.86708,Epoch time = 17.383s
04/17/2026 23:58:23 - INFO - utils.trainer -   ***** Running evaluation on test1 dataset *****
04/17/2026 23:58:26 - INFO - utils.trainer -   AUC: 0.56571
04/17/2026 23:58:26 - INFO - utils.trainer -   Accuracy: 0.33121
04/17/2026 23:58:26 - INFO - utils.trainer -   Precision: 0.41835
04/17/2026 23:58:26 - INFO - utils.trainer -   Recall: 0.30582
04/17/2026 23:58:26 - INFO - utils.trainer -   F_score: 0.21563
04/17/2026 23:58:26 - INFO - utils.trainer -   Loss: 626777090.45838
04/17/2026 23:58:26 - INFO - utils.trainer -   Epoch: 89, Train loss: 2.62654, Test loss: 626777090.45838,Epoch time = 17.248s
04/17/2026 23:58:43 - INFO - utils.trainer -   ***** Running evaluation on test1 dataset *****
04/17/2026 23:58:46 - INFO - utils.trainer -   AUC: 0.56343
04/17/2026 23:58:46 - INFO - utils.trainer -   Accuracy: 0.31847
04/17/2026 23:58:46 - INFO - utils.trainer -   Precision: 0.28859
04/17/2026 23:58:46 - INFO - utils.trainer -   Recall: 0.29555
04/17/2026 23:58:46 - INFO - utils.trainer -   F_score: 0.21183
04/17/2026 23:58:46 - INFO - utils.trainer -   Loss: -376142461.54568
04/17/2026 23:58:46 - INFO - utils.trainer -   Epoch: 90, Train loss: 2.70741, Test loss: -376142461.54568,Epoch time = 17.236s
04/17/2026 23:59:03 - INFO - utils.trainer -   ***** Running evaluation on test1 dataset *****
04/17/2026 23:59:06 - INFO - utils.trainer -   AUC: 0.57746
04/17/2026 23:59:06 - INFO - utils.trainer -   Accuracy: 0.29936
04/17/2026 23:59:06 - INFO - utils.trainer -   Precision: 0.21500
04/17/2026 23:59:06 - INFO - utils.trainer -   Recall: 0.26996
04/17/2026 23:59:06 - INFO - utils.trainer -   F_score: 0.15488
04/17/2026 23:59:06 - INFO - utils.trainer -   Loss: 825034549.64453
04/17/2026 23:59:06 - INFO - utils.trainer -   Epoch: 91, Train loss: 2.18537, Test loss: 825034549.64453,Epoch time = 17.228s
04/17/2026 23:59:23 - INFO - utils.trainer -   ***** Running evaluation on test1 dataset *****
04/17/2026 23:59:26 - INFO - utils.trainer -   AUC: 0.57094
04/17/2026 23:59:26 - INFO - utils.trainer -   Accuracy: 0.29299
04/17/2026 23:59:26 - INFO - utils.trainer -   Precision: 0.38878
04/17/2026 23:59:26 - INFO - utils.trainer -   Recall: 0.26627
04/17/2026 23:59:26 - INFO - utils.trainer -   F_score: 0.16711
04/17/2026 23:59:26 - INFO - utils.trainer -   Loss: -104519319.15190
04/17/2026 23:59:26 - INFO - utils.trainer -   Epoch: 92, Train loss: 1.57277, Test loss: -104519319.15190,Epoch time = 17.167s
04/17/2026 23:59:44 - INFO - utils.trainer -   ***** Running evaluation on test1 dataset *****
04/17/2026 23:59:47 - INFO - utils.trainer -   AUC: 0.59830
04/17/2026 23:59:47 - INFO - utils.trainer -   Accuracy: 0.31210
04/17/2026 23:59:47 - INFO - utils.trainer -   Precision: 0.17570
04/17/2026 23:59:47 - INFO - utils.trainer -   Recall: 0.28278
04/17/2026 23:59:47 - INFO - utils.trainer -   F_score: 0.17115
04/17/2026 23:59:47 - INFO - utils.trainer -   Loss: -126571261.56246
04/17/2026 23:59:47 - INFO - utils.trainer -   Epoch: 93, Train loss: 2.67639, Test loss: -126571261.56246,Epoch time = 17.641s
04/18/2026 00:00:05 - INFO - utils.trainer -   ***** Running evaluation on test1 dataset *****
04/18/2026 00:00:08 - INFO - utils.trainer -   AUC: 0.54396
04/18/2026 00:00:08 - INFO - utils.trainer -   Accuracy: 0.29299
04/18/2026 00:00:08 - INFO - utils.trainer -   Precision: 0.39412
04/18/2026 00:00:08 - INFO - utils.trainer -   Recall: 0.26517
04/18/2026 00:00:08 - INFO - utils.trainer -   F_score: 0.16137
04/18/2026 00:00:08 - INFO - utils.trainer -   Loss: -182537571.94927
04/18/2026 00:00:08 - INFO - utils.trainer -   Epoch: 94, Train loss: 2.66612, Test loss: -182537571.94927,Epoch time = 17.862s
04/18/2026 00:00:25 - INFO - utils.trainer -   ***** Running evaluation on test1 dataset *****
04/18/2026 00:00:28 - INFO - utils.trainer -   AUC: 0.55791
04/18/2026 00:00:28 - INFO - utils.trainer -   Accuracy: 0.29936
04/18/2026 00:00:28 - INFO - utils.trainer -   Precision: 0.30315
04/18/2026 00:00:28 - INFO - utils.trainer -   Recall: 0.28961
04/18/2026 00:00:28 - INFO - utils.trainer -   F_score: 0.28215
04/18/2026 00:00:28 - INFO - utils.trainer -   Loss: -840449635.94757
04/18/2026 00:00:28 - INFO - utils.trainer -   Epoch: 95, Train loss: 2.60073, Test loss: -840449635.94757,Epoch time = 17.649s
04/18/2026 00:00:45 - INFO - utils.trainer -   ***** Running evaluation on test1 dataset *****
04/18/2026 00:00:48 - INFO - utils.trainer -   AUC: 0.49540
04/18/2026 00:00:48 - INFO - utils.trainer -   Accuracy: 0.25478
04/18/2026 00:00:48 - INFO - utils.trainer -   Precision: 0.17471
04/18/2026 00:00:48 - INFO - utils.trainer -   Recall: 0.23218
04/18/2026 00:00:48 - INFO - utils.trainer -   F_score: 0.15106
04/18/2026 00:00:48 - INFO - utils.trainer -   Loss: 112604674.46354
04/18/2026 00:00:48 - INFO - utils.trainer -   Epoch: 96, Train loss: -0.88612, Test loss: 112604674.46354,Epoch time = 17.280s
04/18/2026 00:01:05 - INFO - utils.trainer -   ***** Running evaluation on test1 dataset *****
04/18/2026 00:01:08 - INFO - utils.trainer -   AUC: 0.54473
04/18/2026 00:01:08 - INFO - utils.trainer -   Accuracy: 0.28662
04/18/2026 00:01:08 - INFO - utils.trainer -   Precision: 0.37169
04/18/2026 00:01:08 - INFO - utils.trainer -   Recall: 0.25949
04/18/2026 00:01:08 - INFO - utils.trainer -   F_score: 0.15789
04/18/2026 00:01:08 - INFO - utils.trainer -   Loss: 69081116.04900
04/18/2026 00:01:08 - INFO - utils.trainer -   Epoch: 97, Train loss: 2.70668, Test loss: 69081116.04900,Epoch time = 16.726s
04/18/2026 00:01:25 - INFO - utils.trainer -   ***** Running evaluation on test1 dataset *****
04/18/2026 00:01:28 - INFO - utils.trainer -   AUC: 0.51853
04/18/2026 00:01:28 - INFO - utils.trainer -   Accuracy: 0.27389
04/18/2026 00:01:28 - INFO - utils.trainer -   Precision: 0.26305
04/18/2026 00:01:28 - INFO - utils.trainer -   Recall: 0.25651
04/18/2026 00:01:28 - INFO - utils.trainer -   F_score: 0.19074
04/18/2026 00:01:28 - INFO - utils.trainer -   Loss: 73442524.06575
04/18/2026 00:01:28 - INFO - utils.trainer -   Epoch: 98, Train loss: 2.67537, Test loss: 73442524.06575,Epoch time = 17.013s
04/18/2026 00:01:44 - INFO - utils.trainer -   ***** Running evaluation on test1 dataset *****
04/18/2026 00:01:47 - INFO - utils.trainer -   AUC: 0.53066
04/18/2026 00:01:47 - INFO - utils.trainer -   Accuracy: 0.30573
04/18/2026 00:01:47 - INFO - utils.trainer -   Precision: 0.27152
04/18/2026 00:01:47 - INFO - utils.trainer -   Recall: 0.29403
04/18/2026 00:01:47 - INFO - utils.trainer -   F_score: 0.27449
04/18/2026 00:01:47 - INFO - utils.trainer -   Loss: 102087036.06558
04/18/2026 00:01:47 - INFO - utils.trainer -   Epoch: 99, Train loss: 2.66660, Test loss: 102087036.06558,Epoch time = 16.847s
04/18/2026 00:02:05 - INFO - utils.trainer -   ***** Running evaluation on test1 dataset *****
04/18/2026 00:02:07 - INFO - utils.trainer -   AUC: 0.48378
04/18/2026 00:02:07 - INFO - utils.trainer -   Accuracy: 0.28025
04/18/2026 00:02:07 - INFO - utils.trainer -   Precision: 0.29569
04/18/2026 00:02:07 - INFO - utils.trainer -   Recall: 0.26393
04/18/2026 00:02:07 - INFO - utils.trainer -   F_score: 0.22592
04/18/2026 00:02:07 - INFO - utils.trainer -   Loss: 108150274.46912
04/18/2026 00:02:07 - INFO - utils.trainer -   Epoch: 100, Train loss: 2.69321, Test loss: 108150274.46912,Epoch time = 17.326s
04/18/2026 00:02:25 - INFO - utils.trainer -   ***** Running evaluation on test1 dataset *****
04/18/2026 00:02:27 - INFO - utils.trainer -   AUC: 0.48815
04/18/2026 00:02:27 - INFO - utils.trainer -   Accuracy: 0.28025
04/18/2026 00:02:27 - INFO - utils.trainer -   Precision: 0.24566
04/18/2026 00:02:27 - INFO - utils.trainer -   Recall: 0.25634
04/18/2026 00:02:27 - INFO - utils.trainer -   F_score: 0.17820
04/18/2026 00:02:27 - INFO - utils.trainer -   Loss: 196851317.67363
04/18/2026 00:02:27 - INFO - utils.trainer -   Epoch: 101, Train loss: 2.68978, Test loss: 196851317.67363,Epoch time = 17.352s
04/18/2026 00:02:44 - INFO - utils.trainer -   ***** Running evaluation on test1 dataset *****
04/18/2026 00:02:47 - INFO - utils.trainer -   AUC: 0.44800
04/18/2026 00:02:47 - INFO - utils.trainer -   Accuracy: 0.28025
04/18/2026 00:02:47 - INFO - utils.trainer -   Precision: 0.30648
04/18/2026 00:02:47 - INFO - utils.trainer -   Recall: 0.25578
04/18/2026 00:02:47 - INFO - utils.trainer -   F_score: 0.17301
04/18/2026 00:02:47 - INFO - utils.trainer -   Loss: 253630236.07481
04/18/2026 00:02:47 - INFO - utils.trainer -   Epoch: 102, Train loss: 2.67146, Test loss: 253630236.07481,Epoch time = 17.025s
04/18/2026 00:03:04 - INFO - utils.trainer -   ***** Running evaluation on test1 dataset *****
04/18/2026 00:03:07 - INFO - utils.trainer -   AUC: 0.59331
04/18/2026 00:03:07 - INFO - utils.trainer -   Accuracy: 0.31847
04/18/2026 00:03:07 - INFO - utils.trainer -   Precision: 0.15741
04/18/2026 00:03:07 - INFO - utils.trainer -   Recall: 0.28992
04/18/2026 00:03:07 - INFO - utils.trainer -   F_score: 0.18414
04/18/2026 00:03:07 - INFO - utils.trainer -   Loss: -2520445335.14939
04/18/2026 00:03:07 - INFO - utils.trainer -   Epoch: 103, Train loss: 2.40626, Test loss: -2520445335.14939,Epoch time = 17.195s
04/18/2026 00:03:25 - INFO - utils.trainer -   ***** Running evaluation on test1 dataset *****
04/18/2026 00:03:27 - INFO - utils.trainer -   AUC: 0.56385
04/18/2026 00:03:27 - INFO - utils.trainer -   Accuracy: 0.27389
04/18/2026 00:03:27 - INFO - utils.trainer -   Precision: 0.15152
04/18/2026 00:03:27 - INFO - utils.trainer -   Recall: 0.24505
04/18/2026 00:03:27 - INFO - utils.trainer -   F_score: 0.11797
04/18/2026 00:03:27 - INFO - utils.trainer -   Loss: -251376560.75606
04/18/2026 00:03:27 - INFO - utils.trainer -   Epoch: 104, Train loss: 2.62982, Test loss: -251376560.75606,Epoch time = 17.494s
04/18/2026 00:03:44 - INFO - utils.trainer -   ***** Running evaluation on test1 dataset *****
04/18/2026 00:03:47 - INFO - utils.trainer -   AUC: 0.52292
04/18/2026 00:03:47 - INFO - utils.trainer -   Accuracy: 0.28025
04/18/2026 00:03:47 - INFO - utils.trainer -   Precision: 0.33439
04/18/2026 00:03:47 - INFO - utils.trainer -   Recall: 0.25580
04/18/2026 00:03:47 - INFO - utils.trainer -   F_score: 0.17258
04/18/2026 00:03:47 - INFO - utils.trainer -   Loss: -318692733.54481
04/18/2026 00:03:47 - INFO - utils.trainer -   Epoch: 105, Train loss: 2.68537, Test loss: -318692733.54481,Epoch time = 16.944s
04/18/2026 00:04:04 - INFO - utils.trainer -   ***** Running evaluation on test1 dataset *****
04/18/2026 00:04:07 - INFO - utils.trainer -   AUC: 0.55083
04/18/2026 00:04:07 - INFO - utils.trainer -   Accuracy: 0.29936
04/18/2026 00:04:07 - INFO - utils.trainer -   Precision: 0.25530
04/18/2026 00:04:07 - INFO - utils.trainer -   Recall: 0.28030
04/18/2026 00:04:07 - INFO - utils.trainer -   F_score: 0.21899
04/18/2026 00:04:07 - INFO - utils.trainer -   Loss: 153126325.64810
04/18/2026 00:04:07 - INFO - utils.trainer -   Epoch: 106, Train loss: 2.90848, Test loss: 153126325.64810,Epoch time = 17.025s
04/18/2026 00:04:24 - INFO - utils.trainer -   ***** Running evaluation on test1 dataset *****
04/18/2026 00:04:27 - INFO - utils.trainer -   AUC: 0.55898
04/18/2026 00:04:27 - INFO - utils.trainer -   Accuracy: 0.29299
04/18/2026 00:04:27 - INFO - utils.trainer -   Precision: 0.32143
04/18/2026 00:04:27 - INFO - utils.trainer -   Recall: 0.26607
04/18/2026 00:04:27 - INFO - utils.trainer -   F_score: 0.17230
04/18/2026 00:04:27 - INFO - utils.trainer -   Loss: 267934108.05178
04/18/2026 00:04:27 - INFO - utils.trainer -   Epoch: 107, Train loss: 2.63795, Test loss: 267934108.05178,Epoch time = 17.053s
04/18/2026 00:04:44 - INFO - utils.trainer -   ***** Running evaluation on test1 dataset *****
04/18/2026 00:04:47 - INFO - utils.trainer -   AUC: 0.56476
04/18/2026 00:04:47 - INFO - utils.trainer -   Accuracy: 0.31210
04/18/2026 00:04:47 - INFO - utils.trainer -   Precision: 0.26869
04/18/2026 00:04:47 - INFO - utils.trainer -   Recall: 0.29618
04/18/2026 00:04:47 - INFO - utils.trainer -   F_score: 0.26135
04/18/2026 00:04:47 - INFO - utils.trainer -   Loss: 1340369820.03235
04/18/2026 00:04:47 - INFO - utils.trainer -   Epoch: 108, Train loss: 2.15212, Test loss: 1340369820.03235,Epoch time = 17.259s
04/18/2026 00:05:04 - INFO - utils.trainer -   ***** Running evaluation on test1 dataset *****
04/18/2026 00:05:07 - INFO - utils.trainer -   AUC: 0.56745
04/18/2026 00:05:07 - INFO - utils.trainer -   Accuracy: 0.27389
04/18/2026 00:05:07 - INFO - utils.trainer -   Precision: 0.19363
04/18/2026 00:05:07 - INFO - utils.trainer -   Recall: 0.24505
04/18/2026 00:05:07 - INFO - utils.trainer -   F_score: 0.11879
04/18/2026 00:05:07 - INFO - utils.trainer -   Loss: 205552476.08092
04/18/2026 00:05:07 - INFO - utils.trainer -   Epoch: 109, Train loss: 0.17188, Test loss: 205552476.08092,Epoch time = 17.503s
04/18/2026 00:05:24 - INFO - utils.trainer -   ***** Running evaluation on test1 dataset *****
04/18/2026 00:05:27 - INFO - utils.trainer -   AUC: 0.54719
04/18/2026 00:05:27 - INFO - utils.trainer -   Accuracy: 0.29936
04/18/2026 00:05:27 - INFO - utils.trainer -   Precision: 0.25263
04/18/2026 00:05:27 - INFO - utils.trainer -   Recall: 0.28904
04/18/2026 00:05:27 - INFO - utils.trainer -   F_score: 0.23289
04/18/2026 00:05:27 - INFO - utils.trainer -   Loss: 241891228.05055
04/18/2026 00:05:27 - INFO - utils.trainer -   Epoch: 110, Train loss: 2.72673, Test loss: 241891228.05055,Epoch time = 17.056s
04/18/2026 00:05:44 - INFO - utils.trainer -   ***** Running evaluation on test1 dataset *****
04/18/2026 00:05:47 - INFO - utils.trainer -   AUC: 0.50061
04/18/2026 00:05:47 - INFO - utils.trainer -   Accuracy: 0.29299
04/18/2026 00:05:47 - INFO - utils.trainer -   Precision: 0.25872
04/18/2026 00:05:47 - INFO - utils.trainer -   Recall: 0.27824
04/18/2026 00:05:47 - INFO - utils.trainer -   F_score: 0.24292
04/18/2026 00:05:47 - INFO - utils.trainer -   Loss: 383430325.66581
04/18/2026 00:05:47 - INFO - utils.trainer -   Epoch: 111, Train loss: 2.71712, Test loss: 383430325.66581,Epoch time = 17.052s
04/18/2026 00:06:04 - INFO - utils.trainer -   ***** Running evaluation on test1 dataset *****
04/18/2026 00:06:07 - INFO - utils.trainer -   AUC: 0.52368
04/18/2026 00:06:07 - INFO - utils.trainer -   Accuracy: 0.26752
04/18/2026 00:06:07 - INFO - utils.trainer -   Precision: 0.25746
04/18/2026 00:06:07 - INFO - utils.trainer -   Recall: 0.24354
04/18/2026 00:06:07 - INFO - utils.trainer -   F_score: 0.15682
04/18/2026 00:06:07 - INFO - utils.trainer -   Loss: -276484400.73891
04/18/2026 00:06:07 - INFO - utils.trainer -   Epoch: 112, Train loss: 3.48300, Test loss: -276484400.73891,Epoch time = 17.364s
04/18/2026 00:06:25 - INFO - utils.trainer -   ***** Running evaluation on test1 dataset *****
04/18/2026 00:06:27 - INFO - utils.trainer -   AUC: 0.59090
04/18/2026 00:06:27 - INFO - utils.trainer -   Accuracy: 0.32484
04/18/2026 00:06:27 - INFO - utils.trainer -   Precision: 0.32624
04/18/2026 00:06:27 - INFO - utils.trainer -   Recall: 0.29613
04/18/2026 00:06:27 - INFO - utils.trainer -   F_score: 0.19541
04/18/2026 00:06:27 - INFO - utils.trainer -   Loss: -330519703.15341
04/18/2026 00:06:27 - INFO - utils.trainer -   Epoch: 113, Train loss: 2.69476, Test loss: -330519703.15341,Epoch time = 17.346s
04/18/2026 00:06:44 - INFO - utils.trainer -   ***** Running evaluation on test1 dataset *****
04/18/2026 00:06:47 - INFO - utils.trainer -   AUC: 0.59260
04/18/2026 00:06:47 - INFO - utils.trainer -   Accuracy: 0.26752
04/18/2026 00:06:47 - INFO - utils.trainer -   Precision: 0.06818
04/18/2026 00:06:47 - INFO - utils.trainer -   Recall: 0.23864
04/18/2026 00:06:47 - INFO - utils.trainer -   F_score: 0.10606
04/18/2026 00:06:47 - INFO - utils.trainer -   Loss: 165892072.83564
04/18/2026 00:06:47 - INFO - utils.trainer -   Epoch: 114, Train loss: 4.40610, Test loss: 165892072.83564,Epoch time = 16.999s
04/18/2026 00:07:06 - INFO - utils.trainer -   ***** Running evaluation on test1 dataset *****
04/18/2026 00:07:09 - INFO - utils.trainer -   AUC: 0.52717
04/18/2026 00:07:09 - INFO - utils.trainer -   Accuracy: 0.26752
04/18/2026 00:07:09 - INFO - utils.trainer -   Precision: 0.16827
04/18/2026 00:07:09 - INFO - utils.trainer -   Recall: 0.24427
04/18/2026 00:07:09 - INFO - utils.trainer -   F_score: 0.16132
04/18/2026 00:07:09 - INFO - utils.trainer -   Loss: 80744949.64688
04/18/2026 00:07:09 - INFO - utils.trainer -   Epoch: 115, Train loss: 2.70864, Test loss: 80744949.64688,Epoch time = 18.215s
04/18/2026 00:07:26 - INFO - utils.trainer -   ***** Running evaluation on test1 dataset *****
04/18/2026 00:07:29 - INFO - utils.trainer -   AUC: 0.58155
04/18/2026 00:07:29 - INFO - utils.trainer -   Accuracy: 0.28025
04/18/2026 00:07:29 - INFO - utils.trainer -   Precision: 0.19301
04/18/2026 00:07:29 - INFO - utils.trainer -   Recall: 0.25418
04/18/2026 00:07:29 - INFO - utils.trainer -   F_score: 0.15655
04/18/2026 00:07:29 - INFO - utils.trainer -   Loss: 91170754.41321
04/18/2026 00:07:29 - INFO - utils.trainer -   Epoch: 116, Train loss: 2.63843, Test loss: 91170754.41321,Epoch time = 17.233s
04/18/2026 00:07:46 - INFO - utils.trainer -   ***** Running evaluation on test1 dataset *****
04/18/2026 00:07:49 - INFO - utils.trainer -   AUC: 0.53916
04/18/2026 00:07:49 - INFO - utils.trainer -   Accuracy: 0.24841
04/18/2026 00:07:49 - INFO - utils.trainer -   Precision: 0.29636
04/18/2026 00:07:49 - INFO - utils.trainer -   Recall: 0.24368
04/18/2026 00:07:49 - INFO - utils.trainer -   F_score: 0.23548
04/18/2026 00:07:49 - INFO - utils.trainer -   Loss: 97635816.87863
04/18/2026 00:07:49 - INFO - utils.trainer -   Epoch: 117, Train loss: 2.61092, Test loss: 97635816.87863,Epoch time = 17.163s
04/18/2026 00:08:06 - INFO - utils.trainer -   ***** Running evaluation on test1 dataset *****
04/18/2026 00:08:09 - INFO - utils.trainer -   AUC: 0.57002
04/18/2026 00:08:09 - INFO - utils.trainer -   Accuracy: 0.30573
04/18/2026 00:08:09 - INFO - utils.trainer -   Precision: 0.27627
04/18/2026 00:08:09 - INFO - utils.trainer -   Recall: 0.28355
04/18/2026 00:08:09 - INFO - utils.trainer -   F_score: 0.22272
04/18/2026 00:08:09 - INFO - utils.trainer -   Loss: 99654312.85027
04/18/2026 00:08:09 - INFO - utils.trainer -   Epoch: 118, Train loss: 2.67011, Test loss: 99654312.85027,Epoch time = 17.243s
04/18/2026 00:08:26 - INFO - utils.trainer -   ***** Running evaluation on test1 dataset *****
04/18/2026 00:08:29 - INFO - utils.trainer -   AUC: 0.55729
04/18/2026 00:08:29 - INFO - utils.trainer -   Accuracy: 0.28025
04/18/2026 00:08:29 - INFO - utils.trainer -   Precision: 0.07006
04/18/2026 00:08:29 - INFO - utils.trainer -   Recall: 0.25000
04/18/2026 00:08:29 - INFO - utils.trainer -   F_score: 0.10945
04/18/2026 00:08:29 - INFO - utils.trainer -   Loss: 115236930.43812
04/18/2026 00:08:29 - INFO - utils.trainer -   Epoch: 119, Train loss: 2.66920, Test loss: 115236930.43812,Epoch time = 17.199s
04/18/2026 00:08:46 - INFO - utils.trainer -   ***** Running evaluation on test1 dataset *****
04/18/2026 00:08:48 - INFO - utils.trainer -   AUC: 0.60069
04/18/2026 00:08:48 - INFO - utils.trainer -   Accuracy: 0.34395
04/18/2026 00:08:48 - INFO - utils.trainer -   Precision: 0.35950
04/18/2026 00:08:48 - INFO - utils.trainer -   Recall: 0.32922
04/18/2026 00:08:48 - INFO - utils.trainer -   F_score: 0.31005
04/18/2026 00:08:48 - INFO - utils.trainer -   Loss: 114932815.20512
04/18/2026 00:08:48 - INFO - utils.trainer -   Epoch: 120, Train loss: 2.63315, Test loss: 114932815.20512,Epoch time = 16.892s
04/18/2026 00:09:05 - INFO - utils.trainer -   ***** Running evaluation on test1 dataset *****
04/18/2026 00:09:08 - INFO - utils.trainer -   AUC: 0.54699
04/18/2026 00:09:08 - INFO - utils.trainer -   Accuracy: 0.28025
04/18/2026 00:09:08 - INFO - utils.trainer -   Precision: 0.34438
04/18/2026 00:09:08 - INFO - utils.trainer -   Recall: 0.27574
04/18/2026 00:09:08 - INFO - utils.trainer -   F_score: 0.25079
04/18/2026 00:09:08 - INFO - utils.trainer -   Loss: 147289256.85682
04/18/2026 00:09:08 - INFO - utils.trainer -   Epoch: 121, Train loss: 2.60844, Test loss: 147289256.85682,Epoch time = 16.853s
04/18/2026 00:09:25 - INFO - utils.trainer -   ***** Running evaluation on test1 dataset *****
04/18/2026 00:09:28 - INFO - utils.trainer -   AUC: 0.57988
04/18/2026 00:09:28 - INFO - utils.trainer -   Accuracy: 0.26752
04/18/2026 00:09:28 - INFO - utils.trainer -   Precision: 0.14271
04/18/2026 00:09:28 - INFO - utils.trainer -   Recall: 0.24082
04/18/2026 00:09:28 - INFO - utils.trainer -   F_score: 0.13434
04/18/2026 00:09:28 - INFO - utils.trainer -   Loss: 1319528450.41241
04/18/2026 00:09:28 - INFO - utils.trainer -   Epoch: 122, Train loss: 2.64570, Test loss: 1319528450.41241,Epoch time = 17.176s
04/18/2026 00:09:45 - INFO - utils.trainer -   ***** Running evaluation on test1 dataset *****
04/18/2026 00:09:48 - INFO - utils.trainer -   AUC: 0.56027
04/18/2026 00:09:48 - INFO - utils.trainer -   Accuracy: 0.28025
04/18/2026 00:09:48 - INFO - utils.trainer -   Precision: 0.29078
04/18/2026 00:09:48 - INFO - utils.trainer -   Recall: 0.26172
04/18/2026 00:09:48 - INFO - utils.trainer -   F_score: 0.21841
04/18/2026 00:09:48 - INFO - utils.trainer -   Loss: 1413698972.02022
04/18/2026 00:09:48 - INFO - utils.trainer -   Epoch: 123, Train loss: 1.29091, Test loss: 1413698972.02022,Epoch time = 16.969s
04/18/2026 00:10:06 - INFO - utils.trainer -   ***** Running evaluation on test1 dataset *****
04/18/2026 00:10:09 - INFO - utils.trainer -   AUC: 0.60296
04/18/2026 00:10:09 - INFO - utils.trainer -   Accuracy: 0.30573
04/18/2026 00:10:09 - INFO - utils.trainer -   Precision: 0.16012
04/18/2026 00:10:09 - INFO - utils.trainer -   Recall: 0.27637
04/18/2026 00:10:09 - INFO - utils.trainer -   F_score: 0.16314
04/18/2026 00:10:09 - INFO - utils.trainer -   Loss: -420093591.19002
04/18/2026 00:10:09 - INFO - utils.trainer -   Epoch: 124, Train loss: 2.68493, Test loss: -420093591.19002,Epoch time = 18.083s
04/18/2026 00:10:26 - INFO - utils.trainer -   ***** Running evaluation on test1 dataset *****
04/18/2026 00:10:29 - INFO - utils.trainer -   AUC: 0.60069
04/18/2026 00:10:29 - INFO - utils.trainer -   Accuracy: 0.33121
04/18/2026 00:10:29 - INFO - utils.trainer -   Precision: 0.27401
04/18/2026 00:10:29 - INFO - utils.trainer -   Recall: 0.31978
04/18/2026 00:10:29 - INFO - utils.trainer -   F_score: 0.26566
04/18/2026 00:10:29 - INFO - utils.trainer -   Loss: 276787458.39307
04/18/2026 00:10:29 - INFO - utils.trainer -   Epoch: 125, Train loss: 2.19891, Test loss: 276787458.39307,Epoch time = 17.272s
04/18/2026 00:10:47 - INFO - utils.trainer -   ***** Running evaluation on test1 dataset *****
04/18/2026 00:10:50 - INFO - utils.trainer -   AUC: 0.56278
04/18/2026 00:10:50 - INFO - utils.trainer -   Accuracy: 0.31210
04/18/2026 00:10:50 - INFO - utils.trainer -   Precision: 0.32151
04/18/2026 00:10:50 - INFO - utils.trainer -   Recall: 0.29868
04/18/2026 00:10:50 - INFO - utils.trainer -   F_score: 0.27672
04/18/2026 00:10:50 - INFO - utils.trainer -   Loss: 633896604.01298
04/18/2026 00:10:50 - INFO - utils.trainer -   Epoch: 126, Train loss: 2.76049, Test loss: 633896604.01298,Epoch time = 17.986s
04/18/2026 00:11:07 - INFO - utils.trainer -   ***** Running evaluation on test1 dataset *****
04/18/2026 00:11:10 - INFO - utils.trainer -   AUC: 0.59799
04/18/2026 00:11:10 - INFO - utils.trainer -   Accuracy: 0.33758
04/18/2026 00:11:10 - INFO - utils.trainer -   Precision: 0.32316
04/18/2026 00:11:10 - INFO - utils.trainer -   Recall: 0.32740
04/18/2026 00:11:10 - INFO - utils.trainer -   F_score: 0.29477
04/18/2026 00:11:10 - INFO - utils.trainer -   Loss: -1410360215.19798
04/18/2026 00:11:10 - INFO - utils.trainer -   Epoch: 127, Train loss: 2.38882, Test loss: -1410360215.19798,Epoch time = 17.158s
04/18/2026 00:11:27 - INFO - utils.trainer -   ***** Running evaluation on test1 dataset *****
04/18/2026 00:11:30 - INFO - utils.trainer -   AUC: 0.57720
04/18/2026 00:11:30 - INFO - utils.trainer -   Accuracy: 0.33758
04/18/2026 00:11:30 - INFO - utils.trainer -   Precision: 0.22463
04/18/2026 00:11:30 - INFO - utils.trainer -   Recall: 0.31478
04/18/2026 00:11:30 - INFO - utils.trainer -   F_score: 0.23274
04/18/2026 00:11:30 - INFO - utils.trainer -   Loss: -108495383.19627
04/18/2026 00:11:30 - INFO - utils.trainer -   Epoch: 128, Train loss: 6.18354, Test loss: -108495383.19627,Epoch time = 16.935s
04/18/2026 00:11:47 - INFO - utils.trainer -   ***** Running evaluation on test1 dataset *****
04/18/2026 00:11:50 - INFO - utils.trainer -   AUC: 0.56548
04/18/2026 00:11:50 - INFO - utils.trainer -   Accuracy: 0.30573
04/18/2026 00:11:50 - INFO - utils.trainer -   Precision: 0.54646
04/18/2026 00:11:50 - INFO - utils.trainer -   Recall: 0.30459
04/18/2026 00:11:50 - INFO - utils.trainer -   F_score: 0.26056
04/18/2026 00:11:50 - INFO - utils.trainer -   Loss: -99823479.15659
04/18/2026 00:11:50 - INFO - utils.trainer -   Epoch: 129, Train loss: 2.68133, Test loss: -99823479.15659,Epoch time = 17.761s
04/18/2026 00:12:07 - INFO - utils.trainer -   ***** Running evaluation on test1 dataset *****
04/18/2026 00:12:10 - INFO - utils.trainer -   AUC: 0.62042
04/18/2026 00:12:10 - INFO - utils.trainer -   Accuracy: 0.33758
04/18/2026 00:12:10 - INFO - utils.trainer -   Precision: 0.31329
04/18/2026 00:12:10 - INFO - utils.trainer -   Recall: 0.31597
04/18/2026 00:12:10 - INFO - utils.trainer -   F_score: 0.25799
04/18/2026 00:12:10 - INFO - utils.trainer -   Loss: -139405092.03059
04/18/2026 00:12:10 - INFO - utils.trainer -   Epoch: 130, Train loss: 2.60623, Test loss: -139405092.03059,Epoch time = 17.316s
04/18/2026 00:12:27 - INFO - utils.trainer -   ***** Running evaluation on test1 dataset *****
04/18/2026 00:12:30 - INFO - utils.trainer -   AUC: 0.58080
04/18/2026 00:12:30 - INFO - utils.trainer -   Accuracy: 0.29299
04/18/2026 00:12:30 - INFO - utils.trainer -   Precision: 0.25323
04/18/2026 00:12:30 - INFO - utils.trainer -   Recall: 0.27938
04/18/2026 00:12:30 - INFO - utils.trainer -   F_score: 0.21503
04/18/2026 00:12:30 - INFO - utils.trainer -   Loss: -154565079.22720
04/18/2026 00:12:30 - INFO - utils.trainer -   Epoch: 131, Train loss: 2.52336, Test loss: -154565079.22720,Epoch time = 17.096s
04/18/2026 00:12:47 - INFO - utils.trainer -   ***** Running evaluation on test1 dataset *****
04/18/2026 00:12:50 - INFO - utils.trainer -   AUC: 0.61665
04/18/2026 00:12:50 - INFO - utils.trainer -   Accuracy: 0.33121
04/18/2026 00:12:50 - INFO - utils.trainer -   Precision: 0.29756
04/18/2026 00:12:50 - INFO - utils.trainer -   Recall: 0.32274
04/18/2026 00:12:50 - INFO - utils.trainer -   F_score: 0.23658
04/18/2026 00:12:50 - INFO - utils.trainer -   Loss: -197382371.97496
04/18/2026 00:12:50 - INFO - utils.trainer -   Epoch: 132, Train loss: 2.56721, Test loss: -197382371.97496,Epoch time = 17.134s
04/18/2026 00:13:07 - INFO - utils.trainer -   ***** Running evaluation on test1 dataset *****
04/18/2026 00:13:10 - INFO - utils.trainer -   AUC: 0.59255
04/18/2026 00:13:10 - INFO - utils.trainer -   Accuracy: 0.33758
04/18/2026 00:13:10 - INFO - utils.trainer -   Precision: 0.18131
04/18/2026 00:13:10 - INFO - utils.trainer -   Recall: 0.32299
04/18/2026 00:13:10 - INFO - utils.trainer -   F_score: 0.22419
04/18/2026 00:13:10 - INFO - utils.trainer -   Loss: -305208445.60361
04/18/2026 00:13:10 - INFO - utils.trainer -   Epoch: 133, Train loss: 2.56833, Test loss: -305208445.60361,Epoch time = 17.004s
04/18/2026 00:13:28 - INFO - utils.trainer -   ***** Running evaluation on test1 dataset *****
04/18/2026 00:13:31 - INFO - utils.trainer -   AUC: 0.60325
04/18/2026 00:13:31 - INFO - utils.trainer -   Accuracy: 0.34395
04/18/2026 00:13:31 - INFO - utils.trainer -   Precision: 0.25777
04/18/2026 00:13:31 - INFO - utils.trainer -   Recall: 0.31881
04/18/2026 00:13:31 - INFO - utils.trainer -   F_score: 0.23745
04/18/2026 00:13:31 - INFO - utils.trainer -   Loss: 1080770562.37274
04/18/2026 00:13:31 - INFO - utils.trainer -   Epoch: 134, Train loss: 1.57197, Test loss: 1080770562.37274,Epoch time = 17.828s
04/18/2026 00:13:48 - INFO - utils.trainer -   ***** Running evaluation on test1 dataset *****
04/18/2026 00:13:51 - INFO - utils.trainer -   AUC: 0.56625
04/18/2026 00:13:51 - INFO - utils.trainer -   Accuracy: 0.29936
04/18/2026 00:13:51 - INFO - utils.trainer -   Precision: 0.28286
04/18/2026 00:13:51 - INFO - utils.trainer -   Recall: 0.28981
04/18/2026 00:13:51 - INFO - utils.trainer -   F_score: 0.28225
04/18/2026 00:13:51 - INFO - utils.trainer -   Loss: 314840604.01544
04/18/2026 00:13:51 - INFO - utils.trainer -   Epoch: 135, Train loss: 2.63973, Test loss: 314840604.01544,Epoch time = 17.240s
04/18/2026 00:14:08 - INFO - utils.trainer -   ***** Running evaluation on test1 dataset *****
04/18/2026 00:14:11 - INFO - utils.trainer -   AUC: 0.58690
04/18/2026 00:14:11 - INFO - utils.trainer -   Accuracy: 0.31847
04/18/2026 00:14:11 - INFO - utils.trainer -   Precision: 0.28177
04/18/2026 00:14:11 - INFO - utils.trainer -   Recall: 0.29567
04/18/2026 00:14:11 - INFO - utils.trainer -   F_score: 0.24345
04/18/2026 00:14:11 - INFO - utils.trainer -   Loss: 624206491.99257
04/18/2026 00:14:11 - INFO - utils.trainer -   Epoch: 136, Train loss: 2.61151, Test loss: 624206491.99257,Epoch time = 17.343s
04/18/2026 00:14:29 - INFO - utils.trainer -   ***** Running evaluation on test1 dataset *****
04/18/2026 00:14:31 - INFO - utils.trainer -   AUC: 0.60988
04/18/2026 00:14:31 - INFO - utils.trainer -   Accuracy: 0.35669
04/18/2026 00:14:31 - INFO - utils.trainer -   Precision: 0.55969
04/18/2026 00:14:31 - INFO - utils.trainer -   Recall: 0.34180
04/18/2026 00:14:31 - INFO - utils.trainer -   F_score: 0.27461
04/18/2026 00:14:31 - INFO - utils.trainer -   Loss: 22776340482.42260
04/18/2026 00:14:32 - INFO - utils.trainer -   Epoch: 137, Train loss: 2.15106, Test loss: 22776340482.42260,Epoch time = 17.450s
04/18/2026 00:14:49 - INFO - utils.trainer -   ***** Running evaluation on test1 dataset *****
04/18/2026 00:14:51 - INFO - utils.trainer -   AUC: 0.63617
04/18/2026 00:14:51 - INFO - utils.trainer -   Accuracy: 0.36306
04/18/2026 00:14:51 - INFO - utils.trainer -   Precision: 0.29627
04/18/2026 00:14:51 - INFO - utils.trainer -   Recall: 0.35016
04/18/2026 00:14:51 - INFO - utils.trainer -   F_score: 0.31021
04/18/2026 00:14:51 - INFO - utils.trainer -   Loss: 214340891.95598
04/18/2026 00:14:51 - INFO - utils.trainer -   Epoch: 138, Train loss: 2.54269, Test loss: 214340891.95598,Epoch time = 17.132s
04/18/2026 00:15:09 - INFO - utils.trainer -   ***** Running evaluation on test1 dataset *****
04/18/2026 00:15:12 - INFO - utils.trainer -   AUC: 0.58887
04/18/2026 00:15:12 - INFO - utils.trainer -   Accuracy: 0.36943
04/18/2026 00:15:12 - INFO - utils.trainer -   Precision: 0.35069
04/18/2026 00:15:12 - INFO - utils.trainer -   Recall: 0.35955
04/18/2026 00:15:12 - INFO - utils.trainer -   F_score: 0.33668
04/18/2026 00:15:12 - INFO - utils.trainer -   Loss: 1473491970.41819
04/18/2026 00:15:12 - INFO - utils.trainer -   Saving model checkpoint to output_dir/SrCVIB
04/18/2026 00:15:12 - INFO - utils.trainer -   Epoch: 139, Train loss: 2.65814, Test loss: 1473491970.41819,Epoch time = 17.124s
04/18/2026 00:15:29 - INFO - utils.trainer -   ***** Running evaluation on test1 dataset *****
04/18/2026 00:15:32 - INFO - utils.trainer -   AUC: 0.58128
04/18/2026 00:15:32 - INFO - utils.trainer -   Accuracy: 0.31847
04/18/2026 00:15:32 - INFO - utils.trainer -   Precision: 0.28745
04/18/2026 00:15:32 - INFO - utils.trainer -   Recall: 0.29208
04/18/2026 00:15:32 - INFO - utils.trainer -   F_score: 0.20999
04/18/2026 00:15:32 - INFO - utils.trainer -   Loss: -970383767.01912
04/18/2026 00:15:32 - INFO - utils.trainer -   Epoch: 140, Train loss: 1.08762, Test loss: -970383767.01912,Epoch time = 17.593s
04/18/2026 00:15:49 - INFO - utils.trainer -   ***** Running evaluation on test1 dataset *****
04/18/2026 00:15:52 - INFO - utils.trainer -   AUC: 0.60059
04/18/2026 00:15:52 - INFO - utils.trainer -   Accuracy: 0.33121
04/18/2026 00:15:52 - INFO - utils.trainer -   Precision: 0.31389
04/18/2026 00:15:52 - INFO - utils.trainer -   Recall: 0.32372
04/18/2026 00:15:52 - INFO - utils.trainer -   F_score: 0.30268
04/18/2026 00:15:52 - INFO - utils.trainer -   Loss: -438646371.99404
04/18/2026 00:15:52 - INFO - utils.trainer -   Epoch: 141, Train loss: 2.45512, Test loss: -438646371.99404,Epoch time = 17.076s
04/18/2026 00:16:10 - INFO - utils.trainer -   ***** Running evaluation on test1 dataset *****
04/18/2026 00:16:13 - INFO - utils.trainer -   AUC: 0.62932
04/18/2026 00:16:13 - INFO - utils.trainer -   Accuracy: 0.38217
04/18/2026 00:16:13 - INFO - utils.trainer -   Precision: 0.38247
04/18/2026 00:16:13 - INFO - utils.trainer -   Recall: 0.36390
04/18/2026 00:16:13 - INFO - utils.trainer -   F_score: 0.31430
04/18/2026 00:16:13 - INFO - utils.trainer -   Loss: -432431664.84128
04/18/2026 00:16:13 - INFO - utils.trainer -   Epoch: 142, Train loss: 0.32953, Test loss: -432431664.84128,Epoch time = 17.916s
04/18/2026 00:16:30 - INFO - utils.trainer -   ***** Running evaluation on test1 dataset *****
04/18/2026 00:16:33 - INFO - utils.trainer -   AUC: 0.58904
04/18/2026 00:16:33 - INFO - utils.trainer -   Accuracy: 0.37580
04/18/2026 00:16:33 - INFO - utils.trainer -   Precision: 0.38907
04/18/2026 00:16:33 - INFO - utils.trainer -   Recall: 0.36055
04/18/2026 00:16:33 - INFO - utils.trainer -   F_score: 0.33779
04/18/2026 00:16:33 - INFO - utils.trainer -   Loss: -1490677962.47376
04/18/2026 00:16:33 - INFO - utils.trainer -   Saving model checkpoint to output_dir/SrCVIB
04/18/2026 00:16:33 - INFO - utils.trainer -   Epoch: 143, Train loss: 2.68995, Test loss: -1490677962.47376,Epoch time = 17.219s
04/18/2026 00:16:50 - INFO - utils.trainer -   ***** Running evaluation on test1 dataset *****
04/18/2026 00:16:53 - INFO - utils.trainer -   AUC: 0.62017
04/18/2026 00:16:53 - INFO - utils.trainer -   Accuracy: 0.33758
04/18/2026 00:16:53 - INFO - utils.trainer -   Precision: 0.31675
04/18/2026 00:16:53 - INFO - utils.trainer -   Recall: 0.33224
04/18/2026 00:16:53 - INFO - utils.trainer -   F_score: 0.31115
04/18/2026 00:16:53 - INFO - utils.trainer -   Loss: 2538021275.93323
04/18/2026 00:16:53 - INFO - utils.trainer -   Epoch: 144, Train loss: 3.27987, Test loss: 2538021275.93323,Epoch time = 17.199s
04/18/2026 00:17:10 - INFO - utils.trainer -   ***** Running evaluation on test1 dataset *****
04/18/2026 00:17:14 - INFO - utils.trainer -   AUC: 0.58439
04/18/2026 00:17:14 - INFO - utils.trainer -   Accuracy: 0.31847
04/18/2026 00:17:14 - INFO - utils.trainer -   Precision: 0.33846
04/18/2026 00:17:14 - INFO - utils.trainer -   Recall: 0.31515
04/18/2026 00:17:14 - INFO - utils.trainer -   F_score: 0.30020
04/18/2026 00:17:14 - INFO - utils.trainer -   Loss: -869101872.70547
04/18/2026 00:17:14 - INFO - utils.trainer -   Epoch: 145, Train loss: 2.58367, Test loss: -869101872.70547,Epoch time = 17.202s
04/18/2026 00:17:31 - INFO - utils.trainer -   ***** Running evaluation on test1 dataset *****
04/18/2026 00:17:34 - INFO - utils.trainer -   AUC: 0.61316
04/18/2026 00:17:34 - INFO - utils.trainer -   Accuracy: 0.35669
04/18/2026 00:17:34 - INFO - utils.trainer -   Precision: 0.37312
04/18/2026 00:17:34 - INFO - utils.trainer -   Recall: 0.35118
04/18/2026 00:17:34 - INFO - utils.trainer -   F_score: 0.34234
04/18/2026 00:17:34 - INFO - utils.trainer -   Loss: -533124554.42634
04/18/2026 00:17:34 - INFO - utils.trainer -   Saving model checkpoint to output_dir/SrCVIB
04/18/2026 00:17:34 - INFO - utils.trainer -   Epoch: 146, Train loss: 2.63746, Test loss: -533124554.42634,Epoch time = 17.783s
04/18/2026 00:17:52 - INFO - utils.trainer -   ***** Running evaluation on test1 dataset *****
04/18/2026 00:17:55 - INFO - utils.trainer -   AUC: 0.61356
04/18/2026 00:17:55 - INFO - utils.trainer -   Accuracy: 0.38854
04/18/2026 00:17:55 - INFO - utils.trainer -   Precision: 0.36078
04/18/2026 00:17:55 - INFO - utils.trainer -   Recall: 0.37372
04/18/2026 00:17:55 - INFO - utils.trainer -   F_score: 0.34176
04/18/2026 00:17:55 - INFO - utils.trainer -   Loss: -831020541.63683
04/18/2026 00:17:55 - INFO - utils.trainer -   Epoch: 147, Train loss: 1.88909, Test loss: -831020541.63683,Epoch time = 17.891s
04/18/2026 00:18:12 - INFO - utils.trainer -   ***** Running evaluation on test1 dataset *****
04/18/2026 00:18:15 - INFO - utils.trainer -   AUC: 0.63068
04/18/2026 00:18:15 - INFO - utils.trainer -   Accuracy: 0.38854
04/18/2026 00:18:15 - INFO - utils.trainer -   Precision: 0.39600
04/18/2026 00:18:15 - INFO - utils.trainer -   Recall: 0.38725
04/18/2026 00:18:15 - INFO - utils.trainer -   F_score: 0.37965
04/18/2026 00:18:15 - INFO - utils.trainer -   Loss: 10100836764.04993
04/18/2026 00:18:15 - INFO - utils.trainer -   Saving model checkpoint to output_dir/SrCVIB
04/18/2026 00:18:15 - INFO - utils.trainer -   Epoch: 148, Train loss: 2.12223, Test loss: 10100836764.04993,Epoch time = 17.236s
04/18/2026 00:18:32 - INFO - utils.trainer -   ***** Running evaluation on test1 dataset *****
04/18/2026 00:18:35 - INFO - utils.trainer -   AUC: 0.63902
04/18/2026 00:18:35 - INFO - utils.trainer -   Accuracy: 0.42038
04/18/2026 00:18:35 - INFO - utils.trainer -   Precision: 0.50323
04/18/2026 00:18:35 - INFO - utils.trainer -   Recall: 0.41394
04/18/2026 00:18:35 - INFO - utils.trainer -   F_score: 0.40688
04/18/2026 00:18:35 - INFO - utils.trainer -   Loss: -1690497328.77531
04/18/2026 00:18:35 - INFO - utils.trainer -   Saving model checkpoint to output_dir/SrCVIB
04/18/2026 00:18:35 - INFO - utils.trainer -   Epoch: 149, Train loss: 0.83369, Test loss: -1690497328.77531,Epoch time = 17.049s
04/18/2026 00:18:52 - INFO - utils.trainer -   ***** Running evaluation on test1 dataset *****
04/18/2026 00:18:55 - INFO - utils.trainer -   AUC: 0.63724
04/18/2026 00:18:55 - INFO - utils.trainer -   Accuracy: 0.35032
04/18/2026 00:18:55 - INFO - utils.trainer -   Precision: 0.34166
04/18/2026 00:18:55 - INFO - utils.trainer -   Recall: 0.33692
04/18/2026 00:18:55 - INFO - utils.trainer -   F_score: 0.31968
04/18/2026 00:18:55 - INFO - utils.trainer -   Loss: -129106698.44795
04/18/2026 00:18:55 - INFO - utils.trainer -   Epoch: 150, Train loss: 3.42628, Test loss: -129106698.44795,Epoch time = 17.064s
04/18/2026 00:19:13 - INFO - utils.trainer -   ***** Running evaluation on test1 dataset *****
04/18/2026 00:19:16 - INFO - utils.trainer -   AUC: 0.65550
04/18/2026 00:19:16 - INFO - utils.trainer -   Accuracy: 0.35032
04/18/2026 00:19:16 - INFO - utils.trainer -   Precision: 0.36594
04/18/2026 00:19:16 - INFO - utils.trainer -   Recall: 0.34603
04/18/2026 00:19:16 - INFO - utils.trainer -   F_score: 0.34501
04/18/2026 00:19:16 - INFO - utils.trainer -   Loss: -169833623.28520
04/18/2026 00:19:16 - INFO - utils.trainer -   Epoch: 151, Train loss: 2.19160, Test loss: -169833623.28520,Epoch time = 17.634s
04/18/2026 00:19:33 - INFO - utils.trainer -   ***** Running evaluation on test1 dataset *****
04/18/2026 00:19:36 - INFO - utils.trainer -   AUC: 0.63803
04/18/2026 00:19:36 - INFO - utils.trainer -   Accuracy: 0.40127
04/18/2026 00:19:36 - INFO - utils.trainer -   Precision: 0.47325
04/18/2026 00:19:36 - INFO - utils.trainer -   Recall: 0.38866
04/18/2026 00:19:36 - INFO - utils.trainer -   F_score: 0.36237
04/18/2026 00:19:36 - INFO - utils.trainer -   Loss: -207011300.04372
04/18/2026 00:19:36 - INFO - utils.trainer -   Epoch: 152, Train loss: 2.20222, Test loss: -207011300.04372,Epoch time = 16.992s
04/18/2026 00:19:53 - INFO - utils.trainer -   ***** Running evaluation on test1 dataset *****
04/18/2026 00:19:55 - INFO - utils.trainer -   AUC: 0.64556
04/18/2026 00:19:55 - INFO - utils.trainer -   Accuracy: 0.43949
04/18/2026 00:19:55 - INFO - utils.trainer -   Precision: 0.46578
04/18/2026 00:19:55 - INFO - utils.trainer -   Recall: 0.44129
04/18/2026 00:19:55 - INFO - utils.trainer -   F_score: 0.43741
04/18/2026 00:19:55 - INFO - utils.trainer -   Loss: -165261680.73741
04/18/2026 00:19:55 - INFO - utils.trainer -   Saving model checkpoint to output_dir/SrCVIB
04/18/2026 00:19:55 - INFO - utils.trainer -   Epoch: 153, Train loss: 2.15021, Test loss: -165261680.73741,Epoch time = 17.037s
04/18/2026 00:20:12 - INFO - utils.trainer -   ***** Running evaluation on test1 dataset *****
04/18/2026 00:20:15 - INFO - utils.trainer -   AUC: 0.64956
04/18/2026 00:20:15 - INFO - utils.trainer -   Accuracy: 0.42038
04/18/2026 00:20:15 - INFO - utils.trainer -   Precision: 0.44549
04/18/2026 00:20:15 - INFO - utils.trainer -   Recall: 0.42211
04/18/2026 00:20:15 - INFO - utils.trainer -   F_score: 0.42032
04/18/2026 00:20:15 - INFO - utils.trainer -   Loss: -215753495.17707
04/18/2026 00:20:15 - INFO - utils.trainer -   Epoch: 154, Train loss: 2.06313, Test loss: -215753495.17707,Epoch time = 16.972s
04/18/2026 00:20:32 - INFO - utils.trainer -   ***** Running evaluation on test1 dataset *****
04/18/2026 00:20:35 - INFO - utils.trainer -   AUC: 0.63782
04/18/2026 00:20:35 - INFO - utils.trainer -   Accuracy: 0.36943
04/18/2026 00:20:35 - INFO - utils.trainer -   Precision: 0.38251
04/18/2026 00:20:35 - INFO - utils.trainer -   Recall: 0.35904
04/18/2026 00:20:35 - INFO - utils.trainer -   F_score: 0.34432
04/18/2026 00:20:35 - INFO - utils.trainer -   Loss: -184892029.49619
04/18/2026 00:20:35 - INFO - utils.trainer -   Epoch: 155, Train loss: 2.03478, Test loss: -184892029.49619,Epoch time = 16.998s
04/18/2026 00:20:52 - INFO - utils.trainer -   ***** Running evaluation on test1 dataset *****
04/18/2026 00:20:55 - INFO - utils.trainer -   AUC: 0.66730
04/18/2026 00:20:55 - INFO - utils.trainer -   Accuracy: 0.39490
04/18/2026 00:20:55 - INFO - utils.trainer -   Precision: 0.46395
04/18/2026 00:20:55 - INFO - utils.trainer -   Recall: 0.40186
04/18/2026 00:20:55 - INFO - utils.trainer -   F_score: 0.37801
04/18/2026 00:20:55 - INFO - utils.trainer -   Loss: -222572080.77159
04/18/2026 00:20:55 - INFO - utils.trainer -   Epoch: 156, Train loss: 2.09147, Test loss: -222572080.77159,Epoch time = 17.084s
04/18/2026 00:21:12 - INFO - utils.trainer -   ***** Running evaluation on test1 dataset *****
04/18/2026 00:21:15 - INFO - utils.trainer -   AUC: 0.64524
04/18/2026 00:21:15 - INFO - utils.trainer -   Accuracy: 0.38854
04/18/2026 00:21:15 - INFO - utils.trainer -   Precision: 0.41985
04/18/2026 00:21:15 - INFO - utils.trainer -   Recall: 0.37838
04/18/2026 00:21:15 - INFO - utils.trainer -   F_score: 0.36954
04/18/2026 00:21:15 - INFO - utils.trainer -   Loss: -238302973.59053
04/18/2026 00:21:15 - INFO - utils.trainer -   Epoch: 157, Train loss: 2.11884, Test loss: -238302973.59053,Epoch time = 17.006s
04/18/2026 00:21:32 - INFO - utils.trainer -   ***** Running evaluation on test1 dataset *****
04/18/2026 00:21:35 - INFO - utils.trainer -   AUC: 0.64168
04/18/2026 00:21:35 - INFO - utils.trainer -   Accuracy: 0.41401
04/18/2026 00:21:35 - INFO - utils.trainer -   Precision: 0.46620
04/18/2026 00:21:35 - INFO - utils.trainer -   Recall: 0.40866
04/18/2026 00:21:35 - INFO - utils.trainer -   F_score: 0.41446
04/18/2026 00:21:35 - INFO - utils.trainer -   Loss: -193843184.73103
04/18/2026 00:21:35 - INFO - utils.trainer -   Epoch: 158, Train loss: 2.03173, Test loss: -193843184.73103,Epoch time = 16.932s
04/18/2026 00:21:52 - INFO - utils.trainer -   ***** Running evaluation on test1 dataset *****
04/18/2026 00:21:55 - INFO - utils.trainer -   AUC: 0.64844
04/18/2026 00:21:55 - INFO - utils.trainer -   Accuracy: 0.43312
04/18/2026 00:21:55 - INFO - utils.trainer -   Precision: 0.45647
04/18/2026 00:21:55 - INFO - utils.trainer -   Recall: 0.43266
04/18/2026 00:21:55 - INFO - utils.trainer -   F_score: 0.41997
04/18/2026 00:21:55 - INFO - utils.trainer -   Loss: -245918512.74912
04/18/2026 00:21:55 - INFO - utils.trainer -   Epoch: 159, Train loss: 2.03585, Test loss: -245918512.74912,Epoch time = 17.786s
04/18/2026 00:22:13 - INFO - utils.trainer -   ***** Running evaluation on test1 dataset *****
04/18/2026 00:22:16 - INFO - utils.trainer -   AUC: 0.64211
04/18/2026 00:22:16 - INFO - utils.trainer -   Accuracy: 0.40127
04/18/2026 00:22:16 - INFO - utils.trainer -   Precision: 0.42328
04/18/2026 00:22:16 - INFO - utils.trainer -   Recall: 0.39359
04/18/2026 00:22:16 - INFO - utils.trainer -   F_score: 0.38711
04/18/2026 00:22:16 - INFO - utils.trainer -   Loss: -311495651.79831
04/18/2026 00:22:16 - INFO - utils.trainer -   Epoch: 160, Train loss: 1.94279, Test loss: -311495651.79831,Epoch time = 17.657s
04/18/2026 00:22:33 - INFO - utils.trainer -   ***** Running evaluation on test1 dataset *****
04/18/2026 00:22:36 - INFO - utils.trainer -   AUC: 0.61621
04/18/2026 00:22:36 - INFO - utils.trainer -   Accuracy: 0.38854
04/18/2026 00:22:36 - INFO - utils.trainer -   Precision: 0.40213
04/18/2026 00:22:36 - INFO - utils.trainer -   Recall: 0.38573
04/18/2026 00:22:36 - INFO - utils.trainer -   F_score: 0.38574
04/18/2026 00:22:36 - INFO - utils.trainer -   Loss: -318578659.58088
04/18/2026 00:22:36 - INFO - utils.trainer -   Epoch: 161, Train loss: 1.96630, Test loss: -318578659.58088,Epoch time = 17.102s
04/18/2026 00:22:53 - INFO - utils.trainer -   ***** Running evaluation on test1 dataset *****
04/18/2026 00:22:56 - INFO - utils.trainer -   AUC: 0.65755
04/18/2026 00:22:56 - INFO - utils.trainer -   Accuracy: 0.38217
04/18/2026 00:22:56 - INFO - utils.trainer -   Precision: 0.39366
04/18/2026 00:22:56 - INFO - utils.trainer -   Recall: 0.38319
04/18/2026 00:22:56 - INFO - utils.trainer -   F_score: 0.38135
04/18/2026 00:22:56 - INFO - utils.trainer -   Loss: -521620323.70419
04/18/2026 00:22:56 - INFO - utils.trainer -   Epoch: 162, Train loss: 1.85020, Test loss: -521620323.70419,Epoch time = 17.126s
04/18/2026 00:23:13 - INFO - utils.trainer -   ***** Running evaluation on test1 dataset *****
04/18/2026 00:23:15 - INFO - utils.trainer -   AUC: 0.64387
04/18/2026 00:23:15 - INFO - utils.trainer -   Accuracy: 0.37580
04/18/2026 00:23:15 - INFO - utils.trainer -   Precision: 0.38960
04/18/2026 00:23:15 - INFO - utils.trainer -   Recall: 0.36413
04/18/2026 00:23:15 - INFO - utils.trainer -   F_score: 0.35756
04/18/2026 00:23:15 - INFO - utils.trainer -   Loss: -821348656.48750
04/18/2026 00:23:15 - INFO - utils.trainer -   Epoch: 163, Train loss: 2.02409, Test loss: -821348656.48750,Epoch time = 17.031s
04/18/2026 00:23:32 - INFO - utils.trainer -   ***** Running evaluation on test1 dataset *****
04/18/2026 00:23:35 - INFO - utils.trainer -   AUC: 0.62980
04/18/2026 00:23:35 - INFO - utils.trainer -   Accuracy: 0.36306
04/18/2026 00:23:35 - INFO - utils.trainer -   Precision: 0.37527
04/18/2026 00:23:35 - INFO - utils.trainer -   Recall: 0.34702
04/18/2026 00:23:35 - INFO - utils.trainer -   F_score: 0.32827
04/18/2026 00:23:35 - INFO - utils.trainer -   Loss: -234674096.46423
04/18/2026 00:23:35 - INFO - utils.trainer -   Epoch: 164, Train loss: 1.56766, Test loss: -234674096.46423,Epoch time = 16.851s
04/18/2026 00:23:52 - INFO - utils.trainer -   ***** Running evaluation on test1 dataset *****
04/18/2026 00:23:55 - INFO - utils.trainer -   AUC: 0.64040
04/18/2026 00:23:55 - INFO - utils.trainer -   Accuracy: 0.36306
04/18/2026 00:23:55 - INFO - utils.trainer -   Precision: 0.38315
04/18/2026 00:23:55 - INFO - utils.trainer -   Recall: 0.35947
04/18/2026 00:23:55 - INFO - utils.trainer -   F_score: 0.35666
04/18/2026 00:23:55 - INFO - utils.trainer -   Loss: -542607203.78190
04/18/2026 00:23:55 - INFO - utils.trainer -   Epoch: 165, Train loss: 2.19828, Test loss: -542607203.78190,Epoch time = 17.071s
04/18/2026 00:24:12 - INFO - utils.trainer -   ***** Running evaluation on test1 dataset *****
04/18/2026 00:24:15 - INFO - utils.trainer -   AUC: 0.65902
04/18/2026 00:24:15 - INFO - utils.trainer -   Accuracy: 0.41401
04/18/2026 00:24:15 - INFO - utils.trainer -   Precision: 0.41702
04/18/2026 00:24:15 - INFO - utils.trainer -   Recall: 0.41281
04/18/2026 00:24:15 - INFO - utils.trainer -   F_score: 0.41304
04/18/2026 00:24:15 - INFO - utils.trainer -   Loss: 581973199.59539
04/18/2026 00:24:15 - INFO - utils.trainer -   Epoch: 166, Train loss: 2.22430, Test loss: 581973199.59539,Epoch time = 17.212s
04/18/2026 00:24:32 - INFO - utils.trainer -   ***** Running evaluation on test1 dataset *****
04/18/2026 00:24:35 - INFO - utils.trainer -   AUC: 0.64554
04/18/2026 00:24:35 - INFO - utils.trainer -   Accuracy: 0.38217
04/18/2026 00:24:35 - INFO - utils.trainer -   Precision: 0.39606
04/18/2026 00:24:35 - INFO - utils.trainer -   Recall: 0.37486
04/18/2026 00:24:35 - INFO - utils.trainer -   F_score: 0.37494
04/18/2026 00:24:35 - INFO - utils.trainer -   Loss: 1052076137.32046
04/18/2026 00:24:35 - INFO - utils.trainer -   Epoch: 167, Train loss: -0.24197, Test loss: 1052076137.32046,Epoch time = 16.932s
04/18/2026 00:24:53 - INFO - utils.trainer -   ***** Running evaluation on test1 dataset *****
04/18/2026 00:24:56 - INFO - utils.trainer -   AUC: 0.65811
04/18/2026 00:24:56 - INFO - utils.trainer -   Accuracy: 0.40764
04/18/2026 00:24:56 - INFO - utils.trainer -   Precision: 0.44332
04/18/2026 00:24:56 - INFO - utils.trainer -   Recall: 0.40012
04/18/2026 00:24:56 - INFO - utils.trainer -   F_score: 0.39812
04/18/2026 00:24:56 - INFO - utils.trainer -   Loss: -914882659.81019
04/18/2026 00:24:56 - INFO - utils.trainer -   Epoch: 168, Train loss: 2.91148, Test loss: -914882659.81019,Epoch time = 17.778s
04/18/2026 00:25:13 - INFO - utils.trainer -   ***** Running evaluation on test1 dataset *****
04/18/2026 00:25:16 - INFO - utils.trainer -   AUC: 0.66476
04/18/2026 00:25:16 - INFO - utils.trainer -   Accuracy: 0.39490
04/18/2026 00:25:16 - INFO - utils.trainer -   Precision: 0.39296
04/18/2026 00:25:16 - INFO - utils.trainer -   Recall: 0.38982
04/18/2026 00:25:16 - INFO - utils.trainer -   F_score: 0.38889
04/18/2026 00:25:16 - INFO - utils.trainer -   Loss: -227455280.55135
04/18/2026 00:25:16 - INFO - utils.trainer -   Epoch: 169, Train loss: -2.73879, Test loss: -227455280.55135,Epoch time = 17.184s
04/18/2026 00:25:33 - INFO - utils.trainer -   ***** Running evaluation on test1 dataset *****
04/18/2026 00:25:36 - INFO - utils.trainer -   AUC: 0.64754
04/18/2026 00:25:36 - INFO - utils.trainer -   Accuracy: 0.40127
04/18/2026 00:25:36 - INFO - utils.trainer -   Precision: 0.39772
04/18/2026 00:25:36 - INFO - utils.trainer -   Recall: 0.39528
04/18/2026 00:25:36 - INFO - utils.trainer -   F_score: 0.38862
04/18/2026 00:25:36 - INFO - utils.trainer -   Loss: -212494128.21327
04/18/2026 00:25:36 - INFO - utils.trainer -   Epoch: 170, Train loss: 1.93368, Test loss: -212494128.21327,Epoch time = 17.250s
04/18/2026 00:25:53 - INFO - utils.trainer -   ***** Running evaluation on test1 dataset *****
04/18/2026 00:25:56 - INFO - utils.trainer -   AUC: 0.63866
04/18/2026 00:25:56 - INFO - utils.trainer -   Accuracy: 0.39490
04/18/2026 00:25:56 - INFO - utils.trainer -   Precision: 0.40333
04/18/2026 00:25:56 - INFO - utils.trainer -   Recall: 0.38727
04/18/2026 00:25:56 - INFO - utils.trainer -   F_score: 0.38345
04/18/2026 00:25:56 - INFO - utils.trainer -   Loss: -309474838.45018
04/18/2026 00:25:56 - INFO - utils.trainer -   Epoch: 171, Train loss: 1.91567, Test loss: -309474838.45018,Epoch time = 17.557s
04/18/2026 00:26:14 - INFO - utils.trainer -   ***** Running evaluation on test1 dataset *****
04/18/2026 00:26:17 - INFO - utils.trainer -   AUC: 0.65750
04/18/2026 00:26:17 - INFO - utils.trainer -   Accuracy: 0.38217
04/18/2026 00:26:17 - INFO - utils.trainer -   Precision: 0.37698
04/18/2026 00:26:17 - INFO - utils.trainer -   Recall: 0.37287
04/18/2026 00:26:17 - INFO - utils.trainer -   F_score: 0.36762
04/18/2026 00:26:17 - INFO - utils.trainer -   Loss: -315425123.47412
04/18/2026 00:26:17 - INFO - utils.trainer -   Epoch: 172, Train loss: 0.31235, Test loss: -315425123.47412,Epoch time = 17.476s
04/18/2026 00:26:34 - INFO - utils.trainer -   ***** Running evaluation on test1 dataset *****
04/18/2026 00:26:37 - INFO - utils.trainer -   AUC: 0.63840
04/18/2026 00:26:37 - INFO - utils.trainer -   Accuracy: 0.38854
04/18/2026 00:26:37 - INFO - utils.trainer -   Precision: 0.39946
04/18/2026 00:26:37 - INFO - utils.trainer -   Recall: 0.37996
04/18/2026 00:26:37 - INFO - utils.trainer -   F_score: 0.37528
04/18/2026 00:26:37 - INFO - utils.trainer -   Loss: -11090161661.26225
04/18/2026 00:26:37 - INFO - utils.trainer -   Epoch: 173, Train loss: 1.36750, Test loss: -11090161661.26225,Epoch time = 17.386s
04/18/2026 00:26:54 - INFO - utils.trainer -   ***** Running evaluation on test1 dataset *****
04/18/2026 00:26:57 - INFO - utils.trainer -   AUC: 0.66842
04/18/2026 00:26:57 - INFO - utils.trainer -   Accuracy: 0.46497
04/18/2026 00:26:57 - INFO - utils.trainer -   Precision: 0.46427
04/18/2026 00:26:57 - INFO - utils.trainer -   Recall: 0.46292
04/18/2026 00:26:57 - INFO - utils.trainer -   F_score: 0.45730
04/18/2026 00:26:57 - INFO - utils.trainer -   Loss: -589493449.94417
04/18/2026 00:26:57 - INFO - utils.trainer -   Saving model checkpoint to output_dir/SrCVIB
04/18/2026 00:26:57 - INFO - utils.trainer -   Epoch: 174, Train loss: 1.95908, Test loss: -589493449.94417,Epoch time = 17.004s
04/18/2026 00:27:14 - INFO - utils.trainer -   ***** Running evaluation on test1 dataset *****
04/18/2026 00:27:17 - INFO - utils.trainer -   AUC: 0.64885
04/18/2026 00:27:17 - INFO - utils.trainer -   Accuracy: 0.40764
04/18/2026 00:27:17 - INFO - utils.trainer -   Precision: 0.40684
04/18/2026 00:27:17 - INFO - utils.trainer -   Recall: 0.40152
04/18/2026 00:27:17 - INFO - utils.trainer -   F_score: 0.39789
04/18/2026 00:27:17 - INFO - utils.trainer -   Loss: -325431984.03658
04/18/2026 00:27:17 - INFO - utils.trainer -   Epoch: 175, Train loss: 1.96614, Test loss: -325431984.03658,Epoch time = 17.476s
04/18/2026 00:27:34 - INFO - utils.trainer -   ***** Running evaluation on test1 dataset *****
04/18/2026 00:27:37 - INFO - utils.trainer -   AUC: 0.64357
04/18/2026 00:27:37 - INFO - utils.trainer -   Accuracy: 0.40764
04/18/2026 00:27:37 - INFO - utils.trainer -   Precision: 0.40252
04/18/2026 00:27:37 - INFO - utils.trainer -   Recall: 0.40357
04/18/2026 00:27:37 - INFO - utils.trainer -   F_score: 0.40072
04/18/2026 00:27:37 - INFO - utils.trainer -   Loss: -539867030.37787
04/18/2026 00:27:37 - INFO - utils.trainer -   Epoch: 176, Train loss: 0.67704, Test loss: -539867030.37787,Epoch time = 17.410s
04/18/2026 00:27:55 - INFO - utils.trainer -   ***** Running evaluation on test1 dataset *****
04/18/2026 00:27:57 - INFO - utils.trainer -   AUC: 0.64414
04/18/2026 00:27:57 - INFO - utils.trainer -   Accuracy: 0.40127
04/18/2026 00:27:57 - INFO - utils.trainer -   Precision: 0.41028
04/18/2026 00:27:57 - INFO - utils.trainer -   Recall: 0.39491
04/18/2026 00:27:57 - INFO - utils.trainer -   F_score: 0.38809
04/18/2026 00:27:57 - INFO - utils.trainer -   Loss: -573696969.61734
04/18/2026 00:27:57 - INFO - utils.trainer -   Epoch: 177, Train loss: 1.14322, Test loss: -573696969.61734,Epoch time = 17.308s
04/18/2026 00:28:15 - INFO - utils.trainer -   ***** Running evaluation on test1 dataset *****
04/18/2026 00:28:18 - INFO - utils.trainer -   AUC: 0.66494
04/18/2026 00:28:18 - INFO - utils.trainer -   Accuracy: 0.42675
04/18/2026 00:28:18 - INFO - utils.trainer -   Precision: 0.41876
04/18/2026 00:28:18 - INFO - utils.trainer -   Recall: 0.42073
04/18/2026 00:28:18 - INFO - utils.trainer -   F_score: 0.41675
04/18/2026 00:28:18 - INFO - utils.trainer -   Loss: 1667026434.96555
04/18/2026 00:28:18 - INFO - utils.trainer -   Epoch: 178, Train loss: 0.85890, Test loss: 1667026434.96555,Epoch time = 17.790s
04/18/2026 00:28:35 - INFO - utils.trainer -   ***** Running evaluation on test1 dataset *****
04/18/2026 00:28:38 - INFO - utils.trainer -   AUC: 0.65445
04/18/2026 00:28:38 - INFO - utils.trainer -   Accuracy: 0.42038
04/18/2026 00:28:38 - INFO - utils.trainer -   Precision: 0.43172
04/18/2026 00:28:38 - INFO - utils.trainer -   Recall: 0.41826
04/18/2026 00:28:38 - INFO - utils.trainer -   F_score: 0.41141
04/18/2026 00:28:38 - INFO - utils.trainer -   Loss: 2977487875.00158
04/18/2026 00:28:38 - INFO - utils.trainer -   Epoch: 179, Train loss: -60.41451, Test loss: 2977487875.00158,Epoch time = 17.390s
04/18/2026 00:28:55 - INFO - utils.trainer -   ***** Running evaluation on test1 dataset *****
04/18/2026 00:28:58 - INFO - utils.trainer -   AUC: 0.65957
04/18/2026 00:28:58 - INFO - utils.trainer -   Accuracy: 0.43949
04/18/2026 00:28:58 - INFO - utils.trainer -   Precision: 0.44111
04/18/2026 00:28:58 - INFO - utils.trainer -   Recall: 0.43498
04/18/2026 00:28:58 - INFO - utils.trainer -   F_score: 0.43066
04/18/2026 00:28:58 - INFO - utils.trainer -   Loss: 793949750.06291
04/18/2026 00:28:58 - INFO - utils.trainer -   Epoch: 180, Train loss: 1.07834, Test loss: 793949750.06291,Epoch time = 17.080s
04/18/2026 00:29:15 - INFO - utils.trainer -   ***** Running evaluation on test1 dataset *****
04/18/2026 00:29:18 - INFO - utils.trainer -   AUC: 0.62923
04/18/2026 00:29:18 - INFO - utils.trainer -   Accuracy: 0.38217
04/18/2026 00:29:18 - INFO - utils.trainer -   Precision: 0.40127
04/18/2026 00:29:18 - INFO - utils.trainer -   Recall: 0.38008
04/18/2026 00:29:18 - INFO - utils.trainer -   F_score: 0.38483
04/18/2026 00:29:18 - INFO - utils.trainer -   Loss: 571429072.16159
04/18/2026 00:29:18 - INFO - utils.trainer -   Epoch: 181, Train loss: 1.57045, Test loss: 571429072.16159,Epoch time = 16.939s
04/18/2026 00:29:35 - INFO - utils.trainer -   ***** Running evaluation on test1 dataset *****
04/18/2026 00:29:38 - INFO - utils.trainer -   AUC: 0.64025
04/18/2026 00:29:38 - INFO - utils.trainer -   Accuracy: 0.36943
04/18/2026 00:29:38 - INFO - utils.trainer -   Precision: 0.36839
04/18/2026 00:29:38 - INFO - utils.trainer -   Recall: 0.36204
04/18/2026 00:29:38 - INFO - utils.trainer -   F_score: 0.36042
04/18/2026 00:29:38 - INFO - utils.trainer -   Loss: 798211535.95545
04/18/2026 00:29:38 - INFO - utils.trainer -   Epoch: 182, Train loss: 1.62859, Test loss: 798211535.95545,Epoch time = 17.169s
04/18/2026 00:29:55 - INFO - utils.trainer -   ***** Running evaluation on test1 dataset *****
04/18/2026 00:29:58 - INFO - utils.trainer -   AUC: 0.63152
04/18/2026 00:29:58 - INFO - utils.trainer -   Accuracy: 0.38854
04/18/2026 00:29:58 - INFO - utils.trainer -   Precision: 0.38831
04/18/2026 00:29:58 - INFO - utils.trainer -   Recall: 0.38733
04/18/2026 00:29:58 - INFO - utils.trainer -   F_score: 0.38328
04/18/2026 00:29:58 - INFO - utils.trainer -   Loss: 406090985.81767
04/18/2026 00:29:58 - INFO - utils.trainer -   Epoch: 183, Train loss: 2.89632, Test loss: 406090985.81767,Epoch time = 17.184s
04/18/2026 00:30:15 - INFO - utils.trainer -   ***** Running evaluation on test1 dataset *****
04/18/2026 00:30:18 - INFO - utils.trainer -   AUC: 0.64918
04/18/2026 00:30:18 - INFO - utils.trainer -   Accuracy: 0.41401
04/18/2026 00:30:18 - INFO - utils.trainer -   Precision: 0.41422
04/18/2026 00:30:18 - INFO - utils.trainer -   Recall: 0.40849
04/18/2026 00:30:18 - INFO - utils.trainer -   F_score: 0.40807
04/18/2026 00:30:18 - INFO - utils.trainer -   Loss: 1060462288.02158
04/18/2026 00:30:18 - INFO - utils.trainer -   Epoch: 184, Train loss: 1.76730, Test loss: 1060462288.02158,Epoch time = 17.161s
04/18/2026 00:30:35 - INFO - utils.trainer -   ***** Running evaluation on test1 dataset *****
04/18/2026 00:30:38 - INFO - utils.trainer -   AUC: 0.65999
04/18/2026 00:30:38 - INFO - utils.trainer -   Accuracy: 0.41401
04/18/2026 00:30:38 - INFO - utils.trainer -   Precision: 0.42109
04/18/2026 00:30:38 - INFO - utils.trainer -   Recall: 0.40849
04/18/2026 00:30:38 - INFO - utils.trainer -   F_score: 0.40727
04/18/2026 00:30:38 - INFO - utils.trainer -   Loss: 549046326.39388
04/18/2026 00:30:38 - INFO - utils.trainer -   Epoch: 185, Train loss: 2.19343, Test loss: 549046326.39388,Epoch time = 17.186s
04/18/2026 00:30:55 - INFO - utils.trainer -   ***** Running evaluation on test1 dataset *****
04/18/2026 00:30:58 - INFO - utils.trainer -   AUC: 0.65225
04/18/2026 00:30:58 - INFO - utils.trainer -   Accuracy: 0.41401
04/18/2026 00:30:58 - INFO - utils.trainer -   Precision: 0.43254
04/18/2026 00:30:58 - INFO - utils.trainer -   Recall: 0.41370
04/18/2026 00:30:58 - INFO - utils.trainer -   F_score: 0.41532
04/18/2026 00:30:58 - INFO - utils.trainer -   Loss: 259497039.84333
04/18/2026 00:30:58 - INFO - utils.trainer -   Epoch: 186, Train loss: 2.16304, Test loss: 259497039.84333,Epoch time = 17.128s
04/18/2026 00:31:15 - INFO - utils.trainer -   ***** Running evaluation on test1 dataset *****
04/18/2026 00:31:19 - INFO - utils.trainer -   AUC: 0.64910
04/18/2026 00:31:19 - INFO - utils.trainer -   Accuracy: 0.44586
04/18/2026 00:31:19 - INFO - utils.trainer -   Precision: 0.44485
04/18/2026 00:31:19 - INFO - utils.trainer -   Recall: 0.44085
04/18/2026 00:31:19 - INFO - utils.trainer -   F_score: 0.43906
04/18/2026 00:31:19 - INFO - utils.trainer -   Loss: 420721718.35012
04/18/2026 00:31:19 - INFO - utils.trainer -   Epoch: 187, Train loss: 1.14183, Test loss: 420721718.35012,Epoch time = 17.527s
04/18/2026 00:31:36 - INFO - utils.trainer -   ***** Running evaluation on test1 dataset *****
04/18/2026 00:31:39 - INFO - utils.trainer -   AUC: 0.66110
04/18/2026 00:31:39 - INFO - utils.trainer -   Accuracy: 0.43312
04/18/2026 00:31:39 - INFO - utils.trainer -   Precision: 0.43177
04/18/2026 00:31:39 - INFO - utils.trainer -   Recall: 0.42837
04/18/2026 00:31:39 - INFO - utils.trainer -   F_score: 0.42186
04/18/2026 00:31:39 - INFO - utils.trainer -   Loss: 377059868.86022
04/18/2026 00:31:39 - INFO - utils.trainer -   Epoch: 188, Train loss: 2.35675, Test loss: 377059868.86022,Epoch time = 17.637s
04/18/2026 00:31:56 - INFO - utils.trainer -   ***** Running evaluation on test1 dataset *****
04/18/2026 00:31:59 - INFO - utils.trainer -   AUC: 0.66407
04/18/2026 00:31:59 - INFO - utils.trainer -   Accuracy: 0.45223
04/18/2026 00:31:59 - INFO - utils.trainer -   Precision: 0.45386
04/18/2026 00:31:59 - INFO - utils.trainer -   Recall: 0.44760
04/18/2026 00:31:59 - INFO - utils.trainer -   F_score: 0.44450
04/18/2026 00:31:59 - INFO - utils.trainer -   Loss: 606620982.25258
04/18/2026 00:31:59 - INFO - utils.trainer -   Epoch: 189, Train loss: 1.76969, Test loss: 606620982.25258,Epoch time = 17.236s
04/18/2026 00:32:16 - INFO - utils.trainer -   ***** Running evaluation on test1 dataset *****
04/18/2026 00:32:19 - INFO - utils.trainer -   AUC: 0.65749
04/18/2026 00:32:19 - INFO - utils.trainer -   Accuracy: 0.42675
04/18/2026 00:32:19 - INFO - utils.trainer -   Precision: 0.43581
04/18/2026 00:32:19 - INFO - utils.trainer -   Recall: 0.42311
04/18/2026 00:32:19 - INFO - utils.trainer -   F_score: 0.42721
04/18/2026 00:32:19 - INFO - utils.trainer -   Loss: 285168899.11193
04/18/2026 00:32:19 - INFO - utils.trainer -   Epoch: 190, Train loss: 1.40385, Test loss: 285168899.11193,Epoch time = 17.087s
04/18/2026 00:32:36 - INFO - utils.trainer -   ***** Running evaluation on test1 dataset *****
04/18/2026 00:32:39 - INFO - utils.trainer -   AUC: 0.65844
04/18/2026 00:32:39 - INFO - utils.trainer -   Accuracy: 0.43949
04/18/2026 00:32:39 - INFO - utils.trainer -   Precision: 0.43651
04/18/2026 00:32:39 - INFO - utils.trainer -   Recall: 0.43172
04/18/2026 00:32:39 - INFO - utils.trainer -   F_score: 0.42519
04/18/2026 00:32:39 - INFO - utils.trainer -   Loss: 289745487.86523
04/18/2026 00:32:39 - INFO - utils.trainer -   Epoch: 191, Train loss: 1.82772, Test loss: 289745487.86523,Epoch time = 17.282s
04/18/2026 00:32:56 - INFO - utils.trainer -   ***** Running evaluation on test1 dataset *****
04/18/2026 00:32:59 - INFO - utils.trainer -   AUC: 0.67151
04/18/2026 00:32:59 - INFO - utils.trainer -   Accuracy: 0.45860
04/18/2026 00:32:59 - INFO - utils.trainer -   Precision: 0.47140
04/18/2026 00:32:59 - INFO - utils.trainer -   Recall: 0.45741
04/18/2026 00:32:59 - INFO - utils.trainer -   F_score: 0.45324
04/18/2026 00:32:59 - INFO - utils.trainer -   Loss: 231271171.07385
04/18/2026 00:32:59 - INFO - utils.trainer -   Epoch: 192, Train loss: 1.66043, Test loss: 231271171.07385,Epoch time = 17.043s
04/18/2026 00:33:16 - INFO - utils.trainer -   ***** Running evaluation on test1 dataset *****
04/18/2026 00:33:19 - INFO - utils.trainer -   AUC: 0.67519
04/18/2026 00:33:19 - INFO - utils.trainer -   Accuracy: 0.43312
04/18/2026 00:33:19 - INFO - utils.trainer -   Precision: 0.44011
04/18/2026 00:33:19 - INFO - utils.trainer -   Recall: 0.43002
04/18/2026 00:33:19 - INFO - utils.trainer -   F_score: 0.42735
04/18/2026 00:33:19 - INFO - utils.trainer -   Loss: 378648066.96514
04/18/2026 00:33:19 - INFO - utils.trainer -   Epoch: 193, Train loss: 1.69446, Test loss: 378648066.96514,Epoch time = 16.939s
04/18/2026 00:33:36 - INFO - utils.trainer -   ***** Running evaluation on test1 dataset *****
04/18/2026 00:33:39 - INFO - utils.trainer -   AUC: 0.66381
04/18/2026 00:33:39 - INFO - utils.trainer -   Accuracy: 0.43312
04/18/2026 00:33:39 - INFO - utils.trainer -   Precision: 0.43591
04/18/2026 00:33:39 - INFO - utils.trainer -   Recall: 0.42862
04/18/2026 00:33:39 - INFO - utils.trainer -   F_score: 0.43004
04/18/2026 00:33:39 - INFO - utils.trainer -   Loss: 308497615.84265
04/18/2026 00:33:39 - INFO - utils.trainer -   Epoch: 194, Train loss: 1.57789, Test loss: 308497615.84265,Epoch time = 16.969s
04/18/2026 00:33:56 - INFO - utils.trainer -   ***** Running evaluation on test1 dataset *****
04/18/2026 00:33:59 - INFO - utils.trainer -   AUC: 0.68604
04/18/2026 00:33:59 - INFO - utils.trainer -   Accuracy: 0.41401
04/18/2026 00:33:59 - INFO - utils.trainer -   Precision: 0.41871
04/18/2026 00:33:59 - INFO - utils.trainer -   Recall: 0.40793
04/18/2026 00:33:59 - INFO - utils.trainer -   F_score: 0.40405
04/18/2026 00:33:59 - INFO - utils.trainer -   Loss: 273122435.25740
04/18/2026 00:33:59 - INFO - utils.trainer -   Epoch: 195, Train loss: 1.70236, Test loss: 273122435.25740,Epoch time = 17.171s
04/18/2026 00:34:16 - INFO - utils.trainer -   ***** Running evaluation on test1 dataset *****
04/18/2026 00:34:18 - INFO - utils.trainer -   AUC: 0.64408
04/18/2026 00:34:18 - INFO - utils.trainer -   Accuracy: 0.41401
04/18/2026 00:34:18 - INFO - utils.trainer -   Precision: 0.41279
04/18/2026 00:34:18 - INFO - utils.trainer -   Recall: 0.40739
04/18/2026 00:34:18 - INFO - utils.trainer -   F_score: 0.40409
04/18/2026 00:34:18 - INFO - utils.trainer -   Loss: 375366838.67389
04/18/2026 00:34:18 - INFO - utils.trainer -   Epoch: 196, Train loss: 1.52454, Test loss: 375366838.67389,Epoch time = 17.077s
04/18/2026 00:34:35 - INFO - utils.trainer -   ***** Running evaluation on test1 dataset *****
04/18/2026 00:34:38 - INFO - utils.trainer -   AUC: 0.66739
04/18/2026 00:34:38 - INFO - utils.trainer -   Accuracy: 0.43949
04/18/2026 00:34:38 - INFO - utils.trainer -   Precision: 0.45438
04/18/2026 00:34:38 - INFO - utils.trainer -   Recall: 0.43929
04/18/2026 00:34:38 - INFO - utils.trainer -   F_score: 0.43824
04/18/2026 00:34:38 - INFO - utils.trainer -   Loss: 401760054.12458
04/18/2026 00:34:38 - INFO - utils.trainer -   Epoch: 197, Train loss: 3.39205, Test loss: 401760054.12458,Epoch time = 16.853s
04/18/2026 00:34:55 - INFO - utils.trainer -   ***** Running evaluation on test1 dataset *****
04/18/2026 00:34:58 - INFO - utils.trainer -   AUC: 0.66427
04/18/2026 00:34:58 - INFO - utils.trainer -   Accuracy: 0.44586
04/18/2026 00:34:58 - INFO - utils.trainer -   Precision: 0.44920
04/18/2026 00:34:58 - INFO - utils.trainer -   Recall: 0.44192
04/18/2026 00:34:58 - INFO - utils.trainer -   F_score: 0.43845
04/18/2026 00:34:58 - INFO - utils.trainer -   Loss: 782832028.67133
04/18/2026 00:34:58 - INFO - utils.trainer -   Epoch: 198, Train loss: 1.66940, Test loss: 782832028.67133,Epoch time = 17.380s
04/18/2026 00:35:15 - INFO - utils.trainer -   ***** Running evaluation on test1 dataset *****
04/18/2026 00:35:18 - INFO - utils.trainer -   AUC: 0.66244
04/18/2026 00:35:18 - INFO - utils.trainer -   Accuracy: 0.42675
04/18/2026 00:35:18 - INFO - utils.trainer -   Precision: 0.42499
04/18/2026 00:35:18 - INFO - utils.trainer -   Recall: 0.41750
04/18/2026 00:35:18 - INFO - utils.trainer -   F_score: 0.41263
04/18/2026 00:35:18 - INFO - utils.trainer -   Loss: 684798415.75907
04/18/2026 00:35:18 - INFO - utils.trainer -   Epoch: 199, Train loss: 1.60407, Test loss: 684798415.75907,Epoch time = 16.935s
04/18/2026 00:35:35 - INFO - utils.trainer -   ***** Running evaluation on test1 dataset *****
04/18/2026 00:35:38 - INFO - utils.trainer -   AUC: 0.65115
04/18/2026 00:35:38 - INFO - utils.trainer -   Accuracy: 0.41401
04/18/2026 00:35:38 - INFO - utils.trainer -   Precision: 0.41037
04/18/2026 00:35:38 - INFO - utils.trainer -   Recall: 0.40810
04/18/2026 00:35:38 - INFO - utils.trainer -   F_score: 0.40440
04/18/2026 00:35:38 - INFO - utils.trainer -   Loss: 556956726.73313
04/18/2026 00:35:38 - INFO - utils.trainer -   Epoch: 200, Train loss: -0.45141, Test loss: 556956726.73313,Epoch time = 16.940s
04/18/2026 00:35:43 - INFO - __main__ -   ########## Repeat:2 ##########
04/18/2026 00:35:43 - INFO - utils.trainer -   ***** Running training *****
04/18/2026 00:35:43 - INFO - utils.trainer -     Num examples = 19
04/18/2026 00:35:43 - INFO - utils.trainer -     Num Epochs = 200
04/18/2026 00:35:43 - INFO - utils.trainer -     Total train batch size = 16
04/18/2026 00:35:43 - INFO - utils.trainer -     warmup steps = 400
04/18/2026 00:35:43 - INFO - utils.trainer -     Total optimization steps = 3800
04/18/2026 00:35:43 - INFO - utils.trainer -     Save steps = 200
04/18/2026 00:35:43 - INFO - root -   Parameters [normal] length [118]
04/18/2026 00:35:55 - INFO - utils.trainer -   ***** Running evaluation on test2 dataset *****
04/18/2026 00:35:57 - INFO - utils.trainer -   AUC: 0.49859
04/18/2026 00:35:57 - INFO - utils.trainer -   Accuracy: 0.28846
04/18/2026 00:35:57 - INFO - utils.trainer -   Precision: 0.29692
04/18/2026 00:35:57 - INFO - utils.trainer -   Recall: 0.28384
04/18/2026 00:35:57 - INFO - utils.trainer -   F_score: 0.24801
04/18/2026 00:35:57 - INFO - utils.trainer -   Loss: 2.69169
04/18/2026 00:35:57 - INFO - utils.trainer -   Saving model checkpoint to output_dir/SrCVIB
04/18/2026 00:35:57 - INFO - utils.trainer -   Epoch: 1, Train loss: 3.66535, Test loss: 2.69169,Epoch time = 11.533s
04/18/2026 00:36:15 - INFO - utils.trainer -   ***** Running evaluation on test2 dataset *****
04/18/2026 00:36:18 - INFO - utils.trainer -   AUC: 0.51205
04/18/2026 00:36:18 - INFO - utils.trainer -   Accuracy: 0.24359
04/18/2026 00:36:18 - INFO - utils.trainer -   Precision: 0.21995
04/18/2026 00:36:18 - INFO - utils.trainer -   Recall: 0.23384
04/18/2026 00:36:18 - INFO - utils.trainer -   F_score: 0.21824
04/18/2026 00:36:18 - INFO - utils.trainer -   Loss: 2.61372
04/18/2026 00:36:18 - INFO - utils.trainer -   Epoch: 2, Train loss: 4.85851, Test loss: 2.61372,Epoch time = 17.385s
04/18/2026 00:36:34 - INFO - utils.trainer -   ***** Running evaluation on test2 dataset *****
04/18/2026 00:36:37 - INFO - utils.trainer -   AUC: 0.46028
04/18/2026 00:36:37 - INFO - utils.trainer -   Accuracy: 0.26923
04/18/2026 00:36:37 - INFO - utils.trainer -   Precision: 0.27253
04/18/2026 00:36:37 - INFO - utils.trainer -   Recall: 0.26390
04/18/2026 00:36:37 - INFO - utils.trainer -   F_score: 0.21512
04/18/2026 00:36:37 - INFO - utils.trainer -   Loss: 2.72672
04/18/2026 00:36:37 - INFO - utils.trainer -   Epoch: 3, Train loss: 3.88829, Test loss: 2.72672,Epoch time = 16.819s
04/18/2026 00:36:54 - INFO - utils.trainer -   ***** Running evaluation on test2 dataset *****
04/18/2026 00:36:57 - INFO - utils.trainer -   AUC: 0.54330
04/18/2026 00:36:57 - INFO - utils.trainer -   Accuracy: 0.28846
04/18/2026 00:36:57 - INFO - utils.trainer -   Precision: 0.29643
04/18/2026 00:36:57 - INFO - utils.trainer -   Recall: 0.28740
04/18/2026 00:36:57 - INFO - utils.trainer -   F_score: 0.27628
04/18/2026 00:36:57 - INFO - utils.trainer -   Loss: 2.60599
04/18/2026 00:36:57 - INFO - utils.trainer -   Saving model checkpoint to output_dir/SrCVIB
04/18/2026 00:36:57 - INFO - utils.trainer -   Epoch: 4, Train loss: 3.70482, Test loss: 2.60599,Epoch time = 17.009s
04/18/2026 00:37:14 - INFO - utils.trainer -   ***** Running evaluation on test2 dataset *****
04/18/2026 00:37:17 - INFO - utils.trainer -   AUC: 0.52972
04/18/2026 00:37:17 - INFO - utils.trainer -   Accuracy: 0.28205
04/18/2026 00:37:17 - INFO - utils.trainer -   Precision: 0.30903
04/18/2026 00:37:17 - INFO - utils.trainer -   Recall: 0.27706
04/18/2026 00:37:17 - INFO - utils.trainer -   F_score: 0.24868
04/18/2026 00:37:17 - INFO - utils.trainer -   Loss: 2.64575
04/18/2026 00:37:17 - INFO - utils.trainer -   Epoch: 5, Train loss: 3.54640, Test loss: 2.64575,Epoch time = 16.632s
04/18/2026 00:37:33 - INFO - utils.trainer -   ***** Running evaluation on test2 dataset *****
04/18/2026 00:37:36 - INFO - utils.trainer -   AUC: 0.49963
04/18/2026 00:37:36 - INFO - utils.trainer -   Accuracy: 0.23718
04/18/2026 00:37:36 - INFO - utils.trainer -   Precision: 0.23803
04/18/2026 00:37:36 - INFO - utils.trainer -   Recall: 0.23855
04/18/2026 00:37:36 - INFO - utils.trainer -   F_score: 0.22885
04/18/2026 00:37:36 - INFO - utils.trainer -   Loss: 5.29651
04/18/2026 00:37:36 - INFO - utils.trainer -   Epoch: 6, Train loss: 2.97029, Test loss: 5.29651,Epoch time = 16.394s
04/18/2026 00:37:52 - INFO - utils.trainer -   ***** Running evaluation on test2 dataset *****
04/18/2026 00:37:55 - INFO - utils.trainer -   AUC: 0.53440
04/18/2026 00:37:55 - INFO - utils.trainer -   Accuracy: 0.25641
04/18/2026 00:37:55 - INFO - utils.trainer -   Precision: 0.24190
04/18/2026 00:37:55 - INFO - utils.trainer -   Recall: 0.26275
04/18/2026 00:37:55 - INFO - utils.trainer -   F_score: 0.24080
04/18/2026 00:37:55 - INFO - utils.trainer -   Loss: 3.49919
04/18/2026 00:37:55 - INFO - utils.trainer -   Epoch: 7, Train loss: 2.96231, Test loss: 3.49919,Epoch time = 16.515s
04/18/2026 00:38:12 - INFO - utils.trainer -   ***** Running evaluation on test2 dataset *****
04/18/2026 00:38:15 - INFO - utils.trainer -   AUC: 0.50718
04/18/2026 00:38:15 - INFO - utils.trainer -   Accuracy: 0.30128
04/18/2026 00:38:15 - INFO - utils.trainer -   Precision: 0.29921
04/18/2026 00:38:15 - INFO - utils.trainer -   Recall: 0.30129
04/18/2026 00:38:15 - INFO - utils.trainer -   F_score: 0.29352
04/18/2026 00:38:15 - INFO - utils.trainer -   Loss: 3.11582
04/18/2026 00:38:15 - INFO - utils.trainer -   Saving model checkpoint to output_dir/SrCVIB
04/18/2026 00:38:15 - INFO - utils.trainer -   Epoch: 8, Train loss: 2.86239, Test loss: 3.11582,Epoch time = 16.959s
04/18/2026 00:38:31 - INFO - utils.trainer -   ***** Running evaluation on test2 dataset *****
04/18/2026 00:38:34 - INFO - utils.trainer -   AUC: 0.49611
04/18/2026 00:38:34 - INFO - utils.trainer -   Accuracy: 0.23718
04/18/2026 00:38:34 - INFO - utils.trainer -   Precision: 0.23203
04/18/2026 00:38:34 - INFO - utils.trainer -   Recall: 0.24446
04/18/2026 00:38:34 - INFO - utils.trainer -   F_score: 0.21943
04/18/2026 00:38:34 - INFO - utils.trainer -   Loss: 4.93636
04/18/2026 00:38:34 - INFO - utils.trainer -   Epoch: 9, Train loss: 2.78831, Test loss: 4.93636,Epoch time = 16.615s
04/18/2026 00:38:51 - INFO - utils.trainer -   ***** Running evaluation on test2 dataset *****
04/18/2026 00:38:54 - INFO - utils.trainer -   AUC: 0.51323
04/18/2026 00:38:54 - INFO - utils.trainer -   Accuracy: 0.28205
04/18/2026 00:38:54 - INFO - utils.trainer -   Precision: 0.28150
04/18/2026 00:38:54 - INFO - utils.trainer -   Recall: 0.28782
04/18/2026 00:38:54 - INFO - utils.trainer -   F_score: 0.27263
04/18/2026 00:38:54 - INFO - utils.trainer -   Loss: 4.42097
04/18/2026 00:38:54 - INFO - utils.trainer -   Epoch: 10, Train loss: 2.87031, Test loss: 4.42097,Epoch time = 16.734s
04/18/2026 00:39:10 - INFO - utils.trainer -   ***** Running evaluation on test2 dataset *****
04/18/2026 00:39:13 - INFO - utils.trainer -   AUC: 0.46174
04/18/2026 00:39:13 - INFO - utils.trainer -   Accuracy: 0.26282
04/18/2026 00:39:13 - INFO - utils.trainer -   Precision: 0.16423
04/18/2026 00:39:13 - INFO - utils.trainer -   Recall: 0.24102
04/18/2026 00:39:13 - INFO - utils.trainer -   F_score: 0.17293
04/18/2026 00:39:13 - INFO - utils.trainer -   Loss: 2.84327
04/18/2026 00:39:13 - INFO - utils.trainer -   Epoch: 11, Train loss: 2.83377, Test loss: 2.84327,Epoch time = 16.374s
04/18/2026 00:39:30 - INFO - utils.trainer -   ***** Running evaluation on test2 dataset *****
04/18/2026 00:39:33 - INFO - utils.trainer -   AUC: 0.45405
04/18/2026 00:39:33 - INFO - utils.trainer -   Accuracy: 0.21795
04/18/2026 00:39:33 - INFO - utils.trainer -   Precision: 0.22778
04/18/2026 00:39:33 - INFO - utils.trainer -   Recall: 0.22132
04/18/2026 00:39:33 - INFO - utils.trainer -   F_score: 0.21402
04/18/2026 00:39:33 - INFO - utils.trainer -   Loss: 3.74240
04/18/2026 00:39:33 - INFO - utils.trainer -   Epoch: 12, Train loss: 2.76279, Test loss: 3.74240,Epoch time = 17.476s
04/18/2026 00:39:51 - INFO - utils.trainer -   ***** Running evaluation on test2 dataset *****
04/18/2026 00:39:54 - INFO - utils.trainer -   AUC: 0.52669
04/18/2026 00:39:54 - INFO - utils.trainer -   Accuracy: 0.28846
04/18/2026 00:39:54 - INFO - utils.trainer -   Precision: 0.27623
04/18/2026 00:39:54 - INFO - utils.trainer -   Recall: 0.29546
04/18/2026 00:39:54 - INFO - utils.trainer -   F_score: 0.27518
04/18/2026 00:39:54 - INFO - utils.trainer -   Loss: 2.88279
04/18/2026 00:39:54 - INFO - utils.trainer -   Epoch: 13, Train loss: 2.82097, Test loss: 2.88279,Epoch time = 17.692s
04/18/2026 00:40:12 - INFO - utils.trainer -   ***** Running evaluation on test2 dataset *****
04/18/2026 00:40:15 - INFO - utils.trainer -   AUC: 0.49960
04/18/2026 00:40:15 - INFO - utils.trainer -   Accuracy: 0.28846
04/18/2026 00:40:15 - INFO - utils.trainer -   Precision: 0.39420
04/18/2026 00:40:15 - INFO - utils.trainer -   Recall: 0.27485
04/18/2026 00:40:15 - INFO - utils.trainer -   F_score: 0.19971
04/18/2026 00:40:15 - INFO - utils.trainer -   Loss: 2.94671
04/18/2026 00:40:15 - INFO - utils.trainer -   Epoch: 14, Train loss: 2.74985, Test loss: 2.94671,Epoch time = 17.740s
04/18/2026 00:40:33 - INFO - utils.trainer -   ***** Running evaluation on test2 dataset *****
04/18/2026 00:40:35 - INFO - utils.trainer -   AUC: 0.49114
04/18/2026 00:40:35 - INFO - utils.trainer -   Accuracy: 0.25641
04/18/2026 00:40:35 - INFO - utils.trainer -   Precision: 0.29762
04/18/2026 00:40:35 - INFO - utils.trainer -   Recall: 0.25272
04/18/2026 00:40:35 - INFO - utils.trainer -   F_score: 0.20560
04/18/2026 00:40:35 - INFO - utils.trainer -   Loss: 3.06107
04/18/2026 00:40:35 - INFO - utils.trainer -   Epoch: 15, Train loss: 2.74213, Test loss: 3.06107,Epoch time = 17.477s
04/18/2026 00:40:53 - INFO - utils.trainer -   ***** Running evaluation on test2 dataset *****
04/18/2026 00:40:56 - INFO - utils.trainer -   AUC: 0.55054
04/18/2026 00:40:56 - INFO - utils.trainer -   Accuracy: 0.29487
04/18/2026 00:40:56 - INFO - utils.trainer -   Precision: 0.28662
04/18/2026 00:40:56 - INFO - utils.trainer -   Recall: 0.27606
04/18/2026 00:40:56 - INFO - utils.trainer -   F_score: 0.21990
04/18/2026 00:40:56 - INFO - utils.trainer -   Loss: 3.14578
04/18/2026 00:40:56 - INFO - utils.trainer -   Epoch: 16, Train loss: 2.73129, Test loss: 3.14578,Epoch time = 18.010s
04/18/2026 00:41:14 - INFO - utils.trainer -   ***** Running evaluation on test2 dataset *****
04/18/2026 00:41:17 - INFO - utils.trainer -   AUC: 0.53897
04/18/2026 00:41:17 - INFO - utils.trainer -   Accuracy: 0.23077
04/18/2026 00:41:17 - INFO - utils.trainer -   Precision: 0.16626
04/18/2026 00:41:17 - INFO - utils.trainer -   Recall: 0.21136
04/18/2026 00:41:17 - INFO - utils.trainer -   F_score: 0.15287
04/18/2026 00:41:17 - INFO - utils.trainer -   Loss: 3.33998
04/18/2026 00:41:17 - INFO - utils.trainer -   Epoch: 17, Train loss: 2.73074, Test loss: 3.33998,Epoch time = 17.621s
04/18/2026 00:41:34 - INFO - utils.trainer -   ***** Running evaluation on test2 dataset *****
04/18/2026 00:41:37 - INFO - utils.trainer -   AUC: 0.53195
04/18/2026 00:41:37 - INFO - utils.trainer -   Accuracy: 0.26282
04/18/2026 00:41:37 - INFO - utils.trainer -   Precision: 0.20582
04/18/2026 00:41:37 - INFO - utils.trainer -   Recall: 0.25768
04/18/2026 00:41:37 - INFO - utils.trainer -   F_score: 0.22822
04/18/2026 00:41:37 - INFO - utils.trainer -   Loss: 4.12019
04/18/2026 00:41:37 - INFO - utils.trainer -   Epoch: 18, Train loss: 2.79150, Test loss: 4.12019,Epoch time = 17.230s
04/18/2026 00:41:55 - INFO - utils.trainer -   ***** Running evaluation on test2 dataset *****
04/18/2026 00:41:58 - INFO - utils.trainer -   AUC: 0.50718
04/18/2026 00:41:58 - INFO - utils.trainer -   Accuracy: 0.23077
04/18/2026 00:41:58 - INFO - utils.trainer -   Precision: 0.21391
04/18/2026 00:41:58 - INFO - utils.trainer -   Recall: 0.22444
04/18/2026 00:41:58 - INFO - utils.trainer -   F_score: 0.21595
04/18/2026 00:41:58 - INFO - utils.trainer -   Loss: 4.75458
04/18/2026 00:41:58 - INFO - utils.trainer -   Epoch: 19, Train loss: 2.89882, Test loss: 4.75458,Epoch time = 17.917s
04/18/2026 00:42:16 - INFO - utils.trainer -   ***** Running evaluation on test2 dataset *****
04/18/2026 00:42:19 - INFO - utils.trainer -   AUC: 0.48306
04/18/2026 00:42:19 - INFO - utils.trainer -   Accuracy: 0.25000
04/18/2026 00:42:19 - INFO - utils.trainer -   Precision: 0.24293
04/18/2026 00:42:19 - INFO - utils.trainer -   Recall: 0.25008
04/18/2026 00:42:19 - INFO - utils.trainer -   F_score: 0.23512
04/18/2026 00:42:19 - INFO - utils.trainer -   Loss: 6.23363
04/18/2026 00:42:19 - INFO - utils.trainer -   Epoch: 20, Train loss: 2.98859, Test loss: 6.23363,Epoch time = 17.343s
04/18/2026 00:42:36 - INFO - utils.trainer -   ***** Running evaluation on test2 dataset *****
04/18/2026 00:42:39 - INFO - utils.trainer -   AUC: 0.51868
04/18/2026 00:42:39 - INFO - utils.trainer -   Accuracy: 0.33333
04/18/2026 00:42:39 - INFO - utils.trainer -   Precision: 0.36275
04/18/2026 00:42:39 - INFO - utils.trainer -   Recall: 0.33470
04/18/2026 00:42:39 - INFO - utils.trainer -   F_score: 0.33209
04/18/2026 00:42:39 - INFO - utils.trainer -   Loss: 6.84119
04/18/2026 00:42:39 - INFO - utils.trainer -   Saving model checkpoint to output_dir/SrCVIB
04/18/2026 00:42:39 - INFO - utils.trainer -   Epoch: 21, Train loss: 2.83308, Test loss: 6.84119,Epoch time = 17.633s
04/18/2026 00:42:57 - INFO - utils.trainer -   ***** Running evaluation on test2 dataset *****
04/18/2026 00:43:00 - INFO - utils.trainer -   AUC: 0.51259
04/18/2026 00:43:00 - INFO - utils.trainer -   Accuracy: 0.32051
04/18/2026 00:43:00 - INFO - utils.trainer -   Precision: 0.30262
04/18/2026 00:43:00 - INFO - utils.trainer -   Recall: 0.31134
04/18/2026 00:43:00 - INFO - utils.trainer -   F_score: 0.30254
04/18/2026 00:43:00 - INFO - utils.trainer -   Loss: 12.64301
04/18/2026 00:43:00 - INFO - utils.trainer -   Epoch: 22, Train loss: 2.73135, Test loss: 12.64301,Epoch time = 17.502s
04/18/2026 00:43:18 - INFO - utils.trainer -   ***** Running evaluation on test2 dataset *****
04/18/2026 00:43:21 - INFO - utils.trainer -   AUC: 0.49789
04/18/2026 00:43:21 - INFO - utils.trainer -   Accuracy: 0.25000
04/18/2026 00:43:21 - INFO - utils.trainer -   Precision: 0.25470
04/18/2026 00:43:21 - INFO - utils.trainer -   Recall: 0.24741
04/18/2026 00:43:21 - INFO - utils.trainer -   F_score: 0.23608
04/18/2026 00:43:21 - INFO - utils.trainer -   Loss: 25.10113
04/18/2026 00:43:21 - INFO - utils.trainer -   Epoch: 23, Train loss: 2.72647, Test loss: 25.10113,Epoch time = 17.748s
04/18/2026 00:43:39 - INFO - utils.trainer -   ***** Running evaluation on test2 dataset *****
04/18/2026 00:43:42 - INFO - utils.trainer -   AUC: 0.56687
04/18/2026 00:43:42 - INFO - utils.trainer -   Accuracy: 0.33333
04/18/2026 00:43:42 - INFO - utils.trainer -   Precision: 0.34081
04/18/2026 00:43:42 - INFO - utils.trainer -   Recall: 0.32234
04/18/2026 00:43:42 - INFO - utils.trainer -   F_score: 0.30912
04/18/2026 00:43:42 - INFO - utils.trainer -   Loss: 49.31329
04/18/2026 00:43:42 - INFO - utils.trainer -   Epoch: 24, Train loss: 2.69472, Test loss: 49.31329,Epoch time = 17.996s
04/18/2026 00:43:59 - INFO - utils.trainer -   ***** Running evaluation on test2 dataset *****
04/18/2026 00:44:02 - INFO - utils.trainer -   AUC: 0.48995
04/18/2026 00:44:02 - INFO - utils.trainer -   Accuracy: 0.26282
04/18/2026 00:44:02 - INFO - utils.trainer -   Precision: 0.20333
04/18/2026 00:44:02 - INFO - utils.trainer -   Recall: 0.24604
04/18/2026 00:44:02 - INFO - utils.trainer -   F_score: 0.20248
04/18/2026 00:44:02 - INFO - utils.trainer -   Loss: 118.69394
04/18/2026 00:44:02 - INFO - utils.trainer -   Epoch: 25, Train loss: 2.69381, Test loss: 118.69394,Epoch time = 17.618s
04/18/2026 00:44:20 - INFO - utils.trainer -   ***** Running evaluation on test2 dataset *****
04/18/2026 00:44:23 - INFO - utils.trainer -   AUC: 0.51942
04/18/2026 00:44:23 - INFO - utils.trainer -   Accuracy: 0.26923
04/18/2026 00:44:23 - INFO - utils.trainer -   Precision: 0.26500
04/18/2026 00:44:23 - INFO - utils.trainer -   Recall: 0.26589
04/18/2026 00:44:23 - INFO - utils.trainer -   F_score: 0.26378
04/18/2026 00:44:23 - INFO - utils.trainer -   Loss: 119.73187
04/18/2026 00:44:23 - INFO - utils.trainer -   Epoch: 26, Train loss: 2.74927, Test loss: 119.73187,Epoch time = 17.603s
04/18/2026 00:44:40 - INFO - utils.trainer -   ***** Running evaluation on test2 dataset *****
04/18/2026 00:44:43 - INFO - utils.trainer -   AUC: 0.51381
04/18/2026 00:44:43 - INFO - utils.trainer -   Accuracy: 0.28205
04/18/2026 00:44:43 - INFO - utils.trainer -   Precision: 0.28354
04/18/2026 00:44:43 - INFO - utils.trainer -   Recall: 0.28800
04/18/2026 00:44:43 - INFO - utils.trainer -   F_score: 0.27495
04/18/2026 00:44:43 - INFO - utils.trainer -   Loss: 149.83385
04/18/2026 00:44:43 - INFO - utils.trainer -   Epoch: 27, Train loss: 2.71038, Test loss: 149.83385,Epoch time = 17.597s
04/18/2026 00:45:00 - INFO - utils.trainer -   ***** Running evaluation on test2 dataset *****
04/18/2026 00:45:03 - INFO - utils.trainer -   AUC: 0.49676
04/18/2026 00:45:03 - INFO - utils.trainer -   Accuracy: 0.25641
04/18/2026 00:45:03 - INFO - utils.trainer -   Precision: 0.26492
04/18/2026 00:45:03 - INFO - utils.trainer -   Recall: 0.26580
04/18/2026 00:45:03 - INFO - utils.trainer -   F_score: 0.24006
04/18/2026 00:45:03 - INFO - utils.trainer -   Loss: 246.96920
04/18/2026 00:45:03 - INFO - utils.trainer -   Epoch: 28, Train loss: 2.66162, Test loss: 246.96920,Epoch time = 17.364s
04/18/2026 00:45:21 - INFO - utils.trainer -   ***** Running evaluation on test2 dataset *****
04/18/2026 00:45:24 - INFO - utils.trainer -   AUC: 0.50505
04/18/2026 00:45:24 - INFO - utils.trainer -   Accuracy: 0.24359
04/18/2026 00:45:24 - INFO - utils.trainer -   Precision: 0.30440
04/18/2026 00:45:24 - INFO - utils.trainer -   Recall: 0.23599
04/18/2026 00:45:24 - INFO - utils.trainer -   F_score: 0.23072
04/18/2026 00:45:24 - INFO - utils.trainer -   Loss: 464.19193
04/18/2026 00:45:24 - INFO - utils.trainer -   Epoch: 29, Train loss: 2.64482, Test loss: 464.19193,Epoch time = 17.909s
04/18/2026 00:45:42 - INFO - utils.trainer -   ***** Running evaluation on test2 dataset *****
04/18/2026 00:45:44 - INFO - utils.trainer -   AUC: 0.53205
04/18/2026 00:45:44 - INFO - utils.trainer -   Accuracy: 0.27564
04/18/2026 00:45:44 - INFO - utils.trainer -   Precision: 0.27901
04/18/2026 00:45:44 - INFO - utils.trainer -   Recall: 0.26422
04/18/2026 00:45:44 - INFO - utils.trainer -   F_score: 0.25168
04/18/2026 00:45:44 - INFO - utils.trainer -   Loss: 2536.70381
04/18/2026 00:45:45 - INFO - utils.trainer -   Epoch: 30, Train loss: 2.65638, Test loss: 2536.70381,Epoch time = 17.475s
04/18/2026 00:46:02 - INFO - utils.trainer -   ***** Running evaluation on test2 dataset *****
04/18/2026 00:46:05 - INFO - utils.trainer -   AUC: 0.47863
04/18/2026 00:46:05 - INFO - utils.trainer -   Accuracy: 0.21154
04/18/2026 00:46:05 - INFO - utils.trainer -   Precision: 0.19209
04/18/2026 00:46:05 - INFO - utils.trainer -   Recall: 0.20076
04/18/2026 00:46:05 - INFO - utils.trainer -   F_score: 0.17914
04/18/2026 00:46:05 - INFO - utils.trainer -   Loss: 5761.75483
04/18/2026 00:46:05 - INFO - utils.trainer -   Epoch: 31, Train loss: 2.64534, Test loss: 5761.75483,Epoch time = 17.362s
04/18/2026 00:46:23 - INFO - utils.trainer -   ***** Running evaluation on test2 dataset *****
04/18/2026 00:46:26 - INFO - utils.trainer -   AUC: 0.43793
04/18/2026 00:46:26 - INFO - utils.trainer -   Accuracy: 0.25000
04/18/2026 00:46:26 - INFO - utils.trainer -   Precision: 0.20646
04/18/2026 00:46:26 - INFO - utils.trainer -   Recall: 0.22786
04/18/2026 00:46:26 - INFO - utils.trainer -   F_score: 0.16071
04/18/2026 00:46:26 - INFO - utils.trainer -   Loss: 3330.63174
04/18/2026 00:46:26 - INFO - utils.trainer -   Epoch: 32, Train loss: 2.65444, Test loss: 3330.63174,Epoch time = 17.989s
04/18/2026 00:46:43 - INFO - utils.trainer -   ***** Running evaluation on test2 dataset *****
04/18/2026 00:46:46 - INFO - utils.trainer -   AUC: 0.50558
04/18/2026 00:46:46 - INFO - utils.trainer -   Accuracy: 0.27564
04/18/2026 00:46:46 - INFO - utils.trainer -   Precision: 0.22862
04/18/2026 00:46:46 - INFO - utils.trainer -   Recall: 0.25507
04/18/2026 00:46:46 - INFO - utils.trainer -   F_score: 0.19643
04/18/2026 00:46:46 - INFO - utils.trainer -   Loss: 46872.78431
04/18/2026 00:46:46 - INFO - utils.trainer -   Epoch: 33, Train loss: 2.64181, Test loss: 46872.78431,Epoch time = 17.357s
04/18/2026 00:47:03 - INFO - utils.trainer -   ***** Running evaluation on test2 dataset *****
04/18/2026 00:47:06 - INFO - utils.trainer -   AUC: 0.49580
04/18/2026 00:47:06 - INFO - utils.trainer -   Accuracy: 0.30128
04/18/2026 00:47:06 - INFO - utils.trainer -   Precision: 0.19825
04/18/2026 00:47:06 - INFO - utils.trainer -   Recall: 0.27511
04/18/2026 00:47:06 - INFO - utils.trainer -   F_score: 0.19286
04/18/2026 00:47:06 - INFO - utils.trainer -   Loss: 54630.79996
04/18/2026 00:47:06 - INFO - utils.trainer -   Epoch: 34, Train loss: 2.65722, Test loss: 54630.79996,Epoch time = 17.273s
04/18/2026 00:47:24 - INFO - utils.trainer -   ***** Running evaluation on test2 dataset *****
04/18/2026 00:47:27 - INFO - utils.trainer -   AUC: 0.50826
04/18/2026 00:47:27 - INFO - utils.trainer -   Accuracy: 0.24359
04/18/2026 00:47:27 - INFO - utils.trainer -   Precision: 0.17995
04/18/2026 00:47:27 - INFO - utils.trainer -   Recall: 0.22613
04/18/2026 00:47:27 - INFO - utils.trainer -   F_score: 0.17521
04/18/2026 00:47:27 - INFO - utils.trainer -   Loss: 60719.61674
04/18/2026 00:47:27 - INFO - utils.trainer -   Epoch: 35, Train loss: 2.66240, Test loss: 60719.61674,Epoch time = 17.693s
04/18/2026 00:47:45 - INFO - utils.trainer -   ***** Running evaluation on test2 dataset *****
04/18/2026 00:47:48 - INFO - utils.trainer -   AUC: 0.50513
04/18/2026 00:47:48 - INFO - utils.trainer -   Accuracy: 0.28846
04/18/2026 00:47:48 - INFO - utils.trainer -   Precision: 0.30460
04/18/2026 00:47:48 - INFO - utils.trainer -   Recall: 0.26679
04/18/2026 00:47:48 - INFO - utils.trainer -   F_score: 0.21458
04/18/2026 00:47:48 - INFO - utils.trainer -   Loss: 354246.65744
04/18/2026 00:47:48 - INFO - utils.trainer -   Epoch: 36, Train loss: 2.64945, Test loss: 354246.65744,Epoch time = 17.962s
04/18/2026 00:48:06 - INFO - utils.trainer -   ***** Running evaluation on test2 dataset *****
04/18/2026 00:48:09 - INFO - utils.trainer -   AUC: 0.51804
04/18/2026 00:48:09 - INFO - utils.trainer -   Accuracy: 0.29487
04/18/2026 00:48:09 - INFO - utils.trainer -   Precision: 0.30652
04/18/2026 00:48:09 - INFO - utils.trainer -   Recall: 0.27373
04/18/2026 00:48:09 - INFO - utils.trainer -   F_score: 0.22314
04/18/2026 00:48:09 - INFO - utils.trainer -   Loss: 879965.06662
04/18/2026 00:48:09 - INFO - utils.trainer -   Epoch: 37, Train loss: 2.65874, Test loss: 879965.06662,Epoch time = 17.986s
04/18/2026 00:48:26 - INFO - utils.trainer -   ***** Running evaluation on test2 dataset *****
04/18/2026 00:48:29 - INFO - utils.trainer -   AUC: 0.53254
04/18/2026 00:48:29 - INFO - utils.trainer -   Accuracy: 0.31410
04/18/2026 00:48:29 - INFO - utils.trainer -   Precision: 0.30746
04/18/2026 00:48:29 - INFO - utils.trainer -   Recall: 0.29418
04/18/2026 00:48:29 - INFO - utils.trainer -   F_score: 0.23874
04/18/2026 00:48:29 - INFO - utils.trainer -   Loss: 7559090.45255
04/18/2026 00:48:29 - INFO - utils.trainer -   Epoch: 38, Train loss: 2.64098, Test loss: 7559090.45255,Epoch time = 17.740s
04/18/2026 00:48:47 - INFO - utils.trainer -   ***** Running evaluation on test2 dataset *****
04/18/2026 00:48:50 - INFO - utils.trainer -   AUC: 0.53379
04/18/2026 00:48:50 - INFO - utils.trainer -   Accuracy: 0.28205
04/18/2026 00:48:50 - INFO - utils.trainer -   Precision: 0.28190
04/18/2026 00:48:50 - INFO - utils.trainer -   Recall: 0.26756
04/18/2026 00:48:50 - INFO - utils.trainer -   F_score: 0.24174
04/18/2026 00:48:50 - INFO - utils.trainer -   Loss: 11487216.84823
04/18/2026 00:48:50 - INFO - utils.trainer -   Epoch: 39, Train loss: 2.64128, Test loss: 11487216.84823,Epoch time = 17.428s
04/18/2026 00:49:07 - INFO - utils.trainer -   ***** Running evaluation on test2 dataset *****
04/18/2026 00:49:10 - INFO - utils.trainer -   AUC: 0.46378
04/18/2026 00:49:10 - INFO - utils.trainer -   Accuracy: 0.26282
04/18/2026 00:49:10 - INFO - utils.trainer -   Precision: 0.26243
04/18/2026 00:49:10 - INFO - utils.trainer -   Recall: 0.24245
04/18/2026 00:49:10 - INFO - utils.trainer -   F_score: 0.18391
04/18/2026 00:49:10 - INFO - utils.trainer -   Loss: 41211992.87682
04/18/2026 00:49:10 - INFO - utils.trainer -   Epoch: 40, Train loss: 2.65839, Test loss: 41211992.87682,Epoch time = 17.380s
04/18/2026 00:49:27 - INFO - utils.trainer -   ***** Running evaluation on test2 dataset *****
04/18/2026 00:49:30 - INFO - utils.trainer -   AUC: 0.41612
04/18/2026 00:49:30 - INFO - utils.trainer -   Accuracy: 0.23077
04/18/2026 00:49:30 - INFO - utils.trainer -   Precision: 0.27315
04/18/2026 00:49:30 - INFO - utils.trainer -   Recall: 0.21154
04/18/2026 00:49:30 - INFO - utils.trainer -   F_score: 0.15673
04/18/2026 00:49:30 - INFO - utils.trainer -   Loss: 30613538.50759
04/18/2026 00:49:30 - INFO - utils.trainer -   Epoch: 41, Train loss: 2.63820, Test loss: 30613538.50759,Epoch time = 17.435s
04/18/2026 00:49:48 - INFO - utils.trainer -   ***** Running evaluation on test2 dataset *****
04/18/2026 00:49:51 - INFO - utils.trainer -   AUC: 0.50589
04/18/2026 00:49:51 - INFO - utils.trainer -   Accuracy: 0.25000
04/18/2026 00:49:51 - INFO - utils.trainer -   Precision: 0.24057
04/18/2026 00:49:51 - INFO - utils.trainer -   Recall: 0.22894
04/18/2026 00:49:51 - INFO - utils.trainer -   F_score: 0.16057
04/18/2026 00:49:51 - INFO - utils.trainer -   Loss: 66128495.26614
04/18/2026 00:49:51 - INFO - utils.trainer -   Epoch: 42, Train loss: 2.65731, Test loss: 66128495.26614,Epoch time = 17.380s
04/18/2026 00:50:08 - INFO - utils.trainer -   ***** Running evaluation on test2 dataset *****
04/18/2026 00:50:11 - INFO - utils.trainer -   AUC: 0.43864
04/18/2026 00:50:11 - INFO - utils.trainer -   Accuracy: 0.24359
04/18/2026 00:50:11 - INFO - utils.trainer -   Precision: 0.11091
04/18/2026 00:50:11 - INFO - utils.trainer -   Recall: 0.21913
04/18/2026 00:50:11 - INFO - utils.trainer -   F_score: 0.12778
04/18/2026 00:50:11 - INFO - utils.trainer -   Loss: 78251362.46701
04/18/2026 00:50:11 - INFO - utils.trainer -   Epoch: 43, Train loss: 2.65706, Test loss: 78251362.46701,Epoch time = 17.583s
04/18/2026 00:50:29 - INFO - utils.trainer -   ***** Running evaluation on test2 dataset *****
04/18/2026 00:50:32 - INFO - utils.trainer -   AUC: 0.53776
04/18/2026 00:50:32 - INFO - utils.trainer -   Accuracy: 0.26282
04/18/2026 00:50:32 - INFO - utils.trainer -   Precision: 0.15449
04/18/2026 00:50:32 - INFO - utils.trainer -   Recall: 0.23725
04/18/2026 00:50:32 - INFO - utils.trainer -   F_score: 0.14714
04/18/2026 00:50:32 - INFO - utils.trainer -   Loss: -1730708682.34431
04/18/2026 00:50:32 - INFO - utils.trainer -   Epoch: 44, Train loss: 2.43808, Test loss: -1730708682.34431,Epoch time = 17.551s
04/18/2026 00:50:49 - INFO - utils.trainer -   ***** Running evaluation on test2 dataset *****
04/18/2026 00:50:52 - INFO - utils.trainer -   AUC: 0.50839
04/18/2026 00:50:52 - INFO - utils.trainer -   Accuracy: 0.25641
04/18/2026 00:50:52 - INFO - utils.trainer -   Precision: 0.26704
04/18/2026 00:50:52 - INFO - utils.trainer -   Recall: 0.25380
04/18/2026 00:50:52 - INFO - utils.trainer -   F_score: 0.25439
04/18/2026 00:50:52 - INFO - utils.trainer -   Loss: 2825735.99634
04/18/2026 00:50:52 - INFO - utils.trainer -   Epoch: 45, Train loss: 2.47608, Test loss: 2825735.99634,Epoch time = 17.793s
04/18/2026 00:51:09 - INFO - utils.trainer -   ***** Running evaluation on test2 dataset *****
04/18/2026 00:51:12 - INFO - utils.trainer -   AUC: 0.55013
04/18/2026 00:51:12 - INFO - utils.trainer -   Accuracy: 0.28205
04/18/2026 00:51:12 - INFO - utils.trainer -   Precision: 0.35770
04/18/2026 00:51:12 - INFO - utils.trainer -   Recall: 0.26774
04/18/2026 00:51:12 - INFO - utils.trainer -   F_score: 0.23570
04/18/2026 00:51:12 - INFO - utils.trainer -   Loss: 66626351.25561
04/18/2026 00:51:12 - INFO - utils.trainer -   Epoch: 46, Train loss: 2.55589, Test loss: 66626351.25561,Epoch time = 16.734s
04/18/2026 00:51:28 - INFO - utils.trainer -   ***** Running evaluation on test2 dataset *****
04/18/2026 00:51:31 - INFO - utils.trainer -   AUC: 0.47633
04/18/2026 00:51:31 - INFO - utils.trainer -   Accuracy: 0.25641
04/18/2026 00:51:31 - INFO - utils.trainer -   Precision: 0.35252
04/18/2026 00:51:31 - INFO - utils.trainer -   Recall: 0.23659
04/18/2026 00:51:31 - INFO - utils.trainer -   F_score: 0.18464
04/18/2026 00:51:31 - INFO - utils.trainer -   Loss: -161508144.72531
04/18/2026 00:51:31 - INFO - utils.trainer -   Epoch: 47, Train loss: 2.99260, Test loss: -161508144.72531,Epoch time = 16.614s
04/18/2026 00:51:48 - INFO - utils.trainer -   ***** Running evaluation on test2 dataset *****
04/18/2026 00:51:50 - INFO - utils.trainer -   AUC: 0.50355
04/18/2026 00:51:50 - INFO - utils.trainer -   Accuracy: 0.26282
04/18/2026 00:51:50 - INFO - utils.trainer -   Precision: 0.21272
04/18/2026 00:51:50 - INFO - utils.trainer -   Recall: 0.24210
04/18/2026 00:51:50 - INFO - utils.trainer -   F_score: 0.17738
04/18/2026 00:51:50 - INFO - utils.trainer -   Loss: -51714605.47720
04/18/2026 00:51:50 - INFO - utils.trainer -   Epoch: 48, Train loss: 2.68218, Test loss: -51714605.47720,Epoch time = 16.387s
04/18/2026 00:52:07 - INFO - utils.trainer -   ***** Running evaluation on test2 dataset *****
04/18/2026 00:52:10 - INFO - utils.trainer -   AUC: 0.46889
04/18/2026 00:52:10 - INFO - utils.trainer -   Accuracy: 0.23077
04/18/2026 00:52:10 - INFO - utils.trainer -   Precision: 0.15914
04/18/2026 00:52:10 - INFO - utils.trainer -   Recall: 0.21082
04/18/2026 00:52:10 - INFO - utils.trainer -   F_score: 0.15001
04/18/2026 00:52:10 - INFO - utils.trainer -   Loss: -99807159.12216
04/18/2026 00:52:10 - INFO - utils.trainer -   Epoch: 49, Train loss: 2.68292, Test loss: -99807159.12216,Epoch time = 16.635s
04/18/2026 00:52:27 - INFO - utils.trainer -   ***** Running evaluation on test2 dataset *****
04/18/2026 00:52:29 - INFO - utils.trainer -   AUC: 0.53607
04/18/2026 00:52:29 - INFO - utils.trainer -   Accuracy: 0.26923
04/18/2026 00:52:29 - INFO - utils.trainer -   Precision: 0.27242
04/18/2026 00:52:29 - INFO - utils.trainer -   Recall: 0.25405
04/18/2026 00:52:29 - INFO - utils.trainer -   F_score: 0.22218
04/18/2026 00:52:29 - INFO - utils.trainer -   Loss: -140226557.54770
04/18/2026 00:52:29 - INFO - utils.trainer -   Epoch: 50, Train loss: 3.26927, Test loss: -140226557.54770,Epoch time = 16.693s
04/18/2026 00:52:47 - INFO - utils.trainer -   ***** Running evaluation on test2 dataset *****
04/18/2026 00:52:49 - INFO - utils.trainer -   AUC: 0.49435
04/18/2026 00:52:49 - INFO - utils.trainer -   Accuracy: 0.26923
04/18/2026 00:52:49 - INFO - utils.trainer -   Precision: 0.20443
04/18/2026 00:52:49 - INFO - utils.trainer -   Recall: 0.24885
04/18/2026 00:52:49 - INFO - utils.trainer -   F_score: 0.18786
04/18/2026 00:52:49 - INFO - utils.trainer -   Loss: -85272624.72672
04/18/2026 00:52:49 - INFO - utils.trainer -   Epoch: 51, Train loss: 2.71033, Test loss: -85272624.72672,Epoch time = 17.149s
04/18/2026 00:53:06 - INFO - utils.trainer -   ***** Running evaluation on test2 dataset *****
04/18/2026 00:53:09 - INFO - utils.trainer -   AUC: 0.51196
04/18/2026 00:53:09 - INFO - utils.trainer -   Accuracy: 0.28205
04/18/2026 00:53:09 - INFO - utils.trainer -   Precision: 0.18943
04/18/2026 00:53:09 - INFO - utils.trainer -   Recall: 0.25520
04/18/2026 00:53:09 - INFO - utils.trainer -   F_score: 0.15964
04/18/2026 00:53:09 - INFO - utils.trainer -   Loss: 192761256.86783
04/18/2026 00:53:09 - INFO - utils.trainer -   Epoch: 52, Train loss: 2.00315, Test loss: 192761256.86783,Epoch time = 16.808s
04/18/2026 00:53:26 - INFO - utils.trainer -   ***** Running evaluation on test2 dataset *****
04/18/2026 00:53:29 - INFO - utils.trainer -   AUC: 0.50825
04/18/2026 00:53:29 - INFO - utils.trainer -   Accuracy: 0.26282
04/18/2026 00:53:29 - INFO - utils.trainer -   Precision: 0.24231
04/18/2026 00:53:29 - INFO - utils.trainer -   Recall: 0.23905
04/18/2026 00:53:29 - INFO - utils.trainer -   F_score: 0.15947
04/18/2026 00:53:29 - INFO - utils.trainer -   Loss: 33079138.46291
04/18/2026 00:53:29 - INFO - utils.trainer -   Epoch: 53, Train loss: 2.79048, Test loss: 33079138.46291,Epoch time = 17.241s
04/18/2026 00:53:46 - INFO - utils.trainer -   ***** Running evaluation on test2 dataset *****
04/18/2026 00:53:49 - INFO - utils.trainer -   AUC: 0.50648
04/18/2026 00:53:49 - INFO - utils.trainer -   Accuracy: 0.23077
04/18/2026 00:53:49 - INFO - utils.trainer -   Precision: 0.10142
04/18/2026 00:53:49 - INFO - utils.trainer -   Recall: 0.20670
04/18/2026 00:53:49 - INFO - utils.trainer -   F_score: 0.11497
04/18/2026 00:53:49 - INFO - utils.trainer -   Loss: 29283100.06961
04/18/2026 00:53:49 - INFO - utils.trainer -   Epoch: 54, Train loss: 2.70199, Test loss: 29283100.06961,Epoch time = 16.954s
04/18/2026 00:54:06 - INFO - utils.trainer -   ***** Running evaluation on test2 dataset *****
04/18/2026 00:54:08 - INFO - utils.trainer -   AUC: 0.47425
04/18/2026 00:54:08 - INFO - utils.trainer -   Accuracy: 0.28205
04/18/2026 00:54:08 - INFO - utils.trainer -   Precision: 0.35716
04/18/2026 00:54:08 - INFO - utils.trainer -   Recall: 0.25681
04/18/2026 00:54:08 - INFO - utils.trainer -   F_score: 0.18395
04/18/2026 00:54:08 - INFO - utils.trainer -   Loss: 35783068.08059
04/18/2026 00:54:08 - INFO - utils.trainer -   Epoch: 55, Train loss: 2.68488, Test loss: 35783068.08059,Epoch time = 16.709s
04/18/2026 00:54:26 - INFO - utils.trainer -   ***** Running evaluation on test2 dataset *****
04/18/2026 00:54:28 - INFO - utils.trainer -   AUC: 0.58584
04/18/2026 00:54:28 - INFO - utils.trainer -   Accuracy: 0.29487
04/18/2026 00:54:28 - INFO - utils.trainer -   Precision: 0.28826
04/18/2026 00:54:28 - INFO - utils.trainer -   Recall: 0.27068
04/18/2026 00:54:28 - INFO - utils.trainer -   F_score: 0.19263
04/18/2026 00:54:28 - INFO - utils.trainer -   Loss: 50047615.23903
04/18/2026 00:54:28 - INFO - utils.trainer -   Epoch: 56, Train loss: 2.67949, Test loss: 50047615.23903,Epoch time = 17.386s
04/18/2026 00:54:45 - INFO - utils.trainer -   ***** Running evaluation on test2 dataset *****
04/18/2026 00:54:48 - INFO - utils.trainer -   AUC: 0.49399
04/18/2026 00:54:48 - INFO - utils.trainer -   Accuracy: 0.24359
04/18/2026 00:54:48 - INFO - utils.trainer -   Precision: 0.26554
04/18/2026 00:54:48 - INFO - utils.trainer -   Recall: 0.22756
04/18/2026 00:54:48 - INFO - utils.trainer -   F_score: 0.17460
04/18/2026 00:54:48 - INFO - utils.trainer -   Loss: 109882063.27361
04/18/2026 00:54:48 - INFO - utils.trainer -   Epoch: 57, Train loss: 2.65239, Test loss: 109882063.27361,Epoch time = 16.574s
04/18/2026 00:55:04 - INFO - utils.trainer -   ***** Running evaluation on test2 dataset *****
04/18/2026 00:55:07 - INFO - utils.trainer -   AUC: 0.53128
04/18/2026 00:55:07 - INFO - utils.trainer -   Accuracy: 0.30769
04/18/2026 00:55:07 - INFO - utils.trainer -   Precision: 0.29067
04/18/2026 00:55:07 - INFO - utils.trainer -   Recall: 0.29297
04/18/2026 00:55:07 - INFO - utils.trainer -   F_score: 0.23800
04/18/2026 00:55:07 - INFO - utils.trainer -   Loss: -160530403.91550
04/18/2026 00:55:07 - INFO - utils.trainer -   Epoch: 58, Train loss: 2.61754, Test loss: -160530403.91550,Epoch time = 16.580s
04/18/2026 00:55:24 - INFO - utils.trainer -   ***** Running evaluation on test2 dataset *****
04/18/2026 00:55:27 - INFO - utils.trainer -   AUC: 0.52145
04/18/2026 00:55:27 - INFO - utils.trainer -   Accuracy: 0.25641
04/18/2026 00:55:27 - INFO - utils.trainer -   Precision: 0.17883
04/18/2026 00:55:27 - INFO - utils.trainer -   Recall: 0.23229
04/18/2026 00:55:27 - INFO - utils.trainer -   F_score: 0.15562
04/18/2026 00:55:27 - INFO - utils.trainer -   Loss: 931285404.06970
04/18/2026 00:55:27 - INFO - utils.trainer -   Epoch: 59, Train loss: 3.20877, Test loss: 931285404.06970,Epoch time = 16.567s
04/18/2026 00:55:43 - INFO - utils.trainer -   ***** Running evaluation on test2 dataset *****
04/18/2026 00:55:46 - INFO - utils.trainer -   AUC: 0.50029
04/18/2026 00:55:46 - INFO - utils.trainer -   Accuracy: 0.26923
04/18/2026 00:55:46 - INFO - utils.trainer -   Precision: 0.20294
04/18/2026 00:55:46 - INFO - utils.trainer -   Recall: 0.25566
04/18/2026 00:55:46 - INFO - utils.trainer -   F_score: 0.20975
04/18/2026 00:55:46 - INFO - utils.trainer -   Loss: -52784250.32766
04/18/2026 00:55:46 - INFO - utils.trainer -   Epoch: 60, Train loss: 2.85464, Test loss: -52784250.32766,Epoch time = 16.907s
04/18/2026 00:56:03 - INFO - utils.trainer -   ***** Running evaluation on test2 dataset *****
04/18/2026 00:56:06 - INFO - utils.trainer -   AUC: 0.50626
04/18/2026 00:56:06 - INFO - utils.trainer -   Accuracy: 0.22436
04/18/2026 00:56:06 - INFO - utils.trainer -   Precision: 0.15592
04/18/2026 00:56:06 - INFO - utils.trainer -   Recall: 0.20746
04/18/2026 00:56:06 - INFO - utils.trainer -   F_score: 0.15219
04/18/2026 00:56:06 - INFO - utils.trainer -   Loss: -90749059.93230
04/18/2026 00:56:06 - INFO - utils.trainer -   Epoch: 61, Train loss: 2.69681, Test loss: -90749059.93230,Epoch time = 16.955s
04/18/2026 00:56:23 - INFO - utils.trainer -   ***** Running evaluation on test2 dataset *****
04/18/2026 00:56:26 - INFO - utils.trainer -   AUC: 0.54065
04/18/2026 00:56:26 - INFO - utils.trainer -   Accuracy: 0.25000
04/18/2026 00:56:26 - INFO - utils.trainer -   Precision: 0.22163
04/18/2026 00:56:26 - INFO - utils.trainer -   Recall: 0.23432
04/18/2026 00:56:26 - INFO - utils.trainer -   F_score: 0.19893
04/18/2026 00:56:26 - INFO - utils.trainer -   Loss: 297493045.65416
04/18/2026 00:56:26 - INFO - utils.trainer -   Epoch: 62, Train loss: 3.15716, Test loss: 297493045.65416,Epoch time = 17.278s
04/18/2026 00:56:43 - INFO - utils.trainer -   ***** Running evaluation on test2 dataset *****
04/18/2026 00:56:46 - INFO - utils.trainer -   AUC: 0.46522
04/18/2026 00:56:46 - INFO - utils.trainer -   Accuracy: 0.20513
04/18/2026 00:56:46 - INFO - utils.trainer -   Precision: 0.20636
04/18/2026 00:56:46 - INFO - utils.trainer -   Recall: 0.19814
04/18/2026 00:56:46 - INFO - utils.trainer -   F_score: 0.18079
04/18/2026 00:56:46 - INFO - utils.trainer -   Loss: 148146961.87888
04/18/2026 00:56:46 - INFO - utils.trainer -   Epoch: 63, Train loss: 3.49176, Test loss: 148146961.87888,Epoch time = 16.930s
04/18/2026 00:57:03 - INFO - utils.trainer -   ***** Running evaluation on test2 dataset *****
04/18/2026 00:57:06 - INFO - utils.trainer -   AUC: 0.50184
04/18/2026 00:57:06 - INFO - utils.trainer -   Accuracy: 0.25641
04/18/2026 00:57:06 - INFO - utils.trainer -   Precision: 0.19983
04/18/2026 00:57:06 - INFO - utils.trainer -   Recall: 0.24985
04/18/2026 00:57:06 - INFO - utils.trainer -   F_score: 0.18718
04/18/2026 00:57:06 - INFO - utils.trainer -   Loss: 285525045.68772
04/18/2026 00:57:06 - INFO - utils.trainer -   Epoch: 64, Train loss: 2.11017, Test loss: 285525045.68772,Epoch time = 17.233s
04/18/2026 00:57:24 - INFO - utils.trainer -   ***** Running evaluation on test2 dataset *****
04/18/2026 00:57:27 - INFO - utils.trainer -   AUC: 0.50310
04/18/2026 00:57:27 - INFO - utils.trainer -   Accuracy: 0.27564
04/18/2026 00:57:27 - INFO - utils.trainer -   Precision: 0.21195
04/18/2026 00:57:27 - INFO - utils.trainer -   Recall: 0.26260
04/18/2026 00:57:27 - INFO - utils.trainer -   F_score: 0.22355
04/18/2026 00:57:27 - INFO - utils.trainer -   Loss: -39063283299.92496
04/18/2026 00:57:27 - INFO - utils.trainer -   Epoch: 65, Train loss: 2.92758, Test loss: -39063283299.92496,Epoch time = 17.420s
04/18/2026 00:57:44 - INFO - utils.trainer -   ***** Running evaluation on test2 dataset *****
04/18/2026 00:57:47 - INFO - utils.trainer -   AUC: 0.53124
04/18/2026 00:57:47 - INFO - utils.trainer -   Accuracy: 0.24359
04/18/2026 00:57:47 - INFO - utils.trainer -   Precision: 0.22935
04/18/2026 00:57:47 - INFO - utils.trainer -   Recall: 0.23329
04/18/2026 00:57:47 - INFO - utils.trainer -   F_score: 0.21115
04/18/2026 00:57:47 - INFO - utils.trainer -   Loss: 107672271.25914
04/18/2026 00:57:47 - INFO - utils.trainer -   Epoch: 66, Train loss: 2.83512, Test loss: 107672271.25914,Epoch time = 17.537s
04/18/2026 00:58:05 - INFO - utils.trainer -   ***** Running evaluation on test2 dataset *****
04/18/2026 00:58:08 - INFO - utils.trainer -   AUC: 0.53672
04/18/2026 00:58:08 - INFO - utils.trainer -   Accuracy: 0.28846
04/18/2026 00:58:08 - INFO - utils.trainer -   Precision: 0.33687
04/18/2026 00:58:08 - INFO - utils.trainer -   Recall: 0.26644
04/18/2026 00:58:08 - INFO - utils.trainer -   F_score: 0.20971
04/18/2026 00:58:08 - INFO - utils.trainer -   Loss: 228762242.44748
04/18/2026 00:58:08 - INFO - utils.trainer -   Epoch: 67, Train loss: 2.66013, Test loss: 228762242.44748,Epoch time = 17.510s
04/18/2026 00:58:25 - INFO - utils.trainer -   ***** Running evaluation on test2 dataset *****
04/18/2026 00:58:28 - INFO - utils.trainer -   AUC: 0.47061
04/18/2026 00:58:28 - INFO - utils.trainer -   Accuracy: 0.23718
04/18/2026 00:58:28 - INFO - utils.trainer -   Precision: 0.20166
04/18/2026 00:58:28 - INFO - utils.trainer -   Recall: 0.22547
04/18/2026 00:58:28 - INFO - utils.trainer -   F_score: 0.20103
04/18/2026 00:58:28 - INFO - utils.trainer -   Loss: -6699151.89733
04/18/2026 00:58:28 - INFO - utils.trainer -   Epoch: 68, Train loss: 2.12504, Test loss: -6699151.89733,Epoch time = 17.646s
04/18/2026 00:58:46 - INFO - utils.trainer -   ***** Running evaluation on test2 dataset *****
04/18/2026 00:58:49 - INFO - utils.trainer -   AUC: 0.53870
04/18/2026 00:58:49 - INFO - utils.trainer -   Accuracy: 0.27564
04/18/2026 00:58:49 - INFO - utils.trainer -   Precision: 0.18188
04/18/2026 00:58:49 - INFO - utils.trainer -   Recall: 0.24844
04/18/2026 00:58:49 - INFO - utils.trainer -   F_score: 0.15076
04/18/2026 00:58:49 - INFO - utils.trainer -   Loss: -22896103.13460
04/18/2026 00:58:49 - INFO - utils.trainer -   Epoch: 69, Train loss: 2.71148, Test loss: -22896103.13460,Epoch time = 17.715s
04/18/2026 00:59:06 - INFO - utils.trainer -   ***** Running evaluation on test2 dataset *****
04/18/2026 00:59:09 - INFO - utils.trainer -   AUC: 0.46161
04/18/2026 00:59:09 - INFO - utils.trainer -   Accuracy: 0.27564
04/18/2026 00:59:09 - INFO - utils.trainer -   Precision: 0.22055
04/18/2026 00:59:09 - INFO - utils.trainer -   Recall: 0.25489
04/18/2026 00:59:09 - INFO - utils.trainer -   F_score: 0.18805
04/18/2026 00:59:09 - INFO - utils.trainer -   Loss: -35676042.32050
04/18/2026 00:59:09 - INFO - utils.trainer -   Epoch: 70, Train loss: 2.68967, Test loss: -35676042.32050,Epoch time = 17.509s
04/18/2026 00:59:27 - INFO - utils.trainer -   ***** Running evaluation on test2 dataset *****
04/18/2026 00:59:30 - INFO - utils.trainer -   AUC: 0.49856
04/18/2026 00:59:30 - INFO - utils.trainer -   Accuracy: 0.25641
04/18/2026 00:59:30 - INFO - utils.trainer -   Precision: 0.12293
04/18/2026 00:59:30 - INFO - utils.trainer -   Recall: 0.22942
04/18/2026 00:59:30 - INFO - utils.trainer -   F_score: 0.12444
04/18/2026 00:59:30 - INFO - utils.trainer -   Loss: -41365136.73620
04/18/2026 00:59:30 - INFO - utils.trainer -   Epoch: 71, Train loss: 2.67902, Test loss: -41365136.73620,Epoch time = 17.331s
04/18/2026 00:59:47 - INFO - utils.trainer -   ***** Running evaluation on test2 dataset *****
04/18/2026 00:59:50 - INFO - utils.trainer -   AUC: 0.52181
04/18/2026 00:59:50 - INFO - utils.trainer -   Accuracy: 0.28205
04/18/2026 00:59:50 - INFO - utils.trainer -   Precision: 0.25801
04/18/2026 00:59:50 - INFO - utils.trainer -   Recall: 0.26057
04/18/2026 00:59:50 - INFO - utils.trainer -   F_score: 0.19479
04/18/2026 00:59:50 - INFO - utils.trainer -   Loss: -43186183.14137
04/18/2026 00:59:50 - INFO - utils.trainer -   Epoch: 72, Train loss: 2.69243, Test loss: -43186183.14137,Epoch time = 17.355s
04/18/2026 01:00:07 - INFO - utils.trainer -   ***** Running evaluation on test2 dataset *****
04/18/2026 01:00:10 - INFO - utils.trainer -   AUC: 0.57574
04/18/2026 01:00:10 - INFO - utils.trainer -   Accuracy: 0.32051
04/18/2026 01:00:10 - INFO - utils.trainer -   Precision: 0.36396
04/18/2026 01:00:10 - INFO - utils.trainer -   Recall: 0.29950
04/18/2026 01:00:10 - INFO - utils.trainer -   F_score: 0.24425
04/18/2026 01:00:10 - INFO - utils.trainer -   Loss: -48092835.96793
04/18/2026 01:00:10 - INFO - utils.trainer -   Epoch: 73, Train loss: 2.69707, Test loss: -48092835.96793,Epoch time = 17.318s
04/18/2026 01:00:28 - INFO - utils.trainer -   ***** Running evaluation on test2 dataset *****
04/18/2026 01:00:31 - INFO - utils.trainer -   AUC: 0.54274
04/18/2026 01:00:31 - INFO - utils.trainer -   Accuracy: 0.32692
04/18/2026 01:00:31 - INFO - utils.trainer -   Precision: 0.28001
04/18/2026 01:00:31 - INFO - utils.trainer -   Recall: 0.31862
04/18/2026 01:00:31 - INFO - utils.trainer -   F_score: 0.28929
04/18/2026 01:00:31 - INFO - utils.trainer -   Loss: -50009939.95293
04/18/2026 01:00:31 - INFO - utils.trainer -   Epoch: 74, Train loss: 2.69232, Test loss: -50009939.95293,Epoch time = 17.250s
04/18/2026 01:00:48 - INFO - utils.trainer -   ***** Running evaluation on test2 dataset *****
04/18/2026 01:00:51 - INFO - utils.trainer -   AUC: 0.53201
04/18/2026 01:00:51 - INFO - utils.trainer -   Accuracy: 0.28846
04/18/2026 01:00:51 - INFO - utils.trainer -   Precision: 0.18563
04/18/2026 01:00:51 - INFO - utils.trainer -   Recall: 0.25765
04/18/2026 01:00:51 - INFO - utils.trainer -   F_score: 0.13637
04/18/2026 01:00:51 - INFO - utils.trainer -   Loss: -58228336.74967
04/18/2026 01:00:51 - INFO - utils.trainer -   Epoch: 75, Train loss: 2.70722, Test loss: -58228336.74967,Epoch time = 17.181s
04/18/2026 01:01:08 - INFO - utils.trainer -   ***** Running evaluation on test2 dataset *****
04/18/2026 01:01:11 - INFO - utils.trainer -   AUC: 0.50299
04/18/2026 01:01:11 - INFO - utils.trainer -   Accuracy: 0.30128
04/18/2026 01:01:11 - INFO - utils.trainer -   Precision: 0.28631
04/18/2026 01:01:11 - INFO - utils.trainer -   Recall: 0.28031
04/18/2026 01:01:11 - INFO - utils.trainer -   F_score: 0.23225
04/18/2026 01:01:11 - INFO - utils.trainer -   Loss: -64206576.73730
04/18/2026 01:01:11 - INFO - utils.trainer -   Epoch: 76, Train loss: 2.69066, Test loss: -64206576.73730,Epoch time = 17.063s
04/18/2026 01:01:28 - INFO - utils.trainer -   ***** Running evaluation on test2 dataset *****
04/18/2026 01:01:31 - INFO - utils.trainer -   AUC: 0.50598
04/18/2026 01:01:31 - INFO - utils.trainer -   Accuracy: 0.30128
04/18/2026 01:01:31 - INFO - utils.trainer -   Precision: 0.36580
04/18/2026 01:01:31 - INFO - utils.trainer -   Recall: 0.27117
04/18/2026 01:01:31 - INFO - utils.trainer -   F_score: 0.16203
04/18/2026 01:01:31 - INFO - utils.trainer -   Loss: -71362698.34448
04/18/2026 01:01:31 - INFO - utils.trainer -   Epoch: 77, Train loss: 2.68784, Test loss: -71362698.34448,Epoch time = 17.282s
04/18/2026 01:01:48 - INFO - utils.trainer -   ***** Running evaluation on test2 dataset *****
04/18/2026 01:01:51 - INFO - utils.trainer -   AUC: 0.53844
04/18/2026 01:01:51 - INFO - utils.trainer -   Accuracy: 0.31410
04/18/2026 01:01:51 - INFO - utils.trainer -   Precision: 0.50300
04/18/2026 01:01:51 - INFO - utils.trainer -   Recall: 0.28898
04/18/2026 01:01:51 - INFO - utils.trainer -   F_score: 0.20571
04/18/2026 01:01:51 - INFO - utils.trainer -   Loss: -88686986.34295
04/18/2026 01:01:51 - INFO - utils.trainer -   Epoch: 78, Train loss: 2.70570, Test loss: -88686986.34295,Epoch time = 17.382s
04/18/2026 01:02:09 - INFO - utils.trainer -   ***** Running evaluation on test2 dataset *****
04/18/2026 01:02:12 - INFO - utils.trainer -   AUC: 0.52550
04/18/2026 01:02:12 - INFO - utils.trainer -   Accuracy: 0.26282
04/18/2026 01:02:12 - INFO - utils.trainer -   Precision: 0.13356
04/18/2026 01:02:12 - INFO - utils.trainer -   Recall: 0.24693
04/18/2026 01:02:12 - INFO - utils.trainer -   F_score: 0.17210
04/18/2026 01:02:12 - INFO - utils.trainer -   Loss: -120878999.14967
04/18/2026 01:02:12 - INFO - utils.trainer -   Epoch: 79, Train loss: 2.67133, Test loss: -120878999.14967,Epoch time = 17.349s
04/18/2026 01:02:29 - INFO - utils.trainer -   ***** Running evaluation on test2 dataset *****
04/18/2026 01:02:32 - INFO - utils.trainer -   AUC: 0.49861
04/18/2026 01:02:32 - INFO - utils.trainer -   Accuracy: 0.25641
04/18/2026 01:02:32 - INFO - utils.trainer -   Precision: 0.43784
04/18/2026 01:02:32 - INFO - utils.trainer -   Recall: 0.23749
04/18/2026 01:02:32 - INFO - utils.trainer -   F_score: 0.18381
04/18/2026 01:02:32 - INFO - utils.trainer -   Loss: -204672061.54376
04/18/2026 01:02:32 - INFO - utils.trainer -   Epoch: 80, Train loss: 2.73152, Test loss: -204672061.54376,Epoch time = 17.782s
04/18/2026 01:02:50 - INFO - utils.trainer -   ***** Running evaluation on test2 dataset *****
04/18/2026 01:02:53 - INFO - utils.trainer -   AUC: 0.48194
04/18/2026 01:02:53 - INFO - utils.trainer -   Accuracy: 0.25641
04/18/2026 01:02:53 - INFO - utils.trainer -   Precision: 0.26601
04/18/2026 01:02:53 - INFO - utils.trainer -   Recall: 0.25255
04/18/2026 01:02:53 - INFO - utils.trainer -   F_score: 0.25078
04/18/2026 01:02:53 - INFO - utils.trainer -   Loss: 432978690.48485
04/18/2026 01:02:53 - INFO - utils.trainer -   Epoch: 81, Train loss: 2.59972, Test loss: 432978690.48485,Epoch time = 17.443s
04/18/2026 01:03:10 - INFO - utils.trainer -   ***** Running evaluation on test2 dataset *****
04/18/2026 01:03:13 - INFO - utils.trainer -   AUC: 0.52353
04/18/2026 01:03:13 - INFO - utils.trainer -   Accuracy: 0.28846
04/18/2026 01:03:13 - INFO - utils.trainer -   Precision: 0.18810
04/18/2026 01:03:13 - INFO - utils.trainer -   Recall: 0.25873
04/18/2026 01:03:13 - INFO - utils.trainer -   F_score: 0.14822
04/18/2026 01:03:13 - INFO - utils.trainer -   Loss: 74109967.25583
04/18/2026 01:03:13 - INFO - utils.trainer -   Epoch: 82, Train loss: 16.64618, Test loss: 74109967.25583,Epoch time = 17.431s
04/18/2026 01:03:30 - INFO - utils.trainer -   ***** Running evaluation on test2 dataset *****
04/18/2026 01:03:33 - INFO - utils.trainer -   AUC: 0.53871
04/18/2026 01:03:33 - INFO - utils.trainer -   Accuracy: 0.28846
04/18/2026 01:03:33 - INFO - utils.trainer -   Precision: 0.37246
04/18/2026 01:03:33 - INFO - utils.trainer -   Recall: 0.26106
04/18/2026 01:03:33 - INFO - utils.trainer -   F_score: 0.16438
04/18/2026 01:03:33 - INFO - utils.trainer -   Loss: 61994396.05550
04/18/2026 01:03:33 - INFO - utils.trainer -   Epoch: 83, Train loss: 2.72173, Test loss: 61994396.05550,Epoch time = 17.250s
04/18/2026 01:03:50 - INFO - utils.trainer -   ***** Running evaluation on test2 dataset *****
04/18/2026 01:03:53 - INFO - utils.trainer -   AUC: 0.53088
04/18/2026 01:03:53 - INFO - utils.trainer -   Accuracy: 0.28846
04/18/2026 01:03:53 - INFO - utils.trainer -   Precision: 0.27928
04/18/2026 01:03:53 - INFO - utils.trainer -   Recall: 0.25873
04/18/2026 01:03:53 - INFO - utils.trainer -   F_score: 0.14596
04/18/2026 01:03:53 - INFO - utils.trainer -   Loss: 49487340.05101
04/18/2026 01:03:53 - INFO - utils.trainer -   Epoch: 84, Train loss: 2.70574, Test loss: 49487340.05101,Epoch time = 17.234s
04/18/2026 01:04:10 - INFO - utils.trainer -   ***** Running evaluation on test2 dataset *****
04/18/2026 01:04:13 - INFO - utils.trainer -   AUC: 0.48586
04/18/2026 01:04:13 - INFO - utils.trainer -   Accuracy: 0.27564
04/18/2026 01:04:13 - INFO - utils.trainer -   Precision: 0.15625
04/18/2026 01:04:13 - INFO - utils.trainer -   Recall: 0.24539
04/18/2026 01:04:13 - INFO - utils.trainer -   F_score: 0.12420
04/18/2026 01:04:13 - INFO - utils.trainer -   Loss: 57549679.25895
04/18/2026 01:04:13 - INFO - utils.trainer -   Epoch: 85, Train loss: 2.70554, Test loss: 57549679.25895,Epoch time = 17.100s
04/18/2026 01:04:31 - INFO - utils.trainer -   ***** Running evaluation on test2 dataset *****
04/18/2026 01:04:34 - INFO - utils.trainer -   AUC: 0.51316
04/18/2026 01:04:34 - INFO - utils.trainer -   Accuracy: 0.21795
04/18/2026 01:04:34 - INFO - utils.trainer -   Precision: 0.12928
04/18/2026 01:04:34 - INFO - utils.trainer -   Recall: 0.19856
04/18/2026 01:04:34 - INFO - utils.trainer -   F_score: 0.13381
04/18/2026 01:04:34 - INFO - utils.trainer -   Loss: 61783023.25702
04/18/2026 01:04:34 - INFO - utils.trainer -   Epoch: 86, Train loss: 2.68235, Test loss: 61783023.25702,Epoch time = 17.841s
04/18/2026 01:04:51 - INFO - utils.trainer -   ***** Running evaluation on test2 dataset *****
04/18/2026 01:04:54 - INFO - utils.trainer -   AUC: 0.52623
04/18/2026 01:04:54 - INFO - utils.trainer -   Accuracy: 0.24359
04/18/2026 01:04:54 - INFO - utils.trainer -   Precision: 0.19538
04/18/2026 01:04:54 - INFO - utils.trainer -   Recall: 0.22111
04/18/2026 01:04:54 - INFO - utils.trainer -   F_score: 0.14860
04/18/2026 01:04:54 - INFO - utils.trainer -   Loss: 60910063.29522
04/18/2026 01:04:54 - INFO - utils.trainer -   Epoch: 87, Train loss: 2.68966, Test loss: 60910063.29522,Epoch time = 17.438s
04/18/2026 01:05:12 - INFO - utils.trainer -   ***** Running evaluation on test2 dataset *****
04/18/2026 01:05:15 - INFO - utils.trainer -   AUC: 0.46565
04/18/2026 01:05:15 - INFO - utils.trainer -   Accuracy: 0.29487
04/18/2026 01:05:15 - INFO - utils.trainer -   Precision: 0.23671
04/18/2026 01:05:15 - INFO - utils.trainer -   Recall: 0.26549
04/18/2026 01:05:15 - INFO - utils.trainer -   F_score: 0.16259
04/18/2026 01:05:15 - INFO - utils.trainer -   Loss: 60563349.67090
04/18/2026 01:05:15 - INFO - utils.trainer -   Epoch: 88, Train loss: 2.71003, Test loss: 60563349.67090,Epoch time = 17.851s
04/18/2026 01:05:32 - INFO - utils.trainer -   ***** Running evaluation on test2 dataset *****
04/18/2026 01:05:35 - INFO - utils.trainer -   AUC: 0.50347
04/18/2026 01:05:35 - INFO - utils.trainer -   Accuracy: 0.26923
04/18/2026 01:05:35 - INFO - utils.trainer -   Precision: 0.38895
04/18/2026 01:05:35 - INFO - utils.trainer -   Recall: 0.24401
04/18/2026 01:05:35 - INFO - utils.trainer -   F_score: 0.15458
04/18/2026 01:05:35 - INFO - utils.trainer -   Loss: 71002242.45688
04/18/2026 01:05:35 - INFO - utils.trainer -   Epoch: 89, Train loss: 2.69566, Test loss: 71002242.45688,Epoch time = 17.350s
04/18/2026 01:05:53 - INFO - utils.trainer -   ***** Running evaluation on test2 dataset *****
04/18/2026 01:05:56 - INFO - utils.trainer -   AUC: 0.53029
04/18/2026 01:05:56 - INFO - utils.trainer -   Accuracy: 0.26923
04/18/2026 01:05:56 - INFO - utils.trainer -   Precision: 0.17669
04/18/2026 01:05:56 - INFO - utils.trainer -   Recall: 0.24383
04/18/2026 01:05:56 - INFO - utils.trainer -   F_score: 0.15485
04/18/2026 01:05:56 - INFO - utils.trainer -   Loss: 71414165.65437
04/18/2026 01:05:56 - INFO - utils.trainer -   Epoch: 90, Train loss: 2.69374, Test loss: 71414165.65437,Epoch time = 17.527s
04/18/2026 01:06:13 - INFO - utils.trainer -   ***** Running evaluation on test2 dataset *****
04/18/2026 01:06:16 - INFO - utils.trainer -   AUC: 0.52276
04/18/2026 01:06:16 - INFO - utils.trainer -   Accuracy: 0.28205
04/18/2026 01:06:16 - INFO - utils.trainer -   Precision: 0.25750
04/18/2026 01:06:16 - INFO - utils.trainer -   Recall: 0.25197
04/18/2026 01:06:16 - INFO - utils.trainer -   F_score: 0.13297
04/18/2026 01:06:16 - INFO - utils.trainer -   Loss: 85182191.24503
04/18/2026 01:06:16 - INFO - utils.trainer -   Epoch: 91, Train loss: 2.70377, Test loss: 85182191.24503,Epoch time = 17.035s
04/18/2026 01:06:33 - INFO - utils.trainer -   ***** Running evaluation on test2 dataset *****
04/18/2026 01:06:35 - INFO - utils.trainer -   AUC: 0.51413
04/18/2026 01:06:35 - INFO - utils.trainer -   Accuracy: 0.27564
04/18/2026 01:06:35 - INFO - utils.trainer -   Precision: 0.10317
04/18/2026 01:06:35 - INFO - utils.trainer -   Recall: 0.24539
04/18/2026 01:06:35 - INFO - utils.trainer -   F_score: 0.12164
04/18/2026 01:06:35 - INFO - utils.trainer -   Loss: 82561186.44457
04/18/2026 01:06:35 - INFO - utils.trainer -   Epoch: 92, Train loss: 2.69950, Test loss: 82561186.44457,Epoch time = 17.057s
04/18/2026 01:06:53 - INFO - utils.trainer -   ***** Running evaluation on test2 dataset *****
04/18/2026 01:06:55 - INFO - utils.trainer -   AUC: 0.50188
04/18/2026 01:06:55 - INFO - utils.trainer -   Accuracy: 0.27564
04/18/2026 01:06:55 - INFO - utils.trainer -   Precision: 0.22703
04/18/2026 01:06:55 - INFO - utils.trainer -   Recall: 0.26206
04/18/2026 01:06:55 - INFO - utils.trainer -   F_score: 0.20457
04/18/2026 01:06:55 - INFO - utils.trainer -   Loss: 90367535.26260
04/18/2026 01:06:55 - INFO - utils.trainer -   Epoch: 93, Train loss: 2.71407, Test loss: 90367535.26260,Epoch time = 17.072s
04/18/2026 01:07:12 - INFO - utils.trainer -   ***** Running evaluation on test2 dataset *****
04/18/2026 01:07:15 - INFO - utils.trainer -   AUC: 0.57132
04/18/2026 01:07:15 - INFO - utils.trainer -   Accuracy: 0.33974
04/18/2026 01:07:15 - INFO - utils.trainer -   Precision: 0.23877
04/18/2026 01:07:15 - INFO - utils.trainer -   Recall: 0.32156
04/18/2026 01:07:15 - INFO - utils.trainer -   F_score: 0.23372
04/18/2026 01:07:15 - INFO - utils.trainer -   Loss: 109344488.83740
04/18/2026 01:07:15 - INFO - utils.trainer -   Epoch: 94, Train loss: 2.69119, Test loss: 109344488.83740,Epoch time = 16.605s
04/18/2026 01:07:32 - INFO - utils.trainer -   ***** Running evaluation on test2 dataset *****
04/18/2026 01:07:35 - INFO - utils.trainer -   AUC: 0.51336
04/18/2026 01:07:35 - INFO - utils.trainer -   Accuracy: 0.30128
04/18/2026 01:07:35 - INFO - utils.trainer -   Precision: 0.16477
04/18/2026 01:07:35 - INFO - utils.trainer -   Recall: 0.27564
04/18/2026 01:07:35 - INFO - utils.trainer -   F_score: 0.17859
04/18/2026 01:07:35 - INFO - utils.trainer -   Loss: 98298824.84434
04/18/2026 01:07:35 - INFO - utils.trainer -   Epoch: 95, Train loss: 2.72290, Test loss: 98298824.84434,Epoch time = 16.959s
04/18/2026 01:07:51 - INFO - utils.trainer -   ***** Running evaluation on test2 dataset *****
04/18/2026 01:07:54 - INFO - utils.trainer -   AUC: 0.49278
04/18/2026 01:07:54 - INFO - utils.trainer -   Accuracy: 0.25000
04/18/2026 01:07:54 - INFO - utils.trainer -   Precision: 0.12500
04/18/2026 01:07:54 - INFO - utils.trainer -   Recall: 0.23449
04/18/2026 01:07:54 - INFO - utils.trainer -   F_score: 0.16065
04/18/2026 01:07:54 - INFO - utils.trainer -   Loss: 135933455.25901
04/18/2026 01:07:54 - INFO - utils.trainer -   Epoch: 96, Train loss: 2.70288, Test loss: 135933455.25901,Epoch time = 16.721s
04/18/2026 01:08:11 - INFO - utils.trainer -   ***** Running evaluation on test2 dataset *****
04/18/2026 01:08:14 - INFO - utils.trainer -   AUC: 0.54335
04/18/2026 01:08:14 - INFO - utils.trainer -   Accuracy: 0.29487
04/18/2026 01:08:14 - INFO - utils.trainer -   Precision: 0.18254
04/18/2026 01:08:14 - INFO - utils.trainer -   Recall: 0.26566
04/18/2026 01:08:14 - INFO - utils.trainer -   F_score: 0.15343
04/18/2026 01:08:14 - INFO - utils.trainer -   Loss: 168915893.65002
04/18/2026 01:08:14 - INFO - utils.trainer -   Epoch: 97, Train loss: 2.69467, Test loss: 168915893.65002,Epoch time = 16.621s
04/18/2026 01:08:30 - INFO - utils.trainer -   ***** Running evaluation on test2 dataset *****
04/18/2026 01:08:33 - INFO - utils.trainer -   AUC: 0.50019
04/18/2026 01:08:33 - INFO - utils.trainer -   Accuracy: 0.25000
04/18/2026 01:08:33 - INFO - utils.trainer -   Precision: 0.15393
04/18/2026 01:08:33 - INFO - utils.trainer -   Recall: 0.22482
04/18/2026 01:08:33 - INFO - utils.trainer -   F_score: 0.13421
04/18/2026 01:08:33 - INFO - utils.trainer -   Loss: 191351477.64878
04/18/2026 01:08:33 - INFO - utils.trainer -   Epoch: 98, Train loss: 2.70944, Test loss: 191351477.64878,Epoch time = 16.371s
04/18/2026 01:08:49 - INFO - utils.trainer -   ***** Running evaluation on test2 dataset *****
04/18/2026 01:08:52 - INFO - utils.trainer -   AUC: 0.54041
04/18/2026 01:08:52 - INFO - utils.trainer -   Accuracy: 0.32051
04/18/2026 01:08:52 - INFO - utils.trainer -   Precision: 0.36656
04/18/2026 01:08:52 - INFO - utils.trainer -   Recall: 0.30219
04/18/2026 01:08:52 - INFO - utils.trainer -   F_score: 0.22548
04/18/2026 01:08:52 - INFO - utils.trainer -   Loss: 203488130.43343
04/18/2026 01:08:52 - INFO - utils.trainer -   Epoch: 99, Train loss: 2.72060, Test loss: 203488130.43343,Epoch time = 16.617s
04/18/2026 01:09:09 - INFO - utils.trainer -   ***** Running evaluation on test2 dataset *****
04/18/2026 01:09:11 - INFO - utils.trainer -   AUC: 0.50481
04/18/2026 01:09:11 - INFO - utils.trainer -   Accuracy: 0.32051
04/18/2026 01:09:11 - INFO - utils.trainer -   Precision: 0.37956
04/18/2026 01:09:11 - INFO - utils.trainer -   Recall: 0.31706
04/18/2026 01:09:11 - INFO - utils.trainer -   F_score: 0.24187
04/18/2026 01:09:11 - INFO - utils.trainer -   Loss: 511379919.28193
04/18/2026 01:09:11 - INFO - utils.trainer -   Epoch: 100, Train loss: 2.94708, Test loss: 511379919.28193,Epoch time = 16.612s
04/18/2026 01:09:28 - INFO - utils.trainer -   ***** Running evaluation on test2 dataset *****
04/18/2026 01:09:31 - INFO - utils.trainer -   AUC: 0.53169
04/18/2026 01:09:31 - INFO - utils.trainer -   Accuracy: 0.29487
04/18/2026 01:09:31 - INFO - utils.trainer -   Precision: 0.32143
04/18/2026 01:09:31 - INFO - utils.trainer -   Recall: 0.26351
04/18/2026 01:09:31 - INFO - utils.trainer -   F_score: 0.13675
04/18/2026 01:09:31 - INFO - utils.trainer -   Loss: 385431989.64578
04/18/2026 01:09:31 - INFO - utils.trainer -   Epoch: 101, Train loss: -0.33527, Test loss: 385431989.64578,Epoch time = 16.850s
04/18/2026 01:09:48 - INFO - utils.trainer -   ***** Running evaluation on test2 dataset *****
04/18/2026 01:09:51 - INFO - utils.trainer -   AUC: 0.56637
04/18/2026 01:09:51 - INFO - utils.trainer -   Accuracy: 0.31410
04/18/2026 01:09:51 - INFO - utils.trainer -   Precision: 0.22487
04/18/2026 01:09:51 - INFO - utils.trainer -   Recall: 0.28683
04/18/2026 01:09:51 - INFO - utils.trainer -   F_score: 0.19174
04/18/2026 01:09:51 - INFO - utils.trainer -   Loss: 224497845.63817
04/18/2026 01:09:51 - INFO - utils.trainer -   Epoch: 102, Train loss: 2.77665, Test loss: 224497845.63817,Epoch time = 16.764s
04/18/2026 01:10:07 - INFO - utils.trainer -   ***** Running evaluation on test2 dataset *****
04/18/2026 01:10:10 - INFO - utils.trainer -   AUC: 0.51152
04/18/2026 01:10:10 - INFO - utils.trainer -   Accuracy: 0.21154
04/18/2026 01:10:10 - INFO - utils.trainer -   Precision: 0.17344
04/18/2026 01:10:10 - INFO - utils.trainer -   Recall: 0.21079
04/18/2026 01:10:10 - INFO - utils.trainer -   F_score: 0.16451
04/18/2026 01:10:10 - INFO - utils.trainer -   Loss: 594101711.27615
04/18/2026 01:10:10 - INFO - utils.trainer -   Epoch: 103, Train loss: 2.71778, Test loss: 594101711.27615,Epoch time = 16.490s
04/18/2026 01:10:27 - INFO - utils.trainer -   ***** Running evaluation on test2 dataset *****
04/18/2026 01:10:30 - INFO - utils.trainer -   AUC: 0.50329
04/18/2026 01:10:30 - INFO - utils.trainer -   Accuracy: 0.26282
04/18/2026 01:10:30 - INFO - utils.trainer -   Precision: 0.21772
04/18/2026 01:10:30 - INFO - utils.trainer -   Recall: 0.24353
04/18/2026 01:10:30 - INFO - utils.trainer -   F_score: 0.18555
04/18/2026 01:10:30 - INFO - utils.trainer -   Loss: 537884316.05725
04/18/2026 01:10:30 - INFO - utils.trainer -   Epoch: 104, Train loss: 2.45149, Test loss: 537884316.05725,Epoch time = 16.595s
04/18/2026 01:10:46 - INFO - utils.trainer -   ***** Running evaluation on test2 dataset *****
04/18/2026 01:10:49 - INFO - utils.trainer -   AUC: 0.50690
04/18/2026 01:10:49 - INFO - utils.trainer -   Accuracy: 0.30128
04/18/2026 01:10:49 - INFO - utils.trainer -   Precision: 0.25631
04/18/2026 01:10:49 - INFO - utils.trainer -   Recall: 0.27457
04/18/2026 01:10:49 - INFO - utils.trainer -   F_score: 0.18839
04/18/2026 01:10:49 - INFO - utils.trainer -   Loss: -509907965.55825
04/18/2026 01:10:49 - INFO - utils.trainer -   Epoch: 105, Train loss: 1.92381, Test loss: -509907965.55825,Epoch time = 16.703s
04/18/2026 01:11:06 - INFO - utils.trainer -   ***** Running evaluation on test2 dataset *****
04/18/2026 01:11:09 - INFO - utils.trainer -   AUC: 0.53447
04/18/2026 01:11:09 - INFO - utils.trainer -   Accuracy: 0.32692
04/18/2026 01:11:09 - INFO - utils.trainer -   Precision: 0.49148
04/18/2026 01:11:09 - INFO - utils.trainer -   Recall: 0.30017
04/18/2026 01:11:09 - INFO - utils.trainer -   F_score: 0.22326
04/18/2026 01:11:09 - INFO - utils.trainer -   Loss: 559176296.83968
04/18/2026 01:11:09 - INFO - utils.trainer -   Epoch: 106, Train loss: 2.56144, Test loss: 559176296.83968,Epoch time = 16.813s
04/18/2026 01:11:26 - INFO - utils.trainer -   ***** Running evaluation on test2 dataset *****
04/18/2026 01:11:28 - INFO - utils.trainer -   AUC: 0.48924
04/18/2026 01:11:28 - INFO - utils.trainer -   Accuracy: 0.25000
04/18/2026 01:11:28 - INFO - utils.trainer -   Precision: 0.18129
04/18/2026 01:11:28 - INFO - utils.trainer -   Recall: 0.24094
04/18/2026 01:11:28 - INFO - utils.trainer -   F_score: 0.20353
04/18/2026 01:11:28 - INFO - utils.trainer -   Loss: -961944778.32917
04/18/2026 01:11:29 - INFO - utils.trainer -   Epoch: 107, Train loss: 2.43480, Test loss: -961944778.32917,Epoch time = 16.825s
04/18/2026 01:11:45 - INFO - utils.trainer -   ***** Running evaluation on test2 dataset *****
04/18/2026 01:11:48 - INFO - utils.trainer -   AUC: 0.52241
04/18/2026 01:11:48 - INFO - utils.trainer -   Accuracy: 0.28205
04/18/2026 01:11:48 - INFO - utils.trainer -   Precision: 0.16084
04/18/2026 01:11:48 - INFO - utils.trainer -   Recall: 0.25430
04/18/2026 01:11:48 - INFO - utils.trainer -   F_score: 0.14862
04/18/2026 01:11:48 - INFO - utils.trainer -   Loss: -335422000.68252
04/18/2026 01:11:48 - INFO - utils.trainer -   Epoch: 108, Train loss: 2.94687, Test loss: -335422000.68252,Epoch time = 16.958s
04/18/2026 01:12:05 - INFO - utils.trainer -   ***** Running evaluation on test2 dataset *****
04/18/2026 01:12:08 - INFO - utils.trainer -   AUC: 0.53278
04/18/2026 01:12:08 - INFO - utils.trainer -   Accuracy: 0.28205
04/18/2026 01:12:08 - INFO - utils.trainer -   Precision: 0.30253
04/18/2026 01:12:08 - INFO - utils.trainer -   Recall: 0.26810
04/18/2026 01:12:08 - INFO - utils.trainer -   F_score: 0.21081
04/18/2026 01:12:08 - INFO - utils.trainer -   Loss: 1556827752.85503
04/18/2026 01:12:08 - INFO - utils.trainer -   Epoch: 109, Train loss: 3.53607, Test loss: 1556827752.85503,Epoch time = 16.604s
04/18/2026 01:12:24 - INFO - utils.trainer -   ***** Running evaluation on test2 dataset *****
04/18/2026 01:12:27 - INFO - utils.trainer -   AUC: 0.44219
04/18/2026 01:12:27 - INFO - utils.trainer -   Accuracy: 0.25641
04/18/2026 01:12:27 - INFO - utils.trainer -   Precision: 0.06849
04/18/2026 01:12:27 - INFO - utils.trainer -   Recall: 0.22727
04/18/2026 01:12:27 - INFO - utils.trainer -   F_score: 0.10526
04/18/2026 01:12:27 - INFO - utils.trainer -   Loss: 206821188.10271
04/18/2026 01:12:27 - INFO - utils.trainer -   Epoch: 110, Train loss: 1.10346, Test loss: 206821188.10271,Epoch time = 16.586s
04/18/2026 01:12:44 - INFO - utils.trainer -   ***** Running evaluation on test2 dataset *****
04/18/2026 01:12:47 - INFO - utils.trainer -   AUC: 0.52232
04/18/2026 01:12:47 - INFO - utils.trainer -   Accuracy: 0.28205
04/18/2026 01:12:47 - INFO - utils.trainer -   Precision: 0.07051
04/18/2026 01:12:47 - INFO - utils.trainer -   Recall: 0.25000
04/18/2026 01:12:47 - INFO - utils.trainer -   F_score: 0.11000
04/18/2026 01:12:47 - INFO - utils.trainer -   Loss: 342184503.76835
04/18/2026 01:12:47 - INFO - utils.trainer -   Epoch: 111, Train loss: 1.80267, Test loss: 342184503.76835,Epoch time = 16.757s
04/18/2026 01:13:03 - INFO - utils.trainer -   ***** Running evaluation on test2 dataset *****
04/18/2026 01:13:06 - INFO - utils.trainer -   AUC: 0.51693
04/18/2026 01:13:06 - INFO - utils.trainer -   Accuracy: 0.30128
04/18/2026 01:13:06 - INFO - utils.trainer -   Precision: 0.15903
04/18/2026 01:13:06 - INFO - utils.trainer -   Recall: 0.27779
04/18/2026 01:13:06 - INFO - utils.trainer -   F_score: 0.18773
04/18/2026 01:13:06 - INFO - utils.trainer -   Loss: 236724917.65358
04/18/2026 01:13:06 - INFO - utils.trainer -   Epoch: 112, Train loss: 2.82244, Test loss: 236724917.65358,Epoch time = 16.594s
04/18/2026 01:13:23 - INFO - utils.trainer -   ***** Running evaluation on test2 dataset *****
04/18/2026 01:13:26 - INFO - utils.trainer -   AUC: 0.51134
04/18/2026 01:13:26 - INFO - utils.trainer -   Accuracy: 0.25641
04/18/2026 01:13:26 - INFO - utils.trainer -   Precision: 0.13331
04/18/2026 01:13:26 - INFO - utils.trainer -   Recall: 0.23265
04/18/2026 01:13:26 - INFO - utils.trainer -   F_score: 0.14214
04/18/2026 01:13:26 - INFO - utils.trainer -   Loss: -225650173.53640
04/18/2026 01:13:26 - INFO - utils.trainer -   Epoch: 113, Train loss: 1.78203, Test loss: -225650173.53640,Epoch time = 16.901s
04/18/2026 01:13:43 - INFO - utils.trainer -   ***** Running evaluation on test2 dataset *****
04/18/2026 01:13:46 - INFO - utils.trainer -   AUC: 0.53768
04/18/2026 01:13:46 - INFO - utils.trainer -   Accuracy: 0.30128
04/18/2026 01:13:46 - INFO - utils.trainer -   Precision: 0.16803
04/18/2026 01:13:46 - INFO - utils.trainer -   Recall: 0.27350
04/18/2026 01:13:46 - INFO - utils.trainer -   F_score: 0.16924
04/18/2026 01:13:46 - INFO - utils.trainer -   Loss: -279907863.15777
04/18/2026 01:13:46 - INFO - utils.trainer -   Epoch: 114, Train loss: 2.76314, Test loss: -279907863.15777,Epoch time = 16.909s
04/18/2026 01:14:03 - INFO - utils.trainer -   ***** Running evaluation on test2 dataset *****
04/18/2026 01:14:06 - INFO - utils.trainer -   AUC: 0.53089
04/18/2026 01:14:06 - INFO - utils.trainer -   Accuracy: 0.28205
04/18/2026 01:14:06 - INFO - utils.trainer -   Precision: 0.22365
04/18/2026 01:14:06 - INFO - utils.trainer -   Recall: 0.25842
04/18/2026 01:14:06 - INFO - utils.trainer -   F_score: 0.17330
04/18/2026 01:14:06 - INFO - utils.trainer -   Loss: -431953303.15598
04/18/2026 01:14:06 - INFO - utils.trainer -   Epoch: 115, Train loss: 2.74007, Test loss: -431953303.15598,Epoch time = 16.856s
04/18/2026 01:14:23 - INFO - utils.trainer -   ***** Running evaluation on test2 dataset *****
04/18/2026 01:14:25 - INFO - utils.trainer -   AUC: 0.54289
04/18/2026 01:14:25 - INFO - utils.trainer -   Accuracy: 0.26923
04/18/2026 01:14:25 - INFO - utils.trainer -   Precision: 0.19847
04/18/2026 01:14:25 - INFO - utils.trainer -   Recall: 0.25261
04/18/2026 01:14:25 - INFO - utils.trainer -   F_score: 0.18480
04/18/2026 01:14:25 - INFO - utils.trainer -   Loss: 302317852.04578
04/18/2026 01:14:25 - INFO - utils.trainer -   Epoch: 116, Train loss: 1.31232, Test loss: 302317852.04578,Epoch time = 16.930s
04/18/2026 01:14:42 - INFO - utils.trainer -   ***** Running evaluation on test2 dataset *****
04/18/2026 01:14:45 - INFO - utils.trainer -   AUC: 0.58366
04/18/2026 01:14:45 - INFO - utils.trainer -   Accuracy: 0.27564
04/18/2026 01:14:45 - INFO - utils.trainer -   Precision: 0.38466
04/18/2026 01:14:45 - INFO - utils.trainer -   Recall: 0.26152
04/18/2026 01:14:45 - INFO - utils.trainer -   F_score: 0.18892
04/18/2026 01:14:45 - INFO - utils.trainer -   Loss: 376244764.02382
04/18/2026 01:14:45 - INFO - utils.trainer -   Epoch: 117, Train loss: 3.13934, Test loss: 376244764.02382,Epoch time = 16.736s
04/18/2026 01:15:03 - INFO - utils.trainer -   ***** Running evaluation on test2 dataset *****
04/18/2026 01:15:05 - INFO - utils.trainer -   AUC: 0.54172
04/18/2026 01:15:05 - INFO - utils.trainer -   Accuracy: 0.23718
04/18/2026 01:15:05 - INFO - utils.trainer -   Precision: 0.11868
04/18/2026 01:15:05 - INFO - utils.trainer -   Recall: 0.22313
04/18/2026 01:15:05 - INFO - utils.trainer -   F_score: 0.15445
04/18/2026 01:15:05 - INFO - utils.trainer -   Loss: 236514101.62276
04/18/2026 01:15:05 - INFO - utils.trainer -   Epoch: 118, Train loss: 0.35610, Test loss: 236514101.62276,Epoch time = 17.383s
04/18/2026 01:15:22 - INFO - utils.trainer -   ***** Running evaluation on test2 dataset *****
04/18/2026 01:15:25 - INFO - utils.trainer -   AUC: 0.55156
04/18/2026 01:15:25 - INFO - utils.trainer -   Accuracy: 0.30769
04/18/2026 01:15:25 - INFO - utils.trainer -   Precision: 0.27716
04/18/2026 01:15:25 - INFO - utils.trainer -   Recall: 0.28760
04/18/2026 01:15:25 - INFO - utils.trainer -   F_score: 0.20343
04/18/2026 01:15:25 - INFO - utils.trainer -   Loss: 208768104.84823
04/18/2026 01:15:25 - INFO - utils.trainer -   Epoch: 119, Train loss: 2.66357, Test loss: 208768104.84823,Epoch time = 16.982s
04/18/2026 01:15:42 - INFO - utils.trainer -   ***** Running evaluation on test2 dataset *****
04/18/2026 01:15:45 - INFO - utils.trainer -   AUC: 0.52924
04/18/2026 01:15:45 - INFO - utils.trainer -   Accuracy: 0.27564
04/18/2026 01:15:45 - INFO - utils.trainer -   Precision: 0.14673
04/18/2026 01:15:45 - INFO - utils.trainer -   Recall: 0.26904
04/18/2026 01:15:45 - INFO - utils.trainer -   F_score: 0.18516
04/18/2026 01:15:45 - INFO - utils.trainer -   Loss: 237944296.89815
04/18/2026 01:15:45 - INFO - utils.trainer -   Epoch: 120, Train loss: 2.67299, Test loss: 237944296.89815,Epoch time = 16.944s
04/18/2026 01:16:02 - INFO - utils.trainer -   ***** Running evaluation on test2 dataset *****
04/18/2026 01:16:05 - INFO - utils.trainer -   AUC: 0.56107
04/18/2026 01:16:05 - INFO - utils.trainer -   Accuracy: 0.31410
04/18/2026 01:16:05 - INFO - utils.trainer -   Precision: 0.42240
04/18/2026 01:16:05 - INFO - utils.trainer -   Recall: 0.29436
04/18/2026 01:16:05 - INFO - utils.trainer -   F_score: 0.22318
04/18/2026 01:16:05 - INFO - utils.trainer -   Loss: 442170626.42360
04/18/2026 01:16:05 - INFO - utils.trainer -   Epoch: 121, Train loss: 2.72338, Test loss: 442170626.42360,Epoch time = 17.070s
04/18/2026 01:16:22 - INFO - utils.trainer -   ***** Running evaluation on test2 dataset *****
04/18/2026 01:16:25 - INFO - utils.trainer -   AUC: 0.54238
04/18/2026 01:16:25 - INFO - utils.trainer -   Accuracy: 0.28846
04/18/2026 01:16:25 - INFO - utils.trainer -   Precision: 0.34404
04/18/2026 01:16:25 - INFO - utils.trainer -   Recall: 0.27020
04/18/2026 01:16:25 - INFO - utils.trainer -   F_score: 0.21422
04/18/2026 01:16:25 - INFO - utils.trainer -   Loss: 221221429.64985
04/18/2026 01:16:25 - INFO - utils.trainer -   Epoch: 122, Train loss: 0.62860, Test loss: 221221429.64985,Epoch time = 17.014s
04/18/2026 01:16:42 - INFO - utils.trainer -   ***** Running evaluation on test2 dataset *****
04/18/2026 01:16:45 - INFO - utils.trainer -   AUC: 0.57157
04/18/2026 01:16:45 - INFO - utils.trainer -   Accuracy: 0.33333
04/18/2026 01:16:45 - INFO - utils.trainer -   Precision: 0.35023
04/18/2026 01:16:45 - INFO - utils.trainer -   Recall: 0.32269
04/18/2026 01:16:45 - INFO - utils.trainer -   F_score: 0.26401
04/18/2026 01:16:45 - INFO - utils.trainer -   Loss: 299138767.23855
04/18/2026 01:16:45 - INFO - utils.trainer -   Epoch: 123, Train loss: 2.70280, Test loss: 299138767.23855,Epoch time = 17.008s
04/18/2026 01:17:02 - INFO - utils.trainer -   ***** Running evaluation on test2 dataset *****
04/18/2026 01:17:05 - INFO - utils.trainer -   AUC: 0.57580
04/18/2026 01:17:05 - INFO - utils.trainer -   Accuracy: 0.32692
04/18/2026 01:17:05 - INFO - utils.trainer -   Precision: 0.21203
04/18/2026 01:17:05 - INFO - utils.trainer -   Recall: 0.31342
04/18/2026 01:17:05 - INFO - utils.trainer -   F_score: 0.23031
04/18/2026 01:17:05 - INFO - utils.trainer -   Loss: 329475458.43006
04/18/2026 01:17:05 - INFO - utils.trainer -   Epoch: 124, Train loss: 2.74671, Test loss: 329475458.43006,Epoch time = 17.164s
04/18/2026 01:17:22 - INFO - utils.trainer -   ***** Running evaluation on test2 dataset *****
04/18/2026 01:17:25 - INFO - utils.trainer -   AUC: 0.52403
04/18/2026 01:17:25 - INFO - utils.trainer -   Accuracy: 0.28205
04/18/2026 01:17:25 - INFO - utils.trainer -   Precision: 0.07190
04/18/2026 01:17:25 - INFO - utils.trainer -   Recall: 0.25000
04/18/2026 01:17:25 - INFO - utils.trainer -   F_score: 0.11168
04/18/2026 01:17:25 - INFO - utils.trainer -   Loss: 1598989724.06218
04/18/2026 01:17:25 - INFO - utils.trainer -   Epoch: 125, Train loss: 2.16701, Test loss: 1598989724.06218,Epoch time = 17.277s
04/18/2026 01:17:42 - INFO - utils.trainer -   ***** Running evaluation on test2 dataset *****
04/18/2026 01:17:45 - INFO - utils.trainer -   AUC: 0.54246
04/18/2026 01:17:45 - INFO - utils.trainer -   Accuracy: 0.29487
04/18/2026 01:17:45 - INFO - utils.trainer -   Precision: 0.20503
04/18/2026 01:17:45 - INFO - utils.trainer -   Recall: 0.26441
04/18/2026 01:17:45 - INFO - utils.trainer -   F_score: 0.14924
04/18/2026 01:17:45 - INFO - utils.trainer -   Loss: -1577169610.37821
04/18/2026 01:17:45 - INFO - utils.trainer -   Epoch: 126, Train loss: 1.67077, Test loss: -1577169610.37821,Epoch time = 17.065s
04/18/2026 01:18:02 - INFO - utils.trainer -   ***** Running evaluation on test2 dataset *****
04/18/2026 01:18:05 - INFO - utils.trainer -   AUC: 0.54271
04/18/2026 01:18:05 - INFO - utils.trainer -   Accuracy: 0.28846
04/18/2026 01:18:05 - INFO - utils.trainer -   Precision: 0.15179
04/18/2026 01:18:05 - INFO - utils.trainer -   Recall: 0.26536
04/18/2026 01:18:05 - INFO - utils.trainer -   F_score: 0.17511
04/18/2026 01:18:05 - INFO - utils.trainer -   Loss: -1082825213.50318
04/18/2026 01:18:05 - INFO - utils.trainer -   Epoch: 127, Train loss: 1.91398, Test loss: -1082825213.50318,Epoch time = 16.953s
04/18/2026 01:18:22 - INFO - utils.trainer -   ***** Running evaluation on test2 dataset *****
04/18/2026 01:18:25 - INFO - utils.trainer -   AUC: 0.52305
04/18/2026 01:18:25 - INFO - utils.trainer -   Accuracy: 0.31410
04/18/2026 01:18:25 - INFO - utils.trainer -   Precision: 0.24201
04/18/2026 01:18:25 - INFO - utils.trainer -   Recall: 0.29920
04/18/2026 01:18:25 - INFO - utils.trainer -   F_score: 0.24064
04/18/2026 01:18:25 - INFO - utils.trainer -   Loss: 1283645749.64697
04/18/2026 01:18:25 - INFO - utils.trainer -   Epoch: 128, Train loss: 2.57565, Test loss: 1283645749.64697,Epoch time = 17.088s
04/18/2026 01:18:42 - INFO - utils.trainer -   ***** Running evaluation on test2 dataset *****
04/18/2026 01:18:45 - INFO - utils.trainer -   AUC: 0.58706
04/18/2026 01:18:45 - INFO - utils.trainer -   Accuracy: 0.32692
04/18/2026 01:18:45 - INFO - utils.trainer -   Precision: 0.27173
04/18/2026 01:18:45 - INFO - utils.trainer -   Recall: 0.32203
04/18/2026 01:18:45 - INFO - utils.trainer -   F_score: 0.26186
04/18/2026 01:18:45 - INFO - utils.trainer -   Loss: -424492336.76056
04/18/2026 01:18:45 - INFO - utils.trainer -   Epoch: 129, Train loss: 0.64056, Test loss: -424492336.76056,Epoch time = 17.088s
04/18/2026 01:19:03 - INFO - utils.trainer -   ***** Running evaluation on test2 dataset *****
04/18/2026 01:19:06 - INFO - utils.trainer -   AUC: 0.59300
04/18/2026 01:19:06 - INFO - utils.trainer -   Accuracy: 0.32051
04/18/2026 01:19:06 - INFO - utils.trainer -   Precision: 0.28707
04/18/2026 01:19:06 - INFO - utils.trainer -   Recall: 0.29448
04/18/2026 01:19:06 - INFO - utils.trainer -   F_score: 0.20634
04/18/2026 01:19:06 - INFO - utils.trainer -   Loss: -166657226.38379
04/18/2026 01:19:06 - INFO - utils.trainer -   Epoch: 130, Train loss: 2.74033, Test loss: -166657226.38379,Epoch time = 17.219s
04/18/2026 01:19:23 - INFO - utils.trainer -   ***** Running evaluation on test2 dataset *****
04/18/2026 01:19:26 - INFO - utils.trainer -   AUC: 0.55540
04/18/2026 01:19:26 - INFO - utils.trainer -   Accuracy: 0.35897
04/18/2026 01:19:26 - INFO - utils.trainer -   Precision: 0.30516
04/18/2026 01:19:26 - INFO - utils.trainer -   Recall: 0.33915
04/18/2026 01:19:26 - INFO - utils.trainer -   F_score: 0.25855
04/18/2026 01:19:26 - INFO - utils.trainer -   Loss: -133892221.58115
04/18/2026 01:19:26 - INFO - utils.trainer -   Epoch: 131, Train loss: 2.72103, Test loss: -133892221.58115,Epoch time = 17.409s
04/18/2026 01:19:43 - INFO - utils.trainer -   ***** Running evaluation on test2 dataset *****
04/18/2026 01:19:46 - INFO - utils.trainer -   AUC: 0.54016
04/18/2026 01:19:46 - INFO - utils.trainer -   Accuracy: 0.28205
04/18/2026 01:19:46 - INFO - utils.trainer -   Precision: 0.17106
04/18/2026 01:19:46 - INFO - utils.trainer -   Recall: 0.27240
04/18/2026 01:19:46 - INFO - utils.trainer -   F_score: 0.20248
04/18/2026 01:19:46 - INFO - utils.trainer -   Loss: -189150563.97904
04/18/2026 01:19:46 - INFO - utils.trainer -   Epoch: 132, Train loss: 2.73054, Test loss: -189150563.97904,Epoch time = 17.417s
04/18/2026 01:20:03 - INFO - utils.trainer -   ***** Running evaluation on test2 dataset *****
04/18/2026 01:20:06 - INFO - utils.trainer -   AUC: 0.53594
04/18/2026 01:20:06 - INFO - utils.trainer -   Accuracy: 0.28205
04/18/2026 01:20:06 - INFO - utils.trainer -   Precision: 0.18777
04/18/2026 01:20:06 - INFO - utils.trainer -   Recall: 0.26667
04/18/2026 01:20:06 - INFO - utils.trainer -   F_score: 0.20725
04/18/2026 01:20:06 - INFO - utils.trainer -   Loss: -243440714.33960
04/18/2026 01:20:06 - INFO - utils.trainer -   Epoch: 133, Train loss: 2.68776, Test loss: -243440714.33960,Epoch time = 17.140s
04/18/2026 01:20:23 - INFO - utils.trainer -   ***** Running evaluation on test2 dataset *****
04/18/2026 01:20:26 - INFO - utils.trainer -   AUC: 0.49596
04/18/2026 01:20:26 - INFO - utils.trainer -   Accuracy: 0.25641
04/18/2026 01:20:26 - INFO - utils.trainer -   Precision: 0.19462
04/18/2026 01:20:26 - INFO - utils.trainer -   Recall: 0.23982
04/18/2026 01:20:26 - INFO - utils.trainer -   F_score: 0.17897
04/18/2026 01:20:26 - INFO - utils.trainer -   Loss: -290480765.52894
04/18/2026 01:20:26 - INFO - utils.trainer -   Epoch: 134, Train loss: 2.71315, Test loss: -290480765.52894,Epoch time = 17.101s
04/18/2026 01:20:44 - INFO - utils.trainer -   ***** Running evaluation on test2 dataset *****
04/18/2026 01:20:47 - INFO - utils.trainer -   AUC: 0.53372
04/18/2026 01:20:47 - INFO - utils.trainer -   Accuracy: 0.28205
04/18/2026 01:20:47 - INFO - utils.trainer -   Precision: 0.14498
04/18/2026 01:20:47 - INFO - utils.trainer -   Recall: 0.26720
04/18/2026 01:20:47 - INFO - utils.trainer -   F_score: 0.18768
04/18/2026 01:20:47 - INFO - utils.trainer -   Loss: -176960087.17778
04/18/2026 01:20:47 - INFO - utils.trainer -   Epoch: 135, Train loss: -3.67363, Test loss: -176960087.17778,Epoch time = 17.738s
04/18/2026 01:21:04 - INFO - utils.trainer -   ***** Running evaluation on test2 dataset *****
04/18/2026 01:21:07 - INFO - utils.trainer -   AUC: 0.58009
04/18/2026 01:21:07 - INFO - utils.trainer -   Accuracy: 0.32692
04/18/2026 01:21:07 - INFO - utils.trainer -   Precision: 0.31756
04/18/2026 01:21:07 - INFO - utils.trainer -   Recall: 0.30196
04/18/2026 01:21:07 - INFO - utils.trainer -   F_score: 0.22569
04/18/2026 01:21:07 - INFO - utils.trainer -   Loss: -108777661.58935
04/18/2026 01:21:07 - INFO - utils.trainer -   Epoch: 136, Train loss: 2.71359, Test loss: -108777661.58935,Epoch time = 17.339s
04/18/2026 01:21:24 - INFO - utils.trainer -   ***** Running evaluation on test2 dataset *****
04/18/2026 01:21:27 - INFO - utils.trainer -   AUC: 0.55257
04/18/2026 01:21:27 - INFO - utils.trainer -   Accuracy: 0.29487
04/18/2026 01:21:27 - INFO - utils.trainer -   Precision: 0.14911
04/18/2026 01:21:27 - INFO - utils.trainer -   Recall: 0.27641
04/18/2026 01:21:27 - INFO - utils.trainer -   F_score: 0.18974
04/18/2026 01:21:27 - INFO - utils.trainer -   Loss: -127565283.98806
04/18/2026 01:21:27 - INFO - utils.trainer -   Epoch: 137, Train loss: 2.73405, Test loss: -127565283.98806,Epoch time = 16.955s
04/18/2026 01:21:44 - INFO - utils.trainer -   ***** Running evaluation on test2 dataset *****
04/18/2026 01:21:47 - INFO - utils.trainer -   AUC: 0.53596
04/18/2026 01:21:47 - INFO - utils.trainer -   Accuracy: 0.28846
04/18/2026 01:21:47 - INFO - utils.trainer -   Precision: 0.13964
04/18/2026 01:21:47 - INFO - utils.trainer -   Recall: 0.26213
04/18/2026 01:21:47 - INFO - utils.trainer -   F_score: 0.16143
04/18/2026 01:21:47 - INFO - utils.trainer -   Loss: -177481456.76838
04/18/2026 01:21:47 - INFO - utils.trainer -   Epoch: 138, Train loss: 2.73034, Test loss: -177481456.76838,Epoch time = 16.954s
04/18/2026 01:22:04 - INFO - utils.trainer -   ***** Running evaluation on test2 dataset *****
04/18/2026 01:22:07 - INFO - utils.trainer -   AUC: 0.52592
04/18/2026 01:22:07 - INFO - utils.trainer -   Accuracy: 0.26282
04/18/2026 01:22:07 - INFO - utils.trainer -   Precision: 0.12040
04/18/2026 01:22:07 - INFO - utils.trainer -   Recall: 0.23940
04/18/2026 01:22:07 - INFO - utils.trainer -   F_score: 0.15084
04/18/2026 01:22:07 - INFO - utils.trainer -   Loss: -184976176.78006
04/18/2026 01:22:07 - INFO - utils.trainer -   Epoch: 139, Train loss: 2.71524, Test loss: -184976176.78006,Epoch time = 16.946s
04/18/2026 01:22:23 - INFO - utils.trainer -   ***** Running evaluation on test2 dataset *****
04/18/2026 01:22:26 - INFO - utils.trainer -   AUC: 0.55696
04/18/2026 01:22:26 - INFO - utils.trainer -   Accuracy: 0.28846
04/18/2026 01:22:26 - INFO - utils.trainer -   Precision: 0.19918
04/18/2026 01:22:26 - INFO - utils.trainer -   Recall: 0.26840
04/18/2026 01:22:26 - INFO - utils.trainer -   F_score: 0.18892
04/18/2026 01:22:26 - INFO - utils.trainer -   Loss: -165387735.16175
04/18/2026 01:22:26 - INFO - utils.trainer -   Epoch: 140, Train loss: 2.79792, Test loss: -165387735.16175,Epoch time = 16.806s
04/18/2026 01:22:44 - INFO - utils.trainer -   ***** Running evaluation on test2 dataset *****
04/18/2026 01:22:47 - INFO - utils.trainer -   AUC: 0.53250
04/18/2026 01:22:47 - INFO - utils.trainer -   Accuracy: 0.28205
04/18/2026 01:22:47 - INFO - utils.trainer -   Precision: 0.14976
04/18/2026 01:22:47 - INFO - utils.trainer -   Recall: 0.26827
04/18/2026 01:22:47 - INFO - utils.trainer -   F_score: 0.19053
04/18/2026 01:22:47 - INFO - utils.trainer -   Loss: -316417943.14256
04/18/2026 01:22:47 - INFO - utils.trainer -   Epoch: 141, Train loss: 2.70992, Test loss: -316417943.14256,Epoch time = 17.450s
04/18/2026 01:23:04 - INFO - utils.trainer -   ***** Running evaluation on test2 dataset *****
04/18/2026 01:23:07 - INFO - utils.trainer -   AUC: 0.57166
04/18/2026 01:23:07 - INFO - utils.trainer -   Accuracy: 0.32692
04/18/2026 01:23:07 - INFO - utils.trainer -   Precision: 0.41067
04/18/2026 01:23:07 - INFO - utils.trainer -   Recall: 0.30697
04/18/2026 01:23:07 - INFO - utils.trainer -   F_score: 0.21861
04/18/2026 01:23:07 - INFO - utils.trainer -   Loss: -296704484.00273
04/18/2026 01:23:07 - INFO - utils.trainer -   Epoch: 142, Train loss: 3.07721, Test loss: -296704484.00273,Epoch time = 17.023s
04/18/2026 01:23:24 - INFO - utils.trainer -   ***** Running evaluation on test2 dataset *****
04/18/2026 01:23:26 - INFO - utils.trainer -   AUC: 0.53975
04/18/2026 01:23:26 - INFO - utils.trainer -   Accuracy: 0.27564
04/18/2026 01:23:26 - INFO - utils.trainer -   Precision: 0.13292
04/18/2026 01:23:26 - INFO - utils.trainer -   Recall: 0.25507
04/18/2026 01:23:26 - INFO - utils.trainer -   F_score: 0.17098
04/18/2026 01:23:26 - INFO - utils.trainer -   Loss: -561429143.13833
04/18/2026 01:23:26 - INFO - utils.trainer -   Epoch: 143, Train loss: 2.86630, Test loss: -561429143.13833,Epoch time = 16.980s
04/18/2026 01:23:43 - INFO - utils.trainer -   ***** Running evaluation on test2 dataset *****
04/18/2026 01:23:46 - INFO - utils.trainer -   AUC: 0.54096
04/18/2026 01:23:46 - INFO - utils.trainer -   Accuracy: 0.28846
04/18/2026 01:23:46 - INFO - utils.trainer -   Precision: 0.18677
04/18/2026 01:23:46 - INFO - utils.trainer -   Recall: 0.27826
04/18/2026 01:23:46 - INFO - utils.trainer -   F_score: 0.20451
04/18/2026 01:23:46 - INFO - utils.trainer -   Loss: -908477642.36788
04/18/2026 01:23:46 - INFO - utils.trainer -   Epoch: 144, Train loss: 1.37275, Test loss: -908477642.36788,Epoch time = 16.986s
04/18/2026 01:24:03 - INFO - utils.trainer -   ***** Running evaluation on test2 dataset *****
04/18/2026 01:24:06 - INFO - utils.trainer -   AUC: 0.56376
04/18/2026 01:24:06 - INFO - utils.trainer -   Accuracy: 0.25641
04/18/2026 01:24:06 - INFO - utils.trainer -   Precision: 0.13386
04/18/2026 01:24:06 - INFO - utils.trainer -   Recall: 0.23695
04/18/2026 01:24:06 - INFO - utils.trainer -   F_score: 0.15996
04/18/2026 01:24:06 - INFO - utils.trainer -   Loss: -6999447959.11802
04/18/2026 01:24:06 - INFO - utils.trainer -   Epoch: 145, Train loss: 3.03935, Test loss: -6999447959.11802,Epoch time = 16.944s
04/18/2026 01:24:23 - INFO - utils.trainer -   ***** Running evaluation on test2 dataset *****
04/18/2026 01:24:26 - INFO - utils.trainer -   AUC: 0.54774
04/18/2026 01:24:26 - INFO - utils.trainer -   Accuracy: 0.32051
04/18/2026 01:24:26 - INFO - utils.trainer -   Precision: 0.32294
04/18/2026 01:24:26 - INFO - utils.trainer -   Recall: 0.30631
04/18/2026 01:24:26 - INFO - utils.trainer -   F_score: 0.22816
04/18/2026 01:24:26 - INFO - utils.trainer -   Loss: 121775605.63648
04/18/2026 01:24:26 - INFO - utils.trainer -   Epoch: 146, Train loss: -5.61973, Test loss: 121775605.63648,Epoch time = 16.970s
04/18/2026 01:24:44 - INFO - utils.trainer -   ***** Running evaluation on test2 dataset *****
04/18/2026 01:24:46 - INFO - utils.trainer -   AUC: 0.54683
04/18/2026 01:24:46 - INFO - utils.trainer -   Accuracy: 0.29487
04/18/2026 01:24:46 - INFO - utils.trainer -   Precision: 0.15279
04/18/2026 01:24:46 - INFO - utils.trainer -   Recall: 0.27104
04/18/2026 01:24:46 - INFO - utils.trainer -   F_score: 0.17896
04/18/2026 01:24:46 - INFO - utils.trainer -   Loss: 96410997.65625
04/18/2026 01:24:46 - INFO - utils.trainer -   Epoch: 147, Train loss: 2.65402, Test loss: 96410997.65625,Epoch time = 17.648s
04/18/2026 01:25:04 - INFO - utils.trainer -   ***** Running evaluation on test2 dataset *****
04/18/2026 01:25:06 - INFO - utils.trainer -   AUC: 0.56767
04/18/2026 01:25:06 - INFO - utils.trainer -   Accuracy: 0.29487
04/18/2026 01:25:06 - INFO - utils.trainer -   Precision: 0.14491
04/18/2026 01:25:06 - INFO - utils.trainer -   Recall: 0.27104
04/18/2026 01:25:06 - INFO - utils.trainer -   F_score: 0.17534
04/18/2026 01:25:06 - INFO - utils.trainer -   Loss: 75729532.06116
04/18/2026 01:25:06 - INFO - utils.trainer -   Epoch: 148, Train loss: 2.63703, Test loss: 75729532.06116,Epoch time = 17.045s
04/18/2026 01:25:24 - INFO - utils.trainer -   ***** Running evaluation on test2 dataset *****
04/18/2026 01:25:27 - INFO - utils.trainer -   AUC: 0.51950
04/18/2026 01:25:27 - INFO - utils.trainer -   Accuracy: 0.30128
04/18/2026 01:25:27 - INFO - utils.trainer -   Precision: 0.39402
04/18/2026 01:25:27 - INFO - utils.trainer -   Recall: 0.28299
04/18/2026 01:25:27 - INFO - utils.trainer -   F_score: 0.20009
04/18/2026 01:25:27 - INFO - utils.trainer -   Loss: 81602024.87760
04/18/2026 01:25:27 - INFO - utils.trainer -   Epoch: 149, Train loss: 2.65910, Test loss: 81602024.87760,Epoch time = 17.498s
04/18/2026 01:25:44 - INFO - utils.trainer -   ***** Running evaluation on test2 dataset *****
04/18/2026 01:25:47 - INFO - utils.trainer -   AUC: 0.53821
04/18/2026 01:25:47 - INFO - utils.trainer -   Accuracy: 0.29487
04/18/2026 01:25:47 - INFO - utils.trainer -   Precision: 0.39721
04/18/2026 01:25:47 - INFO - utils.trainer -   Recall: 0.28268
04/18/2026 01:25:47 - INFO - utils.trainer -   F_score: 0.20449
04/18/2026 01:25:47 - INFO - utils.trainer -   Loss: 84611631.26762
04/18/2026 01:25:47 - INFO - utils.trainer -   Epoch: 150, Train loss: 2.63969, Test loss: 84611631.26762,Epoch time = 17.035s
04/18/2026 01:26:04 - INFO - utils.trainer -   ***** Running evaluation on test2 dataset *****
04/18/2026 01:26:07 - INFO - utils.trainer -   AUC: 0.56294
04/18/2026 01:26:07 - INFO - utils.trainer -   Accuracy: 0.31410
04/18/2026 01:26:07 - INFO - utils.trainer -   Precision: 0.39661
04/18/2026 01:26:07 - INFO - utils.trainer -   Recall: 0.29221
04/18/2026 01:26:07 - INFO - utils.trainer -   F_score: 0.20261
04/18/2026 01:26:07 - INFO - utils.trainer -   Loss: 91452712.82897
04/18/2026 01:26:07 - INFO - utils.trainer -   Epoch: 151, Train loss: 2.65058, Test loss: 91452712.82897,Epoch time = 16.951s
04/18/2026 01:26:24 - INFO - utils.trainer -   ***** Running evaluation on test2 dataset *****
04/18/2026 01:26:27 - INFO - utils.trainer -   AUC: 0.54435
04/18/2026 01:26:27 - INFO - utils.trainer -   Accuracy: 0.30769
04/18/2026 01:26:27 - INFO - utils.trainer -   Precision: 0.33025
04/18/2026 01:26:27 - INFO - utils.trainer -   Recall: 0.28724
04/18/2026 01:26:27 - INFO - utils.trainer -   F_score: 0.21572
04/18/2026 01:26:27 - INFO - utils.trainer -   Loss: 75124930.46071
04/18/2026 01:26:27 - INFO - utils.trainer -   Epoch: 152, Train loss: 2.66999, Test loss: 75124930.46071,Epoch time = 17.114s
04/18/2026 01:26:44 - INFO - utils.trainer -   ***** Running evaluation on test2 dataset *****
04/18/2026 01:26:46 - INFO - utils.trainer -   AUC: 0.56470
04/18/2026 01:26:46 - INFO - utils.trainer -   Accuracy: 0.32692
04/18/2026 01:26:46 - INFO - utils.trainer -   Precision: 0.39631
04/18/2026 01:26:46 - INFO - utils.trainer -   Recall: 0.32077
04/18/2026 01:26:46 - INFO - utils.trainer -   F_score: 0.24659
04/18/2026 01:26:46 - INFO - utils.trainer -   Loss: 78509973.63280
04/18/2026 01:26:46 - INFO - utils.trainer -   Epoch: 153, Train loss: 2.62989, Test loss: 78509973.63280,Epoch time = 16.864s
04/18/2026 01:27:03 - INFO - utils.trainer -   ***** Running evaluation on test2 dataset *****
04/18/2026 01:27:06 - INFO - utils.trainer -   AUC: 0.57105
04/18/2026 01:27:06 - INFO - utils.trainer -   Accuracy: 0.32051
04/18/2026 01:27:06 - INFO - utils.trainer -   Precision: 0.17002
04/18/2026 01:27:06 - INFO - utils.trainer -   Recall: 0.29807
04/18/2026 01:27:06 - INFO - utils.trainer -   F_score: 0.20467
04/18/2026 01:27:06 - INFO - utils.trainer -   Loss: 69698511.26492
04/18/2026 01:27:06 - INFO - utils.trainer -   Epoch: 154, Train loss: 2.63951, Test loss: 69698511.26492,Epoch time = 16.918s
04/18/2026 01:27:23 - INFO - utils.trainer -   ***** Running evaluation on test2 dataset *****
04/18/2026 01:27:26 - INFO - utils.trainer -   AUC: 0.56657
04/18/2026 01:27:26 - INFO - utils.trainer -   Accuracy: 0.30769
04/18/2026 01:27:26 - INFO - utils.trainer -   Precision: 0.25466
04/18/2026 01:27:26 - INFO - utils.trainer -   Recall: 0.29423
04/18/2026 01:27:26 - INFO - utils.trainer -   F_score: 0.22325
04/18/2026 01:27:26 - INFO - utils.trainer -   Loss: 86211791.22430
04/18/2026 01:27:26 - INFO - utils.trainer -   Epoch: 155, Train loss: 2.65172, Test loss: 86211791.22430,Epoch time = 17.086s
04/18/2026 01:27:43 - INFO - utils.trainer -   ***** Running evaluation on test2 dataset *****
04/18/2026 01:27:46 - INFO - utils.trainer -   AUC: 0.57166
04/18/2026 01:27:46 - INFO - utils.trainer -   Accuracy: 0.34615
04/18/2026 01:27:46 - INFO - utils.trainer -   Precision: 0.23456
04/18/2026 01:27:46 - INFO - utils.trainer -   Recall: 0.32939
04/18/2026 01:27:46 - INFO - utils.trainer -   F_score: 0.23626
04/18/2026 01:27:46 - INFO - utils.trainer -   Loss: 84553141.65814
04/18/2026 01:27:46 - INFO - utils.trainer -   Epoch: 156, Train loss: 2.64261, Test loss: 84553141.65814,Epoch time = 17.198s
04/18/2026 01:28:03 - INFO - utils.trainer -   ***** Running evaluation on test2 dataset *****
04/18/2026 01:28:06 - INFO - utils.trainer -   AUC: 0.54987
04/18/2026 01:28:06 - INFO - utils.trainer -   Accuracy: 0.31410
04/18/2026 01:28:06 - INFO - utils.trainer -   Precision: 0.38553
04/18/2026 01:28:06 - INFO - utils.trainer -   Recall: 0.30475
04/18/2026 01:28:06 - INFO - utils.trainer -   F_score: 0.24370
04/18/2026 01:28:06 - INFO - utils.trainer -   Loss: 80136098.45189
04/18/2026 01:28:06 - INFO - utils.trainer -   Epoch: 157, Train loss: 2.66454, Test loss: 80136098.45189,Epoch time = 17.113s
04/18/2026 01:28:23 - INFO - utils.trainer -   ***** Running evaluation on test2 dataset *****
04/18/2026 01:28:26 - INFO - utils.trainer -   AUC: 0.53125
04/18/2026 01:28:26 - INFO - utils.trainer -   Accuracy: 0.30128
04/18/2026 01:28:26 - INFO - utils.trainer -   Precision: 0.30451
04/18/2026 01:28:26 - INFO - utils.trainer -   Recall: 0.28586
04/18/2026 01:28:26 - INFO - utils.trainer -   F_score: 0.23069
04/18/2026 01:28:26 - INFO - utils.trainer -   Loss: 96930856.81295
04/18/2026 01:28:26 - INFO - utils.trainer -   Epoch: 158, Train loss: 2.64813, Test loss: 96930856.81295,Epoch time = 17.183s
04/18/2026 01:28:43 - INFO - utils.trainer -   ***** Running evaluation on test2 dataset *****
04/18/2026 01:28:46 - INFO - utils.trainer -   AUC: 0.54469
04/18/2026 01:28:46 - INFO - utils.trainer -   Accuracy: 0.30769
04/18/2026 01:28:46 - INFO - utils.trainer -   Precision: 0.28239
04/18/2026 01:28:46 - INFO - utils.trainer -   Recall: 0.29745
04/18/2026 01:28:46 - INFO - utils.trainer -   F_score: 0.21534
04/18/2026 01:28:46 - INFO - utils.trainer -   Loss: 75386172.04091
04/18/2026 01:28:46 - INFO - utils.trainer -   Epoch: 159, Train loss: 2.67510, Test loss: 75386172.04091,Epoch time = 16.978s
04/18/2026 01:29:03 - INFO - utils.trainer -   ***** Running evaluation on test2 dataset *****
04/18/2026 01:29:06 - INFO - utils.trainer -   AUC: 0.56726
04/18/2026 01:29:06 - INFO - utils.trainer -   Accuracy: 0.33333
04/18/2026 01:29:06 - INFO - utils.trainer -   Precision: 0.41053
04/18/2026 01:29:06 - INFO - utils.trainer -   Recall: 0.31982
04/18/2026 01:29:06 - INFO - utils.trainer -   F_score: 0.25554
04/18/2026 01:29:06 - INFO - utils.trainer -   Loss: 93278005.70718
04/18/2026 01:29:06 - INFO - utils.trainer -   Epoch: 160, Train loss: 2.65279, Test loss: 93278005.70718,Epoch time = 17.083s
04/18/2026 01:29:24 - INFO - utils.trainer -   ***** Running evaluation on test2 dataset *****
04/18/2026 01:29:27 - INFO - utils.trainer -   AUC: 0.54902
04/18/2026 01:29:27 - INFO - utils.trainer -   Accuracy: 0.27564
04/18/2026 01:29:27 - INFO - utils.trainer -   Precision: 0.27929
04/18/2026 01:29:27 - INFO - utils.trainer -   Recall: 0.26671
04/18/2026 01:29:27 - INFO - utils.trainer -   F_score: 0.21172
04/18/2026 01:29:27 - INFO - utils.trainer -   Loss: 104103388.03822
04/18/2026 01:29:27 - INFO - utils.trainer -   Epoch: 161, Train loss: 2.63533, Test loss: 104103388.03822,Epoch time = 17.360s
04/18/2026 01:29:44 - INFO - utils.trainer -   ***** Running evaluation on test2 dataset *****
04/18/2026 01:29:47 - INFO - utils.trainer -   AUC: 0.52196
04/18/2026 01:29:47 - INFO - utils.trainer -   Accuracy: 0.28205
04/18/2026 01:29:47 - INFO - utils.trainer -   Precision: 0.28805
04/18/2026 01:29:47 - INFO - utils.trainer -   Recall: 0.27347
04/18/2026 01:29:47 - INFO - utils.trainer -   F_score: 0.21616
04/18/2026 01:29:47 - INFO - utils.trainer -   Loss: 112680066.42980
04/18/2026 01:29:47 - INFO - utils.trainer -   Epoch: 162, Train loss: 2.66258, Test loss: 112680066.42980,Epoch time = 17.275s
04/18/2026 01:30:04 - INFO - utils.trainer -   ***** Running evaluation on test2 dataset *****
04/18/2026 01:30:07 - INFO - utils.trainer -   AUC: 0.56927
04/18/2026 01:30:07 - INFO - utils.trainer -   Accuracy: 0.31410
04/18/2026 01:30:07 - INFO - utils.trainer -   Precision: 0.34061
04/18/2026 01:30:07 - INFO - utils.trainer -   Recall: 0.29543
04/18/2026 01:30:07 - INFO - utils.trainer -   F_score: 0.21991
04/18/2026 01:30:07 - INFO - utils.trainer -   Loss: 102708796.00458
04/18/2026 01:30:07 - INFO - utils.trainer -   Epoch: 163, Train loss: 2.65047, Test loss: 102708796.00458,Epoch time = 17.043s
04/18/2026 01:30:24 - INFO - utils.trainer -   ***** Running evaluation on test2 dataset *****
04/18/2026 01:30:27 - INFO - utils.trainer -   AUC: 0.54076
04/18/2026 01:30:27 - INFO - utils.trainer -   Accuracy: 0.28846
04/18/2026 01:30:27 - INFO - utils.trainer -   Precision: 0.14677
04/18/2026 01:30:27 - INFO - utils.trainer -   Recall: 0.27073
04/18/2026 01:30:27 - INFO - utils.trainer -   F_score: 0.18849
04/18/2026 01:30:27 - INFO - utils.trainer -   Loss: 90050607.22031
04/18/2026 01:30:27 - INFO - utils.trainer -   Epoch: 164, Train loss: 2.62510, Test loss: 90050607.22031,Epoch time = 17.015s
04/18/2026 01:30:44 - INFO - utils.trainer -   ***** Running evaluation on test2 dataset *****
04/18/2026 01:30:46 - INFO - utils.trainer -   AUC: 0.53518
04/18/2026 01:30:46 - INFO - utils.trainer -   Accuracy: 0.26923
04/18/2026 01:30:46 - INFO - utils.trainer -   Precision: 0.21769
04/18/2026 01:30:46 - INFO - utils.trainer -   Recall: 0.25351
04/18/2026 01:30:46 - INFO - utils.trainer -   F_score: 0.18504
04/18/2026 01:30:46 - INFO - utils.trainer -   Loss: 115870056.86078
04/18/2026 01:30:46 - INFO - utils.trainer -   Epoch: 165, Train loss: 2.62057, Test loss: 115870056.86078,Epoch time = 17.087s
04/18/2026 01:31:03 - INFO - utils.trainer -   ***** Running evaluation on test2 dataset *****
04/18/2026 01:31:06 - INFO - utils.trainer -   AUC: 0.53640
04/18/2026 01:31:06 - INFO - utils.trainer -   Accuracy: 0.32692
04/18/2026 01:31:06 - INFO - utils.trainer -   Precision: 0.36923
04/18/2026 01:31:06 - INFO - utils.trainer -   Recall: 0.31414
04/18/2026 01:31:06 - INFO - utils.trainer -   F_score: 0.24405
04/18/2026 01:31:06 - INFO - utils.trainer -   Loss: 66623951.25550
04/18/2026 01:31:06 - INFO - utils.trainer -   Epoch: 166, Train loss: 2.64936, Test loss: 66623951.25550,Epoch time = 16.914s
04/18/2026 01:31:24 - INFO - utils.trainer -   ***** Running evaluation on test2 dataset *****
04/18/2026 01:31:27 - INFO - utils.trainer -   AUC: 0.54262
04/18/2026 01:31:27 - INFO - utils.trainer -   Accuracy: 0.27564
04/18/2026 01:31:27 - INFO - utils.trainer -   Precision: 0.19369
04/18/2026 01:31:27 - INFO - utils.trainer -   Recall: 0.26886
04/18/2026 01:31:27 - INFO - utils.trainer -   F_score: 0.19899
04/18/2026 01:31:27 - INFO - utils.trainer -   Loss: 107397749.64877
04/18/2026 01:31:27 - INFO - utils.trainer -   Epoch: 167, Train loss: 2.66846, Test loss: 107397749.64877,Epoch time = 17.497s
04/18/2026 01:31:44 - INFO - utils.trainer -   ***** Running evaluation on test2 dataset *****
04/18/2026 01:31:47 - INFO - utils.trainer -   AUC: 0.56845
04/18/2026 01:31:47 - INFO - utils.trainer -   Accuracy: 0.33333
04/18/2026 01:31:47 - INFO - utils.trainer -   Precision: 0.31997
04/18/2026 01:31:47 - INFO - utils.trainer -   Recall: 0.32538
04/18/2026 01:31:47 - INFO - utils.trainer -   F_score: 0.25159
04/18/2026 01:31:47 - INFO - utils.trainer -   Loss: 111266844.03949
04/18/2026 01:31:47 - INFO - utils.trainer -   Epoch: 168, Train loss: 2.66416, Test loss: 111266844.03949,Epoch time = 17.120s
04/18/2026 01:32:04 - INFO - utils.trainer -   ***** Running evaluation on test2 dataset *****
04/18/2026 01:32:07 - INFO - utils.trainer -   AUC: 0.55241
04/18/2026 01:32:07 - INFO - utils.trainer -   Accuracy: 0.29487
04/18/2026 01:32:07 - INFO - utils.trainer -   Precision: 0.27124
04/18/2026 01:32:07 - INFO - utils.trainer -   Recall: 0.28358
04/18/2026 01:32:07 - INFO - utils.trainer -   F_score: 0.21348
04/18/2026 01:32:07 - INFO - utils.trainer -   Loss: 95775906.41545
04/18/2026 01:32:07 - INFO - utils.trainer -   Epoch: 169, Train loss: 2.66508, Test loss: 95775906.41545,Epoch time = 17.093s
04/18/2026 01:32:24 - INFO - utils.trainer -   ***** Running evaluation on test2 dataset *****
04/18/2026 01:32:26 - INFO - utils.trainer -   AUC: 0.52929
04/18/2026 01:32:26 - INFO - utils.trainer -   Accuracy: 0.30128
04/18/2026 01:32:26 - INFO - utils.trainer -   Precision: 0.32500
04/18/2026 01:32:26 - INFO - utils.trainer -   Recall: 0.29267
04/18/2026 01:32:26 - INFO - utils.trainer -   F_score: 0.22276
04/18/2026 01:32:26 - INFO - utils.trainer -   Loss: 94997276.01736
04/18/2026 01:32:27 - INFO - utils.trainer -   Epoch: 170, Train loss: 2.66709, Test loss: 94997276.01736,Epoch time = 16.927s
04/18/2026 01:32:43 - INFO - utils.trainer -   ***** Running evaluation on test2 dataset *****
04/18/2026 01:32:46 - INFO - utils.trainer -   AUC: 0.54856
04/18/2026 01:32:46 - INFO - utils.trainer -   Accuracy: 0.30128
04/18/2026 01:32:46 - INFO - utils.trainer -   Precision: 0.50267
04/18/2026 01:32:46 - INFO - utils.trainer -   Recall: 0.29124
04/18/2026 01:32:46 - INFO - utils.trainer -   F_score: 0.23388
04/18/2026 01:32:46 - INFO - utils.trainer -   Loss: 90918076.04266
04/18/2026 01:32:46 - INFO - utils.trainer -   Epoch: 171, Train loss: 2.64575, Test loss: 90918076.04266,Epoch time = 16.792s
04/18/2026 01:33:03 - INFO - utils.trainer -   ***** Running evaluation on test2 dataset *****
04/18/2026 01:33:06 - INFO - utils.trainer -   AUC: 0.58138
04/18/2026 01:33:06 - INFO - utils.trainer -   Accuracy: 0.32692
04/18/2026 01:33:06 - INFO - utils.trainer -   Precision: 0.30898
04/18/2026 01:33:06 - INFO - utils.trainer -   Recall: 0.31593
04/18/2026 01:33:06 - INFO - utils.trainer -   F_score: 0.25494
04/18/2026 01:33:06 - INFO - utils.trainer -   Loss: 99924757.59803
04/18/2026 01:33:06 - INFO - utils.trainer -   Epoch: 172, Train loss: 2.68361, Test loss: 99924757.59803,Epoch time = 16.550s
04/18/2026 01:33:22 - INFO - utils.trainer -   ***** Running evaluation on test2 dataset *****
04/18/2026 01:33:25 - INFO - utils.trainer -   AUC: 0.55680
04/18/2026 01:33:25 - INFO - utils.trainer -   Accuracy: 0.31410
04/18/2026 01:33:25 - INFO - utils.trainer -   Precision: 0.29422
04/18/2026 01:33:25 - INFO - utils.trainer -   Recall: 0.30188
04/18/2026 01:33:25 - INFO - utils.trainer -   F_score: 0.23781
04/18/2026 01:33:25 - INFO - utils.trainer -   Loss: 117279810.44911
04/18/2026 01:33:25 - INFO - utils.trainer -   Epoch: 173, Train loss: 2.64254, Test loss: 117279810.44911,Epoch time = 16.611s
04/18/2026 01:33:41 - INFO - utils.trainer -   ***** Running evaluation on test2 dataset *****
04/18/2026 01:33:44 - INFO - utils.trainer -   AUC: 0.50616
04/18/2026 01:33:44 - INFO - utils.trainer -   Accuracy: 0.27564
04/18/2026 01:33:44 - INFO - utils.trainer -   Precision: 0.16696
04/18/2026 01:33:44 - INFO - utils.trainer -   Recall: 0.26134
04/18/2026 01:33:44 - INFO - utils.trainer -   F_score: 0.19439
04/18/2026 01:33:44 - INFO - utils.trainer -   Loss: 103733826.49478
04/18/2026 01:33:44 - INFO - utils.trainer -   Epoch: 174, Train loss: 2.62605, Test loss: 103733826.49478,Epoch time = 16.357s
04/18/2026 01:34:01 - INFO - utils.trainer -   ***** Running evaluation on test2 dataset *****
04/18/2026 01:34:04 - INFO - utils.trainer -   AUC: 0.57340
04/18/2026 01:34:04 - INFO - utils.trainer -   Accuracy: 0.30128
04/18/2026 01:34:04 - INFO - utils.trainer -   Precision: 0.40136
04/18/2026 01:34:04 - INFO - utils.trainer -   Recall: 0.29392
04/18/2026 01:34:04 - INFO - utils.trainer -   F_score: 0.22127
04/18/2026 01:34:04 - INFO - utils.trainer -   Loss: 105698959.23728
04/18/2026 01:34:04 - INFO - utils.trainer -   Epoch: 175, Train loss: 2.65863, Test loss: 105698959.23728,Epoch time = 16.695s
04/18/2026 01:34:20 - INFO - utils.trainer -   ***** Running evaluation on test2 dataset *****
04/18/2026 01:34:23 - INFO - utils.trainer -   AUC: 0.56305
04/18/2026 01:34:23 - INFO - utils.trainer -   Accuracy: 0.28846
04/18/2026 01:34:23 - INFO - utils.trainer -   Precision: 0.21136
04/18/2026 01:34:23 - INFO - utils.trainer -   Recall: 0.27808
04/18/2026 01:34:23 - INFO - utils.trainer -   F_score: 0.20375
04/18/2026 01:34:23 - INFO - utils.trainer -   Loss: 115349493.66843
04/18/2026 01:34:23 - INFO - utils.trainer -   Epoch: 176, Train loss: 2.62500, Test loss: 115349493.66843,Epoch time = 16.389s
04/18/2026 01:34:40 - INFO - utils.trainer -   ***** Running evaluation on test2 dataset *****
04/18/2026 01:34:42 - INFO - utils.trainer -   AUC: 0.58249
04/18/2026 01:34:42 - INFO - utils.trainer -   Accuracy: 0.28205
04/18/2026 01:34:42 - INFO - utils.trainer -   Precision: 0.14474
04/18/2026 01:34:42 - INFO - utils.trainer -   Recall: 0.27042
04/18/2026 01:34:42 - INFO - utils.trainer -   F_score: 0.18824
04/18/2026 01:34:42 - INFO - utils.trainer -   Loss: 130450652.03931
04/18/2026 01:34:42 - INFO - utils.trainer -   Epoch: 177, Train loss: 2.64447, Test loss: 130450652.03931,Epoch time = 16.766s
04/18/2026 01:35:01 - INFO - utils.trainer -   ***** Running evaluation on test2 dataset *****
04/18/2026 01:35:04 - INFO - utils.trainer -   AUC: 0.53157
04/18/2026 01:35:04 - INFO - utils.trainer -   Accuracy: 0.30128
04/18/2026 01:35:04 - INFO - utils.trainer -   Precision: 0.16424
04/18/2026 01:35:04 - INFO - utils.trainer -   Recall: 0.29392
04/18/2026 01:35:04 - INFO - utils.trainer -   F_score: 0.20680
04/18/2026 01:35:04 - INFO - utils.trainer -   Loss: 111723304.85689
04/18/2026 01:35:04 - INFO - utils.trainer -   Epoch: 178, Train loss: 2.62485, Test loss: 111723304.85689,Epoch time = 18.739s
04/18/2026 01:35:21 - INFO - utils.trainer -   ***** Running evaluation on test2 dataset *****
04/18/2026 01:35:24 - INFO - utils.trainer -   AUC: 0.56884
04/18/2026 01:35:24 - INFO - utils.trainer -   Accuracy: 0.30769
04/18/2026 01:35:24 - INFO - utils.trainer -   Precision: 0.25457
04/18/2026 01:35:24 - INFO - utils.trainer -   Recall: 0.29495
04/18/2026 01:35:24 - INFO - utils.trainer -   F_score: 0.22247
04/18/2026 01:35:24 - INFO - utils.trainer -   Loss: 98006364.03845
04/18/2026 01:35:24 - INFO - utils.trainer -   Epoch: 179, Train loss: 2.61822, Test loss: 98006364.03845,Epoch time = 17.276s
04/18/2026 01:35:41 - INFO - utils.trainer -   ***** Running evaluation on test2 dataset *****
04/18/2026 01:35:44 - INFO - utils.trainer -   AUC: 0.54877
04/18/2026 01:35:44 - INFO - utils.trainer -   Accuracy: 0.28846
04/18/2026 01:35:44 - INFO - utils.trainer -   Precision: 0.19503
04/18/2026 01:35:44 - INFO - utils.trainer -   Recall: 0.27700
04/18/2026 01:35:44 - INFO - utils.trainer -   F_score: 0.20040
04/18/2026 01:35:44 - INFO - utils.trainer -   Loss: 107719912.88820
04/18/2026 01:35:44 - INFO - utils.trainer -   Epoch: 180, Train loss: 2.62991, Test loss: 107719912.88820,Epoch time = 16.723s
04/18/2026 01:36:01 - INFO - utils.trainer -   ***** Running evaluation on test2 dataset *****
04/18/2026 01:36:03 - INFO - utils.trainer -   AUC: 0.55377
04/18/2026 01:36:03 - INFO - utils.trainer -   Accuracy: 0.28846
04/18/2026 01:36:03 - INFO - utils.trainer -   Precision: 0.39423
04/18/2026 01:36:03 - INFO - utils.trainer -   Recall: 0.27718
04/18/2026 01:36:03 - INFO - utils.trainer -   F_score: 0.20081
04/18/2026 01:36:03 - INFO - utils.trainer -   Loss: 116012264.83807
04/18/2026 01:36:03 - INFO - utils.trainer -   Epoch: 181, Train loss: 2.62193, Test loss: 116012264.83807,Epoch time = 16.881s
04/18/2026 01:36:20 - INFO - utils.trainer -   ***** Running evaluation on test2 dataset *****
04/18/2026 01:36:23 - INFO - utils.trainer -   AUC: 0.53605
04/18/2026 01:36:23 - INFO - utils.trainer -   Accuracy: 0.27564
04/18/2026 01:36:23 - INFO - utils.trainer -   Precision: 0.30445
04/18/2026 01:36:23 - INFO - utils.trainer -   Recall: 0.26456
04/18/2026 01:36:23 - INFO - utils.trainer -   F_score: 0.20206
04/18/2026 01:36:23 - INFO - utils.trainer -   Loss: 137839836.03871
04/18/2026 01:36:23 - INFO - utils.trainer -   Epoch: 182, Train loss: 2.59768, Test loss: 137839836.03871,Epoch time = 16.834s
04/18/2026 01:36:40 - INFO - utils.trainer -   ***** Running evaluation on test2 dataset *****
04/18/2026 01:36:43 - INFO - utils.trainer -   AUC: 0.53959
04/18/2026 01:36:43 - INFO - utils.trainer -   Accuracy: 0.33333
04/18/2026 01:36:43 - INFO - utils.trainer -   Precision: 0.42127
04/18/2026 01:36:43 - INFO - utils.trainer -   Recall: 0.32842
04/18/2026 01:36:43 - INFO - utils.trainer -   F_score: 0.25908
04/18/2026 01:36:43 - INFO - utils.trainer -   Loss: 114096437.67044
04/18/2026 01:36:43 - INFO - utils.trainer -   Epoch: 183, Train loss: 2.63610, Test loss: 114096437.67044,Epoch time = 16.611s
04/18/2026 01:36:59 - INFO - utils.trainer -   ***** Running evaluation on test2 dataset *****
04/18/2026 01:37:02 - INFO - utils.trainer -   AUC: 0.57345
04/18/2026 01:37:02 - INFO - utils.trainer -   Accuracy: 0.30769
04/18/2026 01:37:02 - INFO - utils.trainer -   Precision: 0.24269
04/18/2026 01:37:02 - INFO - utils.trainer -   Recall: 0.29853
04/18/2026 01:37:02 - INFO - utils.trainer -   F_score: 0.21663
04/18/2026 01:37:02 - INFO - utils.trainer -   Loss: 126550146.41952
04/18/2026 01:37:02 - INFO - utils.trainer -   Epoch: 184, Train loss: 2.62526, Test loss: 126550146.41952,Epoch time = 16.763s
04/18/2026 01:37:19 - INFO - utils.trainer -   ***** Running evaluation on test2 dataset *****
04/18/2026 01:37:22 - INFO - utils.trainer -   AUC: 0.54280
04/18/2026 01:37:22 - INFO - utils.trainer -   Accuracy: 0.30128
04/18/2026 01:37:22 - INFO - utils.trainer -   Precision: 0.15732
04/18/2026 01:37:22 - INFO - utils.trainer -   Recall: 0.29069
04/18/2026 01:37:22 - INFO - utils.trainer -   F_score: 0.20341
04/18/2026 01:37:22 - INFO - utils.trainer -   Loss: 121519260.11469
04/18/2026 01:37:22 - INFO - utils.trainer -   Epoch: 185, Train loss: 2.63866, Test loss: 121519260.11469,Epoch time = 17.100s
04/18/2026 01:37:39 - INFO - utils.trainer -   ***** Running evaluation on test2 dataset *****
04/18/2026 01:37:42 - INFO - utils.trainer -   AUC: 0.60526
04/18/2026 01:37:42 - INFO - utils.trainer -   Accuracy: 0.33974
04/18/2026 01:37:42 - INFO - utils.trainer -   Precision: 0.43642
04/18/2026 01:37:42 - INFO - utils.trainer -   Recall: 0.32891
04/18/2026 01:37:42 - INFO - utils.trainer -   F_score: 0.26182
04/18/2026 01:37:42 - INFO - utils.trainer -   Loss: 109154344.85258
04/18/2026 01:37:42 - INFO - utils.trainer -   Epoch: 186, Train loss: 2.60926, Test loss: 109154344.85258,Epoch time = 17.324s
04/18/2026 01:37:59 - INFO - utils.trainer -   ***** Running evaluation on test2 dataset *****
04/18/2026 01:38:02 - INFO - utils.trainer -   AUC: 0.56158
04/18/2026 01:38:02 - INFO - utils.trainer -   Accuracy: 0.28205
04/18/2026 01:38:02 - INFO - utils.trainer -   Precision: 0.20395
04/18/2026 01:38:02 - INFO - utils.trainer -   Recall: 0.27025
04/18/2026 01:38:02 - INFO - utils.trainer -   F_score: 0.19602
04/18/2026 01:38:02 - INFO - utils.trainer -   Loss: 137635048.86918
04/18/2026 01:38:02 - INFO - utils.trainer -   Epoch: 187, Train loss: 2.61897, Test loss: 137635048.86918,Epoch time = 16.698s
04/18/2026 01:38:18 - INFO - utils.trainer -   ***** Running evaluation on test2 dataset *****
04/18/2026 01:38:21 - INFO - utils.trainer -   AUC: 0.53491
04/18/2026 01:38:21 - INFO - utils.trainer -   Accuracy: 0.28846
04/18/2026 01:38:21 - INFO - utils.trainer -   Precision: 0.19321
04/18/2026 01:38:21 - INFO - utils.trainer -   Recall: 0.27593
04/18/2026 01:38:21 - INFO - utils.trainer -   F_score: 0.20504
04/18/2026 01:38:21 - INFO - utils.trainer -   Loss: 109997852.08711
04/18/2026 01:38:21 - INFO - utils.trainer -   Epoch: 188, Train loss: 2.61412, Test loss: 109997852.08711,Epoch time = 16.722s
04/18/2026 01:38:38 - INFO - utils.trainer -   ***** Running evaluation on test2 dataset *****
04/18/2026 01:38:41 - INFO - utils.trainer -   AUC: 0.56092
04/18/2026 01:38:41 - INFO - utils.trainer -   Accuracy: 0.31410
04/18/2026 01:38:41 - INFO - utils.trainer -   Precision: 0.25506
04/18/2026 01:38:41 - INFO - utils.trainer -   Recall: 0.29973
04/18/2026 01:38:41 - INFO - utils.trainer -   F_score: 0.22913
04/18/2026 01:38:41 - INFO - utils.trainer -   Loss: 118582850.44654
04/18/2026 01:38:41 - INFO - utils.trainer -   Epoch: 189, Train loss: 2.59932, Test loss: 118582850.44654,Epoch time = 16.727s
04/18/2026 01:38:58 - INFO - utils.trainer -   ***** Running evaluation on test2 dataset *****
04/18/2026 01:39:01 - INFO - utils.trainer -   AUC: 0.53241
04/18/2026 01:39:01 - INFO - utils.trainer -   Accuracy: 0.27564
04/18/2026 01:39:01 - INFO - utils.trainer -   Precision: 0.14050
04/18/2026 01:39:01 - INFO - utils.trainer -   Recall: 0.26259
04/18/2026 01:39:01 - INFO - utils.trainer -   F_score: 0.18296
04/18/2026 01:39:01 - INFO - utils.trainer -   Loss: 116365711.25272
04/18/2026 01:39:01 - INFO - utils.trainer -   Epoch: 190, Train loss: 2.58085, Test loss: 116365711.25272,Epoch time = 16.892s
04/18/2026 01:39:18 - INFO - utils.trainer -   ***** Running evaluation on test2 dataset *****
04/18/2026 01:39:20 - INFO - utils.trainer -   AUC: 0.54930
04/18/2026 01:39:20 - INFO - utils.trainer -   Accuracy: 0.28846
04/18/2026 01:39:20 - INFO - utils.trainer -   Precision: 0.27840
04/18/2026 01:39:20 - INFO - utils.trainer -   Recall: 0.27808
04/18/2026 01:39:20 - INFO - utils.trainer -   F_score: 0.21130
04/18/2026 01:39:20 - INFO - utils.trainer -   Loss: 132306063.29272
04/18/2026 01:39:20 - INFO - utils.trainer -   Epoch: 191, Train loss: 2.64981, Test loss: 132306063.29272,Epoch time = 17.097s
04/18/2026 01:39:38 - INFO - utils.trainer -   ***** Running evaluation on test2 dataset *****
04/18/2026 01:39:41 - INFO - utils.trainer -   AUC: 0.56283
04/18/2026 01:39:41 - INFO - utils.trainer -   Accuracy: 0.30128
04/18/2026 01:39:41 - INFO - utils.trainer -   Precision: 0.16485
04/18/2026 01:39:41 - INFO - utils.trainer -   Recall: 0.29284
04/18/2026 01:39:41 - INFO - utils.trainer -   F_score: 0.20788
04/18/2026 01:39:41 - INFO - utils.trainer -   Loss: 93985404.03406
04/18/2026 01:39:41 - INFO - utils.trainer -   Epoch: 192, Train loss: 2.65517, Test loss: 93985404.03406,Epoch time = 17.287s
04/18/2026 01:39:58 - INFO - utils.trainer -   ***** Running evaluation on test2 dataset *****
04/18/2026 01:40:01 - INFO - utils.trainer -   AUC: 0.54743
04/18/2026 01:40:01 - INFO - utils.trainer -   Accuracy: 0.30128
04/18/2026 01:40:01 - INFO - utils.trainer -   Precision: 0.16109
04/18/2026 01:40:01 - INFO - utils.trainer -   Recall: 0.29069
04/18/2026 01:40:01 - INFO - utils.trainer -   F_score: 0.20627
04/18/2026 01:40:01 - INFO - utils.trainer -   Loss: 113120885.62290
04/18/2026 01:40:01 - INFO - utils.trainer -   Epoch: 193, Train loss: 2.64669, Test loss: 113120885.62290,Epoch time = 17.127s
04/18/2026 01:40:18 - INFO - utils.trainer -   ***** Running evaluation on test2 dataset *****
04/18/2026 01:40:21 - INFO - utils.trainer -   AUC: 0.54336
04/18/2026 01:40:21 - INFO - utils.trainer -   Accuracy: 0.30128
04/18/2026 01:40:21 - INFO - utils.trainer -   Precision: 0.21405
04/18/2026 01:40:21 - INFO - utils.trainer -   Recall: 0.28819
04/18/2026 01:40:21 - INFO - utils.trainer -   F_score: 0.21712
04/18/2026 01:40:21 - INFO - utils.trainer -   Loss: 115102978.45605
04/18/2026 01:40:21 - INFO - utils.trainer -   Epoch: 194, Train loss: 2.58498, Test loss: 115102978.45605,Epoch time = 17.038s
04/18/2026 01:40:38 - INFO - utils.trainer -   ***** Running evaluation on test2 dataset *****
04/18/2026 01:40:41 - INFO - utils.trainer -   AUC: 0.53750
04/18/2026 01:40:41 - INFO - utils.trainer -   Accuracy: 0.28205
04/18/2026 01:40:41 - INFO - utils.trainer -   Precision: 0.26207
04/18/2026 01:40:41 - INFO - utils.trainer -   Recall: 0.26612
04/18/2026 01:40:41 - INFO - utils.trainer -   F_score: 0.19198
04/18/2026 01:40:41 - INFO - utils.trainer -   Loss: 117952642.44628
04/18/2026 01:40:41 - INFO - utils.trainer -   Epoch: 195, Train loss: 2.65814, Test loss: 117952642.44628,Epoch time = 17.715s
04/18/2026 01:40:59 - INFO - utils.trainer -   ***** Running evaluation on test2 dataset *****
04/18/2026 01:41:02 - INFO - utils.trainer -   AUC: 0.54288
04/18/2026 01:41:02 - INFO - utils.trainer -   Accuracy: 0.29487
04/18/2026 01:41:02 - INFO - utils.trainer -   Precision: 0.48999
04/18/2026 01:41:02 - INFO - utils.trainer -   Recall: 0.28036
04/18/2026 01:41:02 - INFO - utils.trainer -   F_score: 0.21836
04/18/2026 01:41:02 - INFO - utils.trainer -   Loss: 111812687.27745
04/18/2026 01:41:02 - INFO - utils.trainer -   Epoch: 196, Train loss: 2.66382, Test loss: 111812687.27745,Epoch time = 17.453s
04/18/2026 01:41:20 - INFO - utils.trainer -   ***** Running evaluation on test2 dataset *****
04/18/2026 01:41:23 - INFO - utils.trainer -   AUC: 0.54087
04/18/2026 01:41:23 - INFO - utils.trainer -   Accuracy: 0.26282
04/18/2026 01:41:23 - INFO - utils.trainer -   Precision: 0.13513
04/18/2026 01:41:23 - INFO - utils.trainer -   Recall: 0.25015
04/18/2026 01:41:23 - INFO - utils.trainer -   F_score: 0.17547
04/18/2026 01:41:23 - INFO - utils.trainer -   Loss: 95868482.44967
04/18/2026 01:41:23 - INFO - utils.trainer -   Epoch: 197, Train loss: 2.59800, Test loss: 95868482.44967,Epoch time = 18.224s
04/18/2026 01:41:40 - INFO - utils.trainer -   ***** Running evaluation on test2 dataset *****
04/18/2026 01:41:43 - INFO - utils.trainer -   AUC: 0.55078
04/18/2026 01:41:43 - INFO - utils.trainer -   Accuracy: 0.28205
04/18/2026 01:41:43 - INFO - utils.trainer -   Precision: 0.14834
04/18/2026 01:41:43 - INFO - utils.trainer -   Recall: 0.27150
04/18/2026 01:41:43 - INFO - utils.trainer -   F_score: 0.19177
04/18/2026 01:41:43 - INFO - utils.trainer -   Loss: 129356444.12367
04/18/2026 01:41:43 - INFO - utils.trainer -   Epoch: 198, Train loss: 2.60870, Test loss: 129356444.12367,Epoch time = 17.266s
04/18/2026 01:42:00 - INFO - utils.trainer -   ***** Running evaluation on test2 dataset *****
04/18/2026 01:42:03 - INFO - utils.trainer -   AUC: 0.55501
04/18/2026 01:42:03 - INFO - utils.trainer -   Accuracy: 0.29487
04/18/2026 01:42:03 - INFO - utils.trainer -   Precision: 0.19917
04/18/2026 01:42:03 - INFO - utils.trainer -   Recall: 0.28268
04/18/2026 01:42:03 - INFO - utils.trainer -   F_score: 0.20494
04/18/2026 01:42:03 - INFO - utils.trainer -   Loss: 137713205.63438
04/18/2026 01:42:03 - INFO - utils.trainer -   Epoch: 199, Train loss: 2.60160, Test loss: 137713205.63438,Epoch time = 16.971s
04/18/2026 01:42:20 - INFO - utils.trainer -   ***** Running evaluation on test2 dataset *****
04/18/2026 01:42:23 - INFO - utils.trainer -   AUC: 0.57771
04/18/2026 01:42:23 - INFO - utils.trainer -   Accuracy: 0.32692
04/18/2026 01:42:23 - INFO - utils.trainer -   Precision: 0.50939
04/18/2026 01:42:23 - INFO - utils.trainer -   Recall: 0.31522
04/18/2026 01:42:23 - INFO - utils.trainer -   F_score: 0.24339
04/18/2026 01:42:23 - INFO - utils.trainer -   Loss: 118266498.43843
04/18/2026 01:42:23 - INFO - utils.trainer -   Epoch: 200, Train loss: 2.61499, Test loss: 118266498.43843,Epoch time = 17.489s
